station_id,latitude,longitude,original_time,timestamp,year,month,day,hour,day_of_year,temperature,pressure,humidity
CWPRS campus,18.446944,73.785,11-05-2024 00:00,2024-05-11 00:00:00,2024,5,11,0,132,24.9,952.7,69.5
CWPRS campus,18.446944,73.785,11-05-2024 00:05,2024-05-11 00:05:00,2024,5,11,0,132,24.9,952.74,69.6
CWPRS campus,18.446944,73.785,11-05-2024 00:10,2024-05-11 00:10:00,2024,5,11,0,132,24.8,952.59,69.8
CWPRS campus,18.446944,73.785,11-05-2024 00:15,2024-05-11 00:15:00,2024,5,11,0,132,24.9,952.48,69.3
CWPRS campus,18.446944,73.785,11-05-2024 00:20,2024-05-11 00:20:00,2024,5,11,0,132,25.0,952.23,69.8
CWPRS campus,18.446944,73.785,11-05-2024 00:25,2024-05-11 00:25:00,2024,5,11,0,132,24.9,952.16,69.6
CWPRS campus,18.446944,73.785,11-05-2024 00:30,2024-05-11 00:30:00,2024,5,11,0,132,24.8,952.23,69.9
CWPRS campus,18.446944,73.785,11-05-2024 00:35,2024-05-11 00:35:00,2024,5,11,0,132,24.9,952.27,70.3
CWPRS campus,18.446944,73.785,11-05-2024 00:40,2024-05-11 00:40:00,2024,5,11,0,132,24.9,952.25,71.1
CWPRS campus,18.446944,73.785,11-05-2024 00:45,2024-05-11 00:45:00,2024,5,11,0,132,24.8,952.25,70.8
CWPRS campus,18.446944,73.785,11-05-2024 00:50,2024-05-11 00:50:00,2024,5,11,0,132,24.8,952.2,69.8
CWPRS campus,18.446944,73.785,11-05-2024 00:55,2024-05-11 00:55:00,2024,5,11,0,132,24.6,952.22,70.1
CWPRS campus,18.446944,73.785,11-05-2024 01:00,2024-05-11 01:00:00,2024,5,11,1,132,24.5,952.29,71.1
CWPRS campus,18.446944,73.785,11-05-2024 01:05,2024-05-11 01:05:00,2024,5,11,1,132,24.5,952.17,71.8
CWPRS campus,18.446944,73.785,11-05-2024 01:10,2024-05-11 01:10:00,2024,5,11,1,132,24.1,952.21,72.1
CWPRS campus,18.446944,73.785,11-05-2024 01:15,2024-05-11 01:15:00,2024,5,11,1,132,23.8,952.3,72.0
CWPRS campus,18.446944,73.785,11-05-2024 01:20,2024-05-11 01:20:00,2024,5,11,1,132,23.7,952.29,72.5
CWPRS campus,18.446944,73.785,11-05-2024 01:25,2024-05-11 01:25:00,2024,5,11,1,132,23.5,952.36,72.3
CWPRS campus,18.446944,73.785,11-05-2024 01:30,2024-05-11 01:30:00,2024,5,11,1,132,23.6,952.61,72.6
CWPRS campus,18.446944,73.785,11-05-2024 01:35,2024-05-11 01:35:00,2024,5,11,1,132,23.4,952.62,72.9
CWPRS campus,18.446944,73.785,11-05-2024 01:40,2024-05-11 01:40:00,2024,5,11,1,132,23.2,952.67,73.4
CWPRS campus,18.446944,73.785,11-05-2024 01:45,2024-05-11 01:45:00,2024,5,11,1,132,23.4,952.63,74.6
CWPRS campus,18.446944,73.785,11-05-2024 01:50,2024-05-11 01:50:00,2024,5,11,1,132,23.4,952.66,74.7
CWPRS campus,18.446944,73.785,11-05-2024 01:55,2024-05-11 01:55:00,2024,5,11,1,132,23.4,952.73,74.5
CWPRS campus,18.446944,73.785,11-05-2024 02:00,2024-05-11 02:00:00,2024,5,11,2,132,23.2,952.77,74.5
CWPRS campus,18.446944,73.785,11-05-2024 02:05,2024-05-11 02:05:00,2024,5,11,2,132,23.1,952.72,73.8
CWPRS campus,18.446944,73.785,11-05-2024 02:10,2024-05-11 02:10:00,2024,5,11,2,132,23.2,952.77,73.5
CWPRS campus,18.446944,73.785,11-05-2024 02:15,2024-05-11 02:15:00,2024,5,11,2,132,23.0,952.92,73.4
CWPRS campus,18.446944,73.785,11-05-2024 02:20,2024-05-11 02:20:00,2024,5,11,2,132,23.1,952.99,73.2
CWPRS campus,18.446944,73.785,11-05-2024 02:25,2024-05-11 02:25:00,2024,5,11,2,132,23.1,953.1,73.2
CWPRS campus,18.446944,73.785,11-05-2024 02:30,2024-05-11 02:30:00,2024,5,11,2,132,23.1,953.12,72.9
CWPRS campus,18.446944,73.785,11-05-2024 02:35,2024-05-11 02:35:00,2024,5,11,2,132,23.0,953.22,73.4
CWPRS campus,18.446944,73.785,11-05-2024 02:40,2024-05-11 02:40:00,2024,5,11,2,132,23.4,953.28,73.3
CWPRS campus,18.446944,73.785,11-05-2024 02:45,2024-05-11 02:45:00,2024,5,11,2,132,23.4,953.24,73.3
CWPRS campus,18.446944,73.785,11-05-2024 02:50,2024-05-11 02:50:00,2024,5,11,2,132,23.3,953.31,73.1
CWPRS campus,18.446944,73.785,11-05-2024 02:55,2024-05-11 02:55:00,2024,5,11,2,132,23.5,953.27,73.1
CWPRS campus,18.446944,73.785,11-05-2024 03:00,2024-05-11 03:00:00,2024,5,11,3,132,23.3,953.27,73.4
CWPRS campus,18.446944,73.785,11-05-2024 03:05,2024-05-11 03:05:00,2024,5,11,3,132,23.4,953.34,72.9
CWPRS campus,18.446944,73.785,11-05-2024 03:10,2024-05-11 03:10:00,2024,5,11,3,132,23.2,953.42,72.6
CWPRS campus,18.446944,73.785,11-05-2024 03:15,2024-05-11 03:15:00,2024,5,11,3,132,23.1,953.37,72.4
CWPRS campus,18.446944,73.785,11-05-2024 03:20,2024-05-11 03:20:00,2024,5,11,3,132,23.2,953.52,71.7
CWPRS campus,18.446944,73.785,11-05-2024 03:25,2024-05-11 03:25:00,2024,5,11,3,132,23.4,953.62,71.3
CWPRS campus,18.446944,73.785,11-05-2024 03:30,2024-05-11 03:30:00,2024,5,11,3,132,23.5,953.62,71.1
CWPRS campus,18.446944,73.785,11-05-2024 03:35,2024-05-11 03:35:00,2024,5,11,3,132,23.5,953.55,71.3
CWPRS campus,18.446944,73.785,11-05-2024 03:40,2024-05-11 03:40:00,2024,5,11,3,132,23.6,953.61,71.3
CWPRS campus,18.446944,73.785,11-05-2024 03:45,2024-05-11 03:45:00,2024,5,11,3,132,23.5,953.64,71.3
CWPRS campus,18.446944,73.785,11-05-2024 03:50,2024-05-11 03:50:00,2024,5,11,3,132,23.4,953.71,71.5
CWPRS campus,18.446944,73.785,11-05-2024 03:55,2024-05-11 03:55:00,2024,5,11,3,132,23.5,953.75,71.3
CWPRS campus,18.446944,73.785,11-05-2024 04:00,2024-05-11 04:00:00,2024,5,11,4,132,23.8,953.66,71.2
CWPRS campus,18.446944,73.785,11-05-2024 04:05,2024-05-11 04:05:00,2024,5,11,4,132,23.9,953.7,71.0
CWPRS campus,18.446944,73.785,11-05-2024 04:10,2024-05-11 04:10:00,2024,5,11,4,132,23.7,953.75,70.9
CWPRS campus,18.446944,73.785,11-05-2024 04:15,2024-05-11 04:15:00,2024,5,11,4,132,23.9,953.87,70.4
CWPRS campus,18.446944,73.785,11-05-2024 04:20,2024-05-11 04:20:00,2024,5,11,4,132,24.0,953.89,69.3
CWPRS campus,18.446944,73.785,11-05-2024 04:25,2024-05-11 04:25:00,2024,5,11,4,132,24.0,954.1,69.0
CWPRS campus,18.446944,73.785,11-05-2024 04:30,2024-05-11 04:30:00,2024,5,11,4,132,24.2,954.01,69.4
CWPRS campus,18.446944,73.785,11-05-2024 04:35,2024-05-11 04:35:00,2024,5,11,4,132,24.5,954.19,69.5
CWPRS campus,18.446944,73.785,11-05-2024 04:40,2024-05-11 04:40:00,2024,5,11,4,132,24.7,954.23,69.7
CWPRS campus,18.446944,73.785,11-05-2024 04:45,2024-05-11 04:45:00,2024,5,11,4,132,24.7,954.37,69.9
CWPRS campus,18.446944,73.785,11-05-2024 04:50,2024-05-11 04:50:00,2024,5,11,4,132,24.8,954.44,69.6
CWPRS campus,18.446944,73.785,11-05-2024 04:55,2024-05-11 04:55:00,2024,5,11,4,132,25.0,954.59,69.3
CWPRS campus,18.446944,73.785,11-05-2024 05:00,2024-05-11 05:00:00,2024,5,11,5,132,25.2,954.61,68.8
CWPRS campus,18.446944,73.785,11-05-2024 05:05,2024-05-11 05:05:00,2024,5,11,5,132,25.3,954.57,68.3
CWPRS campus,18.446944,73.785,11-05-2024 05:10,2024-05-11 05:10:00,2024,5,11,5,132,25.4,954.74,68.2
CWPRS campus,18.446944,73.785,11-05-2024 05:15,2024-05-11 05:15:00,2024,5,11,5,132,25.3,954.78,68.3
CWPRS campus,18.446944,73.785,11-05-2024 05:20,2024-05-11 05:20:00,2024,5,11,5,132,25.3,954.85,67.9
CWPRS campus,18.446944,73.785,11-05-2024 05:25,2024-05-11 05:25:00,2024,5,11,5,132,25.6,954.99,67.3
CWPRS campus,18.446944,73.785,11-05-2024 05:30,2024-05-11 05:30:00,2024,5,11,5,132,25.9,954.95,66.9
CWPRS campus,18.446944,73.785,11-05-2024 05:35,2024-05-11 05:35:00,2024,5,11,5,132,26.0,955.04,66.8
CWPRS campus,18.446944,73.785,11-05-2024 05:40,2024-05-11 05:40:00,2024,5,11,5,132,26.3,955.03,65.8
CWPRS campus,18.446944,73.785,11-05-2024 05:45,2024-05-11 05:45:00,2024,5,11,5,132,26.5,955.05,64.5
CWPRS campus,18.446944,73.785,11-05-2024 05:50,2024-05-11 05:50:00,2024,5,11,5,132,26.5,955.09,63.9
CWPRS campus,18.446944,73.785,11-05-2024 05:55,2024-05-11 05:55:00,2024,5,11,5,132,26.7,955.01,63.1
CWPRS campus,18.446944,73.785,11-05-2024 06:00,2024-05-11 06:00:00,2024,5,11,6,132,27.1,954.98,62.6
CWPRS campus,18.446944,73.785,11-05-2024 06:05,2024-05-11 06:05:00,2024,5,11,6,132,27.2,955.12,62.2
CWPRS campus,18.446944,73.785,11-05-2024 06:10,2024-05-11 06:10:00,2024,5,11,6,132,27.5,955.22,61.7
CWPRS campus,18.446944,73.785,11-05-2024 06:15,2024-05-11 06:15:00,2024,5,11,6,132,27.3,955.23,61.9
CWPRS campus,18.446944,73.785,11-05-2024 06:20,2024-05-11 06:20:00,2024,5,11,6,132,27.5,955.27,61.7
CWPRS campus,18.446944,73.785,11-05-2024 06:25,2024-05-11 06:25:00,2024,5,11,6,132,27.7,955.26,61.4
CWPRS campus,18.446944,73.785,11-05-2024 06:30,2024-05-11 06:30:00,2024,5,11,6,132,27.8,955.39,61.3
CWPRS campus,18.446944,73.785,11-05-2024 06:35,2024-05-11 06:35:00,2024,5,11,6,132,27.9,955.38,60.4
CWPRS campus,18.446944,73.785,11-05-2024 06:40,2024-05-11 06:40:00,2024,5,11,6,132,27.8,955.4,60.4
CWPRS campus,18.446944,73.785,11-05-2024 06:45,2024-05-11 06:45:00,2024,5,11,6,132,27.9,955.49,60.0
CWPRS campus,18.446944,73.785,11-05-2024 06:50,2024-05-11 06:50:00,2024,5,11,6,132,28.1,955.42,59.8
CWPRS campus,18.446944,73.785,11-05-2024 06:55,2024-05-11 06:55:00,2024,5,11,6,132,28.5,955.54,58.9
CWPRS campus,18.446944,73.785,11-05-2024 07:00,2024-05-11 07:00:00,2024,5,11,7,132,28.5,955.41,57.9
CWPRS campus,18.446944,73.785,11-05-2024 07:05,2024-05-11 07:05:00,2024,5,11,7,132,28.6,955.53,57.8
CWPRS campus,18.446944,73.785,11-05-2024 07:10,2024-05-11 07:10:00,2024,5,11,7,132,28.6,955.48,57.5
CWPRS campus,18.446944,73.785,11-05-2024 07:15,2024-05-11 07:15:00,2024,5,11,7,132,28.9,955.44,56.7
CWPRS campus,18.446944,73.785,11-05-2024 07:20,2024-05-11 07:20:00,2024,5,11,7,132,29.2,955.27,55.9
CWPRS campus,18.446944,73.785,11-05-2024 07:25,2024-05-11 07:25:00,2024,5,11,7,132,29.2,955.21,55.9
CWPRS campus,18.446944,73.785,11-05-2024 07:30,2024-05-11 07:30:00,2024,5,11,7,132,29.5,955.11,55.0
CWPRS campus,18.446944,73.785,11-05-2024 07:35,2024-05-11 07:35:00,2024,5,11,7,132,29.6,955.04,55.3
CWPRS campus,18.446944,73.785,11-05-2024 07:40,2024-05-11 07:40:00,2024,5,11,7,132,29.9,955.01,54.4
CWPRS campus,18.446944,73.785,11-05-2024 07:45,2024-05-11 07:45:00,2024,5,11,7,132,30.0,955.06,54.2
CWPRS campus,18.446944,73.785,11-05-2024 07:50,2024-05-11 07:50:00,2024,5,11,7,132,30.1,955.05,53.6
CWPRS campus,18.446944,73.785,11-05-2024 07:55,2024-05-11 07:55:00,2024,5,11,7,132,30.2,955.04,53.4
CWPRS campus,18.446944,73.785,11-05-2024 08:00,2024-05-11 08:00:00,2024,5,11,8,132,30.1,954.92,52.7
CWPRS campus,18.446944,73.785,11-05-2024 08:05,2024-05-11 08:05:00,2024,5,11,8,132,30.4,954.81,52.2
CWPRS campus,18.446944,73.785,11-05-2024 08:10,2024-05-11 08:10:00,2024,5,11,8,132,30.6,954.92,51.7
CWPRS campus,18.446944,73.785,11-05-2024 08:15,2024-05-11 08:15:00,2024,5,11,8,132,30.7,954.82,50.9
CWPRS campus,18.446944,73.785,11-05-2024 08:20,2024-05-11 08:20:00,2024,5,11,8,132,30.9,954.91,50.7
CWPRS campus,18.446944,73.785,11-05-2024 08:25,2024-05-11 08:25:00,2024,5,11,8,132,30.8,954.84,50.0
CWPRS campus,18.446944,73.785,11-05-2024 08:30,2024-05-11 08:30:00,2024,5,11,8,132,30.9,954.79,49.5
CWPRS campus,18.446944,73.785,11-05-2024 08:35,2024-05-11 08:35:00,2024,5,11,8,132,31.1,954.82,48.6
CWPRS campus,18.446944,73.785,11-05-2024 08:40,2024-05-11 08:40:00,2024,5,11,8,132,31.1,954.86,47.2
CWPRS campus,18.446944,73.785,11-05-2024 08:45,2024-05-11 08:45:00,2024,5,11,8,132,31.3,954.79,46.7
CWPRS campus,18.446944,73.785,11-05-2024 08:50,2024-05-11 08:50:00,2024,5,11,8,132,31.6,954.69,47.3
CWPRS campus,18.446944,73.785,11-05-2024 08:55,2024-05-11 08:55:00,2024,5,11,8,132,32.0,954.62,47.1
CWPRS campus,18.446944,73.785,11-05-2024 09:00,2024-05-11 09:00:00,2024,5,11,9,132,32.2,954.58,46.7
CWPRS campus,18.446944,73.785,11-05-2024 09:05,2024-05-11 09:05:00,2024,5,11,9,132,32.4,954.58,46.1
CWPRS campus,18.446944,73.785,11-05-2024 09:10,2024-05-11 09:10:00,2024,5,11,9,132,32.6,954.51,45.7
CWPRS campus,18.446944,73.785,11-05-2024 09:15,2024-05-11 09:15:00,2024,5,11,9,132,32.4,954.48,45.4
CWPRS campus,18.446944,73.785,11-05-2024 09:20,2024-05-11 09:20:00,2024,5,11,9,132,32.6,954.53,44.5
CWPRS campus,18.446944,73.785,11-05-2024 09:25,2024-05-11 09:25:00,2024,5,11,9,132,32.8,954.48,44.5
CWPRS campus,18.446944,73.785,11-05-2024 09:30,2024-05-11 09:30:00,2024,5,11,9,132,33.3,954.42,44.3
CWPRS campus,18.446944,73.785,11-05-2024 09:35,2024-05-11 09:35:00,2024,5,11,9,132,33.5,954.21,44.1
CWPRS campus,18.446944,73.785,11-05-2024 09:40,2024-05-11 09:40:00,2024,5,11,9,132,33.7,953.92,43.8
CWPRS campus,18.446944,73.785,11-05-2024 09:45,2024-05-11 09:45:00,2024,5,11,9,132,33.8,953.88,43.3
CWPRS campus,18.446944,73.785,11-05-2024 09:50,2024-05-11 09:50:00,2024,5,11,9,132,33.8,953.8,43.1
CWPRS campus,18.446944,73.785,11-05-2024 09:55,2024-05-11 09:55:00,2024,5,11,9,132,34.1,953.68,42.9
CWPRS campus,18.446944,73.785,11-05-2024 10:00,2024-05-11 10:00:00,2024,5,11,10,132,34.4,953.63,42.2
CWPRS campus,18.446944,73.785,11-05-2024 10:05,2024-05-11 10:05:00,2024,5,11,10,132,34.6,953.55,41.5
CWPRS campus,18.446944,73.785,11-05-2024 10:10,2024-05-11 10:10:00,2024,5,11,10,132,34.6,953.57,41.1
CWPRS campus,18.446944,73.785,11-05-2024 10:15,2024-05-11 10:15:00,2024,5,11,10,132,35.0,953.5,41.2
CWPRS campus,18.446944,73.785,11-05-2024 10:20,2024-05-11 10:20:00,2024,5,11,10,132,34.9,953.36,40.2
CWPRS campus,18.446944,73.785,11-05-2024 10:25,2024-05-11 10:25:00,2024,5,11,10,132,35.1,953.37,39.2
CWPRS campus,18.446944,73.785,11-05-2024 10:30,2024-05-11 10:30:00,2024,5,11,10,132,35.6,953.27,38.8
CWPRS campus,18.446944,73.785,11-05-2024 10:35,2024-05-11 10:35:00,2024,5,11,10,132,35.5,953.24,38.4
CWPRS campus,18.446944,73.785,11-05-2024 10:40,2024-05-11 10:40:00,2024,5,11,10,132,35.6,953.13,38.1
CWPRS campus,18.446944,73.785,11-05-2024 10:45,2024-05-11 10:45:00,2024,5,11,10,132,35.7,953.0,37.7
CWPRS campus,18.446944,73.785,11-05-2024 10:50,2024-05-11 10:50:00,2024,5,11,10,132,35.7,952.94,37.2
CWPRS campus,18.446944,73.785,11-05-2024 10:55,2024-05-11 10:55:00,2024,5,11,10,132,35.6,952.87,37.4
CWPRS campus,18.446944,73.785,11-05-2024 11:00,2024-05-11 11:00:00,2024,5,11,11,132,35.8,952.84,36.4
CWPRS campus,18.446944,73.785,11-05-2024 11:05,2024-05-11 11:05:00,2024,5,11,11,132,35.8,952.76,35.6
CWPRS campus,18.446944,73.785,11-05-2024 11:10,2024-05-11 11:10:00,2024,5,11,11,132,36.0,952.55,35.2
CWPRS campus,18.446944,73.785,11-05-2024 11:15,2024-05-11 11:15:00,2024,5,11,11,132,36.0,952.45,34.2
CWPRS campus,18.446944,73.785,11-05-2024 11:20,2024-05-11 11:20:00,2024,5,11,11,132,36.3,952.46,33.8
CWPRS campus,18.446944,73.785,11-05-2024 11:25,2024-05-11 11:25:00,2024,5,11,11,132,36.3,952.39,34.2
CWPRS campus,18.446944,73.785,11-05-2024 11:30,2024-05-11 11:30:00,2024,5,11,11,132,36.4,952.31,33.9
CWPRS campus,18.446944,73.785,11-05-2024 11:35,2024-05-11 11:35:00,2024,5,11,11,132,36.6,952.34,33.6
CWPRS campus,18.446944,73.785,11-05-2024 11:40,2024-05-11 11:40:00,2024,5,11,11,132,36.6,952.24,32.8
CWPRS campus,18.446944,73.785,11-05-2024 11:45,2024-05-11 11:45:00,2024,5,11,11,132,36.7,952.07,32.2
CWPRS campus,18.446944,73.785,11-05-2024 11:50,2024-05-11 11:50:00,2024,5,11,11,132,37.0,952.01,31.8
CWPRS campus,18.446944,73.785,11-05-2024 11:55,2024-05-11 11:55:00,2024,5,11,11,132,36.9,951.94,31.4
CWPRS campus,18.446944,73.785,11-05-2024 12:00,2024-05-11 12:00:00,2024,5,11,12,132,37.0,951.83,31.7
CWPRS campus,18.446944,73.785,11-05-2024 12:05,2024-05-11 12:05:00,2024,5,11,12,132,37.2,951.79,31.6
CWPRS campus,18.446944,73.785,11-05-2024 12:10,2024-05-11 12:10:00,2024,5,11,12,132,37.4,951.8,30.9
CWPRS campus,18.446944,73.785,11-05-2024 12:15,2024-05-11 12:15:00,2024,5,11,12,132,37.3,951.78,30.8
CWPRS campus,18.446944,73.785,11-05-2024 12:20,2024-05-11 12:20:00,2024,5,11,12,132,37.2,951.78,30.7
CWPRS campus,18.446944,73.785,11-05-2024 12:25,2024-05-11 12:25:00,2024,5,11,12,132,37.4,951.9,30.9
CWPRS campus,18.446944,73.785,11-05-2024 12:30,2024-05-11 12:30:00,2024,5,11,12,132,37.5,951.85,31.3
CWPRS campus,18.446944,73.785,11-05-2024 12:35,2024-05-11 12:35:00,2024,5,11,12,132,37.7,951.85,30.6
CWPRS campus,18.446944,73.785,11-05-2024 12:40,2024-05-11 12:40:00,2024,5,11,12,132,37.8,951.79,30.0
CWPRS campus,18.446944,73.785,11-05-2024 12:45,2024-05-11 12:45:00,2024,5,11,12,132,37.8,951.71,29.3
CWPRS campus,18.446944,73.785,11-05-2024 12:50,2024-05-11 12:50:00,2024,5,11,12,132,37.9,951.65,29.0
CWPRS campus,18.446944,73.785,11-05-2024 12:55,2024-05-11 12:55:00,2024,5,11,12,132,38.0,951.61,29.0
CWPRS campus,18.446944,73.785,11-05-2024 13:00,2024-05-11 13:00:00,2024,5,11,13,132,38.0,951.64,29.2
CWPRS campus,18.446944,73.785,11-05-2024 13:05,2024-05-11 13:05:00,2024,5,11,13,132,38.3,951.83,29.0
CWPRS campus,18.446944,73.785,11-05-2024 13:10,2024-05-11 13:10:00,2024,5,11,13,132,38.5,951.76,28.7
CWPRS campus,18.446944,73.785,11-05-2024 13:15,2024-05-11 13:15:00,2024,5,11,13,132,38.3,951.73,28.6
CWPRS campus,18.446944,73.785,11-05-2024 13:20,2024-05-11 13:20:00,2024,5,11,13,132,38.5,951.73,28.1
CWPRS campus,18.446944,73.785,11-05-2024 13:25,2024-05-11 13:25:00,2024,5,11,13,132,38.4,951.77,28.8
CWPRS campus,18.446944,73.785,11-05-2024 13:30,2024-05-11 13:30:00,2024,5,11,13,132,38.6,951.8,28.0
CWPRS campus,18.446944,73.785,11-05-2024 13:35,2024-05-11 13:35:00,2024,5,11,13,132,38.8,951.91,28.0
CWPRS campus,18.446944,73.785,11-05-2024 13:40,2024-05-11 13:40:00,2024,5,11,13,132,38.7,951.73,28.7
CWPRS campus,18.446944,73.785,11-05-2024 13:45,2024-05-11 13:45:00,2024,5,11,13,132,38.9,951.56,28.5
CWPRS campus,18.446944,73.785,11-05-2024 13:50,2024-05-11 13:50:00,2024,5,11,13,132,38.9,951.55,28.3
CWPRS campus,18.446944,73.785,11-05-2024 13:55,2024-05-11 13:55:00,2024,5,11,13,132,39.1,951.67,28.1
CWPRS campus,18.446944,73.785,11-05-2024 14:00,2024-05-11 14:00:00,2024,5,11,14,132,39.4,951.58,27.9
CWPRS campus,18.446944,73.785,11-05-2024 14:05,2024-05-11 14:05:00,2024,5,11,14,132,39.3,951.37,28.4
CWPRS campus,18.446944,73.785,11-05-2024 14:10,2024-05-11 14:10:00,2024,5,11,14,132,39.2,951.47,27.4
CWPRS campus,18.446944,73.785,11-05-2024 14:15,2024-05-11 14:15:00,2024,5,11,14,132,39.1,951.54,27.9
CWPRS campus,18.446944,73.785,11-05-2024 14:20,2024-05-11 14:20:00,2024,5,11,14,132,38.9,951.5,27.3
CWPRS campus,18.446944,73.785,11-05-2024 14:25,2024-05-11 14:25:00,2024,5,11,14,132,38.9,951.48,27.2
CWPRS campus,18.446944,73.785,11-05-2024 14:30,2024-05-11 14:30:00,2024,5,11,14,132,39.0,951.46,27.0
CWPRS campus,18.446944,73.785,11-05-2024 14:35,2024-05-11 14:35:00,2024,5,11,14,132,39.0,951.53,27.3
CWPRS campus,18.446944,73.785,11-05-2024 14:40,2024-05-11 14:40:00,2024,5,11,14,132,39.1,951.55,26.6
CWPRS campus,18.446944,73.785,11-05-2024 14:45,2024-05-11 14:45:00,2024,5,11,14,132,39.1,951.66,26.9
CWPRS campus,18.446944,73.785,11-05-2024 14:50,2024-05-11 14:50:00,2024,5,11,14,132,39.3,951.49,27.7
CWPRS campus,18.446944,73.785,11-05-2024 14:55,2024-05-11 14:55:00,2024,5,11,14,132,39.2,951.5,27.2
CWPRS campus,18.446944,73.785,11-05-2024 15:00,2024-05-11 15:00:00,2024,5,11,15,132,39.6,951.49,27.3
CWPRS campus,18.446944,73.785,11-05-2024 15:05,2024-05-11 15:05:00,2024,5,11,15,132,39.6,951.55,27.1
CWPRS campus,18.446944,73.785,11-05-2024 15:10,2024-05-11 15:10:00,2024,5,11,15,132,39.5,951.59,27.4
CWPRS campus,18.446944,73.785,11-05-2024 15:15,2024-05-11 15:15:00,2024,5,11,15,132,39.2,951.74,27.5
CWPRS campus,18.446944,73.785,11-05-2024 15:20,2024-05-11 15:20:00,2024,5,11,15,132,39.3,951.68,27.3
CWPRS campus,18.446944,73.785,11-05-2024 15:25,2024-05-11 15:25:00,2024,5,11,15,132,39.2,951.77,27.7
CWPRS campus,18.446944,73.785,11-05-2024 15:30,2024-05-11 15:30:00,2024,5,11,15,132,39.2,951.9,28.5
CWPRS campus,18.446944,73.785,11-05-2024 15:35,2024-05-11 15:35:00,2024,5,11,15,132,39.2,952.13,28.5
CWPRS campus,18.446944,73.785,11-05-2024 15:40,2024-05-11 15:40:00,2024,5,11,15,132,39.1,952.17,28.9
CWPRS campus,18.446944,73.785,11-05-2024 15:45,2024-05-11 15:45:00,2024,5,11,15,132,38.9,952.28,28.5
CWPRS campus,18.446944,73.785,11-05-2024 15:50,2024-05-11 15:50:00,2024,5,11,15,132,38.6,952.21,28.3
CWPRS campus,18.446944,73.785,11-05-2024 15:55,2024-05-11 15:55:00,2024,5,11,15,132,38.5,952.11,28.6
CWPRS campus,18.446944,73.785,11-05-2024 16:00,2024-05-11 16:00:00,2024,5,11,16,132,38.6,952.26,29.4
CWPRS campus,18.446944,73.785,11-05-2024 16:05,2024-05-11 16:05:00,2024,5,11,16,132,38.5,952.35,29.7
CWPRS campus,18.446944,73.785,11-05-2024 16:10,2024-05-11 16:10:00,2024,5,11,16,132,38.3,952.53,29.7
CWPRS campus,18.446944,73.785,11-05-2024 16:15,2024-05-11 16:15:00,2024,5,11,16,132,38.2,952.49,29.9
CWPRS campus,18.446944,73.785,11-05-2024 16:20,2024-05-11 16:20:00,2024,5,11,16,132,38.2,952.62,29.6
CWPRS campus,18.446944,73.785,11-05-2024 16:25,2024-05-11 16:25:00,2024,5,11,16,132,38.0,952.85,30.1
CWPRS campus,18.446944,73.785,11-05-2024 16:30,2024-05-11 16:30:00,2024,5,11,16,132,38.0,952.95,30.6
CWPRS campus,18.446944,73.785,11-05-2024 16:35,2024-05-11 16:35:00,2024,5,11,16,132,37.9,953.04,30.7
CWPRS campus,18.446944,73.785,11-05-2024 16:40,2024-05-11 16:40:00,2024,5,11,16,132,37.7,953.11,30.7
CWPRS campus,18.446944,73.785,11-05-2024 16:45,2024-05-11 16:45:00,2024,5,11,16,132,37.6,953.05,31.1
CWPRS campus,18.446944,73.785,11-05-2024 16:50,2024-05-11 16:50:00,2024,5,11,16,132,37.7,953.22,31.2
CWPRS campus,18.446944,73.785,11-05-2024 16:55,2024-05-11 16:55:00,2024,5,11,16,132,37.7,953.24,31.4
CWPRS campus,18.446944,73.785,11-05-2024 17:00,2024-05-11 17:00:00,2024,5,11,17,132,37.8,953.34,32.5
CWPRS campus,18.446944,73.785,11-05-2024 17:05,2024-05-11 17:05:00,2024,5,11,17,132,37.5,953.27,32.7
CWPRS campus,18.446944,73.785,11-05-2024 17:10,2024-05-11 17:10:00,2024,5,11,17,132,37.2,953.24,32.8
CWPRS campus,18.446944,73.785,11-05-2024 17:15,2024-05-11 17:15:00,2024,5,11,17,132,37.2,953.42,32.8
CWPRS campus,18.446944,73.785,11-05-2024 17:20,2024-05-11 17:20:00,2024,5,11,17,132,37.2,953.44,33.4
CWPRS campus,18.446944,73.785,11-05-2024 17:25,2024-05-11 17:25:00,2024,5,11,17,132,37.2,953.61,33.6
CWPRS campus,18.446944,73.785,11-05-2024 17:30,2024-05-11 17:30:00,2024,5,11,17,132,37.6,953.65,33.7
CWPRS campus,18.446944,73.785,11-05-2024 17:35,2024-05-11 17:35:00,2024,5,11,17,132,37.6,953.55,34.6
CWPRS campus,18.446944,73.785,11-05-2024 17:40,2024-05-11 17:40:00,2024,5,11,17,132,37.6,953.67,35.4
CWPRS campus,18.446944,73.785,11-05-2024 17:45,2024-05-11 17:45:00,2024,5,11,17,132,37.6,953.67,35.5
CWPRS campus,18.446944,73.785,11-05-2024 17:50,2024-05-11 17:50:00,2024,5,11,17,132,37.5,953.76,35.1
CWPRS campus,18.446944,73.785,11-05-2024 17:55,2024-05-11 17:55:00,2024,5,11,17,132,37.3,953.8,35.8
CWPRS campus,18.446944,73.785,11-05-2024 18:00,2024-05-11 18:00:00,2024,5,11,18,132,37.3,953.71,35.9
CWPRS campus,18.446944,73.785,11-05-2024 18:05,2024-05-11 18:05:00,2024,5,11,18,132,37.0,953.76,36.6
CWPRS campus,18.446944,73.785,11-05-2024 18:10,2024-05-11 18:10:00,2024,5,11,18,132,36.8,953.97,36.1
CWPRS campus,18.446944,73.785,11-05-2024 18:15,2024-05-11 18:15:00,2024,5,11,18,132,36.5,954.03,36.9
CWPRS campus,18.446944,73.785,11-05-2024 18:20,2024-05-11 18:20:00,2024,5,11,18,132,36.4,954.04,36.8
CWPRS campus,18.446944,73.785,11-05-2024 18:25,2024-05-11 18:25:00,2024,5,11,18,132,36.6,954.14,37.5
CWPRS campus,18.446944,73.785,11-05-2024 18:30,2024-05-11 18:30:00,2024,5,11,18,132,36.1,954.17,38.0
CWPRS campus,18.446944,73.785,11-05-2024 18:35,2024-05-11 18:35:00,2024,5,11,18,132,36.0,954.19,38.0
CWPRS campus,18.446944,73.785,11-05-2024 18:40,2024-05-11 18:40:00,2024,5,11,18,132,35.6,954.1,38.3
CWPRS campus,18.446944,73.785,11-05-2024 18:45,2024-05-11 18:45:00,2024,5,11,18,132,35.4,954.12,39.0
CWPRS campus,18.446944,73.785,11-05-2024 18:50,2024-05-11 18:50:00,2024,5,11,18,132,35.4,954.2,39.5
CWPRS campus,18.446944,73.785,11-05-2024 18:55,2024-05-11 18:55:00,2024,5,11,18,132,35.3,954.13,40.2
CWPRS campus,18.446944,73.785,11-05-2024 19:00,2024-05-11 19:00:00,2024,5,11,19,132,34.9,954.24,41.4
CWPRS campus,18.446944,73.785,11-05-2024 19:05,2024-05-11 19:05:00,2024,5,11,19,132,34.7,954.21,41.2
CWPRS campus,18.446944,73.785,11-05-2024 19:10,2024-05-11 19:10:00,2024,5,11,19,132,34.6,954.12,42.3
CWPRS campus,18.446944,73.785,11-05-2024 19:15,2024-05-11 19:15:00,2024,5,11,19,132,34.4,954.19,42.7
CWPRS campus,18.446944,73.785,11-05-2024 19:20,2024-05-11 19:20:00,2024,5,11,19,132,34.3,954.14,42.8
CWPRS campus,18.446944,73.785,11-05-2024 19:25,2024-05-11 19:25:00,2024,5,11,19,132,34.1,954.17,42.7
CWPRS campus,18.446944,73.785,11-05-2024 19:30,2024-05-11 19:30:00,2024,5,11,19,132,33.9,954.12,43.1
CWPRS campus,18.446944,73.785,11-05-2024 19:35,2024-05-11 19:35:00,2024,5,11,19,132,34.0,954.08,43.9
CWPRS campus,18.446944,73.785,11-05-2024 19:40,2024-05-11 19:40:00,2024,5,11,19,132,34.0,954.09,44.3
CWPRS campus,18.446944,73.785,11-05-2024 19:45,2024-05-11 19:45:00,2024,5,11,19,132,33.5,954.07,45.4
CWPRS campus,18.446944,73.785,11-05-2024 19:50,2024-05-11 19:50:00,2024,5,11,19,132,33.4,953.87,45.3
CWPRS campus,18.446944,73.785,11-05-2024 19:55,2024-05-11 19:55:00,2024,5,11,19,132,33.1,953.74,45.7
CWPRS campus,18.446944,73.785,11-05-2024 20:00,2024-05-11 20:00:00,2024,5,11,20,132,33.1,953.78,45.7
CWPRS campus,18.446944,73.785,11-05-2024 20:05,2024-05-11 20:05:00,2024,5,11,20,132,32.8,953.73,46.3
CWPRS campus,18.446944,73.785,11-05-2024 20:10,2024-05-11 20:10:00,2024,5,11,20,132,33.26525896796834,953.64,47.2
CWPRS campus,18.446944,73.785,11-05-2024 20:15,2024-05-11 20:15:00,2024,5,11,20,132,33.83051793593669,953.48,47.5
CWPRS campus,18.446944,73.785,11-05-2024 20:20,2024-05-11 20:20:00,2024,5,11,20,132,34.49577690390503,953.35,46.9
CWPRS campus,18.446944,73.785,11-05-2024 20:25,2024-05-11 20:25:00,2024,5,11,20,132,34.86103587187338,953.15,47.5
CWPRS campus,18.446944,73.785,11-05-2024 20:30,2024-05-11 20:30:00,2024,5,11,20,132,35.32629483984172,953.1,48.2
CWPRS campus,18.446944,73.785,11-05-2024 20:35,2024-05-11 20:35:00,2024,5,11,20,132,35.79155380781007,953.01,48.9
CWPRS campus,18.446944,73.785,11-05-2024 20:40,2024-05-11 20:40:00,2024,5,11,20,132,36.15681277577841,952.89,49.9
CWPRS campus,18.446944,73.785,11-05-2024 20:45,2024-05-11 20:45:00,2024,5,11,20,132,36.92207174374676,952.85,50.0
CWPRS campus,18.446944,73.785,11-05-2024 20:50,2024-05-11 20:50:00,2024,5,11,20,132,37.4873307117151,952.83,50.7
CWPRS campus,18.446944,73.785,11-05-2024 20:55,2024-05-11 20:55:00,2024,5,11,20,132,37.85258967968345,952.95,51.7
CWPRS campus,18.446944,73.785,11-05-2024 21:00,2024-05-11 21:00:00,2024,5,11,21,132,38.517848647651796,952.77,51.5
CWPRS campus,18.446944,73.785,11-05-2024 21:05,2024-05-11 21:05:00,2024,5,11,21,132,39.28310761562014,952.81,52.1
CWPRS campus,18.446944,73.785,11-05-2024 21:10,2024-05-11 21:10:00,2024,5,11,21,132,39.94836658358848,952.83,52.4
CWPRS campus,18.446944,73.785,11-05-2024 21:15,2024-05-11 21:15:00,2024,5,11,21,132,40.21362555155683,952.71,52.8
CWPRS campus,18.446944,73.785,11-05-2024 21:20,2024-05-11 21:20:00,2024,5,11,21,132,40.67888451952517,952.66,53.5
CWPRS campus,18.446944,73.785,11-05-2024 21:25,2024-05-11 21:25:00,2024,5,11,21,132,41.34414348749352,952.56,53.8
CWPRS campus,18.446944,73.785,11-05-2024 21:30,2024-05-11 21:30:00,2024,5,11,21,132,41.70940245546186,952.51,54.0
CWPRS campus,18.446944,73.785,11-05-2024 21:35,2024-05-11 21:35:00,2024,5,11,21,132,42.27466142343021,952.56,54.5
CWPRS campus,18.446944,73.785,11-05-2024 21:40,2024-05-11 21:40:00,2024,5,11,21,132,42.93992039139856,952.54,54.5
CWPRS campus,18.446944,73.785,11-05-2024 21:45,2024-05-11 21:45:00,2024,5,11,21,132,43.3051793593669,952.51,54.6
CWPRS campus,18.446944,73.785,11-05-2024 21:50,2024-05-11 21:50:00,2024,5,11,21,132,43.77043832733524,952.4,55.4
CWPRS campus,18.446944,73.785,11-05-2024 21:55,2024-05-11 21:55:00,2024,5,11,21,132,43.83569729530359,952.2,55.5
CWPRS campus,18.446944,73.785,11-05-2024 22:00,2024-05-11 22:00:00,2024,5,11,22,132,44.200956263271934,952.11,56.3
CWPRS campus,18.446944,73.785,11-05-2024 22:05,2024-05-11 22:05:00,2024,5,11,22,132,44.66621523124028,952.14,56.9
CWPRS campus,18.446944,73.785,11-05-2024 22:10,2024-05-11 22:10:00,2024,5,11,22,132,28.4,951.94,56.7
CWPRS campus,18.446944,73.785,11-05-2024 22:15,2024-05-11 22:15:00,2024,5,11,22,132,28.6,951.79,57.0
CWPRS campus,18.446944,73.785,11-05-2024 22:20,2024-05-11 22:20:00,2024,5,11,22,132,28.2,951.73,58.0
CWPRS campus,18.446944,73.785,11-05-2024 22:25,2024-05-11 22:25:00,2024,5,11,22,132,28.1,951.59,58.1
CWPRS campus,18.446944,73.785,11-05-2024 22:30,2024-05-11 22:30:00,2024,5,11,22,132,28.0,951.46,58.4
CWPRS campus,18.446944,73.785,11-05-2024 22:35,2024-05-11 22:35:00,2024,5,11,22,132,28.1,951.37,59.1
CWPRS campus,18.446944,73.785,11-05-2024 22:40,2024-05-11 22:40:00,2024,5,11,22,132,27.8,951.2,59.9
CWPRS campus,18.446944,73.785,11-05-2024 22:45,2024-05-11 22:45:00,2024,5,11,22,132,27.8,951.07,60.2
CWPRS campus,18.446944,73.785,11-05-2024 22:50,2024-05-11 22:50:00,2024,5,11,22,132,27.7,951.08,60.4
CWPRS campus,18.446944,73.785,11-05-2024 22:55,2024-05-11 22:55:00,2024,5,11,22,132,27.5,950.92,61.4
CWPRS campus,18.446944,73.785,11-05-2024 23:00,2024-05-11 23:00:00,2024,5,11,23,132,27.4,950.75,62.6
CWPRS campus,18.446944,73.785,11-05-2024 23:05,2024-05-11 23:05:00,2024,5,11,23,132,27.3,950.65,63.3
CWPRS campus,18.446944,73.785,11-05-2024 23:10,2024-05-11 23:10:00,2024,5,11,23,132,27.1,950.67,63.7
CWPRS campus,18.446944,73.785,11-05-2024 23:15,2024-05-11 23:15:00,2024,5,11,23,132,27.1,950.62,63.7
CWPRS campus,18.446944,73.785,11-05-2024 23:20,2024-05-11 23:20:00,2024,5,11,23,132,26.9,950.54,63.7
CWPRS campus,18.446944,73.785,11-05-2024 23:25,2024-05-11 23:25:00,2024,5,11,23,132,26.8,950.51,64.3
CWPRS campus,18.446944,73.785,11-05-2024 23:30,2024-05-11 23:30:00,2024,5,11,23,132,26.8,950.33,64.8
CWPRS campus,18.446944,73.785,11-05-2024 23:35,2024-05-11 23:35:00,2024,5,11,23,132,27.0,950.34,65.7
CWPRS campus,18.446944,73.785,11-05-2024 23:40,2024-05-11 23:40:00,2024,5,11,23,132,26.7,950.34,66.3
CWPRS campus,18.446944,73.785,11-05-2024 23:45,2024-05-11 23:45:00,2024,5,11,23,132,26.9,950.28,65.9
CWPRS campus,18.446944,73.785,11-05-2024 23:50,2024-05-11 23:50:00,2024,5,11,23,132,26.5,950.33,66.7
CWPRS campus,18.446944,73.785,11-05-2024 23:55,2024-05-11 23:55:00,2024,5,11,23,132,26.4,950.21,66.5
CWPRS campus,18.446944,73.785,12-05-2024 00:00,2024-05-12 00:00:00,2024,5,12,0,133,26.4,950.28,66.7
CWPRS campus,18.446944,73.785,12-05-2024 00:05,2024-05-12 00:05:00,2024,5,12,0,133,26.3,950.27,67.0
CWPRS campus,18.446944,73.785,12-05-2024 00:10,2024-05-12 00:10:00,2024,5,12,0,133,26.1,950.22,68.1
CWPRS campus,18.446944,73.785,12-05-2024 00:15,2024-05-12 00:15:00,2024,5,12,0,133,26.0,950.19,69.6
CWPRS campus,18.446944,73.785,12-05-2024 00:20,2024-05-12 00:20:00,2024,5,12,0,133,25.9,950.17,70.0
CWPRS campus,18.446944,73.785,12-05-2024 00:25,2024-05-12 00:25:00,2024,5,12,0,133,25.7,950.25,70.1
CWPRS campus,18.446944,73.785,12-05-2024 00:30,2024-05-12 00:30:00,2024,5,12,0,133,25.8,950.14,70.4
CWPRS campus,18.446944,73.785,12-05-2024 00:35,2024-05-12 00:35:00,2024,5,12,0,133,25.7,950.07,70.9
CWPRS campus,18.446944,73.785,12-05-2024 00:40,2024-05-12 00:40:00,2024,5,12,0,133,25.6,950.14,70.9
CWPRS campus,18.446944,73.785,12-05-2024 00:45,2024-05-12 00:45:00,2024,5,12,0,133,25.6,950.09,71.7
CWPRS campus,18.446944,73.785,12-05-2024 00:50,2024-05-12 00:50:00,2024,5,12,0,133,25.6,950.15,71.9
CWPRS campus,18.446944,73.785,12-05-2024 00:55,2024-05-12 00:55:00,2024,5,12,0,133,25.7,950.28,72.1
CWPRS campus,18.446944,73.785,12-05-2024 01:00,2024-05-12 01:00:00,2024,5,12,1,133,25.7,950.24,72.4
CWPRS campus,18.446944,73.785,12-05-2024 01:05,2024-05-12 01:05:00,2024,5,12,1,133,25.5,950.29,72.6
CWPRS campus,18.446944,73.785,12-05-2024 01:10,2024-05-12 01:10:00,2024,5,12,1,133,25.4,950.2,73.0
CWPRS campus,18.446944,73.785,12-05-2024 01:15,2024-05-12 01:15:00,2024,5,12,1,133,25.4,950.26,72.8
CWPRS campus,18.446944,73.785,12-05-2024 01:20,2024-05-12 01:20:00,2024,5,12,1,133,25.5,950.28,72.6
CWPRS campus,18.446944,73.785,12-05-2024 01:25,2024-05-12 01:25:00,2024,5,12,1,133,25.4,950.32,72.1
CWPRS campus,18.446944,73.785,12-05-2024 01:30,2024-05-12 01:30:00,2024,5,12,1,133,25.4,950.28,72.4
CWPRS campus,18.446944,73.785,12-05-2024 01:35,2024-05-12 01:35:00,2024,5,12,1,133,25.5,950.15,72.7
CWPRS campus,18.446944,73.785,12-05-2024 01:40,2024-05-12 01:40:00,2024,5,12,1,133,25.4,950.21,72.9
CWPRS campus,18.446944,73.785,12-05-2024 01:45,2024-05-12 01:45:00,2024,5,12,1,133,25.4,950.07,73.6
CWPRS campus,18.446944,73.785,12-05-2024 01:50,2024-05-12 01:50:00,2024,5,12,1,133,25.3,950.07,73.5
CWPRS campus,18.446944,73.785,12-05-2024 01:55,2024-05-12 01:55:00,2024,5,12,1,133,25.2,950.18,73.7
CWPRS campus,18.446944,73.785,12-05-2024 02:00,2024-05-12 02:00:00,2024,5,12,2,133,25.4,950.22,73.2
CWPRS campus,18.446944,73.785,12-05-2024 02:05,2024-05-12 02:05:00,2024,5,12,2,133,25.4,950.41,73.0
CWPRS campus,18.446944,73.785,12-05-2024 02:10,2024-05-12 02:10:00,2024,5,12,2,133,25.5,950.52,73.3
CWPRS campus,18.446944,73.785,12-05-2024 02:15,2024-05-12 02:15:00,2024,5,12,2,133,25.7,950.49,73.5
CWPRS campus,18.446944,73.785,12-05-2024 02:20,2024-05-12 02:20:00,2024,5,12,2,133,25.6,950.53,73.3
CWPRS campus,18.446944,73.785,12-05-2024 02:25,2024-05-12 02:25:00,2024,5,12,2,133,25.7,950.56,73.2
CWPRS campus,18.446944,73.785,12-05-2024 02:30,2024-05-12 02:30:00,2024,5,12,2,133,25.6,950.47,72.5
CWPRS campus,18.446944,73.785,12-05-2024 02:35,2024-05-12 02:35:00,2024,5,12,2,133,25.6,950.43,72.3
CWPRS campus,18.446944,73.785,12-05-2024 02:40,2024-05-12 02:40:00,2024,5,12,2,133,25.5,950.43,72.6
CWPRS campus,18.446944,73.785,12-05-2024 02:45,2024-05-12 02:45:00,2024,5,12,2,133,25.5,950.32,72.8
CWPRS campus,18.446944,73.785,12-05-2024 02:50,2024-05-12 02:50:00,2024,5,12,2,133,25.6,950.38,72.9
CWPRS campus,18.446944,73.785,12-05-2024 02:55,2024-05-12 02:55:00,2024,5,12,2,133,25.4,950.42,72.8
CWPRS campus,18.446944,73.785,12-05-2024 03:00,2024-05-12 03:00:00,2024,5,12,3,133,25.7,950.35,72.6
CWPRS campus,18.446944,73.785,12-05-2024 03:05,2024-05-12 03:05:00,2024,5,12,3,133,25.6,950.45,72.2
CWPRS campus,18.446944,73.785,12-05-2024 03:10,2024-05-12 03:10:00,2024,5,12,3,133,25.4,950.57,72.4
CWPRS campus,18.446944,73.785,12-05-2024 03:15,2024-05-12 03:15:00,2024,5,12,3,133,25.6,950.66,72.4
CWPRS campus,18.446944,73.785,12-05-2024 03:20,2024-05-12 03:20:00,2024,5,12,3,133,25.7,950.69,72.4
CWPRS campus,18.446944,73.785,12-05-2024 03:25,2024-05-12 03:25:00,2024,5,12,3,133,25.8,950.81,72.0
CWPRS campus,18.446944,73.785,12-05-2024 03:30,2024-05-12 03:30:00,2024,5,12,3,133,25.9,950.93,71.0
CWPRS campus,18.446944,73.785,12-05-2024 03:35,2024-05-12 03:35:00,2024,5,12,3,133,25.8,951.01,71.3
CWPRS campus,18.446944,73.785,12-05-2024 03:40,2024-05-12 03:40:00,2024,5,12,3,133,25.7,951.01,70.9
CWPRS campus,18.446944,73.785,12-05-2024 03:45,2024-05-12 03:45:00,2024,5,12,3,133,25.7,951.09,70.4
CWPRS campus,18.446944,73.785,12-05-2024 03:50,2024-05-12 03:50:00,2024,5,12,3,133,25.7,951.25,70.5
CWPRS campus,18.446944,73.785,12-05-2024 03:55,2024-05-12 03:55:00,2024,5,12,3,133,25.8,951.27,70.2
CWPRS campus,18.446944,73.785,12-05-2024 04:00,2024-05-12 04:00:00,2024,5,12,4,133,25.8,951.49,70.4
CWPRS campus,18.446944,73.785,12-05-2024 04:05,2024-05-12 04:05:00,2024,5,12,4,133,25.7,951.51,70.5
CWPRS campus,18.446944,73.785,12-05-2024 04:10,2024-05-12 04:10:00,2024,5,12,4,133,25.7,951.57,70.5
CWPRS campus,18.446944,73.785,12-05-2024 04:15,2024-05-12 04:15:00,2024,5,12,4,133,25.8,951.57,69.7
CWPRS campus,18.446944,73.785,12-05-2024 04:20,2024-05-12 04:20:00,2024,5,12,4,133,25.8,951.64,70.0
CWPRS campus,18.446944,73.785,12-05-2024 04:25,2024-05-12 04:25:00,2024,5,12,4,133,25.7,951.56,69.8
CWPRS campus,18.446944,73.785,12-05-2024 04:30,2024-05-12 04:30:00,2024,5,12,4,133,25.8,951.58,69.4
CWPRS campus,18.446944,73.785,12-05-2024 04:35,2024-05-12 04:35:00,2024,5,12,4,133,25.9,951.55,69.1
CWPRS campus,18.446944,73.785,12-05-2024 04:40,2024-05-12 04:40:00,2024,5,12,4,133,25.9,951.63,68.1
CWPRS campus,18.446944,73.785,12-05-2024 04:45,2024-05-12 04:45:00,2024,5,12,4,133,25.9,951.77,68.1
CWPRS campus,18.446944,73.785,12-05-2024 04:50,2024-05-12 04:50:00,2024,5,12,4,133,26.1,951.88,67.4
CWPRS campus,18.446944,73.785,12-05-2024 04:55,2024-05-12 04:55:00,2024,5,12,4,133,25.9,951.74,66.6
CWPRS campus,18.446944,73.785,12-05-2024 05:00,2024-05-12 05:00:00,2024,5,12,5,133,25.8,951.96,65.7
CWPRS campus,18.446944,73.785,12-05-2024 05:05,2024-05-12 05:05:00,2024,5,12,5,133,25.8,952.04,65.9
CWPRS campus,18.446944,73.785,12-05-2024 05:10,2024-05-12 05:10:00,2024,5,12,5,133,25.9,952.03,65.4
CWPRS campus,18.446944,73.785,12-05-2024 05:15,2024-05-12 05:15:00,2024,5,12,5,133,26.1,952.09,65.8
CWPRS campus,18.446944,73.785,12-05-2024 05:20,2024-05-12 05:20:00,2024,5,12,5,133,26.4,952.15,65.3
CWPRS campus,18.446944,73.785,12-05-2024 05:25,2024-05-12 05:25:00,2024,5,12,5,133,26.6,952.14,64.3
CWPRS campus,18.446944,73.785,12-05-2024 05:30,2024-05-12 05:30:00,2024,5,12,5,133,26.7,952.2,63.6
CWPRS campus,18.446944,73.785,12-05-2024 05:35,2024-05-12 05:35:00,2024,5,12,5,133,26.8,952.19,63.8
CWPRS campus,18.446944,73.785,12-05-2024 05:40,2024-05-12 05:40:00,2024,5,12,5,133,26.8,952.2,63.5
CWPRS campus,18.446944,73.785,12-05-2024 05:45,2024-05-12 05:45:00,2024,5,12,5,133,26.9,952.19,63.0
CWPRS campus,18.446944,73.785,12-05-2024 05:50,2024-05-12 05:50:00,2024,5,12,5,133,27.0,952.11,62.7
CWPRS campus,18.446944,73.785,12-05-2024 05:55,2024-05-12 05:55:00,2024,5,12,5,133,27.1,952.16,62.6
CWPRS campus,18.446944,73.785,12-05-2024 06:00,2024-05-12 06:00:00,2024,5,12,6,133,27.1,952.25,62.7
CWPRS campus,18.446944,73.785,12-05-2024 06:05,2024-05-12 06:05:00,2024,5,12,6,133,27.3,952.32,63.0
CWPRS campus,18.446944,73.785,12-05-2024 06:10,2024-05-12 06:10:00,2024,5,12,6,133,27.7,952.42,62.4
CWPRS campus,18.446944,73.785,12-05-2024 06:15,2024-05-12 06:15:00,2024,5,12,6,133,27.8,952.46,61.5
CWPRS campus,18.446944,73.785,12-05-2024 06:20,2024-05-12 06:20:00,2024,5,12,6,133,28.0,952.44,61.0
CWPRS campus,18.446944,73.785,12-05-2024 06:25,2024-05-12 06:25:00,2024,5,12,6,133,28.2,952.52,60.7
CWPRS campus,18.446944,73.785,12-05-2024 06:30,2024-05-12 06:30:00,2024,5,12,6,133,28.3,952.43,59.9
CWPRS campus,18.446944,73.785,12-05-2024 06:35,2024-05-12 06:35:00,2024,5,12,6,133,28.4,952.37,59.2
CWPRS campus,18.446944,73.785,12-05-2024 06:40,2024-05-12 06:40:00,2024,5,12,6,133,28.5,952.31,59.0
CWPRS campus,18.446944,73.785,12-05-2024 06:45,2024-05-12 06:45:00,2024,5,12,6,133,28.7,952.41,58.6
CWPRS campus,18.446944,73.785,12-05-2024 06:50,2024-05-12 06:50:00,2024,5,12,6,133,28.7,952.49,58.2
CWPRS campus,18.446944,73.785,12-05-2024 06:55,2024-05-12 06:55:00,2024,5,12,6,133,28.8,952.53,57.5
CWPRS campus,18.446944,73.785,12-05-2024 07:00,2024-05-12 07:00:00,2024,5,12,7,133,29.0,952.61,57.1
CWPRS campus,18.446944,73.785,12-05-2024 07:05,2024-05-12 07:05:00,2024,5,12,7,133,29.4,952.53,56.3
CWPRS campus,18.446944,73.785,12-05-2024 07:10,2024-05-12 07:10:00,2024,5,12,7,133,29.6,952.54,56.3
CWPRS campus,18.446944,73.785,12-05-2024 07:15,2024-05-12 07:15:00,2024,5,12,7,133,30.1,952.52,56.3
CWPRS campus,18.446944,73.785,12-05-2024 07:20,2024-05-12 07:20:00,2024,5,12,7,133,30.1,952.57,55.2
CWPRS campus,18.446944,73.785,12-05-2024 07:25,2024-05-12 07:25:00,2024,5,12,7,133,30.3,952.54,54.4
CWPRS campus,18.446944,73.785,12-05-2024 07:30,2024-05-12 07:30:00,2024,5,12,7,133,30.4,952.48,53.5
CWPRS campus,18.446944,73.785,12-05-2024 07:35,2024-05-12 07:35:00,2024,5,12,7,133,30.9,952.5,52.9
CWPRS campus,18.446944,73.785,12-05-2024 07:40,2024-05-12 07:40:00,2024,5,12,7,133,30.8,952.54,52.5
CWPRS campus,18.446944,73.785,12-05-2024 07:45,2024-05-12 07:45:00,2024,5,12,7,133,30.8,952.45,51.6
CWPRS campus,18.446944,73.785,12-05-2024 07:50,2024-05-12 07:50:00,2024,5,12,7,133,30.8,952.4,50.9
CWPRS campus,18.446944,73.785,12-05-2024 07:55,2024-05-12 07:55:00,2024,5,12,7,133,30.6,952.28,50.2
CWPRS campus,18.446944,73.785,12-05-2024 08:00,2024-05-12 08:00:00,2024,5,12,8,133,30.7,952.04,49.9
CWPRS campus,18.446944,73.785,12-05-2024 08:05,2024-05-12 08:05:00,2024,5,12,8,133,30.7,952.02,49.6
CWPRS campus,18.446944,73.785,12-05-2024 08:10,2024-05-12 08:10:00,2024,5,12,8,133,30.9,952.04,49.0
CWPRS campus,18.446944,73.785,12-05-2024 08:15,2024-05-12 08:15:00,2024,5,12,8,133,31.1,952.02,48.8
CWPRS campus,18.446944,73.785,12-05-2024 08:20,2024-05-12 08:20:00,2024,5,12,8,133,31.5,951.82,48.2
CWPRS campus,18.446944,73.785,12-05-2024 08:25,2024-05-12 08:25:00,2024,5,12,8,133,31.8,951.75,47.8
CWPRS campus,18.446944,73.785,12-05-2024 08:30,2024-05-12 08:30:00,2024,5,12,8,133,31.8,951.53,48.1
CWPRS campus,18.446944,73.785,12-05-2024 08:35,2024-05-12 08:35:00,2024,5,12,8,133,31.8,951.6,48.3
CWPRS campus,18.446944,73.785,12-05-2024 08:40,2024-05-12 08:40:00,2024,5,12,8,133,32.0,951.47,48.3
CWPRS campus,18.446944,73.785,12-05-2024 08:45,2024-05-12 08:45:00,2024,5,12,8,133,32.0,951.52,48.3
CWPRS campus,18.446944,73.785,12-05-2024 08:50,2024-05-12 08:50:00,2024,5,12,8,133,32.4,951.55,48.3
CWPRS campus,18.446944,73.785,12-05-2024 08:55,2024-05-12 08:55:00,2024,5,12,8,133,32.7,951.42,48.3
CWPRS campus,18.446944,73.785,12-05-2024 09:00,2024-05-12 09:00:00,2024,5,12,9,133,32.7,951.28,48.3
CWPRS campus,18.446944,73.785,12-05-2024 09:05,2024-05-12 09:05:00,2024,5,12,9,133,32.6,951.26,48.3
CWPRS campus,18.446944,73.785,12-05-2024 09:10,2024-05-12 09:10:00,2024,5,12,9,133,32.9,951.13,48.3
CWPRS campus,18.446944,73.785,12-05-2024 09:15,2024-05-12 09:15:00,2024,5,12,9,133,33.1,951.09,48.3
CWPRS campus,18.446944,73.785,12-05-2024 09:20,2024-05-12 09:20:00,2024,5,12,9,133,33.4,950.99,48.3
CWPRS campus,18.446944,73.785,12-05-2024 09:25,2024-05-12 09:25:00,2024,5,12,9,133,33.2,950.79,48.3
CWPRS campus,18.446944,73.785,12-05-2024 09:30,2024-05-12 09:30:00,2024,5,12,9,133,33.3,950.56,48.3
CWPRS campus,18.446944,73.785,12-05-2024 09:35,2024-05-12 09:35:00,2024,5,12,9,133,33.4,950.54,48.3
CWPRS campus,18.446944,73.785,12-05-2024 09:40,2024-05-12 09:40:00,2024,5,12,9,133,33.6,950.44,48.3
CWPRS campus,18.446944,73.785,12-05-2024 09:45,2024-05-12 09:45:00,2024,5,12,9,133,33.6,950.35,48.3
CWPRS campus,18.446944,73.785,12-05-2024 09:50,2024-05-12 09:50:00,2024,5,12,9,133,33.9,950.36,48.3
CWPRS campus,18.446944,73.785,12-05-2024 09:55,2024-05-12 09:55:00,2024,5,12,9,133,33.8,950.4,48.3
CWPRS campus,18.446944,73.785,12-05-2024 10:00,2024-05-12 10:00:00,2024,5,12,10,133,33.9,950.32,48.3
CWPRS campus,18.446944,73.785,12-05-2024 10:05,2024-05-12 10:05:00,2024,5,12,10,133,34.1,950.24,48.3
CWPRS campus,18.446944,73.785,12-05-2024 10:10,2024-05-12 10:10:00,2024,5,12,10,133,34.3,950.23,48.3
CWPRS campus,18.446944,73.785,12-05-2024 10:15,2024-05-12 10:15:00,2024,5,12,10,133,34.5,950.06,48.3
CWPRS campus,18.446944,73.785,12-05-2024 10:20,2024-05-12 10:20:00,2024,5,12,10,133,34.5,950.02,48.3
CWPRS campus,18.446944,73.785,12-05-2024 10:25,2024-05-12 10:25:00,2024,5,12,10,133,34.4,950.01,39.9
CWPRS campus,18.446944,73.785,12-05-2024 10:30,2024-05-12 10:30:00,2024,5,12,10,133,34.7,950.01,40.0
CWPRS campus,18.446944,73.785,12-05-2024 10:35,2024-05-12 10:35:00,2024,5,12,10,133,34.9,949.8,39.4
CWPRS campus,18.446944,73.785,12-05-2024 10:40,2024-05-12 10:40:00,2024,5,12,10,133,34.9,949.69,39.2
CWPRS campus,18.446944,73.785,12-05-2024 10:45,2024-05-12 10:45:00,2024,5,12,10,133,35.3,949.57,38.4
CWPRS campus,18.446944,73.785,12-05-2024 10:50,2024-05-12 10:50:00,2024,5,12,10,133,35.4,949.53,38.0
CWPRS campus,18.446944,73.785,12-05-2024 10:55,2024-05-12 10:55:00,2024,5,12,10,133,35.7,949.52,37.5
CWPRS campus,18.446944,73.785,12-05-2024 11:00,2024-05-12 11:00:00,2024,5,12,11,133,35.8,949.6,37.3
CWPRS campus,18.446944,73.785,12-05-2024 11:05,2024-05-12 11:05:00,2024,5,12,11,133,36.2,949.51,36.7
CWPRS campus,18.446944,73.785,12-05-2024 11:10,2024-05-12 11:10:00,2024,5,12,11,133,36.6,949.42,36.3
CWPRS campus,18.446944,73.785,12-05-2024 11:15,2024-05-12 11:15:00,2024,5,12,11,133,36.6,949.46,36.3
CWPRS campus,18.446944,73.785,12-05-2024 11:20,2024-05-12 11:20:00,2024,5,12,11,133,36.8,949.44,35.8
CWPRS campus,18.446944,73.785,12-05-2024 11:25,2024-05-12 11:25:00,2024,5,12,11,133,37.0,949.49,34.8
CWPRS campus,18.446944,73.785,12-05-2024 11:30,2024-05-12 11:30:00,2024,5,12,11,133,37.2,949.47,35.2
CWPRS campus,18.446944,73.785,12-05-2024 11:35,2024-05-12 11:35:00,2024,5,12,11,133,37.1,949.33,35.4
CWPRS campus,18.446944,73.785,12-05-2024 11:40,2024-05-12 11:40:00,2024,5,12,11,133,37.3,949.18,34.6
CWPRS campus,18.446944,73.785,12-05-2024 11:45,2024-05-12 11:45:00,2024,5,12,11,133,37.5,949.01,34.5
CWPRS campus,18.446944,73.785,12-05-2024 11:50,2024-05-12 11:50:00,2024,5,12,11,133,37.3,949.04,34.0
CWPRS campus,18.446944,73.785,12-05-2024 11:55,2024-05-12 11:55:00,2024,5,12,11,133,37.1,949.1,33.8
CWPRS campus,18.446944,73.785,12-05-2024 12:00,2024-05-12 12:00:00,2024,5,12,12,133,36.9,949.22,33.7
CWPRS campus,18.446944,73.785,12-05-2024 12:05,2024-05-12 12:05:00,2024,5,12,12,133,36.9,949.25,33.3
CWPRS campus,18.446944,73.785,12-05-2024 12:10,2024-05-12 12:10:00,2024,5,12,12,133,37.1,949.3,32.7
CWPRS campus,18.446944,73.785,12-05-2024 12:15,2024-05-12 12:15:00,2024,5,12,12,133,37.4,949.22,32.1
CWPRS campus,18.446944,73.785,12-05-2024 12:20,2024-05-12 12:20:00,2024,5,12,12,133,37.5,949.09,31.5
CWPRS campus,18.446944,73.785,12-05-2024 12:25,2024-05-12 12:25:00,2024,5,12,12,133,37.7,949.14,31.0
CWPRS campus,18.446944,73.785,12-05-2024 12:30,2024-05-12 12:30:00,2024,5,12,12,133,37.6,949.14,30.8
CWPRS campus,18.446944,73.785,12-05-2024 12:35,2024-05-12 12:35:00,2024,5,12,12,133,37.4,949.13,30.4
CWPRS campus,18.446944,73.785,12-05-2024 12:40,2024-05-12 12:40:00,2024,5,12,12,133,37.4,949.14,30.5
CWPRS campus,18.446944,73.785,12-05-2024 12:45,2024-05-12 12:45:00,2024,5,12,12,133,37.5,949.14,30.9
CWPRS campus,18.446944,73.785,12-05-2024 12:50,2024-05-12 12:50:00,2024,5,12,12,133,37.6,949.22,30.5
CWPRS campus,18.446944,73.785,12-05-2024 12:55,2024-05-12 12:55:00,2024,5,12,12,133,37.3,949.31,30.4
CWPRS campus,18.446944,73.785,12-05-2024 13:00,2024-05-12 13:00:00,2024,5,12,13,133,37.4,949.33,30.5
CWPRS campus,18.446944,73.785,12-05-2024 13:05,2024-05-12 13:05:00,2024,5,12,13,133,37.2,949.38,30.5
CWPRS campus,18.446944,73.785,12-05-2024 13:10,2024-05-12 13:10:00,2024,5,12,13,133,37.4,949.4,30.4
CWPRS campus,18.446944,73.785,12-05-2024 13:15,2024-05-12 13:15:00,2024,5,12,13,133,37.5,949.35,30.5
CWPRS campus,18.446944,73.785,12-05-2024 13:20,2024-05-12 13:20:00,2024,5,12,13,133,37.4,949.4,30.6
CWPRS campus,18.446944,73.785,12-05-2024 13:25,2024-05-12 13:25:00,2024,5,12,13,133,37.4,949.28,29.9
CWPRS campus,18.446944,73.785,12-05-2024 13:30,2024-05-12 13:30:00,2024,5,12,13,133,37.3,949.36,30.2
CWPRS campus,18.446944,73.785,12-05-2024 13:35,2024-05-12 13:35:00,2024,5,12,13,133,37.3,949.26,30.4
CWPRS campus,18.446944,73.785,12-05-2024 13:40,2024-05-12 13:40:00,2024,5,12,13,133,37.5,949.29,30.0
CWPRS campus,18.446944,73.785,12-05-2024 13:45,2024-05-12 13:45:00,2024,5,12,13,133,37.4,949.23,29.9
CWPRS campus,18.446944,73.785,12-05-2024 13:50,2024-05-12 13:50:00,2024,5,12,13,133,37.5,949.28,30.1
CWPRS campus,18.446944,73.785,12-05-2024 13:55,2024-05-12 13:55:00,2024,5,12,13,133,37.5,949.29,29.9
CWPRS campus,18.446944,73.785,12-05-2024 14:00,2024-05-12 14:00:00,2024,5,12,14,133,37.4,949.18,30.2
CWPRS campus,18.446944,73.785,12-05-2024 14:05,2024-05-12 14:05:00,2024,5,12,14,133,37.4,949.24,31.1
CWPRS campus,18.446944,73.785,12-05-2024 14:10,2024-05-12 14:10:00,2024,5,12,14,133,37.3,949.22,30.7
CWPRS campus,18.446944,73.785,12-05-2024 14:15,2024-05-12 14:15:00,2024,5,12,14,133,37.2,949.32,30.0
CWPRS campus,18.446944,73.785,12-05-2024 14:20,2024-05-12 14:20:00,2024,5,12,14,133,37.1,949.35,30.1
CWPRS campus,18.446944,73.785,12-05-2024 14:25,2024-05-12 14:25:00,2024,5,12,14,133,37.4,949.41,30.3
CWPRS campus,18.446944,73.785,12-05-2024 14:30,2024-05-12 14:30:00,2024,5,12,14,133,37.4,949.37,30.2
CWPRS campus,18.446944,73.785,12-05-2024 14:35,2024-05-12 14:35:00,2024,5,12,14,133,37.3,949.36,30.8
CWPRS campus,18.446944,73.785,12-05-2024 14:40,2024-05-12 14:40:00,2024,5,12,14,133,37.4,949.37,30.2
CWPRS campus,18.446944,73.785,12-05-2024 14:45,2024-05-12 14:45:00,2024,5,12,14,133,37.4,949.48,30.5
CWPRS campus,18.446944,73.785,12-05-2024 14:50,2024-05-12 14:50:00,2024,5,12,14,133,37.3,949.66,30.2
CWPRS campus,18.446944,73.785,12-05-2024 14:55,2024-05-12 14:55:00,2024,5,12,14,133,37.4,949.64,30.9
CWPRS campus,18.446944,73.785,12-05-2024 15:00,2024-05-12 15:00:00,2024,5,12,15,133,37.5,949.77,31.7
CWPRS campus,18.446944,73.785,12-05-2024 15:05,2024-05-12 15:05:00,2024,5,12,15,133,37.4,949.64,31.4
CWPRS campus,18.446944,73.785,12-05-2024 15:10,2024-05-12 15:10:00,2024,5,12,15,133,37.3,949.6,31.2
CWPRS campus,18.446944,73.785,12-05-2024 15:15,2024-05-12 15:15:00,2024,5,12,15,133,37.3,949.58,31.6
CWPRS campus,18.446944,73.785,12-05-2024 15:20,2024-05-12 15:20:00,2024,5,12,15,133,36.9,949.53,31.4
CWPRS campus,18.446944,73.785,12-05-2024 15:25,2024-05-12 15:25:00,2024,5,12,15,133,36.7,949.47,31.5
CWPRS campus,18.446944,73.785,12-05-2024 15:30,2024-05-12 15:30:00,2024,5,12,15,133,36.9,949.58,31.5
CWPRS campus,18.446944,73.785,12-05-2024 15:35,2024-05-12 15:35:00,2024,5,12,15,133,37.1,949.63,30.9
CWPRS campus,18.446944,73.785,12-05-2024 15:40,2024-05-12 15:40:00,2024,5,12,15,133,37.0,949.74,31.0
CWPRS campus,18.446944,73.785,12-05-2024 15:45,2024-05-12 15:45:00,2024,5,12,15,133,37.1,949.86,30.8
CWPRS campus,18.446944,73.785,12-05-2024 15:50,2024-05-12 15:50:00,2024,5,12,15,133,37.1,949.95,30.8
CWPRS campus,18.446944,73.785,12-05-2024 15:55,2024-05-12 15:55:00,2024,5,12,15,133,37.5,950.07,31.6
CWPRS campus,18.446944,73.785,12-05-2024 16:00,2024-05-12 16:00:00,2024,5,12,16,133,37.6,950.13,31.3
CWPRS campus,18.446944,73.785,12-05-2024 16:05,2024-05-12 16:05:00,2024,5,12,16,133,37.5,950.1,31.8
CWPRS campus,18.446944,73.785,12-05-2024 16:10,2024-05-12 16:10:00,2024,5,12,16,133,37.2,950.26,31.9
CWPRS campus,18.446944,73.785,12-05-2024 16:15,2024-05-12 16:15:00,2024,5,12,16,133,36.9,950.27,32.0
CWPRS campus,18.446944,73.785,12-05-2024 16:20,2024-05-12 16:20:00,2024,5,12,16,133,36.9,950.26,32.5
CWPRS campus,18.446944,73.785,12-05-2024 16:25,2024-05-12 16:25:00,2024,5,12,16,133,36.7,950.32,32.9
CWPRS campus,18.446944,73.785,12-05-2024 16:30,2024-05-12 16:30:00,2024,5,12,16,133,36.4,950.31,33.3
CWPRS campus,18.446944,73.785,12-05-2024 16:35,2024-05-12 16:35:00,2024,5,12,16,133,36.2,950.35,34.0
CWPRS campus,18.446944,73.785,12-05-2024 16:40,2024-05-12 16:40:00,2024,5,12,16,133,36.0,950.45,34.0
CWPRS campus,18.446944,73.785,12-05-2024 16:45,2024-05-12 16:45:00,2024,5,12,16,133,36.2,950.54,34.0
CWPRS campus,18.446944,73.785,12-05-2024 16:50,2024-05-12 16:50:00,2024,5,12,16,133,36.2,950.54,33.9
CWPRS campus,18.446944,73.785,12-05-2024 16:55,2024-05-12 16:55:00,2024,5,12,16,133,36.1,950.56,33.8
CWPRS campus,18.446944,73.785,12-05-2024 17:00,2024-05-12 17:00:00,2024,5,12,17,133,36.3,950.72,35.3
CWPRS campus,18.446944,73.785,12-05-2024 17:05,2024-05-12 17:05:00,2024,5,12,17,133,36.2,950.82,36.1
CWPRS campus,18.446944,73.785,12-05-2024 17:10,2024-05-12 17:10:00,2024,5,12,17,133,35.9,951.04,35.8
CWPRS campus,18.446944,73.785,12-05-2024 17:15,2024-05-12 17:15:00,2024,5,12,17,133,36.0,951.18,35.5
CWPRS campus,18.446944,73.785,12-05-2024 17:20,2024-05-12 17:20:00,2024,5,12,17,133,36.0,951.32,36.1
CWPRS campus,18.446944,73.785,12-05-2024 17:25,2024-05-12 17:25:00,2024,5,12,17,133,35.7,951.25,36.6
CWPRS campus,18.446944,73.785,12-05-2024 17:30,2024-05-12 17:30:00,2024,5,12,17,133,35.6,951.35,37.2
CWPRS campus,18.446944,73.785,12-05-2024 17:35,2024-05-12 17:35:00,2024,5,12,17,133,35.3,951.38,37.4
CWPRS campus,18.446944,73.785,12-05-2024 17:40,2024-05-12 17:40:00,2024,5,12,17,133,35.0,951.37,37.7
CWPRS campus,18.446944,73.785,12-05-2024 17:45,2024-05-12 17:45:00,2024,5,12,17,133,35.0,951.42,38.1
CWPRS campus,18.446944,73.785,12-05-2024 17:50,2024-05-12 17:50:00,2024,5,12,17,133,35.2,951.53,38.5
CWPRS campus,18.446944,73.785,12-05-2024 17:55,2024-05-12 17:55:00,2024,5,12,17,133,34.8,951.59,38.0
CWPRS campus,18.446944,73.785,12-05-2024 18:00,2024-05-12 18:00:00,2024,5,12,18,133,34.8,951.54,38.3
CWPRS campus,18.446944,73.785,12-05-2024 18:05,2024-05-12 18:05:00,2024,5,12,18,133,34.6,951.63,38.4
CWPRS campus,18.446944,73.785,12-05-2024 18:10,2024-05-12 18:10:00,2024,5,12,18,133,34.4,951.6,38.9
CWPRS campus,18.446944,73.785,12-05-2024 18:15,2024-05-12 18:15:00,2024,5,12,18,133,34.2,951.63,40.5
CWPRS campus,18.446944,73.785,12-05-2024 18:20,2024-05-12 18:20:00,2024,5,12,18,133,33.9,951.62,41.1
CWPRS campus,18.446944,73.785,12-05-2024 18:25,2024-05-12 18:25:00,2024,5,12,18,133,33.8,951.62,41.3
CWPRS campus,18.446944,73.785,12-05-2024 18:30,2024-05-12 18:30:00,2024,5,12,18,133,33.5,951.69,42.1
CWPRS campus,18.446944,73.785,12-05-2024 18:35,2024-05-12 18:35:00,2024,5,12,18,133,33.4,951.62,42.7
CWPRS campus,18.446944,73.785,12-05-2024 18:40,2024-05-12 18:40:00,2024,5,12,18,133,33.3,951.78,43.2
CWPRS campus,18.446944,73.785,12-05-2024 18:45,2024-05-12 18:45:00,2024,5,12,18,133,33.2,951.63,43.8
CWPRS campus,18.446944,73.785,12-05-2024 18:50,2024-05-12 18:50:00,2024,5,12,18,133,32.9,951.59,45.1
CWPRS campus,18.446944,73.785,12-05-2024 18:55,2024-05-12 18:55:00,2024,5,12,18,133,32.7,951.62,44.9
CWPRS campus,18.446944,73.785,12-05-2024 19:00,2024-05-12 19:00:00,2024,5,12,19,133,32.7,951.66,45.5
CWPRS campus,18.446944,73.785,12-05-2024 19:05,2024-05-12 19:05:00,2024,5,12,19,133,32.6,951.65,45.5
CWPRS campus,18.446944,73.785,12-05-2024 19:10,2024-05-12 19:10:00,2024,5,12,19,133,32.3,951.63,46.2
CWPRS campus,18.446944,73.785,12-05-2024 19:15,2024-05-12 19:15:00,2024,5,12,19,133,32.2,951.65,46.2
CWPRS campus,18.446944,73.785,12-05-2024 19:20,2024-05-12 19:20:00,2024,5,12,19,133,32.2,951.62,46.4
CWPRS campus,18.446944,73.785,12-05-2024 19:25,2024-05-12 19:25:00,2024,5,12,19,133,31.8,951.71,46.8
CWPRS campus,18.446944,73.785,12-05-2024 19:30,2024-05-12 19:30:00,2024,5,12,19,133,31.7,951.76,47.6
CWPRS campus,18.446944,73.785,12-05-2024 19:35,2024-05-12 19:35:00,2024,5,12,19,133,31.5,951.8,48.4
CWPRS campus,18.446944,73.785,12-05-2024 19:40,2024-05-12 19:40:00,2024,5,12,19,133,31.5,951.68,48.3
CWPRS campus,18.446944,73.785,12-05-2024 19:45,2024-05-12 19:45:00,2024,5,12,19,133,31.2,951.64,48.8
CWPRS campus,18.446944,73.785,12-05-2024 19:50,2024-05-12 19:50:00,2024,5,12,19,133,30.8,951.58,49.0
CWPRS campus,18.446944,73.785,12-05-2024 19:55,2024-05-12 19:55:00,2024,5,12,19,133,30.4,951.46,48.9
CWPRS campus,18.446944,73.785,12-05-2024 20:00,2024-05-12 20:00:00,2024,5,12,20,133,30.3,951.45,49.4
CWPRS campus,18.446944,73.785,12-05-2024 20:05,2024-05-12 20:05:00,2024,5,12,20,133,30.2,951.37,49.7
CWPRS campus,18.446944,73.785,12-05-2024 20:10,2024-05-12 20:10:00,2024,5,12,20,133,30.0,951.38,51.2
CWPRS campus,18.446944,73.785,12-05-2024 20:15,2024-05-12 20:15:00,2024,5,12,20,133,30.0,951.25,51.9
CWPRS campus,18.446944,73.785,12-05-2024 20:20,2024-05-12 20:20:00,2024,5,12,20,133,29.6,951.35,51.8
CWPRS campus,18.446944,73.785,12-05-2024 20:25,2024-05-12 20:25:00,2024,5,12,20,133,29.5,951.22,52.0
CWPRS campus,18.446944,73.785,12-05-2024 20:30,2024-05-12 20:30:00,2024,5,12,20,133,29.2,951.19,52.9
CWPRS campus,18.446944,73.785,12-05-2024 20:35,2024-05-12 20:35:00,2024,5,12,20,133,29.0,951.2,54.3
CWPRS campus,18.446944,73.785,12-05-2024 20:40,2024-05-12 20:40:00,2024,5,12,20,133,28.9,951.1,54.1
CWPRS campus,18.446944,73.785,12-05-2024 20:45,2024-05-12 20:45:00,2024,5,12,20,133,28.6,951.11,53.8
CWPRS campus,18.446944,73.785,12-05-2024 20:50,2024-05-12 20:50:00,2024,5,12,20,133,28.5,950.95,55.0
CWPRS campus,18.446944,73.785,12-05-2024 20:55,2024-05-12 20:55:00,2024,5,12,20,133,28.5,951.01,55.7
CWPRS campus,18.446944,73.785,12-05-2024 21:00,2024-05-12 21:00:00,2024,5,12,21,133,28.3,950.94,55.8
CWPRS campus,18.446944,73.785,12-05-2024 21:05,2024-05-12 21:05:00,2024,5,12,21,133,28.3,950.83,56.5
CWPRS campus,18.446944,73.785,12-05-2024 21:10,2024-05-12 21:10:00,2024,5,12,21,133,28.0,950.74,55.9
CWPRS campus,18.446944,73.785,12-05-2024 21:15,2024-05-12 21:15:00,2024,5,12,21,133,28.0,950.74,56.4
CWPRS campus,18.446944,73.785,12-05-2024 21:20,2024-05-12 21:20:00,2024,5,12,21,133,28.1,950.63,57.1
CWPRS campus,18.446944,73.785,12-05-2024 21:25,2024-05-12 21:25:00,2024,5,12,21,133,27.6,950.5,57.9
CWPRS campus,18.446944,73.785,12-05-2024 21:30,2024-05-12 21:30:00,2024,5,12,21,133,27.4,950.42,58.0
CWPRS campus,18.446944,73.785,12-05-2024 21:35,2024-05-12 21:35:00,2024,5,12,21,133,27.3,950.26,58.6
CWPRS campus,18.446944,73.785,12-05-2024 21:40,2024-05-12 21:40:00,2024,5,12,21,133,27.2,950.34,58.7
CWPRS campus,18.446944,73.785,12-05-2024 21:45,2024-05-12 21:45:00,2024,5,12,21,133,27.1,950.23,59.3
CWPRS campus,18.446944,73.785,12-05-2024 21:50,2024-05-12 21:50:00,2024,5,12,21,133,26.9,950.23,59.4
CWPRS campus,18.446944,73.785,12-05-2024 21:55,2024-05-12 21:55:00,2024,5,12,21,133,26.8,950.17,59.8
CWPRS campus,18.446944,73.785,12-05-2024 22:00,2024-05-12 22:00:00,2024,5,12,22,133,26.7,950.02,59.9
CWPRS campus,18.446944,73.785,12-05-2024 22:05,2024-05-12 22:05:00,2024,5,12,22,133,26.7,949.96,60.7
CWPRS campus,18.446944,73.785,12-05-2024 22:10,2024-05-12 22:10:00,2024,5,12,22,133,26.7,949.95,61.5
CWPRS campus,18.446944,73.785,12-05-2024 22:15,2024-05-12 22:15:00,2024,5,12,22,133,26.6,949.87,61.9
CWPRS campus,18.446944,73.785,12-05-2024 22:20,2024-05-12 22:20:00,2024,5,12,22,133,26.4,949.9,62.4
CWPRS campus,18.446944,73.785,12-05-2024 22:25,2024-05-12 22:25:00,2024,5,12,22,133,26.2,949.91,62.3
CWPRS campus,18.446944,73.785,12-05-2024 22:30,2024-05-12 22:30:00,2024,5,12,22,133,26.0,949.91,62.7
CWPRS campus,18.446944,73.785,12-05-2024 22:35,2024-05-12 22:35:00,2024,5,12,22,133,26.0,949.79,63.2
CWPRS campus,18.446944,73.785,12-05-2024 22:40,2024-05-12 22:40:00,2024,5,12,22,133,25.8,949.64,64.7
CWPRS campus,18.446944,73.785,12-05-2024 22:45,2024-05-12 22:45:00,2024,5,12,22,133,25.7,949.52,64.7
CWPRS campus,18.446944,73.785,12-05-2024 22:50,2024-05-12 22:50:00,2024,5,12,22,133,25.9,949.47,65.7
CWPRS campus,18.446944,73.785,12-05-2024 22:55,2024-05-12 22:55:00,2024,5,12,22,133,25.9,949.45,66.5
CWPRS campus,18.446944,73.785,12-05-2024 23:00,2024-05-12 23:00:00,2024,5,12,23,133,25.7,949.21,67.0
CWPRS campus,18.446944,73.785,12-05-2024 23:05,2024-05-12 23:05:00,2024,5,12,23,133,25.8,949.16,68.1
CWPRS campus,18.446944,73.785,12-05-2024 23:10,2024-05-12 23:10:00,2024,5,12,23,133,25.6,949.12,68.6
CWPRS campus,18.446944,73.785,12-05-2024 23:15,2024-05-12 23:15:00,2024,5,12,23,133,25.1,949.04,69.0
CWPRS campus,18.446944,73.785,12-05-2024 23:20,2024-05-12 23:20:00,2024,5,12,23,133,24.9,949.1,69.3
CWPRS campus,18.446944,73.785,12-05-2024 23:25,2024-05-12 23:25:00,2024,5,12,23,133,24.5,949.08,70.1
CWPRS campus,18.446944,73.785,12-05-2024 23:30,2024-05-12 23:30:00,2024,5,12,23,133,24.3,949.13,70.8
CWPRS campus,18.446944,73.785,12-05-2024 23:35,2024-05-12 23:35:00,2024,5,12,23,133,24.3,949.06,70.8
CWPRS campus,18.446944,73.785,12-05-2024 23:40,2024-05-12 23:40:00,2024,5,12,23,133,24.4,949.09,70.6
CWPRS campus,18.446944,73.785,12-05-2024 23:45,2024-05-12 23:45:00,2024,5,12,23,133,24.4,949.17,70.8
CWPRS campus,18.446944,73.785,12-05-2024 23:50,2024-05-12 23:50:00,2024,5,12,23,133,24.2,949.22,70.7
CWPRS campus,18.446944,73.785,12-05-2024 23:55,2024-05-12 23:55:00,2024,5,12,23,133,24.3,949.08,71.0
CWPRS campus,18.446944,73.785,13-05-2024 00:00,2024-05-13 00:00:00,2024,5,13,0,134,23.9,949.01,71.8
CWPRS campus,18.446944,73.785,13-05-2024 00:05,2024-05-13 00:05:00,2024,5,13,0,134,23.8,948.94,71.8
CWPRS campus,18.446944,73.785,13-05-2024 00:10,2024-05-13 00:10:00,2024,5,13,0,134,23.8,948.94,72.1
CWPRS campus,18.446944,73.785,13-05-2024 00:15,2024-05-13 00:15:00,2024,5,13,0,134,23.5,948.95,72.4
CWPRS campus,18.446944,73.785,13-05-2024 00:20,2024-05-13 00:20:00,2024,5,13,0,134,23.6,948.85,72.9
CWPRS campus,18.446944,73.785,13-05-2024 00:25,2024-05-13 00:25:00,2024,5,13,0,134,23.6,948.82,72.3
CWPRS campus,18.446944,73.785,13-05-2024 00:30,2024-05-13 00:30:00,2024,5,13,0,134,23.5,948.63,72.3
CWPRS campus,18.446944,73.785,13-05-2024 00:35,2024-05-13 00:35:00,2024,5,13,0,134,23.5,948.73,72.6
CWPRS campus,18.446944,73.785,13-05-2024 00:40,2024-05-13 00:40:00,2024,5,13,0,134,23.8,948.67,73.3
CWPRS campus,18.446944,73.785,13-05-2024 00:45,2024-05-13 00:45:00,2024,5,13,0,134,23.7,948.66,73.4
CWPRS campus,18.446944,73.785,13-05-2024 00:50,2024-05-13 00:50:00,2024,5,13,0,134,23.7,948.62,72.8
CWPRS campus,18.446944,73.785,13-05-2024 00:55,2024-05-13 00:55:00,2024,5,13,0,134,23.5,948.71,73.3
CWPRS campus,18.446944,73.785,13-05-2024 01:00,2024-05-13 01:00:00,2024,5,13,1,134,23.3,948.47,73.3
CWPRS campus,18.446944,73.785,13-05-2024 01:05,2024-05-13 01:05:00,2024,5,13,1,134,23.4,948.47,73.0
CWPRS campus,18.446944,73.785,13-05-2024 01:10,2024-05-13 01:10:00,2024,5,13,1,134,23.2,948.47,73.0
CWPRS campus,18.446944,73.785,13-05-2024 01:15,2024-05-13 01:15:00,2024,5,13,1,134,23.1,948.44,73.2
CWPRS campus,18.446944,73.785,13-05-2024 01:20,2024-05-13 01:20:00,2024,5,13,1,134,23.0,948.6,73.2
CWPRS campus,18.446944,73.785,13-05-2024 01:25,2024-05-13 01:25:00,2024,5,13,1,134,23.0,948.54,72.5
CWPRS campus,18.446944,73.785,13-05-2024 01:30,2024-05-13 01:30:00,2024,5,13,1,134,23.0,948.61,73.1
CWPRS campus,18.446944,73.785,13-05-2024 01:35,2024-05-13 01:35:00,2024,5,13,1,134,23.1,948.66,73.8
CWPRS campus,18.446944,73.785,13-05-2024 01:40,2024-05-13 01:40:00,2024,5,13,1,134,23.0,948.78,74.3
CWPRS campus,18.446944,73.785,13-05-2024 01:45,2024-05-13 01:45:00,2024,5,13,1,134,22.9,948.74,74.0
CWPRS campus,18.446944,73.785,13-05-2024 01:50,2024-05-13 01:50:00,2024,5,13,1,134,22.7,948.71,74.1
CWPRS campus,18.446944,73.785,13-05-2024 01:55,2024-05-13 01:55:00,2024,5,13,1,134,22.6,948.82,74.2
CWPRS campus,18.446944,73.785,13-05-2024 02:00,2024-05-13 02:00:00,2024,5,13,2,134,22.7,948.89,74.6
CWPRS campus,18.446944,73.785,13-05-2024 02:05,2024-05-13 02:05:00,2024,5,13,2,134,22.7,948.79,75.0
CWPRS campus,18.446944,73.785,13-05-2024 02:10,2024-05-13 02:10:00,2024,5,13,2,134,22.6,948.78,74.8
CWPRS campus,18.446944,73.785,13-05-2024 02:15,2024-05-13 02:15:00,2024,5,13,2,134,22.7,948.86,74.9
CWPRS campus,18.446944,73.785,13-05-2024 02:20,2024-05-13 02:20:00,2024,5,13,2,134,22.9,948.96,75.2
CWPRS campus,18.446944,73.785,13-05-2024 02:25,2024-05-13 02:25:00,2024,5,13,2,134,22.9,948.95,75.8
CWPRS campus,18.446944,73.785,13-05-2024 02:30,2024-05-13 02:30:00,2024,5,13,2,134,23.2,948.76,76.1
CWPRS campus,18.446944,73.785,13-05-2024 02:35,2024-05-13 02:35:00,2024,5,13,2,134,23.0,948.86,76.4
CWPRS campus,18.446944,73.785,13-05-2024 02:40,2024-05-13 02:40:00,2024,5,13,2,134,22.8,948.82,76.4
CWPRS campus,18.446944,73.785,13-05-2024 02:45,2024-05-13 02:45:00,2024,5,13,2,134,22.5,948.72,77.0
CWPRS campus,18.446944,73.785,13-05-2024 02:50,2024-05-13 02:50:00,2024,5,13,2,134,22.8,948.57,77.0
CWPRS campus,18.446944,73.785,13-05-2024 02:55,2024-05-13 02:55:00,2024,5,13,2,134,22.9,948.71,76.6
CWPRS campus,18.446944,73.785,13-05-2024 03:00,2024-05-13 03:00:00,2024,5,13,3,134,22.9,948.8,77.1
CWPRS campus,18.446944,73.785,13-05-2024 03:05,2024-05-13 03:05:00,2024,5,13,3,134,22.9,948.86,77.2
CWPRS campus,18.446944,73.785,13-05-2024 03:10,2024-05-13 03:10:00,2024,5,13,3,134,22.7,949.05,76.9
CWPRS campus,18.446944,73.785,13-05-2024 03:15,2024-05-13 03:15:00,2024,5,13,3,134,23.1,949.18,76.6
CWPRS campus,18.446944,73.785,13-05-2024 03:20,2024-05-13 03:20:00,2024,5,13,3,134,23.1,949.39,76.6
CWPRS campus,18.446944,73.785,13-05-2024 03:25,2024-05-13 03:25:00,2024,5,13,3,134,23.2,949.35,76.6
CWPRS campus,18.446944,73.785,13-05-2024 03:30,2024-05-13 03:30:00,2024,5,13,3,134,23.3,949.42,76.5
CWPRS campus,18.446944,73.785,13-05-2024 03:35,2024-05-13 03:35:00,2024,5,13,3,134,23.4,949.36,76.4
CWPRS campus,18.446944,73.785,13-05-2024 03:40,2024-05-13 03:40:00,2024,5,13,3,134,23.4,949.43,76.9
CWPRS campus,18.446944,73.785,13-05-2024 03:45,2024-05-13 03:45:00,2024,5,13,3,134,23.3,949.49,77.1
CWPRS campus,18.446944,73.785,13-05-2024 03:50,2024-05-13 03:50:00,2024,5,13,3,134,23.4,949.62,76.9
CWPRS campus,18.446944,73.785,13-05-2024 03:55,2024-05-13 03:55:00,2024,5,13,3,134,23.7,949.71,77.0
CWPRS campus,18.446944,73.785,13-05-2024 04:00,2024-05-13 04:00:00,2024,5,13,4,134,23.9,949.84,76.3
CWPRS campus,18.446944,73.785,13-05-2024 04:05,2024-05-13 04:05:00,2024,5,13,4,134,24.2,949.97,76.2
CWPRS campus,18.446944,73.785,13-05-2024 04:10,2024-05-13 04:10:00,2024,5,13,4,134,24.1,950.22,76.7
CWPRS campus,18.446944,73.785,13-05-2024 04:15,2024-05-13 04:15:00,2024,5,13,4,134,23.9,950.26,76.3
CWPRS campus,18.446944,73.785,13-05-2024 04:20,2024-05-13 04:20:00,2024,5,13,4,134,24.0,950.25,75.6
CWPRS campus,18.446944,73.785,13-05-2024 04:25,2024-05-13 04:25:00,2024,5,13,4,134,24.0,950.34,75.0
CWPRS campus,18.446944,73.785,13-05-2024 04:30,2024-05-13 04:30:00,2024,5,13,4,134,24.2,950.35,74.3
CWPRS campus,18.446944,73.785,13-05-2024 04:35,2024-05-13 04:35:00,2024,5,13,4,134,24.0,950.54,73.7
CWPRS campus,18.446944,73.785,13-05-2024 04:40,2024-05-13 04:40:00,2024,5,13,4,134,24.2,950.58,73.3
CWPRS campus,18.446944,73.785,13-05-2024 04:45,2024-05-13 04:45:00,2024,5,13,4,134,24.3,950.6,72.4
CWPRS campus,18.446944,73.785,13-05-2024 04:50,2024-05-13 04:50:00,2024,5,13,4,134,24.2,950.63,72.2
CWPRS campus,18.446944,73.785,13-05-2024 04:55,2024-05-13 04:55:00,2024,5,13,4,134,24.1,950.75,72.3
CWPRS campus,18.446944,73.785,13-05-2024 05:00,2024-05-13 05:00:00,2024,5,13,5,134,24.0,950.8,71.6
CWPRS campus,18.446944,73.785,13-05-2024 05:05,2024-05-13 05:05:00,2024,5,13,5,134,24.2,950.81,71.9
CWPRS campus,18.446944,73.785,13-05-2024 05:10,2024-05-13 05:10:00,2024,5,13,5,134,24.3,951.01,71.8
CWPRS campus,18.446944,73.785,13-05-2024 05:15,2024-05-13 05:15:00,2024,5,13,5,134,24.1,950.99,71.9
CWPRS campus,18.446944,73.785,13-05-2024 05:20,2024-05-13 05:20:00,2024,5,13,5,134,24.0,951.05,71.3
CWPRS campus,18.446944,73.785,13-05-2024 05:25,2024-05-13 05:25:00,2024,5,13,5,134,24.1,951.16,71.2
CWPRS campus,18.446944,73.785,13-05-2024 05:30,2024-05-13 05:30:00,2024,5,13,5,134,24.5,951.08,70.4
CWPRS campus,18.446944,73.785,13-05-2024 05:35,2024-05-13 05:35:00,2024,5,13,5,134,24.5,951.17,70.4
CWPRS campus,18.446944,73.785,13-05-2024 05:40,2024-05-13 05:40:00,2024,5,13,5,134,24.4,951.14,70.1
CWPRS campus,18.446944,73.785,13-05-2024 05:45,2024-05-13 05:45:00,2024,5,13,5,134,24.5,951.25,69.9
CWPRS campus,18.446944,73.785,13-05-2024 05:50,2024-05-13 05:50:00,2024,5,13,5,134,24.6,951.22,69.1
CWPRS campus,18.446944,73.785,13-05-2024 05:55,2024-05-13 05:55:00,2024,5,13,5,134,24.3,951.32,68.3
CWPRS campus,18.446944,73.785,13-05-2024 06:00,2024-05-13 06:00:00,2024,5,13,6,134,24.4,951.45,68.2
CWPRS campus,18.446944,73.785,13-05-2024 06:05,2024-05-13 06:05:00,2024,5,13,6,134,24.5,951.56,67.4
CWPRS campus,18.446944,73.785,13-05-2024 06:10,2024-05-13 06:10:00,2024,5,13,6,134,24.8,951.61,67.2
CWPRS campus,18.446944,73.785,13-05-2024 06:15,2024-05-13 06:15:00,2024,5,13,6,134,25.2,951.62,66.3
CWPRS campus,18.446944,73.785,13-05-2024 06:20,2024-05-13 06:20:00,2024,5,13,6,134,25.5,951.6,66.2
CWPRS campus,18.446944,73.785,13-05-2024 06:25,2024-05-13 06:25:00,2024,5,13,6,134,25.6,951.74,65.3
CWPRS campus,18.446944,73.785,13-05-2024 06:30,2024-05-13 06:30:00,2024,5,13,6,134,25.6,951.7,65.2
CWPRS campus,18.446944,73.785,13-05-2024 06:35,2024-05-13 06:35:00,2024,5,13,6,134,26.1,951.64,65.0
CWPRS campus,18.446944,73.785,13-05-2024 06:40,2024-05-13 06:40:00,2024,5,13,6,134,26.2,951.71,64.3
CWPRS campus,18.446944,73.785,13-05-2024 06:45,2024-05-13 06:45:00,2024,5,13,6,134,26.3,951.66,64.2
CWPRS campus,18.446944,73.785,13-05-2024 06:50,2024-05-13 06:50:00,2024,5,13,6,134,26.5,951.59,63.9
CWPRS campus,18.446944,73.785,13-05-2024 06:55,2024-05-13 06:55:00,2024,5,13,6,134,26.6,951.49,63.2
CWPRS campus,18.446944,73.785,13-05-2024 07:00,2024-05-13 07:00:00,2024,5,13,7,134,26.7,951.47,62.4
CWPRS campus,18.446944,73.785,13-05-2024 07:05,2024-05-13 07:05:00,2024,5,13,7,134,26.8,951.47,61.2
CWPRS campus,18.446944,73.785,13-05-2024 07:10,2024-05-13 07:10:00,2024,5,13,7,134,26.8,951.5,61.0
CWPRS campus,18.446944,73.785,13-05-2024 07:15,2024-05-13 07:15:00,2024,5,13,7,134,27.0,951.58,59.9
CWPRS campus,18.446944,73.785,13-05-2024 07:20,2024-05-13 07:20:00,2024,5,13,7,134,27.0,951.63,59.6
CWPRS campus,18.446944,73.785,13-05-2024 07:25,2024-05-13 07:25:00,2024,5,13,7,134,27.1,951.61,59.1
CWPRS campus,18.446944,73.785,13-05-2024 07:30,2024-05-13 07:30:00,2024,5,13,7,134,27.2,951.58,59.0
CWPRS campus,18.446944,73.785,13-05-2024 07:35,2024-05-13 07:35:00,2024,5,13,7,134,27.3,951.62,58.5
CWPRS campus,18.446944,73.785,13-05-2024 07:40,2024-05-13 07:40:00,2024,5,13,7,134,27.7,951.7,58.0
CWPRS campus,18.446944,73.785,13-05-2024 07:45,2024-05-13 07:45:00,2024,5,13,7,134,27.5,951.69,57.9
CWPRS campus,18.446944,73.785,13-05-2024 07:50,2024-05-13 07:50:00,2024,5,13,7,134,27.8,951.63,57.6
CWPRS campus,18.446944,73.785,13-05-2024 07:55,2024-05-13 07:55:00,2024,5,13,7,134,28.1,951.53,57.3
CWPRS campus,18.446944,73.785,13-05-2024 08:00,2024-05-13 08:00:00,2024,5,13,8,134,28.0,951.39,57.1
CWPRS campus,18.446944,73.785,13-05-2024 08:05,2024-05-13 08:05:00,2024,5,13,8,134,28.1,951.42,56.0
CWPRS campus,18.446944,73.785,13-05-2024 08:10,2024-05-13 08:10:00,2024,5,13,8,134,28.2,951.44,55.9
CWPRS campus,18.446944,73.785,13-05-2024 08:15,2024-05-13 08:15:00,2024,5,13,8,134,28.2,951.46,55.7
CWPRS campus,18.446944,73.785,13-05-2024 08:20,2024-05-13 08:20:00,2024,5,13,8,134,28.2,951.41,54.8
CWPRS campus,18.446944,73.785,13-05-2024 08:25,2024-05-13 08:25:00,2024,5,13,8,134,28.2,951.49,54.3
CWPRS campus,18.446944,73.785,13-05-2024 08:30,2024-05-13 08:30:00,2024,5,13,8,134,28.7,951.41,53.9
CWPRS campus,18.446944,73.785,13-05-2024 08:35,2024-05-13 08:35:00,2024,5,13,8,134,29.0,951.44,53.4
CWPRS campus,18.446944,73.785,13-05-2024 08:40,2024-05-13 08:40:00,2024,5,13,8,134,29.3,951.39,53.1
CWPRS campus,18.446944,73.785,13-05-2024 08:45,2024-05-13 08:45:00,2024,5,13,8,134,29.6,951.29,53.2
CWPRS campus,18.446944,73.785,13-05-2024 08:50,2024-05-13 08:50:00,2024,5,13,8,134,29.6,951.29,53.2
CWPRS campus,18.446944,73.785,13-05-2024 08:55,2024-05-13 08:55:00,2024,5,13,8,134,29.7,951.27,52.2
CWPRS campus,18.446944,73.785,13-05-2024 09:00,2024-05-13 09:00:00,2024,5,13,9,134,29.9,951.24,51.9
CWPRS campus,18.446944,73.785,13-05-2024 09:05,2024-05-13 09:05:00,2024,5,13,9,134,29.9,951.19,52.0
CWPRS campus,18.446944,73.785,13-05-2024 09:10,2024-05-13 09:10:00,2024,5,13,9,134,30.1,951.13,51.7
CWPRS campus,18.446944,73.785,13-05-2024 09:15,2024-05-13 09:15:00,2024,5,13,9,134,30.3,951.26,51.6
CWPRS campus,18.446944,73.785,13-05-2024 09:20,2024-05-13 09:20:00,2024,5,13,9,134,30.4,951.29,51.9
CWPRS campus,18.446944,73.785,13-05-2024 09:25,2024-05-13 09:25:00,2024,5,13,9,134,30.6,951.27,51.7
CWPRS campus,18.446944,73.785,13-05-2024 09:30,2024-05-13 09:30:00,2024,5,13,9,134,30.8,951.21,51.3
CWPRS campus,18.446944,73.785,13-05-2024 09:35,2024-05-13 09:35:00,2024,5,13,9,134,30.9,951.21,51.1
CWPRS campus,18.446944,73.785,13-05-2024 09:40,2024-05-13 09:40:00,2024,5,13,9,134,31.3,951.18,50.6
CWPRS campus,18.446944,73.785,13-05-2024 09:45,2024-05-13 09:45:00,2024,5,13,9,134,31.2,951.1,50.0
CWPRS campus,18.446944,73.785,13-05-2024 09:50,2024-05-13 09:50:00,2024,5,13,9,134,31.5,951.0,49.3
CWPRS campus,18.446944,73.785,13-05-2024 09:55,2024-05-13 09:55:00,2024,5,13,9,134,31.7,950.91,49.4
CWPRS campus,18.446944,73.785,13-05-2024 10:00,2024-05-13 10:00:00,2024,5,13,10,134,31.8,950.58,48.5
CWPRS campus,18.446944,73.785,13-05-2024 10:05,2024-05-13 10:05:00,2024,5,13,10,134,32.0,950.53,48.6
CWPRS campus,18.446944,73.785,13-05-2024 10:10,2024-05-13 10:10:00,2024,5,13,10,134,31.9,950.43,48.2
CWPRS campus,18.446944,73.785,13-05-2024 10:15,2024-05-13 10:15:00,2024,5,13,10,134,32.2,950.49,47.1
CWPRS campus,18.446944,73.785,13-05-2024 10:20,2024-05-13 10:20:00,2024,5,13,10,134,32.3,950.43,46.7
CWPRS campus,18.446944,73.785,13-05-2024 10:25,2024-05-13 10:25:00,2024,5,13,10,134,32.4,950.26,45.4
CWPRS campus,18.446944,73.785,13-05-2024 10:30,2024-05-13 10:30:00,2024,5,13,10,134,32.7,950.2,45.2
CWPRS campus,18.446944,73.785,13-05-2024 10:35,2024-05-13 10:35:00,2024,5,13,10,134,32.7,950.05,45.0
CWPRS campus,18.446944,73.785,13-05-2024 10:40,2024-05-13 10:40:00,2024,5,13,10,134,32.6,950.03,44.3
CWPRS campus,18.446944,73.785,13-05-2024 10:45,2024-05-13 10:45:00,2024,5,13,10,134,32.5,950.0,43.9
CWPRS campus,18.446944,73.785,13-05-2024 10:50,2024-05-13 10:50:00,2024,5,13,10,134,32.7,950.02,44.2
CWPRS campus,18.446944,73.785,13-05-2024 10:55,2024-05-13 10:55:00,2024,5,13,10,134,32.7,949.9,43.5
CWPRS campus,18.446944,73.785,13-05-2024 11:00,2024-05-13 11:00:00,2024,5,13,11,134,33.1,949.85,42.7
CWPRS campus,18.446944,73.785,13-05-2024 11:05,2024-05-13 11:05:00,2024,5,13,11,134,32.9,949.68,42.8
CWPRS campus,18.446944,73.785,13-05-2024 11:10,2024-05-13 11:10:00,2024,5,13,11,134,33.3,949.69,43.2
CWPRS campus,18.446944,73.785,13-05-2024 11:15,2024-05-13 11:15:00,2024,5,13,11,134,33.5,949.69,42.7
CWPRS campus,18.446944,73.785,13-05-2024 11:20,2024-05-13 11:20:00,2024,5,13,11,134,33.6,949.68,42.6
CWPRS campus,18.446944,73.785,13-05-2024 11:25,2024-05-13 11:25:00,2024,5,13,11,134,33.6,949.63,42.7
CWPRS campus,18.446944,73.785,13-05-2024 11:30,2024-05-13 11:30:00,2024,5,13,11,134,33.8,949.62,41.9
CWPRS campus,18.446944,73.785,13-05-2024 11:35,2024-05-13 11:35:00,2024,5,13,11,134,33.9,949.71,41.2
CWPRS campus,18.446944,73.785,13-05-2024 11:40,2024-05-13 11:40:00,2024,5,13,11,134,34.2,949.64,41.3
CWPRS campus,18.446944,73.785,13-05-2024 11:45,2024-05-13 11:45:00,2024,5,13,11,134,34.3,949.61,41.5
CWPRS campus,18.446944,73.785,13-05-2024 11:50,2024-05-13 11:50:00,2024,5,13,11,134,34.4,949.48,41.3
CWPRS campus,18.446944,73.785,13-05-2024 11:55,2024-05-13 11:55:00,2024,5,13,11,134,34.5,949.38,40.5
CWPRS campus,18.446944,73.785,13-05-2024 12:00,2024-05-13 12:00:00,2024,5,13,12,134,34.5,949.36,40.8
CWPRS campus,18.446944,73.785,13-05-2024 12:05,2024-05-13 12:05:00,2024,5,13,12,134,34.7,949.42,40.2
CWPRS campus,18.446944,73.785,13-05-2024 12:10,2024-05-13 12:10:00,2024,5,13,12,134,34.5,949.37,39.6
CWPRS campus,18.446944,73.785,13-05-2024 12:15,2024-05-13 12:15:00,2024,5,13,12,134,34.4,949.33,39.3
CWPRS campus,18.446944,73.785,13-05-2024 12:20,2024-05-13 12:20:00,2024,5,13,12,134,34.6,949.27,39.6
CWPRS campus,18.446944,73.785,13-05-2024 12:25,2024-05-13 12:25:00,2024,5,13,12,134,34.7,949.22,39.5
CWPRS campus,18.446944,73.785,13-05-2024 12:30,2024-05-13 12:30:00,2024,5,13,12,134,34.8,949.23,39.3
CWPRS campus,18.446944,73.785,13-05-2024 12:35,2024-05-13 12:35:00,2024,5,13,12,134,34.9,949.1,39.0
CWPRS campus,18.446944,73.785,13-05-2024 12:40,2024-05-13 12:40:00,2024,5,13,12,134,35.0,949.2,38.7
CWPRS campus,18.446944,73.785,13-05-2024 12:45,2024-05-13 12:45:00,2024,5,13,12,134,35.0,949.14,38.5
CWPRS campus,18.446944,73.785,13-05-2024 12:50,2024-05-13 12:50:00,2024,5,13,12,134,35.0,949.2,37.1
CWPRS campus,18.446944,73.785,13-05-2024 12:55,2024-05-13 12:55:00,2024,5,13,12,134,35.1,949.1,36.7
CWPRS campus,18.446944,73.785,13-05-2024 13:00,2024-05-13 13:00:00,2024,5,13,13,134,35.0,949.17,36.5
CWPRS campus,18.446944,73.785,13-05-2024 13:05,2024-05-13 13:05:00,2024,5,13,13,134,35.2,949.23,35.8
CWPRS campus,18.446944,73.785,13-05-2024 13:10,2024-05-13 13:10:00,2024,5,13,13,134,35.0,949.27,35.7
CWPRS campus,18.446944,73.785,13-05-2024 13:15,2024-05-13 13:15:00,2024,5,13,13,134,35.2,949.21,35.4
CWPRS campus,18.446944,73.785,13-05-2024 13:20,2024-05-13 13:20:00,2024,5,13,13,134,35.4,949.24,35.9
CWPRS campus,18.446944,73.785,13-05-2024 13:25,2024-05-13 13:25:00,2024,5,13,13,134,35.5,949.17,36.3
CWPRS campus,18.446944,73.785,13-05-2024 13:30,2024-05-13 13:30:00,2024,5,13,13,134,35.7,949.18,35.9
CWPRS campus,18.446944,73.785,13-05-2024 13:35,2024-05-13 13:35:00,2024,5,13,13,134,35.9,949.29,35.6
CWPRS campus,18.446944,73.785,13-05-2024 13:40,2024-05-13 13:40:00,2024,5,13,13,134,36.1,949.39,35.3
CWPRS campus,18.446944,73.785,13-05-2024 13:45,2024-05-13 13:45:00,2024,5,13,13,134,35.9,949.42,35.0
CWPRS campus,18.446944,73.785,13-05-2024 13:50,2024-05-13 13:50:00,2024,5,13,13,134,35.7,949.37,34.9
CWPRS campus,18.446944,73.785,13-05-2024 13:55,2024-05-13 13:55:00,2024,5,13,13,134,35.6,949.46,34.4
CWPRS campus,18.446944,73.785,13-05-2024 14:00,2024-05-13 14:00:00,2024,5,13,14,134,35.7,949.5,33.9
CWPRS campus,18.446944,73.785,13-05-2024 14:05,2024-05-13 14:05:00,2024,5,13,14,134,35.8,949.36,34.0
CWPRS campus,18.446944,73.785,13-05-2024 14:10,2024-05-13 14:10:00,2024,5,13,14,134,35.7,949.47,34.2
CWPRS campus,18.446944,73.785,13-05-2024 14:15,2024-05-13 14:15:00,2024,5,13,14,134,35.8,949.52,33.8
CWPRS campus,18.446944,73.785,13-05-2024 14:20,2024-05-13 14:20:00,2024,5,13,14,134,35.7,949.67,34.1
CWPRS campus,18.446944,73.785,13-05-2024 14:25,2024-05-13 14:25:00,2024,5,13,14,134,35.6,949.64,33.7
CWPRS campus,18.446944,73.785,13-05-2024 14:30,2024-05-13 14:30:00,2024,5,13,14,134,35.4,949.44,33.8
CWPRS campus,18.446944,73.785,13-05-2024 14:35,2024-05-13 14:35:00,2024,5,13,14,134,35.3,949.53,34.1
CWPRS campus,18.446944,73.785,13-05-2024 14:40,2024-05-13 14:40:00,2024,5,13,14,134,35.1,949.63,34.0
CWPRS campus,18.446944,73.785,13-05-2024 14:45,2024-05-13 14:45:00,2024,5,13,14,134,35.0,949.56,34.2
CWPRS campus,18.446944,73.785,13-05-2024 14:50,2024-05-13 14:50:00,2024,5,13,14,134,35.2,949.56,34.0
CWPRS campus,18.446944,73.785,13-05-2024 14:55,2024-05-13 14:55:00,2024,5,13,14,134,35.1,949.86,33.9
CWPRS campus,18.446944,73.785,13-05-2024 15:00,2024-05-13 15:00:00,2024,5,13,15,134,35.5,949.91,33.8
CWPRS campus,18.446944,73.785,13-05-2024 15:05,2024-05-13 15:05:00,2024,5,13,15,134,35.6,950.05,33.6
CWPRS campus,18.446944,73.785,13-05-2024 15:10,2024-05-13 15:10:00,2024,5,13,15,134,35.6,950.07,33.6
CWPRS campus,18.446944,73.785,13-05-2024 15:15,2024-05-13 15:15:00,2024,5,13,15,134,35.5,949.98,33.0
CWPRS campus,18.446944,73.785,13-05-2024 15:20,2024-05-13 15:20:00,2024,5,13,15,134,35.6,950.05,32.9
CWPRS campus,18.446944,73.785,13-05-2024 15:25,2024-05-13 15:25:00,2024,5,13,15,134,35.4,950.11,33.0
CWPRS campus,18.446944,73.785,13-05-2024 15:30,2024-05-13 15:30:00,2024,5,13,15,134,35.4,950.17,33.0
CWPRS campus,18.446944,73.785,13-05-2024 15:35,2024-05-13 15:35:00,2024,5,13,15,134,35.8,950.25,33.1
CWPRS campus,18.446944,73.785,13-05-2024 15:40,2024-05-13 15:40:00,2024,5,13,15,134,35.7,950.36,33.2
CWPRS campus,18.446944,73.785,13-05-2024 15:45,2024-05-13 15:45:00,2024,5,13,15,134,35.9,950.43,33.6
CWPRS campus,18.446944,73.785,13-05-2024 15:50,2024-05-13 15:50:00,2024,5,13,15,134,35.7,950.42,34.2
CWPRS campus,18.446944,73.785,13-05-2024 15:55,2024-05-13 15:55:00,2024,5,13,15,134,35.6,950.55,34.1
CWPRS campus,18.446944,73.785,13-05-2024 16:00,2024-05-13 16:00:00,2024,5,13,16,134,35.8,950.48,33.8
CWPRS campus,18.446944,73.785,13-05-2024 16:05,2024-05-13 16:05:00,2024,5,13,16,134,35.7,950.42,33.6
CWPRS campus,18.446944,73.785,13-05-2024 16:10,2024-05-13 16:10:00,2024,5,13,16,134,35.9,950.58,33.7
CWPRS campus,18.446944,73.785,13-05-2024 16:15,2024-05-13 16:15:00,2024,5,13,16,134,35.9,950.71,33.8
CWPRS campus,18.446944,73.785,13-05-2024 16:20,2024-05-13 16:20:00,2024,5,13,16,134,35.7,950.8,33.8
CWPRS campus,18.446944,73.785,13-05-2024 16:25,2024-05-13 16:25:00,2024,5,13,16,134,35.7,950.79,33.6
CWPRS campus,18.446944,73.785,13-05-2024 16:30,2024-05-13 16:30:00,2024,5,13,16,134,35.7,950.83,33.7
CWPRS campus,18.446944,73.785,13-05-2024 16:35,2024-05-13 16:35:00,2024,5,13,16,134,35.7,950.9,34.2
CWPRS campus,18.446944,73.785,13-05-2024 16:40,2024-05-13 16:40:00,2024,5,13,16,134,35.4,950.87,34.7
CWPRS campus,18.446944,73.785,13-05-2024 16:45,2024-05-13 16:45:00,2024,5,13,16,134,35.2,950.91,34.9
CWPRS campus,18.446944,73.785,13-05-2024 16:50,2024-05-13 16:50:00,2024,5,13,16,134,35.0,951.06,35.1
CWPRS campus,18.446944,73.785,13-05-2024 16:55,2024-05-13 16:55:00,2024,5,13,16,134,34.9,951.27,35.1
CWPRS campus,18.446944,73.785,13-05-2024 17:00,2024-05-13 17:00:00,2024,5,13,17,134,34.9,951.33,35.4
CWPRS campus,18.446944,73.785,13-05-2024 17:05,2024-05-13 17:05:00,2024,5,13,17,134,34.8,951.47,35.5
CWPRS campus,18.446944,73.785,13-05-2024 17:10,2024-05-13 17:10:00,2024,5,13,17,134,34.5,951.4,36.1
CWPRS campus,18.446944,73.785,13-05-2024 17:15,2024-05-13 17:15:00,2024,5,13,17,134,34.5,951.54,35.8
CWPRS campus,18.446944,73.785,13-05-2024 17:20,2024-05-13 17:20:00,2024,5,13,17,134,34.4,951.56,36.1
CWPRS campus,18.446944,73.785,13-05-2024 17:25,2024-05-13 17:25:00,2024,5,13,17,134,34.4,951.67,36.7
CWPRS campus,18.446944,73.785,13-05-2024 17:30,2024-05-13 17:30:00,2024,5,13,17,134,34.4,951.72,37.2
CWPRS campus,18.446944,73.785,13-05-2024 17:35,2024-05-13 17:35:00,2024,5,13,17,134,34.4,951.91,38.8
CWPRS campus,18.446944,73.785,13-05-2024 17:40,2024-05-13 17:40:00,2024,5,13,17,134,34.4,951.9,39.3
CWPRS campus,18.446944,73.785,13-05-2024 17:45,2024-05-13 17:45:00,2024,5,13,17,134,34.2,952.02,39.3
CWPRS campus,18.446944,73.785,13-05-2024 17:50,2024-05-13 17:50:00,2024,5,13,17,134,33.8,952.06,39.7
CWPRS campus,18.446944,73.785,13-05-2024 17:55,2024-05-13 17:55:00,2024,5,13,17,134,33.8,952.11,39.4
CWPRS campus,18.446944,73.785,13-05-2024 18:00,2024-05-13 18:00:00,2024,5,13,18,134,33.7,952.16,39.8
CWPRS campus,18.446944,73.785,13-05-2024 18:05,2024-05-13 18:05:00,2024,5,13,18,134,33.6,952.15,39.9
CWPRS campus,18.446944,73.785,13-05-2024 18:10,2024-05-13 18:10:00,2024,5,13,18,134,33.2,952.2,40.8
CWPRS campus,18.446944,73.785,13-05-2024 18:15,2024-05-13 18:15:00,2024,5,13,18,134,32.9,952.25,41.0
CWPRS campus,18.446944,73.785,13-05-2024 18:20,2024-05-13 18:20:00,2024,5,13,18,134,33.0,952.32,41.5
CWPRS campus,18.446944,73.785,13-05-2024 18:25,2024-05-13 18:25:00,2024,5,13,18,134,32.8,952.37,41.7
CWPRS campus,18.446944,73.785,13-05-2024 18:30,2024-05-13 18:30:00,2024,5,13,18,134,32.8,952.48,42.9
CWPRS campus,18.446944,73.785,13-05-2024 18:35,2024-05-13 18:35:00,2024,5,13,18,134,32.7,952.59,43.2
CWPRS campus,18.446944,73.785,13-05-2024 18:40,2024-05-13 18:40:00,2024,5,13,18,134,32.5,952.53,44.4
CWPRS campus,18.446944,73.785,13-05-2024 18:45,2024-05-13 18:45:00,2024,5,13,18,134,32.5,952.63,45.2
CWPRS campus,18.446944,73.785,13-05-2024 18:50,2024-05-13 18:50:00,2024,5,13,18,134,32.3,952.56,45.8
CWPRS campus,18.446944,73.785,13-05-2024 18:55,2024-05-13 18:55:00,2024,5,13,18,134,32.1,952.64,46.4
CWPRS campus,18.446944,73.785,13-05-2024 19:00,2024-05-13 19:00:00,2024,5,13,19,134,31.9,952.71,47.0
CWPRS campus,18.446944,73.785,13-05-2024 19:05,2024-05-13 19:05:00,2024,5,13,19,134,31.7,952.57,46.6
CWPRS campus,18.446944,73.785,13-05-2024 19:10,2024-05-13 19:10:00,2024,5,13,19,134,31.5,952.59,46.9
CWPRS campus,18.446944,73.785,13-05-2024 19:15,2024-05-13 19:15:00,2024,5,13,19,134,31.4,952.57,47.8
CWPRS campus,18.446944,73.785,13-05-2024 19:20,2024-05-13 19:20:00,2024,5,13,19,134,31.2,952.52,48.2
CWPRS campus,18.446944,73.785,13-05-2024 19:25,2024-05-13 19:25:00,2024,5,13,19,134,31.2,952.64,48.1
CWPRS campus,18.446944,73.785,13-05-2024 19:30,2024-05-13 19:30:00,2024,5,13,19,134,30.9,952.59,48.5
CWPRS campus,18.446944,73.785,13-05-2024 19:35,2024-05-13 19:35:00,2024,5,13,19,134,30.8,952.53,49.7
CWPRS campus,18.446944,73.785,13-05-2024 19:40,2024-05-13 19:40:00,2024,5,13,19,134,30.6,952.54,50.7
CWPRS campus,18.446944,73.785,13-05-2024 19:45,2024-05-13 19:45:00,2024,5,13,19,134,30.6,952.59,51.1
CWPRS campus,18.446944,73.785,13-05-2024 19:50,2024-05-13 19:50:00,2024,5,13,19,134,30.5,952.58,51.9
CWPRS campus,18.446944,73.785,13-05-2024 19:55,2024-05-13 19:55:00,2024,5,13,19,134,30.5,952.66,52.2
CWPRS campus,18.446944,73.785,13-05-2024 20:00,2024-05-13 20:00:00,2024,5,13,20,134,30.1,952.69,51.9
CWPRS campus,18.446944,73.785,13-05-2024 20:05,2024-05-13 20:05:00,2024,5,13,20,134,30.0,952.5,52.0
CWPRS campus,18.446944,73.785,13-05-2024 20:10,2024-05-13 20:10:00,2024,5,13,20,134,30.0,952.44,53.1
CWPRS campus,18.446944,73.785,13-05-2024 20:15,2024-05-13 20:15:00,2024,5,13,20,134,29.8,952.38,53.5
CWPRS campus,18.446944,73.785,13-05-2024 20:20,2024-05-13 20:20:00,2024,5,13,20,134,29.8,952.4,53.8
CWPRS campus,18.446944,73.785,13-05-2024 20:25,2024-05-13 20:25:00,2024,5,13,20,134,29.6,952.17,54.2
CWPRS campus,18.446944,73.785,13-05-2024 20:30,2024-05-13 20:30:00,2024,5,13,20,134,29.6,952.35,55.4
CWPRS campus,18.446944,73.785,13-05-2024 20:35,2024-05-13 20:35:00,2024,5,13,20,134,29.8,952.37,56.5
CWPRS campus,18.446944,73.785,13-05-2024 20:40,2024-05-13 20:40:00,2024,5,13,20,134,29.6,952.35,57.8
CWPRS campus,18.446944,73.785,13-05-2024 20:45,2024-05-13 20:45:00,2024,5,13,20,134,29.3,952.41,58.1
CWPRS campus,18.446944,73.785,13-05-2024 20:50,2024-05-13 20:50:00,2024,5,13,20,134,29.3,952.56,58.6
CWPRS campus,18.446944,73.785,13-05-2024 20:55,2024-05-13 20:55:00,2024,5,13,20,134,29.4,952.58,58.4
CWPRS campus,18.446944,73.785,13-05-2024 21:00,2024-05-13 21:00:00,2024,5,13,21,134,29.1,952.61,59.4
CWPRS campus,18.446944,73.785,13-05-2024 21:05,2024-05-13 21:05:00,2024,5,13,21,134,28.9,952.56,59.3
CWPRS campus,18.446944,73.785,13-05-2024 21:10,2024-05-13 21:10:00,2024,5,13,21,134,28.6,952.49,59.8
CWPRS campus,18.446944,73.785,13-05-2024 21:15,2024-05-13 21:15:00,2024,5,13,21,134,28.3,952.39,59.7
CWPRS campus,18.446944,73.785,13-05-2024 21:20,2024-05-13 21:20:00,2024,5,13,21,134,27.9,952.27,59.9
CWPRS campus,18.446944,73.785,13-05-2024 21:25,2024-05-13 21:25:00,2024,5,13,21,134,27.6,952.16,60.0
CWPRS campus,18.446944,73.785,13-05-2024 21:30,2024-05-13 21:30:00,2024,5,13,21,134,27.4,952.0,60.2
CWPRS campus,18.446944,73.785,13-05-2024 21:35,2024-05-13 21:35:00,2024,5,13,21,134,27.2,951.94,60.5
CWPRS campus,18.446944,73.785,13-05-2024 21:40,2024-05-13 21:40:00,2024,5,13,21,134,27.1,951.76,60.7
CWPRS campus,18.446944,73.785,13-05-2024 21:45,2024-05-13 21:45:00,2024,5,13,21,134,27.2,951.73,61.5
CWPRS campus,18.446944,73.785,13-05-2024 21:50,2024-05-13 21:50:00,2024,5,13,21,134,26.9,951.68,61.5
CWPRS campus,18.446944,73.785,13-05-2024 21:55,2024-05-13 21:55:00,2024,5,13,21,134,26.9,951.64,62.1
CWPRS campus,18.446944,73.785,13-05-2024 22:00,2024-05-13 22:00:00,2024,5,13,22,134,26.7,951.55,63.0
CWPRS campus,18.446944,73.785,13-05-2024 22:05,2024-05-13 22:05:00,2024,5,13,22,134,26.6,951.75,63.3
CWPRS campus,18.446944,73.785,13-05-2024 22:10,2024-05-13 22:10:00,2024,5,13,22,134,26.5,951.8,63.4
CWPRS campus,18.446944,73.785,13-05-2024 22:15,2024-05-13 22:15:00,2024,5,13,22,134,26.2,951.64,63.8
CWPRS campus,18.446944,73.785,13-05-2024 22:20,2024-05-13 22:20:00,2024,5,13,22,134,26.1,951.6,64.7
CWPRS campus,18.446944,73.785,13-05-2024 22:25,2024-05-13 22:25:00,2024,5,13,22,134,26.0,951.5,65.2
CWPRS campus,18.446944,73.785,13-05-2024 22:30,2024-05-13 22:30:00,2024,5,13,22,134,26.0,951.36,65.4
CWPRS campus,18.446944,73.785,13-05-2024 22:35,2024-05-13 22:35:00,2024,5,13,22,134,25.9,951.21,66.0
CWPRS campus,18.446944,73.785,13-05-2024 22:40,2024-05-13 22:40:00,2024,5,13,22,134,26.1,951.2,65.9
CWPRS campus,18.446944,73.785,13-05-2024 22:45,2024-05-13 22:45:00,2024,5,13,22,134,25.8,951.1,66.6
CWPRS campus,18.446944,73.785,13-05-2024 22:50,2024-05-13 22:50:00,2024,5,13,22,134,25.6,951.13,67.2
CWPRS campus,18.446944,73.785,13-05-2024 22:55,2024-05-13 22:55:00,2024,5,13,22,134,25.4,951.17,67.4
CWPRS campus,18.446944,73.785,13-05-2024 23:00,2024-05-13 23:00:00,2024,5,13,23,134,25.2,951.23,67.5
CWPRS campus,18.446944,73.785,13-05-2024 23:05,2024-05-13 23:05:00,2024,5,13,23,134,25.0,951.11,67.5
CWPRS campus,18.446944,73.785,13-05-2024 23:10,2024-05-13 23:10:00,2024,5,13,23,134,25.0,951.1,68.1
CWPRS campus,18.446944,73.785,13-05-2024 23:15,2024-05-13 23:15:00,2024,5,13,23,134,25.1,951.11,69.0
CWPRS campus,18.446944,73.785,13-05-2024 23:20,2024-05-13 23:20:00,2024,5,13,23,134,24.9,951.03,69.1
CWPRS campus,18.446944,73.785,13-05-2024 23:25,2024-05-13 23:25:00,2024,5,13,23,134,24.6,950.92,69.6
CWPRS campus,18.446944,73.785,13-05-2024 23:30,2024-05-13 23:30:00,2024,5,13,23,134,24.6,951.02,69.1
CWPRS campus,18.446944,73.785,13-05-2024 23:35,2024-05-13 23:35:00,2024,5,13,23,134,24.4,950.99,69.2
CWPRS campus,18.446944,73.785,13-05-2024 23:40,2024-05-13 23:40:00,2024,5,13,23,134,24.4,951.01,69.6
CWPRS campus,18.446944,73.785,13-05-2024 23:45,2024-05-13 23:45:00,2024,5,13,23,134,24.3,950.9,69.6
CWPRS campus,18.446944,73.785,13-05-2024 23:50,2024-05-13 23:50:00,2024,5,13,23,134,24.0,950.77,69.6
CWPRS campus,18.446944,73.785,13-05-2024 23:55,2024-05-13 23:55:00,2024,5,13,23,134,24.1,950.7,69.7
CWPRS campus,18.446944,73.785,14-05-2024 00:00,2024-05-14 00:00:00,2024,5,14,0,135,24.3,950.67,70.2
CWPRS campus,18.446944,73.785,14-05-2024 00:05,2024-05-14 00:05:00,2024,5,14,0,135,24.1,950.56,70.5
CWPRS campus,18.446944,73.785,14-05-2024 00:10,2024-05-14 00:10:00,2024,5,14,0,135,23.9,950.55,69.9
CWPRS campus,18.446944,73.785,14-05-2024 00:15,2024-05-14 00:15:00,2024,5,14,0,135,23.9,950.4,69.5
CWPRS campus,18.446944,73.785,14-05-2024 00:20,2024-05-14 00:20:00,2024,5,14,0,135,23.8,950.31,69.6
CWPRS campus,18.446944,73.785,14-05-2024 00:25,2024-05-14 00:25:00,2024,5,14,0,135,23.8,950.37,70.2
CWPRS campus,18.446944,73.785,14-05-2024 00:30,2024-05-14 00:30:00,2024,5,14,0,135,24.0,950.42,69.5
CWPRS campus,18.446944,73.785,14-05-2024 00:35,2024-05-14 00:35:00,2024,5,14,0,135,23.9,950.39,68.30759901132294
CWPRS campus,18.446944,73.785,14-05-2024 00:40,2024-05-14 00:40:00,2024,5,14,0,135,23.7,950.32,67.11519802264587
CWPRS campus,18.446944,73.785,14-05-2024 00:45,2024-05-14 00:45:00,2024,5,14,0,135,23.4,950.25,66.62279703396878
CWPRS campus,18.446944,73.785,14-05-2024 00:50,2024-05-14 00:50:00,2024,5,14,0,135,23.2,950.24,65.43039604529172
CWPRS campus,18.446944,73.785,14-05-2024 00:55,2024-05-14 00:55:00,2024,5,14,0,135,23.1,950.31,64.53799505661465
CWPRS campus,18.446944,73.785,14-05-2024 01:00,2024-05-14 01:00:00,2024,5,14,1,135,23.3,950.4,63.545594067937586
CWPRS campus,18.446944,73.785,14-05-2024 01:05,2024-05-14 01:05:00,2024,5,14,1,135,23.2,950.39,61.65319307926052
CWPRS campus,18.446944,73.785,14-05-2024 01:10,2024-05-14 01:10:00,2024,5,14,1,135,23.2,950.32,60.86079209058344
CWPRS campus,18.446944,73.785,14-05-2024 01:15,2024-05-14 01:15:00,2024,5,14,1,135,23.1,950.37,59.86839110190637
CWPRS campus,18.446944,73.785,14-05-2024 01:20,2024-05-14 01:20:00,2024,5,14,1,135,23.2,950.34,58.87599011322929
CWPRS campus,18.446944,73.785,14-05-2024 01:25,2024-05-14 01:25:00,2024,5,14,1,135,23.5,950.34,59.28358912455222
CWPRS campus,18.446944,73.785,14-05-2024 01:30,2024-05-14 01:30:00,2024,5,14,1,135,23.4,950.48,57.29118813587516
CWPRS campus,18.446944,73.785,14-05-2024 01:35,2024-05-14 01:35:00,2024,5,14,1,135,23.2,950.59,56.69878714719808
CWPRS campus,18.446944,73.785,14-05-2024 01:40,2024-05-14 01:40:00,2024,5,14,1,135,23.3,950.64,55.306386158521015
CWPRS campus,18.446944,73.785,14-05-2024 01:45,2024-05-14 01:45:00,2024,5,14,1,135,23.4,950.58,54.21398516984394
CWPRS campus,18.446944,73.785,14-05-2024 01:50,2024-05-14 01:50:00,2024,5,14,1,135,23.6,950.65,52.92158418116688
CWPRS campus,18.446944,73.785,14-05-2024 01:55,2024-05-14 01:55:00,2024,5,14,1,135,23.6,950.78,51.4291831924898
CWPRS campus,18.446944,73.785,14-05-2024 02:00,2024-05-14 02:00:00,2024,5,14,2,135,23.5,950.8,49.83678220381274
CWPRS campus,18.446944,73.785,14-05-2024 02:05,2024-05-14 02:05:00,2024,5,14,2,135,23.5,950.96,48.74438121513567
CWPRS campus,18.446944,73.785,14-05-2024 02:10,2024-05-14 02:10:00,2024,5,14,2,135,23.6,951.11,46.751980226458585
CWPRS campus,18.446944,73.785,14-05-2024 02:15,2024-05-14 02:15:00,2024,5,14,2,135,23.7,951.29,45.75957923778152
CWPRS campus,18.446944,73.785,14-05-2024 02:20,2024-05-14 02:20:00,2024,5,14,2,135,23.7,951.36,44.26717824910446
CWPRS campus,18.446944,73.785,14-05-2024 02:25,2024-05-14 02:25:00,2024,5,14,2,135,23.8,951.45,42.47477726042738
CWPRS campus,18.446944,73.785,14-05-2024 02:30,2024-05-14 02:30:00,2024,5,14,2,135,23.9,951.61,40.98237627175032
CWPRS campus,18.446944,73.785,14-05-2024 02:35,2024-05-14 02:35:00,2024,5,14,2,135,24.1,951.69,75.0
CWPRS campus,18.446944,73.785,14-05-2024 02:40,2024-05-14 02:40:00,2024,5,14,2,135,24.1,951.7,74.8
CWPRS campus,18.446944,73.785,14-05-2024 02:45,2024-05-14 02:45:00,2024,5,14,2,135,24.0,951.71,74.9
CWPRS campus,18.446944,73.785,14-05-2024 02:50,2024-05-14 02:50:00,2024,5,14,2,135,24.0,951.78,74.6
CWPRS campus,18.446944,73.785,14-05-2024 02:55,2024-05-14 02:55:00,2024,5,14,2,135,24.1,951.73,74.9
CWPRS campus,18.446944,73.785,14-05-2024 03:00,2024-05-14 03:00:00,2024,5,14,3,135,23.9,951.78,75.2
CWPRS campus,18.446944,73.785,14-05-2024 03:05,2024-05-14 03:05:00,2024,5,14,3,135,24.0,951.93,75.9
CWPRS campus,18.446944,73.785,14-05-2024 03:10,2024-05-14 03:10:00,2024,5,14,3,135,23.9,951.82,75.7
CWPRS campus,18.446944,73.785,14-05-2024 03:15,2024-05-14 03:15:00,2024,5,14,3,135,23.9,952.01,75.8
CWPRS campus,18.446944,73.785,14-05-2024 03:20,2024-05-14 03:20:00,2024,5,14,3,135,24.0,952.16,75.7
CWPRS campus,18.446944,73.785,14-05-2024 03:25,2024-05-14 03:25:00,2024,5,14,3,135,24.0,952.19,76.1
CWPRS campus,18.446944,73.785,14-05-2024 03:30,2024-05-14 03:30:00,2024,5,14,3,135,24.0,952.3,75.6
CWPRS campus,18.446944,73.785,14-05-2024 03:35,2024-05-14 03:35:00,2024,5,14,3,135,23.8,952.36,75.8
CWPRS campus,18.446944,73.785,14-05-2024 03:40,2024-05-14 03:40:00,2024,5,14,3,135,23.9,952.53,75.5
CWPRS campus,18.446944,73.785,14-05-2024 03:45,2024-05-14 03:45:00,2024,5,14,3,135,24.0,952.67,75.3
CWPRS campus,18.446944,73.785,14-05-2024 03:50,2024-05-14 03:50:00,2024,5,14,3,135,24.4,952.62,75.1
CWPRS campus,18.446944,73.785,14-05-2024 03:55,2024-05-14 03:55:00,2024,5,14,3,135,24.3,952.73,75.0
CWPRS campus,18.446944,73.785,14-05-2024 04:00,2024-05-14 04:00:00,2024,5,14,4,135,24.4,952.78,74.7
CWPRS campus,18.446944,73.785,14-05-2024 04:05,2024-05-14 04:05:00,2024,5,14,4,135,24.4,952.85,74.5
CWPRS campus,18.446944,73.785,14-05-2024 04:10,2024-05-14 04:10:00,2024,5,14,4,135,24.7,952.86,74.9
CWPRS campus,18.446944,73.785,14-05-2024 04:15,2024-05-14 04:15:00,2024,5,14,4,135,24.6,953.07,75.0
CWPRS campus,18.446944,73.785,14-05-2024 04:20,2024-05-14 04:20:00,2024,5,14,4,135,24.7,953.21,75.1
CWPRS campus,18.446944,73.785,14-05-2024 04:25,2024-05-14 04:25:00,2024,5,14,4,135,24.8,953.21,74.5
CWPRS campus,18.446944,73.785,14-05-2024 04:30,2024-05-14 04:30:00,2024,5,14,4,135,24.9,953.17,73.8
CWPRS campus,18.446944,73.785,14-05-2024 04:35,2024-05-14 04:35:00,2024,5,14,4,135,24.8,953.2,73.9
CWPRS campus,18.446944,73.785,14-05-2024 04:40,2024-05-14 04:40:00,2024,5,14,4,135,24.9,953.3,73.9
CWPRS campus,18.446944,73.785,14-05-2024 04:45,2024-05-14 04:45:00,2024,5,14,4,135,25.1,953.38,74.1
CWPRS campus,18.446944,73.785,14-05-2024 04:50,2024-05-14 04:50:00,2024,5,14,4,135,25.0,953.55,73.5
CWPRS campus,18.446944,73.785,14-05-2024 04:55,2024-05-14 04:55:00,2024,5,14,4,135,25.0,953.67,73.0
CWPRS campus,18.446944,73.785,14-05-2024 05:00,2024-05-14 05:00:00,2024,5,14,5,135,25.0,953.8,72.0
CWPRS campus,18.446944,73.785,14-05-2024 05:05,2024-05-14 05:05:00,2024,5,14,5,135,25.2,953.88,71.4
CWPRS campus,18.446944,73.785,14-05-2024 05:10,2024-05-14 05:10:00,2024,5,14,5,135,25.1,953.81,71.5
CWPRS campus,18.446944,73.785,14-05-2024 05:15,2024-05-14 05:15:00,2024,5,14,5,135,25.0,953.85,70.9
CWPRS campus,18.446944,73.785,14-05-2024 05:20,2024-05-14 05:20:00,2024,5,14,5,135,25.2,953.98,70.8
CWPRS campus,18.446944,73.785,14-05-2024 05:25,2024-05-14 05:25:00,2024,5,14,5,135,25.5,954.03,70.3
CWPRS campus,18.446944,73.785,14-05-2024 05:30,2024-05-14 05:30:00,2024,5,14,5,135,25.6,954.11,70.0
CWPRS campus,18.446944,73.785,14-05-2024 05:35,2024-05-14 05:35:00,2024,5,14,5,135,25.6,954.13,69.2
CWPRS campus,18.446944,73.785,14-05-2024 05:40,2024-05-14 05:40:00,2024,5,14,5,135,25.9,954.09,68.8
CWPRS campus,18.446944,73.785,14-05-2024 05:45,2024-05-14 05:45:00,2024,5,14,5,135,25.8,954.12,67.2
CWPRS campus,18.446944,73.785,14-05-2024 05:50,2024-05-14 05:50:00,2024,5,14,5,135,25.6,954.18,66.8
CWPRS campus,18.446944,73.785,14-05-2024 05:55,2024-05-14 05:55:00,2024,5,14,5,135,25.7,954.17,65.8
CWPRS campus,18.446944,73.785,14-05-2024 06:00,2024-05-14 06:00:00,2024,5,14,6,135,25.8,954.19,65.9
CWPRS campus,18.446944,73.785,14-05-2024 06:05,2024-05-14 06:05:00,2024,5,14,6,135,25.8,954.15,65.9
CWPRS campus,18.446944,73.785,14-05-2024 06:10,2024-05-14 06:10:00,2024,5,14,6,135,26.0,954.28,65.7
CWPRS campus,18.446944,73.785,14-05-2024 06:15,2024-05-14 06:15:00,2024,5,14,6,135,26.2,954.28,65.9
CWPRS campus,18.446944,73.785,14-05-2024 06:20,2024-05-14 06:20:00,2024,5,14,6,135,26.2,954.43,65.1
CWPRS campus,18.446944,73.785,14-05-2024 06:25,2024-05-14 06:25:00,2024,5,14,6,135,26.1,954.58,65.3
CWPRS campus,18.446944,73.785,14-05-2024 06:30,2024-05-14 06:30:00,2024,5,14,6,135,26.4,954.58,65.2
CWPRS campus,18.446944,73.785,14-05-2024 06:35,2024-05-14 06:35:00,2024,5,14,6,135,26.7,954.52,64.7
CWPRS campus,18.446944,73.785,14-05-2024 06:40,2024-05-14 06:40:00,2024,5,14,6,135,26.8,954.36,64.6
CWPRS campus,18.446944,73.785,14-05-2024 06:45,2024-05-14 06:45:00,2024,5,14,6,135,27.2,954.26,63.7
CWPRS campus,18.446944,73.785,14-05-2024 06:50,2024-05-14 06:50:00,2024,5,14,6,135,27.2,954.17,62.9
CWPRS campus,18.446944,73.785,14-05-2024 06:55,2024-05-14 06:55:00,2024,5,14,6,135,27.1,954.31,62.1
CWPRS campus,18.446944,73.785,14-05-2024 07:00,2024-05-14 07:00:00,2024,5,14,7,135,27.1,954.33,61.5
CWPRS campus,18.446944,73.785,14-05-2024 07:05,2024-05-14 07:05:00,2024,5,14,7,135,27.3,954.37,60.6
CWPRS campus,18.446944,73.785,14-05-2024 07:10,2024-05-14 07:10:00,2024,5,14,7,135,27.5,954.2,60.6
CWPRS campus,18.446944,73.785,14-05-2024 07:15,2024-05-14 07:15:00,2024,5,14,7,135,27.6,954.11,60.0
CWPRS campus,18.446944,73.785,14-05-2024 07:20,2024-05-14 07:20:00,2024,5,14,7,135,27.8,954.2,59.7
CWPRS campus,18.446944,73.785,14-05-2024 07:25,2024-05-14 07:25:00,2024,5,14,7,135,27.8,954.22,59.0
CWPRS campus,18.446944,73.785,14-05-2024 07:30,2024-05-14 07:30:00,2024,5,14,7,135,28.2,954.21,57.8
CWPRS campus,18.446944,73.785,14-05-2024 07:35,2024-05-14 07:35:00,2024,5,14,7,135,28.3,954.26,57.5
CWPRS campus,18.446944,73.785,14-05-2024 07:40,2024-05-14 07:40:00,2024,5,14,7,135,28.6,954.38,56.3
CWPRS campus,18.446944,73.785,14-05-2024 07:45,2024-05-14 07:45:00,2024,5,14,7,135,28.8,954.35,55.8
CWPRS campus,18.446944,73.785,14-05-2024 07:50,2024-05-14 07:50:00,2024,5,14,7,135,29.1,954.34,54.9
CWPRS campus,18.446944,73.785,14-05-2024 07:55,2024-05-14 07:55:00,2024,5,14,7,135,29.3,954.33,55.3
CWPRS campus,18.446944,73.785,14-05-2024 08:00,2024-05-14 08:00:00,2024,5,14,8,135,29.5,954.5,55.2
CWPRS campus,18.446944,73.785,14-05-2024 08:05,2024-05-14 08:05:00,2024,5,14,8,135,29.7,954.3,54.8
CWPRS campus,18.446944,73.785,14-05-2024 08:10,2024-05-14 08:10:00,2024,5,14,8,135,30.1,954.33,54.8
CWPRS campus,18.446944,73.785,14-05-2024 08:15,2024-05-14 08:15:00,2024,5,14,8,135,30.2,954.29,54.0
CWPRS campus,18.446944,73.785,14-05-2024 08:20,2024-05-14 08:20:00,2024,5,14,8,135,30.5,954.3,53.7
CWPRS campus,18.446944,73.785,14-05-2024 08:25,2024-05-14 08:25:00,2024,5,14,8,135,30.6,954.21,53.3
CWPRS campus,18.446944,73.785,14-05-2024 08:30,2024-05-14 08:30:00,2024,5,14,8,135,30.9,954.17,52.9
CWPRS campus,18.446944,73.785,14-05-2024 08:35,2024-05-14 08:35:00,2024,5,14,8,135,31.0,954.18,52.9
CWPRS campus,18.446944,73.785,14-05-2024 08:40,2024-05-14 08:40:00,2024,5,14,8,135,31.4,954.39,52.7
CWPRS campus,18.446944,73.785,14-05-2024 08:45,2024-05-14 08:45:00,2024,5,14,8,135,31.5,954.4,52.2
CWPRS campus,18.446944,73.785,14-05-2024 08:50,2024-05-14 08:50:00,2024,5,14,8,135,31.4,954.27,51.0
CWPRS campus,18.446944,73.785,14-05-2024 08:55,2024-05-14 08:55:00,2024,5,14,8,135,31.5,954.18,50.1
CWPRS campus,18.446944,73.785,14-05-2024 09:00,2024-05-14 09:00:00,2024,5,14,9,135,31.5,954.08,49.6
CWPRS campus,18.446944,73.785,14-05-2024 09:05,2024-05-14 09:05:00,2024,5,14,9,135,31.8,953.88,49.1
CWPRS campus,18.446944,73.785,14-05-2024 09:10,2024-05-14 09:10:00,2024,5,14,9,135,31.8,953.8,48.2
CWPRS campus,18.446944,73.785,14-05-2024 09:15,2024-05-14 09:15:00,2024,5,14,9,135,31.9,953.81,48.7
CWPRS campus,18.446944,73.785,14-05-2024 09:20,2024-05-14 09:20:00,2024,5,14,9,135,31.8,953.65,48.8
CWPRS campus,18.446944,73.785,14-05-2024 09:25,2024-05-14 09:25:00,2024,5,14,9,135,31.9,953.68,48.5
CWPRS campus,18.446944,73.785,14-05-2024 09:30,2024-05-14 09:30:00,2024,5,14,9,135,31.7,953.66,48.0
CWPRS campus,18.446944,73.785,14-05-2024 09:35,2024-05-14 09:35:00,2024,5,14,9,135,31.6,953.55,47.4
CWPRS campus,18.446944,73.785,14-05-2024 09:40,2024-05-14 09:40:00,2024,5,14,9,135,31.9,953.48,46.5
CWPRS campus,18.446944,73.785,14-05-2024 09:45,2024-05-14 09:45:00,2024,5,14,9,135,32.2,953.55,46.0
CWPRS campus,18.446944,73.785,14-05-2024 09:50,2024-05-14 09:50:00,2024,5,14,9,135,32.4,953.54,45.6
CWPRS campus,18.446944,73.785,14-05-2024 09:55,2024-05-14 09:55:00,2024,5,14,9,135,32.4,953.48,44.6
CWPRS campus,18.446944,73.785,14-05-2024 10:00,2024-05-14 10:00:00,2024,5,14,10,135,32.6,953.4,44.3
CWPRS campus,18.446944,73.785,14-05-2024 10:05,2024-05-14 10:05:00,2024,5,14,10,135,32.8,953.34,43.7
CWPRS campus,18.446944,73.785,14-05-2024 10:10,2024-05-14 10:10:00,2024,5,14,10,135,32.8,953.23,42.5
CWPRS campus,18.446944,73.785,14-05-2024 10:15,2024-05-14 10:15:00,2024,5,14,10,135,33.2,953.0,41.7
CWPRS campus,18.446944,73.785,14-05-2024 10:20,2024-05-14 10:20:00,2024,5,14,10,135,33.4,953.11,41.2
CWPRS campus,18.446944,73.785,14-05-2024 10:25,2024-05-14 10:25:00,2024,5,14,10,135,33.6,953.06,41.5
CWPRS campus,18.446944,73.785,14-05-2024 10:30,2024-05-14 10:30:00,2024,5,14,10,135,33.7,953.04,41.3
CWPRS campus,18.446944,73.785,14-05-2024 10:35,2024-05-14 10:35:00,2024,5,14,10,135,33.9,952.97,40.4
CWPRS campus,18.446944,73.785,14-05-2024 10:40,2024-05-14 10:40:00,2024,5,14,10,135,33.7,952.85,40.2
CWPRS campus,18.446944,73.785,14-05-2024 10:45,2024-05-14 10:45:00,2024,5,14,10,135,33.8,952.78,39.1
CWPRS campus,18.446944,73.785,14-05-2024 10:50,2024-05-14 10:50:00,2024,5,14,10,135,33.9,952.6,39.2
CWPRS campus,18.446944,73.785,14-05-2024 10:55,2024-05-14 10:55:00,2024,5,14,10,135,33.9,952.73,38.6
CWPRS campus,18.446944,73.785,14-05-2024 11:00,2024-05-14 11:00:00,2024,5,14,11,135,34.0,952.58,38.2
CWPRS campus,18.446944,73.785,14-05-2024 11:05,2024-05-14 11:05:00,2024,5,14,11,135,34.5,952.45,38.4
CWPRS campus,18.446944,73.785,14-05-2024 11:10,2024-05-14 11:10:00,2024,5,14,11,135,34.7,952.37,37.5
CWPRS campus,18.446944,73.785,14-05-2024 11:15,2024-05-14 11:15:00,2024,5,14,11,135,34.7,952.43,36.6
CWPRS campus,18.446944,73.785,14-05-2024 11:20,2024-05-14 11:20:00,2024,5,14,11,135,35.0,952.39,36.0
CWPRS campus,18.446944,73.785,14-05-2024 11:25,2024-05-14 11:25:00,2024,5,14,11,135,35.3,952.25,36.1
CWPRS campus,18.446944,73.785,14-05-2024 11:30,2024-05-14 11:30:00,2024,5,14,11,135,35.6,952.32,35.2
CWPRS campus,18.446944,73.785,14-05-2024 11:35,2024-05-14 11:35:00,2024,5,14,11,135,35.7,952.34,33.8
CWPRS campus,18.446944,73.785,14-05-2024 11:40,2024-05-14 11:40:00,2024,5,14,11,135,35.7,952.34,33.4
CWPRS campus,18.446944,73.785,14-05-2024 11:45,2024-05-14 11:45:00,2024,5,14,11,135,35.9,952.36,33.4
CWPRS campus,18.446944,73.785,14-05-2024 11:50,2024-05-14 11:50:00,2024,5,14,11,135,36.1,952.52,33.6
CWPRS campus,18.446944,73.785,14-05-2024 11:55,2024-05-14 11:55:00,2024,5,14,11,135,36.3,952.65,33.2
CWPRS campus,18.446944,73.785,14-05-2024 12:00,2024-05-14 12:00:00,2024,5,14,12,135,36.5,952.55,32.8
CWPRS campus,18.446944,73.785,14-05-2024 12:05,2024-05-14 12:05:00,2024,5,14,12,135,36.7,952.64,33.0
CWPRS campus,18.446944,73.785,14-05-2024 12:10,2024-05-14 12:10:00,2024,5,14,12,135,36.7,952.62,32.1
CWPRS campus,18.446944,73.785,14-05-2024 12:15,2024-05-14 12:15:00,2024,5,14,12,135,37.0,952.62,31.7
CWPRS campus,18.446944,73.785,14-05-2024 12:20,2024-05-14 12:20:00,2024,5,14,12,135,37.1,952.45,31.6
CWPRS campus,18.446944,73.785,14-05-2024 12:25,2024-05-14 12:25:00,2024,5,14,12,135,37.4,952.41,31.6
CWPRS campus,18.446944,73.785,14-05-2024 12:30,2024-05-14 12:30:00,2024,5,14,12,135,37.4,952.31,31.2
CWPRS campus,18.446944,73.785,14-05-2024 12:35,2024-05-14 12:35:00,2024,5,14,12,135,37.7,952.36,31.0
CWPRS campus,18.446944,73.785,14-05-2024 12:40,2024-05-14 12:40:00,2024,5,14,12,135,37.7,952.43,-47.03180760336364
CWPRS campus,18.446944,73.785,14-05-2024 12:45,2024-05-14 12:45:00,2024,5,14,12,135,37.7,952.24,-47.43180760336364
CWPRS campus,18.446944,73.785,14-05-2024 12:50,2024-05-14 12:50:00,2024,5,14,12,135,37.6,952.23,-47.331807603363636
CWPRS campus,18.446944,73.785,14-05-2024 12:55,2024-05-14 12:55:00,2024,5,14,12,135,37.6,952.31,-47.831807603363636
CWPRS campus,18.446944,73.785,14-05-2024 13:00,2024-05-14 13:00:00,2024,5,14,13,135,37.7,952.29,29.0
CWPRS campus,18.446944,73.785,14-05-2024 13:05,2024-05-14 13:05:00,2024,5,14,13,135,37.8,952.35,29.1
CWPRS campus,18.446944,73.785,14-05-2024 13:10,2024-05-14 13:10:00,2024,5,14,13,135,37.8,952.37,28.9
CWPRS campus,18.446944,73.785,14-05-2024 13:15,2024-05-14 13:15:00,2024,5,14,13,135,37.8,952.4,28.9
CWPRS campus,18.446944,73.785,14-05-2024 13:20,2024-05-14 13:20:00,2024,5,14,13,135,38.2,952.38,28.5
CWPRS campus,18.446944,73.785,14-05-2024 13:25,2024-05-14 13:25:00,2024,5,14,13,135,38.4,952.29,28.3
CWPRS campus,18.446944,73.785,14-05-2024 13:30,2024-05-14 13:30:00,2024,5,14,13,135,38.5,952.21,28.5
CWPRS campus,18.446944,73.785,14-05-2024 13:35,2024-05-14 13:35:00,2024,5,14,13,135,38.5,952.29,28.6
CWPRS campus,18.446944,73.785,14-05-2024 13:40,2024-05-14 13:40:00,2024,5,14,13,135,38.5,952.31,28.3
CWPRS campus,18.446944,73.785,14-05-2024 13:45,2024-05-14 13:45:00,2024,5,14,13,135,38.6,952.33,28.4
CWPRS campus,18.446944,73.785,14-05-2024 13:50,2024-05-14 13:50:00,2024,5,14,13,135,38.4,952.32,28.6
CWPRS campus,18.446944,73.785,14-05-2024 13:55,2024-05-14 13:55:00,2024,5,14,13,135,38.4,952.33,27.8
CWPRS campus,18.446944,73.785,14-05-2024 14:00,2024-05-14 14:00:00,2024,5,14,14,135,38.1,952.45,28.2
CWPRS campus,18.446944,73.785,14-05-2024 14:05,2024-05-14 14:05:00,2024,5,14,14,135,38.2,952.45,28.1
CWPRS campus,18.446944,73.785,14-05-2024 14:10,2024-05-14 14:10:00,2024,5,14,14,135,38.3,952.38,28.3
CWPRS campus,18.446944,73.785,14-05-2024 14:15,2024-05-14 14:15:00,2024,5,14,14,135,38.2,952.49,28.8
CWPRS campus,18.446944,73.785,14-05-2024 14:20,2024-05-14 14:20:00,2024,5,14,14,135,38.4,952.52,28.2
CWPRS campus,18.446944,73.785,14-05-2024 14:25,2024-05-14 14:25:00,2024,5,14,14,135,38.2,952.57,28.0
CWPRS campus,18.446944,73.785,14-05-2024 14:30,2024-05-14 14:30:00,2024,5,14,14,135,38.0,952.74,27.9
CWPRS campus,18.446944,73.785,14-05-2024 14:35,2024-05-14 14:35:00,2024,5,14,14,135,38.0,952.79,27.7
CWPRS campus,18.446944,73.785,14-05-2024 14:40,2024-05-14 14:40:00,2024,5,14,14,135,38.2,952.86,28.4
CWPRS campus,18.446944,73.785,14-05-2024 14:45,2024-05-14 14:45:00,2024,5,14,14,135,38.4,952.82,28.2
CWPRS campus,18.446944,73.785,14-05-2024 14:50,2024-05-14 14:50:00,2024,5,14,14,135,38.3,952.85,28.0
CWPRS campus,18.446944,73.785,14-05-2024 14:55,2024-05-14 14:55:00,2024,5,14,14,135,38.4,952.96,28.2
CWPRS campus,18.446944,73.785,14-05-2024 15:00,2024-05-14 15:00:00,2024,5,14,15,135,38.4,952.89,27.8
CWPRS campus,18.446944,73.785,14-05-2024 15:05,2024-05-14 15:05:00,2024,5,14,15,135,38.3,952.97,27.8
CWPRS campus,18.446944,73.785,14-05-2024 15:10,2024-05-14 15:10:00,2024,5,14,15,135,38.4,953.05,28.1
CWPRS campus,18.446944,73.785,14-05-2024 15:15,2024-05-14 15:15:00,2024,5,14,15,135,38.5,953.12,28.1
CWPRS campus,18.446944,73.785,14-05-2024 15:20,2024-05-14 15:20:00,2024,5,14,15,135,38.2,953.27,28.2
CWPRS campus,18.446944,73.785,14-05-2024 15:25,2024-05-14 15:25:00,2024,5,14,15,135,38.3,953.36,28.2
CWPRS campus,18.446944,73.785,14-05-2024 15:30,2024-05-14 15:30:00,2024,5,14,15,135,38.5,953.54,27.7
CWPRS campus,18.446944,73.785,14-05-2024 15:35,2024-05-14 15:35:00,2024,5,14,15,135,38.3,953.52,28.1
CWPRS campus,18.446944,73.785,14-05-2024 15:40,2024-05-14 15:40:00,2024,5,14,15,135,38.3,953.59,29.0
CWPRS campus,18.446944,73.785,14-05-2024 15:45,2024-05-14 15:45:00,2024,5,14,15,135,38.3,953.67,29.2
CWPRS campus,18.446944,73.785,14-05-2024 15:50,2024-05-14 15:50:00,2024,5,14,15,135,38.3,953.65,29.5
CWPRS campus,18.446944,73.785,14-05-2024 15:55,2024-05-14 15:55:00,2024,5,14,15,135,38.1,953.79,30.0
CWPRS campus,18.446944,73.785,14-05-2024 16:00,2024-05-14 16:00:00,2024,5,14,16,135,37.9,954.04,29.7
CWPRS campus,18.446944,73.785,14-05-2024 16:05,2024-05-14 16:05:00,2024,5,14,16,135,37.8,954.1,30.6
CWPRS campus,18.446944,73.785,14-05-2024 16:10,2024-05-14 16:10:00,2024,5,14,16,135,37.9,954.2,30.9
CWPRS campus,18.446944,73.785,14-05-2024 16:15,2024-05-14 16:15:00,2024,5,14,16,135,37.9,954.26,31.7
CWPRS campus,18.446944,73.785,14-05-2024 16:20,2024-05-14 16:20:00,2024,5,14,16,135,37.8,954.26,31.6
CWPRS campus,18.446944,73.785,14-05-2024 16:25,2024-05-14 16:25:00,2024,5,14,16,135,37.8,954.18,32.5
CWPRS campus,18.446944,73.785,14-05-2024 16:30,2024-05-14 16:30:00,2024,5,14,16,135,37.3,954.19,33.0
CWPRS campus,18.446944,73.785,14-05-2024 16:35,2024-05-14 16:35:00,2024,5,14,16,135,37.4,954.14,33.4
CWPRS campus,18.446944,73.785,14-05-2024 16:40,2024-05-14 16:40:00,2024,5,14,16,135,37.0,954.35,33.7
CWPRS campus,18.446944,73.785,14-05-2024 16:45,2024-05-14 16:45:00,2024,5,14,16,135,36.9,954.4,33.8
CWPRS campus,18.446944,73.785,14-05-2024 16:50,2024-05-14 16:50:00,2024,5,14,16,135,36.6,954.44,34.4
CWPRS campus,18.446944,73.785,14-05-2024 16:55,2024-05-14 16:55:00,2024,5,14,16,135,36.4,954.57,34.7
CWPRS campus,18.446944,73.785,14-05-2024 17:00,2024-05-14 17:00:00,2024,5,14,17,135,36.5,954.54,34.1
CWPRS campus,18.446944,73.785,14-05-2024 17:05,2024-05-14 17:05:00,2024,5,14,17,135,36.3,954.54,33.9
CWPRS campus,18.446944,73.785,14-05-2024 17:10,2024-05-14 17:10:00,2024,5,14,17,135,36.3,954.61,34.1
CWPRS campus,18.446944,73.785,14-05-2024 17:15,2024-05-14 17:15:00,2024,5,14,17,135,36.2,954.75,34.5
CWPRS campus,18.446944,73.785,14-05-2024 17:20,2024-05-14 17:20:00,2024,5,14,17,135,36.2,954.84,34.8
CWPRS campus,18.446944,73.785,14-05-2024 17:25,2024-05-14 17:25:00,2024,5,14,17,135,36.1,954.91,35.6
CWPRS campus,18.446944,73.785,14-05-2024 17:30,2024-05-14 17:30:00,2024,5,14,17,135,35.8,954.97,35.1
CWPRS campus,18.446944,73.785,14-05-2024 17:35,2024-05-14 17:35:00,2024,5,14,17,135,35.9,955.05,35.5
CWPRS campus,18.446944,73.785,14-05-2024 17:40,2024-05-14 17:40:00,2024,5,14,17,135,35.7,945.8770340044072,35.1
CWPRS campus,18.446944,73.785,14-05-2024 17:45,2024-05-14 17:45:00,2024,5,14,17,135,35.4,945.8270340044071,35.8
CWPRS campus,18.446944,73.785,14-05-2024 17:50,2024-05-14 17:50:00,2024,5,14,17,135,35.2,945.8770340044072,36.1
CWPRS campus,18.446944,73.785,14-05-2024 17:55,2024-05-14 17:55:00,2024,5,14,17,135,35.4,945.8270340044071,36.6
CWPRS campus,18.446944,73.785,14-05-2024 18:00,2024-05-14 18:00:00,2024,5,14,18,135,35.4,945.8770340044072,36.7
CWPRS campus,18.446944,73.785,14-05-2024 18:05,2024-05-14 18:05:00,2024,5,14,18,135,35.2,945.8770340044072,37.6
CWPRS campus,18.446944,73.785,14-05-2024 18:10,2024-05-14 18:10:00,2024,5,14,18,135,35.1,946.1170340044072,38.4
CWPRS campus,18.446944,73.785,14-05-2024 18:15,2024-05-14 18:15:00,2024,5,14,18,135,34.9,946.1370340044072,39.0
CWPRS campus,18.446944,73.785,14-05-2024 18:20,2024-05-14 18:20:00,2024,5,14,18,135,35.1,946.0470340044071,39.3
CWPRS campus,18.446944,73.785,14-05-2024 18:25,2024-05-14 18:25:00,2024,5,14,18,135,35.0,946.0570340044071,39.9
CWPRS campus,18.446944,73.785,14-05-2024 18:30,2024-05-14 18:30:00,2024,5,14,18,135,35.0,946.1270340044072,40.0
CWPRS campus,18.446944,73.785,14-05-2024 18:35,2024-05-14 18:35:00,2024,5,14,18,135,35.0,946.2770340044071,40.7
CWPRS campus,18.446944,73.785,14-05-2024 18:40,2024-05-14 18:40:00,2024,5,14,18,135,34.9,946.2370340044072,41.7
CWPRS campus,18.446944,73.785,14-05-2024 18:45,2024-05-14 18:45:00,2024,5,14,18,135,34.7,946.1170340044072,42.5
CWPRS campus,18.446944,73.785,14-05-2024 18:50,2024-05-14 18:50:00,2024,5,14,18,135,34.5,946.1970340044071,42.5
CWPRS campus,18.446944,73.785,14-05-2024 18:55,2024-05-14 18:55:00,2024,5,14,18,135,34.3,946.0970340044072,43.0
CWPRS campus,18.446944,73.785,14-05-2024 19:00,2024-05-14 19:00:00,2024,5,14,19,135,34.2,946.0670340044071,42.9
CWPRS campus,18.446944,73.785,14-05-2024 19:05,2024-05-14 19:05:00,2024,5,14,19,135,34.2,946.0470340044071,43.5
CWPRS campus,18.446944,73.785,14-05-2024 19:10,2024-05-14 19:10:00,2024,5,14,19,135,34.0,946.0470340044071,44.1
CWPRS campus,18.446944,73.785,14-05-2024 19:15,2024-05-14 19:15:00,2024,5,14,19,135,34.0,946.1070340044072,43.7
CWPRS campus,18.446944,73.785,14-05-2024 19:20,2024-05-14 19:20:00,2024,5,14,19,135,33.8,946.0470340044071,43.7
CWPRS campus,18.446944,73.785,14-05-2024 19:25,2024-05-14 19:25:00,2024,5,14,19,135,33.6,946.0170340044072,44.0
CWPRS campus,18.446944,73.785,14-05-2024 19:30,2024-05-14 19:30:00,2024,5,14,19,135,33.2,946.0070340044072,44.3
CWPRS campus,18.446944,73.785,14-05-2024 19:35,2024-05-14 19:35:00,2024,5,14,19,135,33.2,946.0070340044072,44.3
CWPRS campus,18.446944,73.785,14-05-2024 19:40,2024-05-14 19:40:00,2024,5,14,19,135,33.1,946.0070340044072,45.0
CWPRS campus,18.446944,73.785,14-05-2024 19:45,2024-05-14 19:45:00,2024,5,14,19,135,33.1,946.0270340044071,45.5
CWPRS campus,18.446944,73.785,14-05-2024 19:50,2024-05-14 19:50:00,2024,5,14,19,135,32.5,955.3,46.0
CWPRS campus,18.446944,73.785,14-05-2024 19:55,2024-05-14 19:55:00,2024,5,14,19,135,32.7,955.31,46.1
CWPRS campus,18.446944,73.785,14-05-2024 20:00,2024-05-14 20:00:00,2024,5,14,20,135,32.5,955.31,47.1
CWPRS campus,18.446944,73.785,14-05-2024 20:05,2024-05-14 20:05:00,2024,5,14,20,135,32.5,955.15,48.2
CWPRS campus,18.446944,73.785,14-05-2024 20:10,2024-05-14 20:10:00,2024,5,14,20,135,32.2,955.12,48.5
CWPRS campus,18.446944,73.785,14-05-2024 20:15,2024-05-14 20:15:00,2024,5,14,20,135,32.1,955.13,48.7
CWPRS campus,18.446944,73.785,14-05-2024 20:20,2024-05-14 20:20:00,2024,5,14,20,135,31.8,955.15,49.3
CWPRS campus,18.446944,73.785,14-05-2024 20:25,2024-05-14 20:25:00,2024,5,14,20,135,31.5,955.05,49.7
CWPRS campus,18.446944,73.785,14-05-2024 20:30,2024-05-14 20:30:00,2024,5,14,20,135,31.7,954.95,50.1
CWPRS campus,18.446944,73.785,14-05-2024 20:35,2024-05-14 20:35:00,2024,5,14,20,135,31.5,954.87,50.8
CWPRS campus,18.446944,73.785,14-05-2024 20:40,2024-05-14 20:40:00,2024,5,14,20,135,31.4,954.87,50.5
CWPRS campus,18.446944,73.785,14-05-2024 20:45,2024-05-14 20:45:00,2024,5,14,20,135,31.3,954.9,51.6
CWPRS campus,18.446944,73.785,14-05-2024 20:50,2024-05-14 20:50:00,2024,5,14,20,135,31.3,954.82,52.0
CWPRS campus,18.446944,73.785,14-05-2024 20:55,2024-05-14 20:55:00,2024,5,14,20,135,31.1,954.84,52.3
CWPRS campus,18.446944,73.785,14-05-2024 21:00,2024-05-14 21:00:00,2024,5,14,21,135,31.0,954.79,52.8
CWPRS campus,18.446944,73.785,14-05-2024 21:05,2024-05-14 21:05:00,2024,5,14,21,135,31.2,954.72,53.2
CWPRS campus,18.446944,73.785,14-05-2024 21:10,2024-05-14 21:10:00,2024,5,14,21,135,31.0,954.65,53.0
CWPRS campus,18.446944,73.785,14-05-2024 21:15,2024-05-14 21:15:00,2024,5,14,21,135,30.8,954.65,54.1
CWPRS campus,18.446944,73.785,14-05-2024 21:20,2024-05-14 21:20:00,2024,5,14,21,135,30.8,954.61,54.6
CWPRS campus,18.446944,73.785,14-05-2024 21:25,2024-05-14 21:25:00,2024,5,14,21,135,30.8,954.73,55.2
CWPRS campus,18.446944,73.785,14-05-2024 21:30,2024-05-14 21:30:00,2024,5,14,21,135,30.8,954.58,56.1
CWPRS campus,18.446944,73.785,14-05-2024 21:35,2024-05-14 21:35:00,2024,5,14,21,135,30.7,954.56,56.1
CWPRS campus,18.446944,73.785,14-05-2024 21:40,2024-05-14 21:40:00,2024,5,14,21,135,30.3,954.44,56.7
CWPRS campus,18.446944,73.785,14-05-2024 21:45,2024-05-14 21:45:00,2024,5,14,21,135,30.4,954.3,57.1
CWPRS campus,18.446944,73.785,14-05-2024 21:50,2024-05-14 21:50:00,2024,5,14,21,135,30.0,954.23,57.8
CWPRS campus,18.446944,73.785,14-05-2024 21:55,2024-05-14 21:55:00,2024,5,14,21,135,29.9,954.17,57.4
CWPRS campus,18.446944,73.785,14-05-2024 22:00,2024-05-14 22:00:00,2024,5,14,22,135,29.6,954.34,57.8
CWPRS campus,18.446944,73.785,14-05-2024 22:05,2024-05-14 22:05:00,2024,5,14,22,135,29.4,954.24,58.0
CWPRS campus,18.446944,73.785,14-05-2024 22:10,2024-05-14 22:10:00,2024,5,14,22,135,29.3,954.08,58.7
CWPRS campus,18.446944,73.785,14-05-2024 22:15,2024-05-14 22:15:00,2024,5,14,22,135,29.2,954.03,59.3
CWPRS campus,18.446944,73.785,14-05-2024 22:20,2024-05-14 22:20:00,2024,5,14,22,135,29.1,953.79,59.5
CWPRS campus,18.446944,73.785,14-05-2024 22:25,2024-05-14 22:25:00,2024,5,14,22,135,29.1,953.71,59.6
CWPRS campus,18.446944,73.785,14-05-2024 22:30,2024-05-14 22:30:00,2024,5,14,22,135,29.0,953.65,60.0
CWPRS campus,18.446944,73.785,14-05-2024 22:35,2024-05-14 22:35:00,2024,5,14,22,135,28.8,953.65,60.1
CWPRS campus,18.446944,73.785,14-05-2024 22:40,2024-05-14 22:40:00,2024,5,14,22,135,28.8,953.66,60.9
CWPRS campus,18.446944,73.785,14-05-2024 22:45,2024-05-14 22:45:00,2024,5,14,22,135,28.8,953.56,61.2
CWPRS campus,18.446944,73.785,14-05-2024 22:50,2024-05-14 22:50:00,2024,5,14,22,135,28.5,953.48,60.4
CWPRS campus,18.446944,73.785,14-05-2024 22:55,2024-05-14 22:55:00,2024,5,14,22,135,28.4,953.36,60.8
CWPRS campus,18.446944,73.785,14-05-2024 23:00,2024-05-14 23:00:00,2024,5,14,23,135,28.3,953.21,60.8
CWPRS campus,18.446944,73.785,14-05-2024 23:05,2024-05-14 23:05:00,2024,5,14,23,135,28.1,953.18,60.7
CWPRS campus,18.446944,73.785,14-05-2024 23:10,2024-05-14 23:10:00,2024,5,14,23,135,28.2,953.02,60.7
CWPRS campus,18.446944,73.785,14-05-2024 23:15,2024-05-14 23:15:00,2024,5,14,23,135,28.0,952.94,61.2
CWPRS campus,18.446944,73.785,14-05-2024 23:20,2024-05-14 23:20:00,2024,5,14,23,135,27.8,952.82,62.3
CWPRS campus,18.446944,73.785,14-05-2024 23:25,2024-05-14 23:25:00,2024,5,14,23,135,27.7,952.82,62.8
CWPRS campus,18.446944,73.785,14-05-2024 23:30,2024-05-14 23:30:00,2024,5,14,23,135,27.5,952.92,63.0
CWPRS campus,18.446944,73.785,14-05-2024 23:35,2024-05-14 23:35:00,2024,5,14,23,135,27.2,952.78,63.6
CWPRS campus,18.446944,73.785,14-05-2024 23:40,2024-05-14 23:40:00,2024,5,14,23,135,26.9,952.59,63.9
CWPRS campus,18.446944,73.785,14-05-2024 23:45,2024-05-14 23:45:00,2024,5,14,23,135,27.0,952.55,64.0
CWPRS campus,18.446944,73.785,14-05-2024 23:50,2024-05-14 23:50:00,2024,5,14,23,135,26.7,952.52,64.0
CWPRS campus,18.446944,73.785,14-05-2024 23:55,2024-05-14 23:55:00,2024,5,14,23,135,26.5,952.51,63.7
CWPRS campus,18.446944,73.785,15-05-2024 00:00,2024-05-15 00:00:00,2024,5,15,0,136,26.1,952.45,64.0
CWPRS campus,18.446944,73.785,15-05-2024 00:05,2024-05-15 00:05:00,2024,5,15,0,136,25.9,952.42,64.5
CWPRS campus,18.446944,73.785,15-05-2024 00:10,2024-05-15 00:10:00,2024,5,15,0,136,25.6,952.43,64.8
CWPRS campus,18.446944,73.785,15-05-2024 00:15,2024-05-15 00:15:00,2024,5,15,0,136,25.8,952.49,65.1
CWPRS campus,18.446944,73.785,15-05-2024 00:20,2024-05-15 00:20:00,2024,5,15,0,136,25.9,952.32,65.1
CWPRS campus,18.446944,73.785,15-05-2024 00:25,2024-05-15 00:25:00,2024,5,15,0,136,25.7,952.28,65.7
CWPRS campus,18.446944,73.785,15-05-2024 00:30,2024-05-15 00:30:00,2024,5,15,0,136,25.9,952.29,65.6
CWPRS campus,18.446944,73.785,15-05-2024 00:35,2024-05-15 00:35:00,2024,5,15,0,136,26.0,952.21,66.3
CWPRS campus,18.446944,73.785,15-05-2024 00:40,2024-05-15 00:40:00,2024,5,15,0,136,25.9,952.35,66.2
CWPRS campus,18.446944,73.785,15-05-2024 00:45,2024-05-15 00:45:00,2024,5,15,0,136,25.4,952.29,66.2
CWPRS campus,18.446944,73.785,15-05-2024 00:50,2024-05-15 00:50:00,2024,5,15,0,136,25.7,952.29,66.0
CWPRS campus,18.446944,73.785,15-05-2024 00:55,2024-05-15 00:55:00,2024,5,15,0,136,25.4,952.34,66.2
CWPRS campus,18.446944,73.785,15-05-2024 01:00,2024-05-15 01:00:00,2024,5,15,1,136,25.1,952.29,66.9
CWPRS campus,18.446944,73.785,15-05-2024 01:05,2024-05-15 01:05:00,2024,5,15,1,136,25.2,952.16,67.4
CWPRS campus,18.446944,73.785,15-05-2024 01:10,2024-05-15 01:10:00,2024,5,15,1,136,25.5,952.14,68.1
CWPRS campus,18.446944,73.785,15-05-2024 01:15,2024-05-15 01:15:00,2024,5,15,1,136,25.7,952.24,68.6
CWPRS campus,18.446944,73.785,15-05-2024 01:20,2024-05-15 01:20:00,2024,5,15,1,136,25.7,952.23,68.4
CWPRS campus,18.446944,73.785,15-05-2024 01:25,2024-05-15 01:25:00,2024,5,15,1,136,25.7,952.19,68.5
CWPRS campus,18.446944,73.785,15-05-2024 01:30,2024-05-15 01:30:00,2024,5,15,1,136,25.8,952.29,68.4
CWPRS campus,18.446944,73.785,15-05-2024 01:35,2024-05-15 01:35:00,2024,5,15,1,136,25.8,952.29,69.1
CWPRS campus,18.446944,73.785,15-05-2024 01:40,2024-05-15 01:40:00,2024,5,15,1,136,25.8,952.28,68.8
CWPRS campus,18.446944,73.785,15-05-2024 01:45,2024-05-15 01:45:00,2024,5,15,1,136,25.7,952.33,69.4
CWPRS campus,18.446944,73.785,15-05-2024 01:50,2024-05-15 01:50:00,2024,5,15,1,136,25.7,952.43,69.9
CWPRS campus,18.446944,73.785,15-05-2024 01:55,2024-05-15 01:55:00,2024,5,15,1,136,25.5,952.65,70.8
CWPRS campus,18.446944,73.785,15-05-2024 02:00,2024-05-15 02:00:00,2024,5,15,2,136,25.4,952.75,70.7
CWPRS campus,18.446944,73.785,15-05-2024 02:05,2024-05-15 02:05:00,2024,5,15,2,136,25.1,952.87,71.0
CWPRS campus,18.446944,73.785,15-05-2024 02:10,2024-05-15 02:10:00,2024,5,15,2,136,25.1,952.86,72.0
CWPRS campus,18.446944,73.785,15-05-2024 02:15,2024-05-15 02:15:00,2024,5,15,2,136,24.9,952.81,71.7
CWPRS campus,18.446944,73.785,15-05-2024 02:20,2024-05-15 02:20:00,2024,5,15,2,136,24.7,952.85,71.1
CWPRS campus,18.446944,73.785,15-05-2024 02:25,2024-05-15 02:25:00,2024,5,15,2,136,24.8,952.9,70.4
CWPRS campus,18.446944,73.785,15-05-2024 02:30,2024-05-15 02:30:00,2024,5,15,2,136,25.0,952.86,70.7
CWPRS campus,18.446944,73.785,15-05-2024 02:35,2024-05-15 02:35:00,2024,5,15,2,136,25.1,952.89,70.0
CWPRS campus,18.446944,73.785,15-05-2024 02:40,2024-05-15 02:40:00,2024,5,15,2,136,24.9,952.97,69.9
CWPRS campus,18.446944,73.785,15-05-2024 02:45,2024-05-15 02:45:00,2024,5,15,2,136,24.7,953.05,70.1
CWPRS campus,18.446944,73.785,15-05-2024 02:50,2024-05-15 02:50:00,2024,5,15,2,136,24.9,953.14,70.2
CWPRS campus,18.446944,73.785,15-05-2024 02:55,2024-05-15 02:55:00,2024,5,15,2,136,24.8,953.22,70.3
CWPRS campus,18.446944,73.785,15-05-2024 03:00,2024-05-15 03:00:00,2024,5,15,3,136,24.8,953.23,70.4
CWPRS campus,18.446944,73.785,15-05-2024 03:05,2024-05-15 03:05:00,2024,5,15,3,136,24.9,953.24,70.9
CWPRS campus,18.446944,73.785,15-05-2024 03:10,2024-05-15 03:10:00,2024,5,15,3,136,24.8,953.2,70.4
CWPRS campus,18.446944,73.785,15-05-2024 03:15,2024-05-15 03:15:00,2024,5,15,3,136,24.8,953.41,70.1
CWPRS campus,18.446944,73.785,15-05-2024 03:20,2024-05-15 03:20:00,2024,5,15,3,136,24.7,953.47,69.7
CWPRS campus,18.446944,73.785,15-05-2024 03:25,2024-05-15 03:25:00,2024,5,15,3,136,24.6,953.51,70.0
CWPRS campus,18.446944,73.785,15-05-2024 03:30,2024-05-15 03:30:00,2024,5,15,3,136,24.7,953.49,70.2
CWPRS campus,18.446944,73.785,15-05-2024 03:35,2024-05-15 03:35:00,2024,5,15,3,136,24.6,953.79,70.3
CWPRS campus,18.446944,73.785,15-05-2024 03:40,2024-05-15 03:40:00,2024,5,15,3,136,24.7,953.76,70.6
CWPRS campus,18.446944,73.785,15-05-2024 03:45,2024-05-15 03:45:00,2024,5,15,3,136,24.8,953.79,70.0
CWPRS campus,18.446944,73.785,15-05-2024 03:50,2024-05-15 03:50:00,2024,5,15,3,136,24.9,953.88,70.5
CWPRS campus,18.446944,73.785,15-05-2024 03:55,2024-05-15 03:55:00,2024,5,15,3,136,25.1,953.99,70.9
CWPRS campus,18.446944,73.785,15-05-2024 04:00,2024-05-15 04:00:00,2024,5,15,4,136,25.3,954.12,70.9
CWPRS campus,18.446944,73.785,15-05-2024 04:05,2024-05-15 04:05:00,2024,5,15,4,136,25.4,954.32,71.4
CWPRS campus,18.446944,73.785,15-05-2024 04:10,2024-05-15 04:10:00,2024,5,15,4,136,25.4,954.41,70.4
CWPRS campus,18.446944,73.785,15-05-2024 04:15,2024-05-15 04:15:00,2024,5,15,4,136,25.5,954.37,69.9
CWPRS campus,18.446944,73.785,15-05-2024 04:20,2024-05-15 04:20:00,2024,5,15,4,136,25.7,954.41,69.4
CWPRS campus,18.446944,73.785,15-05-2024 04:25,2024-05-15 04:25:00,2024,5,15,4,136,25.8,954.48,69.4
CWPRS campus,18.446944,73.785,15-05-2024 04:30,2024-05-15 04:30:00,2024,5,15,4,136,25.8,954.7,68.7
CWPRS campus,18.446944,73.785,15-05-2024 04:35,2024-05-15 04:35:00,2024,5,15,4,136,25.8,954.63,68.7
CWPRS campus,18.446944,73.785,15-05-2024 04:40,2024-05-15 04:40:00,2024,5,15,4,136,25.8,954.77,69.0
CWPRS campus,18.446944,73.785,15-05-2024 04:45,2024-05-15 04:45:00,2024,5,15,4,136,25.7,954.83,68.9
CWPRS campus,18.446944,73.785,15-05-2024 04:50,2024-05-15 04:50:00,2024,5,15,4,136,26.1,954.94,68.7
CWPRS campus,18.446944,73.785,15-05-2024 04:55,2024-05-15 04:55:00,2024,5,15,4,136,26.0,954.97,67.9
CWPRS campus,18.446944,73.785,15-05-2024 05:00,2024-05-15 05:00:00,2024,5,15,5,136,26.0,954.94,67.2
CWPRS campus,18.446944,73.785,15-05-2024 05:05,2024-05-15 05:05:00,2024,5,15,5,136,26.0,955.04,67.4
CWPRS campus,18.446944,73.785,15-05-2024 05:10,2024-05-15 05:10:00,2024,5,15,5,136,26.3,955.13,67.3
CWPRS campus,18.446944,73.785,15-05-2024 05:15,2024-05-15 05:15:00,2024,5,15,5,136,26.3,955.25,66.9
CWPRS campus,18.446944,73.785,15-05-2024 05:20,2024-05-15 05:20:00,2024,5,15,5,136,26.6,955.27,66.4
CWPRS campus,18.446944,73.785,15-05-2024 05:25,2024-05-15 05:25:00,2024,5,15,5,136,26.7,955.25,65.2
CWPRS campus,18.446944,73.785,15-05-2024 05:30,2024-05-15 05:30:00,2024,5,15,5,136,26.8,955.16,64.4
CWPRS campus,18.446944,73.785,15-05-2024 05:35,2024-05-15 05:35:00,2024,5,15,5,136,26.8,955.26,64.8
CWPRS campus,18.446944,73.785,15-05-2024 05:40,2024-05-15 05:40:00,2024,5,15,5,136,27.3,955.32,63.9
CWPRS campus,18.446944,73.785,15-05-2024 05:45,2024-05-15 05:45:00,2024,5,15,5,136,27.2,955.27,63.7
CWPRS campus,18.446944,73.785,15-05-2024 05:50,2024-05-15 05:50:00,2024,5,15,5,136,27.4,955.25,63.7
CWPRS campus,18.446944,73.785,15-05-2024 05:55,2024-05-15 05:55:00,2024,5,15,5,136,27.6,955.24,62.8
CWPRS campus,18.446944,73.785,15-05-2024 06:00,2024-05-15 06:00:00,2024,5,15,6,136,27.8,955.14,62.5
CWPRS campus,18.446944,73.785,15-05-2024 06:05,2024-05-15 06:05:00,2024,5,15,6,136,27.9,955.11,62.5
CWPRS campus,18.446944,73.785,15-05-2024 06:10,2024-05-15 06:10:00,2024,5,15,6,136,28.0,955.04,62.1
CWPRS campus,18.446944,73.785,15-05-2024 06:15,2024-05-15 06:15:00,2024,5,15,6,136,28.1,955.04,62.8
CWPRS campus,18.446944,73.785,15-05-2024 06:20,2024-05-15 06:20:00,2024,5,15,6,136,28.2,955.0,61.6
CWPRS campus,18.446944,73.785,15-05-2024 06:25,2024-05-15 06:25:00,2024,5,15,6,136,28.5,954.9,61.6
CWPRS campus,18.446944,73.785,15-05-2024 06:30,2024-05-15 06:30:00,2024,5,15,6,136,28.9,955.09,61.1
CWPRS campus,18.446944,73.785,15-05-2024 06:35,2024-05-15 06:35:00,2024,5,15,6,136,29.0,955.21,60.9
CWPRS campus,18.446944,73.785,15-05-2024 06:40,2024-05-15 06:40:00,2024,5,15,6,136,28.9,955.16,60.6
CWPRS campus,18.446944,73.785,15-05-2024 06:45,2024-05-15 06:45:00,2024,5,15,6,136,29.0,955.19,59.8
CWPRS campus,18.446944,73.785,15-05-2024 06:50,2024-05-15 06:50:00,2024,5,15,6,136,29.5,955.23,59.4
CWPRS campus,18.446944,73.785,15-05-2024 06:55,2024-05-15 06:55:00,2024,5,15,6,136,29.5,955.33,58.2
CWPRS campus,18.446944,73.785,15-05-2024 07:00,2024-05-15 07:00:00,2024,5,15,7,136,29.9,955.26,58.0
CWPRS campus,18.446944,73.785,15-05-2024 07:05,2024-05-15 07:05:00,2024,5,15,7,136,30.3,955.34,57.6
CWPRS campus,18.446944,73.785,15-05-2024 07:10,2024-05-15 07:10:00,2024,5,15,7,136,30.3,955.29,57.4
CWPRS campus,18.446944,73.785,15-05-2024 07:15,2024-05-15 07:15:00,2024,5,15,7,136,30.5,955.17,57.3
CWPRS campus,18.446944,73.785,15-05-2024 07:20,2024-05-15 07:20:00,2024,5,15,7,136,30.8,955.21,56.9
CWPRS campus,18.446944,73.785,15-05-2024 07:25,2024-05-15 07:25:00,2024,5,15,7,136,30.9,955.3,56.5
CWPRS campus,18.446944,73.785,15-05-2024 07:30,2024-05-15 07:30:00,2024,5,15,7,136,30.9,955.48,55.6
CWPRS campus,18.446944,73.785,15-05-2024 07:35,2024-05-15 07:35:00,2024,5,15,7,136,31.0,955.35,54.8
CWPRS campus,18.446944,73.785,15-05-2024 07:40,2024-05-15 07:40:00,2024,5,15,7,136,30.9,955.38,54.8
CWPRS campus,18.446944,73.785,15-05-2024 07:45,2024-05-15 07:45:00,2024,5,15,7,136,31.0,955.31,54.8
CWPRS campus,18.446944,73.785,15-05-2024 07:50,2024-05-15 07:50:00,2024,5,15,7,136,30.9,955.33,54.2
CWPRS campus,18.446944,73.785,15-05-2024 07:55,2024-05-15 07:55:00,2024,5,15,7,136,31.1,955.17,53.6
CWPRS campus,18.446944,73.785,15-05-2024 08:00,2024-05-15 08:00:00,2024,5,15,8,136,31.1,955.03,52.7
CWPRS campus,18.446944,73.785,15-05-2024 08:05,2024-05-15 08:05:00,2024,5,15,8,136,31.3,954.93,52.7
CWPRS campus,18.446944,73.785,15-05-2024 08:10,2024-05-15 08:10:00,2024,5,15,8,136,31.2,954.89,52.4
CWPRS campus,18.446944,73.785,15-05-2024 08:15,2024-05-15 08:15:00,2024,5,15,8,136,31.4,954.8,52.6
CWPRS campus,18.446944,73.785,15-05-2024 08:20,2024-05-15 08:20:00,2024,5,15,8,136,31.7,954.81,51.7
CWPRS campus,18.446944,73.785,15-05-2024 08:25,2024-05-15 08:25:00,2024,5,15,8,136,31.5,954.85,51.0
CWPRS campus,18.446944,73.785,15-05-2024 08:30,2024-05-15 08:30:00,2024,5,15,8,136,31.8,954.84,50.5
CWPRS campus,18.446944,73.785,15-05-2024 08:35,2024-05-15 08:35:00,2024,5,15,8,136,32.1,954.91,50.2
CWPRS campus,18.446944,73.785,15-05-2024 08:40,2024-05-15 08:40:00,2024,5,15,8,136,32.1,954.88,49.6
CWPRS campus,18.446944,73.785,15-05-2024 08:45,2024-05-15 08:45:00,2024,5,15,8,136,32.5,954.72,48.7
CWPRS campus,18.446944,73.785,15-05-2024 08:50,2024-05-15 08:50:00,2024,5,15,8,136,32.7,954.77,48.5
CWPRS campus,18.446944,73.785,15-05-2024 08:55,2024-05-15 08:55:00,2024,5,15,8,136,32.8,954.65,48.2
CWPRS campus,18.446944,73.785,15-05-2024 09:00,2024-05-15 09:00:00,2024,5,15,9,136,32.9,954.65,47.3
CWPRS campus,18.446944,73.785,15-05-2024 09:05,2024-05-15 09:05:00,2024,5,15,9,136,33.1,954.7,47.3
CWPRS campus,18.446944,73.785,15-05-2024 09:10,2024-05-15 09:10:00,2024,5,15,9,136,33.3,954.66,47.2
CWPRS campus,18.446944,73.785,15-05-2024 09:15,2024-05-15 09:15:00,2024,5,15,9,136,33.5,954.46,46.7
CWPRS campus,18.446944,73.785,15-05-2024 09:20,2024-05-15 09:20:00,2024,5,15,9,136,33.5,954.31,46.2
CWPRS campus,18.446944,73.785,15-05-2024 09:25,2024-05-15 09:25:00,2024,5,15,9,136,33.7,954.34,45.8
CWPRS campus,18.446944,73.785,15-05-2024 09:30,2024-05-15 09:30:00,2024,5,15,9,136,33.6,954.25,44.9
CWPRS campus,18.446944,73.785,15-05-2024 09:35,2024-05-15 09:35:00,2024,5,15,9,136,33.8,954.18,44.4
CWPRS campus,18.446944,73.785,15-05-2024 09:40,2024-05-15 09:40:00,2024,5,15,9,136,33.8,954.16,43.0
CWPRS campus,18.446944,73.785,15-05-2024 09:45,2024-05-15 09:45:00,2024,5,15,9,136,33.8,954.13,42.8
CWPRS campus,18.446944,73.785,15-05-2024 09:50,2024-05-15 09:50:00,2024,5,15,9,136,34.2,954.07,41.7
CWPRS campus,18.446944,73.785,15-05-2024 09:55,2024-05-15 09:55:00,2024,5,15,9,136,34.5,953.97,41.9
CWPRS campus,18.446944,73.785,15-05-2024 10:00,2024-05-15 10:00:00,2024,5,15,10,136,34.7,953.86,41.3
CWPRS campus,18.446944,73.785,15-05-2024 10:05,2024-05-15 10:05:00,2024,5,15,10,136,34.7,953.84,40.7
CWPRS campus,18.446944,73.785,15-05-2024 10:10,2024-05-15 10:10:00,2024,5,15,10,136,34.8,953.8,40.0
CWPRS campus,18.446944,73.785,15-05-2024 10:15,2024-05-15 10:15:00,2024,5,15,10,136,35.1,953.69,39.4
CWPRS campus,18.446944,73.785,15-05-2024 10:20,2024-05-15 10:20:00,2024,5,15,10,136,35.3,953.7,39.6
CWPRS campus,18.446944,73.785,15-05-2024 10:25,2024-05-15 10:25:00,2024,5,15,10,136,35.8,953.6,38.1
CWPRS campus,18.446944,73.785,15-05-2024 10:30,2024-05-15 10:30:00,2024,5,15,10,136,35.9,953.45,38.2
CWPRS campus,18.446944,73.785,15-05-2024 10:35,2024-05-15 10:35:00,2024,5,15,10,136,36.1,953.3,37.9
CWPRS campus,18.446944,73.785,15-05-2024 10:40,2024-05-15 10:40:00,2024,5,15,10,136,36.1,953.15,37.0
CWPRS campus,18.446944,73.785,15-05-2024 10:45,2024-05-15 10:45:00,2024,5,15,10,136,36.3,953.05,36.2
CWPRS campus,18.446944,73.785,15-05-2024 10:50,2024-05-15 10:50:00,2024,5,15,10,136,36.3,953.08,36.5
CWPRS campus,18.446944,73.785,15-05-2024 10:55,2024-05-15 10:55:00,2024,5,15,10,136,36.6,952.94,35.7
CWPRS campus,18.446944,73.785,15-05-2024 11:00,2024-05-15 11:00:00,2024,5,15,11,136,36.8,952.89,34.9
CWPRS campus,18.446944,73.785,15-05-2024 11:05,2024-05-15 11:05:00,2024,5,15,11,136,36.8,952.77,35.0
CWPRS campus,18.446944,73.785,15-05-2024 11:10,2024-05-15 11:10:00,2024,5,15,11,136,36.7,952.68,34.8
CWPRS campus,18.446944,73.785,15-05-2024 11:15,2024-05-15 11:15:00,2024,5,15,11,136,36.5,952.5,34.1
CWPRS campus,18.446944,73.785,15-05-2024 11:20,2024-05-15 11:20:00,2024,5,15,11,136,36.7,952.43,33.8
CWPRS campus,18.446944,73.785,15-05-2024 11:25,2024-05-15 11:25:00,2024,5,15,11,136,36.6,952.36,33.1
CWPRS campus,18.446944,73.785,15-05-2024 11:30,2024-05-15 11:30:00,2024,5,15,11,136,36.4,952.35,33.2
CWPRS campus,18.446944,73.785,15-05-2024 11:35,2024-05-15 11:35:00,2024,5,15,11,136,36.6,952.32,33.3
CWPRS campus,18.446944,73.785,15-05-2024 11:40,2024-05-15 11:40:00,2024,5,15,11,136,37.1,952.17,33.2
CWPRS campus,18.446944,73.785,15-05-2024 11:45,2024-05-15 11:45:00,2024,5,15,11,136,37.2,952.21,33.0
CWPRS campus,18.446944,73.785,15-05-2024 11:50,2024-05-15 11:50:00,2024,5,15,11,136,37.4,952.19,33.4
CWPRS campus,18.446944,73.785,15-05-2024 11:55,2024-05-15 11:55:00,2024,5,15,11,136,37.5,952.16,33.0
CWPRS campus,18.446944,73.785,15-05-2024 12:00,2024-05-15 12:00:00,2024,5,15,12,136,37.6,952.12,32.2
CWPRS campus,18.446944,73.785,15-05-2024 12:05,2024-05-15 12:05:00,2024,5,15,12,136,37.8,952.04,32.1
CWPRS campus,18.446944,73.785,15-05-2024 12:10,2024-05-15 12:10:00,2024,5,15,12,136,37.9,952.02,32.6
CWPRS campus,18.446944,73.785,15-05-2024 12:15,2024-05-15 12:15:00,2024,5,15,12,136,38.0,952.02,31.9
CWPRS campus,18.446944,73.785,15-05-2024 12:20,2024-05-15 12:20:00,2024,5,15,12,136,38.1,951.85,31.4
CWPRS campus,18.446944,73.785,15-05-2024 12:25,2024-05-15 12:25:00,2024,5,15,12,136,38.1,951.78,31.3
CWPRS campus,18.446944,73.785,15-05-2024 12:30,2024-05-15 12:30:00,2024,5,15,12,136,38.3,951.74,31.0
CWPRS campus,18.446944,73.785,15-05-2024 12:35,2024-05-15 12:35:00,2024,5,15,12,136,38.3,951.75,30.3
CWPRS campus,18.446944,73.785,15-05-2024 12:40,2024-05-15 12:40:00,2024,5,15,12,136,38.3,951.83,30.5
CWPRS campus,18.446944,73.785,15-05-2024 12:45,2024-05-15 12:45:00,2024,5,15,12,136,38.4,951.75,31.2
CWPRS campus,18.446944,73.785,15-05-2024 12:50,2024-05-15 12:50:00,2024,5,15,12,136,38.3,951.7,31.0
CWPRS campus,18.446944,73.785,15-05-2024 12:55,2024-05-15 12:55:00,2024,5,15,12,136,38.4,951.65,30.3
CWPRS campus,18.446944,73.785,15-05-2024 13:00,2024-05-15 13:00:00,2024,5,15,13,136,38.4,951.58,29.4
CWPRS campus,18.446944,73.785,15-05-2024 13:05,2024-05-15 13:05:00,2024,5,15,13,136,38.7,951.56,29.3
CWPRS campus,18.446944,73.785,15-05-2024 13:10,2024-05-15 13:10:00,2024,5,15,13,136,38.8,951.63,29.6
CWPRS campus,18.446944,73.785,15-05-2024 13:15,2024-05-15 13:15:00,2024,5,15,13,136,38.8,951.55,29.6
CWPRS campus,18.446944,73.785,15-05-2024 13:20,2024-05-15 13:20:00,2024,5,15,13,136,39.0,951.59,29.4
CWPRS campus,18.446944,73.785,15-05-2024 13:25,2024-05-15 13:25:00,2024,5,15,13,136,39.2,951.47,28.9
CWPRS campus,18.446944,73.785,15-05-2024 13:30,2024-05-15 13:30:00,2024,5,15,13,136,39.3,951.45,28.3
CWPRS campus,18.446944,73.785,15-05-2024 13:35,2024-05-15 13:35:00,2024,5,15,13,136,39.3,951.45,28.5
CWPRS campus,18.446944,73.785,15-05-2024 13:40,2024-05-15 13:40:00,2024,5,15,13,136,39.1,951.61,28.8
CWPRS campus,18.446944,73.785,15-05-2024 13:45,2024-05-15 13:45:00,2024,5,15,13,136,38.9,951.61,28.0
CWPRS campus,18.446944,73.785,15-05-2024 13:50,2024-05-15 13:50:00,2024,5,15,13,136,38.9,951.46,28.5
CWPRS campus,18.446944,73.785,15-05-2024 13:55,2024-05-15 13:55:00,2024,5,15,13,136,38.8,951.34,28.6
CWPRS campus,18.446944,73.785,15-05-2024 14:00,2024-05-15 14:00:00,2024,5,15,14,136,38.8,951.39,29.1
CWPRS campus,18.446944,73.785,15-05-2024 14:05,2024-05-15 14:05:00,2024,5,15,14,136,38.9,951.48,28.4
CWPRS campus,18.446944,73.785,15-05-2024 14:10,2024-05-15 14:10:00,2024,5,15,14,136,38.9,951.56,27.8
CWPRS campus,18.446944,73.785,15-05-2024 14:15,2024-05-15 14:15:00,2024,5,15,14,136,38.9,951.62,27.7
CWPRS campus,18.446944,73.785,15-05-2024 14:20,2024-05-15 14:20:00,2024,5,15,14,136,39.0,951.76,27.8
CWPRS campus,18.446944,73.785,15-05-2024 14:25,2024-05-15 14:25:00,2024,5,15,14,136,39.0,951.76,28.5
CWPRS campus,18.446944,73.785,15-05-2024 14:30,2024-05-15 14:30:00,2024,5,15,14,136,38.7,951.88,28.7
CWPRS campus,18.446944,73.785,15-05-2024 14:35,2024-05-15 14:35:00,2024,5,15,14,136,38.6,951.8,28.6
CWPRS campus,18.446944,73.785,15-05-2024 14:40,2024-05-15 14:40:00,2024,5,15,14,136,38.6,951.78,28.1
CWPRS campus,18.446944,73.785,15-05-2024 14:45,2024-05-15 14:45:00,2024,5,15,14,136,38.4,951.69,28.6
CWPRS campus,18.446944,73.785,15-05-2024 14:50,2024-05-15 14:50:00,2024,5,15,14,136,38.5,951.74,28.2
CWPRS campus,18.446944,73.785,15-05-2024 14:55,2024-05-15 14:55:00,2024,5,15,14,136,38.7,951.8,28.9
CWPRS campus,18.446944,73.785,15-05-2024 15:00,2024-05-15 15:00:00,2024,5,15,15,136,38.9,951.88,28.7
CWPRS campus,18.446944,73.785,15-05-2024 15:05,2024-05-15 15:05:00,2024,5,15,15,136,38.8,951.95,29.4
CWPRS campus,18.446944,73.785,15-05-2024 15:10,2024-05-15 15:10:00,2024,5,15,15,136,39.0,951.94,29.7
CWPRS campus,18.446944,73.785,15-05-2024 15:15,2024-05-15 15:15:00,2024,5,15,15,136,39.0,952.0,29.6
CWPRS campus,18.446944,73.785,15-05-2024 15:20,2024-05-15 15:20:00,2024,5,15,15,136,38.9,951.95,29.4
CWPRS campus,18.446944,73.785,15-05-2024 15:25,2024-05-15 15:25:00,2024,5,15,15,136,38.7,952.14,29.3
CWPRS campus,18.446944,73.785,15-05-2024 15:30,2024-05-15 15:30:00,2024,5,15,15,136,38.6,952.19,29.5
CWPRS campus,18.446944,73.785,15-05-2024 15:35,2024-05-15 15:35:00,2024,5,15,15,136,38.5,952.22,29.6
CWPRS campus,18.446944,73.785,15-05-2024 15:40,2024-05-15 15:40:00,2024,5,15,15,136,38.5,952.42,29.5
CWPRS campus,18.446944,73.785,15-05-2024 15:45,2024-05-15 15:45:00,2024,5,15,15,136,38.5,952.39,29.5
CWPRS campus,18.446944,73.785,15-05-2024 15:50,2024-05-15 15:50:00,2024,5,15,15,136,38.4,952.38,29.7
CWPRS campus,18.446944,73.785,15-05-2024 15:55,2024-05-15 15:55:00,2024,5,15,15,136,38.4,952.36,28.9
CWPRS campus,18.446944,73.785,15-05-2024 16:00,2024-05-15 16:00:00,2024,5,15,16,136,38.5,952.44,29.3
CWPRS campus,18.446944,73.785,15-05-2024 16:05,2024-05-15 16:05:00,2024,5,15,16,136,38.6,952.55,29.1
CWPRS campus,18.446944,73.785,15-05-2024 16:10,2024-05-15 16:10:00,2024,5,15,16,136,38.3,952.69,28.9
CWPRS campus,18.446944,73.785,15-05-2024 16:15,2024-05-15 16:15:00,2024,5,15,16,136,37.8,952.96,28.4
CWPRS campus,18.446944,73.785,15-05-2024 16:20,2024-05-15 16:20:00,2024,5,15,16,136,37.9,952.85,28.0
CWPRS campus,18.446944,73.785,15-05-2024 16:25,2024-05-15 16:25:00,2024,5,15,16,136,37.6,952.97,27.8
CWPRS campus,18.446944,73.785,15-05-2024 16:30,2024-05-15 16:30:00,2024,5,15,16,136,37.5,952.99,27.9
CWPRS campus,18.446944,73.785,15-05-2024 16:35,2024-05-15 16:35:00,2024,5,15,16,136,37.3,953.01,29.0
CWPRS campus,18.446944,73.785,15-05-2024 16:40,2024-05-15 16:40:00,2024,5,15,16,136,37.0,953.03,29.2
CWPRS campus,18.446944,73.785,15-05-2024 16:45,2024-05-15 16:45:00,2024,5,15,16,136,37.0,953.02,29.6
CWPRS campus,18.446944,73.785,15-05-2024 16:50,2024-05-15 16:50:00,2024,5,15,16,136,37.0,953.22,30.1
CWPRS campus,18.446944,73.785,15-05-2024 16:55,2024-05-15 16:55:00,2024,5,15,16,136,36.9,953.35,30.5
CWPRS campus,18.446944,73.785,15-05-2024 17:00,2024-05-15 17:00:00,2024,5,15,17,136,36.4,953.41,30.9
CWPRS campus,18.446944,73.785,15-05-2024 17:05,2024-05-15 17:05:00,2024,5,15,17,136,36.3,953.58,30.8
CWPRS campus,18.446944,73.785,15-05-2024 17:10,2024-05-15 17:10:00,2024,5,15,17,136,36.3,953.5,31.7
CWPRS campus,18.446944,73.785,15-05-2024 17:15,2024-05-15 17:15:00,2024,5,15,17,136,36.0,953.45,32.8
CWPRS campus,18.446944,73.785,15-05-2024 17:20,2024-05-15 17:20:00,2024,5,15,17,136,36.0,953.33,32.5
CWPRS campus,18.446944,73.785,15-05-2024 17:25,2024-05-15 17:25:00,2024,5,15,17,136,35.9,953.33,32.5
CWPRS campus,18.446944,73.785,15-05-2024 17:30,2024-05-15 17:30:00,2024,5,15,17,136,35.9,953.4,32.8
CWPRS campus,18.446944,73.785,15-05-2024 17:35,2024-05-15 17:35:00,2024,5,15,17,136,35.9,953.46,32.8
CWPRS campus,18.446944,73.785,15-05-2024 17:40,2024-05-15 17:40:00,2024,5,15,17,136,35.6,953.53,33.4
CWPRS campus,18.446944,73.785,15-05-2024 17:45,2024-05-15 17:45:00,2024,5,15,17,136,35.7,953.46,33.6
CWPRS campus,18.446944,73.785,15-05-2024 17:50,2024-05-15 17:50:00,2024,5,15,17,136,35.6,953.58,34.9
CWPRS campus,18.446944,73.785,15-05-2024 17:55,2024-05-15 17:55:00,2024,5,15,17,136,35.5,953.64,35.8
CWPRS campus,18.446944,73.785,15-05-2024 18:00,2024-05-15 18:00:00,2024,5,15,18,136,35.3,953.74,36.3
CWPRS campus,18.446944,73.785,15-05-2024 18:05,2024-05-15 18:05:00,2024,5,15,18,136,35.1,953.62,37.1
CWPRS campus,18.446944,73.785,15-05-2024 18:10,2024-05-15 18:10:00,2024,5,15,18,136,34.9,953.68,37.9
CWPRS campus,18.446944,73.785,15-05-2024 18:15,2024-05-15 18:15:00,2024,5,15,18,136,34.8,953.62,38.0
CWPRS campus,18.446944,73.785,15-05-2024 18:20,2024-05-15 18:20:00,2024,5,15,18,136,34.9,953.62,38.1
CWPRS campus,18.446944,73.785,15-05-2024 18:25,2024-05-15 18:25:00,2024,5,15,18,136,34.6,953.7,38.5
CWPRS campus,18.446944,73.785,15-05-2024 18:30,2024-05-15 18:30:00,2024,5,15,18,136,34.3,953.73,39.3
CWPRS campus,18.446944,73.785,15-05-2024 18:35,2024-05-15 18:35:00,2024,5,15,18,136,34.4,953.69,39.7
CWPRS campus,18.446944,73.785,15-05-2024 18:40,2024-05-15 18:40:00,2024,5,15,18,136,34.2,953.71,39.5
CWPRS campus,18.446944,73.785,15-05-2024 18:45,2024-05-15 18:45:00,2024,5,15,18,136,34.0,953.6,39.6
CWPRS campus,18.446944,73.785,15-05-2024 18:50,2024-05-15 18:50:00,2024,5,15,18,136,34.1,953.71,40.1
CWPRS campus,18.446944,73.785,15-05-2024 18:55,2024-05-15 18:55:00,2024,5,15,18,136,33.9,953.71,40.5
CWPRS campus,18.446944,73.785,15-05-2024 19:00,2024-05-15 19:00:00,2024,5,15,19,136,34.0,953.81,41.8
CWPRS campus,18.446944,73.785,15-05-2024 19:05,2024-05-15 19:05:00,2024,5,15,19,136,34.0,953.77,41.7
CWPRS campus,18.446944,73.785,15-05-2024 19:10,2024-05-15 19:10:00,2024,5,15,19,136,33.8,953.72,42.3
CWPRS campus,18.446944,73.785,15-05-2024 19:15,2024-05-15 19:15:00,2024,5,15,19,136,34.0,953.66,43.4
CWPRS campus,18.446944,73.785,15-05-2024 19:20,2024-05-15 19:20:00,2024,5,15,19,136,33.7,953.73,44.7
CWPRS campus,18.446944,73.785,15-05-2024 19:25,2024-05-15 19:25:00,2024,5,15,19,136,33.7,953.66,45.0
CWPRS campus,18.446944,73.785,15-05-2024 19:30,2024-05-15 19:30:00,2024,5,15,19,136,33.6,953.7,45.6
CWPRS campus,18.446944,73.785,15-05-2024 19:35,2024-05-15 19:35:00,2024,5,15,19,136,33.6,953.66,46.2
CWPRS campus,18.446944,73.785,15-05-2024 19:40,2024-05-15 19:40:00,2024,5,15,19,136,33.6,953.48,46.7
CWPRS campus,18.446944,73.785,15-05-2024 19:45,2024-05-15 19:45:00,2024,5,15,19,136,33.5,953.42,47.1
CWPRS campus,18.446944,73.785,15-05-2024 19:50,2024-05-15 19:50:00,2024,5,15,19,136,33.2,953.31,47.7
CWPRS campus,18.446944,73.785,15-05-2024 19:55,2024-05-15 19:55:00,2024,5,15,19,136,33.1,953.3,47.1
CWPRS campus,18.446944,73.785,15-05-2024 20:00,2024-05-15 20:00:00,2024,5,15,20,136,32.8,953.18,47.8
CWPRS campus,18.446944,73.785,15-05-2024 20:05,2024-05-15 20:05:00,2024,5,15,20,136,32.9,953.24,48.3
CWPRS campus,18.446944,73.785,15-05-2024 20:10,2024-05-15 20:10:00,2024,5,15,20,136,32.7,953.21,48.7
CWPRS campus,18.446944,73.785,15-05-2024 20:15,2024-05-15 20:15:00,2024,5,15,20,136,32.5,953.16,49.9
CWPRS campus,18.446944,73.785,15-05-2024 20:20,2024-05-15 20:20:00,2024,5,15,20,136,32.3,953.18,50.1
CWPRS campus,18.446944,73.785,15-05-2024 20:25,2024-05-15 20:25:00,2024,5,15,20,136,31.9,953.22,50.4
CWPRS campus,18.446944,73.785,15-05-2024 20:30,2024-05-15 20:30:00,2024,5,15,20,136,31.6,953.18,51.6
CWPRS campus,18.446944,73.785,15-05-2024 20:35,2024-05-15 20:35:00,2024,5,15,20,136,31.6,953.08,51.7
CWPRS campus,18.446944,73.785,15-05-2024 20:40,2024-05-15 20:40:00,2024,5,15,20,136,31.4,952.89,51.9
CWPRS campus,18.446944,73.785,15-05-2024 20:45,2024-05-15 20:45:00,2024,5,15,20,136,31.0,952.79,52.3
CWPRS campus,18.446944,73.785,15-05-2024 20:50,2024-05-15 20:50:00,2024,5,15,20,136,31.0,952.7,53.1
CWPRS campus,18.446944,73.785,15-05-2024 20:55,2024-05-15 20:55:00,2024,5,15,20,136,31.0,952.67,53.6
CWPRS campus,18.446944,73.785,15-05-2024 21:00,2024-05-15 21:00:00,2024,5,15,21,136,30.9,952.59,53.5
CWPRS campus,18.446944,73.785,15-05-2024 21:05,2024-05-15 21:05:00,2024,5,15,21,136,30.9,952.6,53.8
CWPRS campus,18.446944,73.785,15-05-2024 21:10,2024-05-15 21:10:00,2024,5,15,21,136,30.6,952.5,54.0
CWPRS campus,18.446944,73.785,15-05-2024 21:15,2024-05-15 21:15:00,2024,5,15,21,136,30.2,952.45,54.5
CWPRS campus,18.446944,73.785,15-05-2024 21:20,2024-05-15 21:20:00,2024,5,15,21,136,30.2,952.49,55.1
CWPRS campus,18.446944,73.785,15-05-2024 21:25,2024-05-15 21:25:00,2024,5,15,21,136,30.0,952.46,55.8
CWPRS campus,18.446944,73.785,15-05-2024 21:30,2024-05-15 21:30:00,2024,5,15,21,136,29.8,952.4,55.5
CWPRS campus,18.446944,73.785,15-05-2024 21:35,2024-05-15 21:35:00,2024,5,15,21,136,29.8,952.29,56.4
CWPRS campus,18.446944,73.785,15-05-2024 21:40,2024-05-15 21:40:00,2024,5,15,21,136,29.8,952.17,57.0
CWPRS campus,18.446944,73.785,15-05-2024 21:45,2024-05-15 21:45:00,2024,5,15,21,136,29.6,952.05,58.0
CWPRS campus,18.446944,73.785,15-05-2024 21:50,2024-05-15 21:50:00,2024,5,15,21,136,29.8,951.94,58.6
CWPRS campus,18.446944,73.785,15-05-2024 21:55,2024-05-15 21:55:00,2024,5,15,21,136,29.5,951.95,59.5
CWPRS campus,18.446944,73.785,15-05-2024 22:00,2024-05-15 22:00:00,2024,5,15,22,136,29.5,951.87,60.1
CWPRS campus,18.446944,73.785,15-05-2024 22:05,2024-05-15 22:05:00,2024,5,15,22,136,29.3,951.7,61.0
CWPRS campus,18.446944,73.785,15-05-2024 22:10,2024-05-15 22:10:00,2024,5,15,22,136,29.1,951.79,61.6
CWPRS campus,18.446944,73.785,15-05-2024 22:15,2024-05-15 22:15:00,2024,5,15,22,136,29.2,951.75,61.9
CWPRS campus,18.446944,73.785,15-05-2024 22:20,2024-05-15 22:20:00,2024,5,15,22,136,29.1,951.57,63.2
CWPRS campus,18.446944,73.785,15-05-2024 22:25,2024-05-15 22:25:00,2024,5,15,22,136,29.0,951.48,63.8
CWPRS campus,18.446944,73.785,15-05-2024 22:30,2024-05-15 22:30:00,2024,5,15,22,136,28.9,951.43,64.4
CWPRS campus,18.446944,73.785,15-05-2024 22:35,2024-05-15 22:35:00,2024,5,15,22,136,28.7,951.51,64.1
CWPRS campus,18.446944,73.785,15-05-2024 22:40,2024-05-15 22:40:00,2024,5,15,22,136,28.4,951.35,63.9
CWPRS campus,18.446944,73.785,15-05-2024 22:45,2024-05-15 22:45:00,2024,5,15,22,136,28.0,951.37,64.4
CWPRS campus,18.446944,73.785,15-05-2024 22:50,2024-05-15 22:50:00,2024,5,15,22,136,27.6,951.42,64.8
CWPRS campus,18.446944,73.785,15-05-2024 22:55,2024-05-15 22:55:00,2024,5,15,22,136,27.7,951.31,64.8
CWPRS campus,18.446944,73.785,15-05-2024 23:00,2024-05-15 23:00:00,2024,5,15,23,136,27.4,951.22,65.2
CWPRS campus,18.446944,73.785,15-05-2024 23:05,2024-05-15 23:05:00,2024,5,15,23,136,27.2,951.08,66.2
CWPRS campus,18.446944,73.785,15-05-2024 23:10,2024-05-15 23:10:00,2024,5,15,23,136,27.0,951.01,66.8
CWPRS campus,18.446944,73.785,15-05-2024 23:15,2024-05-15 23:15:00,2024,5,15,23,136,26.9,950.95,66.6
CWPRS campus,18.446944,73.785,15-05-2024 23:20,2024-05-15 23:20:00,2024,5,15,23,136,26.9,950.95,66.8
CWPRS campus,18.446944,73.785,15-05-2024 23:25,2024-05-15 23:25:00,2024,5,15,23,136,26.9,950.98,66.8
CWPRS campus,18.446944,73.785,15-05-2024 23:30,2024-05-15 23:30:00,2024,5,15,23,136,26.7,950.87,67.0
CWPRS campus,18.446944,73.785,15-05-2024 23:35,2024-05-15 23:35:00,2024,5,15,23,136,26.5,950.66,67.1
CWPRS campus,18.446944,73.785,15-05-2024 23:40,2024-05-15 23:40:00,2024,5,15,23,136,26.4,950.62,67.2
CWPRS campus,18.446944,73.785,15-05-2024 23:45,2024-05-15 23:45:00,2024,5,15,23,136,26.3,950.6,67.0
CWPRS campus,18.446944,73.785,15-05-2024 23:50,2024-05-15 23:50:00,2024,5,15,23,136,26.4,950.58,67.3
CWPRS campus,18.446944,73.785,15-05-2024 23:55,2024-05-15 23:55:00,2024,5,15,23,136,26.3,950.51,67.4
CWPRS campus,18.446944,73.785,16-05-2024 00:00,2024-05-16 00:00:00,2024,5,16,0,137,26.3,950.49,66.6
CWPRS campus,18.446944,73.785,16-05-2024 00:05,2024-05-16 00:05:00,2024,5,16,0,137,26.3,950.58,67.8
CWPRS campus,18.446944,73.785,16-05-2024 00:10,2024-05-16 00:10:00,2024,5,16,0,137,26.3,950.57,68.6
CWPRS campus,18.446944,73.785,16-05-2024 00:15,2024-05-16 00:15:00,2024,5,16,0,137,26.2,950.5,68.7
CWPRS campus,18.446944,73.785,16-05-2024 00:20,2024-05-16 00:20:00,2024,5,16,0,137,25.9,950.43,69.0
CWPRS campus,18.446944,73.785,16-05-2024 00:25,2024-05-16 00:25:00,2024,5,16,0,137,25.8,950.39,68.8
CWPRS campus,18.446944,73.785,16-05-2024 00:30,2024-05-16 00:30:00,2024,5,16,0,137,25.6,950.5,69.8
CWPRS campus,18.446944,73.785,16-05-2024 00:35,2024-05-16 00:35:00,2024,5,16,0,137,25.4,950.46,70.8
CWPRS campus,18.446944,73.785,16-05-2024 00:40,2024-05-16 00:40:00,2024,5,16,0,137,25.4,950.43,71.1
CWPRS campus,18.446944,73.785,16-05-2024 00:45,2024-05-16 00:45:00,2024,5,16,0,137,25.5,950.37,71.7
CWPRS campus,18.446944,73.785,16-05-2024 00:50,2024-05-16 00:50:00,2024,5,16,0,137,19.4,950.44,96.9
CWPRS campus,18.446944,73.785,16-05-2024 00:55,2024-05-16 00:55:00,2024,5,16,0,137,19.3,950.58,96.6
CWPRS campus,18.446944,73.785,16-05-2024 01:00,2024-05-16 01:00:00,2024,5,16,1,137,19.4,950.6,96.6
CWPRS campus,18.446944,73.785,16-05-2024 01:05,2024-05-16 01:05:00,2024,5,16,1,137,19.4,950.59,96.8
CWPRS campus,18.446944,73.785,16-05-2024 01:10,2024-05-16 01:10:00,2024,5,16,1,137,19.7,950.57,96.8
CWPRS campus,18.446944,73.785,16-05-2024 01:15,2024-05-16 01:15:00,2024,5,16,1,137,19.6,950.37,96.9
CWPRS campus,18.446944,73.785,16-05-2024 01:20,2024-05-16 01:20:00,2024,5,16,1,137,25.2,950.43,72.0
CWPRS campus,18.446944,73.785,16-05-2024 01:25,2024-05-16 01:25:00,2024,5,16,1,137,25.3,950.44,72.1
CWPRS campus,18.446944,73.785,16-05-2024 01:30,2024-05-16 01:30:00,2024,5,16,1,137,25.2,950.47,72.3
CWPRS campus,18.446944,73.785,16-05-2024 01:35,2024-05-16 01:35:00,2024,5,16,1,137,25.3,950.42,72.0
CWPRS campus,18.446944,73.785,16-05-2024 01:40,2024-05-16 01:40:00,2024,5,16,1,137,25.3,950.4,71.9
CWPRS campus,18.446944,73.785,16-05-2024 01:45,2024-05-16 01:45:00,2024,5,16,1,137,25.2,950.38,71.5
CWPRS campus,18.446944,73.785,16-05-2024 01:50,2024-05-16 01:50:00,2024,5,16,1,137,24.9,950.47,72.1
CWPRS campus,18.446944,73.785,16-05-2024 01:55,2024-05-16 01:55:00,2024,5,16,1,137,24.8,950.46,71.3
CWPRS campus,18.446944,73.785,16-05-2024 02:00,2024-05-16 02:00:00,2024,5,16,2,137,24.6,950.64,72.0
CWPRS campus,18.446944,73.785,16-05-2024 02:05,2024-05-16 02:05:00,2024,5,16,2,137,24.5,950.69,72.6
CWPRS campus,18.446944,73.785,16-05-2024 02:10,2024-05-16 02:10:00,2024,5,16,2,137,24.5,950.61,72.6
CWPRS campus,18.446944,73.785,16-05-2024 02:15,2024-05-16 02:15:00,2024,5,16,2,137,24.7,950.62,71.6
CWPRS campus,18.446944,73.785,16-05-2024 02:20,2024-05-16 02:20:00,2024,5,16,2,137,24.7,950.59,71.6
CWPRS campus,18.446944,73.785,16-05-2024 02:25,2024-05-16 02:25:00,2024,5,16,2,137,24.5,950.45,71.7
CWPRS campus,18.446944,73.785,16-05-2024 02:30,2024-05-16 02:30:00,2024,5,16,2,137,24.5,950.62,71.4
CWPRS campus,18.446944,73.785,16-05-2024 02:35,2024-05-16 02:35:00,2024,5,16,2,137,24.6,950.71,71.3
CWPRS campus,18.446944,73.785,16-05-2024 02:40,2024-05-16 02:40:00,2024,5,16,2,137,24.5,950.79,72.0
CWPRS campus,18.446944,73.785,16-05-2024 02:45,2024-05-16 02:45:00,2024,5,16,2,137,24.5,950.84,72.3
CWPRS campus,18.446944,73.785,16-05-2024 02:50,2024-05-16 02:50:00,2024,5,16,2,137,24.4,950.77,72.0
CWPRS campus,18.446944,73.785,16-05-2024 02:55,2024-05-16 02:55:00,2024,5,16,2,137,24.3,950.77,71.4
CWPRS campus,18.446944,73.785,16-05-2024 03:00,2024-05-16 03:00:00,2024,5,16,3,137,24.4,950.88,71.3
CWPRS campus,18.446944,73.785,16-05-2024 03:05,2024-05-16 03:05:00,2024,5,16,3,137,24.4,950.85,71.3
CWPRS campus,18.446944,73.785,16-05-2024 03:10,2024-05-16 03:10:00,2024,5,16,3,137,24.4,950.69,71.5
CWPRS campus,18.446944,73.785,16-05-2024 03:15,2024-05-16 03:15:00,2024,5,16,3,137,24.3,950.74,71.3
CWPRS campus,18.446944,73.785,16-05-2024 03:20,2024-05-16 03:20:00,2024,5,16,3,137,24.2,950.79,71.5
CWPRS campus,18.446944,73.785,16-05-2024 03:25,2024-05-16 03:25:00,2024,5,16,3,137,24.3,950.86,72.2
CWPRS campus,18.446944,73.785,16-05-2024 03:30,2024-05-16 03:30:00,2024,5,16,3,137,24.3,950.98,72.5
CWPRS campus,18.446944,73.785,16-05-2024 03:35,2024-05-16 03:35:00,2024,5,16,3,137,24.6,951.09,72.4
CWPRS campus,18.446944,73.785,16-05-2024 03:40,2024-05-16 03:40:00,2024,5,16,3,137,24.5,951.17,72.2
CWPRS campus,18.446944,73.785,16-05-2024 03:45,2024-05-16 03:45:00,2024,5,16,3,137,24.6,951.32,71.9
CWPRS campus,18.446944,73.785,16-05-2024 03:50,2024-05-16 03:50:00,2024,5,16,3,137,24.7,951.26,72.3
CWPRS campus,18.446944,73.785,16-05-2024 03:55,2024-05-16 03:55:00,2024,5,16,3,137,24.5,951.36,71.9
CWPRS campus,18.446944,73.785,16-05-2024 04:00,2024-05-16 04:00:00,2024,5,16,4,137,24.3,951.46,71.7
CWPRS campus,18.446944,73.785,16-05-2024 04:05,2024-05-16 04:05:00,2024,5,16,4,137,24.1,951.42,71.6
CWPRS campus,18.446944,73.785,16-05-2024 04:10,2024-05-16 04:10:00,2024,5,16,4,137,24.4,951.36,71.2
CWPRS campus,18.446944,73.785,16-05-2024 04:15,2024-05-16 04:15:00,2024,5,16,4,137,24.3,951.36,70.5
CWPRS campus,18.446944,73.785,16-05-2024 04:20,2024-05-16 04:20:00,2024,5,16,4,137,24.8,951.38,70.5
CWPRS campus,18.446944,73.785,16-05-2024 04:25,2024-05-16 04:25:00,2024,5,16,4,137,24.8,951.5,70.3
CWPRS campus,18.446944,73.785,16-05-2024 04:30,2024-05-16 04:30:00,2024,5,16,4,137,24.8,951.52,70.3
CWPRS campus,18.446944,73.785,16-05-2024 04:35,2024-05-16 04:35:00,2024,5,16,4,137,25.1,951.51,69.9
CWPRS campus,18.446944,73.785,16-05-2024 04:40,2024-05-16 04:40:00,2024,5,16,4,137,25.5,951.53,70.2
CWPRS campus,18.446944,73.785,16-05-2024 04:45,2024-05-16 04:45:00,2024,5,16,4,137,25.8,951.68,69.6
CWPRS campus,18.446944,73.785,16-05-2024 04:50,2024-05-16 04:50:00,2024,5,16,4,137,26.0,951.75,70.0
CWPRS campus,18.446944,73.785,16-05-2024 04:55,2024-05-16 04:55:00,2024,5,16,4,137,26.2,951.79,69.0
CWPRS campus,18.446944,73.785,16-05-2024 05:00,2024-05-16 05:00:00,2024,5,16,5,137,26.3,951.84,69.0
CWPRS campus,18.446944,73.785,16-05-2024 05:05,2024-05-16 05:05:00,2024,5,16,5,137,26.5,952.0,68.9
CWPRS campus,18.446944,73.785,16-05-2024 05:10,2024-05-16 05:10:00,2024,5,16,5,137,26.4,951.99,68.3
CWPRS campus,18.446944,73.785,16-05-2024 05:15,2024-05-16 05:15:00,2024,5,16,5,137,26.3,952.15,68.2
CWPRS campus,18.446944,73.785,16-05-2024 05:20,2024-05-16 05:20:00,2024,5,16,5,137,26.3,952.21,68.4
CWPRS campus,18.446944,73.785,16-05-2024 05:25,2024-05-16 05:25:00,2024,5,16,5,137,26.4,952.24,67.2
CWPRS campus,18.446944,73.785,16-05-2024 05:30,2024-05-16 05:30:00,2024,5,16,5,137,26.4,952.48,67.1
CWPRS campus,18.446944,73.785,16-05-2024 05:35,2024-05-16 05:35:00,2024,5,16,5,137,26.5,952.42,65.8
CWPRS campus,18.446944,73.785,16-05-2024 05:40,2024-05-16 05:40:00,2024,5,16,5,137,26.7,952.43,65.2
CWPRS campus,18.446944,73.785,16-05-2024 05:45,2024-05-16 05:45:00,2024,5,16,5,137,26.8,952.36,65.5
CWPRS campus,18.446944,73.785,16-05-2024 05:50,2024-05-16 05:50:00,2024,5,16,5,137,27.1,952.47,65.0
CWPRS campus,18.446944,73.785,16-05-2024 05:55,2024-05-16 05:55:00,2024,5,16,5,137,27.0,952.63,64.2
CWPRS campus,18.446944,73.785,16-05-2024 06:00,2024-05-16 06:00:00,2024,5,16,6,137,27.0,952.78,63.9
CWPRS campus,18.446944,73.785,16-05-2024 06:05,2024-05-16 06:05:00,2024,5,16,6,137,27.0,952.89,64.4
CWPRS campus,18.446944,73.785,16-05-2024 06:10,2024-05-16 06:10:00,2024,5,16,6,137,26.8,952.88,63.3
CWPRS campus,18.446944,73.785,16-05-2024 06:15,2024-05-16 06:15:00,2024,5,16,6,137,26.9,952.86,62.6
CWPRS campus,18.446944,73.785,16-05-2024 06:20,2024-05-16 06:20:00,2024,5,16,6,137,27.0,952.72,62.9
CWPRS campus,18.446944,73.785,16-05-2024 06:25,2024-05-16 06:25:00,2024,5,16,6,137,27.3,952.89,63.3
CWPRS campus,18.446944,73.785,16-05-2024 06:30,2024-05-16 06:30:00,2024,5,16,6,137,27.5,952.93,62.9
CWPRS campus,18.446944,73.785,16-05-2024 06:35,2024-05-16 06:35:00,2024,5,16,6,137,27.4,952.88,62.0
CWPRS campus,18.446944,73.785,16-05-2024 06:40,2024-05-16 06:40:00,2024,5,16,6,137,27.8,952.98,62.5
CWPRS campus,18.446944,73.785,16-05-2024 06:45,2024-05-16 06:45:00,2024,5,16,6,137,28.1,952.89,62.7
CWPRS campus,18.446944,73.785,16-05-2024 06:50,2024-05-16 06:50:00,2024,5,16,6,137,28.3,952.91,62.5
CWPRS campus,18.446944,73.785,16-05-2024 06:55,2024-05-16 06:55:00,2024,5,16,6,137,28.3,952.88,61.7
CWPRS campus,18.446944,73.785,16-05-2024 07:00,2024-05-16 07:00:00,2024,5,16,7,137,28.3,952.91,61.2
CWPRS campus,18.446944,73.785,16-05-2024 07:05,2024-05-16 07:05:00,2024,5,16,7,137,28.3,952.88,60.7
CWPRS campus,18.446944,73.785,16-05-2024 07:10,2024-05-16 07:10:00,2024,5,16,7,137,28.6,952.74,60.4
CWPRS campus,18.446944,73.785,16-05-2024 07:15,2024-05-16 07:15:00,2024,5,16,7,137,29.0,952.73,60.5
CWPRS campus,18.446944,73.785,16-05-2024 07:20,2024-05-16 07:20:00,2024,5,16,7,137,29.3,952.78,60.4
CWPRS campus,18.446944,73.785,16-05-2024 07:25,2024-05-16 07:25:00,2024,5,16,7,137,29.3,952.75,59.4
CWPRS campus,18.446944,73.785,16-05-2024 07:30,2024-05-16 07:30:00,2024,5,16,7,137,29.2,952.78,59.5
CWPRS campus,18.446944,73.785,16-05-2024 07:35,2024-05-16 07:35:00,2024,5,16,7,137,29.4,952.65,59.1
CWPRS campus,18.446944,73.785,16-05-2024 07:40,2024-05-16 07:40:00,2024,5,16,7,137,29.2,952.62,58.8
CWPRS campus,18.446944,73.785,16-05-2024 07:45,2024-05-16 07:45:00,2024,5,16,7,137,29.4,952.53,58.9
CWPRS campus,18.446944,73.785,16-05-2024 07:50,2024-05-16 07:50:00,2024,5,16,7,137,29.5,952.54,57.9
CWPRS campus,18.446944,73.785,16-05-2024 07:55,2024-05-16 07:55:00,2024,5,16,7,137,29.5,952.5,57.3
CWPRS campus,18.446944,73.785,16-05-2024 08:00,2024-05-16 08:00:00,2024,5,16,8,137,29.4,952.51,56.6
CWPRS campus,18.446944,73.785,16-05-2024 08:05,2024-05-16 08:05:00,2024,5,16,8,137,29.6,952.55,55.4
CWPRS campus,18.446944,73.785,16-05-2024 08:10,2024-05-16 08:10:00,2024,5,16,8,137,29.7,952.54,55.1
CWPRS campus,18.446944,73.785,16-05-2024 08:15,2024-05-16 08:15:00,2024,5,16,8,137,29.6,952.5,55.6
CWPRS campus,18.446944,73.785,16-05-2024 08:20,2024-05-16 08:20:00,2024,5,16,8,137,29.4,952.36,54.3
CWPRS campus,18.446944,73.785,16-05-2024 08:25,2024-05-16 08:25:00,2024,5,16,8,137,29.5,952.3,53.8
CWPRS campus,18.446944,73.785,16-05-2024 08:30,2024-05-16 08:30:00,2024,5,16,8,137,30.0,952.19,53.6
CWPRS campus,18.446944,73.785,16-05-2024 08:35,2024-05-16 08:35:00,2024,5,16,8,137,30.4,952.1,53.1
CWPRS campus,18.446944,73.785,16-05-2024 08:40,2024-05-16 08:40:00,2024,5,16,8,137,30.4,952.0,52.5
CWPRS campus,18.446944,73.785,16-05-2024 08:45,2024-05-16 08:45:00,2024,5,16,8,137,30.5,951.86,51.5
CWPRS campus,18.446944,73.785,16-05-2024 08:50,2024-05-16 08:50:00,2024,5,16,8,137,30.7,951.64,51.1
CWPRS campus,18.446944,73.785,16-05-2024 08:55,2024-05-16 08:55:00,2024,5,16,8,137,30.7,951.53,50.3
CWPRS campus,18.446944,73.785,16-05-2024 09:00,2024-05-16 09:00:00,2024,5,16,9,137,30.9,951.49,49.0
CWPRS campus,18.446944,73.785,16-05-2024 09:05,2024-05-16 09:05:00,2024,5,16,9,137,31.2,951.32,49.1
CWPRS campus,18.446944,73.785,16-05-2024 09:10,2024-05-16 09:10:00,2024,5,16,9,137,31.5,951.26,49.0
CWPRS campus,18.446944,73.785,16-05-2024 09:15,2024-05-16 09:15:00,2024,5,16,9,137,31.6,951.36,48.6
CWPRS campus,18.446944,73.785,16-05-2024 09:20,2024-05-16 09:20:00,2024,5,16,9,137,31.7,951.37,48.2
CWPRS campus,18.446944,73.785,16-05-2024 09:25,2024-05-16 09:25:00,2024,5,16,9,137,31.7,951.43,48.2
CWPRS campus,18.446944,73.785,16-05-2024 09:30,2024-05-16 09:30:00,2024,5,16,9,137,31.8,951.38,47.8
CWPRS campus,18.446944,73.785,16-05-2024 09:35,2024-05-16 09:35:00,2024,5,16,9,137,31.9,951.4,47.7
CWPRS campus,18.446944,73.785,16-05-2024 09:40,2024-05-16 09:40:00,2024,5,16,9,137,32.1,951.26,47.1
CWPRS campus,18.446944,73.785,16-05-2024 09:45,2024-05-16 09:45:00,2024,5,16,9,137,32.3,951.13,47.1
CWPRS campus,18.446944,73.785,16-05-2024 09:50,2024-05-16 09:50:00,2024,5,16,9,137,32.4,950.83,46.7
CWPRS campus,18.446944,73.785,16-05-2024 09:55,2024-05-16 09:55:00,2024,5,16,9,137,32.7,950.85,46.3
CWPRS campus,18.446944,73.785,16-05-2024 10:00,2024-05-16 10:00:00,2024,5,16,10,137,32.8,950.9,45.3
CWPRS campus,18.446944,73.785,16-05-2024 10:05,2024-05-16 10:05:00,2024,5,16,10,137,32.9,950.78,44.9
CWPRS campus,18.446944,73.785,16-05-2024 10:10,2024-05-16 10:10:00,2024,5,16,10,137,33.0,950.68,44.1
CWPRS campus,18.446944,73.785,16-05-2024 10:15,2024-05-16 10:15:00,2024,5,16,10,137,32.7,950.55,43.5
CWPRS campus,18.446944,73.785,16-05-2024 10:20,2024-05-16 10:20:00,2024,5,16,10,137,33.0,950.5,42.7
CWPRS campus,18.446944,73.785,16-05-2024 10:25,2024-05-16 10:25:00,2024,5,16,10,137,33.2,950.52,41.9
CWPRS campus,18.446944,73.785,16-05-2024 10:30,2024-05-16 10:30:00,2024,5,16,10,137,33.3,950.31,42.3
CWPRS campus,18.446944,73.785,16-05-2024 10:35,2024-05-16 10:35:00,2024,5,16,10,137,33.5,950.27,42.5
CWPRS campus,18.446944,73.785,16-05-2024 10:40,2024-05-16 10:40:00,2024,5,16,10,137,33.7,950.18,42.8
CWPRS campus,18.446944,73.785,16-05-2024 10:45,2024-05-16 10:45:00,2024,5,16,10,137,33.6,950.12,41.8
CWPRS campus,18.446944,73.785,16-05-2024 10:50,2024-05-16 10:50:00,2024,5,16,10,137,33.6,950.09,41.4
CWPRS campus,18.446944,73.785,16-05-2024 10:55,2024-05-16 10:55:00,2024,5,16,10,137,33.9,950.0,40.5
CWPRS campus,18.446944,73.785,16-05-2024 11:00,2024-05-16 11:00:00,2024,5,16,11,137,33.8,949.93,39.8
CWPRS campus,18.446944,73.785,16-05-2024 11:05,2024-05-16 11:05:00,2024,5,16,11,137,34.0,949.85,39.1
CWPRS campus,18.446944,73.785,16-05-2024 11:10,2024-05-16 11:10:00,2024,5,16,11,137,33.9,949.86,39.3
CWPRS campus,18.446944,73.785,16-05-2024 11:15,2024-05-16 11:15:00,2024,5,16,11,137,34.1,949.83,38.7
CWPRS campus,18.446944,73.785,16-05-2024 11:20,2024-05-16 11:20:00,2024,5,16,11,137,34.2,949.79,38.8
CWPRS campus,18.446944,73.785,16-05-2024 11:25,2024-05-16 11:25:00,2024,5,16,11,137,34.1,949.63,38.7
CWPRS campus,18.446944,73.785,16-05-2024 11:30,2024-05-16 11:30:00,2024,5,16,11,137,34.4,949.54,39.3
CWPRS campus,18.446944,73.785,16-05-2024 11:35,2024-05-16 11:35:00,2024,5,16,11,137,34.4,949.56,38.3
CWPRS campus,18.446944,73.785,16-05-2024 11:40,2024-05-16 11:40:00,2024,5,16,11,137,34.4,949.51,38.4
CWPRS campus,18.446944,73.785,16-05-2024 11:45,2024-05-16 11:45:00,2024,5,16,11,137,34.6,949.51,38.5
CWPRS campus,18.446944,73.785,16-05-2024 11:50,2024-05-16 11:50:00,2024,5,16,11,137,34.9,949.6,37.7
CWPRS campus,18.446944,73.785,16-05-2024 11:55,2024-05-16 11:55:00,2024,5,16,11,137,34.8,949.63,37.8
CWPRS campus,18.446944,73.785,16-05-2024 12:00,2024-05-16 12:00:00,2024,5,16,12,137,35.0,949.59,37.6
CWPRS campus,18.446944,73.785,16-05-2024 12:05,2024-05-16 12:05:00,2024,5,16,12,137,35.1,949.5,37.1
CWPRS campus,18.446944,73.785,16-05-2024 12:10,2024-05-16 12:10:00,2024,5,16,12,137,35.3,949.24,36.4
CWPRS campus,18.446944,73.785,16-05-2024 12:15,2024-05-16 12:15:00,2024,5,16,12,137,35.4,949.2,35.8
CWPRS campus,18.446944,73.785,16-05-2024 12:20,2024-05-16 12:20:00,2024,5,16,12,137,35.5,949.14,36.4
CWPRS campus,18.446944,73.785,16-05-2024 12:25,2024-05-16 12:25:00,2024,5,16,12,137,35.4,949.14,36.1
CWPRS campus,18.446944,73.785,16-05-2024 12:30,2024-05-16 12:30:00,2024,5,16,12,137,35.5,949.1,36.1
CWPRS campus,18.446944,73.785,16-05-2024 12:35,2024-05-16 12:35:00,2024,5,16,12,137,35.5,949.05,35.4
CWPRS campus,18.446944,73.785,16-05-2024 12:40,2024-05-16 12:40:00,2024,5,16,12,137,35.1,948.89,34.9
CWPRS campus,18.446944,73.785,16-05-2024 12:45,2024-05-16 12:45:00,2024,5,16,12,137,35.3,948.8,35.0
CWPRS campus,18.446944,73.785,16-05-2024 12:50,2024-05-16 12:50:00,2024,5,16,12,137,35.5,948.84,34.2
CWPRS campus,18.446944,73.785,16-05-2024 12:55,2024-05-16 12:55:00,2024,5,16,12,137,35.2,948.97,33.9
CWPRS campus,18.446944,73.785,16-05-2024 13:00,2024-05-16 13:00:00,2024,5,16,13,137,35.2,948.95,33.7
CWPRS campus,18.446944,73.785,16-05-2024 13:05,2024-05-16 13:05:00,2024,5,16,13,137,35.4,948.98,33.5
CWPRS campus,18.446944,73.785,16-05-2024 13:10,2024-05-16 13:10:00,2024,5,16,13,137,35.8,949.05,33.3
CWPRS campus,18.446944,73.785,16-05-2024 13:15,2024-05-16 13:15:00,2024,5,16,13,137,35.8,948.98,33.3
CWPRS campus,18.446944,73.785,16-05-2024 13:20,2024-05-16 13:20:00,2024,5,16,13,137,35.8,949.02,33.4
CWPRS campus,18.446944,73.785,16-05-2024 13:25,2024-05-16 13:25:00,2024,5,16,13,137,35.8,948.96,33.5
CWPRS campus,18.446944,73.785,16-05-2024 13:30,2024-05-16 13:30:00,2024,5,16,13,137,36.1,949.04,33.0
CWPRS campus,18.446944,73.785,16-05-2024 13:35,2024-05-16 13:35:00,2024,5,16,13,137,36.1,949.06,32.7
CWPRS campus,18.446944,73.785,16-05-2024 13:40,2024-05-16 13:40:00,2024,5,16,13,137,36.0,949.1,33.1
CWPRS campus,18.446944,73.785,16-05-2024 13:45,2024-05-16 13:45:00,2024,5,16,13,137,36.0,949.05,33.3
CWPRS campus,18.446944,73.785,16-05-2024 13:50,2024-05-16 13:50:00,2024,5,16,13,137,35.9,949.13,32.6
CWPRS campus,18.446944,73.785,16-05-2024 13:55,2024-05-16 13:55:00,2024,5,16,13,137,35.9,949.31,32.7
CWPRS campus,18.446944,73.785,16-05-2024 14:00,2024-05-16 14:00:00,2024,5,16,14,137,36.2,949.25,31.8
CWPRS campus,18.446944,73.785,16-05-2024 14:05,2024-05-16 14:05:00,2024,5,16,14,137,36.3,949.24,31.8
CWPRS campus,18.446944,73.785,16-05-2024 14:10,2024-05-16 14:10:00,2024,5,16,14,137,36.3,949.29,32.5
CWPRS campus,18.446944,73.785,16-05-2024 14:15,2024-05-16 14:15:00,2024,5,16,14,137,36.3,949.38,32.1
CWPRS campus,18.446944,73.785,16-05-2024 14:20,2024-05-16 14:20:00,2024,5,16,14,137,36.1,949.36,31.7
CWPRS campus,18.446944,73.785,16-05-2024 14:25,2024-05-16 14:25:00,2024,5,16,14,137,36.2,949.17,32.0
CWPRS campus,18.446944,73.785,16-05-2024 14:30,2024-05-16 14:30:00,2024,5,16,14,137,36.2,949.32,31.4
CWPRS campus,18.446944,73.785,16-05-2024 14:35,2024-05-16 14:35:00,2024,5,16,14,137,36.2,949.42,31.2
CWPRS campus,18.446944,73.785,16-05-2024 14:40,2024-05-16 14:40:00,2024,5,16,14,137,36.7,949.32,31.5
CWPRS campus,18.446944,73.785,16-05-2024 14:45,2024-05-16 14:45:00,2024,5,16,14,137,36.7,949.32,31.3
CWPRS campus,18.446944,73.785,16-05-2024 14:50,2024-05-16 14:50:00,2024,5,16,14,137,36.6,949.5,31.3
CWPRS campus,18.446944,73.785,16-05-2024 14:55,2024-05-16 14:55:00,2024,5,16,14,137,36.5,949.66,31.7
CWPRS campus,18.446944,73.785,16-05-2024 15:00,2024-05-16 15:00:00,2024,5,16,15,137,36.6,949.78,31.9
CWPRS campus,18.446944,73.785,16-05-2024 15:05,2024-05-16 15:05:00,2024,5,16,15,137,36.6,949.81,32.1
CWPRS campus,18.446944,73.785,16-05-2024 15:10,2024-05-16 15:10:00,2024,5,16,15,137,36.4,949.86,32.1
CWPRS campus,18.446944,73.785,16-05-2024 15:15,2024-05-16 15:15:00,2024,5,16,15,137,36.5,949.9,32.3
CWPRS campus,18.446944,73.785,16-05-2024 15:20,2024-05-16 15:20:00,2024,5,16,15,137,36.3,950.04,32.4
CWPRS campus,18.446944,73.785,16-05-2024 15:25,2024-05-16 15:25:00,2024,5,16,15,137,36.6,950.01,32.7
CWPRS campus,18.446944,73.785,16-05-2024 15:30,2024-05-16 15:30:00,2024,5,16,15,137,36.7,950.0,32.6
CWPRS campus,18.446944,73.785,16-05-2024 15:35,2024-05-16 15:35:00,2024,5,16,15,137,36.5,950.14,32.7
CWPRS campus,18.446944,73.785,16-05-2024 15:40,2024-05-16 15:40:00,2024,5,16,15,137,36.7,950.18,32.5
CWPRS campus,18.446944,73.785,16-05-2024 15:45,2024-05-16 15:45:00,2024,5,16,15,137,36.6,950.35,32.6
CWPRS campus,18.446944,73.785,16-05-2024 15:50,2024-05-16 15:50:00,2024,5,16,15,137,36.6,950.34,32.5
CWPRS campus,18.446944,73.785,16-05-2024 15:55,2024-05-16 15:55:00,2024,5,16,15,137,36.6,950.39,32.3
CWPRS campus,18.446944,73.785,16-05-2024 16:00,2024-05-16 16:00:00,2024,5,16,16,137,36.4,950.37,32.7
CWPRS campus,18.446944,73.785,16-05-2024 16:05,2024-05-16 16:05:00,2024,5,16,16,137,36.2,950.43,33.0
CWPRS campus,18.446944,73.785,16-05-2024 16:10,2024-05-16 16:10:00,2024,5,16,16,137,36.3,950.36,33.6
CWPRS campus,18.446944,73.785,16-05-2024 16:15,2024-05-16 16:15:00,2024,5,16,16,137,36.1,950.39,33.6
CWPRS campus,18.446944,73.785,16-05-2024 16:20,2024-05-16 16:20:00,2024,5,16,16,137,36.0,950.33,34.1
CWPRS campus,18.446944,73.785,16-05-2024 16:25,2024-05-16 16:25:00,2024,5,16,16,137,35.7,950.45,34.6
CWPRS campus,18.446944,73.785,16-05-2024 16:30,2024-05-16 16:30:00,2024,5,16,16,137,35.7,950.57,35.0
CWPRS campus,18.446944,73.785,16-05-2024 16:35,2024-05-16 16:35:00,2024,5,16,16,137,35.9,950.5,34.9
CWPRS campus,18.446944,73.785,16-05-2024 16:40,2024-05-16 16:40:00,2024,5,16,16,137,35.7,950.67,35.3
CWPRS campus,18.446944,73.785,16-05-2024 16:45,2024-05-16 16:45:00,2024,5,16,16,137,35.6,950.93,35.7
CWPRS campus,18.446944,73.785,16-05-2024 16:50,2024-05-16 16:50:00,2024,5,16,16,137,35.7,950.98,36.0
CWPRS campus,18.446944,73.785,16-05-2024 16:55,2024-05-16 16:55:00,2024,5,16,16,137,35.5,950.98,35.5
CWPRS campus,18.446944,73.785,16-05-2024 17:00,2024-05-16 17:00:00,2024,5,16,17,137,35.5,951.25,35.9
CWPRS campus,18.446944,73.785,16-05-2024 17:05,2024-05-16 17:05:00,2024,5,16,17,137,35.2,951.19,37.1
CWPRS campus,18.446944,73.785,16-05-2024 17:10,2024-05-16 17:10:00,2024,5,16,17,137,35.1,951.23,37.3
CWPRS campus,18.446944,73.785,16-05-2024 17:15,2024-05-16 17:15:00,2024,5,16,17,137,35.0,951.29,37.3
CWPRS campus,18.446944,73.785,16-05-2024 17:20,2024-05-16 17:20:00,2024,5,16,17,137,35.0,951.43,37.8
CWPRS campus,18.446944,73.785,16-05-2024 17:25,2024-05-16 17:25:00,2024,5,16,17,137,35.0,951.49,38.3
CWPRS campus,18.446944,73.785,16-05-2024 17:30,2024-05-16 17:30:00,2024,5,16,17,137,35.3,951.49,39.1
CWPRS campus,18.446944,73.785,16-05-2024 17:35,2024-05-16 17:35:00,2024,5,16,17,137,35.2,951.44,39.0
CWPRS campus,18.446944,73.785,16-05-2024 17:40,2024-05-16 17:40:00,2024,5,16,17,137,35.1,951.44,39.6
CWPRS campus,18.446944,73.785,16-05-2024 17:45,2024-05-16 17:45:00,2024,5,16,17,137,35.0,951.4,40.2
CWPRS campus,18.446944,73.785,16-05-2024 17:50,2024-05-16 17:50:00,2024,5,16,17,137,34.7,951.43,40.5
CWPRS campus,18.446944,73.785,16-05-2024 17:55,2024-05-16 17:55:00,2024,5,16,17,137,34.6,951.42,41.0
CWPRS campus,18.446944,73.785,16-05-2024 18:00,2024-05-16 18:00:00,2024,5,16,18,137,34.4,951.33,41.8
CWPRS campus,18.446944,73.785,16-05-2024 18:05,2024-05-16 18:05:00,2024,5,16,18,137,34.3,951.46,42.5
CWPRS campus,18.446944,73.785,16-05-2024 18:10,2024-05-16 18:10:00,2024,5,16,18,137,34.3,951.45,42.4
CWPRS campus,18.446944,73.785,16-05-2024 18:15,2024-05-16 18:15:00,2024,5,16,18,137,34.0,951.37,43.1
CWPRS campus,18.446944,73.785,16-05-2024 18:20,2024-05-16 18:20:00,2024,5,16,18,137,33.9,951.38,43.4
CWPRS campus,18.446944,73.785,16-05-2024 18:25,2024-05-16 18:25:00,2024,5,16,18,137,34.0,951.41,43.8
CWPRS campus,18.446944,73.785,16-05-2024 18:30,2024-05-16 18:30:00,2024,5,16,18,137,33.8,951.29,44.2
CWPRS campus,18.446944,73.785,16-05-2024 18:35,2024-05-16 18:35:00,2024,5,16,18,137,33.3,951.34,44.6
CWPRS campus,18.446944,73.785,16-05-2024 18:40,2024-05-16 18:40:00,2024,5,16,18,137,33.0,951.28,45.5
CWPRS campus,18.446944,73.785,16-05-2024 18:45,2024-05-16 18:45:00,2024,5,16,18,137,33.0,951.43,45.8
CWPRS campus,18.446944,73.785,16-05-2024 18:50,2024-05-16 18:50:00,2024,5,16,18,137,32.8,951.49,45.7
CWPRS campus,18.446944,73.785,16-05-2024 18:55,2024-05-16 18:55:00,2024,5,16,18,137,32.5,951.46,46.0
CWPRS campus,18.446944,73.785,16-05-2024 19:00,2024-05-16 19:00:00,2024,5,16,19,137,32.3,951.4,46.5
CWPRS campus,18.446944,73.785,16-05-2024 19:05,2024-05-16 19:05:00,2024,5,16,19,137,32.2,951.4,47.4
CWPRS campus,18.446944,73.785,16-05-2024 19:10,2024-05-16 19:10:00,2024,5,16,19,137,32.2,951.45,48.1
CWPRS campus,18.446944,73.785,16-05-2024 19:15,2024-05-16 19:15:00,2024,5,16,19,137,31.9,951.44,48.2
CWPRS campus,18.446944,73.785,16-05-2024 19:20,2024-05-16 19:20:00,2024,5,16,19,137,31.7,951.42,49.6
CWPRS campus,18.446944,73.785,16-05-2024 19:25,2024-05-16 19:25:00,2024,5,16,19,137,31.5,951.41,50.1
CWPRS campus,18.446944,73.785,16-05-2024 19:30,2024-05-16 19:30:00,2024,5,16,19,137,31.2,951.35,51.0
CWPRS campus,18.446944,73.785,16-05-2024 19:35,2024-05-16 19:35:00,2024,5,16,19,137,31.3,951.31,51.3
CWPRS campus,18.446944,73.785,16-05-2024 19:40,2024-05-16 19:40:00,2024,5,16,19,137,31.0,951.12,51.9
CWPRS campus,18.446944,73.785,16-05-2024 19:45,2024-05-16 19:45:00,2024,5,16,19,137,31.1,951.19,52.6
CWPRS campus,18.446944,73.785,16-05-2024 19:50,2024-05-16 19:50:00,2024,5,16,19,137,31.1,951.2,53.4
CWPRS campus,18.446944,73.785,16-05-2024 19:55,2024-05-16 19:55:00,2024,5,16,19,137,31.1,951.11,54.2
CWPRS campus,18.446944,73.785,16-05-2024 20:00,2024-05-16 20:00:00,2024,5,16,20,137,30.8,951.24,54.9
CWPRS campus,18.446944,73.785,16-05-2024 20:05,2024-05-16 20:05:00,2024,5,16,20,137,30.7,951.22,55.1
CWPRS campus,18.446944,73.785,16-05-2024 20:10,2024-05-16 20:10:00,2024,5,16,20,137,30.5,951.1,55.2
CWPRS campus,18.446944,73.785,16-05-2024 20:15,2024-05-16 20:15:00,2024,5,16,20,137,30.2,951.13,55.7
CWPRS campus,18.446944,73.785,16-05-2024 20:20,2024-05-16 20:20:00,2024,5,16,20,137,30.0,951.13,56.4
CWPRS campus,18.446944,73.785,16-05-2024 20:25,2024-05-16 20:25:00,2024,5,16,20,137,29.7,951.12,56.7
CWPRS campus,18.446944,73.785,16-05-2024 20:30,2024-05-16 20:30:00,2024,5,16,20,137,29.7,951.04,57.5
CWPRS campus,18.446944,73.785,16-05-2024 20:35,2024-05-16 20:35:00,2024,5,16,20,137,29.4,951.03,58.4
CWPRS campus,18.446944,73.785,16-05-2024 20:40,2024-05-16 20:40:00,2024,5,16,20,137,29.3,950.95,58.4
CWPRS campus,18.446944,73.785,16-05-2024 20:45,2024-05-16 20:45:00,2024,5,16,20,137,29.1,950.95,58.4
CWPRS campus,18.446944,73.785,16-05-2024 20:50,2024-05-16 20:50:00,2024,5,16,20,137,28.9,950.74,58.7
CWPRS campus,18.446944,73.785,16-05-2024 20:55,2024-05-16 20:55:00,2024,5,16,20,137,28.8,950.66,59.2
CWPRS campus,18.446944,73.785,16-05-2024 21:00,2024-05-16 21:00:00,2024,5,16,21,137,28.6,950.74,59.4
CWPRS campus,18.446944,73.785,16-05-2024 21:05,2024-05-16 21:05:00,2024,5,16,21,137,28.5,950.62,60.3
CWPRS campus,18.446944,73.785,16-05-2024 21:10,2024-05-16 21:10:00,2024,5,16,21,137,28.2,950.52,60.9
CWPRS campus,18.446944,73.785,16-05-2024 21:15,2024-05-16 21:15:00,2024,5,16,21,137,28.0,950.43,61.2
CWPRS campus,18.446944,73.785,16-05-2024 21:20,2024-05-16 21:20:00,2024,5,16,21,137,28.1,950.27,61.0
CWPRS campus,18.446944,73.785,16-05-2024 21:25,2024-05-16 21:25:00,2024,5,16,21,137,27.8,950.04,60.9
CWPRS campus,18.446944,73.785,16-05-2024 21:30,2024-05-16 21:30:00,2024,5,16,21,137,27.5,949.98,61.4
CWPRS campus,18.446944,73.785,16-05-2024 21:35,2024-05-16 21:35:00,2024,5,16,21,137,27.5,949.94,61.0
CWPRS campus,18.446944,73.785,16-05-2024 21:40,2024-05-16 21:40:00,2024,5,16,21,137,27.3,949.89,61.9
CWPRS campus,18.446944,73.785,16-05-2024 21:45,2024-05-16 21:45:00,2024,5,16,21,137,27.2,949.83,62.2
CWPRS campus,18.446944,73.785,16-05-2024 21:50,2024-05-16 21:50:00,2024,5,16,21,137,27.1,949.78,64.0
CWPRS campus,18.446944,73.785,16-05-2024 21:55,2024-05-16 21:55:00,2024,5,16,21,137,27.0,949.81,65.3
CWPRS campus,18.446944,73.785,16-05-2024 22:00,2024-05-16 22:00:00,2024,5,16,22,137,27.0,949.74,65.5
CWPRS campus,18.446944,73.785,16-05-2024 22:05,2024-05-16 22:05:00,2024,5,16,22,137,26.9,949.64,65.8
CWPRS campus,18.446944,73.785,16-05-2024 22:10,2024-05-16 22:10:00,2024,5,16,22,137,26.7,949.56,66.6
CWPRS campus,18.446944,73.785,16-05-2024 22:15,2024-05-16 22:15:00,2024,5,16,22,137,26.6,949.55,67.6
CWPRS campus,18.446944,73.785,16-05-2024 22:20,2024-05-16 22:20:00,2024,5,16,22,137,26.8,949.61,67.2
CWPRS campus,18.446944,73.785,16-05-2024 22:25,2024-05-16 22:25:00,2024,5,16,22,137,26.6,949.5,66.8
CWPRS campus,18.446944,73.785,16-05-2024 22:30,2024-05-16 22:30:00,2024,5,16,22,137,26.2,949.45,66.9
CWPRS campus,18.446944,73.785,16-05-2024 22:35,2024-05-16 22:35:00,2024,5,16,22,137,26.2,949.42,67.5
CWPRS campus,18.446944,73.785,16-05-2024 22:40,2024-05-16 22:40:00,2024,5,16,22,137,26.0,949.28,68.0
CWPRS campus,18.446944,73.785,16-05-2024 22:45,2024-05-16 22:45:00,2024,5,16,22,137,25.5,949.23,68.8
CWPRS campus,18.446944,73.785,16-05-2024 22:50,2024-05-16 22:50:00,2024,5,16,22,137,25.5,949.06,68.6
CWPRS campus,18.446944,73.785,16-05-2024 22:55,2024-05-16 22:55:00,2024,5,16,22,137,25.3,948.87,68.1
CWPRS campus,18.446944,73.785,16-05-2024 23:00,2024-05-16 23:00:00,2024,5,16,23,137,25.1,948.86,68.8
CWPRS campus,18.446944,73.785,16-05-2024 23:05,2024-05-16 23:05:00,2024,5,16,23,137,25.1,948.79,68.8
CWPRS campus,18.446944,73.785,16-05-2024 23:10,2024-05-16 23:10:00,2024,5,16,23,137,24.9,948.77,68.4
CWPRS campus,18.446944,73.785,16-05-2024 23:15,2024-05-16 23:15:00,2024,5,16,23,137,24.9,948.73,68.8
CWPRS campus,18.446944,73.785,16-05-2024 23:20,2024-05-16 23:20:00,2024,5,16,23,137,24.7,948.61,69.5
CWPRS campus,18.446944,73.785,16-05-2024 23:25,2024-05-16 23:25:00,2024,5,16,23,137,24.6,948.58,69.9
CWPRS campus,18.446944,73.785,16-05-2024 23:30,2024-05-16 23:30:00,2024,5,16,23,137,24.5,948.45,70.0
CWPRS campus,18.446944,73.785,16-05-2024 23:35,2024-05-16 23:35:00,2024,5,16,23,137,24.5,948.53,70.3
CWPRS campus,18.446944,73.785,16-05-2024 23:40,2024-05-16 23:40:00,2024,5,16,23,137,24.4,948.39,70.5
CWPRS campus,18.446944,73.785,16-05-2024 23:45,2024-05-16 23:45:00,2024,5,16,23,137,24.2,948.36,70.3
CWPRS campus,18.446944,73.785,16-05-2024 23:50,2024-05-16 23:50:00,2024,5,16,23,137,24.2,948.25,70.4
CWPRS campus,18.446944,73.785,16-05-2024 23:55,2024-05-16 23:55:00,2024,5,16,23,137,24.0,948.28,71.0
CWPRS campus,18.446944,73.785,17-05-2024 00:00,2024-05-17 00:00:00,2024,5,17,0,138,24.0,948.24,71.5
CWPRS campus,18.446944,73.785,17-05-2024 00:05,2024-05-17 00:05:00,2024,5,17,0,138,23.9,948.19,71.9
CWPRS campus,18.446944,73.785,17-05-2024 00:10,2024-05-17 00:10:00,2024,5,17,0,138,24.1,948.24,71.8
CWPRS campus,18.446944,73.785,17-05-2024 00:15,2024-05-17 00:15:00,2024,5,17,0,138,23.9,948.24,72.1
CWPRS campus,18.446944,73.785,17-05-2024 00:20,2024-05-17 00:20:00,2024,5,17,0,138,23.8,948.27,71.5
CWPRS campus,18.446944,73.785,17-05-2024 00:25,2024-05-17 00:25:00,2024,5,17,0,138,23.6,948.18,72.0
CWPRS campus,18.446944,73.785,17-05-2024 00:30,2024-05-17 00:30:00,2024,5,17,0,138,23.5,948.07,72.9
CWPRS campus,18.446944,73.785,17-05-2024 00:35,2024-05-17 00:35:00,2024,5,17,0,138,23.5,948.08,72.6
CWPRS campus,18.446944,73.785,17-05-2024 00:40,2024-05-17 00:40:00,2024,5,17,0,138,23.2,948.06,72.7
CWPRS campus,18.446944,73.785,17-05-2024 00:45,2024-05-17 00:45:00,2024,5,17,0,138,22.9,948.12,73.1
CWPRS campus,18.446944,73.785,17-05-2024 00:50,2024-05-17 00:50:00,2024,5,17,0,138,22.7,948.12,73.9
CWPRS campus,18.446944,73.785,17-05-2024 00:55,2024-05-17 00:55:00,2024,5,17,0,138,22.7,948.15,74.0
CWPRS campus,18.446944,73.785,17-05-2024 01:00,2024-05-17 01:00:00,2024,5,17,1,138,22.9,948.03,73.9
CWPRS campus,18.446944,73.785,17-05-2024 01:05,2024-05-17 01:05:00,2024,5,17,1,138,22.8,948.21,73.4
CWPRS campus,18.446944,73.785,17-05-2024 01:10,2024-05-17 01:10:00,2024,5,17,1,138,22.7,948.21,73.7
CWPRS campus,18.446944,73.785,17-05-2024 01:15,2024-05-17 01:15:00,2024,5,17,1,138,22.7,948.29,74.8
CWPRS campus,18.446944,73.785,17-05-2024 01:20,2024-05-17 01:20:00,2024,5,17,1,138,22.8,948.24,75.1
CWPRS campus,18.446944,73.785,17-05-2024 01:25,2024-05-17 01:25:00,2024,5,17,1,138,22.6,948.29,75.3
CWPRS campus,18.446944,73.785,17-05-2024 01:30,2024-05-17 01:30:00,2024,5,17,1,138,22.6,948.21,75.6
CWPRS campus,18.446944,73.785,17-05-2024 01:35,2024-05-17 01:35:00,2024,5,17,1,138,22.7,948.28,75.7
CWPRS campus,18.446944,73.785,17-05-2024 01:40,2024-05-17 01:40:00,2024,5,17,1,138,22.7,948.29,75.5
CWPRS campus,18.446944,73.785,17-05-2024 01:45,2024-05-17 01:45:00,2024,5,17,1,138,22.6,948.33,76.0
CWPRS campus,18.446944,73.785,17-05-2024 01:50,2024-05-17 01:50:00,2024,5,17,1,138,22.7,948.42,76.2
CWPRS campus,18.446944,73.785,17-05-2024 01:55,2024-05-17 01:55:00,2024,5,17,1,138,22.3,948.36,76.3
CWPRS campus,18.446944,73.785,17-05-2024 02:00,2024-05-17 02:00:00,2024,5,17,2,138,22.4,948.35,76.0
CWPRS campus,18.446944,73.785,17-05-2024 02:05,2024-05-17 02:05:00,2024,5,17,2,138,22.2,948.44,76.7
CWPRS campus,18.446944,73.785,17-05-2024 02:10,2024-05-17 02:10:00,2024,5,17,2,138,21.9,948.66,77.0
CWPRS campus,18.446944,73.785,17-05-2024 02:15,2024-05-17 02:15:00,2024,5,17,2,138,22.0,948.69,76.8
CWPRS campus,18.446944,73.785,17-05-2024 02:20,2024-05-17 02:20:00,2024,5,17,2,138,22.2,948.79,77.2
CWPRS campus,18.446944,73.785,17-05-2024 02:25,2024-05-17 02:25:00,2024,5,17,2,138,22.2,948.83,77.0
CWPRS campus,18.446944,73.785,17-05-2024 02:30,2024-05-17 02:30:00,2024,5,17,2,138,22.3,949.04,76.7
CWPRS campus,18.446944,73.785,17-05-2024 02:35,2024-05-17 02:35:00,2024,5,17,2,138,22.5,948.94,76.4
CWPRS campus,18.446944,73.785,17-05-2024 02:40,2024-05-17 02:40:00,2024,5,17,2,138,22.7,949.0,75.7
CWPRS campus,18.446944,73.785,17-05-2024 02:45,2024-05-17 02:45:00,2024,5,17,2,138,22.9,948.93,76.0
CWPRS campus,18.446944,73.785,17-05-2024 02:50,2024-05-17 02:50:00,2024,5,17,2,138,23.0,948.79,75.2
CWPRS campus,18.446944,73.785,17-05-2024 02:55,2024-05-17 02:55:00,2024,5,17,2,138,23.0,948.89,74.8
CWPRS campus,18.446944,73.785,17-05-2024 03:00,2024-05-17 03:00:00,2024,5,17,3,138,22.7,948.97,74.0
CWPRS campus,18.446944,73.785,17-05-2024 03:05,2024-05-17 03:05:00,2024,5,17,3,138,22.7,949.02,74.0
CWPRS campus,18.446944,73.785,17-05-2024 03:10,2024-05-17 03:10:00,2024,5,17,3,138,22.5,949.08,74.0
CWPRS campus,18.446944,73.785,17-05-2024 03:15,2024-05-17 03:15:00,2024,5,17,3,138,22.9,949.41,73.9
CWPRS campus,18.446944,73.785,17-05-2024 03:20,2024-05-17 03:20:00,2024,5,17,3,138,22.8,949.45,73.6
CWPRS campus,18.446944,73.785,17-05-2024 03:25,2024-05-17 03:25:00,2024,5,17,3,138,22.8,949.56,73.1
CWPRS campus,18.446944,73.785,17-05-2024 03:30,2024-05-17 03:30:00,2024,5,17,3,138,22.9,949.58,73.4
CWPRS campus,18.446944,73.785,17-05-2024 03:35,2024-05-17 03:35:00,2024,5,17,3,138,22.9,949.67,73.2
CWPRS campus,18.446944,73.785,17-05-2024 03:40,2024-05-17 03:40:00,2024,5,17,3,138,23.2,949.72,73.3
CWPRS campus,18.446944,73.785,17-05-2024 03:45,2024-05-17 03:45:00,2024,5,17,3,138,23.1,949.76,72.9
CWPRS campus,18.446944,73.785,17-05-2024 03:50,2024-05-17 03:50:00,2024,5,17,3,138,23.2,949.97,73.0
CWPRS campus,18.446944,73.785,17-05-2024 03:55,2024-05-17 03:55:00,2024,5,17,3,138,23.1,950.13,73.5
CWPRS campus,18.446944,73.785,17-05-2024 04:00,2024-05-17 04:00:00,2024,5,17,4,138,22.9,950.21,73.6
CWPRS campus,18.446944,73.785,17-05-2024 04:05,2024-05-17 04:05:00,2024,5,17,4,138,22.9,950.09,73.3
CWPRS campus,18.446944,73.785,17-05-2024 04:10,2024-05-17 04:10:00,2024,5,17,4,138,22.9,950.13,73.3
CWPRS campus,18.446944,73.785,17-05-2024 04:15,2024-05-17 04:15:00,2024,5,17,4,138,22.9,950.42,73.1
CWPRS campus,18.446944,73.785,17-05-2024 04:20,2024-05-17 04:20:00,2024,5,17,4,138,22.8,950.46,73.0
CWPRS campus,18.446944,73.785,17-05-2024 04:25,2024-05-17 04:25:00,2024,5,17,4,138,22.7,950.61,72.7
CWPRS campus,18.446944,73.785,17-05-2024 04:30,2024-05-17 04:30:00,2024,5,17,4,138,22.8,950.78,72.5
CWPRS campus,18.446944,73.785,17-05-2024 04:35,2024-05-17 04:35:00,2024,5,17,4,138,22.6,950.85,72.4
CWPRS campus,18.446944,73.785,17-05-2024 04:40,2024-05-17 04:40:00,2024,5,17,4,138,22.9,950.84,71.8
CWPRS campus,18.446944,73.785,17-05-2024 04:45,2024-05-17 04:45:00,2024,5,17,4,138,23.0,950.7,71.2
CWPRS campus,18.446944,73.785,17-05-2024 04:50,2024-05-17 04:50:00,2024,5,17,4,138,22.8,950.82,70.5
CWPRS campus,18.446944,73.785,17-05-2024 04:55,2024-05-17 04:55:00,2024,5,17,4,138,22.9,950.81,69.7
CWPRS campus,18.446944,73.785,17-05-2024 05:00,2024-05-17 05:00:00,2024,5,17,5,138,22.9,950.89,69.1
CWPRS campus,18.446944,73.785,17-05-2024 05:05,2024-05-17 05:05:00,2024,5,17,5,138,23.1,950.84,69.0
CWPRS campus,18.446944,73.785,17-05-2024 05:10,2024-05-17 05:10:00,2024,5,17,5,138,23.4,950.88,68.5
CWPRS campus,18.446944,73.785,17-05-2024 05:15,2024-05-17 05:15:00,2024,5,17,5,138,23.2,950.95,68.5
CWPRS campus,18.446944,73.785,17-05-2024 05:20,2024-05-17 05:20:00,2024,5,17,5,138,23.4,951.03,68.4
CWPRS campus,18.446944,73.785,17-05-2024 05:25,2024-05-17 05:25:00,2024,5,17,5,138,23.5,950.99,67.4
CWPRS campus,18.446944,73.785,17-05-2024 05:30,2024-05-17 05:30:00,2024,5,17,5,138,23.7,951.14,67.5
CWPRS campus,18.446944,73.785,17-05-2024 05:35,2024-05-17 05:35:00,2024,5,17,5,138,23.9,951.15,67.6
CWPRS campus,18.446944,73.785,17-05-2024 05:40,2024-05-17 05:40:00,2024,5,17,5,138,23.9,951.06,67.0
CWPRS campus,18.446944,73.785,17-05-2024 05:45,2024-05-17 05:45:00,2024,5,17,5,138,24.0,951.11,67.0
CWPRS campus,18.446944,73.785,17-05-2024 05:50,2024-05-17 05:50:00,2024,5,17,5,138,24.0,951.16,66.4
CWPRS campus,18.446944,73.785,17-05-2024 05:55,2024-05-17 05:55:00,2024,5,17,5,138,24.3,951.23,66.2
CWPRS campus,18.446944,73.785,17-05-2024 06:00,2024-05-17 06:00:00,2024,5,17,6,138,24.5,951.38,65.4
CWPRS campus,18.446944,73.785,17-05-2024 06:05,2024-05-17 06:05:00,2024,5,17,6,138,24.9,951.4,64.4
CWPRS campus,18.446944,73.785,17-05-2024 06:10,2024-05-17 06:10:00,2024,5,17,6,138,25.0,951.43,64.1
CWPRS campus,18.446944,73.785,17-05-2024 06:15,2024-05-17 06:15:00,2024,5,17,6,138,25.0,951.37,63.8
CWPRS campus,18.446944,73.785,17-05-2024 06:20,2024-05-17 06:20:00,2024,5,17,6,138,24.9,951.47,63.4
CWPRS campus,18.446944,73.785,17-05-2024 06:25,2024-05-17 06:25:00,2024,5,17,6,138,24.8,951.52,62.7
CWPRS campus,18.446944,73.785,17-05-2024 06:30,2024-05-17 06:30:00,2024,5,17,6,138,24.7,951.51,62.3
CWPRS campus,18.446944,73.785,17-05-2024 06:35,2024-05-17 06:35:00,2024,5,17,6,138,25.0,951.38,62.1
CWPRS campus,18.446944,73.785,17-05-2024 06:40,2024-05-17 06:40:00,2024,5,17,6,138,25.2,951.53,61.9
CWPRS campus,18.446944,73.785,17-05-2024 06:45,2024-05-17 06:45:00,2024,5,17,6,138,25.1,951.45,61.7
CWPRS campus,18.446944,73.785,17-05-2024 06:50,2024-05-17 06:50:00,2024,5,17,6,138,25.5,951.42,61.1
CWPRS campus,18.446944,73.785,17-05-2024 06:55,2024-05-17 06:55:00,2024,5,17,6,138,25.6,951.47,61.3
CWPRS campus,18.446944,73.785,17-05-2024 07:00,2024-05-17 07:00:00,2024,5,17,7,138,25.8,951.39,60.5
CWPRS campus,18.446944,73.785,17-05-2024 07:05,2024-05-17 07:05:00,2024,5,17,7,138,26.2,951.29,60.4
CWPRS campus,18.446944,73.785,17-05-2024 07:10,2024-05-17 07:10:00,2024,5,17,7,138,26.5,951.13,60.5
CWPRS campus,18.446944,73.785,17-05-2024 07:15,2024-05-17 07:15:00,2024,5,17,7,138,26.6,951.21,60.3
CWPRS campus,18.446944,73.785,17-05-2024 07:20,2024-05-17 07:20:00,2024,5,17,7,138,26.6,951.18,59.9
CWPRS campus,18.446944,73.785,17-05-2024 07:25,2024-05-17 07:25:00,2024,5,17,7,138,26.5,951.43,59.3
CWPRS campus,18.446944,73.785,17-05-2024 07:30,2024-05-17 07:30:00,2024,5,17,7,138,26.5,951.35,59.3
CWPRS campus,18.446944,73.785,17-05-2024 07:35,2024-05-17 07:35:00,2024,5,17,7,138,26.7,951.28,58.3
CWPRS campus,18.446944,73.785,17-05-2024 07:40,2024-05-17 07:40:00,2024,5,17,7,138,26.7,951.23,57.6
CWPRS campus,18.446944,73.785,17-05-2024 07:45,2024-05-17 07:45:00,2024,5,17,7,138,26.9,951.25,57.0
CWPRS campus,18.446944,73.785,17-05-2024 07:50,2024-05-17 07:50:00,2024,5,17,7,138,27.1,951.21,57.1
CWPRS campus,18.446944,73.785,17-05-2024 07:55,2024-05-17 07:55:00,2024,5,17,7,138,27.3,951.25,56.9
CWPRS campus,18.446944,73.785,17-05-2024 08:00,2024-05-17 08:00:00,2024,5,17,8,138,27.4,951.16,56.1
CWPRS campus,18.446944,73.785,17-05-2024 08:05,2024-05-17 08:05:00,2024,5,17,8,138,27.6,951.04,55.6
CWPRS campus,18.446944,73.785,17-05-2024 08:10,2024-05-17 08:10:00,2024,5,17,8,138,27.8,950.88,54.9
CWPRS campus,18.446944,73.785,17-05-2024 08:15,2024-05-17 08:15:00,2024,5,17,8,138,27.9,950.7,54.2
CWPRS campus,18.446944,73.785,17-05-2024 08:20,2024-05-17 08:20:00,2024,5,17,8,138,28.3,950.65,54.2
CWPRS campus,18.446944,73.785,17-05-2024 08:25,2024-05-17 08:25:00,2024,5,17,8,138,28.4,950.62,53.3
CWPRS campus,18.446944,73.785,17-05-2024 08:30,2024-05-17 08:30:00,2024,5,17,8,138,28.6,950.56,53.5
CWPRS campus,18.446944,73.785,17-05-2024 08:35,2024-05-17 08:35:00,2024,5,17,8,138,28.9,950.65,53.4
CWPRS campus,18.446944,73.785,17-05-2024 08:40,2024-05-17 08:40:00,2024,5,17,8,138,29.1,950.73,53.4
CWPRS campus,18.446944,73.785,17-05-2024 08:45,2024-05-17 08:45:00,2024,5,17,8,138,29.4,950.68,52.8
CWPRS campus,18.446944,73.785,17-05-2024 08:50,2024-05-17 08:50:00,2024,5,17,8,138,29.7,950.51,52.2
CWPRS campus,18.446944,73.785,17-05-2024 08:55,2024-05-17 08:55:00,2024,5,17,8,138,29.7,950.45,51.2
CWPRS campus,18.446944,73.785,17-05-2024 09:00,2024-05-17 09:00:00,2024,5,17,9,138,29.9,950.38,50.6
CWPRS campus,18.446944,73.785,17-05-2024 09:05,2024-05-17 09:05:00,2024,5,17,9,138,29.9,950.3,50.4
CWPRS campus,18.446944,73.785,17-05-2024 09:10,2024-05-17 09:10:00,2024,5,17,9,138,30.1,950.22,50.4
CWPRS campus,18.446944,73.785,17-05-2024 09:15,2024-05-17 09:15:00,2024,5,17,9,138,30.3,950.15,49.5
CWPRS campus,18.446944,73.785,17-05-2024 09:20,2024-05-17 09:20:00,2024,5,17,9,138,30.4,950.09,49.0
CWPRS campus,18.446944,73.785,17-05-2024 09:25,2024-05-17 09:25:00,2024,5,17,9,138,30.6,950.02,48.5
CWPRS campus,18.446944,73.785,17-05-2024 09:30,2024-05-17 09:30:00,2024,5,17,9,138,30.4,950.01,47.5
CWPRS campus,18.446944,73.785,17-05-2024 09:35,2024-05-17 09:35:00,2024,5,17,9,138,30.5,950.01,47.3
CWPRS campus,18.446944,73.785,17-05-2024 09:40,2024-05-17 09:40:00,2024,5,17,9,138,30.7,949.91,46.6
CWPRS campus,18.446944,73.785,17-05-2024 09:45,2024-05-17 09:45:00,2024,5,17,9,138,30.9,949.98,46.1
CWPRS campus,18.446944,73.785,17-05-2024 09:50,2024-05-17 09:50:00,2024,5,17,9,138,31.0,949.87,45.6
CWPRS campus,18.446944,73.785,17-05-2024 09:55,2024-05-17 09:55:00,2024,5,17,9,138,31.3,949.71,44.9
CWPRS campus,18.446944,73.785,17-05-2024 10:00,2024-05-17 10:00:00,2024,5,17,10,138,31.4,949.71,44.5
CWPRS campus,18.446944,73.785,17-05-2024 10:05,2024-05-17 10:05:00,2024,5,17,10,138,31.7,949.61,44.1
CWPRS campus,18.446944,73.785,17-05-2024 10:10,2024-05-17 10:10:00,2024,5,17,10,138,31.9,949.61,43.5
CWPRS campus,18.446944,73.785,17-05-2024 10:15,2024-05-17 10:15:00,2024,5,17,10,138,32.0,949.39,42.9
CWPRS campus,18.446944,73.785,17-05-2024 10:20,2024-05-17 10:20:00,2024,5,17,10,138,32.4,949.47,42.7
CWPRS campus,18.446944,73.785,17-05-2024 10:25,2024-05-17 10:25:00,2024,5,17,10,138,32.3,949.5,43.0
CWPRS campus,18.446944,73.785,17-05-2024 10:30,2024-05-17 10:30:00,2024,5,17,10,138,32.6,949.35,42.7
CWPRS campus,18.446944,73.785,17-05-2024 10:35,2024-05-17 10:35:00,2024,5,17,10,138,32.9,949.2,42.7
CWPRS campus,18.446944,73.785,17-05-2024 10:40,2024-05-17 10:40:00,2024,5,17,10,138,33.0,949.31,41.7
CWPRS campus,18.446944,73.785,17-05-2024 10:45,2024-05-17 10:45:00,2024,5,17,10,138,33.3,949.23,41.4
CWPRS campus,18.446944,73.785,17-05-2024 10:50,2024-05-17 10:50:00,2024,5,17,10,138,33.4,949.13,40.6
CWPRS campus,18.446944,73.785,17-05-2024 10:55,2024-05-17 10:55:00,2024,5,17,10,138,33.6,948.93,39.7
CWPRS campus,18.446944,73.785,17-05-2024 11:00,2024-05-17 11:00:00,2024,5,17,11,138,33.7,948.89,39.1
CWPRS campus,18.446944,73.785,17-05-2024 11:05,2024-05-17 11:05:00,2024,5,17,11,138,33.8,948.85,39.3
CWPRS campus,18.446944,73.785,17-05-2024 11:10,2024-05-17 11:10:00,2024,5,17,11,138,34.0,948.9,39.4
CWPRS campus,18.446944,73.785,17-05-2024 11:15,2024-05-17 11:15:00,2024,5,17,11,138,34.3,948.77,39.1
CWPRS campus,18.446944,73.785,17-05-2024 11:20,2024-05-17 11:20:00,2024,5,17,11,138,34.1,948.64,38.2
CWPRS campus,18.446944,73.785,17-05-2024 11:25,2024-05-17 11:25:00,2024,5,17,11,138,34.4,948.67,37.8
CWPRS campus,18.446944,73.785,17-05-2024 11:30,2024-05-17 11:30:00,2024,5,17,11,138,34.3,948.74,37.7
CWPRS campus,18.446944,73.785,17-05-2024 11:35,2024-05-17 11:35:00,2024,5,17,11,138,34.5,948.61,37.4
CWPRS campus,18.446944,73.785,17-05-2024 11:40,2024-05-17 11:40:00,2024,5,17,11,138,34.8,948.69,36.4
CWPRS campus,18.446944,73.785,17-05-2024 11:45,2024-05-17 11:45:00,2024,5,17,11,138,34.7,948.69,35.8
CWPRS campus,18.446944,73.785,17-05-2024 11:50,2024-05-17 11:50:00,2024,5,17,11,138,34.8,948.78,35.6
CWPRS campus,18.446944,73.785,17-05-2024 11:55,2024-05-17 11:55:00,2024,5,17,11,138,34.7,948.76,35.6
CWPRS campus,18.446944,73.785,17-05-2024 12:00,2024-05-17 12:00:00,2024,5,17,12,138,34.8,948.56,34.5
CWPRS campus,18.446944,73.785,17-05-2024 12:05,2024-05-17 12:05:00,2024,5,17,12,138,34.8,948.55,34.2
CWPRS campus,18.446944,73.785,17-05-2024 12:10,2024-05-17 12:10:00,2024,5,17,12,138,35.0,948.64,34.1
CWPRS campus,18.446944,73.785,17-05-2024 12:15,2024-05-17 12:15:00,2024,5,17,12,138,35.3,948.58,34.3
CWPRS campus,18.446944,73.785,17-05-2024 12:20,2024-05-17 12:20:00,2024,5,17,12,138,35.6,948.56,34.4
CWPRS campus,18.446944,73.785,17-05-2024 12:25,2024-05-17 12:25:00,2024,5,17,12,138,35.6,948.55,34.4
CWPRS campus,18.446944,73.785,17-05-2024 12:30,2024-05-17 12:30:00,2024,5,17,12,138,35.7,948.34,33.9
CWPRS campus,18.446944,73.785,17-05-2024 12:35,2024-05-17 12:35:00,2024,5,17,12,138,35.5,948.5,32.9
CWPRS campus,18.446944,73.785,17-05-2024 12:40,2024-05-17 12:40:00,2024,5,17,12,138,35.4,948.45,32.6
CWPRS campus,18.446944,73.785,17-05-2024 12:45,2024-05-17 12:45:00,2024,5,17,12,138,35.7,948.52,32.9
CWPRS campus,18.446944,73.785,17-05-2024 12:50,2024-05-17 12:50:00,2024,5,17,12,138,36.0,948.54,33.3
CWPRS campus,18.446944,73.785,17-05-2024 12:55,2024-05-17 12:55:00,2024,5,17,12,138,35.8,948.67,33.5
CWPRS campus,18.446944,73.785,17-05-2024 13:00,2024-05-17 13:00:00,2024,5,17,13,138,35.8,948.73,33.5
CWPRS campus,18.446944,73.785,17-05-2024 13:05,2024-05-17 13:05:00,2024,5,17,13,138,35.9,948.73,33.4
CWPRS campus,18.446944,73.785,17-05-2024 13:10,2024-05-17 13:10:00,2024,5,17,13,138,36.0,948.69,33.0
CWPRS campus,18.446944,73.785,17-05-2024 13:15,2024-05-17 13:15:00,2024,5,17,13,138,35.9,948.79,32.8
CWPRS campus,18.446944,73.785,17-05-2024 13:20,2024-05-17 13:20:00,2024,5,17,13,138,36.0,948.68,33.4
CWPRS campus,18.446944,73.785,17-05-2024 13:25,2024-05-17 13:25:00,2024,5,17,13,138,36.0,948.77,32.8
CWPRS campus,18.446944,73.785,17-05-2024 13:30,2024-05-17 13:30:00,2024,5,17,13,138,36.1,948.73,33.3
CWPRS campus,18.446944,73.785,17-05-2024 13:35,2024-05-17 13:35:00,2024,5,17,13,138,36.2,948.88,33.1
CWPRS campus,18.446944,73.785,17-05-2024 13:40,2024-05-17 13:40:00,2024,5,17,13,138,36.3,948.94,33.4
CWPRS campus,18.446944,73.785,17-05-2024 13:45,2024-05-17 13:45:00,2024,5,17,13,138,36.2,949.04,32.7
CWPRS campus,18.446944,73.785,17-05-2024 13:50,2024-05-17 13:50:00,2024,5,17,13,138,36.3,949.09,32.9
CWPRS campus,18.446944,73.785,17-05-2024 13:55,2024-05-17 13:55:00,2024,5,17,13,138,36.3,949.0,32.4
CWPRS campus,18.446944,73.785,17-05-2024 14:00,2024-05-17 14:00:00,2024,5,17,14,138,36.3,948.99,31.8
CWPRS campus,18.446944,73.785,17-05-2024 14:05,2024-05-17 14:05:00,2024,5,17,14,138,36.2,949.11,31.8
CWPRS campus,18.446944,73.785,17-05-2024 14:10,2024-05-17 14:10:00,2024,5,17,14,138,36.5,949.18,32.2
CWPRS campus,18.446944,73.785,17-05-2024 14:15,2024-05-17 14:15:00,2024,5,17,14,138,36.6,956.211411210089,31.8
CWPRS campus,18.446944,73.785,17-05-2024 14:20,2024-05-17 14:20:00,2024,5,17,14,138,36.6,956.3014112100889,31.2
CWPRS campus,18.446944,73.785,17-05-2024 14:25,2024-05-17 14:25:00,2024,5,17,14,138,36.7,956.2914112100889,31.1
CWPRS campus,18.446944,73.785,17-05-2024 14:30,2024-05-17 14:30:00,2024,5,17,14,138,36.6,949.42,31.1
CWPRS campus,18.446944,73.785,17-05-2024 14:35,2024-05-17 14:35:00,2024,5,17,14,138,36.8,949.5,31.4
CWPRS campus,18.446944,73.785,17-05-2024 14:40,2024-05-17 14:40:00,2024,5,17,14,138,36.9,949.38,31.8
CWPRS campus,18.446944,73.785,17-05-2024 14:45,2024-05-17 14:45:00,2024,5,17,14,138,36.8,949.6,31.8
CWPRS campus,18.446944,73.785,17-05-2024 14:50,2024-05-17 14:50:00,2024,5,17,14,138,36.9,949.71,32.6
CWPRS campus,18.446944,73.785,17-05-2024 14:55,2024-05-17 14:55:00,2024,5,17,14,138,36.6,949.88,32.7
CWPRS campus,18.446944,73.785,17-05-2024 15:00,2024-05-17 15:00:00,2024,5,17,15,138,36.4,949.83,32.5
CWPRS campus,18.446944,73.785,17-05-2024 15:05,2024-05-17 15:05:00,2024,5,17,15,138,36.2,950.01,31.9
CWPRS campus,18.446944,73.785,17-05-2024 15:10,2024-05-17 15:10:00,2024,5,17,15,138,36.3,950.26,31.9
CWPRS campus,18.446944,73.785,17-05-2024 15:15,2024-05-17 15:15:00,2024,5,17,15,138,36.5,950.23,31.8
CWPRS campus,18.446944,73.785,17-05-2024 15:20,2024-05-17 15:20:00,2024,5,17,15,138,36.8,950.36,32.3
CWPRS campus,18.446944,73.785,17-05-2024 15:25,2024-05-17 15:25:00,2024,5,17,15,138,36.9,950.44,32.6
CWPRS campus,18.446944,73.785,17-05-2024 15:30,2024-05-17 15:30:00,2024,5,17,15,138,36.9,950.39,32.2
CWPRS campus,18.446944,73.785,17-05-2024 15:35,2024-05-17 15:35:00,2024,5,17,15,138,36.6,950.51,32.4
CWPRS campus,18.446944,73.785,17-05-2024 15:40,2024-05-17 15:40:00,2024,5,17,15,138,36.4,950.65,32.8
CWPRS campus,18.446944,73.785,17-05-2024 15:45,2024-05-17 15:45:00,2024,5,17,15,138,36.3,950.68,33.6
CWPRS campus,18.446944,73.785,17-05-2024 15:50,2024-05-17 15:50:00,2024,5,17,15,138,36.1,950.85,34.0
CWPRS campus,18.446944,73.785,17-05-2024 15:55,2024-05-17 15:55:00,2024,5,17,15,138,36.1,950.79,34.4
CWPRS campus,18.446944,73.785,17-05-2024 16:00,2024-05-17 16:00:00,2024,5,17,16,138,35.9,950.75,34.6
CWPRS campus,18.446944,73.785,17-05-2024 16:05,2024-05-17 16:05:00,2024,5,17,16,138,35.6,950.85,34.8
CWPRS campus,18.446944,73.785,17-05-2024 16:10,2024-05-17 16:10:00,2024,5,17,16,138,35.7,950.93,35.5
CWPRS campus,18.446944,73.785,17-05-2024 16:15,2024-05-17 16:15:00,2024,5,17,16,138,35.5,950.96,35.0
CWPRS campus,18.446944,73.785,17-05-2024 16:20,2024-05-17 16:20:00,2024,5,17,16,138,35.5,951.11,35.0
CWPRS campus,18.446944,73.785,17-05-2024 16:25,2024-05-17 16:25:00,2024,5,17,16,138,35.7,951.23,34.9
CWPRS campus,18.446944,73.785,17-05-2024 16:30,2024-05-17 16:30:00,2024,5,17,16,138,35.5,951.38,35.2
CWPRS campus,18.446944,73.785,17-05-2024 16:35,2024-05-17 16:35:00,2024,5,17,16,138,35.1,951.45,35.9
CWPRS campus,18.446944,73.785,17-05-2024 16:40,2024-05-17 16:40:00,2024,5,17,16,138,35.0,951.57,35.9
CWPRS campus,18.446944,73.785,17-05-2024 16:45,2024-05-17 16:45:00,2024,5,17,16,138,35.1,951.6,35.1
CWPRS campus,18.446944,73.785,17-05-2024 16:50,2024-05-17 16:50:00,2024,5,17,16,138,35.4,951.84,35.2
CWPRS campus,18.446944,73.785,17-05-2024 16:55,2024-05-17 16:55:00,2024,5,17,16,138,35.1,951.84,35.8
CWPRS campus,18.446944,73.785,17-05-2024 17:00,2024-05-17 17:00:00,2024,5,17,17,138,35.1,952.07,36.3
CWPRS campus,18.446944,73.785,17-05-2024 17:05,2024-05-17 17:05:00,2024,5,17,17,138,35.0,952.13,36.8
CWPRS campus,18.446944,73.785,17-05-2024 17:10,2024-05-17 17:10:00,2024,5,17,17,138,34.9,952.08,36.9
CWPRS campus,18.446944,73.785,17-05-2024 17:15,2024-05-17 17:15:00,2024,5,17,17,138,35.2,952.25,36.7
CWPRS campus,18.446944,73.785,17-05-2024 17:20,2024-05-17 17:20:00,2024,5,17,17,138,34.9,952.31,37.2
CWPRS campus,18.446944,73.785,17-05-2024 17:25,2024-05-17 17:25:00,2024,5,17,17,138,34.8,952.43,37.2
CWPRS campus,18.446944,73.785,17-05-2024 17:30,2024-05-17 17:30:00,2024,5,17,17,138,34.8,952.58,38.4
CWPRS campus,18.446944,73.785,17-05-2024 17:35,2024-05-17 17:35:00,2024,5,17,17,138,34.9,952.64,38.9
CWPRS campus,18.446944,73.785,17-05-2024 17:40,2024-05-17 17:40:00,2024,5,17,17,138,34.8,952.64,39.0
CWPRS campus,18.446944,73.785,17-05-2024 17:45,2024-05-17 17:45:00,2024,5,17,17,138,34.7,952.75,39.1
CWPRS campus,18.446944,73.785,17-05-2024 17:50,2024-05-17 17:50:00,2024,5,17,17,138,34.5,952.79,39.4
CWPRS campus,18.446944,73.785,17-05-2024 17:55,2024-05-17 17:55:00,2024,5,17,17,138,34.4,952.88,39.6
CWPRS campus,18.446944,73.785,17-05-2024 18:00,2024-05-17 18:00:00,2024,5,17,18,138,34.3,952.73,40.4
CWPRS campus,18.446944,73.785,17-05-2024 18:05,2024-05-17 18:05:00,2024,5,17,18,138,34.2,952.8,40.8
CWPRS campus,18.446944,73.785,17-05-2024 18:10,2024-05-17 18:10:00,2024,5,17,18,138,34.0,952.78,40.9
CWPRS campus,18.446944,73.785,17-05-2024 18:15,2024-05-17 18:15:00,2024,5,17,18,138,34.0,952.94,42.0
CWPRS campus,18.446944,73.785,17-05-2024 18:20,2024-05-17 18:20:00,2024,5,17,18,138,33.8,953.01,42.4
CWPRS campus,18.446944,73.785,17-05-2024 18:25,2024-05-17 18:25:00,2024,5,17,18,138,33.9,953.05,43.0
CWPRS campus,18.446944,73.785,17-05-2024 18:30,2024-05-17 18:30:00,2024,5,17,18,138,33.7,953.11,43.1
CWPRS campus,18.446944,73.785,17-05-2024 18:35,2024-05-17 18:35:00,2024,5,17,18,138,33.3,953.04,43.6
CWPRS campus,18.446944,73.785,17-05-2024 18:40,2024-05-17 18:40:00,2024,5,17,18,138,33.4,953.18,44.1
CWPRS campus,18.446944,73.785,17-05-2024 18:45,2024-05-17 18:45:00,2024,5,17,18,138,33.1,953.34,43.7
CWPRS campus,18.446944,73.785,17-05-2024 18:50,2024-05-17 18:50:00,2024,5,17,18,138,32.9,953.37,44.9
CWPRS campus,18.446944,73.785,17-05-2024 18:55,2024-05-17 18:55:00,2024,5,17,18,138,32.7,953.49,45.8
CWPRS campus,18.446944,73.785,17-05-2024 19:00,2024-05-17 19:00:00,2024,5,17,19,138,32.7,953.43,46.0
CWPRS campus,18.446944,73.785,17-05-2024 19:05,2024-05-17 19:05:00,2024,5,17,19,138,32.3,953.35,45.9
CWPRS campus,18.446944,73.785,17-05-2024 19:10,2024-05-17 19:10:00,2024,5,17,19,138,32.6,953.34,46.4
CWPRS campus,18.446944,73.785,17-05-2024 19:15,2024-05-17 19:15:00,2024,5,17,19,138,32.6,953.36,46.8
CWPRS campus,18.446944,73.785,17-05-2024 19:20,2024-05-17 19:20:00,2024,5,17,19,138,32.5,953.31,47.4
CWPRS campus,18.446944,73.785,17-05-2024 19:25,2024-05-17 19:25:00,2024,5,17,19,138,32.3,953.34,47.9
CWPRS campus,18.446944,73.785,17-05-2024 19:30,2024-05-17 19:30:00,2024,5,17,19,138,32.2,953.34,48.5
CWPRS campus,18.446944,73.785,17-05-2024 19:35,2024-05-17 19:35:00,2024,5,17,19,138,32.1,953.23,49.4
CWPRS campus,18.446944,73.785,17-05-2024 19:40,2024-05-17 19:40:00,2024,5,17,19,138,32.1,953.25,50.0
CWPRS campus,18.446944,73.785,17-05-2024 19:45,2024-05-17 19:45:00,2024,5,17,19,138,32.0,953.29,50.0
CWPRS campus,18.446944,73.785,17-05-2024 19:50,2024-05-17 19:50:00,2024,5,17,19,138,31.8,953.27,50.9
CWPRS campus,18.446944,73.785,17-05-2024 19:55,2024-05-17 19:55:00,2024,5,17,19,138,31.6,953.32,51.9
CWPRS campus,18.446944,73.785,17-05-2024 20:00,2024-05-17 20:00:00,2024,5,17,20,138,31.4,953.18,53.5
CWPRS campus,18.446944,73.785,17-05-2024 20:05,2024-05-17 20:05:00,2024,5,17,20,138,31.3,953.18,53.3
CWPRS campus,18.446944,73.785,17-05-2024 20:10,2024-05-17 20:10:00,2024,5,17,20,138,31.3,953.04,53.8
CWPRS campus,18.446944,73.785,17-05-2024 20:15,2024-05-17 20:15:00,2024,5,17,20,138,31.2,952.91,53.2
CWPRS campus,18.446944,73.785,17-05-2024 20:20,2024-05-17 20:20:00,2024,5,17,20,138,30.6,952.83,53.8
CWPRS campus,18.446944,73.785,17-05-2024 20:25,2024-05-17 20:25:00,2024,5,17,20,138,30.5,952.71,54.0
CWPRS campus,18.446944,73.785,17-05-2024 20:30,2024-05-17 20:30:00,2024,5,17,20,138,30.4,952.63,55.1
CWPRS campus,18.446944,73.785,17-05-2024 20:35,2024-05-17 20:35:00,2024,5,17,20,138,30.2,952.58,55.2
CWPRS campus,18.446944,73.785,17-05-2024 20:40,2024-05-17 20:40:00,2024,5,17,20,138,30.0,952.6,54.9
CWPRS campus,18.446944,73.785,17-05-2024 20:45,2024-05-17 20:45:00,2024,5,17,20,138,30.0,952.53,55.1
CWPRS campus,18.446944,73.785,17-05-2024 20:50,2024-05-17 20:50:00,2024,5,17,20,138,30.0,952.36,54.7
CWPRS campus,18.446944,73.785,17-05-2024 20:55,2024-05-17 20:55:00,2024,5,17,20,138,29.7,952.41,55.4
CWPRS campus,18.446944,73.785,17-05-2024 21:00,2024-05-17 21:00:00,2024,5,17,21,138,29.6,952.3,55.1
CWPRS campus,18.446944,73.785,17-05-2024 21:05,2024-05-17 21:05:00,2024,5,17,21,138,29.3,952.25,55.6
CWPRS campus,18.446944,73.785,17-05-2024 21:10,2024-05-17 21:10:00,2024,5,17,21,138,29.0,951.7764389584373,55.2
CWPRS campus,18.446944,73.785,17-05-2024 21:15,2024-05-17 21:15:00,2024,5,17,21,138,28.7,951.2828779168748,55.6
CWPRS campus,18.446944,73.785,17-05-2024 21:20,2024-05-17 21:20:00,2024,5,17,21,138,28.7,950.8593168753121,56.8
CWPRS campus,18.446944,73.785,17-05-2024 21:25,2024-05-17 21:25:00,2024,5,17,21,138,28.7,950.3757558337495,57.4
CWPRS campus,18.446944,73.785,17-05-2024 21:30,2024-05-17 21:30:00,2024,5,17,21,138,28.6,949.7921947921868,57.5
CWPRS campus,18.446944,73.785,17-05-2024 21:35,2024-05-17 21:35:00,2024,5,17,21,138,28.6,949.4486337506241,58.0
CWPRS campus,18.446944,73.785,17-05-2024 21:40,2024-05-17 21:40:00,2024,5,17,21,138,28.5,948.9350727090615,58.5
CWPRS campus,18.446944,73.785,17-05-2024 21:45,2024-05-17 21:45:00,2024,5,17,21,138,28.3,948.4015116674989,59.1
CWPRS campus,18.446944,73.785,17-05-2024 21:50,2024-05-17 21:50:00,2024,5,17,21,138,28.2,947.9479506259363,59.0
CWPRS campus,18.446944,73.785,17-05-2024 21:55,2024-05-17 21:55:00,2024,5,17,21,138,28.2,947.4343895843737,59.7
CWPRS campus,18.446944,73.785,17-05-2024 22:00,2024-05-17 22:00:00,2024,5,17,22,138,28.1,946.9408285428109,59.1
CWPRS campus,18.446944,73.785,17-05-2024 22:05,2024-05-17 22:05:00,2024,5,17,22,138,28.1,946.6072675012483,59.4
CWPRS campus,18.446944,73.785,17-05-2024 22:10,2024-05-17 22:10:00,2024,5,17,22,138,28.1,946.0537064596857,59.7
CWPRS campus,18.446944,73.785,17-05-2024 22:15,2024-05-17 22:15:00,2024,5,17,22,138,28.0,945.4901454181231,60.5
CWPRS campus,18.446944,73.785,17-05-2024 22:20,2024-05-17 22:20:00,2024,5,17,22,138,28.0,944.9665843765604,61.0
CWPRS campus,18.446944,73.785,17-05-2024 22:25,2024-05-17 22:25:00,2024,5,17,22,138,27.8,944.5230233349978,60.9
CWPRS campus,18.446944,73.785,17-05-2024 22:30,2024-05-17 22:30:00,2024,5,17,22,138,27.5,943.8594622934352,61.0
CWPRS campus,18.446944,73.785,17-05-2024 22:35,2024-05-17 22:35:00,2024,5,17,22,138,27.3,943.1759012518725,61.6
CWPRS campus,18.446944,73.785,17-05-2024 22:40,2024-05-17 22:40:00,2024,5,17,22,138,27.1,942.6123402103099,62.1
CWPRS campus,18.446944,73.785,17-05-2024 22:45,2024-05-17 22:45:00,2024,5,17,22,138,26.8,941.9587791687472,62.3
CWPRS campus,18.446944,73.785,17-05-2024 22:50,2024-05-17 22:50:00,2024,5,17,22,138,26.7,951.15,62.6
CWPRS campus,18.446944,73.785,17-05-2024 22:55,2024-05-17 22:55:00,2024,5,17,22,138,26.4,951.14,63.4
CWPRS campus,18.446944,73.785,17-05-2024 23:00,2024-05-17 23:00:00,2024,5,17,23,138,26.2,951.03,63.6
CWPRS campus,18.446944,73.785,17-05-2024 23:05,2024-05-17 23:05:00,2024,5,17,23,138,25.8,950.87,64.0
CWPRS campus,18.446944,73.785,17-05-2024 23:10,2024-05-17 23:10:00,2024,5,17,23,138,25.8,950.84,65.4
CWPRS campus,18.446944,73.785,17-05-2024 23:15,2024-05-17 23:15:00,2024,5,17,23,138,25.7,950.88,65.2
CWPRS campus,18.446944,73.785,17-05-2024 23:20,2024-05-17 23:20:00,2024,5,17,23,138,25.5,950.71,64.9
CWPRS campus,18.446944,73.785,17-05-2024 23:25,2024-05-17 23:25:00,2024,5,17,23,138,25.5,950.74,65.6
CWPRS campus,18.446944,73.785,17-05-2024 23:30,2024-05-17 23:30:00,2024,5,17,23,138,25.5,950.78,65.8
CWPRS campus,18.446944,73.785,17-05-2024 23:35,2024-05-17 23:35:00,2024,5,17,23,138,25.2,950.82,66.0
CWPRS campus,18.446944,73.785,17-05-2024 23:40,2024-05-17 23:40:00,2024,5,17,23,138,25.0,950.89,66.1
CWPRS campus,18.446944,73.785,17-05-2024 23:45,2024-05-17 23:45:00,2024,5,17,23,138,24.8,951.03,66.4
CWPRS campus,18.446944,73.785,17-05-2024 23:50,2024-05-17 23:50:00,2024,5,17,23,138,24.6,950.97,67.5
CWPRS campus,18.446944,73.785,17-05-2024 23:55,2024-05-17 23:55:00,2024,5,17,23,138,24.6,950.94,68.2
Lavale AWS,18.5422,73.7389,11-05-2024 00:00,2024-05-11 00:00:00,2024,5,11,0,132,25.4,951.2,68.5
Lavale AWS,18.5422,73.7389,11-05-2024 00:05,2024-05-11 00:05:00,2024,5,11,0,132,25.1,951.25,68.5
Lavale AWS,18.5422,73.7389,11-05-2024 00:10,2024-05-11 00:10:00,2024,5,11,0,132,25.0,951.11,68.1
Lavale AWS,18.5422,73.7389,11-05-2024 00:15,2024-05-11 00:15:00,2024,5,11,0,132,24.9,951.24,69.0
Lavale AWS,18.5422,73.7389,11-05-2024 00:20,2024-05-11 00:20:00,2024,5,11,0,132,24.7,951.21,68.9
Lavale AWS,18.5422,73.7389,11-05-2024 00:25,2024-05-11 00:25:00,2024,5,11,0,132,24.9,951.1,69.8
Lavale AWS,18.5422,73.7389,11-05-2024 00:30,2024-05-11 00:30:00,2024,5,11,0,132,25.1,950.98,70.5
Lavale AWS,18.5422,73.7389,11-05-2024 00:35,2024-05-11 00:35:00,2024,5,11,0,132,24.9,950.87,70.4
Lavale AWS,18.5422,73.7389,11-05-2024 00:40,2024-05-11 00:40:00,2024,5,11,0,132,25.1,950.87,70.2
Lavale AWS,18.5422,73.7389,11-05-2024 00:45,2024-05-11 00:45:00,2024,5,11,0,132,25.0,950.87,70.3
Lavale AWS,18.5422,73.7389,11-05-2024 00:50,2024-05-11 00:50:00,2024,5,11,0,132,25.4,950.77,70.5
Lavale AWS,18.5422,73.7389,11-05-2024 00:55,2024-05-11 00:55:00,2024,5,11,0,132,25.3,950.74,70.8
Lavale AWS,18.5422,73.7389,11-05-2024 01:00,2024-05-11 01:00:00,2024,5,11,1,132,25.3,950.64,70.7
Lavale AWS,18.5422,73.7389,11-05-2024 01:05,2024-05-11 01:05:00,2024,5,11,1,132,25.4,950.7,71.2
Lavale AWS,18.5422,73.7389,11-05-2024 01:10,2024-05-11 01:10:00,2024,5,11,1,132,25.5,950.71,71.4
Lavale AWS,18.5422,73.7389,11-05-2024 01:15,2024-05-11 01:15:00,2024,5,11,1,132,25.5,950.7,71.4
Lavale AWS,18.5422,73.7389,11-05-2024 01:20,2024-05-11 01:20:00,2024,5,11,1,132,25.4,950.62,71.3
Lavale AWS,18.5422,73.7389,11-05-2024 01:25,2024-05-11 01:25:00,2024,5,11,1,132,25.4,950.62,71.3
Lavale AWS,18.5422,73.7389,11-05-2024 01:30,2024-05-11 01:30:00,2024,5,11,1,132,25.2,950.62,71.2
Lavale AWS,18.5422,73.7389,11-05-2024 01:35,2024-05-11 01:35:00,2024,5,11,1,132,25.2,950.68,71.3
Lavale AWS,18.5422,73.7389,11-05-2024 01:40,2024-05-11 01:40:00,2024,5,11,1,132,24.9,950.73,71.5
Lavale AWS,18.5422,73.7389,11-05-2024 01:45,2024-05-11 01:45:00,2024,5,11,1,132,24.6,950.83,71.7
Lavale AWS,18.5422,73.7389,11-05-2024 01:50,2024-05-11 01:50:00,2024,5,11,1,132,24.6,950.82,72.5
Lavale AWS,18.5422,73.7389,11-05-2024 01:55,2024-05-11 01:55:00,2024,5,11,1,132,24.7,950.72,72.5
Lavale AWS,18.5422,73.7389,11-05-2024 02:00,2024-05-11 02:00:00,2024,5,11,2,132,24.8,950.84,72.9
Lavale AWS,18.5422,73.7389,11-05-2024 02:05,2024-05-11 02:05:00,2024,5,11,2,132,24.8,950.81,73.0
Lavale AWS,18.5422,73.7389,11-05-2024 02:10,2024-05-11 02:10:00,2024,5,11,2,132,25.0,950.78,72.9
Lavale AWS,18.5422,73.7389,11-05-2024 02:15,2024-05-11 02:15:00,2024,5,11,2,132,24.9,950.83,72.9
Lavale AWS,18.5422,73.7389,11-05-2024 02:20,2024-05-11 02:20:00,2024,5,11,2,132,24.6,950.91,72.8
Lavale AWS,18.5422,73.7389,11-05-2024 02:25,2024-05-11 02:25:00,2024,5,11,2,132,24.2,950.93,72.9
Lavale AWS,18.5422,73.7389,11-05-2024 02:30,2024-05-11 02:30:00,2024,5,11,2,132,24.1,950.94,72.5
Lavale AWS,18.5422,73.7389,11-05-2024 02:35,2024-05-11 02:35:00,2024,5,11,2,132,24.2,950.98,71.9
Lavale AWS,18.5422,73.7389,11-05-2024 02:40,2024-05-11 02:40:00,2024,5,11,2,132,24.1,951.16,71.9
Lavale AWS,18.5422,73.7389,11-05-2024 02:45,2024-05-11 02:45:00,2024,5,11,2,132,24.2,951.22,71.9
Lavale AWS,18.5422,73.7389,11-05-2024 02:50,2024-05-11 02:50:00,2024,5,11,2,132,24.5,951.21,71.9
Lavale AWS,18.5422,73.7389,11-05-2024 02:55,2024-05-11 02:55:00,2024,5,11,2,132,24.4,951.2,71.9
Lavale AWS,18.5422,73.7389,11-05-2024 03:00,2024-05-11 03:00:00,2024,5,11,3,132,24.5,951.25,71.9
Lavale AWS,18.5422,73.7389,11-05-2024 03:05,2024-05-11 03:05:00,2024,5,11,3,132,24.6,951.34,71.9
Lavale AWS,18.5422,73.7389,11-05-2024 03:10,2024-05-11 03:10:00,2024,5,11,3,132,24.5,951.46,71.9
Lavale AWS,18.5422,73.7389,11-05-2024 03:15,2024-05-11 03:15:00,2024,5,11,3,132,24.7,951.54,71.9
Lavale AWS,18.5422,73.7389,11-05-2024 03:20,2024-05-11 03:20:00,2024,5,11,3,132,24.7,951.54,71.9
Lavale AWS,18.5422,73.7389,11-05-2024 03:25,2024-05-11 03:25:00,2024,5,11,3,132,24.7,951.58,71.9
Lavale AWS,18.5422,73.7389,11-05-2024 03:30,2024-05-11 03:30:00,2024,5,11,3,132,25.0,951.72,71.9
Lavale AWS,18.5422,73.7389,11-05-2024 03:35,2024-05-11 03:35:00,2024,5,11,3,132,25.1,951.7,71.9
Lavale AWS,18.5422,73.7389,11-05-2024 03:40,2024-05-11 03:40:00,2024,5,11,3,132,25.3,951.74,71.9
Lavale AWS,18.5422,73.7389,11-05-2024 03:45,2024-05-11 03:45:00,2024,5,11,3,132,25.5,951.87,71.9
Lavale AWS,18.5422,73.7389,11-05-2024 03:50,2024-05-11 03:50:00,2024,5,11,3,132,25.5,952.02,70.8
Lavale AWS,18.5422,73.7389,11-05-2024 03:55,2024-05-11 03:55:00,2024,5,11,3,132,25.7,952.08,70.6
Lavale AWS,18.5422,73.7389,11-05-2024 04:00,2024-05-11 04:00:00,2024,5,11,4,132,25.6,952.12,70.9
Lavale AWS,18.5422,73.7389,11-05-2024 04:05,2024-05-11 04:05:00,2024,5,11,4,132,25.6,952.09,69.8
Lavale AWS,18.5422,73.7389,11-05-2024 04:10,2024-05-11 04:10:00,2024,5,11,4,132,25.6,952.21,69.4
Lavale AWS,18.5422,73.7389,11-05-2024 04:15,2024-05-11 04:15:00,2024,5,11,4,132,25.6,952.39,69.0
Lavale AWS,18.5422,73.7389,11-05-2024 04:20,2024-05-11 04:20:00,2024,5,11,4,132,25.7,952.67,68.7
Lavale AWS,18.5422,73.7389,11-05-2024 04:25,2024-05-11 04:25:00,2024,5,11,4,132,25.8,952.76,68.4
Lavale AWS,18.5422,73.7389,11-05-2024 04:30,2024-05-11 04:30:00,2024,5,11,4,132,25.8,952.81,68.8
Lavale AWS,18.5422,73.7389,11-05-2024 04:35,2024-05-11 04:35:00,2024,5,11,4,132,26.0,952.8,68.8
Lavale AWS,18.5422,73.7389,11-05-2024 04:40,2024-05-11 04:40:00,2024,5,11,4,132,26.0,952.71,68.9
Lavale AWS,18.5422,73.7389,11-05-2024 04:45,2024-05-11 04:45:00,2024,5,11,4,132,26.0,952.79,68.6
Lavale AWS,18.5422,73.7389,11-05-2024 04:50,2024-05-11 04:50:00,2024,5,11,4,132,26.1,953.04,67.8
Lavale AWS,18.5422,73.7389,11-05-2024 04:55,2024-05-11 04:55:00,2024,5,11,4,132,26.3,953.2,66.7
Lavale AWS,18.5422,73.7389,11-05-2024 05:00,2024-05-11 05:00:00,2024,5,11,5,132,26.4,953.34,65.8
Lavale AWS,18.5422,73.7389,11-05-2024 05:05,2024-05-11 05:05:00,2024,5,11,5,132,26.4,953.4,65.7
Lavale AWS,18.5422,73.7389,11-05-2024 05:10,2024-05-11 05:10:00,2024,5,11,5,132,26.7,953.47,65.5
Lavale AWS,18.5422,73.7389,11-05-2024 05:15,2024-05-11 05:15:00,2024,5,11,5,132,26.7,953.32,65.1
Lavale AWS,18.5422,73.7389,11-05-2024 05:20,2024-05-11 05:20:00,2024,5,11,5,132,26.7,953.43,64.7
Lavale AWS,18.5422,73.7389,11-05-2024 05:25,2024-05-11 05:25:00,2024,5,11,5,132,26.6,953.42,65.2
Lavale AWS,18.5422,73.7389,11-05-2024 05:30,2024-05-11 05:30:00,2024,5,11,5,132,26.8,953.41,64.6
Lavale AWS,18.5422,73.7389,11-05-2024 05:35,2024-05-11 05:35:00,2024,5,11,5,132,26.9,953.43,64.6
Lavale AWS,18.5422,73.7389,11-05-2024 05:40,2024-05-11 05:40:00,2024,5,11,5,132,27.1,953.44,64.3
Lavale AWS,18.5422,73.7389,11-05-2024 05:45,2024-05-11 05:45:00,2024,5,11,5,132,27.4,953.42,63.9
Lavale AWS,18.5422,73.7389,11-05-2024 05:50,2024-05-11 05:50:00,2024,5,11,5,132,27.4,953.46,64.0
Lavale AWS,18.5422,73.7389,11-05-2024 05:55,2024-05-11 05:55:00,2024,5,11,5,132,27.3,953.45,64.2
Lavale AWS,18.5422,73.7389,11-05-2024 06:00,2024-05-11 06:00:00,2024,5,11,6,132,27.4,953.5,63.7
Lavale AWS,18.5422,73.7389,11-05-2024 06:05,2024-05-11 06:05:00,2024,5,11,6,132,27.6,953.41,63.5
Lavale AWS,18.5422,73.7389,11-05-2024 06:10,2024-05-11 06:10:00,2024,5,11,6,132,27.7,953.43,63.2
Lavale AWS,18.5422,73.7389,11-05-2024 06:15,2024-05-11 06:15:00,2024,5,11,6,132,28.1,953.38,62.8
Lavale AWS,18.5422,73.7389,11-05-2024 06:20,2024-05-11 06:20:00,2024,5,11,6,132,27.8,953.36,62.4
Lavale AWS,18.5422,73.7389,11-05-2024 06:25,2024-05-11 06:25:00,2024,5,11,6,132,28.1,953.4,61.7
Lavale AWS,18.5422,73.7389,11-05-2024 06:30,2024-05-11 06:30:00,2024,5,11,6,132,28.4,953.3,61.1
Lavale AWS,18.5422,73.7389,11-05-2024 06:35,2024-05-11 06:35:00,2024,5,11,6,132,28.6,953.27,60.4
Lavale AWS,18.5422,73.7389,11-05-2024 06:40,2024-05-11 06:40:00,2024,5,11,6,132,28.2,953.34,60.3
Lavale AWS,18.5422,73.7389,11-05-2024 06:45,2024-05-11 06:45:00,2024,5,11,6,132,28.6,953.25,59.8
Lavale AWS,18.5422,73.7389,11-05-2024 06:50,2024-05-11 06:50:00,2024,5,11,6,132,28.6,953.42,58.8
Lavale AWS,18.5422,73.7389,11-05-2024 06:55,2024-05-11 06:55:00,2024,5,11,6,132,28.6,953.53,58.0
Lavale AWS,18.5422,73.7389,11-05-2024 07:00,2024-05-11 07:00:00,2024,5,11,7,132,28.8,953.5,56.3
Lavale AWS,18.5422,73.7389,11-05-2024 07:05,2024-05-11 07:05:00,2024,5,11,7,132,29.0,953.44,55.7
Lavale AWS,18.5422,73.7389,11-05-2024 07:10,2024-05-11 07:10:00,2024,5,11,7,132,29.3,953.46,55.4
Lavale AWS,18.5422,73.7389,11-05-2024 07:15,2024-05-11 07:15:00,2024,5,11,7,132,29.5,953.34,54.9
Lavale AWS,18.5422,73.7389,11-05-2024 07:20,2024-05-11 07:20:00,2024,5,11,7,132,29.8,953.19,55.3
Lavale AWS,18.5422,73.7389,11-05-2024 07:25,2024-05-11 07:25:00,2024,5,11,7,132,30.0,953.15,55.1
Lavale AWS,18.5422,73.7389,11-05-2024 07:30,2024-05-11 07:30:00,2024,5,11,7,132,30.2,953.15,54.9
Lavale AWS,18.5422,73.7389,11-05-2024 07:35,2024-05-11 07:35:00,2024,5,11,7,132,30.2,953.15,53.8
Lavale AWS,18.5422,73.7389,11-05-2024 07:40,2024-05-11 07:40:00,2024,5,11,7,132,30.2,953.1,53.2
Lavale AWS,18.5422,73.7389,11-05-2024 07:45,2024-05-11 07:45:00,2024,5,11,7,132,30.5,953.19,52.5
Lavale AWS,18.5422,73.7389,11-05-2024 07:50,2024-05-11 07:50:00,2024,5,11,7,132,30.8,953.06,51.8
Lavale AWS,18.5422,73.7389,11-05-2024 07:55,2024-05-11 07:55:00,2024,5,11,7,132,31.1,952.96,51.1
Lavale AWS,18.5422,73.7389,11-05-2024 08:00,2024-05-11 08:00:00,2024,5,11,8,132,31.1,952.98,49.9
Lavale AWS,18.5422,73.7389,11-05-2024 08:05,2024-05-11 08:05:00,2024,5,11,8,132,31.4,952.87,49.0
Lavale AWS,18.5422,73.7389,11-05-2024 08:10,2024-05-11 08:10:00,2024,5,11,8,132,31.4,952.76,49.0
Lavale AWS,18.5422,73.7389,11-05-2024 08:15,2024-05-11 08:15:00,2024,5,11,8,132,31.7,952.75,48.6
Lavale AWS,18.5422,73.7389,11-05-2024 08:20,2024-05-11 08:20:00,2024,5,11,8,132,31.8,952.65,48.0
Lavale AWS,18.5422,73.7389,11-05-2024 08:25,2024-05-11 08:25:00,2024,5,11,8,132,32.2,952.62,47.6
Lavale AWS,18.5422,73.7389,11-05-2024 08:30,2024-05-11 08:30:00,2024,5,11,8,132,32.1,952.54,47.7
Lavale AWS,18.5422,73.7389,11-05-2024 08:35,2024-05-11 08:35:00,2024,5,11,8,132,32.5,952.44,47.3
Lavale AWS,18.5422,73.7389,11-05-2024 08:40,2024-05-11 08:40:00,2024,5,11,8,132,32.6,952.25,47.1
Lavale AWS,18.5422,73.7389,11-05-2024 08:45,2024-05-11 08:45:00,2024,5,11,8,132,32.7,952.24,46.3
Lavale AWS,18.5422,73.7389,11-05-2024 08:50,2024-05-11 08:50:00,2024,5,11,8,132,32.9,952.12,45.6
Lavale AWS,18.5422,73.7389,11-05-2024 08:55,2024-05-11 08:55:00,2024,5,11,8,132,32.9,952.08,45.3
Lavale AWS,18.5422,73.7389,11-05-2024 09:00,2024-05-11 09:00:00,2024,5,11,9,132,33.0,952.01,45.7
Lavale AWS,18.5422,73.7389,11-05-2024 09:05,2024-05-11 09:05:00,2024,5,11,9,132,33.1,951.97,45.8
Lavale AWS,18.5422,73.7389,11-05-2024 09:10,2024-05-11 09:10:00,2024,5,11,9,132,33.1,951.93,45.5
Lavale AWS,18.5422,73.7389,11-05-2024 09:15,2024-05-11 09:15:00,2024,5,11,9,132,33.4,951.91,45.1
Lavale AWS,18.5422,73.7389,11-05-2024 09:20,2024-05-11 09:20:00,2024,5,11,9,132,33.4,951.82,45.2
Lavale AWS,18.5422,73.7389,11-05-2024 09:25,2024-05-11 09:25:00,2024,5,11,9,132,33.4,951.88,45.0
Lavale AWS,18.5422,73.7389,11-05-2024 09:30,2024-05-11 09:30:00,2024,5,11,9,132,33.4,951.69,43.5
Lavale AWS,18.5422,73.7389,11-05-2024 09:35,2024-05-11 09:35:00,2024,5,11,9,132,33.5,951.64,42.6
Lavale AWS,18.5422,73.7389,11-05-2024 09:40,2024-05-11 09:40:00,2024,5,11,9,132,33.9,951.67,42.3
Lavale AWS,18.5422,73.7389,11-05-2024 09:45,2024-05-11 09:45:00,2024,5,11,9,132,33.9,951.66,41.1
Lavale AWS,18.5422,73.7389,11-05-2024 09:50,2024-05-11 09:50:00,2024,5,11,9,132,34.0,951.54,40.3
Lavale AWS,18.5422,73.7389,11-05-2024 09:55,2024-05-11 09:55:00,2024,5,11,9,132,34.2,951.43,39.6
Lavale AWS,18.5422,73.7389,11-05-2024 10:00,2024-05-11 10:00:00,2024,5,11,10,132,34.3,951.31,39.1
Lavale AWS,18.5422,73.7389,11-05-2024 10:05,2024-05-11 10:05:00,2024,5,11,10,132,34.8,951.31,38.6
Lavale AWS,18.5422,73.7389,11-05-2024 10:10,2024-05-11 10:10:00,2024,5,11,10,132,34.9,951.21,38.1
Lavale AWS,18.5422,73.7389,11-05-2024 10:15,2024-05-11 10:15:00,2024,5,11,10,132,35.1,951.19,38.1
Lavale AWS,18.5422,73.7389,11-05-2024 10:20,2024-05-11 10:20:00,2024,5,11,10,132,35.4,951.16,37.6
Lavale AWS,18.5422,73.7389,11-05-2024 10:25,2024-05-11 10:25:00,2024,5,11,10,132,35.7,951.31,37.1
Lavale AWS,18.5422,73.7389,11-05-2024 10:30,2024-05-11 10:30:00,2024,5,11,10,132,35.8,951.28,36.2
Lavale AWS,18.5422,73.7389,11-05-2024 10:35,2024-05-11 10:35:00,2024,5,11,10,132,35.9,951.16,36.2
Lavale AWS,18.5422,73.7389,11-05-2024 10:40,2024-05-11 10:40:00,2024,5,11,10,132,36.4,950.99,35.6
Lavale AWS,18.5422,73.7389,11-05-2024 10:45,2024-05-11 10:45:00,2024,5,11,10,132,36.4,950.92,34.8
Lavale AWS,18.5422,73.7389,11-05-2024 10:50,2024-05-11 10:50:00,2024,5,11,10,132,36.5,950.87,34.6
Lavale AWS,18.5422,73.7389,11-05-2024 10:55,2024-05-11 10:55:00,2024,5,11,10,132,36.5,950.65,34.0
Lavale AWS,18.5422,73.7389,11-05-2024 11:00,2024-05-11 11:00:00,2024,5,11,11,132,36.4,950.55,33.4
Lavale AWS,18.5422,73.7389,11-05-2024 11:05,2024-05-11 11:05:00,2024,5,11,11,132,36.6,950.54,33.3
Lavale AWS,18.5422,73.7389,11-05-2024 11:10,2024-05-11 11:10:00,2024,5,11,11,132,36.4,950.46,32.8
Lavale AWS,18.5422,73.7389,11-05-2024 11:15,2024-05-11 11:15:00,2024,5,11,11,132,36.5,950.51,33.5
Lavale AWS,18.5422,73.7389,11-05-2024 11:20,2024-05-11 11:20:00,2024,5,11,11,132,36.6,950.34,33.1
Lavale AWS,18.5422,73.7389,11-05-2024 11:25,2024-05-11 11:25:00,2024,5,11,11,132,37.1,950.37,33.0
Lavale AWS,18.5422,73.7389,11-05-2024 11:30,2024-05-11 11:30:00,2024,5,11,11,132,36.9,950.41,31.9
Lavale AWS,18.5422,73.7389,11-05-2024 11:35,2024-05-11 11:35:00,2024,5,11,11,132,36.9,950.45,31.3
Lavale AWS,18.5422,73.7389,11-05-2024 11:40,2024-05-11 11:40:00,2024,5,11,11,132,37.0,950.29,30.6
Lavale AWS,18.5422,73.7389,11-05-2024 11:45,2024-05-11 11:45:00,2024,5,11,11,132,37.1,950.29,30.0
Lavale AWS,18.5422,73.7389,11-05-2024 11:50,2024-05-11 11:50:00,2024,5,11,11,132,37.1,950.21,29.9
Lavale AWS,18.5422,73.7389,11-05-2024 11:55,2024-05-11 11:55:00,2024,5,11,11,132,37.2,950.07,30.1
Lavale AWS,18.5422,73.7389,11-05-2024 12:00,2024-05-11 12:00:00,2024,5,11,12,132,37.2,950.02,30.0
Lavale AWS,18.5422,73.7389,11-05-2024 12:05,2024-05-11 12:05:00,2024,5,11,12,132,37.4,949.93,29.7
Lavale AWS,18.5422,73.7389,11-05-2024 12:10,2024-05-11 12:10:00,2024,5,11,12,132,37.1,950.0,29.2
Lavale AWS,18.5422,73.7389,11-05-2024 12:15,2024-05-11 12:15:00,2024,5,11,12,132,37.3,950.02,29.4
Lavale AWS,18.5422,73.7389,11-05-2024 12:20,2024-05-11 12:20:00,2024,5,11,12,132,37.3,949.92,30.0
Lavale AWS,18.5422,73.7389,11-05-2024 12:25,2024-05-11 12:25:00,2024,5,11,12,132,37.6,949.85,29.8
Lavale AWS,18.5422,73.7389,11-05-2024 12:30,2024-05-11 12:30:00,2024,5,11,12,132,37.9,949.82,29.9
Lavale AWS,18.5422,73.7389,11-05-2024 12:35,2024-05-11 12:35:00,2024,5,11,12,132,38.0,949.82,29.8
Lavale AWS,18.5422,73.7389,11-05-2024 12:40,2024-05-11 12:40:00,2024,5,11,12,132,38.3,949.9,29.9
Lavale AWS,18.5422,73.7389,11-05-2024 12:45,2024-05-11 12:45:00,2024,5,11,12,132,38.3,949.96,29.1
Lavale AWS,18.5422,73.7389,11-05-2024 12:50,2024-05-11 12:50:00,2024,5,11,12,132,38.3,949.96,28.7
Lavale AWS,18.5422,73.7389,11-05-2024 12:55,2024-05-11 12:55:00,2024,5,11,12,132,38.6,949.94,28.6
Lavale AWS,18.5422,73.7389,11-05-2024 13:00,2024-05-11 13:00:00,2024,5,11,13,132,38.8,949.81,28.9
Lavale AWS,18.5422,73.7389,11-05-2024 13:05,2024-05-11 13:05:00,2024,5,11,13,132,38.8,949.92,28.4
Lavale AWS,18.5422,73.7389,11-05-2024 13:10,2024-05-11 13:10:00,2024,5,11,13,132,39.0,949.9,27.3
Lavale AWS,18.5422,73.7389,11-05-2024 13:15,2024-05-11 13:15:00,2024,5,11,13,132,39.1,950.04,27.0
Lavale AWS,18.5422,73.7389,11-05-2024 13:20,2024-05-11 13:20:00,2024,5,11,13,132,39.1,950.07,27.3
Lavale AWS,18.5422,73.7389,11-05-2024 13:25,2024-05-11 13:25:00,2024,5,11,13,132,38.9,950.24,26.5
Lavale AWS,18.5422,73.7389,11-05-2024 13:30,2024-05-11 13:30:00,2024,5,11,13,132,38.9,950.3,25.9
Lavale AWS,18.5422,73.7389,11-05-2024 13:35,2024-05-11 13:35:00,2024,5,11,13,132,39.1,950.2,25.9
Lavale AWS,18.5422,73.7389,11-05-2024 13:40,2024-05-11 13:40:00,2024,5,11,13,132,39.1,950.17,25.8
Lavale AWS,18.5422,73.7389,11-05-2024 13:45,2024-05-11 13:45:00,2024,5,11,13,132,39.3,950.17,26.0
Lavale AWS,18.5422,73.7389,11-05-2024 13:50,2024-05-11 13:50:00,2024,5,11,13,132,39.4,950.13,25.5
Lavale AWS,18.5422,73.7389,11-05-2024 13:55,2024-05-11 13:55:00,2024,5,11,13,132,39.3,950.13,25.3
Lavale AWS,18.5422,73.7389,11-05-2024 14:00,2024-05-11 14:00:00,2024,5,11,14,132,39.1,950.05,25.8
Lavale AWS,18.5422,73.7389,11-05-2024 14:05,2024-05-11 14:05:00,2024,5,11,14,132,39.1,950.09,25.3
Lavale AWS,18.5422,73.7389,11-05-2024 14:10,2024-05-11 14:10:00,2024,5,11,14,132,39.0,950.15,25.9
Lavale AWS,18.5422,73.7389,11-05-2024 14:15,2024-05-11 14:15:00,2024,5,11,14,132,39.1,950.12,25.4
Lavale AWS,18.5422,73.7389,11-05-2024 14:20,2024-05-11 14:20:00,2024,5,11,14,132,39.0,950.32,25.8
Lavale AWS,18.5422,73.7389,11-05-2024 14:25,2024-05-11 14:25:00,2024,5,11,14,132,39.0,950.37,25.6
Lavale AWS,18.5422,73.7389,11-05-2024 14:30,2024-05-11 14:30:00,2024,5,11,14,132,39.1,950.35,25.2
Lavale AWS,18.5422,73.7389,11-05-2024 14:35,2024-05-11 14:35:00,2024,5,11,14,132,39.2,950.27,25.1
Lavale AWS,18.5422,73.7389,11-05-2024 14:40,2024-05-11 14:40:00,2024,5,11,14,132,39.1,950.33,25.4
Lavale AWS,18.5422,73.7389,11-05-2024 14:45,2024-05-11 14:45:00,2024,5,11,14,132,39.1,950.36,25.4
Lavale AWS,18.5422,73.7389,11-05-2024 14:50,2024-05-11 14:50:00,2024,5,11,14,132,39.3,950.48,25.9
Lavale AWS,18.5422,73.7389,11-05-2024 14:55,2024-05-11 14:55:00,2024,5,11,14,132,39.3,950.53,26.6
Lavale AWS,18.5422,73.7389,11-05-2024 15:00,2024-05-11 15:00:00,2024,5,11,15,132,39.4,950.49,26.1
Lavale AWS,18.5422,73.7389,11-05-2024 15:05,2024-05-11 15:05:00,2024,5,11,15,132,39.3,950.69,25.7
Lavale AWS,18.5422,73.7389,11-05-2024 15:10,2024-05-11 15:10:00,2024,5,11,15,132,39.4,950.78,25.3
Lavale AWS,18.5422,73.7389,11-05-2024 15:15,2024-05-11 15:15:00,2024,5,11,15,132,39.7,950.82,25.1
Lavale AWS,18.5422,73.7389,11-05-2024 15:20,2024-05-11 15:20:00,2024,5,11,15,132,39.6,950.89,25.7
Lavale AWS,18.5422,73.7389,11-05-2024 15:25,2024-05-11 15:25:00,2024,5,11,15,132,39.3,950.99,26.1
Lavale AWS,18.5422,73.7389,11-05-2024 15:30,2024-05-11 15:30:00,2024,5,11,15,132,39.3,950.93,26.0
Lavale AWS,18.5422,73.7389,11-05-2024 15:35,2024-05-11 15:35:00,2024,5,11,15,132,39.4,951.01,26.2
Lavale AWS,18.5422,73.7389,11-05-2024 15:40,2024-05-11 15:40:00,2024,5,11,15,132,39.3,951.04,26.9
Lavale AWS,18.5422,73.7389,11-05-2024 15:45,2024-05-11 15:45:00,2024,5,11,15,132,39.1,951.14,27.8
Lavale AWS,18.5422,73.7389,11-05-2024 15:50,2024-05-11 15:50:00,2024,5,11,15,132,39.0,951.15,28.1
Lavale AWS,18.5422,73.7389,11-05-2024 15:55,2024-05-11 15:55:00,2024,5,11,15,132,39.1,951.16,27.2
Lavale AWS,18.5422,73.7389,11-05-2024 16:00,2024-05-11 16:00:00,2024,5,11,16,132,39.0,951.36,27.5
Lavale AWS,18.5422,73.7389,11-05-2024 16:05,2024-05-11 16:05:00,2024,5,11,16,132,39.0,951.52,28.0
Lavale AWS,18.5422,73.7389,11-05-2024 16:10,2024-05-11 16:10:00,2024,5,11,16,132,39.1,951.32,28.3
Lavale AWS,18.5422,73.7389,11-05-2024 16:15,2024-05-11 16:15:00,2024,5,11,16,132,39.0,951.48,28.8
Lavale AWS,18.5422,73.7389,11-05-2024 16:20,2024-05-11 16:20:00,2024,5,11,16,132,39.0,951.53,29.2
Lavale AWS,18.5422,73.7389,11-05-2024 16:25,2024-05-11 16:25:00,2024,5,11,16,132,39.0,951.54,28.9
Lavale AWS,18.5422,73.7389,11-05-2024 16:30,2024-05-11 16:30:00,2024,5,11,16,132,38.8,951.52,28.7
Lavale AWS,18.5422,73.7389,11-05-2024 16:35,2024-05-11 16:35:00,2024,5,11,16,132,38.5,951.51,28.9
Lavale AWS,18.5422,73.7389,11-05-2024 16:40,2024-05-11 16:40:00,2024,5,11,16,132,38.4,951.52,29.6
Lavale AWS,18.5422,73.7389,11-05-2024 16:45,2024-05-11 16:45:00,2024,5,11,16,132,38.3,951.5,29.5
Lavale AWS,18.5422,73.7389,11-05-2024 16:50,2024-05-11 16:50:00,2024,5,11,16,132,38.1,951.46,30.0
Lavale AWS,18.5422,73.7389,11-05-2024 16:55,2024-05-11 16:55:00,2024,5,11,16,132,38.2,951.45,30.4
Lavale AWS,18.5422,73.7389,11-05-2024 17:00,2024-05-11 17:00:00,2024,5,11,17,132,38.5,951.55,31.3
Lavale AWS,18.5422,73.7389,11-05-2024 17:05,2024-05-11 17:05:00,2024,5,11,17,132,38.3,951.62,31.5
Lavale AWS,18.5422,73.7389,11-05-2024 17:10,2024-05-11 17:10:00,2024,5,11,17,132,38.2,951.74,31.1
Lavale AWS,18.5422,73.7389,11-05-2024 17:15,2024-05-11 17:15:00,2024,5,11,17,132,38.1,951.79,31.7
Lavale AWS,18.5422,73.7389,11-05-2024 17:20,2024-05-11 17:20:00,2024,5,11,17,132,38.1,951.75,32.8
Lavale AWS,18.5422,73.7389,11-05-2024 17:25,2024-05-11 17:25:00,2024,5,11,17,132,38.2,951.85,33.4
Lavale AWS,18.5422,73.7389,11-05-2024 17:30,2024-05-11 17:30:00,2024,5,11,17,132,37.8,951.83,33.4
Lavale AWS,18.5422,73.7389,11-05-2024 17:35,2024-05-11 17:35:00,2024,5,11,17,132,37.7,951.94,33.2
Lavale AWS,18.5422,73.7389,11-05-2024 17:40,2024-05-11 17:40:00,2024,5,11,17,132,37.4,951.9,33.2
Lavale AWS,18.5422,73.7389,11-05-2024 17:45,2024-05-11 17:45:00,2024,5,11,17,132,37.5,951.89,34.3
Lavale AWS,18.5422,73.7389,11-05-2024 17:50,2024-05-11 17:50:00,2024,5,11,17,132,37.5,951.92,34.5
Lavale AWS,18.5422,73.7389,11-05-2024 17:55,2024-05-11 17:55:00,2024,5,11,17,132,37.2,952.02,34.6
Lavale AWS,18.5422,73.7389,11-05-2024 18:00,2024-05-11 18:00:00,2024,5,11,18,132,37.0,952.08,34.9
Lavale AWS,18.5422,73.7389,11-05-2024 18:05,2024-05-11 18:05:00,2024,5,11,18,132,36.8,952.12,35.1
Lavale AWS,18.5422,73.7389,11-05-2024 18:10,2024-05-11 18:10:00,2024,5,11,18,132,36.8,952.31,36.1
Lavale AWS,18.5422,73.7389,11-05-2024 18:15,2024-05-11 18:15:00,2024,5,11,18,132,36.8,952.19,36.1
Lavale AWS,18.5422,73.7389,11-05-2024 18:20,2024-05-11 18:20:00,2024,5,11,18,132,36.5,952.14,37.0
Lavale AWS,18.5422,73.7389,11-05-2024 18:25,2024-05-11 18:25:00,2024,5,11,18,132,36.6,952.08,37.4
Lavale AWS,18.5422,73.7389,11-05-2024 18:30,2024-05-11 18:30:00,2024,5,11,18,132,36.7,952.08,38.2
Lavale AWS,18.5422,73.7389,11-05-2024 18:35,2024-05-11 18:35:00,2024,5,11,18,132,36.4,952.08,39.2
Lavale AWS,18.5422,73.7389,11-05-2024 18:40,2024-05-11 18:40:00,2024,5,11,18,132,36.3,952.08,39.6
Lavale AWS,18.5422,73.7389,11-05-2024 18:45,2024-05-11 18:45:00,2024,5,11,18,132,36.4,952.08,39.8
Lavale AWS,18.5422,73.7389,11-05-2024 18:50,2024-05-11 18:50:00,2024,5,11,18,132,36.4,952.08,40.2
Lavale AWS,18.5422,73.7389,11-05-2024 18:55,2024-05-11 18:55:00,2024,5,11,18,132,36.1,952.08,40.5
Lavale AWS,18.5422,73.7389,11-05-2024 19:00,2024-05-11 19:00:00,2024,5,11,19,132,36.1,952.08,40.2
Lavale AWS,18.5422,73.7389,11-05-2024 19:05,2024-05-11 19:05:00,2024,5,11,19,132,36.3,952.08,41.2
Lavale AWS,18.5422,73.7389,11-05-2024 19:10,2024-05-11 19:10:00,2024,5,11,19,132,36.1,952.08,41.7
Lavale AWS,18.5422,73.7389,11-05-2024 19:15,2024-05-11 19:15:00,2024,5,11,19,132,35.8,952.08,41.7
Lavale AWS,18.5422,73.7389,11-05-2024 19:20,2024-05-11 19:20:00,2024,5,11,19,132,35.7,952.08,41.2
Lavale AWS,18.5422,73.7389,11-05-2024 19:25,2024-05-11 19:25:00,2024,5,11,19,132,35.5,951.85,40.8
Lavale AWS,18.5422,73.7389,11-05-2024 19:30,2024-05-11 19:30:00,2024,5,11,19,132,35.2,951.82,41.6
Lavale AWS,18.5422,73.7389,11-05-2024 19:35,2024-05-11 19:35:00,2024,5,11,19,132,35.1,951.65,41.9
Lavale AWS,18.5422,73.7389,11-05-2024 19:40,2024-05-11 19:40:00,2024,5,11,19,132,34.7,951.75,42.2
Lavale AWS,18.5422,73.7389,11-05-2024 19:45,2024-05-11 19:45:00,2024,5,11,19,132,34.4,951.8,42.9
Lavale AWS,18.5422,73.7389,11-05-2024 19:50,2024-05-11 19:50:00,2024,5,11,19,132,34.4,951.86,43.2
Lavale AWS,18.5422,73.7389,11-05-2024 19:55,2024-05-11 19:55:00,2024,5,11,19,132,33.9,951.71,43.9
Lavale AWS,18.5422,73.7389,11-05-2024 20:00,2024-05-11 20:00:00,2024,5,11,20,132,33.9,951.81,44.5
Lavale AWS,18.5422,73.7389,11-05-2024 20:05,2024-05-11 20:05:00,2024,5,11,20,132,33.4,951.72,45.0
Lavale AWS,18.5422,73.7389,11-05-2024 20:10,2024-05-11 20:10:00,2024,5,11,20,132,33.0,951.66,44.8
Lavale AWS,18.5422,73.7389,11-05-2024 20:15,2024-05-11 20:15:00,2024,5,11,20,132,32.8,951.58,45.1
Lavale AWS,18.5422,73.7389,11-05-2024 20:20,2024-05-11 20:20:00,2024,5,11,20,132,32.7,951.62,45.9
Lavale AWS,18.5422,73.7389,11-05-2024 20:25,2024-05-11 20:25:00,2024,5,11,20,132,32.7,951.58,46.1
Lavale AWS,18.5422,73.7389,11-05-2024 20:30,2024-05-11 20:30:00,2024,5,11,20,132,32.6,951.58,47.2
Lavale AWS,18.5422,73.7389,11-05-2024 20:35,2024-05-11 20:35:00,2024,5,11,20,132,32.4,951.54,48.6
Lavale AWS,18.5422,73.7389,11-05-2024 20:40,2024-05-11 20:40:00,2024,5,11,20,132,32.3,951.49,49.3
Lavale AWS,18.5422,73.7389,11-05-2024 20:45,2024-05-11 20:45:00,2024,5,11,20,132,32.0,951.37,50.4
Lavale AWS,18.5422,73.7389,11-05-2024 20:50,2024-05-11 20:50:00,2024,5,11,20,132,31.9,951.47,51.1
Lavale AWS,18.5422,73.7389,11-05-2024 20:55,2024-05-11 20:55:00,2024,5,11,20,132,31.6,951.3,51.3
Lavale AWS,18.5422,73.7389,11-05-2024 21:00,2024-05-11 21:00:00,2024,5,11,21,132,31.4,951.28,51.8
Lavale AWS,18.5422,73.7389,11-05-2024 21:05,2024-05-11 21:05:00,2024,5,11,21,132,31.3,951.26,53.1
Lavale AWS,18.5422,73.7389,11-05-2024 21:10,2024-05-11 21:10:00,2024,5,11,21,132,31.0,951.3,53.2
Lavale AWS,18.5422,73.7389,11-05-2024 21:15,2024-05-11 21:15:00,2024,5,11,21,132,30.9,951.34,53.2
Lavale AWS,18.5422,73.7389,11-05-2024 21:20,2024-05-11 21:20:00,2024,5,11,21,132,30.8,951.27,53.2
Lavale AWS,18.5422,73.7389,11-05-2024 21:25,2024-05-11 21:25:00,2024,5,11,21,132,30.8,951.24,53.6
Lavale AWS,18.5422,73.7389,11-05-2024 21:30,2024-05-11 21:30:00,2024,5,11,21,132,30.4,951.31,53.6
Lavale AWS,18.5422,73.7389,11-05-2024 21:35,2024-05-11 21:35:00,2024,5,11,21,132,30.3,951.23,54.7
Lavale AWS,18.5422,73.7389,11-05-2024 21:40,2024-05-11 21:40:00,2024,5,11,21,132,30.0,951.06,55.3
Lavale AWS,18.5422,73.7389,11-05-2024 21:45,2024-05-11 21:45:00,2024,5,11,21,132,30.0,950.96,56.1
Lavale AWS,18.5422,73.7389,11-05-2024 21:50,2024-05-11 21:50:00,2024,5,11,21,132,30.0,950.78,56.4
Lavale AWS,18.5422,73.7389,11-05-2024 21:55,2024-05-11 21:55:00,2024,5,11,21,132,30.0,950.74,56.3
Lavale AWS,18.5422,73.7389,11-05-2024 22:00,2024-05-11 22:00:00,2024,5,11,22,132,30.0,950.75,56.2
Lavale AWS,18.5422,73.7389,11-05-2024 22:05,2024-05-11 22:05:00,2024,5,11,22,132,30.0,950.66,56.3
Lavale AWS,18.5422,73.7389,11-05-2024 22:10,2024-05-11 22:10:00,2024,5,11,22,132,30.0,950.46,56.9
Lavale AWS,18.5422,73.7389,11-05-2024 22:15,2024-05-11 22:15:00,2024,5,11,22,132,30.0,950.47,57.6
Lavale AWS,18.5422,73.7389,11-05-2024 22:20,2024-05-11 22:20:00,2024,5,11,22,132,30.0,950.25,58.3
Lavale AWS,18.5422,73.7389,11-05-2024 22:25,2024-05-11 22:25:00,2024,5,11,22,132,30.0,950.06,58.1
Lavale AWS,18.5422,73.7389,11-05-2024 22:30,2024-05-11 22:30:00,2024,5,11,22,132,30.0,949.99,58.5
Lavale AWS,18.5422,73.7389,11-05-2024 22:35,2024-05-11 22:35:00,2024,5,11,22,132,30.0,949.95,58.6
Lavale AWS,18.5422,73.7389,11-05-2024 22:40,2024-05-11 22:40:00,2024,5,11,22,132,30.0,949.92,59.2
Lavale AWS,18.5422,73.7389,11-05-2024 22:45,2024-05-11 22:45:00,2024,5,11,22,132,30.0,949.85,59.8
Lavale AWS,18.5422,73.7389,11-05-2024 22:50,2024-05-11 22:50:00,2024,5,11,22,132,30.0,949.93,59.8
Lavale AWS,18.5422,73.7389,11-05-2024 22:55,2024-05-11 22:55:00,2024,5,11,22,132,30.0,949.87,60.6
Lavale AWS,18.5422,73.7389,11-05-2024 23:00,2024-05-11 23:00:00,2024,5,11,23,132,30.0,949.89,61.9
Lavale AWS,18.5422,73.7389,11-05-2024 23:05,2024-05-11 23:05:00,2024,5,11,23,132,27.7,949.88,62.6
Lavale AWS,18.5422,73.7389,11-05-2024 23:10,2024-05-11 23:10:00,2024,5,11,23,132,27.7,949.71,62.9
Lavale AWS,18.5422,73.7389,11-05-2024 23:15,2024-05-11 23:15:00,2024,5,11,23,132,27.4,949.64,63.1
Lavale AWS,18.5422,73.7389,11-05-2024 23:20,2024-05-11 23:20:00,2024,5,11,23,132,27.3,949.75,63.3
Lavale AWS,18.5422,73.7389,11-05-2024 23:25,2024-05-11 23:25:00,2024,5,11,23,132,27.0,949.64,63.4
Lavale AWS,18.5422,73.7389,11-05-2024 23:30,2024-05-11 23:30:00,2024,5,11,23,132,27.2,949.53,63.8
Lavale AWS,18.5422,73.7389,11-05-2024 23:35,2024-05-11 23:35:00,2024,5,11,23,132,27.2,949.48,63.7
Lavale AWS,18.5422,73.7389,11-05-2024 23:40,2024-05-11 23:40:00,2024,5,11,23,132,27.6,949.39,63.3
Lavale AWS,18.5422,73.7389,11-05-2024 23:45,2024-05-11 23:45:00,2024,5,11,23,132,27.4,949.27,63.7
Lavale AWS,18.5422,73.7389,11-05-2024 23:50,2024-05-11 23:50:00,2024,5,11,23,132,27.2,949.19,64.1
Lavale AWS,18.5422,73.7389,11-05-2024 23:55,2024-05-11 23:55:00,2024,5,11,23,132,27.0,949.26,64.2
Lavale AWS,18.5422,73.7389,12-05-2024 00:00,2024-05-12 00:00:00,2024,5,12,0,133,27.1,949.2,64.1
Lavale AWS,18.5422,73.7389,12-05-2024 00:05,2024-05-12 00:05:00,2024,5,12,0,133,27.0,949.06,64.5
Lavale AWS,18.5422,73.7389,12-05-2024 00:10,2024-05-12 00:10:00,2024,5,12,0,133,26.9,948.9,64.5
Lavale AWS,18.5422,73.7389,12-05-2024 00:15,2024-05-12 00:15:00,2024,5,12,0,133,26.8,949.05,64.8
Lavale AWS,18.5422,73.7389,12-05-2024 00:20,2024-05-12 00:20:00,2024,5,12,0,133,26.7,949.0,65.8
Lavale AWS,18.5422,73.7389,12-05-2024 00:25,2024-05-12 00:25:00,2024,5,12,0,133,26.5,949.0,66.4
Lavale AWS,18.5422,73.7389,12-05-2024 00:30,2024-05-12 00:30:00,2024,5,12,0,133,26.4,948.91,66.1
Lavale AWS,18.5422,73.7389,12-05-2024 00:35,2024-05-12 00:35:00,2024,5,12,0,133,26.3,948.91,65.9
Lavale AWS,18.5422,73.7389,12-05-2024 00:40,2024-05-12 00:40:00,2024,5,12,0,133,26.2,949.01,66.3
Lavale AWS,18.5422,73.7389,12-05-2024 00:45,2024-05-12 00:45:00,2024,5,12,0,133,26.3,948.93,66.0
Lavale AWS,18.5422,73.7389,12-05-2024 00:50,2024-05-12 00:50:00,2024,5,12,0,133,26.5,948.95,65.5
Lavale AWS,18.5422,73.7389,12-05-2024 00:55,2024-05-12 00:55:00,2024,5,12,0,133,26.3,948.82,66.1
Lavale AWS,18.5422,73.7389,12-05-2024 01:00,2024-05-12 01:00:00,2024,5,12,1,133,26.2,948.97,66.5
Lavale AWS,18.5422,73.7389,12-05-2024 01:05,2024-05-12 01:05:00,2024,5,12,1,133,26.0,948.98,67.0
Lavale AWS,18.5422,73.7389,12-05-2024 01:10,2024-05-12 01:10:00,2024,5,12,1,133,25.9,948.94,67.3
Lavale AWS,18.5422,73.7389,12-05-2024 01:15,2024-05-12 01:15:00,2024,5,12,1,133,25.8,948.9,67.5
Lavale AWS,18.5422,73.7389,12-05-2024 01:20,2024-05-12 01:20:00,2024,5,12,1,133,25.8,948.86,67.5
Lavale AWS,18.5422,73.7389,12-05-2024 01:25,2024-05-12 01:25:00,2024,5,12,1,133,25.9,948.83,67.9
Lavale AWS,18.5422,73.7389,12-05-2024 01:30,2024-05-12 01:30:00,2024,5,12,1,133,25.5,948.64,68.7
Lavale AWS,18.5422,73.7389,12-05-2024 01:35,2024-05-12 01:35:00,2024,5,12,1,133,25.5,948.64,68.7
Lavale AWS,18.5422,73.7389,12-05-2024 01:40,2024-05-12 01:40:00,2024,5,12,1,133,25.4,948.65,68.5
Lavale AWS,18.5422,73.7389,12-05-2024 01:45,2024-05-12 01:45:00,2024,5,12,1,133,25.4,948.71,68.2
Lavale AWS,18.5422,73.7389,12-05-2024 01:50,2024-05-12 01:50:00,2024,5,12,1,133,25.3,948.69,68.0
Lavale AWS,18.5422,73.7389,12-05-2024 01:55,2024-05-12 01:55:00,2024,5,12,1,133,25.4,948.66,68.3
Lavale AWS,18.5422,73.7389,12-05-2024 02:00,2024-05-12 02:00:00,2024,5,12,2,133,25.6,948.69,67.6
Lavale AWS,18.5422,73.7389,12-05-2024 02:05,2024-05-12 02:05:00,2024,5,12,2,133,25.6,948.59,67.9
Lavale AWS,18.5422,73.7389,12-05-2024 02:10,2024-05-12 02:10:00,2024,5,12,2,133,25.7,948.64,68.3
Lavale AWS,18.5422,73.7389,12-05-2024 02:15,2024-05-12 02:15:00,2024,5,12,2,133,25.6,948.54,67.8
Lavale AWS,18.5422,73.7389,12-05-2024 02:20,2024-05-12 02:20:00,2024,5,12,2,133,25.5,948.68,67.5
Lavale AWS,18.5422,73.7389,12-05-2024 02:25,2024-05-12 02:25:00,2024,5,12,2,133,25.6,948.78,67.7
Lavale AWS,18.5422,73.7389,12-05-2024 02:30,2024-05-12 02:30:00,2024,5,12,2,133,25.4,948.75,67.8
Lavale AWS,18.5422,73.7389,12-05-2024 02:35,2024-05-12 02:35:00,2024,5,12,2,133,25.6,948.85,68.1
Lavale AWS,18.5422,73.7389,12-05-2024 02:40,2024-05-12 02:40:00,2024,5,12,2,133,25.6,948.91,68.2
Lavale AWS,18.5422,73.7389,12-05-2024 02:45,2024-05-12 02:45:00,2024,5,12,2,133,25.6,948.88,68.8
Lavale AWS,18.5422,73.7389,12-05-2024 02:50,2024-05-12 02:50:00,2024,5,12,2,133,26.0,948.78,68.7
Lavale AWS,18.5422,73.7389,12-05-2024 02:55,2024-05-12 02:55:00,2024,5,12,2,133,25.8,948.87,68.3
Lavale AWS,18.5422,73.7389,12-05-2024 03:00,2024-05-12 03:00:00,2024,5,12,3,133,25.8,948.87,67.9
Lavale AWS,18.5422,73.7389,12-05-2024 03:05,2024-05-12 03:05:00,2024,5,12,3,133,26.0,949.02,68.3
Lavale AWS,18.5422,73.7389,12-05-2024 03:10,2024-05-12 03:10:00,2024,5,12,3,133,26.1,949.08,68.3
Lavale AWS,18.5422,73.7389,12-05-2024 03:15,2024-05-12 03:15:00,2024,5,12,3,133,26.1,949.09,68.6
Lavale AWS,18.5422,73.7389,12-05-2024 03:20,2024-05-12 03:20:00,2024,5,12,3,133,26.0,949.3,68.8
Lavale AWS,18.5422,73.7389,12-05-2024 03:25,2024-05-12 03:25:00,2024,5,12,3,133,26.0,949.41,67.9
Lavale AWS,18.5422,73.7389,12-05-2024 03:30,2024-05-12 03:30:00,2024,5,12,3,133,26.2,949.18,67.5
Lavale AWS,18.5422,73.7389,12-05-2024 03:35,2024-05-12 03:35:00,2024,5,12,3,133,26.2,949.21,67.0
Lavale AWS,18.5422,73.7389,12-05-2024 03:40,2024-05-12 03:40:00,2024,5,12,3,133,26.2,949.17,66.7
Lavale AWS,18.5422,73.7389,12-05-2024 03:45,2024-05-12 03:45:00,2024,5,12,3,133,26.1,949.19,66.5
Lavale AWS,18.5422,73.7389,12-05-2024 03:50,2024-05-12 03:50:00,2024,5,12,3,133,26.3,949.26,66.9
Lavale AWS,18.5422,73.7389,12-05-2024 03:55,2024-05-12 03:55:00,2024,5,12,3,133,26.3,949.36,67.3
Lavale AWS,18.5422,73.7389,12-05-2024 04:00,2024-05-12 04:00:00,2024,5,12,4,133,26.2,949.46,67.1
Lavale AWS,18.5422,73.7389,12-05-2024 04:05,2024-05-12 04:05:00,2024,5,12,4,133,26.1,949.62,66.9
Lavale AWS,18.5422,73.7389,12-05-2024 04:10,2024-05-12 04:10:00,2024,5,12,4,133,25.8,949.75,66.5
Lavale AWS,18.5422,73.7389,12-05-2024 04:15,2024-05-12 04:15:00,2024,5,12,4,133,25.8,949.86,66.5
Lavale AWS,18.5422,73.7389,12-05-2024 04:20,2024-05-12 04:20:00,2024,5,12,4,133,26.0,949.94,66.4
Lavale AWS,18.5422,73.7389,12-05-2024 04:25,2024-05-12 04:25:00,2024,5,12,4,133,26.2,950.11,66.6
Lavale AWS,18.5422,73.7389,12-05-2024 04:30,2024-05-12 04:30:00,2024,5,12,4,133,26.4,950.14,66.8
Lavale AWS,18.5422,73.7389,12-05-2024 04:35,2024-05-12 04:35:00,2024,5,12,4,133,26.5,950.18,65.6
Lavale AWS,18.5422,73.7389,12-05-2024 04:40,2024-05-12 04:40:00,2024,5,12,4,133,26.6,950.09,65.4
Lavale AWS,18.5422,73.7389,12-05-2024 04:45,2024-05-12 04:45:00,2024,5,12,4,133,26.8,950.23,65.8
Lavale AWS,18.5422,73.7389,12-05-2024 04:50,2024-05-12 04:50:00,2024,5,12,4,133,26.9,950.29,65.4
Lavale AWS,18.5422,73.7389,12-05-2024 04:55,2024-05-12 04:55:00,2024,5,12,4,133,27.2,950.58,65.7
Lavale AWS,18.5422,73.7389,12-05-2024 05:00,2024-05-12 05:00:00,2024,5,12,5,133,27.3,950.59,65.3
Lavale AWS,18.5422,73.7389,12-05-2024 05:05,2024-05-12 05:05:00,2024,5,12,5,133,27.5,950.65,65.1
Lavale AWS,18.5422,73.7389,12-05-2024 05:10,2024-05-12 05:10:00,2024,5,12,5,133,27.7,950.73,64.4
Lavale AWS,18.5422,73.7389,12-05-2024 05:15,2024-05-12 05:15:00,2024,5,12,5,133,27.9,950.69,63.7
Lavale AWS,18.5422,73.7389,12-05-2024 05:20,2024-05-12 05:20:00,2024,5,12,5,133,27.6,950.76,63.7
Lavale AWS,18.5422,73.7389,12-05-2024 05:25,2024-05-12 05:25:00,2024,5,12,5,133,27.8,950.8,63.8
Lavale AWS,18.5422,73.7389,12-05-2024 05:30,2024-05-12 05:30:00,2024,5,12,5,133,27.9,950.81,63.5
Lavale AWS,18.5422,73.7389,12-05-2024 05:35,2024-05-12 05:35:00,2024,5,12,5,133,27.9,950.94,62.8
Lavale AWS,18.5422,73.7389,12-05-2024 05:40,2024-05-12 05:40:00,2024,5,12,5,133,27.7,950.9,62.5
Lavale AWS,18.5422,73.7389,12-05-2024 05:45,2024-05-12 05:45:00,2024,5,12,5,133,27.8,950.96,62.7
Lavale AWS,18.5422,73.7389,12-05-2024 05:50,2024-05-12 05:50:00,2024,5,12,5,133,27.9,951.1,63.1
Lavale AWS,18.5422,73.7389,12-05-2024 05:55,2024-05-12 05:55:00,2024,5,12,5,133,27.8,951.07,62.6
Lavale AWS,18.5422,73.7389,12-05-2024 06:00,2024-05-12 06:00:00,2024,5,12,6,133,27.7,951.06,61.5
Lavale AWS,18.5422,73.7389,12-05-2024 06:05,2024-05-12 06:05:00,2024,5,12,6,133,27.9,951.27,61.5
Lavale AWS,18.5422,73.7389,12-05-2024 06:10,2024-05-12 06:10:00,2024,5,12,6,133,28.2,951.32,61.0
Lavale AWS,18.5422,73.7389,12-05-2024 06:15,2024-05-12 06:15:00,2024,5,12,6,133,28.3,951.29,61.0
Lavale AWS,18.5422,73.7389,12-05-2024 06:20,2024-05-12 06:20:00,2024,5,12,6,133,28.6,951.36,60.8
Lavale AWS,18.5422,73.7389,12-05-2024 06:25,2024-05-12 06:25:00,2024,5,12,6,133,28.7,951.31,60.0
Lavale AWS,18.5422,73.7389,12-05-2024 06:30,2024-05-12 06:30:00,2024,5,12,6,133,28.8,951.19,59.6
Lavale AWS,18.5422,73.7389,12-05-2024 06:35,2024-05-12 06:35:00,2024,5,12,6,133,28.8,951.3,59.7
Lavale AWS,18.5422,73.7389,12-05-2024 06:40,2024-05-12 06:40:00,2024,5,12,6,133,28.7,951.21,59.3
Lavale AWS,18.5422,73.7389,12-05-2024 06:45,2024-05-12 06:45:00,2024,5,12,6,133,29.1,951.4,58.4
Lavale AWS,18.5422,73.7389,12-05-2024 06:50,2024-05-12 06:50:00,2024,5,12,6,133,29.4,951.35,57.4
Lavale AWS,18.5422,73.7389,12-05-2024 06:55,2024-05-12 06:55:00,2024,5,12,6,133,29.3,951.5,56.7
Lavale AWS,18.5422,73.7389,12-05-2024 07:00,2024-05-12 07:00:00,2024,5,12,7,133,29.5,951.37,56.1
Lavale AWS,18.5422,73.7389,12-05-2024 07:05,2024-05-12 07:05:00,2024,5,12,7,133,29.6,951.43,56.1
Lavale AWS,18.5422,73.7389,12-05-2024 07:10,2024-05-12 07:10:00,2024,5,12,7,133,29.7,951.45,55.2
Lavale AWS,18.5422,73.7389,12-05-2024 07:15,2024-05-12 07:15:00,2024,5,12,7,133,29.8,951.48,55.5
Lavale AWS,18.5422,73.7389,12-05-2024 07:20,2024-05-12 07:20:00,2024,5,12,7,133,30.0,951.52,54.5
Lavale AWS,18.5422,73.7389,12-05-2024 07:25,2024-05-12 07:25:00,2024,5,12,7,133,30.2,951.44,55.0
Lavale AWS,18.5422,73.7389,12-05-2024 07:30,2024-05-12 07:30:00,2024,5,12,7,133,30.4,951.3,55.3
Lavale AWS,18.5422,73.7389,12-05-2024 07:35,2024-05-12 07:35:00,2024,5,12,7,133,30.5,951.25,54.8
Lavale AWS,18.5422,73.7389,12-05-2024 07:40,2024-05-12 07:40:00,2024,5,12,7,133,30.6,951.23,53.7
Lavale AWS,18.5422,73.7389,12-05-2024 07:45,2024-05-12 07:45:00,2024,5,12,7,133,30.9,951.15,53.2
Lavale AWS,18.5422,73.7389,12-05-2024 07:50,2024-05-12 07:50:00,2024,5,12,7,133,31.1,951.12,52.6
Lavale AWS,18.5422,73.7389,12-05-2024 07:55,2024-05-12 07:55:00,2024,5,12,7,133,31.3,951.1,51.6
Lavale AWS,18.5422,73.7389,12-05-2024 08:00,2024-05-12 08:00:00,2024,5,12,8,133,31.4,950.98,51.3
Lavale AWS,18.5422,73.7389,12-05-2024 08:05,2024-05-12 08:05:00,2024,5,12,8,133,31.6,950.96,50.6
Lavale AWS,18.5422,73.7389,12-05-2024 08:10,2024-05-12 08:10:00,2024,5,12,8,133,31.6,950.88,49.9
Lavale AWS,18.5422,73.7389,12-05-2024 08:15,2024-05-12 08:15:00,2024,5,12,8,133,31.9,950.77,49.4
Lavale AWS,18.5422,73.7389,12-05-2024 08:20,2024-05-12 08:20:00,2024,5,12,8,133,31.9,950.78,48.7
Lavale AWS,18.5422,73.7389,12-05-2024 08:25,2024-05-12 08:25:00,2024,5,12,8,133,31.9,950.66,49.1
Lavale AWS,18.5422,73.7389,12-05-2024 08:30,2024-05-12 08:30:00,2024,5,12,8,133,32.2,950.56,48.5
Lavale AWS,18.5422,73.7389,12-05-2024 08:35,2024-05-12 08:35:00,2024,5,12,8,133,32.1,950.51,48.2
Lavale AWS,18.5422,73.7389,12-05-2024 08:40,2024-05-12 08:40:00,2024,5,12,8,133,32.0,950.56,47.8
Lavale AWS,18.5422,73.7389,12-05-2024 08:45,2024-05-12 08:45:00,2024,5,12,8,133,32.2,950.51,47.5
Lavale AWS,18.5422,73.7389,12-05-2024 08:50,2024-05-12 08:50:00,2024,5,12,8,133,32.1,950.48,47.2
Lavale AWS,18.5422,73.7389,12-05-2024 08:55,2024-05-12 08:55:00,2024,5,12,8,133,32.1,950.39,47.1
Lavale AWS,18.5422,73.7389,12-05-2024 09:00,2024-05-12 09:00:00,2024,5,12,9,133,32.4,950.31,46.7
Lavale AWS,18.5422,73.7389,12-05-2024 09:05,2024-05-12 09:05:00,2024,5,12,9,133,32.5,950.23,46.4
Lavale AWS,18.5422,73.7389,12-05-2024 09:10,2024-05-12 09:10:00,2024,5,12,9,133,32.9,950.18,45.9
Lavale AWS,18.5422,73.7389,12-05-2024 09:15,2024-05-12 09:15:00,2024,5,12,9,133,32.8,950.08,45.3
Lavale AWS,18.5422,73.7389,12-05-2024 09:20,2024-05-12 09:20:00,2024,5,12,9,133,33.0,950.11,44.5
Lavale AWS,18.5422,73.7389,12-05-2024 09:25,2024-05-12 09:25:00,2024,5,12,9,133,33.2,950.0,44.0
Lavale AWS,18.5422,73.7389,12-05-2024 09:30,2024-05-12 09:30:00,2024,5,12,9,133,33.2,949.78,43.7
Lavale AWS,18.5422,73.7389,12-05-2024 09:35,2024-05-12 09:35:00,2024,5,12,9,133,33.5,949.93,43.4
Lavale AWS,18.5422,73.7389,12-05-2024 09:40,2024-05-12 09:40:00,2024,5,12,9,133,33.7,949.82,43.0
Lavale AWS,18.5422,73.7389,12-05-2024 09:45,2024-05-12 09:45:00,2024,5,12,9,133,33.7,949.84,42.4
Lavale AWS,18.5422,73.7389,12-05-2024 09:50,2024-05-12 09:50:00,2024,5,12,9,133,33.8,949.87,42.0
Lavale AWS,18.5422,73.7389,12-05-2024 09:55,2024-05-12 09:55:00,2024,5,12,9,133,34.0,949.85,41.3
Lavale AWS,18.5422,73.7389,12-05-2024 10:00,2024-05-12 10:00:00,2024,5,12,10,133,34.1,949.74,41.0
Lavale AWS,18.5422,73.7389,12-05-2024 10:05,2024-05-12 10:05:00,2024,5,12,10,133,34.0,949.67,40.5
Lavale AWS,18.5422,73.7389,12-05-2024 10:10,2024-05-12 10:10:00,2024,5,12,10,133,34.2,949.48,40.1
Lavale AWS,18.5422,73.7389,12-05-2024 10:15,2024-05-12 10:15:00,2024,5,12,10,133,34.7,949.55,40.1
Lavale AWS,18.5422,73.7389,12-05-2024 10:20,2024-05-12 10:20:00,2024,5,12,10,133,34.8,949.39,39.4
Lavale AWS,18.5422,73.7389,12-05-2024 10:25,2024-05-12 10:25:00,2024,5,12,10,133,35.2,949.28,39.2
Lavale AWS,18.5422,73.7389,12-05-2024 10:30,2024-05-12 10:30:00,2024,5,12,10,133,35.2,949.2,38.8
Lavale AWS,18.5422,73.7389,12-05-2024 10:35,2024-05-12 10:35:00,2024,5,12,10,133,35.3,949.11,39.2
Lavale AWS,18.5422,73.7389,12-05-2024 10:40,2024-05-12 10:40:00,2024,5,12,10,133,35.6,948.97,38.7
Lavale AWS,18.5422,73.7389,12-05-2024 10:45,2024-05-12 10:45:00,2024,5,12,10,133,35.7,949.0,38.5
Lavale AWS,18.5422,73.7389,12-05-2024 10:50,2024-05-12 10:50:00,2024,5,12,10,133,35.8,948.99,38.1
Lavale AWS,18.5422,73.7389,12-05-2024 10:55,2024-05-12 10:55:00,2024,5,12,10,133,36.0,948.94,37.1
Lavale AWS,18.5422,73.7389,12-05-2024 11:00,2024-05-12 11:00:00,2024,5,12,11,133,36.4,948.82,36.5
Lavale AWS,18.5422,73.7389,12-05-2024 11:05,2024-05-12 11:05:00,2024,5,12,11,133,36.5,948.83,36.4
Lavale AWS,18.5422,73.7389,12-05-2024 11:10,2024-05-12 11:10:00,2024,5,12,11,133,36.5,948.71,35.9
Lavale AWS,18.5422,73.7389,12-05-2024 11:15,2024-05-12 11:15:00,2024,5,12,11,133,36.6,948.76,34.6
Lavale AWS,18.5422,73.7389,12-05-2024 11:20,2024-05-12 11:20:00,2024,5,12,11,133,37.1,948.69,34.3
Lavale AWS,18.5422,73.7389,12-05-2024 11:25,2024-05-12 11:25:00,2024,5,12,11,133,37.2,948.71,33.5
Lavale AWS,18.5422,73.7389,12-05-2024 11:30,2024-05-12 11:30:00,2024,5,12,11,133,37.1,948.62,33.3
Lavale AWS,18.5422,73.7389,12-05-2024 11:35,2024-05-12 11:35:00,2024,5,12,11,133,37.1,948.55,33.6
Lavale AWS,18.5422,73.7389,12-05-2024 11:40,2024-05-12 11:40:00,2024,5,12,11,133,36.9,948.58,33.6
Lavale AWS,18.5422,73.7389,12-05-2024 11:45,2024-05-12 11:45:00,2024,5,12,11,133,37.0,948.68,33.9
Lavale AWS,18.5422,73.7389,12-05-2024 11:50,2024-05-12 11:50:00,2024,5,12,11,133,37.2,948.73,33.4
Lavale AWS,18.5422,73.7389,12-05-2024 11:55,2024-05-12 11:55:00,2024,5,12,11,133,37.2,948.72,33.0
Lavale AWS,18.5422,73.7389,12-05-2024 12:00,2024-05-12 12:00:00,2024,5,12,12,133,37.3,948.69,32.3
Lavale AWS,18.5422,73.7389,12-05-2024 12:05,2024-05-12 12:05:00,2024,5,12,12,133,37.2,948.57,31.7
Lavale AWS,18.5422,73.7389,12-05-2024 12:10,2024-05-12 12:10:00,2024,5,12,12,133,37.3,948.53,31.1
Lavale AWS,18.5422,73.7389,12-05-2024 12:15,2024-05-12 12:15:00,2024,5,12,12,133,37.5,948.39,30.4
Lavale AWS,18.5422,73.7389,12-05-2024 12:20,2024-05-12 12:20:00,2024,5,12,12,133,37.4,948.36,30.7
Lavale AWS,18.5422,73.7389,12-05-2024 12:25,2024-05-12 12:25:00,2024,5,12,12,133,37.8,948.34,29.7
Lavale AWS,18.5422,73.7389,12-05-2024 12:30,2024-05-12 12:30:00,2024,5,12,12,133,37.7,948.12,30.1
Lavale AWS,18.5422,73.7389,12-05-2024 12:35,2024-05-12 12:35:00,2024,5,12,12,133,37.8,948.08,30.4
Lavale AWS,18.5422,73.7389,12-05-2024 12:40,2024-05-12 12:40:00,2024,5,12,12,133,38.0,948.07,30.4
Lavale AWS,18.5422,73.7389,12-05-2024 12:45,2024-05-12 12:45:00,2024,5,12,12,133,38.0,948.03,29.7
Lavale AWS,18.5422,73.7389,12-05-2024 12:50,2024-05-12 12:50:00,2024,5,12,12,133,38.1,948.02,28.9
Lavale AWS,18.5422,73.7389,12-05-2024 12:55,2024-05-12 12:55:00,2024,5,12,12,133,37.9,947.88,28.6
Lavale AWS,18.5422,73.7389,12-05-2024 13:00,2024-05-12 13:00:00,2024,5,12,13,133,38.2,947.8,28.7
Lavale AWS,18.5422,73.7389,12-05-2024 13:05,2024-05-12 13:05:00,2024,5,12,13,133,38.2,947.86,28.6
Lavale AWS,18.5422,73.7389,12-05-2024 13:10,2024-05-12 13:10:00,2024,5,12,13,133,38.3,947.85,28.1
Lavale AWS,18.5422,73.7389,12-05-2024 13:15,2024-05-12 13:15:00,2024,5,12,13,133,38.4,947.86,28.4
Lavale AWS,18.5422,73.7389,12-05-2024 13:20,2024-05-12 13:20:00,2024,5,12,13,133,38.4,947.8,29.0
Lavale AWS,18.5422,73.7389,12-05-2024 13:25,2024-05-12 13:25:00,2024,5,12,13,133,38.4,947.8,28.8
Lavale AWS,18.5422,73.7389,12-05-2024 13:30,2024-05-12 13:30:00,2024,5,12,13,133,38.6,947.61,28.7
Lavale AWS,18.5422,73.7389,12-05-2024 13:35,2024-05-12 13:35:00,2024,5,12,13,133,38.4,947.69,28.0
Lavale AWS,18.5422,73.7389,12-05-2024 13:40,2024-05-12 13:40:00,2024,5,12,13,133,38.8,947.84,27.8
Lavale AWS,18.5422,73.7389,12-05-2024 13:45,2024-05-12 13:45:00,2024,5,12,13,133,38.6,947.76,28.0
Lavale AWS,18.5422,73.7389,12-05-2024 13:50,2024-05-12 13:50:00,2024,5,12,13,133,38.5,947.69,28.1
Lavale AWS,18.5422,73.7389,12-05-2024 13:55,2024-05-12 13:55:00,2024,5,12,13,133,38.5,947.75,27.8
Lavale AWS,18.5422,73.7389,12-05-2024 14:00,2024-05-12 14:00:00,2024,5,12,14,133,38.8,947.88,27.7
Lavale AWS,18.5422,73.7389,12-05-2024 14:05,2024-05-12 14:05:00,2024,5,12,14,133,38.5,947.9,27.5
Lavale AWS,18.5422,73.7389,12-05-2024 14:10,2024-05-12 14:10:00,2024,5,12,14,133,38.5,947.82,27.4
Lavale AWS,18.5422,73.7389,12-05-2024 14:15,2024-05-12 14:15:00,2024,5,12,14,133,38.6,947.83,27.6
Lavale AWS,18.5422,73.7389,12-05-2024 14:20,2024-05-12 14:20:00,2024,5,12,14,133,38.6,947.78,26.8
Lavale AWS,18.5422,73.7389,12-05-2024 14:25,2024-05-12 14:25:00,2024,5,12,14,133,38.6,947.76,26.9
Lavale AWS,18.5422,73.7389,12-05-2024 14:30,2024-05-12 14:30:00,2024,5,12,14,133,38.5,947.77,27.1
Lavale AWS,18.5422,73.7389,12-05-2024 14:35,2024-05-12 14:35:00,2024,5,12,14,133,38.4,947.74,26.9
Lavale AWS,18.5422,73.7389,12-05-2024 14:40,2024-05-12 14:40:00,2024,5,12,14,133,38.4,947.73,26.8
Lavale AWS,18.5422,73.7389,12-05-2024 14:45,2024-05-12 14:45:00,2024,5,12,14,133,38.2,947.78,26.8
Lavale AWS,18.5422,73.7389,12-05-2024 14:50,2024-05-12 14:50:00,2024,5,12,14,133,38.2,947.85,26.7
Lavale AWS,18.5422,73.7389,12-05-2024 14:55,2024-05-12 14:55:00,2024,5,12,14,133,38.1,947.79,26.9
Lavale AWS,18.5422,73.7389,12-05-2024 15:00,2024-05-12 15:00:00,2024,5,12,15,133,38.0,947.89,27.1
Lavale AWS,18.5422,73.7389,12-05-2024 15:05,2024-05-12 15:05:00,2024,5,12,15,133,38.0,947.91,26.4
Lavale AWS,18.5422,73.7389,12-05-2024 15:10,2024-05-12 15:10:00,2024,5,12,15,133,37.7,948.03,26.9
Lavale AWS,18.5422,73.7389,12-05-2024 15:15,2024-05-12 15:15:00,2024,5,12,15,133,37.7,948.16,26.9
Lavale AWS,18.5422,73.7389,12-05-2024 15:20,2024-05-12 15:20:00,2024,5,12,15,133,38.0,948.17,27.9
Lavale AWS,18.5422,73.7389,12-05-2024 15:25,2024-05-12 15:25:00,2024,5,12,15,133,37.8,948.28,27.6
Lavale AWS,18.5422,73.7389,12-05-2024 15:30,2024-05-12 15:30:00,2024,5,12,15,133,38.0,948.27,27.5
Lavale AWS,18.5422,73.7389,12-05-2024 15:35,2024-05-12 15:35:00,2024,5,12,15,133,37.9,948.44,27.6
Lavale AWS,18.5422,73.7389,12-05-2024 15:40,2024-05-12 15:40:00,2024,5,12,15,133,37.8,948.44,28.1
Lavale AWS,18.5422,73.7389,12-05-2024 15:45,2024-05-12 15:45:00,2024,5,12,15,133,37.5,948.53,27.5
Lavale AWS,18.5422,73.7389,12-05-2024 15:50,2024-05-12 15:50:00,2024,5,12,15,133,37.5,948.58,27.5
Lavale AWS,18.5422,73.7389,12-05-2024 15:55,2024-05-12 15:55:00,2024,5,12,15,133,37.7,948.56,28.0
Lavale AWS,18.5422,73.7389,12-05-2024 16:00,2024-05-12 16:00:00,2024,5,12,16,133,37.6,948.7,27.9
Lavale AWS,18.5422,73.7389,12-05-2024 16:05,2024-05-12 16:05:00,2024,5,12,16,133,37.5,948.71,28.8
Lavale AWS,18.5422,73.7389,12-05-2024 16:10,2024-05-12 16:10:00,2024,5,12,16,133,37.6,948.64,28.9
Lavale AWS,18.5422,73.7389,12-05-2024 16:15,2024-05-12 16:15:00,2024,5,12,16,133,37.6,948.48,28.9
Lavale AWS,18.5422,73.7389,12-05-2024 16:20,2024-05-12 16:20:00,2024,5,12,16,133,37.2,948.49,29.4
Lavale AWS,18.5422,73.7389,12-05-2024 16:25,2024-05-12 16:25:00,2024,5,12,16,133,37.2,948.68,30.4
Lavale AWS,18.5422,73.7389,12-05-2024 16:30,2024-05-12 16:30:00,2024,5,12,16,133,37.3,948.85,30.9
Lavale AWS,18.5422,73.7389,12-05-2024 16:35,2024-05-12 16:35:00,2024,5,12,16,133,37.2,948.86,31.7
Lavale AWS,18.5422,73.7389,12-05-2024 16:40,2024-05-12 16:40:00,2024,5,12,16,133,36.7,948.9,32.6
Lavale AWS,18.5422,73.7389,12-05-2024 16:45,2024-05-12 16:45:00,2024,5,12,16,133,36.7,948.93,32.5
Lavale AWS,18.5422,73.7389,12-05-2024 16:50,2024-05-12 16:50:00,2024,5,12,16,133,36.6,948.9,33.2
Lavale AWS,18.5422,73.7389,12-05-2024 16:55,2024-05-12 16:55:00,2024,5,12,16,133,36.2,948.89,32.9
Lavale AWS,18.5422,73.7389,12-05-2024 17:00,2024-05-12 17:00:00,2024,5,12,17,133,35.9,949.04,33.3
Lavale AWS,18.5422,73.7389,12-05-2024 17:05,2024-05-12 17:05:00,2024,5,12,17,133,36.0,949.15,33.6
Lavale AWS,18.5422,73.7389,12-05-2024 17:10,2024-05-12 17:10:00,2024,5,12,17,133,35.8,949.24,34.4
Lavale AWS,18.5422,73.7389,12-05-2024 17:15,2024-05-12 17:15:00,2024,5,12,17,133,35.6,949.19,35.2
Lavale AWS,18.5422,73.7389,12-05-2024 17:20,2024-05-12 17:20:00,2024,5,12,17,133,35.5,949.26,35.7
Lavale AWS,18.5422,73.7389,12-05-2024 17:25,2024-05-12 17:25:00,2024,5,12,17,133,35.3,949.14,36.2
Lavale AWS,18.5422,73.7389,12-05-2024 17:30,2024-05-12 17:30:00,2024,5,12,17,133,35.3,949.27,36.7
Lavale AWS,18.5422,73.7389,12-05-2024 17:35,2024-05-12 17:35:00,2024,5,12,17,133,35.2,949.35,37.0
Lavale AWS,18.5422,73.7389,12-05-2024 17:40,2024-05-12 17:40:00,2024,5,12,17,133,34.9,949.3,37.3
Lavale AWS,18.5422,73.7389,12-05-2024 17:45,2024-05-12 17:45:00,2024,5,12,17,133,34.7,949.49,38.1
Lavale AWS,18.5422,73.7389,12-05-2024 17:50,2024-05-12 17:50:00,2024,5,12,17,133,34.7,949.39,39.1
Lavale AWS,18.5422,73.7389,12-05-2024 17:55,2024-05-12 17:55:00,2024,5,12,17,133,34.6,949.49,39.3
Lavale AWS,18.5422,73.7389,12-05-2024 18:00,2024-05-12 18:00:00,2024,5,12,18,133,34.5,949.58,39.7
Lavale AWS,18.5422,73.7389,12-05-2024 18:05,2024-05-12 18:05:00,2024,5,12,18,133,34.7,949.52,40.0
Lavale AWS,18.5422,73.7389,12-05-2024 18:10,2024-05-12 18:10:00,2024,5,12,18,133,34.7,949.56,39.7
Lavale AWS,18.5422,73.7389,12-05-2024 18:15,2024-05-12 18:15:00,2024,5,12,18,133,34.7,949.47,39.9
Lavale AWS,18.5422,73.7389,12-05-2024 18:20,2024-05-12 18:20:00,2024,5,12,18,133,34.6,949.28,40.9
Lavale AWS,18.5422,73.7389,12-05-2024 18:25,2024-05-12 18:25:00,2024,5,12,18,133,34.5,949.25,40.9
Lavale AWS,18.5422,73.7389,12-05-2024 18:30,2024-05-12 18:30:00,2024,5,12,18,133,34.3,949.24,42.2
Lavale AWS,18.5422,73.7389,12-05-2024 18:35,2024-05-12 18:35:00,2024,5,12,18,133,34.3,949.34,43.0
Lavale AWS,18.5422,73.7389,12-05-2024 18:40,2024-05-12 18:40:00,2024,5,12,18,133,34.1,949.39,43.4
Lavale AWS,18.5422,73.7389,12-05-2024 18:45,2024-05-12 18:45:00,2024,5,12,18,133,34.0,949.43,44.0
Lavale AWS,18.5422,73.7389,12-05-2024 18:50,2024-05-12 18:50:00,2024,5,12,18,133,33.9,949.38,43.9
Lavale AWS,18.5422,73.7389,12-05-2024 18:55,2024-05-12 18:55:00,2024,5,12,18,133,33.7,949.36,44.2
Lavale AWS,18.5422,73.7389,12-05-2024 19:00,2024-05-12 19:00:00,2024,5,12,19,133,34.0,949.32,45.1
Lavale AWS,18.5422,73.7389,12-05-2024 19:05,2024-05-12 19:05:00,2024,5,12,19,133,33.7,949.25,45.2
Lavale AWS,18.5422,73.7389,12-05-2024 19:10,2024-05-12 19:10:00,2024,5,12,19,133,33.5,949.23,46.0
Lavale AWS,18.5422,73.7389,12-05-2024 19:15,2024-05-12 19:15:00,2024,5,12,19,133,33.4,949.26,45.8
Lavale AWS,18.5422,73.7389,12-05-2024 19:20,2024-05-12 19:20:00,2024,5,12,19,133,33.2,949.23,45.8
Lavale AWS,18.5422,73.7389,12-05-2024 19:25,2024-05-12 19:25:00,2024,5,12,19,133,32.9,949.22,46.9
Lavale AWS,18.5422,73.7389,12-05-2024 19:30,2024-05-12 19:30:00,2024,5,12,19,133,32.6,949.29,47.3
Lavale AWS,18.5422,73.7389,12-05-2024 19:35,2024-05-12 19:35:00,2024,5,12,19,133,32.5,949.26,47.5
Lavale AWS,18.5422,73.7389,12-05-2024 19:40,2024-05-12 19:40:00,2024,5,12,19,133,32.4,949.16,48.5
Lavale AWS,18.5422,73.7389,12-05-2024 19:45,2024-05-12 19:45:00,2024,5,12,19,133,32.2,949.21,49.4
Lavale AWS,18.5422,73.7389,12-05-2024 19:50,2024-05-12 19:50:00,2024,5,12,19,133,32.2,949.23,50.1
Lavale AWS,18.5422,73.7389,12-05-2024 19:55,2024-05-12 19:55:00,2024,5,12,19,133,31.7,949.25,50.2
Lavale AWS,18.5422,73.7389,12-05-2024 20:00,2024-05-12 20:00:00,2024,5,12,20,133,31.5,949.3,50.5
Lavale AWS,18.5422,73.7389,12-05-2024 20:05,2024-05-12 20:05:00,2024,5,12,20,133,31.3,949.32,51.0
Lavale AWS,18.5422,73.7389,12-05-2024 20:10,2024-05-12 20:10:00,2024,5,12,20,133,31.0,949.3,51.7
Lavale AWS,18.5422,73.7389,12-05-2024 20:15,2024-05-12 20:15:00,2024,5,12,20,133,30.6,949.47,51.9
Lavale AWS,18.5422,73.7389,12-05-2024 20:20,2024-05-12 20:20:00,2024,5,12,20,133,30.4,949.34,52.4
Lavale AWS,18.5422,73.7389,12-05-2024 20:25,2024-05-12 20:25:00,2024,5,12,20,133,30.4,949.26,52.9
Lavale AWS,18.5422,73.7389,12-05-2024 20:30,2024-05-12 20:30:00,2024,5,12,20,133,30.4,949.3,53.8
Lavale AWS,18.5422,73.7389,12-05-2024 20:35,2024-05-12 20:35:00,2024,5,12,20,133,30.2,949.28,54.5
Lavale AWS,18.5422,73.7389,12-05-2024 20:40,2024-05-12 20:40:00,2024,5,12,20,133,30.2,949.3,54.3
Lavale AWS,18.5422,73.7389,12-05-2024 20:45,2024-05-12 20:45:00,2024,5,12,20,133,30.1,949.27,54.6
Lavale AWS,18.5422,73.7389,12-05-2024 20:50,2024-05-12 20:50:00,2024,5,12,20,133,30.1,949.33,54.6
Lavale AWS,18.5422,73.7389,12-05-2024 20:55,2024-05-12 20:55:00,2024,5,12,20,133,29.9,949.2,55.3
Lavale AWS,18.5422,73.7389,12-05-2024 21:00,2024-05-12 21:00:00,2024,5,12,21,133,29.5,949.25,56.1
Lavale AWS,18.5422,73.7389,12-05-2024 21:05,2024-05-12 21:05:00,2024,5,12,21,133,29.4,949.29,56.6
Lavale AWS,18.5422,73.7389,12-05-2024 21:10,2024-05-12 21:10:00,2024,5,12,21,133,29.1,949.13,56.9
Lavale AWS,18.5422,73.7389,12-05-2024 21:15,2024-05-12 21:15:00,2024,5,12,21,133,28.8,949.12,57.3
Lavale AWS,18.5422,73.7389,12-05-2024 21:20,2024-05-12 21:20:00,2024,5,12,21,133,28.6,949.05,57.8
Lavale AWS,18.5422,73.7389,12-05-2024 21:25,2024-05-12 21:25:00,2024,5,12,21,133,28.4,948.94,58.0
Lavale AWS,18.5422,73.7389,12-05-2024 21:30,2024-05-12 21:30:00,2024,5,12,21,133,28.3,948.72,57.9
Lavale AWS,18.5422,73.7389,12-05-2024 21:35,2024-05-12 21:35:00,2024,5,12,21,133,28.3,948.59,57.6
Lavale AWS,18.5422,73.7389,12-05-2024 21:40,2024-05-12 21:40:00,2024,5,12,21,133,28.1,948.59,58.6
Lavale AWS,18.5422,73.7389,12-05-2024 21:45,2024-05-12 21:45:00,2024,5,12,21,133,28.0,948.59,59.2
Lavale AWS,18.5422,73.7389,12-05-2024 21:50,2024-05-12 21:50:00,2024,5,12,21,133,27.9,948.51,59.8
Lavale AWS,18.5422,73.7389,12-05-2024 21:55,2024-05-12 21:55:00,2024,5,12,21,133,27.9,948.52,60.8
Lavale AWS,18.5422,73.7389,12-05-2024 22:00,2024-05-12 22:00:00,2024,5,12,22,133,27.7,948.53,60.7
Lavale AWS,18.5422,73.7389,12-05-2024 22:05,2024-05-12 22:05:00,2024,5,12,22,133,27.6,948.48,60.5
Lavale AWS,18.5422,73.7389,12-05-2024 22:10,2024-05-12 22:10:00,2024,5,12,22,133,27.4,948.35,61.1
Lavale AWS,18.5422,73.7389,12-05-2024 22:15,2024-05-12 22:15:00,2024,5,12,22,133,27.2,948.32,61.7
Lavale AWS,18.5422,73.7389,12-05-2024 22:20,2024-05-12 22:20:00,2024,5,12,22,133,27.0,948.29,61.4
Lavale AWS,18.5422,73.7389,12-05-2024 22:25,2024-05-12 22:25:00,2024,5,12,22,133,26.7,948.28,62.0
Lavale AWS,18.5422,73.7389,12-05-2024 22:30,2024-05-12 22:30:00,2024,5,12,22,133,26.7,948.28,62.3
Lavale AWS,18.5422,73.7389,12-05-2024 22:35,2024-05-12 22:35:00,2024,5,12,22,133,26.4,948.1,62.5
Lavale AWS,18.5422,73.7389,12-05-2024 22:40,2024-05-12 22:40:00,2024,5,12,22,133,26.3,948.0,62.8
Lavale AWS,18.5422,73.7389,12-05-2024 22:45,2024-05-12 22:45:00,2024,5,12,22,133,26.3,947.78,62.3
Lavale AWS,18.5422,73.7389,12-05-2024 22:50,2024-05-12 22:50:00,2024,5,12,22,133,26.1,947.79,62.6
Lavale AWS,18.5422,73.7389,12-05-2024 22:55,2024-05-12 22:55:00,2024,5,12,22,133,26.1,947.71,62.8
Lavale AWS,18.5422,73.7389,12-05-2024 23:00,2024-05-12 23:00:00,2024,5,12,23,133,25.9,947.69,63.5
Lavale AWS,18.5422,73.7389,12-05-2024 23:05,2024-05-12 23:05:00,2024,5,12,23,133,25.6,947.52,64.0
Lavale AWS,18.5422,73.7389,12-05-2024 23:10,2024-05-12 23:10:00,2024,5,12,23,133,25.3,947.59,64.7
Lavale AWS,18.5422,73.7389,12-05-2024 23:15,2024-05-12 23:15:00,2024,5,12,23,133,25.4,947.44,64.2
Lavale AWS,18.5422,73.7389,12-05-2024 23:20,2024-05-12 23:20:00,2024,5,12,23,133,25.1,947.46,64.3
Lavale AWS,18.5422,73.7389,12-05-2024 23:25,2024-05-12 23:25:00,2024,5,12,23,133,25.1,947.42,65.0
Lavale AWS,18.5422,73.7389,12-05-2024 23:30,2024-05-12 23:30:00,2024,5,12,23,133,24.9,947.36,65.4
Lavale AWS,18.5422,73.7389,12-05-2024 23:35,2024-05-12 23:35:00,2024,5,12,23,133,25.0,947.29,66.2
Lavale AWS,18.5422,73.7389,12-05-2024 23:40,2024-05-12 23:40:00,2024,5,12,23,133,25.2,947.2,65.9
Lavale AWS,18.5422,73.7389,12-05-2024 23:45,2024-05-12 23:45:00,2024,5,12,23,133,24.9,947.27,66.7
Lavale AWS,18.5422,73.7389,12-05-2024 23:50,2024-05-12 23:50:00,2024,5,12,23,133,24.6,947.24,66.9
Lavale AWS,18.5422,73.7389,12-05-2024 23:55,2024-05-12 23:55:00,2024,5,12,23,133,24.7,947.1,67.0
Lavale AWS,18.5422,73.7389,13-05-2024 00:00,2024-05-13 00:00:00,2024,5,13,0,134,24.6,947.04,67.8
Lavale AWS,18.5422,73.7389,13-05-2024 00:05,2024-05-13 00:05:00,2024,5,13,0,134,24.7,947.03,68.7
Lavale AWS,18.5422,73.7389,13-05-2024 00:10,2024-05-13 00:10:00,2024,5,13,0,134,24.5,947.07,69.5
Lavale AWS,18.5422,73.7389,13-05-2024 00:15,2024-05-13 00:15:00,2024,5,13,0,134,24.7,947.0,70.6
Lavale AWS,18.5422,73.7389,13-05-2024 00:20,2024-05-13 00:20:00,2024,5,13,0,134,24.6,946.94,71.4
Lavale AWS,18.5422,73.7389,13-05-2024 00:25,2024-05-13 00:25:00,2024,5,13,0,134,24.3,946.93,71.3
Lavale AWS,18.5422,73.7389,13-05-2024 00:30,2024-05-13 00:30:00,2024,5,13,0,134,24.2,946.99,71.6
Lavale AWS,18.5422,73.7389,13-05-2024 00:35,2024-05-13 00:35:00,2024,5,13,0,134,23.9,946.86,71.7
Lavale AWS,18.5422,73.7389,13-05-2024 00:40,2024-05-13 00:40:00,2024,5,13,0,134,24.1,946.9,72.8
Lavale AWS,18.5422,73.7389,13-05-2024 00:45,2024-05-13 00:45:00,2024,5,13,0,134,23.9,946.86,73.4
Lavale AWS,18.5422,73.7389,13-05-2024 00:50,2024-05-13 00:50:00,2024,5,13,0,134,23.9,946.83,73.5
Lavale AWS,18.5422,73.7389,13-05-2024 00:55,2024-05-13 00:55:00,2024,5,13,0,134,23.8,946.99,74.0
Lavale AWS,18.5422,73.7389,13-05-2024 01:00,2024-05-13 01:00:00,2024,5,13,1,134,23.6,946.98,73.7
Lavale AWS,18.5422,73.7389,13-05-2024 01:05,2024-05-13 01:05:00,2024,5,13,1,134,23.3,947.04,73.9
Lavale AWS,18.5422,73.7389,13-05-2024 01:10,2024-05-13 01:10:00,2024,5,13,1,134,23.3,947.1,73.7
Lavale AWS,18.5422,73.7389,13-05-2024 01:15,2024-05-13 01:15:00,2024,5,13,1,134,23.5,947.01,73.2
Lavale AWS,18.5422,73.7389,13-05-2024 01:20,2024-05-13 01:20:00,2024,5,13,1,134,23.3,946.88,73.7
Lavale AWS,18.5422,73.7389,13-05-2024 01:25,2024-05-13 01:25:00,2024,5,13,1,134,23.0,946.96,74.2
Lavale AWS,18.5422,73.7389,13-05-2024 01:30,2024-05-13 01:30:00,2024,5,13,1,134,23.1,946.9,74.5
Lavale AWS,18.5422,73.7389,13-05-2024 01:35,2024-05-13 01:35:00,2024,5,13,1,134,22.8,946.79,74.5
Lavale AWS,18.5422,73.7389,13-05-2024 01:40,2024-05-13 01:40:00,2024,5,13,1,134,23.0,946.9,74.1
Lavale AWS,18.5422,73.7389,13-05-2024 01:45,2024-05-13 01:45:00,2024,5,13,1,134,22.9,946.86,73.7
Lavale AWS,18.5422,73.7389,13-05-2024 01:50,2024-05-13 01:50:00,2024,5,13,1,134,22.7,946.83,73.5
Lavale AWS,18.5422,73.7389,13-05-2024 01:55,2024-05-13 01:55:00,2024,5,13,1,134,22.7,947.03,73.5
Lavale AWS,18.5422,73.7389,13-05-2024 02:00,2024-05-13 02:00:00,2024,5,13,2,134,22.6,946.94,74.1
Lavale AWS,18.5422,73.7389,13-05-2024 02:05,2024-05-13 02:05:00,2024,5,13,2,134,22.6,946.89,74.1
Lavale AWS,18.5422,73.7389,13-05-2024 02:10,2024-05-13 02:10:00,2024,5,13,2,134,22.6,946.9,74.1
Lavale AWS,18.5422,73.7389,13-05-2024 02:15,2024-05-13 02:15:00,2024,5,13,2,134,22.6,946.94,74.1
Lavale AWS,18.5422,73.7389,13-05-2024 02:20,2024-05-13 02:20:00,2024,5,13,2,134,22.6,946.92,74.1
Lavale AWS,18.5422,73.7389,13-05-2024 02:25,2024-05-13 02:25:00,2024,5,13,2,134,22.6,946.89,74.1
Lavale AWS,18.5422,73.7389,13-05-2024 02:30,2024-05-13 02:30:00,2024,5,13,2,134,22.6,947.08,74.1
Lavale AWS,18.5422,73.7389,13-05-2024 02:35,2024-05-13 02:35:00,2024,5,13,2,134,22.6,947.17,74.1
Lavale AWS,18.5422,73.7389,13-05-2024 02:40,2024-05-13 02:40:00,2024,5,13,2,134,22.6,947.28,74.1
Lavale AWS,18.5422,73.7389,13-05-2024 02:45,2024-05-13 02:45:00,2024,5,13,2,134,22.6,947.33,74.1
Lavale AWS,18.5422,73.7389,13-05-2024 02:50,2024-05-13 02:50:00,2024,5,13,2,134,22.6,947.42,74.1
Lavale AWS,18.5422,73.7389,13-05-2024 02:55,2024-05-13 02:55:00,2024,5,13,2,134,22.6,947.56,74.1
Lavale AWS,18.5422,73.7389,13-05-2024 03:00,2024-05-13 03:00:00,2024,5,13,3,134,22.8,947.55,73.8
Lavale AWS,18.5422,73.7389,13-05-2024 03:05,2024-05-13 03:05:00,2024,5,13,3,134,22.8,947.64,74.3
Lavale AWS,18.5422,73.7389,13-05-2024 03:10,2024-05-13 03:10:00,2024,5,13,3,134,23.0,947.76,74.3
Lavale AWS,18.5422,73.7389,13-05-2024 03:15,2024-05-13 03:15:00,2024,5,13,3,134,23.2,947.96,74.5
Lavale AWS,18.5422,73.7389,13-05-2024 03:20,2024-05-13 03:20:00,2024,5,13,3,134,23.1,948.18,74.4
Lavale AWS,18.5422,73.7389,13-05-2024 03:25,2024-05-13 03:25:00,2024,5,13,3,134,23.1,948.24,74.3
Lavale AWS,18.5422,73.7389,13-05-2024 03:30,2024-05-13 03:30:00,2024,5,13,3,134,23.1,948.39,74.2
Lavale AWS,18.5422,73.7389,13-05-2024 03:35,2024-05-13 03:35:00,2024,5,13,3,134,23.1,948.23,73.8
Lavale AWS,18.5422,73.7389,13-05-2024 03:40,2024-05-13 03:40:00,2024,5,13,3,134,23.2,948.43,73.5
Lavale AWS,18.5422,73.7389,13-05-2024 03:45,2024-05-13 03:45:00,2024,5,13,3,134,23.0,948.43,73.9
Lavale AWS,18.5422,73.7389,13-05-2024 03:50,2024-05-13 03:50:00,2024,5,13,3,134,23.3,948.48,74.6
Lavale AWS,18.5422,73.7389,13-05-2024 03:55,2024-05-13 03:55:00,2024,5,13,3,134,23.2,948.58,75.0
Lavale AWS,18.5422,73.7389,13-05-2024 04:00,2024-05-13 04:00:00,2024,5,13,4,134,23.2,948.63,74.2
Lavale AWS,18.5422,73.7389,13-05-2024 04:05,2024-05-13 04:05:00,2024,5,13,4,134,23.4,948.71,73.4
Lavale AWS,18.5422,73.7389,13-05-2024 04:10,2024-05-13 04:10:00,2024,5,13,4,134,23.5,948.9,72.8
Lavale AWS,18.5422,73.7389,13-05-2024 04:15,2024-05-13 04:15:00,2024,5,13,4,134,23.7,948.93,72.6
Lavale AWS,18.5422,73.7389,13-05-2024 04:20,2024-05-13 04:20:00,2024,5,13,4,134,23.5,948.91,71.3
Lavale AWS,18.5422,73.7389,13-05-2024 04:25,2024-05-13 04:25:00,2024,5,13,4,134,23.5,949.12,70.9
Lavale AWS,18.5422,73.7389,13-05-2024 04:30,2024-05-13 04:30:00,2024,5,13,4,134,23.7,949.22,71.3
Lavale AWS,18.5422,73.7389,13-05-2024 04:35,2024-05-13 04:35:00,2024,5,13,4,134,23.7,949.43,71.6
Lavale AWS,18.5422,73.7389,13-05-2024 04:40,2024-05-13 04:40:00,2024,5,13,4,134,23.7,949.55,71.1
Lavale AWS,18.5422,73.7389,13-05-2024 04:45,2024-05-13 04:45:00,2024,5,13,4,134,23.9,949.49,70.7
Lavale AWS,18.5422,73.7389,13-05-2024 04:50,2024-05-13 04:50:00,2024,5,13,4,134,23.9,949.59,70.7
Lavale AWS,18.5422,73.7389,13-05-2024 04:55,2024-05-13 04:55:00,2024,5,13,4,134,24.0,949.56,70.9
Lavale AWS,18.5422,73.7389,13-05-2024 05:00,2024-05-13 05:00:00,2024,5,13,5,134,24.1,949.61,70.4
Lavale AWS,18.5422,73.7389,13-05-2024 05:05,2024-05-13 05:05:00,2024,5,13,5,134,24.2,949.65,70.0
Lavale AWS,18.5422,73.7389,13-05-2024 05:10,2024-05-13 05:10:00,2024,5,13,5,134,24.2,949.57,69.5
Lavale AWS,18.5422,73.7389,13-05-2024 05:15,2024-05-13 05:15:00,2024,5,13,5,134,24.3,949.56,68.7
Lavale AWS,18.5422,73.7389,13-05-2024 05:20,2024-05-13 05:20:00,2024,5,13,5,134,24.2,949.79,68.4
Lavale AWS,18.5422,73.7389,13-05-2024 05:25,2024-05-13 05:25:00,2024,5,13,5,134,24.4,949.85,68.0
Lavale AWS,18.5422,73.7389,13-05-2024 05:30,2024-05-13 05:30:00,2024,5,13,5,134,24.4,949.88,67.2
Lavale AWS,18.5422,73.7389,13-05-2024 05:35,2024-05-13 05:35:00,2024,5,13,5,134,24.7,950.07,67.2
Lavale AWS,18.5422,73.7389,13-05-2024 05:40,2024-05-13 05:40:00,2024,5,13,5,134,24.8,950.07,67.1
Lavale AWS,18.5422,73.7389,13-05-2024 05:45,2024-05-13 05:45:00,2024,5,13,5,134,24.7,950.1,67.1
Lavale AWS,18.5422,73.7389,13-05-2024 05:50,2024-05-13 05:50:00,2024,5,13,5,134,24.8,950.21,66.5
Lavale AWS,18.5422,73.7389,13-05-2024 05:55,2024-05-13 05:55:00,2024,5,13,5,134,24.9,950.2,65.4
Lavale AWS,18.5422,73.7389,13-05-2024 06:00,2024-05-13 06:00:00,2024,5,13,6,134,25.2,950.17,65.3
Lavale AWS,18.5422,73.7389,13-05-2024 06:05,2024-05-13 06:05:00,2024,5,13,6,134,25.3,950.02,64.7
Lavale AWS,18.5422,73.7389,13-05-2024 06:10,2024-05-13 06:10:00,2024,5,13,6,134,25.4,949.97,64.1
Lavale AWS,18.5422,73.7389,13-05-2024 06:15,2024-05-13 06:15:00,2024,5,13,6,134,25.7,949.93,63.3
Lavale AWS,18.5422,73.7389,13-05-2024 06:20,2024-05-13 06:20:00,2024,5,13,6,134,25.9,949.98,62.9
Lavale AWS,18.5422,73.7389,13-05-2024 06:25,2024-05-13 06:25:00,2024,5,13,6,134,26.3,949.96,63.3
Lavale AWS,18.5422,73.7389,13-05-2024 06:30,2024-05-13 06:30:00,2024,5,13,6,134,26.6,950.16,62.7
Lavale AWS,18.5422,73.7389,13-05-2024 06:35,2024-05-13 06:35:00,2024,5,13,6,134,26.6,950.09,62.0
Lavale AWS,18.5422,73.7389,13-05-2024 06:40,2024-05-13 06:40:00,2024,5,13,6,134,26.9,950.22,61.9
Lavale AWS,18.5422,73.7389,13-05-2024 06:45,2024-05-13 06:45:00,2024,5,13,6,134,27.2,950.25,61.7
Lavale AWS,18.5422,73.7389,13-05-2024 06:50,2024-05-13 06:50:00,2024,5,13,6,134,27.6,950.33,60.5
Lavale AWS,18.5422,73.7389,13-05-2024 06:55,2024-05-13 06:55:00,2024,5,13,6,134,27.8,950.39,60.4
Lavale AWS,18.5422,73.7389,13-05-2024 07:00,2024-05-13 07:00:00,2024,5,13,7,134,28.0,950.21,60.9
Lavale AWS,18.5422,73.7389,13-05-2024 07:05,2024-05-13 07:05:00,2024,5,13,7,134,28.1,950.21,59.5
Lavale AWS,18.5422,73.7389,13-05-2024 07:10,2024-05-13 07:10:00,2024,5,13,7,134,28.1,950.19,58.7
Lavale AWS,18.5422,73.7389,13-05-2024 07:15,2024-05-13 07:15:00,2024,5,13,7,134,28.1,950.1,57.2
Lavale AWS,18.5422,73.7389,13-05-2024 07:20,2024-05-13 07:20:00,2024,5,13,7,134,28.0,950.14,56.9
Lavale AWS,18.5422,73.7389,13-05-2024 07:25,2024-05-13 07:25:00,2024,5,13,7,134,28.3,950.27,57.0
Lavale AWS,18.5422,73.7389,13-05-2024 07:30,2024-05-13 07:30:00,2024,5,13,7,134,28.4,950.04,56.7
Lavale AWS,18.5422,73.7389,13-05-2024 07:35,2024-05-13 07:35:00,2024,5,13,7,134,28.7,949.99,57.0
Lavale AWS,18.5422,73.7389,13-05-2024 07:40,2024-05-13 07:40:00,2024,5,13,7,134,28.6,949.88,56.9
Lavale AWS,18.5422,73.7389,13-05-2024 07:45,2024-05-13 07:45:00,2024,5,13,7,134,28.9,949.88,57.2
Lavale AWS,18.5422,73.7389,13-05-2024 07:50,2024-05-13 07:50:00,2024,5,13,7,134,28.9,949.84,57.3
Lavale AWS,18.5422,73.7389,13-05-2024 07:55,2024-05-13 07:55:00,2024,5,13,7,134,28.9,949.78,56.6
Lavale AWS,18.5422,73.7389,13-05-2024 08:00,2024-05-13 08:00:00,2024,5,13,8,134,29.2,949.83,56.2
Lavale AWS,18.5422,73.7389,13-05-2024 08:05,2024-05-13 08:05:00,2024,5,13,8,134,29.5,949.94,55.4
Lavale AWS,18.5422,73.7389,13-05-2024 08:10,2024-05-13 08:10:00,2024,5,13,8,134,29.7,950.12,54.9
Lavale AWS,18.5422,73.7389,13-05-2024 08:15,2024-05-13 08:15:00,2024,5,13,8,134,29.8,950.03,54.5
Lavale AWS,18.5422,73.7389,13-05-2024 08:20,2024-05-13 08:20:00,2024,5,13,8,134,30.0,949.84,54.0
Lavale AWS,18.5422,73.7389,13-05-2024 08:25,2024-05-13 08:25:00,2024,5,13,8,134,30.1,949.85,54.1
Lavale AWS,18.5422,73.7389,13-05-2024 08:30,2024-05-13 08:30:00,2024,5,13,8,134,30.1,949.95,53.5
Lavale AWS,18.5422,73.7389,13-05-2024 08:35,2024-05-13 08:35:00,2024,5,13,8,134,30.2,949.97,52.6
Lavale AWS,18.5422,73.7389,13-05-2024 08:40,2024-05-13 08:40:00,2024,5,13,8,134,30.6,950.05,51.9
Lavale AWS,18.5422,73.7389,13-05-2024 08:45,2024-05-13 08:45:00,2024,5,13,8,134,31.1,949.97,51.7
Lavale AWS,18.5422,73.7389,13-05-2024 08:50,2024-05-13 08:50:00,2024,5,13,8,134,31.5,949.87,50.7
Lavale AWS,18.5422,73.7389,13-05-2024 08:55,2024-05-13 08:55:00,2024,5,13,8,134,31.6,949.82,50.2
Lavale AWS,18.5422,73.7389,13-05-2024 09:00,2024-05-13 09:00:00,2024,5,13,9,134,31.7,949.74,50.3
Lavale AWS,18.5422,73.7389,13-05-2024 09:05,2024-05-13 09:05:00,2024,5,13,9,134,31.6,949.73,50.0
Lavale AWS,18.5422,73.7389,13-05-2024 09:10,2024-05-13 09:10:00,2024,5,13,9,134,31.6,949.75,49.5
Lavale AWS,18.5422,73.7389,13-05-2024 09:15,2024-05-13 09:15:00,2024,5,13,9,134,31.7,949.77,49.1
Lavale AWS,18.5422,73.7389,13-05-2024 09:20,2024-05-13 09:20:00,2024,5,13,9,134,32.1,949.74,48.2
Lavale AWS,18.5422,73.7389,13-05-2024 09:25,2024-05-13 09:25:00,2024,5,13,9,134,32.5,949.69,47.4
Lavale AWS,18.5422,73.7389,13-05-2024 09:30,2024-05-13 09:30:00,2024,5,13,9,134,32.7,949.68,47.0
Lavale AWS,18.5422,73.7389,13-05-2024 09:35,2024-05-13 09:35:00,2024,5,13,9,134,32.6,949.45,46.7
Lavale AWS,18.5422,73.7389,13-05-2024 09:40,2024-05-13 09:40:00,2024,5,13,9,134,32.8,949.4,46.6
Lavale AWS,18.5422,73.7389,13-05-2024 09:45,2024-05-13 09:45:00,2024,5,13,9,134,32.9,949.34,46.2
Lavale AWS,18.5422,73.7389,13-05-2024 09:50,2024-05-13 09:50:00,2024,5,13,9,134,32.6,949.29,46.4
Lavale AWS,18.5422,73.7389,13-05-2024 09:55,2024-05-13 09:55:00,2024,5,13,9,134,32.8,949.21,46.6
Lavale AWS,18.5422,73.7389,13-05-2024 10:00,2024-05-13 10:00:00,2024,5,13,10,134,32.8,949.18,46.4
Lavale AWS,18.5422,73.7389,13-05-2024 10:05,2024-05-13 10:05:00,2024,5,13,10,134,32.8,949.06,46.4
Lavale AWS,18.5422,73.7389,13-05-2024 10:10,2024-05-13 10:10:00,2024,5,13,10,134,32.8,949.08,45.5
Lavale AWS,18.5422,73.7389,13-05-2024 10:15,2024-05-13 10:15:00,2024,5,13,10,134,32.9,949.05,44.6
Lavale AWS,18.5422,73.7389,13-05-2024 10:20,2024-05-13 10:20:00,2024,5,13,10,134,33.0,948.99,44.3
Lavale AWS,18.5422,73.7389,13-05-2024 10:25,2024-05-13 10:25:00,2024,5,13,10,134,33.1,948.87,43.3
Lavale AWS,18.5422,73.7389,13-05-2024 10:30,2024-05-13 10:30:00,2024,5,13,10,134,33.0,948.87,42.8
Lavale AWS,18.5422,73.7389,13-05-2024 10:35,2024-05-13 10:35:00,2024,5,13,10,134,33.3,948.82,42.7
Lavale AWS,18.5422,73.7389,13-05-2024 10:40,2024-05-13 10:40:00,2024,5,13,10,134,33.3,948.69,42.9
Lavale AWS,18.5422,73.7389,13-05-2024 10:45,2024-05-13 10:45:00,2024,5,13,10,134,33.3,948.62,42.3
Lavale AWS,18.5422,73.7389,13-05-2024 10:50,2024-05-13 10:50:00,2024,5,13,10,134,33.4,948.61,41.6
Lavale AWS,18.5422,73.7389,13-05-2024 10:55,2024-05-13 10:55:00,2024,5,13,10,134,33.5,948.59,41.4
Lavale AWS,18.5422,73.7389,13-05-2024 11:00,2024-05-13 11:00:00,2024,5,13,11,134,33.8,948.57,40.5
Lavale AWS,18.5422,73.7389,13-05-2024 11:05,2024-05-13 11:05:00,2024,5,13,11,134,34.0,948.51,40.1
Lavale AWS,18.5422,73.7389,13-05-2024 11:10,2024-05-13 11:10:00,2024,5,13,11,134,34.2,948.54,39.7
Lavale AWS,18.5422,73.7389,13-05-2024 11:15,2024-05-13 11:15:00,2024,5,13,11,134,34.3,948.57,39.3
Lavale AWS,18.5422,73.7389,13-05-2024 11:20,2024-05-13 11:20:00,2024,5,13,11,134,34.5,948.57,39.0
Lavale AWS,18.5422,73.7389,13-05-2024 11:25,2024-05-13 11:25:00,2024,5,13,11,134,34.6,948.46,38.4
Lavale AWS,18.5422,73.7389,13-05-2024 11:30,2024-05-13 11:30:00,2024,5,13,11,134,34.4,948.46,37.7
Lavale AWS,18.5422,73.7389,13-05-2024 11:35,2024-05-13 11:35:00,2024,5,13,11,134,34.5,948.46,37.1
Lavale AWS,18.5422,73.7389,13-05-2024 11:40,2024-05-13 11:40:00,2024,5,13,11,134,34.8,948.46,36.2
Lavale AWS,18.5422,73.7389,13-05-2024 11:45,2024-05-13 11:45:00,2024,5,13,11,134,35.5,948.46,36.1
Lavale AWS,18.5422,73.7389,13-05-2024 11:50,2024-05-13 11:50:00,2024,5,13,11,134,35.3,948.46,36.2
Lavale AWS,18.5422,73.7389,13-05-2024 11:55,2024-05-13 11:55:00,2024,5,13,11,134,35.5,948.46,36.3
Lavale AWS,18.5422,73.7389,13-05-2024 12:00,2024-05-13 12:00:00,2024,5,13,12,134,35.5,948.3,35.9
Lavale AWS,18.5422,73.7389,13-05-2024 12:05,2024-05-13 12:05:00,2024,5,13,12,134,35.8,948.25,35.3
Lavale AWS,18.5422,73.7389,13-05-2024 12:10,2024-05-13 12:10:00,2024,5,13,12,134,35.7,948.2,35.4
Lavale AWS,18.5422,73.7389,13-05-2024 12:15,2024-05-13 12:15:00,2024,5,13,12,134,35.8,948.1,35.4
Lavale AWS,18.5422,73.7389,13-05-2024 12:20,2024-05-13 12:20:00,2024,5,13,12,134,35.7,947.98,35.2
Lavale AWS,18.5422,73.7389,13-05-2024 12:25,2024-05-13 12:25:00,2024,5,13,12,134,35.7,947.99,35.7
Lavale AWS,18.5422,73.7389,13-05-2024 12:30,2024-05-13 12:30:00,2024,5,13,12,134,35.8,948.06,35.4
Lavale AWS,18.5422,73.7389,13-05-2024 12:35,2024-05-13 12:35:00,2024,5,13,12,134,36.0,948.23,35.1
Lavale AWS,18.5422,73.7389,13-05-2024 12:40,2024-05-13 12:40:00,2024,5,13,12,134,35.9,948.17,34.7
Lavale AWS,18.5422,73.7389,13-05-2024 12:45,2024-05-13 12:45:00,2024,5,13,12,134,36.0,948.12,33.8
Lavale AWS,18.5422,73.7389,13-05-2024 12:50,2024-05-13 12:50:00,2024,5,13,12,134,36.1,948.04,33.9
Lavale AWS,18.5422,73.7389,13-05-2024 12:55,2024-05-13 12:55:00,2024,5,13,12,134,36.2,948.12,33.7
Lavale AWS,18.5422,73.7389,13-05-2024 13:00,2024-05-13 13:00:00,2024,5,13,13,134,36.4,948.17,33.7
Lavale AWS,18.5422,73.7389,13-05-2024 13:05,2024-05-13 13:05:00,2024,5,13,13,134,36.2,948.09,34.2
Lavale AWS,18.5422,73.7389,13-05-2024 13:10,2024-05-13 13:10:00,2024,5,13,13,134,36.4,948.02,33.9
Lavale AWS,18.5422,73.7389,13-05-2024 13:15,2024-05-13 13:15:00,2024,5,13,13,134,36.3,948.1,32.8
Lavale AWS,18.5422,73.7389,13-05-2024 13:20,2024-05-13 13:20:00,2024,5,13,13,134,36.5,948.13,32.8
Lavale AWS,18.5422,73.7389,13-05-2024 13:25,2024-05-13 13:25:00,2024,5,13,13,134,36.6,948.2,32.8
Lavale AWS,18.5422,73.7389,13-05-2024 13:30,2024-05-13 13:30:00,2024,5,13,13,134,36.6,948.13,32.3
Lavale AWS,18.5422,73.7389,13-05-2024 13:35,2024-05-13 13:35:00,2024,5,13,13,134,36.5,947.99,32.4
Lavale AWS,18.5422,73.7389,13-05-2024 13:40,2024-05-13 13:40:00,2024,5,13,13,134,36.7,947.95,32.6
Lavale AWS,18.5422,73.7389,13-05-2024 13:45,2024-05-13 13:45:00,2024,5,13,13,134,36.9,948.03,32.1
Lavale AWS,18.5422,73.7389,13-05-2024 13:50,2024-05-13 13:50:00,2024,5,13,13,134,36.8,948.23,32.0
Lavale AWS,18.5422,73.7389,13-05-2024 13:55,2024-05-13 13:55:00,2024,5,13,13,134,36.6,948.22,32.5
Lavale AWS,18.5422,73.7389,13-05-2024 14:00,2024-05-13 14:00:00,2024,5,13,14,134,36.8,948.43,32.1
Lavale AWS,18.5422,73.7389,13-05-2024 14:05,2024-05-13 14:05:00,2024,5,13,14,134,36.5,948.52,32.1
Lavale AWS,18.5422,73.7389,13-05-2024 14:10,2024-05-13 14:10:00,2024,5,13,14,134,36.4,948.43,31.0
Lavale AWS,18.5422,73.7389,13-05-2024 14:15,2024-05-13 14:15:00,2024,5,13,14,134,36.2,948.48,30.4
Lavale AWS,18.5422,73.7389,13-05-2024 14:20,2024-05-13 14:20:00,2024,5,13,14,134,36.2,948.59,30.5
Lavale AWS,18.5422,73.7389,13-05-2024 14:25,2024-05-13 14:25:00,2024,5,13,14,134,36.0,948.43,31.1
Lavale AWS,18.5422,73.7389,13-05-2024 14:30,2024-05-13 14:30:00,2024,5,13,14,134,35.7,948.53,30.6
Lavale AWS,18.5422,73.7389,13-05-2024 14:35,2024-05-13 14:35:00,2024,5,13,14,134,35.6,948.67,30.7
Lavale AWS,18.5422,73.7389,13-05-2024 14:40,2024-05-13 14:40:00,2024,5,13,14,134,35.7,948.74,30.6
Lavale AWS,18.5422,73.7389,13-05-2024 14:45,2024-05-13 14:45:00,2024,5,13,14,134,35.6,948.78,31.1
Lavale AWS,18.5422,73.7389,13-05-2024 14:50,2024-05-13 14:50:00,2024,5,13,14,134,35.6,948.82,30.7
Lavale AWS,18.5422,73.7389,13-05-2024 14:55,2024-05-13 14:55:00,2024,5,13,14,134,35.9,948.85,31.0
Lavale AWS,18.5422,73.7389,13-05-2024 15:00,2024-05-13 15:00:00,2024,5,13,15,134,35.9,948.81,30.8
Lavale AWS,18.5422,73.7389,13-05-2024 15:05,2024-05-13 15:05:00,2024,5,13,15,134,35.9,948.81,31.1
Lavale AWS,18.5422,73.7389,13-05-2024 15:10,2024-05-13 15:10:00,2024,5,13,15,134,35.8,948.85,31.2
Lavale AWS,18.5422,73.7389,13-05-2024 15:15,2024-05-13 15:15:00,2024,5,13,15,134,36.1,948.92,31.3
Lavale AWS,18.5422,73.7389,13-05-2024 15:20,2024-05-13 15:20:00,2024,5,13,15,134,36.0,948.94,31.6
Lavale AWS,18.5422,73.7389,13-05-2024 15:25,2024-05-13 15:25:00,2024,5,13,15,134,36.0,948.94,31.8
Lavale AWS,18.5422,73.7389,13-05-2024 15:30,2024-05-13 15:30:00,2024,5,13,15,134,36.1,949.08,31.9
Lavale AWS,18.5422,73.7389,13-05-2024 15:35,2024-05-13 15:35:00,2024,5,13,15,134,36.1,949.18,31.9
Lavale AWS,18.5422,73.7389,13-05-2024 15:40,2024-05-13 15:40:00,2024,5,13,15,134,36.1,949.21,32.1
Lavale AWS,18.5422,73.7389,13-05-2024 15:45,2024-05-13 15:45:00,2024,5,13,15,134,36.0,949.32,32.4
Lavale AWS,18.5422,73.7389,13-05-2024 15:50,2024-05-13 15:50:00,2024,5,13,15,134,35.9,949.36,32.2
Lavale AWS,18.5422,73.7389,13-05-2024 15:55,2024-05-13 15:55:00,2024,5,13,15,134,35.9,949.44,32.3
Lavale AWS,18.5422,73.7389,13-05-2024 16:00,2024-05-13 16:00:00,2024,5,13,16,134,35.9,949.59,32.1
Lavale AWS,18.5422,73.7389,13-05-2024 16:05,2024-05-13 16:05:00,2024,5,13,16,134,35.8,949.61,32.4
Lavale AWS,18.5422,73.7389,13-05-2024 16:10,2024-05-13 16:10:00,2024,5,13,16,134,35.6,949.59,32.4
Lavale AWS,18.5422,73.7389,13-05-2024 16:15,2024-05-13 16:15:00,2024,5,13,16,134,35.5,949.66,33.0
Lavale AWS,18.5422,73.7389,13-05-2024 16:20,2024-05-13 16:20:00,2024,5,13,16,134,35.2,949.63,33.5
Lavale AWS,18.5422,73.7389,13-05-2024 16:25,2024-05-13 16:25:00,2024,5,13,16,134,34.9,949.68,33.4
Lavale AWS,18.5422,73.7389,13-05-2024 16:30,2024-05-13 16:30:00,2024,5,13,16,134,34.9,949.74,33.7
Lavale AWS,18.5422,73.7389,13-05-2024 16:35,2024-05-13 16:35:00,2024,5,13,16,134,35.0,949.63,34.3
Lavale AWS,18.5422,73.7389,13-05-2024 16:40,2024-05-13 16:40:00,2024,5,13,16,134,35.1,949.76,34.5
Lavale AWS,18.5422,73.7389,13-05-2024 16:45,2024-05-13 16:45:00,2024,5,13,16,134,34.7,949.83,34.5
Lavale AWS,18.5422,73.7389,13-05-2024 16:50,2024-05-13 16:50:00,2024,5,13,16,134,34.6,950.0,34.4
Lavale AWS,18.5422,73.7389,13-05-2024 16:55,2024-05-13 16:55:00,2024,5,13,16,134,34.4,950.1,35.1
Lavale AWS,18.5422,73.7389,13-05-2024 17:00,2024-05-13 17:00:00,2024,5,13,17,134,34.3,950.23,35.8
Lavale AWS,18.5422,73.7389,13-05-2024 17:05,2024-05-13 17:05:00,2024,5,13,17,134,34.2,950.4,36.1
Lavale AWS,18.5422,73.7389,13-05-2024 17:10,2024-05-13 17:10:00,2024,5,13,17,134,34.2,950.45,36.7
Lavale AWS,18.5422,73.7389,13-05-2024 17:15,2024-05-13 17:15:00,2024,5,13,17,134,34.2,950.52,35.9
Lavale AWS,18.5422,73.7389,13-05-2024 17:20,2024-05-13 17:20:00,2024,5,13,17,134,33.8,950.45,36.8
Lavale AWS,18.5422,73.7389,13-05-2024 17:25,2024-05-13 17:25:00,2024,5,13,17,134,33.6,950.62,37.1
Lavale AWS,18.5422,73.7389,13-05-2024 17:30,2024-05-13 17:30:00,2024,5,13,17,134,33.6,950.67,37.5
Lavale AWS,18.5422,73.7389,13-05-2024 17:35,2024-05-13 17:35:00,2024,5,13,17,134,33.5,950.64,37.8
Lavale AWS,18.5422,73.7389,13-05-2024 17:40,2024-05-13 17:40:00,2024,5,13,17,134,33.2,950.76,38.7
Lavale AWS,18.5422,73.7389,13-05-2024 17:45,2024-05-13 17:45:00,2024,5,13,17,134,32.9,950.64,38.7
Lavale AWS,18.5422,73.7389,13-05-2024 17:50,2024-05-13 17:50:00,2024,5,13,17,134,32.9,950.67,39.7
Lavale AWS,18.5422,73.7389,13-05-2024 17:55,2024-05-13 17:55:00,2024,5,13,17,134,32.6,950.8,40.2
Lavale AWS,18.5422,73.7389,13-05-2024 18:00,2024-05-13 18:00:00,2024,5,13,18,134,32.3,950.81,40.8
Lavale AWS,18.5422,73.7389,13-05-2024 18:05,2024-05-13 18:05:00,2024,5,13,18,134,32.2,950.81,41.1
Lavale AWS,18.5422,73.7389,13-05-2024 18:10,2024-05-13 18:10:00,2024,5,13,18,134,32.1,950.82,40.9
Lavale AWS,18.5422,73.7389,13-05-2024 18:15,2024-05-13 18:15:00,2024,5,13,18,134,31.9,950.71,41.7
Lavale AWS,18.5422,73.7389,13-05-2024 18:20,2024-05-13 18:20:00,2024,5,13,18,134,31.8,950.82,42.2
Lavale AWS,18.5422,73.7389,13-05-2024 18:25,2024-05-13 18:25:00,2024,5,13,18,134,31.7,950.85,43.2
Lavale AWS,18.5422,73.7389,13-05-2024 18:30,2024-05-13 18:30:00,2024,5,13,18,134,31.5,950.88,43.5
Lavale AWS,18.5422,73.7389,13-05-2024 18:35,2024-05-13 18:35:00,2024,5,13,18,134,31.5,950.9,43.7
Lavale AWS,18.5422,73.7389,13-05-2024 18:40,2024-05-13 18:40:00,2024,5,13,18,134,31.4,950.93,44.6
Lavale AWS,18.5422,73.7389,13-05-2024 18:45,2024-05-13 18:45:00,2024,5,13,18,134,31.3,951.02,45.8
Lavale AWS,18.5422,73.7389,13-05-2024 18:50,2024-05-13 18:50:00,2024,5,13,18,134,31.4,951.05,46.1
Lavale AWS,18.5422,73.7389,13-05-2024 18:55,2024-05-13 18:55:00,2024,5,13,18,134,31.4,950.96,46.2
Lavale AWS,18.5422,73.7389,13-05-2024 19:00,2024-05-13 19:00:00,2024,5,13,19,134,31.6,951.04,46.9
Lavale AWS,18.5422,73.7389,13-05-2024 19:05,2024-05-13 19:05:00,2024,5,13,19,134,31.6,951.1,47.1
Lavale AWS,18.5422,73.7389,13-05-2024 19:10,2024-05-13 19:10:00,2024,5,13,19,134,31.5,951.13,47.8
Lavale AWS,18.5422,73.7389,13-05-2024 19:15,2024-05-13 19:15:00,2024,5,13,19,134,31.3,951.23,48.0
Lavale AWS,18.5422,73.7389,13-05-2024 19:20,2024-05-13 19:20:00,2024,5,13,19,134,31.1,951.24,49.0
Lavale AWS,18.5422,73.7389,13-05-2024 19:25,2024-05-13 19:25:00,2024,5,13,19,134,30.9,951.33,49.1
Lavale AWS,18.5422,73.7389,13-05-2024 19:30,2024-05-13 19:30:00,2024,5,13,19,134,30.8,951.44,49.7
Lavale AWS,18.5422,73.7389,13-05-2024 19:35,2024-05-13 19:35:00,2024,5,13,19,134,30.8,951.48,49.9
Lavale AWS,18.5422,73.7389,13-05-2024 19:40,2024-05-13 19:40:00,2024,5,13,19,134,30.5,951.4,50.2
Lavale AWS,18.5422,73.7389,13-05-2024 19:45,2024-05-13 19:45:00,2024,5,13,19,134,30.4,951.37,50.4
Lavale AWS,18.5422,73.7389,13-05-2024 19:50,2024-05-13 19:50:00,2024,5,13,19,134,30.2,951.46,51.1
Lavale AWS,18.5422,73.7389,13-05-2024 19:55,2024-05-13 19:55:00,2024,5,13,19,134,30.1,951.31,51.9
Lavale AWS,18.5422,73.7389,13-05-2024 20:00,2024-05-13 20:00:00,2024,5,13,20,134,29.9,951.26,52.5
Lavale AWS,18.5422,73.7389,13-05-2024 20:05,2024-05-13 20:05:00,2024,5,13,20,134,29.7,951.21,52.9
Lavale AWS,18.5422,73.7389,13-05-2024 20:10,2024-05-13 20:10:00,2024,5,13,20,134,29.5,951.12,53.3
Lavale AWS,18.5422,73.7389,13-05-2024 20:15,2024-05-13 20:15:00,2024,5,13,20,134,29.4,951.16,54.1
Lavale AWS,18.5422,73.7389,13-05-2024 20:20,2024-05-13 20:20:00,2024,5,13,20,134,29.3,951.16,54.8
Lavale AWS,18.5422,73.7389,13-05-2024 20:25,2024-05-13 20:25:00,2024,5,13,20,134,29.1,951.08,54.1
Lavale AWS,18.5422,73.7389,13-05-2024 20:30,2024-05-13 20:30:00,2024,5,13,20,134,29.0,951.09,54.5
Lavale AWS,18.5422,73.7389,13-05-2024 20:35,2024-05-13 20:35:00,2024,5,13,20,134,28.9,951.04,54.8
Lavale AWS,18.5422,73.7389,13-05-2024 20:40,2024-05-13 20:40:00,2024,5,13,20,134,28.9,950.93,55.5
Lavale AWS,18.5422,73.7389,13-05-2024 20:45,2024-05-13 20:45:00,2024,5,13,20,134,28.6,950.84,55.9
Lavale AWS,18.5422,73.7389,13-05-2024 20:50,2024-05-13 20:50:00,2024,5,13,20,134,28.5,950.84,56.6
Lavale AWS,18.5422,73.7389,13-05-2024 20:55,2024-05-13 20:55:00,2024,5,13,20,134,28.2,950.88,56.6
Lavale AWS,18.5422,73.7389,13-05-2024 21:00,2024-05-13 21:00:00,2024,5,13,21,134,28.0,950.79,57.2
Lavale AWS,18.5422,73.7389,13-05-2024 21:05,2024-05-13 21:05:00,2024,5,13,21,134,27.6,950.79,58.0
Lavale AWS,18.5422,73.7389,13-05-2024 21:10,2024-05-13 21:10:00,2024,5,13,21,134,27.6,950.87,57.8
Lavale AWS,18.5422,73.7389,13-05-2024 21:15,2024-05-13 21:15:00,2024,5,13,21,134,27.7,950.72,59.3
Lavale AWS,18.5422,73.7389,13-05-2024 21:20,2024-05-13 21:20:00,2024,5,13,21,134,27.7,950.7,60.1
Lavale AWS,18.5422,73.7389,13-05-2024 21:25,2024-05-13 21:25:00,2024,5,13,21,134,27.5,950.71,60.5
Lavale AWS,18.5422,73.7389,13-05-2024 21:30,2024-05-13 21:30:00,2024,5,13,21,134,27.3,950.65,60.5
Lavale AWS,18.5422,73.7389,13-05-2024 21:35,2024-05-13 21:35:00,2024,5,13,21,134,27.1,950.69,60.9
Lavale AWS,18.5422,73.7389,13-05-2024 21:40,2024-05-13 21:40:00,2024,5,13,21,134,27.2,950.8,61.3
Lavale AWS,18.5422,73.7389,13-05-2024 21:45,2024-05-13 21:45:00,2024,5,13,21,134,27.3,950.76,61.9
Lavale AWS,18.5422,73.7389,13-05-2024 21:50,2024-05-13 21:50:00,2024,5,13,21,134,27.2,950.68,62.9
Lavale AWS,18.5422,73.7389,13-05-2024 21:55,2024-05-13 21:55:00,2024,5,13,21,134,26.9,950.69,63.0
Lavale AWS,18.5422,73.7389,13-05-2024 22:00,2024-05-13 22:00:00,2024,5,13,22,134,27.0,950.68,63.6
Lavale AWS,18.5422,73.7389,13-05-2024 22:05,2024-05-13 22:05:00,2024,5,13,22,134,26.8,950.41,63.4
Lavale AWS,18.5422,73.7389,13-05-2024 22:10,2024-05-13 22:10:00,2024,5,13,22,134,26.7,950.35,63.7
Lavale AWS,18.5422,73.7389,13-05-2024 22:15,2024-05-13 22:15:00,2024,5,13,22,134,26.8,950.25,64.2
Lavale AWS,18.5422,73.7389,13-05-2024 22:20,2024-05-13 22:20:00,2024,5,13,22,134,26.5,950.22,64.8
Lavale AWS,18.5422,73.7389,13-05-2024 22:25,2024-05-13 22:25:00,2024,5,13,22,134,26.5,950.15,64.9
Lavale AWS,18.5422,73.7389,13-05-2024 22:30,2024-05-13 22:30:00,2024,5,13,22,134,26.4,950.08,65.1
Lavale AWS,18.5422,73.7389,13-05-2024 22:35,2024-05-13 22:35:00,2024,5,13,22,134,26.3,949.95,66.1
Lavale AWS,18.5422,73.7389,13-05-2024 22:40,2024-05-13 22:40:00,2024,5,13,22,134,26.0,949.96,66.9
Lavale AWS,18.5422,73.7389,13-05-2024 22:45,2024-05-13 22:45:00,2024,5,13,22,134,25.8,950.03,67.3
Lavale AWS,18.5422,73.7389,13-05-2024 22:50,2024-05-13 22:50:00,2024,5,13,22,134,25.7,949.9,66.7
Lavale AWS,18.5422,73.7389,13-05-2024 22:55,2024-05-13 22:55:00,2024,5,13,22,134,25.4,949.74,68.0
Lavale AWS,18.5422,73.7389,13-05-2024 23:00,2024-05-13 23:00:00,2024,5,13,23,134,25.3,949.69,68.3
Lavale AWS,18.5422,73.7389,13-05-2024 23:05,2024-05-13 23:05:00,2024,5,13,23,134,25.3,949.64,68.5
Lavale AWS,18.5422,73.7389,13-05-2024 23:10,2024-05-13 23:10:00,2024,5,13,23,134,25.3,949.69,68.6
Lavale AWS,18.5422,73.7389,13-05-2024 23:15,2024-05-13 23:15:00,2024,5,13,23,134,25.0,949.54,69.0
Lavale AWS,18.5422,73.7389,13-05-2024 23:20,2024-05-13 23:20:00,2024,5,13,23,134,25.1,949.46,69.5
Lavale AWS,18.5422,73.7389,13-05-2024 23:25,2024-05-13 23:25:00,2024,5,13,23,134,25.2,949.25,70.1
Lavale AWS,18.5422,73.7389,13-05-2024 23:30,2024-05-13 23:30:00,2024,5,13,23,134,25.2,949.33,70.0
Lavale AWS,18.5422,73.7389,13-05-2024 23:35,2024-05-13 23:35:00,2024,5,13,23,134,24.9,949.31,70.2
Lavale AWS,18.5422,73.7389,13-05-2024 23:40,2024-05-13 23:40:00,2024,5,13,23,134,24.7,949.24,71.3
Lavale AWS,18.5422,73.7389,13-05-2024 23:45,2024-05-13 23:45:00,2024,5,13,23,134,24.6,949.11,71.6
Lavale AWS,18.5422,73.7389,13-05-2024 23:50,2024-05-13 23:50:00,2024,5,13,23,134,24.6,948.99,71.7
Lavale AWS,18.5422,73.7389,13-05-2024 23:55,2024-05-13 23:55:00,2024,5,13,23,134,24.5,949.01,71.6
Lavale AWS,18.5422,73.7389,14-05-2024 00:00,2024-05-14 00:00:00,2024,5,14,0,135,24.4,948.91,72.0
Lavale AWS,18.5422,73.7389,14-05-2024 00:05,2024-05-14 00:05:00,2024,5,14,0,135,24.3,948.91,72.6
Lavale AWS,18.5422,73.7389,14-05-2024 00:10,2024-05-14 00:10:00,2024,5,14,0,135,24.3,949.06,73.2
Lavale AWS,18.5422,73.7389,14-05-2024 00:15,2024-05-14 00:15:00,2024,5,14,0,135,24.1,949.02,73.2
Lavale AWS,18.5422,73.7389,14-05-2024 00:20,2024-05-14 00:20:00,2024,5,14,0,135,24.0,948.94,73.5
Lavale AWS,18.5422,73.7389,14-05-2024 00:25,2024-05-14 00:25:00,2024,5,14,0,135,23.8,948.97,74.4
Lavale AWS,18.5422,73.7389,14-05-2024 00:30,2024-05-14 00:30:00,2024,5,14,0,135,24.0,948.87,74.9
Lavale AWS,18.5422,73.7389,14-05-2024 00:35,2024-05-14 00:35:00,2024,5,14,0,135,24.2,949.01,74.7
Lavale AWS,18.5422,73.7389,14-05-2024 00:40,2024-05-14 00:40:00,2024,5,14,0,135,24.2,949.12,73.8
Lavale AWS,18.5422,73.7389,14-05-2024 00:45,2024-05-14 00:45:00,2024,5,14,0,135,24.3,949.11,74.1
Lavale AWS,18.5422,73.7389,14-05-2024 00:50,2024-05-14 00:50:00,2024,5,14,0,135,24.3,949.04,74.5
Lavale AWS,18.5422,73.7389,14-05-2024 00:55,2024-05-14 00:55:00,2024,5,14,0,135,24.2,949.02,74.2
Lavale AWS,18.5422,73.7389,14-05-2024 01:00,2024-05-14 01:00:00,2024,5,14,1,135,23.9,949.01,74.3
Lavale AWS,18.5422,73.7389,14-05-2024 01:05,2024-05-14 01:05:00,2024,5,14,1,135,23.8,949.06,74.4
Lavale AWS,18.5422,73.7389,14-05-2024 01:10,2024-05-14 01:10:00,2024,5,14,1,135,23.7,949.16,74.5
Lavale AWS,18.5422,73.7389,14-05-2024 01:15,2024-05-14 01:15:00,2024,5,14,1,135,23.5,949.09,74.4
Lavale AWS,18.5422,73.7389,14-05-2024 01:20,2024-05-14 01:20:00,2024,5,14,1,135,23.2,949.2,75.0
Lavale AWS,18.5422,73.7389,14-05-2024 01:25,2024-05-14 01:25:00,2024,5,14,1,135,23.2,949.27,75.2
Lavale AWS,18.5422,73.7389,14-05-2024 01:30,2024-05-14 01:30:00,2024,5,14,1,135,23.2,949.26,74.9
Lavale AWS,18.5422,73.7389,14-05-2024 01:35,2024-05-14 01:35:00,2024,5,14,1,135,23.0,949.2,75.3
Lavale AWS,18.5422,73.7389,14-05-2024 01:40,2024-05-14 01:40:00,2024,5,14,1,135,22.9,949.24,74.9
Lavale AWS,18.5422,73.7389,14-05-2024 01:45,2024-05-14 01:45:00,2024,5,14,1,135,23.1,949.19,75.5
Lavale AWS,18.5422,73.7389,14-05-2024 01:50,2024-05-14 01:50:00,2024,5,14,1,135,22.9,949.32,75.9
Lavale AWS,18.5422,73.7389,14-05-2024 01:55,2024-05-14 01:55:00,2024,5,14,1,135,22.9,949.27,76.5
Lavale AWS,18.5422,73.7389,14-05-2024 02:00,2024-05-14 02:00:00,2024,5,14,2,135,22.9,949.36,76.4
Lavale AWS,18.5422,73.7389,14-05-2024 02:05,2024-05-14 02:05:00,2024,5,14,2,135,23.0,949.41,76.1
Lavale AWS,18.5422,73.7389,14-05-2024 02:10,2024-05-14 02:10:00,2024,5,14,2,135,22.8,949.41,76.1
Lavale AWS,18.5422,73.7389,14-05-2024 02:15,2024-05-14 02:15:00,2024,5,14,2,135,22.8,949.46,76.1
Lavale AWS,18.5422,73.7389,14-05-2024 02:20,2024-05-14 02:20:00,2024,5,14,2,135,22.9,949.6,75.8
Lavale AWS,18.5422,73.7389,14-05-2024 02:25,2024-05-14 02:25:00,2024,5,14,2,135,22.9,949.56,75.5
Lavale AWS,18.5422,73.7389,14-05-2024 02:30,2024-05-14 02:30:00,2024,5,14,2,135,22.9,949.59,75.3
Lavale AWS,18.5422,73.7389,14-05-2024 02:35,2024-05-14 02:35:00,2024,5,14,2,135,23.0,949.6,74.8
Lavale AWS,18.5422,73.7389,14-05-2024 02:40,2024-05-14 02:40:00,2024,5,14,2,135,23.3,949.66,75.1
Lavale AWS,18.5422,73.7389,14-05-2024 02:45,2024-05-14 02:45:00,2024,5,14,2,135,23.7,949.68,75.0
Lavale AWS,18.5422,73.7389,14-05-2024 02:50,2024-05-14 02:50:00,2024,5,14,2,135,23.6,949.61,74.8
Lavale AWS,18.5422,73.7389,14-05-2024 02:55,2024-05-14 02:55:00,2024,5,14,2,135,23.3,949.61,74.3
Lavale AWS,18.5422,73.7389,14-05-2024 03:00,2024-05-14 03:00:00,2024,5,14,3,135,23.4,949.82,73.8
Lavale AWS,18.5422,73.7389,14-05-2024 03:05,2024-05-14 03:05:00,2024,5,14,3,135,23.4,949.93,74.5
Lavale AWS,18.5422,73.7389,14-05-2024 03:10,2024-05-14 03:10:00,2024,5,14,3,135,23.6,950.02,74.2
Lavale AWS,18.5422,73.7389,14-05-2024 03:15,2024-05-14 03:15:00,2024,5,14,3,135,23.7,950.08,74.4
Lavale AWS,18.5422,73.7389,14-05-2024 03:20,2024-05-14 03:20:00,2024,5,14,3,135,23.7,950.16,74.3
Lavale AWS,18.5422,73.7389,14-05-2024 03:25,2024-05-14 03:25:00,2024,5,14,3,135,23.9,950.21,73.1
Lavale AWS,18.5422,73.7389,14-05-2024 03:30,2024-05-14 03:30:00,2024,5,14,3,135,24.1,950.33,73.7
Lavale AWS,18.5422,73.7389,14-05-2024 03:35,2024-05-14 03:35:00,2024,5,14,3,135,23.9,950.43,73.9
Lavale AWS,18.5422,73.7389,14-05-2024 03:40,2024-05-14 03:40:00,2024,5,14,3,135,23.8,950.42,73.4
Lavale AWS,18.5422,73.7389,14-05-2024 03:45,2024-05-14 03:45:00,2024,5,14,3,135,23.8,950.52,73.2
Lavale AWS,18.5422,73.7389,14-05-2024 03:50,2024-05-14 03:50:00,2024,5,14,3,135,23.9,950.41,72.6
Lavale AWS,18.5422,73.7389,14-05-2024 03:55,2024-05-14 03:55:00,2024,5,14,3,135,23.9,950.54,73.2
Lavale AWS,18.5422,73.7389,14-05-2024 04:00,2024-05-14 04:00:00,2024,5,14,4,135,24.0,950.52,72.6
Lavale AWS,18.5422,73.7389,14-05-2024 04:05,2024-05-14 04:05:00,2024,5,14,4,135,24.2,950.61,72.3
Lavale AWS,18.5422,73.7389,14-05-2024 04:10,2024-05-14 04:10:00,2024,5,14,4,135,24.5,950.61,71.8
Lavale AWS,18.5422,73.7389,14-05-2024 04:15,2024-05-14 04:15:00,2024,5,14,4,135,24.6,950.71,71.6
Lavale AWS,18.5422,73.7389,14-05-2024 04:20,2024-05-14 04:20:00,2024,5,14,4,135,24.5,950.85,72.0
Lavale AWS,18.5422,73.7389,14-05-2024 04:25,2024-05-14 04:25:00,2024,5,14,4,135,24.6,951.06,72.5
Lavale AWS,18.5422,73.7389,14-05-2024 04:30,2024-05-14 04:30:00,2024,5,14,4,135,24.6,951.03,72.0
Lavale AWS,18.5422,73.7389,14-05-2024 04:35,2024-05-14 04:35:00,2024,5,14,4,135,24.8,951.2,71.9
Lavale AWS,18.5422,73.7389,14-05-2024 04:40,2024-05-14 04:40:00,2024,5,14,4,135,24.9,951.29,71.6
Lavale AWS,18.5422,73.7389,14-05-2024 04:45,2024-05-14 04:45:00,2024,5,14,4,135,25.2,951.34,70.9
Lavale AWS,18.5422,73.7389,14-05-2024 04:50,2024-05-14 04:50:00,2024,5,14,4,135,25.2,951.49,71.6
Lavale AWS,18.5422,73.7389,14-05-2024 04:55,2024-05-14 04:55:00,2024,5,14,4,135,25.4,951.55,71.8
Lavale AWS,18.5422,73.7389,14-05-2024 05:00,2024-05-14 05:00:00,2024,5,14,5,135,25.8,951.68,71.5
Lavale AWS,18.5422,73.7389,14-05-2024 05:05,2024-05-14 05:05:00,2024,5,14,5,135,25.7,951.68,71.7
Lavale AWS,18.5422,73.7389,14-05-2024 05:10,2024-05-14 05:10:00,2024,5,14,5,135,25.8,951.7,71.8
Lavale AWS,18.5422,73.7389,14-05-2024 05:15,2024-05-14 05:15:00,2024,5,14,5,135,25.7,951.85,71.4
Lavale AWS,18.5422,73.7389,14-05-2024 05:20,2024-05-14 05:20:00,2024,5,14,5,135,25.8,952.04,71.1
Lavale AWS,18.5422,73.7389,14-05-2024 05:25,2024-05-14 05:25:00,2024,5,14,5,135,25.8,952.1,71.2
Lavale AWS,18.5422,73.7389,14-05-2024 05:30,2024-05-14 05:30:00,2024,5,14,5,135,26.0,951.94,70.3
Lavale AWS,18.5422,73.7389,14-05-2024 05:35,2024-05-14 05:35:00,2024,5,14,5,135,26.1,952.0,70.5
Lavale AWS,18.5422,73.7389,14-05-2024 05:40,2024-05-14 05:40:00,2024,5,14,5,135,26.1,952.06,69.9
Lavale AWS,18.5422,73.7389,14-05-2024 05:45,2024-05-14 05:45:00,2024,5,14,5,135,26.3,952.11,70.0
Lavale AWS,18.5422,73.7389,14-05-2024 05:50,2024-05-14 05:50:00,2024,5,14,5,135,26.4,952.2,69.5
Lavale AWS,18.5422,73.7389,14-05-2024 05:55,2024-05-14 05:55:00,2024,5,14,5,135,26.7,952.22,69.1
Lavale AWS,18.5422,73.7389,14-05-2024 06:00,2024-05-14 06:00:00,2024,5,14,6,135,26.6,952.34,68.5
Lavale AWS,18.5422,73.7389,14-05-2024 06:05,2024-05-14 06:05:00,2024,5,14,6,135,26.7,952.3,67.8
Lavale AWS,18.5422,73.7389,14-05-2024 06:10,2024-05-14 06:10:00,2024,5,14,6,135,27.0,952.45,67.1
Lavale AWS,18.5422,73.7389,14-05-2024 06:15,2024-05-14 06:15:00,2024,5,14,6,135,27.0,952.62,67.1
Lavale AWS,18.5422,73.7389,14-05-2024 06:20,2024-05-14 06:20:00,2024,5,14,6,135,26.9,952.58,65.7
Lavale AWS,18.5422,73.7389,14-05-2024 06:25,2024-05-14 06:25:00,2024,5,14,6,135,27.0,952.54,64.7
Lavale AWS,18.5422,73.7389,14-05-2024 06:30,2024-05-14 06:30:00,2024,5,14,6,135,27.4,952.61,63.9
Lavale AWS,18.5422,73.7389,14-05-2024 06:35,2024-05-14 06:35:00,2024,5,14,6,135,27.6,952.55,63.0
Lavale AWS,18.5422,73.7389,14-05-2024 06:40,2024-05-14 06:40:00,2024,5,14,6,135,27.7,952.54,63.1
Lavale AWS,18.5422,73.7389,14-05-2024 06:45,2024-05-14 06:45:00,2024,5,14,6,135,27.6,952.66,63.2
Lavale AWS,18.5422,73.7389,14-05-2024 06:50,2024-05-14 06:50:00,2024,5,14,6,135,27.7,952.74,62.9
Lavale AWS,18.5422,73.7389,14-05-2024 06:55,2024-05-14 06:55:00,2024,5,14,6,135,27.8,952.92,62.1
Lavale AWS,18.5422,73.7389,14-05-2024 07:00,2024-05-14 07:00:00,2024,5,14,7,135,28.0,952.94,62.1
Lavale AWS,18.5422,73.7389,14-05-2024 07:05,2024-05-14 07:05:00,2024,5,14,7,135,28.1,952.9,60.9
Lavale AWS,18.5422,73.7389,14-05-2024 07:10,2024-05-14 07:10:00,2024,5,14,7,135,28.1,952.91,61.3
Lavale AWS,18.5422,73.7389,14-05-2024 07:15,2024-05-14 07:15:00,2024,5,14,7,135,28.4,952.9,60.5
Lavale AWS,18.5422,73.7389,14-05-2024 07:20,2024-05-14 07:20:00,2024,5,14,7,135,28.6,952.89,59.8
Lavale AWS,18.5422,73.7389,14-05-2024 07:25,2024-05-14 07:25:00,2024,5,14,7,135,28.8,952.89,59.1
Lavale AWS,18.5422,73.7389,14-05-2024 07:30,2024-05-14 07:30:00,2024,5,14,7,135,28.7,952.81,58.2
Lavale AWS,18.5422,73.7389,14-05-2024 07:35,2024-05-14 07:35:00,2024,5,14,7,135,28.5,952.82,58.4
Lavale AWS,18.5422,73.7389,14-05-2024 07:40,2024-05-14 07:40:00,2024,5,14,7,135,28.4,952.7,58.2
Lavale AWS,18.5422,73.7389,14-05-2024 07:45,2024-05-14 07:45:00,2024,5,14,7,135,28.6,952.64,58.1
Lavale AWS,18.5422,73.7389,14-05-2024 07:50,2024-05-14 07:50:00,2024,5,14,7,135,28.8,952.62,57.0
Lavale AWS,18.5422,73.7389,14-05-2024 07:55,2024-05-14 07:55:00,2024,5,14,7,135,28.7,952.43,56.6
Lavale AWS,18.5422,73.7389,14-05-2024 08:00,2024-05-14 08:00:00,2024,5,14,8,135,29.1,952.48,56.2
Lavale AWS,18.5422,73.7389,14-05-2024 08:05,2024-05-14 08:05:00,2024,5,14,8,135,29.3,952.31,55.7
Lavale AWS,18.5422,73.7389,14-05-2024 08:10,2024-05-14 08:10:00,2024,5,14,8,135,29.7,952.35,54.7
Lavale AWS,18.5422,73.7389,14-05-2024 08:15,2024-05-14 08:15:00,2024,5,14,8,135,29.8,952.23,54.6
Lavale AWS,18.5422,73.7389,14-05-2024 08:20,2024-05-14 08:20:00,2024,5,14,8,135,30.0,952.19,54.1
Lavale AWS,18.5422,73.7389,14-05-2024 08:25,2024-05-14 08:25:00,2024,5,14,8,135,30.2,952.22,53.1
Lavale AWS,18.5422,73.7389,14-05-2024 08:30,2024-05-14 08:30:00,2024,5,14,8,135,30.5,952.38,51.9
Lavale AWS,18.5422,73.7389,14-05-2024 08:35,2024-05-14 08:35:00,2024,5,14,8,135,30.6,952.36,51.6
Lavale AWS,18.5422,73.7389,14-05-2024 08:40,2024-05-14 08:40:00,2024,5,14,8,135,30.9,952.17,52.1
Lavale AWS,18.5422,73.7389,14-05-2024 08:45,2024-05-14 08:45:00,2024,5,14,8,135,31.2,952.22,51.1
Lavale AWS,18.5422,73.7389,14-05-2024 08:50,2024-05-14 08:50:00,2024,5,14,8,135,31.3,952.16,50.6
Lavale AWS,18.5422,73.7389,14-05-2024 08:55,2024-05-14 08:55:00,2024,5,14,8,135,31.5,952.14,50.5
Lavale AWS,18.5422,73.7389,14-05-2024 09:00,2024-05-14 09:00:00,2024,5,14,9,135,31.3,952.15,49.5
Lavale AWS,18.5422,73.7389,14-05-2024 09:05,2024-05-14 09:05:00,2024,5,14,9,135,31.6,951.93,48.7
Lavale AWS,18.5422,73.7389,14-05-2024 09:10,2024-05-14 09:10:00,2024,5,14,9,135,32.1,951.89,47.9
Lavale AWS,18.5422,73.7389,14-05-2024 09:15,2024-05-14 09:15:00,2024,5,14,9,135,32.0,951.82,47.8
Lavale AWS,18.5422,73.7389,14-05-2024 09:20,2024-05-14 09:20:00,2024,5,14,9,135,32.2,951.89,47.8
Lavale AWS,18.5422,73.7389,14-05-2024 09:25,2024-05-14 09:25:00,2024,5,14,9,135,32.5,951.9,47.3
Lavale AWS,18.5422,73.7389,14-05-2024 09:30,2024-05-14 09:30:00,2024,5,14,9,135,32.6,951.73,46.5
Lavale AWS,18.5422,73.7389,14-05-2024 09:35,2024-05-14 09:35:00,2024,5,14,9,135,32.8,951.79,45.8
Lavale AWS,18.5422,73.7389,14-05-2024 09:40,2024-05-14 09:40:00,2024,5,14,9,135,32.9,951.77,45.0
Lavale AWS,18.5422,73.7389,14-05-2024 09:45,2024-05-14 09:45:00,2024,5,14,9,135,33.0,951.6,44.2
Lavale AWS,18.5422,73.7389,14-05-2024 09:50,2024-05-14 09:50:00,2024,5,14,9,135,33.1,951.56,43.7
Lavale AWS,18.5422,73.7389,14-05-2024 09:55,2024-05-14 09:55:00,2024,5,14,9,135,17.19120686612215,951.6,43.4
Lavale AWS,18.5422,73.7389,14-05-2024 10:00,2024-05-14 10:00:00,2024,5,14,10,135,33.3,951.45,43.2
Lavale AWS,18.5422,73.7389,14-05-2024 10:05,2024-05-14 10:05:00,2024,5,14,10,135,33.4,951.52,42.7
Lavale AWS,18.5422,73.7389,14-05-2024 10:10,2024-05-14 10:10:00,2024,5,14,10,135,33.8,951.34,42.3
Lavale AWS,18.5422,73.7389,14-05-2024 10:15,2024-05-14 10:15:00,2024,5,14,10,135,33.9,951.23,41.8
Lavale AWS,18.5422,73.7389,14-05-2024 10:20,2024-05-14 10:20:00,2024,5,14,10,135,33.8,951.12,40.8
Lavale AWS,18.5422,73.7389,14-05-2024 10:25,2024-05-14 10:25:00,2024,5,14,10,135,34.0,951.18,40.4
Lavale AWS,18.5422,73.7389,14-05-2024 10:30,2024-05-14 10:30:00,2024,5,14,10,135,34.0,951.1,39.8
Lavale AWS,18.5422,73.7389,14-05-2024 10:35,2024-05-14 10:35:00,2024,5,14,10,135,34.0,950.96,38.8
Lavale AWS,18.5422,73.7389,14-05-2024 10:40,2024-05-14 10:40:00,2024,5,14,10,135,34.2,950.96,38.6
Lavale AWS,18.5422,73.7389,14-05-2024 10:45,2024-05-14 10:45:00,2024,5,14,10,135,34.2,950.97,38.0
Lavale AWS,18.5422,73.7389,14-05-2024 10:50,2024-05-14 10:50:00,2024,5,14,10,135,34.3,950.98,37.7
Lavale AWS,18.5422,73.7389,14-05-2024 10:55,2024-05-14 10:55:00,2024,5,14,10,135,34.5,950.92,37.7
Lavale AWS,18.5422,73.7389,14-05-2024 11:00,2024-05-14 11:00:00,2024,5,14,11,135,34.4,950.9,36.9
Lavale AWS,18.5422,73.7389,14-05-2024 11:05,2024-05-14 11:05:00,2024,5,14,11,135,34.3,950.81,36.6
Lavale AWS,18.5422,73.7389,14-05-2024 11:10,2024-05-14 11:10:00,2024,5,14,11,135,34.6,950.9,35.6
Lavale AWS,18.5422,73.7389,14-05-2024 11:15,2024-05-14 11:15:00,2024,5,14,11,135,34.5,950.95,35.9
Lavale AWS,18.5422,73.7389,14-05-2024 11:20,2024-05-14 11:20:00,2024,5,14,11,135,34.5,951.0,35.0
Lavale AWS,18.5422,73.7389,14-05-2024 11:25,2024-05-14 11:25:00,2024,5,14,11,135,34.4,951.01,34.5
Lavale AWS,18.5422,73.7389,14-05-2024 11:30,2024-05-14 11:30:00,2024,5,14,11,135,34.5,951.01,34.7
Lavale AWS,18.5422,73.7389,14-05-2024 11:35,2024-05-14 11:35:00,2024,5,14,11,135,34.8,950.86,34.3
Lavale AWS,18.5422,73.7389,14-05-2024 11:40,2024-05-14 11:40:00,2024,5,14,11,135,35.0,950.88,33.5
Lavale AWS,18.5422,73.7389,14-05-2024 11:45,2024-05-14 11:45:00,2024,5,14,11,135,35.5,950.85,33.5
Lavale AWS,18.5422,73.7389,14-05-2024 11:50,2024-05-14 11:50:00,2024,5,14,11,135,35.8,950.91,33.5
Lavale AWS,18.5422,73.7389,14-05-2024 11:55,2024-05-14 11:55:00,2024,5,14,11,135,35.8,950.94,33.0
Lavale AWS,18.5422,73.7389,14-05-2024 12:00,2024-05-14 12:00:00,2024,5,14,12,135,35.7,950.94,32.5
Lavale AWS,18.5422,73.7389,14-05-2024 12:05,2024-05-14 12:05:00,2024,5,14,12,135,36.3,950.77,32.1
Lavale AWS,18.5422,73.7389,14-05-2024 12:10,2024-05-14 12:10:00,2024,5,14,12,135,36.6,950.74,31.8
Lavale AWS,18.5422,73.7389,14-05-2024 12:15,2024-05-14 12:15:00,2024,5,14,12,135,36.8,950.67,30.8
Lavale AWS,18.5422,73.7389,14-05-2024 12:20,2024-05-14 12:20:00,2024,5,14,12,135,36.9,950.66,30.5
Lavale AWS,18.5422,73.7389,14-05-2024 12:25,2024-05-14 12:25:00,2024,5,14,12,135,37.0,950.61,31.0
Lavale AWS,18.5422,73.7389,14-05-2024 12:30,2024-05-14 12:30:00,2024,5,14,12,135,36.9,950.58,30.5
Lavale AWS,18.5422,73.7389,14-05-2024 12:35,2024-05-14 12:35:00,2024,5,14,12,135,37.0,950.6,30.1
Lavale AWS,18.5422,73.7389,14-05-2024 12:40,2024-05-14 12:40:00,2024,5,14,12,135,37.1,950.56,29.4
Lavale AWS,18.5422,73.7389,14-05-2024 12:45,2024-05-14 12:45:00,2024,5,14,12,135,37.0,950.56,29.5
Lavale AWS,18.5422,73.7389,14-05-2024 12:50,2024-05-14 12:50:00,2024,5,14,12,135,37.1,950.44,29.9
Lavale AWS,18.5422,73.7389,14-05-2024 12:55,2024-05-14 12:55:00,2024,5,14,12,135,37.4,950.38,30.2
Lavale AWS,18.5422,73.7389,14-05-2024 13:00,2024-05-14 13:00:00,2024,5,14,13,135,37.4,950.44,29.5
Lavale AWS,18.5422,73.7389,14-05-2024 13:05,2024-05-14 13:05:00,2024,5,14,13,135,37.8,950.35,29.5
Lavale AWS,18.5422,73.7389,14-05-2024 13:10,2024-05-14 13:10:00,2024,5,14,13,135,37.6,950.47,30.0
Lavale AWS,18.5422,73.7389,14-05-2024 13:15,2024-05-14 13:15:00,2024,5,14,13,135,37.6,950.57,30.0
Lavale AWS,18.5422,73.7389,14-05-2024 13:20,2024-05-14 13:20:00,2024,5,14,13,135,37.4,950.56,30.0
Lavale AWS,18.5422,73.7389,14-05-2024 13:25,2024-05-14 13:25:00,2024,5,14,13,135,37.3,950.82,29.6
Lavale AWS,18.5422,73.7389,14-05-2024 13:30,2024-05-14 13:30:00,2024,5,14,13,135,37.3,950.93,29.6
Lavale AWS,18.5422,73.7389,14-05-2024 13:35,2024-05-14 13:35:00,2024,5,14,13,135,37.4,950.87,29.9
Lavale AWS,18.5422,73.7389,14-05-2024 13:40,2024-05-14 13:40:00,2024,5,14,13,135,37.5,950.94,29.9
Lavale AWS,18.5422,73.7389,14-05-2024 13:45,2024-05-14 13:45:00,2024,5,14,13,135,37.5,950.97,29.2
Lavale AWS,18.5422,73.7389,14-05-2024 13:50,2024-05-14 13:50:00,2024,5,14,13,135,37.2,950.93,28.9
Lavale AWS,18.5422,73.7389,14-05-2024 13:55,2024-05-14 13:55:00,2024,5,14,13,135,37.5,950.87,29.3
Lavale AWS,18.5422,73.7389,14-05-2024 14:00,2024-05-14 14:00:00,2024,5,14,14,135,37.5,950.98,29.3
Lavale AWS,18.5422,73.7389,14-05-2024 14:05,2024-05-14 14:05:00,2024,5,14,14,135,37.4,950.97,29.3
Lavale AWS,18.5422,73.7389,14-05-2024 14:10,2024-05-14 14:10:00,2024,5,14,14,135,37.5,951.0,29.0
Lavale AWS,18.5422,73.7389,14-05-2024 14:15,2024-05-14 14:15:00,2024,5,14,14,135,37.6,950.96,29.4
Lavale AWS,18.5422,73.7389,14-05-2024 14:20,2024-05-14 14:20:00,2024,5,14,14,135,37.6,950.95,30.0
Lavale AWS,18.5422,73.7389,14-05-2024 14:25,2024-05-14 14:25:00,2024,5,14,14,135,37.7,950.99,30.4
Lavale AWS,18.5422,73.7389,14-05-2024 14:30,2024-05-14 14:30:00,2024,5,14,14,135,37.5,951.07,30.8
Lavale AWS,18.5422,73.7389,14-05-2024 14:35,2024-05-14 14:35:00,2024,5,14,14,135,37.7,950.92,30.5
Lavale AWS,18.5422,73.7389,14-05-2024 14:40,2024-05-14 14:40:00,2024,5,14,14,135,37.6,950.98,30.2
Lavale AWS,18.5422,73.7389,14-05-2024 14:45,2024-05-14 14:45:00,2024,5,14,14,135,37.5,950.99,30.1
Lavale AWS,18.5422,73.7389,14-05-2024 14:50,2024-05-14 14:50:00,2024,5,14,14,135,37.7,951.17,30.0
Lavale AWS,18.5422,73.7389,14-05-2024 14:55,2024-05-14 14:55:00,2024,5,14,14,135,37.9,951.47,30.6
Lavale AWS,18.5422,73.7389,14-05-2024 15:00,2024-05-14 15:00:00,2024,5,14,15,135,38.1,951.5,31.0
Lavale AWS,18.5422,73.7389,14-05-2024 15:05,2024-05-14 15:05:00,2024,5,14,15,135,38.3,951.42,31.1
Lavale AWS,18.5422,73.7389,14-05-2024 15:10,2024-05-14 15:10:00,2024,5,14,15,135,38.2,951.5,30.5
Lavale AWS,18.5422,73.7389,14-05-2024 15:15,2024-05-14 15:15:00,2024,5,14,15,135,38.0,951.55,29.8
Lavale AWS,18.5422,73.7389,14-05-2024 15:20,2024-05-14 15:20:00,2024,5,14,15,135,38.2,951.78,29.9
Lavale AWS,18.5422,73.7389,14-05-2024 15:25,2024-05-14 15:25:00,2024,5,14,15,135,38.3,951.97,30.3
Lavale AWS,18.5422,73.7389,14-05-2024 15:30,2024-05-14 15:30:00,2024,5,14,15,135,38.2,952.1,30.3
Lavale AWS,18.5422,73.7389,14-05-2024 15:35,2024-05-14 15:35:00,2024,5,14,15,135,38.3,952.11,31.1
Lavale AWS,18.5422,73.7389,14-05-2024 15:40,2024-05-14 15:40:00,2024,5,14,15,135,38.2,952.23,30.7
Lavale AWS,18.5422,73.7389,14-05-2024 15:45,2024-05-14 15:45:00,2024,5,14,15,135,38.4,952.31,30.3
Lavale AWS,18.5422,73.7389,14-05-2024 15:50,2024-05-14 15:50:00,2024,5,14,15,135,38.3,952.39,30.1
Lavale AWS,18.5422,73.7389,14-05-2024 15:55,2024-05-14 15:55:00,2024,5,14,15,135,38.5,952.32,29.9
Lavale AWS,18.5422,73.7389,14-05-2024 16:00,2024-05-14 16:00:00,2024,5,14,16,135,38.5,952.47,30.3
Lavale AWS,18.5422,73.7389,14-05-2024 16:05,2024-05-14 16:05:00,2024,5,14,16,135,38.7,952.54,30.3
Lavale AWS,18.5422,73.7389,14-05-2024 16:10,2024-05-14 16:10:00,2024,5,14,16,135,38.6,952.59,29.8
Lavale AWS,18.5422,73.7389,14-05-2024 16:15,2024-05-14 16:15:00,2024,5,14,16,135,38.5,952.61,30.4
Lavale AWS,18.5422,73.7389,14-05-2024 16:20,2024-05-14 16:20:00,2024,5,14,16,135,38.3,952.61,29.9
Lavale AWS,18.5422,73.7389,14-05-2024 16:25,2024-05-14 16:25:00,2024,5,14,16,135,38.3,952.7,29.7
Lavale AWS,18.5422,73.7389,14-05-2024 16:30,2024-05-14 16:30:00,2024,5,14,16,135,38.4,952.62,29.3
Lavale AWS,18.5422,73.7389,14-05-2024 16:35,2024-05-14 16:35:00,2024,5,14,16,135,38.6,952.75,29.7
Lavale AWS,18.5422,73.7389,14-05-2024 16:40,2024-05-14 16:40:00,2024,5,14,16,135,38.5,952.74,30.1
Lavale AWS,18.5422,73.7389,14-05-2024 16:45,2024-05-14 16:45:00,2024,5,14,16,135,38.5,952.64,31.2
Lavale AWS,18.5422,73.7389,14-05-2024 16:50,2024-05-14 16:50:00,2024,5,14,16,135,38.3,952.86,31.8
Lavale AWS,18.5422,73.7389,14-05-2024 16:55,2024-05-14 16:55:00,2024,5,14,16,135,38.3,952.86,32.6
Lavale AWS,18.5422,73.7389,14-05-2024 17:00,2024-05-14 17:00:00,2024,5,14,17,135,38.1,952.86,33.0
Lavale AWS,18.5422,73.7389,14-05-2024 17:05,2024-05-14 17:05:00,2024,5,14,17,135,38.0,953.02,32.9
Lavale AWS,18.5422,73.7389,14-05-2024 17:10,2024-05-14 17:10:00,2024,5,14,17,135,37.8,953.23,33.2
Lavale AWS,18.5422,73.7389,14-05-2024 17:15,2024-05-14 17:15:00,2024,5,14,17,135,37.7,953.17,33.7
Lavale AWS,18.5422,73.7389,14-05-2024 17:20,2024-05-14 17:20:00,2024,5,14,17,135,37.5,953.15,34.3
Lavale AWS,18.5422,73.7389,14-05-2024 17:25,2024-05-14 17:25:00,2024,5,14,17,135,37.3,953.14,34.4
Lavale AWS,18.5422,73.7389,14-05-2024 17:30,2024-05-14 17:30:00,2024,5,14,17,135,37.1,953.27,34.9
Lavale AWS,18.5422,73.7389,14-05-2024 17:35,2024-05-14 17:35:00,2024,5,14,17,135,37.2,953.46,34.8
Lavale AWS,18.5422,73.7389,14-05-2024 17:40,2024-05-14 17:40:00,2024,5,14,17,135,37.1,953.42,34.7
Lavale AWS,18.5422,73.7389,14-05-2024 17:45,2024-05-14 17:45:00,2024,5,14,17,135,37.0,953.58,34.6
Lavale AWS,18.5422,73.7389,14-05-2024 17:50,2024-05-14 17:50:00,2024,5,14,17,135,36.6,953.56,35.0
Lavale AWS,18.5422,73.7389,14-05-2024 17:55,2024-05-14 17:55:00,2024,5,14,17,135,36.5,953.63,34.9
Lavale AWS,18.5422,73.7389,14-05-2024 18:00,2024-05-14 18:00:00,2024,5,14,18,135,36.5,953.56,35.1
Lavale AWS,18.5422,73.7389,14-05-2024 18:05,2024-05-14 18:05:00,2024,5,14,18,135,36.3,953.59,35.9
Lavale AWS,18.5422,73.7389,14-05-2024 18:10,2024-05-14 18:10:00,2024,5,14,18,135,36.5,953.62,35.9
Lavale AWS,18.5422,73.7389,14-05-2024 18:15,2024-05-14 18:15:00,2024,5,14,18,135,36.0,953.63,36.2
Lavale AWS,18.5422,73.7389,14-05-2024 18:20,2024-05-14 18:20:00,2024,5,14,18,135,35.9,953.69,36.6
Lavale AWS,18.5422,73.7389,14-05-2024 18:25,2024-05-14 18:25:00,2024,5,14,18,135,35.9,953.64,37.2
Lavale AWS,18.5422,73.7389,14-05-2024 18:30,2024-05-14 18:30:00,2024,5,14,18,135,35.8,953.6,37.4
Lavale AWS,18.5422,73.7389,14-05-2024 18:35,2024-05-14 18:35:00,2024,5,14,18,135,35.7,953.66,38.2
Lavale AWS,18.5422,73.7389,14-05-2024 18:40,2024-05-14 18:40:00,2024,5,14,18,135,35.6,953.79,38.9
Lavale AWS,18.5422,73.7389,14-05-2024 18:45,2024-05-14 18:45:00,2024,5,14,18,135,35.6,953.81,39.8
Lavale AWS,18.5422,73.7389,14-05-2024 18:50,2024-05-14 18:50:00,2024,5,14,18,135,35.3,953.86,40.2
Lavale AWS,18.5422,73.7389,14-05-2024 18:55,2024-05-14 18:55:00,2024,5,14,18,135,35.2,953.93,40.4
Lavale AWS,18.5422,73.7389,14-05-2024 19:00,2024-05-14 19:00:00,2024,5,14,19,135,35.0,954.0,40.6
Lavale AWS,18.5422,73.7389,14-05-2024 19:05,2024-05-14 19:05:00,2024,5,14,19,135,34.7,953.92,41.1
Lavale AWS,18.5422,73.7389,14-05-2024 19:10,2024-05-14 19:10:00,2024,5,14,19,135,34.6,953.86,41.4
Lavale AWS,18.5422,73.7389,14-05-2024 19:15,2024-05-14 19:15:00,2024,5,14,19,135,34.4,953.8,41.7
Lavale AWS,18.5422,73.7389,14-05-2024 19:20,2024-05-14 19:20:00,2024,5,14,19,135,34.0,953.95,42.0
Lavale AWS,18.5422,73.7389,14-05-2024 19:25,2024-05-14 19:25:00,2024,5,14,19,135,33.8,953.98,42.2
Lavale AWS,18.5422,73.7389,14-05-2024 19:30,2024-05-14 19:30:00,2024,5,14,19,135,33.5,954.0,42.8
Lavale AWS,18.5422,73.7389,14-05-2024 19:35,2024-05-14 19:35:00,2024,5,14,19,135,33.5,954.01,42.7
Lavale AWS,18.5422,73.7389,14-05-2024 19:40,2024-05-14 19:40:00,2024,5,14,19,135,33.4,953.88,43.3
Lavale AWS,18.5422,73.7389,14-05-2024 19:45,2024-05-14 19:45:00,2024,5,14,19,135,33.5,954.01,44.1
Lavale AWS,18.5422,73.7389,14-05-2024 19:50,2024-05-14 19:50:00,2024,5,14,19,135,33.2,954.02,44.4
Lavale AWS,18.5422,73.7389,14-05-2024 19:55,2024-05-14 19:55:00,2024,5,14,19,135,33.2,954.04,45.7
Lavale AWS,18.5422,73.7389,14-05-2024 20:00,2024-05-14 20:00:00,2024,5,14,20,135,33.5,953.86,46.2
Lavale AWS,18.5422,73.7389,14-05-2024 20:05,2024-05-14 20:05:00,2024,5,14,20,135,33.3,953.89,46.0
Lavale AWS,18.5422,73.7389,14-05-2024 20:10,2024-05-14 20:10:00,2024,5,14,20,135,33.3,953.82,46.4
Lavale AWS,18.5422,73.7389,14-05-2024 20:15,2024-05-14 20:15:00,2024,5,14,20,135,33.2,953.67,46.9
Lavale AWS,18.5422,73.7389,14-05-2024 20:20,2024-05-14 20:20:00,2024,5,14,20,135,32.8,953.55,47.6
Lavale AWS,18.5422,73.7389,14-05-2024 20:25,2024-05-14 20:25:00,2024,5,14,20,135,32.7,953.41,48.0
Lavale AWS,18.5422,73.7389,14-05-2024 20:30,2024-05-14 20:30:00,2024,5,14,20,135,32.6,953.27,48.1
Lavale AWS,18.5422,73.7389,14-05-2024 20:35,2024-05-14 20:35:00,2024,5,14,20,135,32.4,953.24,48.2
Lavale AWS,18.5422,73.7389,14-05-2024 20:40,2024-05-14 20:40:00,2024,5,14,20,135,32.1,953.17,48.5
Lavale AWS,18.5422,73.7389,14-05-2024 20:45,2024-05-14 20:45:00,2024,5,14,20,135,32.0,953.16,48.8
Lavale AWS,18.5422,73.7389,14-05-2024 20:50,2024-05-14 20:50:00,2024,5,14,20,135,31.7,953.25,48.9
Lavale AWS,18.5422,73.7389,14-05-2024 20:55,2024-05-14 20:55:00,2024,5,14,20,135,31.8,953.19,49.2
Lavale AWS,18.5422,73.7389,14-05-2024 21:00,2024-05-14 21:00:00,2024,5,14,21,135,31.7,952.96,50.0
Lavale AWS,18.5422,73.7389,14-05-2024 21:05,2024-05-14 21:05:00,2024,5,14,21,135,31.3,952.9,51.2
Lavale AWS,18.5422,73.7389,14-05-2024 21:10,2024-05-14 21:10:00,2024,5,14,21,135,31.1,952.95,52.1
Lavale AWS,18.5422,73.7389,14-05-2024 21:15,2024-05-14 21:15:00,2024,5,14,21,135,30.9,952.89,53.1
Lavale AWS,18.5422,73.7389,14-05-2024 21:20,2024-05-14 21:20:00,2024,5,14,21,135,31.1,952.96,53.9
Lavale AWS,18.5422,73.7389,14-05-2024 21:25,2024-05-14 21:25:00,2024,5,14,21,135,30.8,952.93,54.7
Lavale AWS,18.5422,73.7389,14-05-2024 21:30,2024-05-14 21:30:00,2024,5,14,21,135,30.6,952.73,55.0
Lavale AWS,18.5422,73.7389,14-05-2024 21:35,2024-05-14 21:35:00,2024,5,14,21,135,30.3,952.68,55.5
Lavale AWS,18.5422,73.7389,14-05-2024 21:40,2024-05-14 21:40:00,2024,5,14,21,135,30.3,952.64,55.8
Lavale AWS,18.5422,73.7389,14-05-2024 21:45,2024-05-14 21:45:00,2024,5,14,21,135,30.0,952.67,56.1
Lavale AWS,18.5422,73.7389,14-05-2024 21:50,2024-05-14 21:50:00,2024,5,14,21,135,29.7,952.75,56.6
Lavale AWS,18.5422,73.7389,14-05-2024 21:55,2024-05-14 21:55:00,2024,5,14,21,135,29.5,952.76,57.3
Lavale AWS,18.5422,73.7389,14-05-2024 22:00,2024-05-14 22:00:00,2024,5,14,22,135,29.4,952.72,57.9
Lavale AWS,18.5422,73.7389,14-05-2024 22:05,2024-05-14 22:05:00,2024,5,14,22,135,29.1,952.7,58.2
Lavale AWS,18.5422,73.7389,14-05-2024 22:10,2024-05-14 22:10:00,2024,5,14,22,135,28.9,952.61,58.6
Lavale AWS,18.5422,73.7389,14-05-2024 22:15,2024-05-14 22:15:00,2024,5,14,22,135,29.0,952.42,59.2
Lavale AWS,18.5422,73.7389,14-05-2024 22:20,2024-05-14 22:20:00,2024,5,14,22,135,28.8,952.36,59.9
Lavale AWS,18.5422,73.7389,14-05-2024 22:25,2024-05-14 22:25:00,2024,5,14,22,135,28.5,952.32,59.6
Lavale AWS,18.5422,73.7389,14-05-2024 22:30,2024-05-14 22:30:00,2024,5,14,22,135,28.3,952.15,59.6
Lavale AWS,18.5422,73.7389,14-05-2024 22:35,2024-05-14 22:35:00,2024,5,14,22,135,28.2,952.19,60.5
Lavale AWS,18.5422,73.7389,14-05-2024 22:40,2024-05-14 22:40:00,2024,5,14,22,135,27.9,952.21,60.8
Lavale AWS,18.5422,73.7389,14-05-2024 22:45,2024-05-14 22:45:00,2024,5,14,22,135,28.0,952.03,61.0
Lavale AWS,18.5422,73.7389,14-05-2024 22:50,2024-05-14 22:50:00,2024,5,14,22,135,28.1,952.07,61.3
Lavale AWS,18.5422,73.7389,14-05-2024 22:55,2024-05-14 22:55:00,2024,5,14,22,135,28.2,951.98,61.6
Lavale AWS,18.5422,73.7389,14-05-2024 23:00,2024-05-14 23:00:00,2024,5,14,23,135,28.1,951.86,62.2
Lavale AWS,18.5422,73.7389,14-05-2024 23:05,2024-05-14 23:05:00,2024,5,14,23,135,27.6,951.88,62.1
Lavale AWS,18.5422,73.7389,14-05-2024 23:10,2024-05-14 23:10:00,2024,5,14,23,135,27.8,951.82,62.5
Lavale AWS,18.5422,73.7389,14-05-2024 23:15,2024-05-14 23:15:00,2024,5,14,23,135,27.5,951.91,63.0
Lavale AWS,18.5422,73.7389,14-05-2024 23:20,2024-05-14 23:20:00,2024,5,14,23,135,27.3,951.78,63.5
Lavale AWS,18.5422,73.7389,14-05-2024 23:25,2024-05-14 23:25:00,2024,5,14,23,135,27.2,951.58,63.9
Lavale AWS,18.5422,73.7389,14-05-2024 23:30,2024-05-14 23:30:00,2024,5,14,23,135,27.3,951.51,64.5
Lavale AWS,18.5422,73.7389,14-05-2024 23:35,2024-05-14 23:35:00,2024,5,14,23,135,27.4,951.52,64.6
Lavale AWS,18.5422,73.7389,14-05-2024 23:40,2024-05-14 23:40:00,2024,5,14,23,135,27.4,951.4,64.5
Lavale AWS,18.5422,73.7389,14-05-2024 23:45,2024-05-14 23:45:00,2024,5,14,23,135,27.2,951.25,65.8
Lavale AWS,18.5422,73.7389,14-05-2024 23:50,2024-05-14 23:50:00,2024,5,14,23,135,27.1,951.23,66.0
Lavale AWS,18.5422,73.7389,14-05-2024 23:55,2024-05-14 23:55:00,2024,5,14,23,135,27.0,951.08,66.2
Lavale AWS,18.5422,73.7389,15-05-2024 00:00,2024-05-15 00:00:00,2024,5,15,0,136,26.9,951.08,66.7
Lavale AWS,18.5422,73.7389,15-05-2024 00:05,2024-05-15 00:05:00,2024,5,15,0,136,26.9,951.03,67.6
Lavale AWS,18.5422,73.7389,15-05-2024 00:10,2024-05-15 00:10:00,2024,5,15,0,136,27.0,951.04,67.6
Lavale AWS,18.5422,73.7389,15-05-2024 00:15,2024-05-15 00:15:00,2024,5,15,0,136,26.9,950.91,67.4
Lavale AWS,18.5422,73.7389,15-05-2024 00:20,2024-05-15 00:20:00,2024,5,15,0,136,26.5,951.0,67.1
Lavale AWS,18.5422,73.7389,15-05-2024 00:25,2024-05-15 00:25:00,2024,5,15,0,136,26.4,950.96,68.0
Lavale AWS,18.5422,73.7389,15-05-2024 00:30,2024-05-15 00:30:00,2024,5,15,0,136,26.3,951.01,67.8
Lavale AWS,18.5422,73.7389,15-05-2024 00:35,2024-05-15 00:35:00,2024,5,15,0,136,26.2,951.07,68.0
Lavale AWS,18.5422,73.7389,15-05-2024 00:40,2024-05-15 00:40:00,2024,5,15,0,136,26.1,950.97,67.8
Lavale AWS,18.5422,73.7389,15-05-2024 00:45,2024-05-15 00:45:00,2024,5,15,0,136,25.8,951.03,67.4
Lavale AWS,18.5422,73.7389,15-05-2024 00:50,2024-05-15 00:50:00,2024,5,15,0,136,25.8,950.91,67.6
Lavale AWS,18.5422,73.7389,15-05-2024 00:55,2024-05-15 00:55:00,2024,5,15,0,136,25.7,950.8,67.4
Lavale AWS,18.5422,73.7389,15-05-2024 01:00,2024-05-15 01:00:00,2024,5,15,1,136,25.7,950.96,67.4
Lavale AWS,18.5422,73.7389,15-05-2024 01:05,2024-05-15 01:05:00,2024,5,15,1,136,25.6,951.05,68.4
Lavale AWS,18.5422,73.7389,15-05-2024 01:10,2024-05-15 01:10:00,2024,5,15,1,136,25.8,951.22,68.8
Lavale AWS,18.5422,73.7389,15-05-2024 01:15,2024-05-15 01:15:00,2024,5,15,1,136,25.9,951.18,69.3
Lavale AWS,18.5422,73.7389,15-05-2024 01:20,2024-05-15 01:20:00,2024,5,15,1,136,25.8,951.19,69.8
Lavale AWS,18.5422,73.7389,15-05-2024 01:25,2024-05-15 01:25:00,2024,5,15,1,136,25.8,951.24,69.9
Lavale AWS,18.5422,73.7389,15-05-2024 01:30,2024-05-15 01:30:00,2024,5,15,1,136,25.8,951.25,69.8
Lavale AWS,18.5422,73.7389,15-05-2024 01:35,2024-05-15 01:35:00,2024,5,15,1,136,25.9,951.2,70.0
Lavale AWS,18.5422,73.7389,15-05-2024 01:40,2024-05-15 01:40:00,2024,5,15,1,136,25.8,951.14,70.2
Lavale AWS,18.5422,73.7389,15-05-2024 01:45,2024-05-15 01:45:00,2024,5,15,1,136,26.0,951.18,70.0
Lavale AWS,18.5422,73.7389,15-05-2024 01:50,2024-05-15 01:50:00,2024,5,15,1,136,26.1,951.11,70.1
Lavale AWS,18.5422,73.7389,15-05-2024 01:55,2024-05-15 01:55:00,2024,5,15,1,136,25.9,951.05,69.9
Lavale AWS,18.5422,73.7389,15-05-2024 02:00,2024-05-15 02:00:00,2024,5,15,2,136,25.7,951.12,69.9
Lavale AWS,18.5422,73.7389,15-05-2024 02:05,2024-05-15 02:05:00,2024,5,15,2,136,25.5,951.15,69.9
Lavale AWS,18.5422,73.7389,15-05-2024 02:10,2024-05-15 02:10:00,2024,5,15,2,136,25.3,951.26,69.4
Lavale AWS,18.5422,73.7389,15-05-2024 02:15,2024-05-15 02:15:00,2024,5,15,2,136,25.3,951.26,68.5
Lavale AWS,18.5422,73.7389,15-05-2024 02:20,2024-05-15 02:20:00,2024,5,15,2,136,25.4,951.26,68.3
Lavale AWS,18.5422,73.7389,15-05-2024 02:25,2024-05-15 02:25:00,2024,5,15,2,136,25.4,951.33,69.1
Lavale AWS,18.5422,73.7389,15-05-2024 02:30,2024-05-15 02:30:00,2024,5,15,2,136,25.3,951.31,69.0
Lavale AWS,18.5422,73.7389,15-05-2024 02:35,2024-05-15 02:35:00,2024,5,15,2,136,25.4,951.31,69.4
Lavale AWS,18.5422,73.7389,15-05-2024 02:40,2024-05-15 02:40:00,2024,5,15,2,136,25.5,951.31,68.6
Lavale AWS,18.5422,73.7389,15-05-2024 02:45,2024-05-15 02:45:00,2024,5,15,2,136,25.5,951.35,68.2
Lavale AWS,18.5422,73.7389,15-05-2024 02:50,2024-05-15 02:50:00,2024,5,15,2,136,25.7,951.55,67.7
Lavale AWS,18.5422,73.7389,15-05-2024 02:55,2024-05-15 02:55:00,2024,5,15,2,136,25.7,951.5,67.7
Lavale AWS,18.5422,73.7389,15-05-2024 03:00,2024-05-15 03:00:00,2024,5,15,3,136,26.0,951.66,68.8
Lavale AWS,18.5422,73.7389,15-05-2024 03:05,2024-05-15 03:05:00,2024,5,15,3,136,25.9,951.78,68.9
Lavale AWS,18.5422,73.7389,15-05-2024 03:10,2024-05-15 03:10:00,2024,5,15,3,136,26.2,951.96,69.6
Lavale AWS,18.5422,73.7389,15-05-2024 03:15,2024-05-15 03:15:00,2024,5,15,3,136,26.1,952.26,69.4
Lavale AWS,18.5422,73.7389,15-05-2024 03:20,2024-05-15 03:20:00,2024,5,15,3,136,26.2,952.42,69.9
Lavale AWS,18.5422,73.7389,15-05-2024 03:25,2024-05-15 03:25:00,2024,5,15,3,136,26.1,952.54,70.6
Lavale AWS,18.5422,73.7389,15-05-2024 03:30,2024-05-15 03:30:00,2024,5,15,3,136,26.3,952.47,70.3
Lavale AWS,18.5422,73.7389,15-05-2024 03:35,2024-05-15 03:35:00,2024,5,15,3,136,26.2,952.42,70.0
Lavale AWS,18.5422,73.7389,15-05-2024 03:40,2024-05-15 03:40:00,2024,5,15,3,136,26.3,952.5,69.2
Lavale AWS,18.5422,73.7389,15-05-2024 03:45,2024-05-15 03:45:00,2024,5,15,3,136,26.2,952.41,69.0
Lavale AWS,18.5422,73.7389,15-05-2024 03:50,2024-05-15 03:50:00,2024,5,15,3,136,26.4,952.52,68.8
Lavale AWS,18.5422,73.7389,15-05-2024 03:55,2024-05-15 03:55:00,2024,5,15,3,136,26.3,952.4,69.5
Lavale AWS,18.5422,73.7389,15-05-2024 04:00,2024-05-15 04:00:00,2024,5,15,4,136,26.6,952.55,68.7
Lavale AWS,18.5422,73.7389,15-05-2024 04:05,2024-05-15 04:05:00,2024,5,15,4,136,26.5,952.59,68.6
Lavale AWS,18.5422,73.7389,15-05-2024 04:10,2024-05-15 04:10:00,2024,5,15,4,136,26.3,952.65,67.6
Lavale AWS,18.5422,73.7389,15-05-2024 04:15,2024-05-15 04:15:00,2024,5,15,4,136,26.5,952.65,67.3
Lavale AWS,18.5422,73.7389,15-05-2024 04:20,2024-05-15 04:20:00,2024,5,15,4,136,26.5,952.56,67.2
Lavale AWS,18.5422,73.7389,15-05-2024 04:25,2024-05-15 04:25:00,2024,5,15,4,136,26.5,952.73,67.2
Lavale AWS,18.5422,73.7389,15-05-2024 04:30,2024-05-15 04:30:00,2024,5,15,4,136,26.6,952.89,67.2
Lavale AWS,18.5422,73.7389,15-05-2024 04:35,2024-05-15 04:35:00,2024,5,15,4,136,26.4,952.92,67.1
Lavale AWS,18.5422,73.7389,15-05-2024 04:40,2024-05-15 04:40:00,2024,5,15,4,136,26.5,953.03,67.1
Lavale AWS,18.5422,73.7389,15-05-2024 04:45,2024-05-15 04:45:00,2024,5,15,4,136,26.8,953.05,66.8
Lavale AWS,18.5422,73.7389,15-05-2024 04:50,2024-05-15 04:50:00,2024,5,15,4,136,27.0,953.13,66.1
Lavale AWS,18.5422,73.7389,15-05-2024 04:55,2024-05-15 04:55:00,2024,5,15,4,136,27.1,953.24,65.1
Lavale AWS,18.5422,73.7389,15-05-2024 05:00,2024-05-15 05:00:00,2024,5,15,5,136,27.4,953.33,64.6
Lavale AWS,18.5422,73.7389,15-05-2024 05:05,2024-05-15 05:05:00,2024,5,15,5,136,27.3,953.49,64.3
Lavale AWS,18.5422,73.7389,15-05-2024 05:10,2024-05-15 05:10:00,2024,5,15,5,136,27.3,953.57,64.5
Lavale AWS,18.5422,73.7389,15-05-2024 05:15,2024-05-15 05:15:00,2024,5,15,5,136,27.5,953.61,64.2
Lavale AWS,18.5422,73.7389,15-05-2024 05:20,2024-05-15 05:20:00,2024,5,15,5,136,27.5,953.58,63.8
Lavale AWS,18.5422,73.7389,15-05-2024 05:25,2024-05-15 05:25:00,2024,5,15,5,136,27.6,953.58,63.7
Lavale AWS,18.5422,73.7389,15-05-2024 05:30,2024-05-15 05:30:00,2024,5,15,5,136,27.5,953.68,63.2
Lavale AWS,18.5422,73.7389,15-05-2024 05:35,2024-05-15 05:35:00,2024,5,15,5,136,27.3,953.59,63.2
Lavale AWS,18.5422,73.7389,15-05-2024 05:40,2024-05-15 05:40:00,2024,5,15,5,136,27.6,953.71,63.7
Lavale AWS,18.5422,73.7389,15-05-2024 05:45,2024-05-15 05:45:00,2024,5,15,5,136,27.7,953.72,64.1
Lavale AWS,18.5422,73.7389,15-05-2024 05:50,2024-05-15 05:50:00,2024,5,15,5,136,28.0,953.68,63.7
Lavale AWS,18.5422,73.7389,15-05-2024 05:55,2024-05-15 05:55:00,2024,5,15,5,136,28.0,953.62,63.4
Lavale AWS,18.5422,73.7389,15-05-2024 06:00,2024-05-15 06:00:00,2024,5,15,6,136,28.1,953.71,63.6
Lavale AWS,18.5422,73.7389,15-05-2024 06:05,2024-05-15 06:05:00,2024,5,15,6,136,28.2,953.73,63.0
Lavale AWS,18.5422,73.7389,15-05-2024 06:10,2024-05-15 06:10:00,2024,5,15,6,136,28.4,953.88,62.8
Lavale AWS,18.5422,73.7389,15-05-2024 06:15,2024-05-15 06:15:00,2024,5,15,6,136,28.5,953.79,61.9
Lavale AWS,18.5422,73.7389,15-05-2024 06:20,2024-05-15 06:20:00,2024,5,15,6,136,28.8,953.76,61.2
Lavale AWS,18.5422,73.7389,15-05-2024 06:25,2024-05-15 06:25:00,2024,5,15,6,136,28.8,953.77,61.2
Lavale AWS,18.5422,73.7389,15-05-2024 06:30,2024-05-15 06:30:00,2024,5,15,6,136,28.9,953.72,60.4
Lavale AWS,18.5422,73.7389,15-05-2024 06:35,2024-05-15 06:35:00,2024,5,15,6,136,29.0,953.74,59.9
Lavale AWS,18.5422,73.7389,15-05-2024 06:40,2024-05-15 06:40:00,2024,5,15,6,136,29.3,953.77,58.8
Lavale AWS,18.5422,73.7389,15-05-2024 06:45,2024-05-15 06:45:00,2024,5,15,6,136,29.5,953.82,59.1
Lavale AWS,18.5422,73.7389,15-05-2024 06:50,2024-05-15 06:50:00,2024,5,15,6,136,29.9,953.94,59.1
Lavale AWS,18.5422,73.7389,15-05-2024 06:55,2024-05-15 06:55:00,2024,5,15,6,136,29.8,953.83,58.7
Lavale AWS,18.5422,73.7389,15-05-2024 07:00,2024-05-15 07:00:00,2024,5,15,7,136,30.0,953.85,58.3
Lavale AWS,18.5422,73.7389,15-05-2024 07:05,2024-05-15 07:05:00,2024,5,15,7,136,30.1,953.79,58.0
Lavale AWS,18.5422,73.7389,15-05-2024 07:10,2024-05-15 07:10:00,2024,5,15,7,136,30.4,953.82,58.0
Lavale AWS,18.5422,73.7389,15-05-2024 07:15,2024-05-15 07:15:00,2024,5,15,7,136,30.4,953.84,
Lavale AWS,18.5422,73.7389,15-05-2024 07:20,2024-05-15 07:20:00,2024,5,15,7,136,30.8,953.74,
Lavale AWS,18.5422,73.7389,15-05-2024 07:25,2024-05-15 07:25:00,2024,5,15,7,136,30.9,953.65,
Lavale AWS,18.5422,73.7389,15-05-2024 07:30,2024-05-15 07:30:00,2024,5,15,7,136,30.9,953.67,
Lavale AWS,18.5422,73.7389,15-05-2024 07:35,2024-05-15 07:35:00,2024,5,15,7,136,31.0,953.65,
Lavale AWS,18.5422,73.7389,15-05-2024 07:40,2024-05-15 07:40:00,2024,5,15,7,136,31.1,953.61,
Lavale AWS,18.5422,73.7389,15-05-2024 07:45,2024-05-15 07:45:00,2024,5,15,7,136,31.7,953.64,
Lavale AWS,18.5422,73.7389,15-05-2024 07:50,2024-05-15 07:50:00,2024,5,15,7,136,31.9,953.66,
Lavale AWS,18.5422,73.7389,15-05-2024 07:55,2024-05-15 07:55:00,2024,5,15,7,136,32.1,953.59,
Lavale AWS,18.5422,73.7389,15-05-2024 08:00,2024-05-15 08:00:00,2024,5,15,8,136,32.2,953.48,
Lavale AWS,18.5422,73.7389,15-05-2024 08:05,2024-05-15 08:05:00,2024,5,15,8,136,32.4,953.34,
Lavale AWS,18.5422,73.7389,15-05-2024 08:10,2024-05-15 08:10:00,2024,5,15,8,136,32.7,953.31,
Lavale AWS,18.5422,73.7389,15-05-2024 08:15,2024-05-15 08:15:00,2024,5,15,8,136,32.4,953.16,50.0
Lavale AWS,18.5422,73.7389,15-05-2024 08:20,2024-05-15 08:20:00,2024,5,15,8,136,32.6,953.13,49.6
Lavale AWS,18.5422,73.7389,15-05-2024 08:25,2024-05-15 08:25:00,2024,5,15,8,136,32.7,953.18,49.2
Lavale AWS,18.5422,73.7389,15-05-2024 08:30,2024-05-15 08:30:00,2024,5,15,8,136,32.7,953.11,49.1
Lavale AWS,18.5422,73.7389,15-05-2024 08:35,2024-05-15 08:35:00,2024,5,15,8,136,33.0,953.02,48.3
Lavale AWS,18.5422,73.7389,15-05-2024 08:40,2024-05-15 08:40:00,2024,5,15,8,136,33.4,953.13,47.8
Lavale AWS,18.5422,73.7389,15-05-2024 08:45,2024-05-15 08:45:00,2024,5,15,8,136,33.6,953.2,47.4
Lavale AWS,18.5422,73.7389,15-05-2024 08:50,2024-05-15 08:50:00,2024,5,15,8,136,33.9,953.07,46.5
Lavale AWS,18.5422,73.7389,15-05-2024 08:55,2024-05-15 08:55:00,2024,5,15,8,136,34.3,953.02,46.5
Lavale AWS,18.5422,73.7389,15-05-2024 09:00,2024-05-15 09:00:00,2024,5,15,9,136,34.3,952.98,45.8
Lavale AWS,18.5422,73.7389,15-05-2024 09:05,2024-05-15 09:05:00,2024,5,15,9,136,34.1,952.93,45.7
Lavale AWS,18.5422,73.7389,15-05-2024 09:10,2024-05-15 09:10:00,2024,5,15,9,136,34.3,953.01,45.2
Lavale AWS,18.5422,73.7389,15-05-2024 09:15,2024-05-15 09:15:00,2024,5,15,9,136,34.4,952.94,45.3
Lavale AWS,18.5422,73.7389,15-05-2024 09:20,2024-05-15 09:20:00,2024,5,15,9,136,34.3,952.89,44.4
Lavale AWS,18.5422,73.7389,15-05-2024 09:25,2024-05-15 09:25:00,2024,5,15,9,136,34.4,952.86,43.4
Lavale AWS,18.5422,73.7389,15-05-2024 09:30,2024-05-15 09:30:00,2024,5,15,9,136,34.7,952.88,42.5
Lavale AWS,18.5422,73.7389,15-05-2024 09:35,2024-05-15 09:35:00,2024,5,15,9,136,34.8,952.87,42.1
Lavale AWS,18.5422,73.7389,15-05-2024 09:40,2024-05-15 09:40:00,2024,5,15,9,136,34.8,952.82,42.3
Lavale AWS,18.5422,73.7389,15-05-2024 09:45,2024-05-15 09:45:00,2024,5,15,9,136,34.9,952.61,42.4
Lavale AWS,18.5422,73.7389,15-05-2024 09:50,2024-05-15 09:50:00,2024,5,15,9,136,35.0,952.49,41.0
Lavale AWS,18.5422,73.7389,15-05-2024 09:55,2024-05-15 09:55:00,2024,5,15,9,136,34.9,952.47,40.6
Lavale AWS,18.5422,73.7389,15-05-2024 10:00,2024-05-15 10:00:00,2024,5,15,10,136,35.0,952.41,38.8
Lavale AWS,18.5422,73.7389,15-05-2024 10:05,2024-05-15 10:05:00,2024,5,15,10,136,35.0,952.39,38.7
Lavale AWS,18.5422,73.7389,15-05-2024 10:10,2024-05-15 10:10:00,2024,5,15,10,136,35.2,952.45,38.8
Lavale AWS,18.5422,73.7389,15-05-2024 10:15,2024-05-15 10:15:00,2024,5,15,10,136,35.1,952.27,38.3
Lavale AWS,18.5422,73.7389,15-05-2024 10:20,2024-05-15 10:20:00,2024,5,15,10,136,35.4,952.27,37.9
Lavale AWS,18.5422,73.7389,15-05-2024 10:25,2024-05-15 10:25:00,2024,5,15,10,136,35.5,952.15,37.5
Lavale AWS,18.5422,73.7389,15-05-2024 10:30,2024-05-15 10:30:00,2024,5,15,10,136,35.6,952.14,36.8
Lavale AWS,18.5422,73.7389,15-05-2024 10:35,2024-05-15 10:35:00,2024,5,15,10,136,35.8,952.05,36.6
Lavale AWS,18.5422,73.7389,15-05-2024 10:40,2024-05-15 10:40:00,2024,5,15,10,136,35.8,952.13,36.1
Lavale AWS,18.5422,73.7389,15-05-2024 10:45,2024-05-15 10:45:00,2024,5,15,10,136,36.0,952.05,36.1
Lavale AWS,18.5422,73.7389,15-05-2024 10:50,2024-05-15 10:50:00,2024,5,15,10,136,36.0,951.91,35.6
Lavale AWS,18.5422,73.7389,15-05-2024 10:55,2024-05-15 10:55:00,2024,5,15,10,136,36.1,951.85,34.9
Lavale AWS,18.5422,73.7389,15-05-2024 11:00,2024-05-15 11:00:00,2024,5,15,11,136,36.3,951.79,33.9
Lavale AWS,18.5422,73.7389,15-05-2024 11:05,2024-05-15 11:05:00,2024,5,15,11,136,36.3,951.8,32.8
Lavale AWS,18.5422,73.7389,15-05-2024 11:10,2024-05-15 11:10:00,2024,5,15,11,136,36.2,951.75,33.0
Lavale AWS,18.5422,73.7389,15-05-2024 11:15,2024-05-15 11:15:00,2024,5,15,11,136,36.4,951.86,32.5
Lavale AWS,18.5422,73.7389,15-05-2024 11:20,2024-05-15 11:20:00,2024,5,15,11,136,36.6,951.76,32.4
Lavale AWS,18.5422,73.7389,15-05-2024 11:25,2024-05-15 11:25:00,2024,5,15,11,136,36.7,951.67,32.8
Lavale AWS,18.5422,73.7389,15-05-2024 11:30,2024-05-15 11:30:00,2024,5,15,11,136,36.9,951.54,32.2
Lavale AWS,18.5422,73.7389,15-05-2024 11:35,2024-05-15 11:35:00,2024,5,15,11,136,37.0,951.47,31.6
Lavale AWS,18.5422,73.7389,15-05-2024 11:40,2024-05-15 11:40:00,2024,5,15,11,136,37.3,951.41,31.3
Lavale AWS,18.5422,73.7389,15-05-2024 11:45,2024-05-15 11:45:00,2024,5,15,11,136,37.4,951.36,31.0
Lavale AWS,18.5422,73.7389,15-05-2024 11:50,2024-05-15 11:50:00,2024,5,15,11,136,37.2,951.29,31.5
Lavale AWS,18.5422,73.7389,15-05-2024 11:55,2024-05-15 11:55:00,2024,5,15,11,136,37.1,951.18,31.8
Lavale AWS,18.5422,73.7389,15-05-2024 12:00,2024-05-15 12:00:00,2024,5,15,12,136,37.5,951.04,31.7
Lavale AWS,18.5422,73.7389,15-05-2024 12:05,2024-05-15 12:05:00,2024,5,15,12,136,37.6,950.96,31.9
Lavale AWS,18.5422,73.7389,15-05-2024 12:10,2024-05-15 12:10:00,2024,5,15,12,136,37.9,951.0,31.5
Lavale AWS,18.5422,73.7389,15-05-2024 12:15,2024-05-15 12:15:00,2024,5,15,12,136,37.9,951.05,31.3
Lavale AWS,18.5422,73.7389,15-05-2024 12:20,2024-05-15 12:20:00,2024,5,15,12,136,38.0,950.99,30.8
Lavale AWS,18.5422,73.7389,15-05-2024 12:25,2024-05-15 12:25:00,2024,5,15,12,136,38.0,950.87,30.0
Lavale AWS,18.5422,73.7389,15-05-2024 12:30,2024-05-15 12:30:00,2024,5,15,12,136,38.5,950.82,30.2
Lavale AWS,18.5422,73.7389,15-05-2024 12:35,2024-05-15 12:35:00,2024,5,15,12,136,38.6,950.95,30.1
Lavale AWS,18.5422,73.7389,15-05-2024 12:40,2024-05-15 12:40:00,2024,5,15,12,136,38.6,950.98,29.9
Lavale AWS,18.5422,73.7389,15-05-2024 12:45,2024-05-15 12:45:00,2024,5,15,12,136,38.4,950.98,29.6
Lavale AWS,18.5422,73.7389,15-05-2024 12:50,2024-05-15 12:50:00,2024,5,15,12,136,38.8,951.02,28.7
Lavale AWS,18.5422,73.7389,15-05-2024 12:55,2024-05-15 12:55:00,2024,5,15,12,136,38.8,951.1,28.1
Lavale AWS,18.5422,73.7389,15-05-2024 13:00,2024-05-15 13:00:00,2024,5,15,13,136,39.0,950.97,28.1
Lavale AWS,18.5422,73.7389,15-05-2024 13:05,2024-05-15 13:05:00,2024,5,15,13,136,39.2,950.91,27.7
Lavale AWS,18.5422,73.7389,15-05-2024 13:10,2024-05-15 13:10:00,2024,5,15,13,136,39.1,950.84,27.4
Lavale AWS,18.5422,73.7389,15-05-2024 13:15,2024-05-15 13:15:00,2024,5,15,13,136,39.3,950.86,27.2
Lavale AWS,18.5422,73.7389,15-05-2024 13:20,2024-05-15 13:20:00,2024,5,15,13,136,39.2,950.85,26.8
Lavale AWS,18.5422,73.7389,15-05-2024 13:25,2024-05-15 13:25:00,2024,5,15,13,136,39.1,950.9,26.3
Lavale AWS,18.5422,73.7389,15-05-2024 13:30,2024-05-15 13:30:00,2024,5,15,13,136,39.3,950.84,25.6
Lavale AWS,18.5422,73.7389,15-05-2024 13:35,2024-05-15 13:35:00,2024,5,15,13,136,39.3,950.94,25.5
Lavale AWS,18.5422,73.7389,15-05-2024 13:40,2024-05-15 13:40:00,2024,5,15,13,136,39.4,950.92,25.7
Lavale AWS,18.5422,73.7389,15-05-2024 13:45,2024-05-15 13:45:00,2024,5,15,13,136,39.5,950.97,25.0
Lavale AWS,18.5422,73.7389,15-05-2024 13:50,2024-05-15 13:50:00,2024,5,15,13,136,39.6,951.06,25.0
Lavale AWS,18.5422,73.7389,15-05-2024 13:55,2024-05-15 13:55:00,2024,5,15,13,136,39.4,951.14,25.1
Lavale AWS,18.5422,73.7389,15-05-2024 14:00,2024-05-15 14:00:00,2024,5,15,14,136,39.3,951.16,24.7
Lavale AWS,18.5422,73.7389,15-05-2024 14:05,2024-05-15 14:05:00,2024,5,15,14,136,39.3,951.22,25.3
Lavale AWS,18.5422,73.7389,15-05-2024 14:10,2024-05-15 14:10:00,2024,5,15,14,136,39.2,951.36,25.2
Lavale AWS,18.5422,73.7389,15-05-2024 14:15,2024-05-15 14:15:00,2024,5,15,14,136,39.3,951.4,25.1
Lavale AWS,18.5422,73.7389,15-05-2024 14:20,2024-05-15 14:20:00,2024,5,15,14,136,39.5,951.33,25.1
Lavale AWS,18.5422,73.7389,15-05-2024 14:25,2024-05-15 14:25:00,2024,5,15,14,136,39.7,951.38,24.5
Lavale AWS,18.5422,73.7389,15-05-2024 14:30,2024-05-15 14:30:00,2024,5,15,14,136,39.6,951.38,25.0
Lavale AWS,18.5422,73.7389,15-05-2024 14:35,2024-05-15 14:35:00,2024,5,15,14,136,39.6,951.2,24.7
Lavale AWS,18.5422,73.7389,15-05-2024 14:40,2024-05-15 14:40:00,2024,5,15,14,136,39.7,951.26,24.7
Lavale AWS,18.5422,73.7389,15-05-2024 14:45,2024-05-15 14:45:00,2024,5,15,14,136,39.7,951.29,25.0
Lavale AWS,18.5422,73.7389,15-05-2024 14:50,2024-05-15 14:50:00,2024,5,15,14,136,39.6,951.4,25.7
Lavale AWS,18.5422,73.7389,15-05-2024 14:55,2024-05-15 14:55:00,2024,5,15,14,136,39.8,951.36,25.4
Lavale AWS,18.5422,73.7389,15-05-2024 15:00,2024-05-15 15:00:00,2024,5,15,15,136,39.9,951.26,25.3
Lavale AWS,18.5422,73.7389,15-05-2024 15:05,2024-05-15 15:05:00,2024,5,15,15,136,40.0,951.31,26.0
Lavale AWS,18.5422,73.7389,15-05-2024 15:10,2024-05-15 15:10:00,2024,5,15,15,136,40.1,951.37,26.3
Lavale AWS,18.5422,73.7389,15-05-2024 15:15,2024-05-15 15:15:00,2024,5,15,15,136,40.1,951.42,26.7
Lavale AWS,18.5422,73.7389,15-05-2024 15:20,2024-05-15 15:20:00,2024,5,15,15,136,39.9,951.45,26.4
Lavale AWS,18.5422,73.7389,15-05-2024 15:25,2024-05-15 15:25:00,2024,5,15,15,136,39.8,951.4,26.4
Lavale AWS,18.5422,73.7389,15-05-2024 15:30,2024-05-15 15:30:00,2024,5,15,15,136,39.4,951.44,26.4
Lavale AWS,18.5422,73.7389,15-05-2024 15:35,2024-05-15 15:35:00,2024,5,15,15,136,39.4,951.45,26.3
Lavale AWS,18.5422,73.7389,15-05-2024 15:40,2024-05-15 15:40:00,2024,5,15,15,136,39.4,951.58,25.8
Lavale AWS,18.5422,73.7389,15-05-2024 15:45,2024-05-15 15:45:00,2024,5,15,15,136,39.3,951.66,25.8
Lavale AWS,18.5422,73.7389,15-05-2024 15:50,2024-05-15 15:50:00,2024,5,15,15,136,39.4,951.68,26.6
Lavale AWS,18.5422,73.7389,15-05-2024 15:55,2024-05-15 15:55:00,2024,5,15,15,136,39.2,951.86,26.9
Lavale AWS,18.5422,73.7389,15-05-2024 16:00,2024-05-15 16:00:00,2024,5,15,16,136,39.1,951.88,27.7
Lavale AWS,18.5422,73.7389,15-05-2024 16:05,2024-05-15 16:05:00,2024,5,15,16,136,39.0,951.96,28.0
Lavale AWS,18.5422,73.7389,15-05-2024 16:10,2024-05-15 16:10:00,2024,5,15,16,136,38.7,951.99,27.9
Lavale AWS,18.5422,73.7389,15-05-2024 16:15,2024-05-15 16:15:00,2024,5,15,16,136,38.6,952.16,28.6
Lavale AWS,18.5422,73.7389,15-05-2024 16:20,2024-05-15 16:20:00,2024,5,15,16,136,38.1,952.2,29.0
Lavale AWS,18.5422,73.7389,15-05-2024 16:25,2024-05-15 16:25:00,2024,5,15,16,136,38.0,952.25,29.6
Lavale AWS,18.5422,73.7389,15-05-2024 16:30,2024-05-15 16:30:00,2024,5,15,16,136,38.0,952.27,29.4
Lavale AWS,18.5422,73.7389,15-05-2024 16:35,2024-05-15 16:35:00,2024,5,15,16,136,38.0,952.32,30.0
Lavale AWS,18.5422,73.7389,15-05-2024 16:40,2024-05-15 16:40:00,2024,5,15,16,136,37.9,952.45,30.7
Lavale AWS,18.5422,73.7389,15-05-2024 16:45,2024-05-15 16:45:00,2024,5,15,16,136,37.8,952.55,31.1
Lavale AWS,18.5422,73.7389,15-05-2024 16:50,2024-05-15 16:50:00,2024,5,15,16,136,37.6,952.58,31.0
Lavale AWS,18.5422,73.7389,15-05-2024 16:55,2024-05-15 16:55:00,2024,5,15,16,136,37.5,952.74,31.2
Lavale AWS,18.5422,73.7389,15-05-2024 17:00,2024-05-15 17:00:00,2024,5,15,17,136,37.9,952.84,31.7
Lavale AWS,18.5422,73.7389,15-05-2024 17:05,2024-05-15 17:05:00,2024,5,15,17,136,38.0,952.82,32.1
Lavale AWS,18.5422,73.7389,15-05-2024 17:10,2024-05-15 17:10:00,2024,5,15,17,136,37.9,952.73,32.6
Lavale AWS,18.5422,73.7389,15-05-2024 17:15,2024-05-15 17:15:00,2024,5,15,17,136,37.8,952.72,33.3
Lavale AWS,18.5422,73.7389,15-05-2024 17:20,2024-05-15 17:20:00,2024,5,15,17,136,37.6,952.77,33.3
Lavale AWS,18.5422,73.7389,15-05-2024 17:25,2024-05-15 17:25:00,2024,5,15,17,136,37.3,952.84,33.1
Lavale AWS,18.5422,73.7389,15-05-2024 17:30,2024-05-15 17:30:00,2024,5,15,17,136,37.3,952.97,33.5
Lavale AWS,18.5422,73.7389,15-05-2024 17:35,2024-05-15 17:35:00,2024,5,15,17,136,37.1,952.89,33.7
Lavale AWS,18.5422,73.7389,15-05-2024 17:40,2024-05-15 17:40:00,2024,5,15,17,136,37.1,952.87,34.3
Lavale AWS,18.5422,73.7389,15-05-2024 17:45,2024-05-15 17:45:00,2024,5,15,17,136,37.2,952.79,34.2
Lavale AWS,18.5422,73.7389,15-05-2024 17:50,2024-05-15 17:50:00,2024,5,15,17,136,37.1,952.7,35.0
Lavale AWS,18.5422,73.7389,15-05-2024 17:55,2024-05-15 17:55:00,2024,5,15,17,136,37.0,952.67,35.9
Lavale AWS,18.5422,73.7389,15-05-2024 18:00,2024-05-15 18:00:00,2024,5,15,18,136,36.6,952.72,36.2
Lavale AWS,18.5422,73.7389,15-05-2024 18:05,2024-05-15 18:05:00,2024,5,15,18,136,36.5,952.79,36.6
Lavale AWS,18.5422,73.7389,15-05-2024 18:10,2024-05-15 18:10:00,2024,5,15,18,136,36.2,952.73,36.7
Lavale AWS,18.5422,73.7389,15-05-2024 18:15,2024-05-15 18:15:00,2024,5,15,18,136,36.0,952.68,36.8
Lavale AWS,18.5422,73.7389,15-05-2024 18:20,2024-05-15 18:20:00,2024,5,15,18,136,36.0,952.54,37.1
Lavale AWS,18.5422,73.7389,15-05-2024 18:25,2024-05-15 18:25:00,2024,5,15,18,136,36.1,952.58,38.0
Lavale AWS,18.5422,73.7389,15-05-2024 18:30,2024-05-15 18:30:00,2024,5,15,18,136,35.8,952.53,38.4
Lavale AWS,18.5422,73.7389,15-05-2024 18:35,2024-05-15 18:35:00,2024,5,15,18,136,35.6,952.67,38.3
Lavale AWS,18.5422,73.7389,15-05-2024 18:40,2024-05-15 18:40:00,2024,5,15,18,136,35.4,952.71,38.8
Lavale AWS,18.5422,73.7389,15-05-2024 18:45,2024-05-15 18:45:00,2024,5,15,18,136,35.0,952.69,39.6
Lavale AWS,18.5422,73.7389,15-05-2024 18:50,2024-05-15 18:50:00,2024,5,15,18,136,34.8,952.64,40.0
Lavale AWS,18.5422,73.7389,15-05-2024 18:55,2024-05-15 18:55:00,2024,5,15,18,136,34.4,952.51,41.0
Lavale AWS,18.5422,73.7389,15-05-2024 19:00,2024-05-15 19:00:00,2024,5,15,19,136,34.4,952.4,41.7
Lavale AWS,18.5422,73.7389,15-05-2024 19:05,2024-05-15 19:05:00,2024,5,15,19,136,1.6249831284356304,952.35,41.7
Lavale AWS,18.5422,73.7389,15-05-2024 19:10,2024-05-15 19:10:00,2024,5,15,19,136,1.524983128435629,952.29,41.9
Lavale AWS,18.5422,73.7389,15-05-2024 19:15,2024-05-15 19:15:00,2024,5,15,19,136,1.2249831284356318,952.2,42.4
Lavale AWS,18.5422,73.7389,15-05-2024 19:20,2024-05-15 19:20:00,2024,5,15,19,136,33.7,952.23,42.2
Lavale AWS,18.5422,73.7389,15-05-2024 19:25,2024-05-15 19:25:00,2024,5,15,19,136,33.6,952.26,42.8
Lavale AWS,18.5422,73.7389,15-05-2024 19:30,2024-05-15 19:30:00,2024,5,15,19,136,33.5,952.21,42.5
Lavale AWS,18.5422,73.7389,15-05-2024 19:35,2024-05-15 19:35:00,2024,5,15,19,136,33.3,952.35,43.5
Lavale AWS,18.5422,73.7389,15-05-2024 19:40,2024-05-15 19:40:00,2024,5,15,19,136,33.1,952.18,44.3
Lavale AWS,18.5422,73.7389,15-05-2024 19:45,2024-05-15 19:45:00,2024,5,15,19,136,33.2,952.17,45.0
Lavale AWS,18.5422,73.7389,15-05-2024 19:50,2024-05-15 19:50:00,2024,5,15,19,136,33.2,952.12,45.2
Lavale AWS,18.5422,73.7389,15-05-2024 19:55,2024-05-15 19:55:00,2024,5,15,19,136,33.3,952.05,45.7
Lavale AWS,18.5422,73.7389,15-05-2024 20:00,2024-05-15 20:00:00,2024,5,15,20,136,33.3,951.96,46.0
Lavale AWS,18.5422,73.7389,15-05-2024 20:05,2024-05-15 20:05:00,2024,5,15,20,136,33.4,951.93,46.1
Lavale AWS,18.5422,73.7389,15-05-2024 20:10,2024-05-15 20:10:00,2024,5,15,20,136,33.1,951.88,46.5
Lavale AWS,18.5422,73.7389,15-05-2024 20:15,2024-05-15 20:15:00,2024,5,15,20,136,33.0,951.81,47.3
Lavale AWS,18.5422,73.7389,15-05-2024 20:20,2024-05-15 20:20:00,2024,5,15,20,136,32.7,951.67,47.8
Lavale AWS,18.5422,73.7389,15-05-2024 20:25,2024-05-15 20:25:00,2024,5,15,20,136,32.3,951.51,48.9
Lavale AWS,18.5422,73.7389,15-05-2024 20:30,2024-05-15 20:30:00,2024,5,15,20,136,32.3,951.45,49.7
Lavale AWS,18.5422,73.7389,15-05-2024 20:35,2024-05-15 20:35:00,2024,5,15,20,136,32.1,951.38,50.4
Lavale AWS,18.5422,73.7389,15-05-2024 20:40,2024-05-15 20:40:00,2024,5,15,20,136,31.8,951.33,50.2
Lavale AWS,18.5422,73.7389,15-05-2024 20:45,2024-05-15 20:45:00,2024,5,15,20,136,31.6,951.28,50.6
Lavale AWS,18.5422,73.7389,15-05-2024 20:50,2024-05-15 20:50:00,2024,5,15,20,136,31.3,951.2,50.6
Lavale AWS,18.5422,73.7389,15-05-2024 20:55,2024-05-15 20:55:00,2024,5,15,20,136,31.0,951.14,51.1
Lavale AWS,18.5422,73.7389,15-05-2024 21:00,2024-05-15 21:00:00,2024,5,15,21,136,30.8,951.03,51.3
Lavale AWS,18.5422,73.7389,15-05-2024 21:05,2024-05-15 21:05:00,2024,5,15,21,136,30.9,951.11,51.7
Lavale AWS,18.5422,73.7389,15-05-2024 21:10,2024-05-15 21:10:00,2024,5,15,21,136,30.7,950.99,52.6
Lavale AWS,18.5422,73.7389,15-05-2024 21:15,2024-05-15 21:15:00,2024,5,15,21,136,30.8,950.91,53.3
Lavale AWS,18.5422,73.7389,15-05-2024 21:20,2024-05-15 21:20:00,2024,5,15,21,136,30.7,950.8,54.2
Lavale AWS,18.5422,73.7389,15-05-2024 21:25,2024-05-15 21:25:00,2024,5,15,21,136,30.6,950.69,54.1
Lavale AWS,18.5422,73.7389,15-05-2024 21:30,2024-05-15 21:30:00,2024,5,15,21,136,30.6,950.65,54.6
Lavale AWS,18.5422,73.7389,15-05-2024 21:35,2024-05-15 21:35:00,2024,5,15,21,136,30.4,950.59,55.5
Lavale AWS,18.5422,73.7389,15-05-2024 21:40,2024-05-15 21:40:00,2024,5,15,21,136,30.4,950.5,56.5
Lavale AWS,18.5422,73.7389,15-05-2024 21:45,2024-05-15 21:45:00,2024,5,15,21,136,30.3,950.42,56.4
Lavale AWS,18.5422,73.7389,15-05-2024 21:50,2024-05-15 21:50:00,2024,5,15,21,136,29.9,950.31,56.7
Lavale AWS,18.5422,73.7389,15-05-2024 21:55,2024-05-15 21:55:00,2024,5,15,21,136,29.7,950.29,57.6
Lavale AWS,18.5422,73.7389,15-05-2024 22:00,2024-05-15 22:00:00,2024,5,15,22,136,29.7,950.4,57.9
Lavale AWS,18.5422,73.7389,15-05-2024 22:05,2024-05-15 22:05:00,2024,5,15,22,136,29.5,950.27,58.0
Lavale AWS,18.5422,73.7389,15-05-2024 22:10,2024-05-15 22:10:00,2024,5,15,22,136,29.3,950.24,57.9
Lavale AWS,18.5422,73.7389,15-05-2024 22:15,2024-05-15 22:15:00,2024,5,15,22,136,29.1,950.18,58.0
Lavale AWS,18.5422,73.7389,15-05-2024 22:20,2024-05-15 22:20:00,2024,5,15,22,136,28.7,950.18,57.8
Lavale AWS,18.5422,73.7389,15-05-2024 22:25,2024-05-15 22:25:00,2024,5,15,22,136,28.3,950.17,58.3
Lavale AWS,18.5422,73.7389,15-05-2024 22:30,2024-05-15 22:30:00,2024,5,15,22,136,27.9,950.12,59.2
Lavale AWS,18.5422,73.7389,15-05-2024 22:35,2024-05-15 22:35:00,2024,5,15,22,136,27.9,950.05,59.2
Lavale AWS,18.5422,73.7389,15-05-2024 22:40,2024-05-15 22:40:00,2024,5,15,22,136,27.4,949.95,59.8
Lavale AWS,18.5422,73.7389,15-05-2024 22:45,2024-05-15 22:45:00,2024,5,15,22,136,27.2,949.82,60.6
Lavale AWS,18.5422,73.7389,15-05-2024 22:50,2024-05-15 22:50:00,2024,5,15,22,136,27.0,949.76,61.1
Lavale AWS,18.5422,73.7389,15-05-2024 22:55,2024-05-15 22:55:00,2024,5,15,22,136,26.9,949.59,60.9
Lavale AWS,18.5422,73.7389,15-05-2024 23:00,2024-05-15 23:00:00,2024,5,15,23,136,26.5,949.49,61.5
Lavale AWS,18.5422,73.7389,15-05-2024 23:05,2024-05-15 23:05:00,2024,5,15,23,136,26.5,949.53,62.0
Lavale AWS,18.5422,73.7389,15-05-2024 23:10,2024-05-15 23:10:00,2024,5,15,23,136,26.2,949.48,62.4
Lavale AWS,18.5422,73.7389,15-05-2024 23:15,2024-05-15 23:15:00,2024,5,15,23,136,26.3,949.5,62.6
Lavale AWS,18.5422,73.7389,15-05-2024 23:20,2024-05-15 23:20:00,2024,5,15,23,136,26.1,949.57,63.1
Lavale AWS,18.5422,73.7389,15-05-2024 23:25,2024-05-15 23:25:00,2024,5,15,23,136,26.0,949.49,63.7
Lavale AWS,18.5422,73.7389,15-05-2024 23:30,2024-05-15 23:30:00,2024,5,15,23,136,26.0,949.45,65.1
Lavale AWS,18.5422,73.7389,15-05-2024 23:35,2024-05-15 23:35:00,2024,5,15,23,136,25.9,949.38,65.5
Lavale AWS,18.5422,73.7389,15-05-2024 23:40,2024-05-15 23:40:00,2024,5,15,23,136,25.8,949.26,66.4
Lavale AWS,18.5422,73.7389,15-05-2024 23:45,2024-05-15 23:45:00,2024,5,15,23,136,25.7,949.14,66.9
Lavale AWS,18.5422,73.7389,15-05-2024 23:50,2024-05-15 23:50:00,2024,5,15,23,136,25.7,949.16,67.1
Lavale AWS,18.5422,73.7389,15-05-2024 23:55,2024-05-15 23:55:00,2024,5,15,23,136,25.7,949.14,67.5
Lavale AWS,18.5422,73.7389,16-05-2024 00:00,2024-05-16 00:00:00,2024,5,16,0,137,25.5,949.25,67.3
Lavale AWS,18.5422,73.7389,16-05-2024 00:05,2024-05-16 00:05:00,2024,5,16,0,137,25.5,949.28,67.7
Lavale AWS,18.5422,73.7389,16-05-2024 00:10,2024-05-16 00:10:00,2024,5,16,0,137,25.6,949.18,67.2
Lavale AWS,18.5422,73.7389,16-05-2024 00:15,2024-05-16 00:15:00,2024,5,16,0,137,25.6,949.2,67.2
Lavale AWS,18.5422,73.7389,16-05-2024 00:20,2024-05-16 00:20:00,2024,5,16,0,137,25.7,949.14,67.5
Lavale AWS,18.5422,73.7389,16-05-2024 00:25,2024-05-16 00:25:00,2024,5,16,0,137,25.6,949.2,68.3
Lavale AWS,18.5422,73.7389,16-05-2024 00:30,2024-05-16 00:30:00,2024,5,16,0,137,25.4,949.13,69.2
Lavale AWS,18.5422,73.7389,16-05-2024 00:35,2024-05-16 00:35:00,2024,5,16,0,137,25.2,949.01,69.3
Lavale AWS,18.5422,73.7389,16-05-2024 00:40,2024-05-16 00:40:00,2024,5,16,0,137,25.2,948.92,69.6
Lavale AWS,18.5422,73.7389,16-05-2024 00:45,2024-05-16 00:45:00,2024,5,16,0,137,25.2,948.84,70.2
Lavale AWS,18.5422,73.7389,16-05-2024 00:50,2024-05-16 00:50:00,2024,5,16,0,137,25.6,948.76,69.9
Lavale AWS,18.5422,73.7389,16-05-2024 00:55,2024-05-16 00:55:00,2024,5,16,0,137,25.6,948.7,70.3
Lavale AWS,18.5422,73.7389,16-05-2024 01:00,2024-05-16 01:00:00,2024,5,16,1,137,25.4,948.77,70.1
Lavale AWS,18.5422,73.7389,16-05-2024 01:05,2024-05-16 01:05:00,2024,5,16,1,137,25.2,948.9,70.3
Lavale AWS,18.5422,73.7389,16-05-2024 01:10,2024-05-16 01:10:00,2024,5,16,1,137,25.5,948.79,70.3
Lavale AWS,18.5422,73.7389,16-05-2024 01:15,2024-05-16 01:15:00,2024,5,16,1,137,25.3,948.89,70.6
Lavale AWS,18.5422,73.7389,16-05-2024 01:20,2024-05-16 01:20:00,2024,5,16,1,137,25.3,948.85,71.0
Lavale AWS,18.5422,73.7389,16-05-2024 01:25,2024-05-16 01:25:00,2024,5,16,1,137,25.0,948.88,71.5
Lavale AWS,18.5422,73.7389,16-05-2024 01:30,2024-05-16 01:30:00,2024,5,16,1,137,25.2,948.75,71.8
Lavale AWS,18.5422,73.7389,16-05-2024 01:35,2024-05-16 01:35:00,2024,5,16,1,137,25.2,948.8,72.0
Lavale AWS,18.5422,73.7389,16-05-2024 01:40,2024-05-16 01:40:00,2024,5,16,1,137,25.0,948.66,72.8
Lavale AWS,18.5422,73.7389,16-05-2024 01:45,2024-05-16 01:45:00,2024,5,16,1,137,24.8,948.7,72.3
Lavale AWS,18.5422,73.7389,16-05-2024 01:50,2024-05-16 01:50:00,2024,5,16,1,137,24.8,948.75,73.0
Lavale AWS,18.5422,73.7389,16-05-2024 01:55,2024-05-16 01:55:00,2024,5,16,1,137,24.8,948.79,72.9
Lavale AWS,18.5422,73.7389,16-05-2024 02:00,2024-05-16 02:00:00,2024,5,16,2,137,24.9,948.75,73.2
Lavale AWS,18.5422,73.7389,16-05-2024 02:05,2024-05-16 02:05:00,2024,5,16,2,137,24.9,948.83,73.1
Lavale AWS,18.5422,73.7389,16-05-2024 02:10,2024-05-16 02:10:00,2024,5,16,2,137,24.8,948.89,72.8
Lavale AWS,18.5422,73.7389,16-05-2024 02:15,2024-05-16 02:15:00,2024,5,16,2,137,24.7,948.9,73.0
Lavale AWS,18.5422,73.7389,16-05-2024 02:20,2024-05-16 02:20:00,2024,5,16,2,137,24.6,948.99,73.4
Lavale AWS,18.5422,73.7389,16-05-2024 02:25,2024-05-16 02:25:00,2024,5,16,2,137,24.5,949.02,73.6
Lavale AWS,18.5422,73.7389,16-05-2024 02:30,2024-05-16 02:30:00,2024,5,16,2,137,24.5,949.1,73.3
Lavale AWS,18.5422,73.7389,16-05-2024 02:35,2024-05-16 02:35:00,2024,5,16,2,137,24.5,949.13,74.7
Lavale AWS,18.5422,73.7389,16-05-2024 02:40,2024-05-16 02:40:00,2024,5,16,2,137,24.3,949.18,75.1
Lavale AWS,18.5422,73.7389,16-05-2024 02:45,2024-05-16 02:45:00,2024,5,16,2,137,24.4,949.27,75.3
Lavale AWS,18.5422,73.7389,16-05-2024 02:50,2024-05-16 02:50:00,2024,5,16,2,137,24.4,949.28,75.0
Lavale AWS,18.5422,73.7389,16-05-2024 02:55,2024-05-16 02:55:00,2024,5,16,2,137,24.3,949.22,74.6
Lavale AWS,18.5422,73.7389,16-05-2024 03:00,2024-05-16 03:00:00,2024,5,16,3,137,24.2,949.29,74.3
Lavale AWS,18.5422,73.7389,16-05-2024 03:05,2024-05-16 03:05:00,2024,5,16,3,137,24.3,949.44,74.6
Lavale AWS,18.5422,73.7389,16-05-2024 03:10,2024-05-16 03:10:00,2024,5,16,3,137,24.3,949.51,74.0
Lavale AWS,18.5422,73.7389,16-05-2024 03:15,2024-05-16 03:15:00,2024,5,16,3,137,24.4,949.58,73.4
Lavale AWS,18.5422,73.7389,16-05-2024 03:20,2024-05-16 03:20:00,2024,5,16,3,137,24.6,949.62,73.5
Lavale AWS,18.5422,73.7389,16-05-2024 03:25,2024-05-16 03:25:00,2024,5,16,3,137,24.8,949.73,73.4
Lavale AWS,18.5422,73.7389,16-05-2024 03:30,2024-05-16 03:30:00,2024,5,16,3,137,24.8,949.76,72.9
Lavale AWS,18.5422,73.7389,16-05-2024 03:35,2024-05-16 03:35:00,2024,5,16,3,137,24.7,949.78,72.3
Lavale AWS,18.5422,73.7389,16-05-2024 03:40,2024-05-16 03:40:00,2024,5,16,3,137,24.7,949.92,72.7
Lavale AWS,18.5422,73.7389,16-05-2024 03:45,2024-05-16 03:45:00,2024,5,16,3,137,24.6,949.92,72.7
Lavale AWS,18.5422,73.7389,16-05-2024 03:50,2024-05-16 03:50:00,2024,5,16,3,137,24.9,950.04,71.9
Lavale AWS,18.5422,73.7389,16-05-2024 03:55,2024-05-16 03:55:00,2024,5,16,3,137,25.2,950.18,71.2
Lavale AWS,18.5422,73.7389,16-05-2024 04:00,2024-05-16 04:00:00,2024,5,16,4,137,25.3,950.27,70.9
Lavale AWS,18.5422,73.7389,16-05-2024 04:05,2024-05-16 04:05:00,2024,5,16,4,137,25.5,950.21,71.0
Lavale AWS,18.5422,73.7389,16-05-2024 04:10,2024-05-16 04:10:00,2024,5,16,4,137,25.5,950.26,71.1
Lavale AWS,18.5422,73.7389,16-05-2024 04:15,2024-05-16 04:15:00,2024,5,16,4,137,25.6,950.29,71.3
Lavale AWS,18.5422,73.7389,16-05-2024 04:20,2024-05-16 04:20:00,2024,5,16,4,137,25.4,950.3,70.5
Lavale AWS,18.5422,73.7389,16-05-2024 04:25,2024-05-16 04:25:00,2024,5,16,4,137,25.4,950.36,70.3
Lavale AWS,18.5422,73.7389,16-05-2024 04:30,2024-05-16 04:30:00,2024,5,16,4,137,25.3,950.47,70.7
Lavale AWS,18.5422,73.7389,16-05-2024 04:35,2024-05-16 04:35:00,2024,5,16,4,137,25.4,950.48,70.9
Lavale AWS,18.5422,73.7389,16-05-2024 04:40,2024-05-16 04:40:00,2024,5,16,4,137,25.5,950.52,70.8
Lavale AWS,18.5422,73.7389,16-05-2024 04:45,2024-05-16 04:45:00,2024,5,16,4,137,25.8,950.54,71.4
Lavale AWS,18.5422,73.7389,16-05-2024 04:50,2024-05-16 04:50:00,2024,5,16,4,137,26.0,950.68,71.3
Lavale AWS,18.5422,73.7389,16-05-2024 04:55,2024-05-16 04:55:00,2024,5,16,4,137,26.1,950.7,71.3
Lavale AWS,18.5422,73.7389,16-05-2024 05:00,2024-05-16 05:00:00,2024,5,16,5,137,26.1,950.65,70.9
Lavale AWS,18.5422,73.7389,16-05-2024 05:05,2024-05-16 05:05:00,2024,5,16,5,137,26.4,950.56,70.2
Lavale AWS,18.5422,73.7389,16-05-2024 05:10,2024-05-16 05:10:00,2024,5,16,5,137,26.5,950.64,69.4
Lavale AWS,18.5422,73.7389,16-05-2024 05:15,2024-05-16 05:15:00,2024,5,16,5,137,26.6,950.63,69.1
Lavale AWS,18.5422,73.7389,16-05-2024 05:20,2024-05-16 05:20:00,2024,5,16,5,137,26.6,950.72,68.6
Lavale AWS,18.5422,73.7389,16-05-2024 05:25,2024-05-16 05:25:00,2024,5,16,5,137,26.6,950.66,67.6
Lavale AWS,18.5422,73.7389,16-05-2024 05:30,2024-05-16 05:30:00,2024,5,16,5,137,26.7,950.66,66.8
Lavale AWS,18.5422,73.7389,16-05-2024 05:35,2024-05-16 05:35:00,2024,5,16,5,137,26.5,950.6,66.3
Lavale AWS,18.5422,73.7389,16-05-2024 05:40,2024-05-16 05:40:00,2024,5,16,5,137,26.3,950.68,66.3
Lavale AWS,18.5422,73.7389,16-05-2024 05:45,2024-05-16 05:45:00,2024,5,16,5,137,26.5,950.77,65.9
Lavale AWS,18.5422,73.7389,16-05-2024 05:50,2024-05-16 05:50:00,2024,5,16,5,137,26.8,950.83,65.5
Lavale AWS,18.5422,73.7389,16-05-2024 05:55,2024-05-16 05:55:00,2024,5,16,5,137,27.0,950.78,64.7
Lavale AWS,18.5422,73.7389,16-05-2024 06:00,2024-05-16 06:00:00,2024,5,16,6,137,27.0,950.75,64.4
Lavale AWS,18.5422,73.7389,16-05-2024 06:05,2024-05-16 06:05:00,2024,5,16,6,137,26.9,950.8,64.5
Lavale AWS,18.5422,73.7389,16-05-2024 06:10,2024-05-16 06:10:00,2024,5,16,6,137,27.1,950.7,64.2
Lavale AWS,18.5422,73.7389,16-05-2024 06:15,2024-05-16 06:15:00,2024,5,16,6,137,27.1,950.71,63.2
Lavale AWS,18.5422,73.7389,16-05-2024 06:20,2024-05-16 06:20:00,2024,5,16,6,137,27.3,950.86,62.3
Lavale AWS,18.5422,73.7389,16-05-2024 06:25,2024-05-16 06:25:00,2024,5,16,6,137,27.5,950.86,62.2
Lavale AWS,18.5422,73.7389,16-05-2024 06:30,2024-05-16 06:30:00,2024,5,16,6,137,27.7,950.76,61.7
Lavale AWS,18.5422,73.7389,16-05-2024 06:35,2024-05-16 06:35:00,2024,5,16,6,137,27.8,950.74,61.3
Lavale AWS,18.5422,73.7389,16-05-2024 06:40,2024-05-16 06:40:00,2024,5,16,6,137,28.0,950.7,60.7
Lavale AWS,18.5422,73.7389,16-05-2024 06:45,2024-05-16 06:45:00,2024,5,16,6,137,28.1,950.89,60.5
Lavale AWS,18.5422,73.7389,16-05-2024 06:50,2024-05-16 06:50:00,2024,5,16,6,137,28.1,951.03,60.0
Lavale AWS,18.5422,73.7389,16-05-2024 06:55,2024-05-16 06:55:00,2024,5,16,6,137,28.1,951.09,59.5
Lavale AWS,18.5422,73.7389,16-05-2024 07:00,2024-05-16 07:00:00,2024,5,16,7,137,27.8,951.05,58.8
Lavale AWS,18.5422,73.7389,16-05-2024 07:05,2024-05-16 07:05:00,2024,5,16,7,137,28.0,951.14,58.8
Lavale AWS,18.5422,73.7389,16-05-2024 07:10,2024-05-16 07:10:00,2024,5,16,7,137,28.3,951.04,58.3
Lavale AWS,18.5422,73.7389,16-05-2024 07:15,2024-05-16 07:15:00,2024,5,16,7,137,28.6,951.11,58.1
Lavale AWS,18.5422,73.7389,16-05-2024 07:20,2024-05-16 07:20:00,2024,5,16,7,137,28.8,951.16,57.2
Lavale AWS,18.5422,73.7389,16-05-2024 07:25,2024-05-16 07:25:00,2024,5,16,7,137,28.8,951.12,57.5
Lavale AWS,18.5422,73.7389,16-05-2024 07:30,2024-05-16 07:30:00,2024,5,16,7,137,29.1,951.18,57.6
Lavale AWS,18.5422,73.7389,16-05-2024 07:35,2024-05-16 07:35:00,2024,5,16,7,137,29.2,951.11,56.3
Lavale AWS,18.5422,73.7389,16-05-2024 07:40,2024-05-16 07:40:00,2024,5,16,7,137,29.6,950.98,55.6
Lavale AWS,18.5422,73.7389,16-05-2024 07:45,2024-05-16 07:45:00,2024,5,16,7,137,29.6,951.02,55.3
Lavale AWS,18.5422,73.7389,16-05-2024 07:50,2024-05-16 07:50:00,2024,5,16,7,137,29.6,950.97,54.4
Lavale AWS,18.5422,73.7389,16-05-2024 07:55,2024-05-16 07:55:00,2024,5,16,7,137,29.6,950.98,53.9
Lavale AWS,18.5422,73.7389,16-05-2024 08:00,2024-05-16 08:00:00,2024,5,16,8,137,29.5,951.08,53.7
Lavale AWS,18.5422,73.7389,16-05-2024 08:05,2024-05-16 08:05:00,2024,5,16,8,137,29.5,950.97,53.2
Lavale AWS,18.5422,73.7389,16-05-2024 08:10,2024-05-16 08:10:00,2024,5,16,8,137,29.7,950.9,53.0
Lavale AWS,18.5422,73.7389,16-05-2024 08:15,2024-05-16 08:15:00,2024,5,16,8,137,29.8,950.97,52.2
Lavale AWS,18.5422,73.7389,16-05-2024 08:20,2024-05-16 08:20:00,2024,5,16,8,137,29.4,950.96,50.9
Lavale AWS,18.5422,73.7389,16-05-2024 08:25,2024-05-16 08:25:00,2024,5,16,8,137,29.7,950.84,50.9
Lavale AWS,18.5422,73.7389,16-05-2024 08:30,2024-05-16 08:30:00,2024,5,16,8,137,29.7,950.7,50.9
Lavale AWS,18.5422,73.7389,16-05-2024 08:35,2024-05-16 08:35:00,2024,5,16,8,137,29.9,950.59,51.5
Lavale AWS,18.5422,73.7389,16-05-2024 08:40,2024-05-16 08:40:00,2024,5,16,8,137,30.1,950.47,50.1
Lavale AWS,18.5422,73.7389,16-05-2024 08:45,2024-05-16 08:45:00,2024,5,16,8,137,30.6,950.42,50.0
Lavale AWS,18.5422,73.7389,16-05-2024 08:50,2024-05-16 08:50:00,2024,5,16,8,137,31.0,950.36,48.7
Lavale AWS,18.5422,73.7389,16-05-2024 08:55,2024-05-16 08:55:00,2024,5,16,8,137,31.0,950.32,49.0
Lavale AWS,18.5422,73.7389,16-05-2024 09:00,2024-05-16 09:00:00,2024,5,16,9,137,31.1,950.18,48.8
Lavale AWS,18.5422,73.7389,16-05-2024 09:05,2024-05-16 09:05:00,2024,5,16,9,137,31.5,950.11,48.0
Lavale AWS,18.5422,73.7389,16-05-2024 09:10,2024-05-16 09:10:00,2024,5,16,9,137,31.4,949.87,47.8
Lavale AWS,18.5422,73.7389,16-05-2024 09:15,2024-05-16 09:15:00,2024,5,16,9,137,31.6,949.82,47.2
Lavale AWS,18.5422,73.7389,16-05-2024 09:20,2024-05-16 09:20:00,2024,5,16,9,137,31.8,949.85,46.8
Lavale AWS,18.5422,73.7389,16-05-2024 09:25,2024-05-16 09:25:00,2024,5,16,9,137,31.9,949.67,46.5
Lavale AWS,18.5422,73.7389,16-05-2024 09:30,2024-05-16 09:30:00,2024,5,16,9,137,32.1,949.64,46.7
Lavale AWS,18.5422,73.7389,16-05-2024 09:35,2024-05-16 09:35:00,2024,5,16,9,137,32.3,949.52,47.0
Lavale AWS,18.5422,73.7389,16-05-2024 09:40,2024-05-16 09:40:00,2024,5,16,9,137,32.5,949.52,46.2
Lavale AWS,18.5422,73.7389,16-05-2024 09:45,2024-05-16 09:45:00,2024,5,16,9,137,32.6,949.46,46.2
Lavale AWS,18.5422,73.7389,16-05-2024 09:50,2024-05-16 09:50:00,2024,5,16,9,137,32.9,949.42,45.8
Lavale AWS,18.5422,73.7389,16-05-2024 09:55,2024-05-16 09:55:00,2024,5,16,9,137,33.0,949.35,44.7
Lavale AWS,18.5422,73.7389,16-05-2024 10:00,2024-05-16 10:00:00,2024,5,16,10,137,33.0,949.38,44.0
Lavale AWS,18.5422,73.7389,16-05-2024 10:05,2024-05-16 10:05:00,2024,5,16,10,137,33.2,949.33,44.5
Lavale AWS,18.5422,73.7389,16-05-2024 10:10,2024-05-16 10:10:00,2024,5,16,10,137,33.2,949.2,44.1
Lavale AWS,18.5422,73.7389,16-05-2024 10:15,2024-05-16 10:15:00,2024,5,16,10,137,33.2,949.13,44.0
Lavale AWS,18.5422,73.7389,16-05-2024 10:20,2024-05-16 10:20:00,2024,5,16,10,137,33.3,949.02,43.4
Lavale AWS,18.5422,73.7389,16-05-2024 10:25,2024-05-16 10:25:00,2024,5,16,10,137,33.5,948.96,42.7
Lavale AWS,18.5422,73.7389,16-05-2024 10:30,2024-05-16 10:30:00,2024,5,16,10,137,33.6,948.85,42.3
Lavale AWS,18.5422,73.7389,16-05-2024 10:35,2024-05-16 10:35:00,2024,5,16,10,137,33.9,948.73,41.7
Lavale AWS,18.5422,73.7389,16-05-2024 10:40,2024-05-16 10:40:00,2024,5,16,10,137,34.0,948.68,40.7
Lavale AWS,18.5422,73.7389,16-05-2024 10:45,2024-05-16 10:45:00,2024,5,16,10,137,34.1,948.61,39.9
Lavale AWS,18.5422,73.7389,16-05-2024 10:50,2024-05-16 10:50:00,2024,5,16,10,137,34.3,948.63,39.8
Lavale AWS,18.5422,73.7389,16-05-2024 10:55,2024-05-16 10:55:00,2024,5,16,10,137,34.3,948.53,39.2
Lavale AWS,18.5422,73.7389,16-05-2024 11:00,2024-05-16 11:00:00,2024,5,16,11,137,34.4,948.3,38.9
Lavale AWS,18.5422,73.7389,16-05-2024 11:05,2024-05-16 11:05:00,2024,5,16,11,137,34.7,948.21,38.6
Lavale AWS,18.5422,73.7389,16-05-2024 11:10,2024-05-16 11:10:00,2024,5,16,11,137,34.9,948.03,38.3
Lavale AWS,18.5422,73.7389,16-05-2024 11:15,2024-05-16 11:15:00,2024,5,16,11,137,35.0,948.01,38.4
Lavale AWS,18.5422,73.7389,16-05-2024 11:20,2024-05-16 11:20:00,2024,5,16,11,137,35.0,947.83,37.6
Lavale AWS,18.5422,73.7389,16-05-2024 11:25,2024-05-16 11:25:00,2024,5,16,11,137,35.4,947.71,37.5
Lavale AWS,18.5422,73.7389,16-05-2024 11:30,2024-05-16 11:30:00,2024,5,16,11,137,35.4,947.64,37.5
Lavale AWS,18.5422,73.7389,16-05-2024 11:35,2024-05-16 11:35:00,2024,5,16,11,137,35.3,947.73,37.5
Lavale AWS,18.5422,73.7389,16-05-2024 11:40,2024-05-16 11:40:00,2024,5,16,11,137,35.5,947.6,36.6
Lavale AWS,18.5422,73.7389,16-05-2024 11:45,2024-05-16 11:45:00,2024,5,16,11,137,35.6,947.57,36.3
Lavale AWS,18.5422,73.7389,16-05-2024 11:50,2024-05-16 11:50:00,2024,5,16,11,137,35.6,947.58,36.7
Lavale AWS,18.5422,73.7389,16-05-2024 11:55,2024-05-16 11:55:00,2024,5,16,11,137,35.6,947.67,36.3
Lavale AWS,18.5422,73.7389,16-05-2024 12:00,2024-05-16 12:00:00,2024,5,16,12,137,36.0,947.69,36.1
Lavale AWS,18.5422,73.7389,16-05-2024 12:05,2024-05-16 12:05:00,2024,5,16,12,137,36.1,947.75,36.1
Lavale AWS,18.5422,73.7389,16-05-2024 12:10,2024-05-16 12:10:00,2024,5,16,12,137,36.3,947.78,35.4
Lavale AWS,18.5422,73.7389,16-05-2024 12:15,2024-05-16 12:15:00,2024,5,16,12,137,36.4,947.65,35.8
Lavale AWS,18.5422,73.7389,16-05-2024 12:20,2024-05-16 12:20:00,2024,5,16,12,137,36.5,947.64,35.7
Lavale AWS,18.5422,73.7389,16-05-2024 12:25,2024-05-16 12:25:00,2024,5,16,12,137,36.8,947.68,35.5
Lavale AWS,18.5422,73.7389,16-05-2024 12:30,2024-05-16 12:30:00,2024,5,16,12,137,36.8,947.58,34.6
Lavale AWS,18.5422,73.7389,16-05-2024 12:35,2024-05-16 12:35:00,2024,5,16,12,137,36.6,947.51,34.6
Lavale AWS,18.5422,73.7389,16-05-2024 12:40,2024-05-16 12:40:00,2024,5,16,12,137,36.8,947.43,34.5
Lavale AWS,18.5422,73.7389,16-05-2024 12:45,2024-05-16 12:45:00,2024,5,16,12,137,36.9,947.48,34.9
Lavale AWS,18.5422,73.7389,16-05-2024 12:50,2024-05-16 12:50:00,2024,5,16,12,137,37.0,947.46,34.5
Lavale AWS,18.5422,73.7389,16-05-2024 12:55,2024-05-16 12:55:00,2024,5,16,12,137,37.1,947.42,33.8
Lavale AWS,18.5422,73.7389,16-05-2024 13:00,2024-05-16 13:00:00,2024,5,16,13,137,37.0,947.32,33.3
Lavale AWS,18.5422,73.7389,16-05-2024 13:05,2024-05-16 13:05:00,2024,5,16,13,137,37.1,947.31,32.8
Lavale AWS,18.5422,73.7389,16-05-2024 13:10,2024-05-16 13:10:00,2024,5,16,13,137,37.1,947.27,32.2
Lavale AWS,18.5422,73.7389,16-05-2024 13:15,2024-05-16 13:15:00,2024,5,16,13,137,37.0,947.3,32.6
Lavale AWS,18.5422,73.7389,16-05-2024 13:20,2024-05-16 13:20:00,2024,5,16,13,137,37.2,947.22,32.9
Lavale AWS,18.5422,73.7389,16-05-2024 13:25,2024-05-16 13:25:00,2024,5,16,13,137,37.0,947.25,32.6
Lavale AWS,18.5422,73.7389,16-05-2024 13:30,2024-05-16 13:30:00,2024,5,16,13,137,37.4,947.23,32.3
Lavale AWS,18.5422,73.7389,16-05-2024 13:35,2024-05-16 13:35:00,2024,5,16,13,137,37.6,947.16,31.4
Lavale AWS,18.5422,73.7389,16-05-2024 13:40,2024-05-16 13:40:00,2024,5,16,13,137,37.3,947.08,31.6
Lavale AWS,18.5422,73.7389,16-05-2024 13:45,2024-05-16 13:45:00,2024,5,16,13,137,37.3,947.02,32.2
Lavale AWS,18.5422,73.7389,16-05-2024 13:50,2024-05-16 13:50:00,2024,5,16,13,137,37.3,947.04,31.8
Lavale AWS,18.5422,73.7389,16-05-2024 13:55,2024-05-16 13:55:00,2024,5,16,13,137,37.3,947.1,31.6
Lavale AWS,18.5422,73.7389,16-05-2024 14:00,2024-05-16 14:00:00,2024,5,16,14,137,37.2,947.16,31.7
Lavale AWS,18.5422,73.7389,16-05-2024 14:05,2024-05-16 14:05:00,2024,5,16,14,137,37.2,947.23,32.3
Lavale AWS,18.5422,73.7389,16-05-2024 14:10,2024-05-16 14:10:00,2024,5,16,14,137,37.2,947.22,32.3
Lavale AWS,18.5422,73.7389,16-05-2024 14:15,2024-05-16 14:15:00,2024,5,16,14,137,37.1,955.5923687242948,32.3
Lavale AWS,18.5422,73.7389,16-05-2024 14:20,2024-05-16 14:20:00,2024,5,16,14,137,36.9,955.6123687242948,32.3
Lavale AWS,18.5422,73.7389,16-05-2024 14:25,2024-05-16 14:25:00,2024,5,16,14,137,37.1,955.6923687242949,31.6
Lavale AWS,18.5422,73.7389,16-05-2024 14:30,2024-05-16 14:30:00,2024,5,16,14,137,36.8,955.7323687242948,31.0
Lavale AWS,18.5422,73.7389,16-05-2024 14:35,2024-05-16 14:35:00,2024,5,16,14,137,36.9,955.8223687242948,30.7
Lavale AWS,18.5422,73.7389,16-05-2024 14:40,2024-05-16 14:40:00,2024,5,16,14,137,37.0,955.8523687242948,31.1
Lavale AWS,18.5422,73.7389,16-05-2024 14:45,2024-05-16 14:45:00,2024,5,16,14,137,37.0,955.9423687242949,31.0
Lavale AWS,18.5422,73.7389,16-05-2024 14:50,2024-05-16 14:50:00,2024,5,16,14,137,37.0,956.0023687242948,30.9
Lavale AWS,18.5422,73.7389,16-05-2024 14:55,2024-05-16 14:55:00,2024,5,16,14,137,37.1,956.1223687242948,30.7
Lavale AWS,18.5422,73.7389,16-05-2024 15:00,2024-05-16 15:00:00,2024,5,16,15,137,37.0,956.1123687242948,30.7
Lavale AWS,18.5422,73.7389,16-05-2024 15:05,2024-05-16 15:05:00,2024,5,16,15,137,36.9,956.0323687242948,31.5
Lavale AWS,18.5422,73.7389,16-05-2024 15:10,2024-05-16 15:10:00,2024,5,16,15,137,36.8,956.0223687242948,31.5
Lavale AWS,18.5422,73.7389,16-05-2024 15:15,2024-05-16 15:15:00,2024,5,16,15,137,36.9,956.1723687242948,31.3
Lavale AWS,18.5422,73.7389,16-05-2024 15:20,2024-05-16 15:20:00,2024,5,16,15,137,37.1,956.2323687242948,31.4
Lavale AWS,18.5422,73.7389,16-05-2024 15:25,2024-05-16 15:25:00,2024,5,16,15,137,36.8,956.3023687242948,32.3
Lavale AWS,18.5422,73.7389,16-05-2024 15:30,2024-05-16 15:30:00,2024,5,16,15,137,36.9,956.2923687242948,32.2
Lavale AWS,18.5422,73.7389,16-05-2024 15:35,2024-05-16 15:35:00,2024,5,16,15,137,37.0,956.3723687242948,31.8
Lavale AWS,18.5422,73.7389,16-05-2024 15:40,2024-05-16 15:40:00,2024,5,16,15,137,37.2,956.3623687242948,31.8
Lavale AWS,18.5422,73.7389,16-05-2024 15:45,2024-05-16 15:45:00,2024,5,16,15,137,37.1,956.3623687242948,32.0
Lavale AWS,18.5422,73.7389,16-05-2024 15:50,2024-05-16 15:50:00,2024,5,16,15,137,37.0,956.4123687242948,32.4
Lavale AWS,18.5422,73.7389,16-05-2024 15:55,2024-05-16 15:55:00,2024,5,16,15,137,37.1,956.5223687242948,33.0
Lavale AWS,18.5422,73.7389,16-05-2024 16:00,2024-05-16 16:00:00,2024,5,16,16,137,37.1,956.6423687242948,32.8
Lavale AWS,18.5422,73.7389,16-05-2024 16:05,2024-05-16 16:05:00,2024,5,16,16,137,37.4,956.7623687242948,32.6
Lavale AWS,18.5422,73.7389,16-05-2024 16:10,2024-05-16 16:10:00,2024,5,16,16,137,37.4,948.47,32.7
Lavale AWS,18.5422,73.7389,16-05-2024 16:15,2024-05-16 16:15:00,2024,5,16,16,137,37.3,948.55,33.2
Lavale AWS,18.5422,73.7389,16-05-2024 16:20,2024-05-16 16:20:00,2024,5,16,16,137,37.0,948.61,32.9
Lavale AWS,18.5422,73.7389,16-05-2024 16:25,2024-05-16 16:25:00,2024,5,16,16,137,36.8,948.56,33.0
Lavale AWS,18.5422,73.7389,16-05-2024 16:30,2024-05-16 16:30:00,2024,5,16,16,137,36.5,948.64,33.0
Lavale AWS,18.5422,73.7389,16-05-2024 16:35,2024-05-16 16:35:00,2024,5,16,16,137,36.3,948.69,33.7
Lavale AWS,18.5422,73.7389,16-05-2024 16:40,2024-05-16 16:40:00,2024,5,16,16,137,36.3,948.81,34.2
Lavale AWS,18.5422,73.7389,16-05-2024 16:45,2024-05-16 16:45:00,2024,5,16,16,137,36.2,948.89,34.9
Lavale AWS,18.5422,73.7389,16-05-2024 16:50,2024-05-16 16:50:00,2024,5,16,16,137,36.3,948.92,35.7
Lavale AWS,18.5422,73.7389,16-05-2024 16:55,2024-05-16 16:55:00,2024,5,16,16,137,36.2,949.06,35.8
Lavale AWS,18.5422,73.7389,16-05-2024 17:00,2024-05-16 17:00:00,2024,5,16,17,137,36.0,948.95,35.6
Lavale AWS,18.5422,73.7389,16-05-2024 17:05,2024-05-16 17:05:00,2024,5,16,17,137,35.9,949.02,35.5
Lavale AWS,18.5422,73.7389,16-05-2024 17:10,2024-05-16 17:10:00,2024,5,16,17,137,35.8,948.95,35.1
Lavale AWS,18.5422,73.7389,16-05-2024 17:15,2024-05-16 17:15:00,2024,5,16,17,137,35.7,948.95,35.3
Lavale AWS,18.5422,73.7389,16-05-2024 17:20,2024-05-16 17:20:00,2024,5,16,17,137,35.6,949.06,35.5
Lavale AWS,18.5422,73.7389,16-05-2024 17:25,2024-05-16 17:25:00,2024,5,16,17,137,35.3,949.03,36.3
Lavale AWS,18.5422,73.7389,16-05-2024 17:30,2024-05-16 17:30:00,2024,5,16,17,137,35.1,948.98,36.7
Lavale AWS,18.5422,73.7389,16-05-2024 17:35,2024-05-16 17:35:00,2024,5,16,17,137,35.4,949.24,36.9
Lavale AWS,18.5422,73.7389,16-05-2024 17:40,2024-05-16 17:40:00,2024,5,16,17,137,35.4,949.2,37.3
Lavale AWS,18.5422,73.7389,16-05-2024 17:45,2024-05-16 17:45:00,2024,5,16,17,137,35.0,949.39,37.3
Lavale AWS,18.5422,73.7389,16-05-2024 17:50,2024-05-16 17:50:00,2024,5,16,17,137,34.5,949.43,38.1
Lavale AWS,18.5422,73.7389,16-05-2024 17:55,2024-05-16 17:55:00,2024,5,16,17,137,34.4,949.44,38.3
Lavale AWS,18.5422,73.7389,16-05-2024 18:00,2024-05-16 18:00:00,2024,5,16,18,137,34.4,949.53,38.3
Lavale AWS,18.5422,73.7389,16-05-2024 18:05,2024-05-16 18:05:00,2024,5,16,18,137,34.2,949.68,39.1
Lavale AWS,18.5422,73.7389,16-05-2024 18:10,2024-05-16 18:10:00,2024,5,16,18,137,34.2,949.63,39.8
Lavale AWS,18.5422,73.7389,16-05-2024 18:15,2024-05-16 18:15:00,2024,5,16,18,137,34.0,949.62,39.5
Lavale AWS,18.5422,73.7389,16-05-2024 18:20,2024-05-16 18:20:00,2024,5,16,18,137,33.9,949.73,40.4
Lavale AWS,18.5422,73.7389,16-05-2024 18:25,2024-05-16 18:25:00,2024,5,16,18,137,33.8,949.78,40.6
Lavale AWS,18.5422,73.7389,16-05-2024 18:30,2024-05-16 18:30:00,2024,5,16,18,137,33.6,949.89,40.9
Lavale AWS,18.5422,73.7389,16-05-2024 18:35,2024-05-16 18:35:00,2024,5,16,18,137,33.4,949.95,41.5
Lavale AWS,18.5422,73.7389,16-05-2024 18:40,2024-05-16 18:40:00,2024,5,16,18,137,33.3,950.11,42.2
Lavale AWS,18.5422,73.7389,16-05-2024 18:45,2024-05-16 18:45:00,2024,5,16,18,137,33.2,950.13,42.9
Lavale AWS,18.5422,73.7389,16-05-2024 18:50,2024-05-16 18:50:00,2024,5,16,18,137,33.3,950.15,43.4
Lavale AWS,18.5422,73.7389,16-05-2024 18:55,2024-05-16 18:55:00,2024,5,16,18,137,33.2,950.18,43.7
Lavale AWS,18.5422,73.7389,16-05-2024 19:00,2024-05-16 19:00:00,2024,5,16,19,137,33.2,950.16,44.3
Lavale AWS,18.5422,73.7389,16-05-2024 19:05,2024-05-16 19:05:00,2024,5,16,19,137,33.0,950.22,44.8
Lavale AWS,18.5422,73.7389,16-05-2024 19:10,2024-05-16 19:10:00,2024,5,16,19,137,32.9,950.23,46.0
Lavale AWS,18.5422,73.7389,16-05-2024 19:15,2024-05-16 19:15:00,2024,5,16,19,137,32.7,950.28,46.7
Lavale AWS,18.5422,73.7389,16-05-2024 19:20,2024-05-16 19:20:00,2024,5,16,19,137,32.5,950.33,46.8
Lavale AWS,18.5422,73.7389,16-05-2024 19:25,2024-05-16 19:25:00,2024,5,16,19,137,32.2,950.34,47.1
Lavale AWS,18.5422,73.7389,16-05-2024 19:30,2024-05-16 19:30:00,2024,5,16,19,137,32.2,950.35,47.6
Lavale AWS,18.5422,73.7389,16-05-2024 19:35,2024-05-16 19:35:00,2024,5,16,19,137,32.0,950.23,48.6
Lavale AWS,18.5422,73.7389,16-05-2024 19:40,2024-05-16 19:40:00,2024,5,16,19,137,32.2,950.16,49.6
Lavale AWS,18.5422,73.7389,16-05-2024 19:45,2024-05-16 19:45:00,2024,5,16,19,137,32.3,950.19,49.9
Lavale AWS,18.5422,73.7389,16-05-2024 19:50,2024-05-16 19:50:00,2024,5,16,19,137,32.2,950.27,50.0
Lavale AWS,18.5422,73.7389,16-05-2024 19:55,2024-05-16 19:55:00,2024,5,16,19,137,32.0,950.07,50.0
Lavale AWS,18.5422,73.7389,16-05-2024 20:00,2024-05-16 20:00:00,2024,5,16,20,137,31.6,949.98,50.6
Lavale AWS,18.5422,73.7389,16-05-2024 20:05,2024-05-16 20:05:00,2024,5,16,20,137,31.6,949.94,52.0
Lavale AWS,18.5422,73.7389,16-05-2024 20:10,2024-05-16 20:10:00,2024,5,16,20,137,31.4,949.83,52.7
Lavale AWS,18.5422,73.7389,16-05-2024 20:15,2024-05-16 20:15:00,2024,5,16,20,137,31.3,949.72,52.5
Lavale AWS,18.5422,73.7389,16-05-2024 20:20,2024-05-16 20:20:00,2024,5,16,20,137,31.3,949.71,52.7
Lavale AWS,18.5422,73.7389,16-05-2024 20:25,2024-05-16 20:25:00,2024,5,16,20,137,31.0,949.79,52.9
Lavale AWS,18.5422,73.7389,16-05-2024 20:30,2024-05-16 20:30:00,2024,5,16,20,137,30.6,949.58,53.1
Lavale AWS,18.5422,73.7389,16-05-2024 20:35,2024-05-16 20:35:00,2024,5,16,20,137,30.4,949.52,53.4
Lavale AWS,18.5422,73.7389,16-05-2024 20:40,2024-05-16 20:40:00,2024,5,16,20,137,30.3,949.5,54.1
Lavale AWS,18.5422,73.7389,16-05-2024 20:45,2024-05-16 20:45:00,2024,5,16,20,137,30.2,949.51,54.9
Lavale AWS,18.5422,73.7389,16-05-2024 20:50,2024-05-16 20:50:00,2024,5,16,20,137,29.8,949.48,55.8
Lavale AWS,18.5422,73.7389,16-05-2024 20:55,2024-05-16 20:55:00,2024,5,16,20,137,29.8,949.56,56.5
Lavale AWS,18.5422,73.7389,16-05-2024 21:00,2024-05-16 21:00:00,2024,5,16,21,137,29.4,949.5,56.2
Lavale AWS,18.5422,73.7389,16-05-2024 21:05,2024-05-16 21:05:00,2024,5,16,21,137,29.1,949.54,56.3
Lavale AWS,18.5422,73.7389,16-05-2024 21:10,2024-05-16 21:10:00,2024,5,16,21,137,28.9,949.41,56.7
Lavale AWS,18.5422,73.7389,16-05-2024 21:15,2024-05-16 21:15:00,2024,5,16,21,137,28.6,949.34,57.3
Lavale AWS,18.5422,73.7389,16-05-2024 21:20,2024-05-16 21:20:00,2024,5,16,21,137,28.6,949.17,58.2
Lavale AWS,18.5422,73.7389,16-05-2024 21:25,2024-05-16 21:25:00,2024,5,16,21,137,28.4,949.18,58.7
Lavale AWS,18.5422,73.7389,16-05-2024 21:30,2024-05-16 21:30:00,2024,5,16,21,137,28.5,949.09,59.2
Lavale AWS,18.5422,73.7389,16-05-2024 21:35,2024-05-16 21:35:00,2024,5,16,21,137,28.3,949.05,59.8
Lavale AWS,18.5422,73.7389,16-05-2024 21:40,2024-05-16 21:40:00,2024,5,16,21,137,28.1,948.95,60.1
Lavale AWS,18.5422,73.7389,16-05-2024 21:45,2024-05-16 21:45:00,2024,5,16,21,137,28.1,948.93,60.6
Lavale AWS,18.5422,73.7389,16-05-2024 21:50,2024-05-16 21:50:00,2024,5,16,21,137,27.9,948.88,61.6
Lavale AWS,18.5422,73.7389,16-05-2024 21:55,2024-05-16 21:55:00,2024,5,16,21,137,28.0,948.73,62.0
Lavale AWS,18.5422,73.7389,16-05-2024 22:00,2024-05-16 22:00:00,2024,5,16,22,137,27.8,948.58,62.4
Lavale AWS,18.5422,73.7389,16-05-2024 22:05,2024-05-16 22:05:00,2024,5,16,22,137,27.3,948.51,62.8
Lavale AWS,18.5422,73.7389,16-05-2024 22:10,2024-05-16 22:10:00,2024,5,16,22,137,27.3,948.49,63.8
Lavale AWS,18.5422,73.7389,16-05-2024 22:15,2024-05-16 22:15:00,2024,5,16,22,137,27.3,948.57,63.7
Lavale AWS,18.5422,73.7389,16-05-2024 22:20,2024-05-16 22:20:00,2024,5,16,22,137,27.2,948.52,64.9
Lavale AWS,18.5422,73.7389,16-05-2024 22:25,2024-05-16 22:25:00,2024,5,16,22,137,26.8,948.52,64.8
Lavale AWS,18.5422,73.7389,16-05-2024 22:30,2024-05-16 22:30:00,2024,5,16,22,137,26.5,948.32,64.9
Lavale AWS,18.5422,73.7389,16-05-2024 22:35,2024-05-16 22:35:00,2024,5,16,22,137,26.3,948.41,65.7
Lavale AWS,18.5422,73.7389,16-05-2024 22:40,2024-05-16 22:40:00,2024,5,16,22,137,26.0,948.38,66.5
Lavale AWS,18.5422,73.7389,16-05-2024 22:45,2024-05-16 22:45:00,2024,5,16,22,137,26.1,948.3,66.3
Lavale AWS,18.5422,73.7389,16-05-2024 22:50,2024-05-16 22:50:00,2024,5,16,22,137,26.0,948.21,66.2
Lavale AWS,18.5422,73.7389,16-05-2024 22:55,2024-05-16 22:55:00,2024,5,16,22,137,25.8,948.05,66.7
Lavale AWS,18.5422,73.7389,16-05-2024 23:00,2024-05-16 23:00:00,2024,5,16,23,137,25.7,947.91,68.1
Lavale AWS,18.5422,73.7389,16-05-2024 23:05,2024-05-16 23:05:00,2024,5,16,23,137,25.7,948.0,68.9
Lavale AWS,18.5422,73.7389,16-05-2024 23:10,2024-05-16 23:10:00,2024,5,16,23,137,25.0,947.86,69.1
Lavale AWS,18.5422,73.7389,16-05-2024 23:15,2024-05-16 23:15:00,2024,5,16,23,137,24.8,947.71,68.5
Lavale AWS,18.5422,73.7389,16-05-2024 23:20,2024-05-16 23:20:00,2024,5,16,23,137,24.5,947.6,68.9
Lavale AWS,18.5422,73.7389,16-05-2024 23:25,2024-05-16 23:25:00,2024,5,16,23,137,24.5,947.45,69.4
Lavale AWS,18.5422,73.7389,16-05-2024 23:30,2024-05-16 23:30:00,2024,5,16,23,137,24.3,947.41,69.5
Lavale AWS,18.5422,73.7389,16-05-2024 23:35,2024-05-16 23:35:00,2024,5,16,23,137,24.2,947.45,69.5
Lavale AWS,18.5422,73.7389,16-05-2024 23:40,2024-05-16 23:40:00,2024,5,16,23,137,23.8,947.36,69.9
Lavale AWS,18.5422,73.7389,16-05-2024 23:45,2024-05-16 23:45:00,2024,5,16,23,137,23.7,947.2,69.9
Lavale AWS,18.5422,73.7389,16-05-2024 23:50,2024-05-16 23:50:00,2024,5,16,23,137,23.8,947.19,71.0
Lavale AWS,18.5422,73.7389,16-05-2024 23:55,2024-05-16 23:55:00,2024,5,16,23,137,23.9,947.16,71.9
Lavale AWS,18.5422,73.7389,17-05-2024 00:00,2024-05-17 00:00:00,2024,5,17,0,138,23.9,947.21,72.4
Lavale AWS,18.5422,73.7389,17-05-2024 00:05,2024-05-17 00:05:00,2024,5,17,0,138,23.7,947.14,72.7
Lavale AWS,18.5422,73.7389,17-05-2024 00:10,2024-05-17 00:10:00,2024,5,17,0,138,23.8,947.09,72.7
Lavale AWS,18.5422,73.7389,17-05-2024 00:15,2024-05-17 00:15:00,2024,5,17,0,138,23.8,947.05,72.9
Lavale AWS,18.5422,73.7389,17-05-2024 00:20,2024-05-17 00:20:00,2024,5,17,0,138,23.7,947.04,73.8
Lavale AWS,18.5422,73.7389,17-05-2024 00:25,2024-05-17 00:25:00,2024,5,17,0,138,23.3,946.99,74.3
Lavale AWS,18.5422,73.7389,17-05-2024 00:30,2024-05-17 00:30:00,2024,5,17,0,138,23.4,946.93,74.6
Lavale AWS,18.5422,73.7389,17-05-2024 00:35,2024-05-17 00:35:00,2024,5,17,0,138,23.2,946.77,75.1
Lavale AWS,18.5422,73.7389,17-05-2024 00:40,2024-05-17 00:40:00,2024,5,17,0,138,23.2,946.72,75.5
Lavale AWS,18.5422,73.7389,17-05-2024 00:45,2024-05-17 00:45:00,2024,5,17,0,138,23.1,946.78,75.7
Lavale AWS,18.5422,73.7389,17-05-2024 00:50,2024-05-17 00:50:00,2024,5,17,0,138,23.3,946.85,76.2
Lavale AWS,18.5422,73.7389,17-05-2024 00:55,2024-05-17 00:55:00,2024,5,17,0,138,23.2,946.82,76.5
Lavale AWS,18.5422,73.7389,17-05-2024 01:00,2024-05-17 01:00:00,2024,5,17,1,138,23.1,946.93,76.9
Lavale AWS,18.5422,73.7389,17-05-2024 01:05,2024-05-17 01:05:00,2024,5,17,1,138,23.3,946.93,77.1
Lavale AWS,18.5422,73.7389,17-05-2024 01:10,2024-05-17 01:10:00,2024,5,17,1,138,23.2,946.83,77.0
Lavale AWS,18.5422,73.7389,17-05-2024 01:15,2024-05-17 01:15:00,2024,5,17,1,138,23.2,946.72,76.8
Lavale AWS,18.5422,73.7389,17-05-2024 01:20,2024-05-17 01:20:00,2024,5,17,1,138,23.1,946.84,76.6
Lavale AWS,18.5422,73.7389,17-05-2024 01:25,2024-05-17 01:25:00,2024,5,17,1,138,22.9,946.83,76.0
Lavale AWS,18.5422,73.7389,17-05-2024 01:30,2024-05-17 01:30:00,2024,5,17,1,138,22.9,946.76,75.7
Lavale AWS,18.5422,73.7389,17-05-2024 01:35,2024-05-17 01:35:00,2024,5,17,1,138,22.9,946.61,75.5
Lavale AWS,18.5422,73.7389,17-05-2024 01:40,2024-05-17 01:40:00,2024,5,17,1,138,23.1,946.61,75.4
Lavale AWS,18.5422,73.7389,17-05-2024 01:45,2024-05-17 01:45:00,2024,5,17,1,138,23.2,946.61,76.1
Lavale AWS,18.5422,73.7389,17-05-2024 01:50,2024-05-17 01:50:00,2024,5,17,1,138,23.1,946.61,76.1
Lavale AWS,18.5422,73.7389,17-05-2024 01:55,2024-05-17 01:55:00,2024,5,17,1,138,22.9,946.61,76.3
Lavale AWS,18.5422,73.7389,17-05-2024 02:00,2024-05-17 02:00:00,2024,5,17,2,138,22.9,946.61,76.4
Lavale AWS,18.5422,73.7389,17-05-2024 02:05,2024-05-17 02:05:00,2024,5,17,2,138,22.6,946.61,77.1
Lavale AWS,18.5422,73.7389,17-05-2024 02:10,2024-05-17 02:10:00,2024,5,17,2,138,22.6,946.61,76.8
Lavale AWS,18.5422,73.7389,17-05-2024 02:15,2024-05-17 02:15:00,2024,5,17,2,138,22.5,946.61,76.7
Lavale AWS,18.5422,73.7389,17-05-2024 02:20,2024-05-17 02:20:00,2024,5,17,2,138,22.6,946.61,76.7
Lavale AWS,18.5422,73.7389,17-05-2024 02:25,2024-05-17 02:25:00,2024,5,17,2,138,22.3,946.61,77.1
Lavale AWS,18.5422,73.7389,17-05-2024 02:30,2024-05-17 02:30:00,2024,5,17,2,138,22.2,946.61,77.6
Lavale AWS,18.5422,73.7389,17-05-2024 02:35,2024-05-17 02:35:00,2024,5,17,2,138,22.1,946.61,77.7
Lavale AWS,18.5422,73.7389,17-05-2024 02:40,2024-05-17 02:40:00,2024,5,17,2,138,22.3,946.61,78.1
Lavale AWS,18.5422,73.7389,17-05-2024 02:45,2024-05-17 02:45:00,2024,5,17,2,138,22.1,947.22,78.0
Lavale AWS,18.5422,73.7389,17-05-2024 02:50,2024-05-17 02:50:00,2024,5,17,2,138,22.2,947.22,77.8
Lavale AWS,18.5422,73.7389,17-05-2024 02:55,2024-05-17 02:55:00,2024,5,17,2,138,22.2,947.21,78.2
Lavale AWS,18.5422,73.7389,17-05-2024 03:00,2024-05-17 03:00:00,2024,5,17,3,138,22.4,947.35,78.2
Lavale AWS,18.5422,73.7389,17-05-2024 03:05,2024-05-17 03:05:00,2024,5,17,3,138,22.5,947.42,77.7
Lavale AWS,18.5422,73.7389,17-05-2024 03:10,2024-05-17 03:10:00,2024,5,17,3,138,22.6,947.52,77.9
Lavale AWS,18.5422,73.7389,17-05-2024 03:15,2024-05-17 03:15:00,2024,5,17,3,138,22.5,947.61,77.6
Lavale AWS,18.5422,73.7389,17-05-2024 03:20,2024-05-17 03:20:00,2024,5,17,3,138,22.3,947.73,77.3
Lavale AWS,18.5422,73.7389,17-05-2024 03:25,2024-05-17 03:25:00,2024,5,17,3,138,22.4,947.78,77.5
Lavale AWS,18.5422,73.7389,17-05-2024 03:30,2024-05-17 03:30:00,2024,5,17,3,138,22.5,947.82,77.2
Lavale AWS,18.5422,73.7389,17-05-2024 03:35,2024-05-17 03:35:00,2024,5,17,3,138,22.3,947.84,77.1
Lavale AWS,18.5422,73.7389,17-05-2024 03:40,2024-05-17 03:40:00,2024,5,17,3,138,22.2,947.81,77.2
Lavale AWS,18.5422,73.7389,17-05-2024 03:45,2024-05-17 03:45:00,2024,5,17,3,138,22.3,947.8,76.6
Lavale AWS,18.5422,73.7389,17-05-2024 03:50,2024-05-17 03:50:00,2024,5,17,3,138,22.5,947.86,76.5
Lavale AWS,18.5422,73.7389,17-05-2024 03:55,2024-05-17 03:55:00,2024,5,17,3,138,22.4,947.83,76.8
Lavale AWS,18.5422,73.7389,17-05-2024 04:00,2024-05-17 04:00:00,2024,5,17,4,138,22.4,947.81,76.1
Lavale AWS,18.5422,73.7389,17-05-2024 04:05,2024-05-17 04:05:00,2024,5,17,4,138,22.2,947.99,76.0
Lavale AWS,18.5422,73.7389,17-05-2024 04:10,2024-05-17 04:10:00,2024,5,17,4,138,22.5,948.11,75.4
Lavale AWS,18.5422,73.7389,17-05-2024 04:15,2024-05-17 04:15:00,2024,5,17,4,138,22.4,948.16,75.5
Lavale AWS,18.5422,73.7389,17-05-2024 04:20,2024-05-17 04:20:00,2024,5,17,4,138,22.6,948.43,75.6
Lavale AWS,18.5422,73.7389,17-05-2024 04:25,2024-05-17 04:25:00,2024,5,17,4,138,22.7,948.39,75.1
Lavale AWS,18.5422,73.7389,17-05-2024 04:30,2024-05-17 04:30:00,2024,5,17,4,138,23.0,948.55,75.7
Lavale AWS,18.5422,73.7389,17-05-2024 04:35,2024-05-17 04:35:00,2024,5,17,4,138,23.0,948.63,75.7
Lavale AWS,18.5422,73.7389,17-05-2024 04:40,2024-05-17 04:40:00,2024,5,17,4,138,23.1,948.77,75.6
Lavale AWS,18.5422,73.7389,17-05-2024 04:45,2024-05-17 04:45:00,2024,5,17,4,138,23.0,948.86,75.5
Lavale AWS,18.5422,73.7389,17-05-2024 04:50,2024-05-17 04:50:00,2024,5,17,4,138,22.8,948.78,75.4
Lavale AWS,18.5422,73.7389,17-05-2024 04:55,2024-05-17 04:55:00,2024,5,17,4,138,23.0,948.87,74.6
Lavale AWS,18.5422,73.7389,17-05-2024 05:00,2024-05-17 05:00:00,2024,5,17,5,138,22.9,948.98,74.2
Lavale AWS,18.5422,73.7389,17-05-2024 05:05,2024-05-17 05:05:00,2024,5,17,5,138,23.0,948.87,73.9
Lavale AWS,18.5422,73.7389,17-05-2024 05:10,2024-05-17 05:10:00,2024,5,17,5,138,23.3,949.11,73.3
Lavale AWS,18.5422,73.7389,17-05-2024 05:15,2024-05-17 05:15:00,2024,5,17,5,138,23.6,949.21,73.1
Lavale AWS,18.5422,73.7389,17-05-2024 05:20,2024-05-17 05:20:00,2024,5,17,5,138,23.6,949.33,73.1
Lavale AWS,18.5422,73.7389,17-05-2024 05:25,2024-05-17 05:25:00,2024,5,17,5,138,23.5,949.3,72.5
Lavale AWS,18.5422,73.7389,17-05-2024 05:30,2024-05-17 05:30:00,2024,5,17,5,138,23.7,949.42,72.0
Lavale AWS,18.5422,73.7389,17-05-2024 05:35,2024-05-17 05:35:00,2024,5,17,5,138,24.1,949.56,71.2
Lavale AWS,18.5422,73.7389,17-05-2024 05:40,2024-05-17 05:40:00,2024,5,17,5,138,24.1,949.64,70.0
Lavale AWS,18.5422,73.7389,17-05-2024 05:45,2024-05-17 05:45:00,2024,5,17,5,138,24.2,949.69,69.9
Lavale AWS,18.5422,73.7389,17-05-2024 05:50,2024-05-17 05:50:00,2024,5,17,5,138,24.2,949.67,69.4
Lavale AWS,18.5422,73.7389,17-05-2024 05:55,2024-05-17 05:55:00,2024,5,17,5,138,24.5,949.7,69.0
Lavale AWS,18.5422,73.7389,17-05-2024 06:00,2024-05-17 06:00:00,2024,5,17,6,138,24.8,949.7,68.2
Lavale AWS,18.5422,73.7389,17-05-2024 06:05,2024-05-17 06:05:00,2024,5,17,6,138,24.8,949.79,67.7
Lavale AWS,18.5422,73.7389,17-05-2024 06:10,2024-05-17 06:10:00,2024,5,17,6,138,24.7,949.77,67.7
Lavale AWS,18.5422,73.7389,17-05-2024 06:15,2024-05-17 06:15:00,2024,5,17,6,138,25.2,949.85,67.2
Lavale AWS,18.5422,73.7389,17-05-2024 06:20,2024-05-17 06:20:00,2024,5,17,6,138,25.4,949.82,66.8
Lavale AWS,18.5422,73.7389,17-05-2024 06:25,2024-05-17 06:25:00,2024,5,17,6,138,25.6,949.84,66.4
Lavale AWS,18.5422,73.7389,17-05-2024 06:30,2024-05-17 06:30:00,2024,5,17,6,138,25.6,949.92,65.4
Lavale AWS,18.5422,73.7389,17-05-2024 06:35,2024-05-17 06:35:00,2024,5,17,6,138,25.8,949.89,65.2
Lavale AWS,18.5422,73.7389,17-05-2024 06:40,2024-05-17 06:40:00,2024,5,17,6,138,26.1,949.97,64.3
Lavale AWS,18.5422,73.7389,17-05-2024 06:45,2024-05-17 06:45:00,2024,5,17,6,138,26.3,950.04,63.4
Lavale AWS,18.5422,73.7389,17-05-2024 06:50,2024-05-17 06:50:00,2024,5,17,6,138,26.7,950.03,62.6
Lavale AWS,18.5422,73.7389,17-05-2024 06:55,2024-05-17 06:55:00,2024,5,17,6,138,26.8,950.14,62.1
Lavale AWS,18.5422,73.7389,17-05-2024 07:00,2024-05-17 07:00:00,2024,5,17,7,138,26.9,950.16,61.5
Lavale AWS,18.5422,73.7389,17-05-2024 07:05,2024-05-17 07:05:00,2024,5,17,7,138,27.1,950.25,61.1
Lavale AWS,18.5422,73.7389,17-05-2024 07:10,2024-05-17 07:10:00,2024,5,17,7,138,27.3,950.39,60.3
Lavale AWS,18.5422,73.7389,17-05-2024 07:15,2024-05-17 07:15:00,2024,5,17,7,138,27.5,950.36,60.3
Lavale AWS,18.5422,73.7389,17-05-2024 07:20,2024-05-17 07:20:00,2024,5,17,7,138,27.4,950.4,60.2
Lavale AWS,18.5422,73.7389,17-05-2024 07:25,2024-05-17 07:25:00,2024,5,17,7,138,27.6,950.34,59.7
Lavale AWS,18.5422,73.7389,17-05-2024 07:30,2024-05-17 07:30:00,2024,5,17,7,138,27.7,950.24,59.1
Lavale AWS,18.5422,73.7389,17-05-2024 07:35,2024-05-17 07:35:00,2024,5,17,7,138,27.8,950.21,58.4
Lavale AWS,18.5422,73.7389,17-05-2024 07:40,2024-05-17 07:40:00,2024,5,17,7,138,28.0,950.08,57.8
Lavale AWS,18.5422,73.7389,17-05-2024 07:45,2024-05-17 07:45:00,2024,5,17,7,138,28.0,949.99,56.8
Lavale AWS,18.5422,73.7389,17-05-2024 07:50,2024-05-17 07:50:00,2024,5,17,7,138,28.0,950.02,56.0
Lavale AWS,18.5422,73.7389,17-05-2024 07:55,2024-05-17 07:55:00,2024,5,17,7,138,27.7,949.96,56.0
Lavale AWS,18.5422,73.7389,17-05-2024 08:00,2024-05-17 08:00:00,2024,5,17,8,138,28.2,950.0,55.7
Lavale AWS,18.5422,73.7389,17-05-2024 08:05,2024-05-17 08:05:00,2024,5,17,8,138,28.5,950.0,55.9
Lavale AWS,18.5422,73.7389,17-05-2024 08:10,2024-05-17 08:10:00,2024,5,17,8,138,28.6,950.12,55.3
Lavale AWS,18.5422,73.7389,17-05-2024 08:15,2024-05-17 08:15:00,2024,5,17,8,138,28.7,950.12,54.7
Lavale AWS,18.5422,73.7389,17-05-2024 08:20,2024-05-17 08:20:00,2024,5,17,8,138,28.4,950.17,54.1
Lavale AWS,18.5422,73.7389,17-05-2024 08:25,2024-05-17 08:25:00,2024,5,17,8,138,28.5,950.15,53.5
Lavale AWS,18.5422,73.7389,17-05-2024 08:30,2024-05-17 08:30:00,2024,5,17,8,138,28.8,950.13,52.8
Lavale AWS,18.5422,73.7389,17-05-2024 08:35,2024-05-17 08:35:00,2024,5,17,8,138,29.2,950.17,52.4
Lavale AWS,18.5422,73.7389,17-05-2024 08:40,2024-05-17 08:40:00,2024,5,17,8,138,29.5,950.17,52.0
Lavale AWS,18.5422,73.7389,17-05-2024 08:45,2024-05-17 08:45:00,2024,5,17,8,138,29.7,950.12,51.4
Lavale AWS,18.5422,73.7389,17-05-2024 08:50,2024-05-17 08:50:00,2024,5,17,8,138,30.0,950.08,51.4
Lavale AWS,18.5422,73.7389,17-05-2024 08:55,2024-05-17 08:55:00,2024,5,17,8,138,30.2,950.06,51.7
Lavale AWS,18.5422,73.7389,17-05-2024 09:00,2024-05-17 09:00:00,2024,5,17,9,138,30.5,949.93,51.7
Lavale AWS,18.5422,73.7389,17-05-2024 09:05,2024-05-17 09:05:00,2024,5,17,9,138,30.6,949.81,51.4
Lavale AWS,18.5422,73.7389,17-05-2024 09:10,2024-05-17 09:10:00,2024,5,17,9,138,30.6,949.86,51.1
Lavale AWS,18.5422,73.7389,17-05-2024 09:15,2024-05-17 09:15:00,2024,5,17,9,138,30.6,949.94,51.3
Lavale AWS,18.5422,73.7389,17-05-2024 09:20,2024-05-17 09:20:00,2024,5,17,9,138,30.7,949.79,51.1
Lavale AWS,18.5422,73.7389,17-05-2024 09:25,2024-05-17 09:25:00,2024,5,17,9,138,30.9,949.67,50.2
Lavale AWS,18.5422,73.7389,17-05-2024 09:30,2024-05-17 09:30:00,2024,5,17,9,138,31.0,949.69,49.8
Lavale AWS,18.5422,73.7389,17-05-2024 09:35,2024-05-17 09:35:00,2024,5,17,9,138,31.0,949.66,49.5
Lavale AWS,18.5422,73.7389,17-05-2024 09:40,2024-05-17 09:40:00,2024,5,17,9,138,31.3,949.64,48.6
Lavale AWS,18.5422,73.7389,17-05-2024 09:45,2024-05-17 09:45:00,2024,5,17,9,138,31.5,949.63,47.9
Lavale AWS,18.5422,73.7389,17-05-2024 09:50,2024-05-17 09:50:00,2024,5,17,9,138,31.8,949.53,47.8
Lavale AWS,18.5422,73.7389,17-05-2024 09:55,2024-05-17 09:55:00,2024,5,17,9,138,32.1,949.48,46.5
Lavale AWS,18.5422,73.7389,17-05-2024 10:00,2024-05-17 10:00:00,2024,5,17,10,138,32.1,949.42,45.5
Lavale AWS,18.5422,73.7389,17-05-2024 10:05,2024-05-17 10:05:00,2024,5,17,10,138,32.3,949.27,45.0
Lavale AWS,18.5422,73.7389,17-05-2024 10:10,2024-05-17 10:10:00,2024,5,17,10,138,32.5,949.22,44.7
Lavale AWS,18.5422,73.7389,17-05-2024 10:15,2024-05-17 10:15:00,2024,5,17,10,138,32.5,949.24,43.7
Lavale AWS,18.5422,73.7389,17-05-2024 10:20,2024-05-17 10:20:00,2024,5,17,10,138,32.5,949.14,43.2
Lavale AWS,18.5422,73.7389,17-05-2024 10:25,2024-05-17 10:25:00,2024,5,17,10,138,32.5,949.08,43.2
Lavale AWS,18.5422,73.7389,17-05-2024 10:30,2024-05-17 10:30:00,2024,5,17,10,138,33.0,949.02,42.8
Lavale AWS,18.5422,73.7389,17-05-2024 10:35,2024-05-17 10:35:00,2024,5,17,10,138,33.1,948.92,42.8
Lavale AWS,18.5422,73.7389,17-05-2024 10:40,2024-05-17 10:40:00,2024,5,17,10,138,33.4,948.9,42.1
Lavale AWS,18.5422,73.7389,17-05-2024 10:45,2024-05-17 10:45:00,2024,5,17,10,138,33.5,948.78,41.3
Lavale AWS,18.5422,73.7389,17-05-2024 10:50,2024-05-17 10:50:00,2024,5,17,10,138,33.8,948.82,41.2
Lavale AWS,18.5422,73.7389,17-05-2024 10:55,2024-05-17 10:55:00,2024,5,17,10,138,34.0,948.8,41.0
Lavale AWS,18.5422,73.7389,17-05-2024 11:00,2024-05-17 11:00:00,2024,5,17,11,138,34.3,948.65,40.1
Lavale AWS,18.5422,73.7389,17-05-2024 11:05,2024-05-17 11:05:00,2024,5,17,11,138,34.5,948.72,39.4
Lavale AWS,18.5422,73.7389,17-05-2024 11:10,2024-05-17 11:10:00,2024,5,17,11,138,34.8,948.67,39.6
Lavale AWS,18.5422,73.7389,17-05-2024 11:15,2024-05-17 11:15:00,2024,5,17,11,138,34.9,948.54,38.9
Lavale AWS,18.5422,73.7389,17-05-2024 11:20,2024-05-17 11:20:00,2024,5,17,11,138,35.3,948.57,38.9
Lavale AWS,18.5422,73.7389,17-05-2024 11:25,2024-05-17 11:25:00,2024,5,17,11,138,35.1,948.55,38.3
Lavale AWS,18.5422,73.7389,17-05-2024 11:30,2024-05-17 11:30:00,2024,5,17,11,138,35.3,948.35,38.0
Lavale AWS,18.5422,73.7389,17-05-2024 11:35,2024-05-17 11:35:00,2024,5,17,11,138,35.4,948.25,37.7
Lavale AWS,18.5422,73.7389,17-05-2024 11:40,2024-05-17 11:40:00,2024,5,17,11,138,35.3,948.23,36.5
Lavale AWS,18.5422,73.7389,17-05-2024 11:45,2024-05-17 11:45:00,2024,5,17,11,138,35.5,948.01,35.6
Lavale AWS,18.5422,73.7389,17-05-2024 11:50,2024-05-17 11:50:00,2024,5,17,11,138,35.4,947.98,35.4
Lavale AWS,18.5422,73.7389,17-05-2024 11:55,2024-05-17 11:55:00,2024,5,17,11,138,35.4,947.96,34.9
Lavale AWS,18.5422,73.7389,17-05-2024 12:00,2024-05-17 12:00:00,2024,5,17,12,138,35.2,947.83,35.0
Lavale AWS,18.5422,73.7389,17-05-2024 12:05,2024-05-17 12:05:00,2024,5,17,12,138,35.5,947.82,34.1
Lavale AWS,18.5422,73.7389,17-05-2024 12:10,2024-05-17 12:10:00,2024,5,17,12,138,35.6,947.8,-66.74575514696176
Lavale AWS,18.5422,73.7389,17-05-2024 12:15,2024-05-17 12:15:00,2024,5,17,12,138,36.0,947.69,33.4
Lavale AWS,18.5422,73.7389,17-05-2024 12:20,2024-05-17 12:20:00,2024,5,17,12,138,36.2,947.74,33.0
Lavale AWS,18.5422,73.7389,17-05-2024 12:25,2024-05-17 12:25:00,2024,5,17,12,138,36.3,947.8,32.4
Lavale AWS,18.5422,73.7389,17-05-2024 12:30,2024-05-17 12:30:00,2024,5,17,12,138,36.3,947.76,33.0
Lavale AWS,18.5422,73.7389,17-05-2024 12:35,2024-05-17 12:35:00,2024,5,17,12,138,36.2,947.73,32.3
Lavale AWS,18.5422,73.7389,17-05-2024 12:40,2024-05-17 12:40:00,2024,5,17,12,138,36.3,947.78,32.1
Lavale AWS,18.5422,73.7389,17-05-2024 12:45,2024-05-17 12:45:00,2024,5,17,12,138,36.4,947.76,31.3
Lavale AWS,18.5422,73.7389,17-05-2024 12:50,2024-05-17 12:50:00,2024,5,17,12,138,36.2,947.6,31.8
Lavale AWS,18.5422,73.7389,17-05-2024 12:55,2024-05-17 12:55:00,2024,5,17,12,138,36.1,947.65,31.8
Lavale AWS,18.5422,73.7389,17-05-2024 13:00,2024-05-17 13:00:00,2024,5,17,13,138,36.0,947.59,31.7
Lavale AWS,18.5422,73.7389,17-05-2024 13:05,2024-05-17 13:05:00,2024,5,17,13,138,36.4,947.57,32.2
Lavale AWS,18.5422,73.7389,17-05-2024 13:10,2024-05-17 13:10:00,2024,5,17,13,138,36.8,947.71,32.1
Lavale AWS,18.5422,73.7389,17-05-2024 13:15,2024-05-17 13:15:00,2024,5,17,13,138,36.8,947.71,32.0
Lavale AWS,18.5422,73.7389,17-05-2024 13:20,2024-05-17 13:20:00,2024,5,17,13,138,36.9,947.73,31.9
Lavale AWS,18.5422,73.7389,17-05-2024 13:25,2024-05-17 13:25:00,2024,5,17,13,138,36.9,947.79,32.0
Lavale AWS,18.5422,73.7389,17-05-2024 13:30,2024-05-17 13:30:00,2024,5,17,13,138,36.8,947.86,31.7
Lavale AWS,18.5422,73.7389,17-05-2024 13:35,2024-05-17 13:35:00,2024,5,17,13,138,37.0,947.81,31.5
Lavale AWS,18.5422,73.7389,17-05-2024 13:40,2024-05-17 13:40:00,2024,5,17,13,138,37.3,947.83,31.7
Lavale AWS,18.5422,73.7389,17-05-2024 13:45,2024-05-17 13:45:00,2024,5,17,13,138,37.2,947.87,31.7
Lavale AWS,18.5422,73.7389,17-05-2024 13:50,2024-05-17 13:50:00,2024,5,17,13,138,37.2,947.92,31.5
Lavale AWS,18.5422,73.7389,17-05-2024 13:55,2024-05-17 13:55:00,2024,5,17,13,138,37.2,947.98,30.9
Lavale AWS,18.5422,73.7389,17-05-2024 14:00,2024-05-17 14:00:00,2024,5,17,14,138,37.1,948.23,31.4
Lavale AWS,18.5422,73.7389,17-05-2024 14:05,2024-05-17 14:05:00,2024,5,17,14,138,37.3,948.17,31.1
Lavale AWS,18.5422,73.7389,17-05-2024 14:10,2024-05-17 14:10:00,2024,5,17,14,138,37.1,948.29,31.4
Lavale AWS,18.5422,73.7389,17-05-2024 14:15,2024-05-17 14:15:00,2024,5,17,14,138,37.2,948.42,31.4
Lavale AWS,18.5422,73.7389,17-05-2024 14:20,2024-05-17 14:20:00,2024,5,17,14,138,37.3,948.5,30.8
Lavale AWS,18.5422,73.7389,17-05-2024 14:25,2024-05-17 14:25:00,2024,5,17,14,138,37.3,948.48,31.3
Lavale AWS,18.5422,73.7389,17-05-2024 14:30,2024-05-17 14:30:00,2024,5,17,14,138,37.4,948.66,31.4
Lavale AWS,18.5422,73.7389,17-05-2024 14:35,2024-05-17 14:35:00,2024,5,17,14,138,37.4,948.53,31.9
Lavale AWS,18.5422,73.7389,17-05-2024 14:40,2024-05-17 14:40:00,2024,5,17,14,138,37.6,948.52,31.8
Lavale AWS,18.5422,73.7389,17-05-2024 14:45,2024-05-17 14:45:00,2024,5,17,14,138,37.3,948.67,32.0
Lavale AWS,18.5422,73.7389,17-05-2024 14:50,2024-05-17 14:50:00,2024,5,17,14,138,37.3,948.69,31.3
Lavale AWS,18.5422,73.7389,17-05-2024 14:55,2024-05-17 14:55:00,2024,5,17,14,138,37.2,948.88,31.1
Lavale AWS,18.5422,73.7389,17-05-2024 15:00,2024-05-17 15:00:00,2024,5,17,15,138,36.8,948.81,30.6
Lavale AWS,18.5422,73.7389,17-05-2024 15:05,2024-05-17 15:05:00,2024,5,17,15,138,36.6,948.78,30.6
Lavale AWS,18.5422,73.7389,17-05-2024 15:10,2024-05-17 15:10:00,2024,5,17,15,138,36.5,948.8,30.8
Lavale AWS,18.5422,73.7389,17-05-2024 15:15,2024-05-17 15:15:00,2024,5,17,15,138,36.7,948.9,30.7
Lavale AWS,18.5422,73.7389,17-05-2024 15:20,2024-05-17 15:20:00,2024,5,17,15,138,36.5,948.95,31.1
Lavale AWS,18.5422,73.7389,17-05-2024 15:25,2024-05-17 15:25:00,2024,5,17,15,138,36.4,948.98,30.9
Lavale AWS,18.5422,73.7389,17-05-2024 15:30,2024-05-17 15:30:00,2024,5,17,15,138,36.5,949.17,31.4
Lavale AWS,18.5422,73.7389,17-05-2024 15:35,2024-05-17 15:35:00,2024,5,17,15,138,36.3,949.36,32.0
Lavale AWS,18.5422,73.7389,17-05-2024 15:40,2024-05-17 15:40:00,2024,5,17,15,138,36.0,949.39,32.5
Lavale AWS,18.5422,73.7389,17-05-2024 15:45,2024-05-17 15:45:00,2024,5,17,15,138,35.9,949.32,32.5
Lavale AWS,18.5422,73.7389,17-05-2024 15:50,2024-05-17 15:50:00,2024,5,17,15,138,35.7,949.22,31.8
Lavale AWS,18.5422,73.7389,17-05-2024 15:55,2024-05-17 15:55:00,2024,5,17,15,138,35.5,949.32,32.2
Lavale AWS,18.5422,73.7389,17-05-2024 16:00,2024-05-17 16:00:00,2024,5,17,16,138,35.6,949.45,32.3
Lavale AWS,18.5422,73.7389,17-05-2024 16:05,2024-05-17 16:05:00,2024,5,17,16,138,35.7,949.53,32.1
Lavale AWS,18.5422,73.7389,17-05-2024 16:10,2024-05-17 16:10:00,2024,5,17,16,138,35.8,949.6,32.0
Lavale AWS,18.5422,73.7389,17-05-2024 16:15,2024-05-17 16:15:00,2024,5,17,16,138,36.0,949.61,32.8
Lavale AWS,18.5422,73.7389,17-05-2024 16:20,2024-05-17 16:20:00,2024,5,17,16,138,36.1,949.75,32.6
Lavale AWS,18.5422,73.7389,17-05-2024 16:25,2024-05-17 16:25:00,2024,5,17,16,138,35.7,949.96,33.0
Lavale AWS,18.5422,73.7389,17-05-2024 16:30,2024-05-17 16:30:00,2024,5,17,16,138,35.8,949.85,33.3
Lavale AWS,18.5422,73.7389,17-05-2024 16:35,2024-05-17 16:35:00,2024,5,17,16,138,35.6,949.92,33.4
Lavale AWS,18.5422,73.7389,17-05-2024 16:40,2024-05-17 16:40:00,2024,5,17,16,138,35.5,949.92,33.9
Lavale AWS,18.5422,73.7389,17-05-2024 16:45,2024-05-17 16:45:00,2024,5,17,16,138,35.5,949.88,34.9
Lavale AWS,18.5422,73.7389,17-05-2024 16:50,2024-05-17 16:50:00,2024,5,17,16,138,35.2,949.87,35.0
Lavale AWS,18.5422,73.7389,17-05-2024 16:55,2024-05-17 16:55:00,2024,5,17,16,138,34.9,949.98,35.1
Lavale AWS,18.5422,73.7389,17-05-2024 17:00,2024-05-17 17:00:00,2024,5,17,17,138,35.0,950.09,35.6
Lavale AWS,18.5422,73.7389,17-05-2024 17:05,2024-05-17 17:05:00,2024,5,17,17,138,35.0,950.28,36.2
Lavale AWS,18.5422,73.7389,17-05-2024 17:10,2024-05-17 17:10:00,2024,5,17,17,138,35.0,950.36,36.4
Lavale AWS,18.5422,73.7389,17-05-2024 17:15,2024-05-17 17:15:00,2024,5,17,17,138,34.8,950.28,36.6
Lavale AWS,18.5422,73.7389,17-05-2024 17:20,2024-05-17 17:20:00,2024,5,17,17,138,34.8,950.34,35.9
Lavale AWS,18.5422,73.7389,17-05-2024 17:25,2024-05-17 17:25:00,2024,5,17,17,138,34.9,950.3,36.0
Lavale AWS,18.5422,73.7389,17-05-2024 17:30,2024-05-17 17:30:00,2024,5,17,17,138,34.8,950.27,35.8
Lavale AWS,18.5422,73.7389,17-05-2024 17:35,2024-05-17 17:35:00,2024,5,17,17,138,34.6,950.39,36.5
Lavale AWS,18.5422,73.7389,17-05-2024 17:40,2024-05-17 17:40:00,2024,5,17,17,138,34.4,950.48,36.8
Lavale AWS,18.5422,73.7389,17-05-2024 17:45,2024-05-17 17:45:00,2024,5,17,17,138,34.5,950.59,37.0
Lavale AWS,18.5422,73.7389,17-05-2024 17:50,2024-05-17 17:50:00,2024,5,17,17,138,34.6,950.62,37.4
Lavale AWS,18.5422,73.7389,17-05-2024 17:55,2024-05-17 17:55:00,2024,5,17,17,138,34.4,950.74,37.5
Lavale AWS,18.5422,73.7389,17-05-2024 18:00,2024-05-17 18:00:00,2024,5,17,18,138,34.3,950.76,38.5
Lavale AWS,18.5422,73.7389,17-05-2024 18:05,2024-05-17 18:05:00,2024,5,17,18,138,34.2,950.91,39.4
Lavale AWS,18.5422,73.7389,17-05-2024 18:10,2024-05-17 18:10:00,2024,5,17,18,138,34.1,950.98,40.4
Lavale AWS,18.5422,73.7389,17-05-2024 18:15,2024-05-17 18:15:00,2024,5,17,18,138,33.9,951.01,41.0
Lavale AWS,18.5422,73.7389,17-05-2024 18:20,2024-05-17 18:20:00,2024,5,17,18,138,33.4,951.06,41.4
Lavale AWS,18.5422,73.7389,17-05-2024 18:25,2024-05-17 18:25:00,2024,5,17,18,138,33.5,951.1,42.3
Lavale AWS,18.5422,73.7389,17-05-2024 18:30,2024-05-17 18:30:00,2024,5,17,18,138,33.7,951.26,42.4
Lavale AWS,18.5422,73.7389,17-05-2024 18:35,2024-05-17 18:35:00,2024,5,17,18,138,33.5,951.3,42.4
Lavale AWS,18.5422,73.7389,17-05-2024 18:40,2024-05-17 18:40:00,2024,5,17,18,138,33.2,951.32,42.5
Lavale AWS,18.5422,73.7389,17-05-2024 18:45,2024-05-17 18:45:00,2024,5,17,18,138,33.1,951.32,43.1
Lavale AWS,18.5422,73.7389,17-05-2024 18:50,2024-05-17 18:50:00,2024,5,17,18,138,32.9,951.41,43.2
Lavale AWS,18.5422,73.7389,17-05-2024 18:55,2024-05-17 18:55:00,2024,5,17,18,138,33.0,951.48,43.5
Lavale AWS,18.5422,73.7389,17-05-2024 19:00,2024-05-17 19:00:00,2024,5,17,19,138,32.9,951.46,43.3
Lavale AWS,18.5422,73.7389,17-05-2024 19:05,2024-05-17 19:05:00,2024,5,17,19,138,32.6,951.37,43.9
Lavale AWS,18.5422,73.7389,17-05-2024 19:10,2024-05-17 19:10:00,2024,5,17,19,138,32.3,951.31,43.8
Lavale AWS,18.5422,73.7389,17-05-2024 19:15,2024-05-17 19:15:00,2024,5,17,19,138,32.3,951.3,43.9
Lavale AWS,18.5422,73.7389,17-05-2024 19:20,2024-05-17 19:20:00,2024,5,17,19,138,32.3,951.41,44.8
Lavale AWS,18.5422,73.7389,17-05-2024 19:25,2024-05-17 19:25:00,2024,5,17,19,138,32.3,951.39,45.8
Lavale AWS,18.5422,73.7389,17-05-2024 19:30,2024-05-17 19:30:00,2024,5,17,19,138,32.1,951.33,46.4
Lavale AWS,18.5422,73.7389,17-05-2024 19:35,2024-05-17 19:35:00,2024,5,17,19,138,32.2,951.19,46.9
Lavale AWS,18.5422,73.7389,17-05-2024 19:40,2024-05-17 19:40:00,2024,5,17,19,138,31.8,951.3,47.2
Lavale AWS,18.5422,73.7389,17-05-2024 19:45,2024-05-17 19:45:00,2024,5,17,19,138,31.8,951.34,47.3
Lavale AWS,18.5422,73.7389,17-05-2024 19:50,2024-05-17 19:50:00,2024,5,17,19,138,31.4,951.38,47.6
Lavale AWS,18.5422,73.7389,17-05-2024 19:55,2024-05-17 19:55:00,2024,5,17,19,138,31.1,951.44,47.5
Lavale AWS,18.5422,73.7389,17-05-2024 20:00,2024-05-17 20:00:00,2024,5,17,20,138,31.2,951.4,48.1
Lavale AWS,18.5422,73.7389,17-05-2024 20:05,2024-05-17 20:05:00,2024,5,17,20,138,31.2,951.38,48.6
Lavale AWS,18.5422,73.7389,17-05-2024 20:10,2024-05-17 20:10:00,2024,5,17,20,138,31.0,951.47,48.8
Lavale AWS,18.5422,73.7389,17-05-2024 20:15,2024-05-17 20:15:00,2024,5,17,20,138,30.8,951.44,49.9
Lavale AWS,18.5422,73.7389,17-05-2024 20:20,2024-05-17 20:20:00,2024,5,17,20,138,30.7,951.45,50.6
Lavale AWS,18.5422,73.7389,17-05-2024 20:25,2024-05-17 20:25:00,2024,5,17,20,138,30.6,951.48,51.4
Lavale AWS,18.5422,73.7389,17-05-2024 20:30,2024-05-17 20:30:00,2024,5,17,20,138,30.7,951.48,51.7
Lavale AWS,18.5422,73.7389,17-05-2024 20:35,2024-05-17 20:35:00,2024,5,17,20,138,30.5,951.42,52.1
Lavale AWS,18.5422,73.7389,17-05-2024 20:40,2024-05-17 20:40:00,2024,5,17,20,138,30.1,951.36,52.8
Lavale AWS,18.5422,73.7389,17-05-2024 20:45,2024-05-17 20:45:00,2024,5,17,20,138,30.0,951.37,53.4
Lavale AWS,18.5422,73.7389,17-05-2024 20:50,2024-05-17 20:50:00,2024,5,17,20,138,29.8,951.38,54.4
Lavale AWS,18.5422,73.7389,17-05-2024 20:55,2024-05-17 20:55:00,2024,5,17,20,138,29.4,951.41,54.8
Lavale AWS,18.5422,73.7389,17-05-2024 21:00,2024-05-17 21:00:00,2024,5,17,21,138,29.4,951.39,55.0
Lavale AWS,18.5422,73.7389,17-05-2024 21:05,2024-05-17 21:05:00,2024,5,17,21,138,29.2,951.37,55.7
Lavale AWS,18.5422,73.7389,17-05-2024 21:10,2024-05-17 21:10:00,2024,5,17,21,138,29.1,951.26,55.6
Lavale AWS,18.5422,73.7389,17-05-2024 21:15,2024-05-17 21:15:00,2024,5,17,21,138,28.9,951.15,56.4
Lavale AWS,18.5422,73.7389,17-05-2024 21:20,2024-05-17 21:20:00,2024,5,17,21,138,28.8,951.14,56.3
Lavale AWS,18.5422,73.7389,17-05-2024 21:25,2024-05-17 21:25:00,2024,5,17,21,138,28.5,951.03,57.0
Lavale AWS,18.5422,73.7389,17-05-2024 21:30,2024-05-17 21:30:00,2024,5,17,21,138,28.3,950.96,57.2
Lavale AWS,18.5422,73.7389,17-05-2024 21:35,2024-05-17 21:35:00,2024,5,17,21,138,28.1,951.0,57.8
Lavale AWS,18.5422,73.7389,17-05-2024 21:40,2024-05-17 21:40:00,2024,5,17,21,138,28.3,951.02,58.6
Lavale AWS,18.5422,73.7389,17-05-2024 21:45,2024-05-17 21:45:00,2024,5,17,21,138,28.3,950.97,59.1
Lavale AWS,18.5422,73.7389,17-05-2024 21:50,2024-05-17 21:50:00,2024,5,17,21,138,28.3,950.87,59.0
Lavale AWS,18.5422,73.7389,17-05-2024 21:55,2024-05-17 21:55:00,2024,5,17,21,138,28.4,950.78,59.1
Lavale AWS,18.5422,73.7389,17-05-2024 22:00,2024-05-17 22:00:00,2024,5,17,22,138,28.8,950.78,59.3
Lavale AWS,18.5422,73.7389,17-05-2024 22:05,2024-05-17 22:05:00,2024,5,17,22,138,28.6,950.7,59.0
Lavale AWS,18.5422,73.7389,17-05-2024 22:10,2024-05-17 22:10:00,2024,5,17,22,138,28.7,950.58,59.9
Lavale AWS,18.5422,73.7389,17-05-2024 22:15,2024-05-17 22:15:00,2024,5,17,22,138,28.7,950.61,60.4
Lavale AWS,18.5422,73.7389,17-05-2024 22:20,2024-05-17 22:20:00,2024,5,17,22,138,28.7,950.54,60.4
Lavale AWS,18.5422,73.7389,17-05-2024 22:25,2024-05-17 22:25:00,2024,5,17,22,138,28.7,950.42,61.4
Lavale AWS,18.5422,73.7389,17-05-2024 22:30,2024-05-17 22:30:00,2024,5,17,22,138,,950.39,61.6
Lavale AWS,18.5422,73.7389,17-05-2024 22:35,2024-05-17 22:35:00,2024,5,17,22,138,,950.4,62.1
Lavale AWS,18.5422,73.7389,17-05-2024 22:40,2024-05-17 22:40:00,2024,5,17,22,138,,950.25,62.2
Lavale AWS,18.5422,73.7389,17-05-2024 22:45,2024-05-17 22:45:00,2024,5,17,22,138,,950.16,61.8
Lavale AWS,18.5422,73.7389,17-05-2024 22:50,2024-05-17 22:50:00,2024,5,17,22,138,,950.08,61.7
Lavale AWS,18.5422,73.7389,17-05-2024 22:55,2024-05-17 22:55:00,2024,5,17,22,138,,950.05,62.0
Lavale AWS,18.5422,73.7389,17-05-2024 23:00,2024-05-17 23:00:00,2024,5,17,23,138,,950.04,62.9
Lavale AWS,18.5422,73.7389,17-05-2024 23:05,2024-05-17 23:05:00,2024,5,17,23,138,,949.93,63.5
Lavale AWS,18.5422,73.7389,17-05-2024 23:10,2024-05-17 23:10:00,2024,5,17,23,138,,949.76,63.9
Lavale AWS,18.5422,73.7389,17-05-2024 23:15,2024-05-17 23:15:00,2024,5,17,23,138,27.1,949.79,63.6
Lavale AWS,18.5422,73.7389,17-05-2024 23:20,2024-05-17 23:20:00,2024,5,17,23,138,26.7,949.65,64.5
Lavale AWS,18.5422,73.7389,17-05-2024 23:25,2024-05-17 23:25:00,2024,5,17,23,138,26.5,949.62,65.0
Lavale AWS,18.5422,73.7389,17-05-2024 23:30,2024-05-17 23:30:00,2024,5,17,23,138,26.4,949.57,65.3
Lavale AWS,18.5422,73.7389,17-05-2024 23:35,2024-05-17 23:35:00,2024,5,17,23,138,26.5,949.54,66.2
Lavale AWS,18.5422,73.7389,17-05-2024 23:40,2024-05-17 23:40:00,2024,5,17,23,138,26.2,949.63,67.0
Lavale AWS,18.5422,73.7389,17-05-2024 23:45,2024-05-17 23:45:00,2024,5,17,23,138,26.0,949.83,67.8
Lavale AWS,18.5422,73.7389,17-05-2024 23:50,2024-05-17 23:50:00,2024,5,17,23,138,25.9,949.65,68.0
Lavale AWS,18.5422,73.7389,17-05-2024 23:55,2024-05-17 23:55:00,2024,5,17,23,138,25.4,949.69,67.9
Pashan AWS,18.5362,73.7928,11-05-2024 00:00,2024-05-11 00:00:00,2024,5,11,0,132,25.1,951.9,69.1
Pashan AWS,18.5362,73.7928,11-05-2024 00:05,2024-05-11 00:05:00,2024,5,11,0,132,25.0,951.84,69.4
Pashan AWS,18.5362,73.7928,11-05-2024 00:10,2024-05-11 00:10:00,2024,5,11,0,132,24.9,951.76,69.7
Pashan AWS,18.5362,73.7928,11-05-2024 00:15,2024-05-11 00:15:00,2024,5,11,0,132,25.1,951.65,69.3
Pashan AWS,18.5362,73.7928,11-05-2024 00:20,2024-05-11 00:20:00,2024,5,11,0,132,24.8,951.67,70.0
Pashan AWS,18.5362,73.7928,11-05-2024 00:25,2024-05-11 00:25:00,2024,5,11,0,132,24.6,951.57,69.9
Pashan AWS,18.5362,73.7928,11-05-2024 00:30,2024-05-11 00:30:00,2024,5,11,0,132,24.7,951.7,70.2
Pashan AWS,18.5362,73.7928,11-05-2024 00:35,2024-05-11 00:35:00,2024,5,11,0,132,24.8,951.58,70.9
Pashan AWS,18.5362,73.7928,11-05-2024 00:40,2024-05-11 00:40:00,2024,5,11,0,132,24.7,951.6,71.4
Pashan AWS,18.5362,73.7928,11-05-2024 00:45,2024-05-11 00:45:00,2024,5,11,0,132,24.8,951.72,71.6
Pashan AWS,18.5362,73.7928,11-05-2024 00:50,2024-05-11 00:50:00,2024,5,11,0,132,24.7,951.76,71.6
Pashan AWS,18.5362,73.7928,11-05-2024 00:55,2024-05-11 00:55:00,2024,5,11,0,132,24.9,951.77,72.2
Pashan AWS,18.5362,73.7928,11-05-2024 01:00,2024-05-11 01:00:00,2024,5,11,1,132,24.8,951.68,72.6
Pashan AWS,18.5362,73.7928,11-05-2024 01:05,2024-05-11 01:05:00,2024,5,11,1,132,24.9,951.57,72.5
Pashan AWS,18.5362,73.7928,11-05-2024 01:10,2024-05-11 01:10:00,2024,5,11,1,132,25.2,951.64,72.3
Pashan AWS,18.5362,73.7928,11-05-2024 01:15,2024-05-11 01:15:00,2024,5,11,1,132,25.2,951.77,71.6
Pashan AWS,18.5362,73.7928,11-05-2024 01:20,2024-05-11 01:20:00,2024,5,11,1,132,25.2,951.74,71.8
Pashan AWS,18.5362,73.7928,11-05-2024 01:25,2024-05-11 01:25:00,2024,5,11,1,132,25.2,951.66,71.9
Pashan AWS,18.5362,73.7928,11-05-2024 01:30,2024-05-11 01:30:00,2024,5,11,1,132,25.0,951.48,72.5
Pashan AWS,18.5362,73.7928,11-05-2024 01:35,2024-05-11 01:35:00,2024,5,11,1,132,25.3,951.43,72.7
Pashan AWS,18.5362,73.7928,11-05-2024 01:40,2024-05-11 01:40:00,2024,5,11,1,132,25.3,951.46,73.4
Pashan AWS,18.5362,73.7928,11-05-2024 01:45,2024-05-11 01:45:00,2024,5,11,1,132,25.1,951.62,73.1
Pashan AWS,18.5362,73.7928,11-05-2024 01:50,2024-05-11 01:50:00,2024,5,11,1,132,24.9,951.71,73.6
Pashan AWS,18.5362,73.7928,11-05-2024 01:55,2024-05-11 01:55:00,2024,5,11,1,132,25.0,951.76,73.4
Pashan AWS,18.5362,73.7928,11-05-2024 02:00,2024-05-11 02:00:00,2024,5,11,2,132,25.1,951.77,73.8
Pashan AWS,18.5362,73.7928,11-05-2024 02:05,2024-05-11 02:05:00,2024,5,11,2,132,25.0,951.76,73.2
Pashan AWS,18.5362,73.7928,11-05-2024 02:10,2024-05-11 02:10:00,2024,5,11,2,132,25.0,951.91,73.3
Pashan AWS,18.5362,73.7928,11-05-2024 02:15,2024-05-11 02:15:00,2024,5,11,2,132,24.7,951.96,72.5
Pashan AWS,18.5362,73.7928,11-05-2024 02:20,2024-05-11 02:20:00,2024,5,11,2,132,24.7,951.84,72.4
Pashan AWS,18.5362,73.7928,11-05-2024 02:25,2024-05-11 02:25:00,2024,5,11,2,132,24.7,951.83,72.6
Pashan AWS,18.5362,73.7928,11-05-2024 02:30,2024-05-11 02:30:00,2024,5,11,2,132,25.0,951.82,72.4
Pashan AWS,18.5362,73.7928,11-05-2024 02:35,2024-05-11 02:35:00,2024,5,11,2,132,24.8,951.83,72.0
Pashan AWS,18.5362,73.7928,11-05-2024 02:40,2024-05-11 02:40:00,2024,5,11,2,132,24.6,951.94,72.4
Pashan AWS,18.5362,73.7928,11-05-2024 02:45,2024-05-11 02:45:00,2024,5,11,2,132,24.5,951.99,72.3
Pashan AWS,18.5362,73.7928,11-05-2024 02:50,2024-05-11 02:50:00,2024,5,11,2,132,24.2,952.04,72.1
Pashan AWS,18.5362,73.7928,11-05-2024 02:55,2024-05-11 02:55:00,2024,5,11,2,132,24.5,952.21,72.1
Pashan AWS,18.5362,73.7928,11-05-2024 03:00,2024-05-11 03:00:00,2024,5,11,3,132,24.7,952.21,73.1
Pashan AWS,18.5362,73.7928,11-05-2024 03:05,2024-05-11 03:05:00,2024,5,11,3,132,24.8,952.43,73.5
Pashan AWS,18.5362,73.7928,11-05-2024 03:10,2024-05-11 03:10:00,2024,5,11,3,132,24.9,952.43,73.8
Pashan AWS,18.5362,73.7928,11-05-2024 03:15,2024-05-11 03:15:00,2024,5,11,3,132,25.0,952.5,73.8
Pashan AWS,18.5362,73.7928,11-05-2024 03:20,2024-05-11 03:20:00,2024,5,11,3,132,24.9,952.54,73.7
Pashan AWS,18.5362,73.7928,11-05-2024 03:25,2024-05-11 03:25:00,2024,5,11,3,132,24.9,952.61,72.5
Pashan AWS,18.5362,73.7928,11-05-2024 03:30,2024-05-11 03:30:00,2024,5,11,3,132,24.9,952.71,72.1
Pashan AWS,18.5362,73.7928,11-05-2024 03:35,2024-05-11 03:35:00,2024,5,11,3,132,24.7,952.81,71.8
Pashan AWS,18.5362,73.7928,11-05-2024 03:40,2024-05-11 03:40:00,2024,5,11,3,132,24.7,952.81,70.9
Pashan AWS,18.5362,73.7928,11-05-2024 03:45,2024-05-11 03:45:00,2024,5,11,3,132,24.8,952.79,70.3
Pashan AWS,18.5362,73.7928,11-05-2024 03:50,2024-05-11 03:50:00,2024,5,11,3,132,24.9,953.05,69.4
Pashan AWS,18.5362,73.7928,11-05-2024 03:55,2024-05-11 03:55:00,2024,5,11,3,132,25.0,953.08,69.3
Pashan AWS,18.5362,73.7928,11-05-2024 04:00,2024-05-11 04:00:00,2024,5,11,4,132,25.0,953.2,69.5
Pashan AWS,18.5362,73.7928,11-05-2024 04:05,2024-05-11 04:05:00,2024,5,11,4,132,24.9,953.13,69.8
Pashan AWS,18.5362,73.7928,11-05-2024 04:10,2024-05-11 04:10:00,2024,5,11,4,132,25.0,953.17,69.8
Pashan AWS,18.5362,73.7928,11-05-2024 04:15,2024-05-11 04:15:00,2024,5,11,4,132,25.2,953.22,69.3
Pashan AWS,18.5362,73.7928,11-05-2024 04:20,2024-05-11 04:20:00,2024,5,11,4,132,25.1,953.33,68.3
Pashan AWS,18.5362,73.7928,11-05-2024 04:25,2024-05-11 04:25:00,2024,5,11,4,132,25.2,953.17,67.4
Pashan AWS,18.5362,73.7928,11-05-2024 04:30,2024-05-11 04:30:00,2024,5,11,4,132,25.3,953.26,66.8
Pashan AWS,18.5362,73.7928,11-05-2024 04:35,2024-05-11 04:35:00,2024,5,11,4,132,25.2,953.24,66.3
Pashan AWS,18.5362,73.7928,11-05-2024 04:40,2024-05-11 04:40:00,2024,5,11,4,132,25.2,953.33,66.2
Pashan AWS,18.5362,73.7928,11-05-2024 04:45,2024-05-11 04:45:00,2024,5,11,4,132,25.4,953.32,65.6
Pashan AWS,18.5362,73.7928,11-05-2024 04:50,2024-05-11 04:50:00,2024,5,11,4,132,25.3,953.32,65.6
Pashan AWS,18.5362,73.7928,11-05-2024 04:55,2024-05-11 04:55:00,2024,5,11,4,132,25.5,953.37,65.4
Pashan AWS,18.5362,73.7928,11-05-2024 05:00,2024-05-11 05:00:00,2024,5,11,5,132,25.4,953.36,65.2
Pashan AWS,18.5362,73.7928,11-05-2024 05:05,2024-05-11 05:05:00,2024,5,11,5,132,25.7,953.39,65.5
Pashan AWS,18.5362,73.7928,11-05-2024 05:10,2024-05-11 05:10:00,2024,5,11,5,132,26.2,953.37,64.8
Pashan AWS,18.5362,73.7928,11-05-2024 05:15,2024-05-11 05:15:00,2024,5,11,5,132,26.1,953.29,64.8
Pashan AWS,18.5362,73.7928,11-05-2024 05:20,2024-05-11 05:20:00,2024,5,11,5,132,26.3,953.45,64.5
Pashan AWS,18.5362,73.7928,11-05-2024 05:25,2024-05-11 05:25:00,2024,5,11,5,132,26.3,953.42,64.2
Pashan AWS,18.5362,73.7928,11-05-2024 05:30,2024-05-11 05:30:00,2024,5,11,5,132,26.6,953.47,64.3
Pashan AWS,18.5362,73.7928,11-05-2024 05:35,2024-05-11 05:35:00,2024,5,11,5,132,26.5,953.6,64.4
Pashan AWS,18.5362,73.7928,11-05-2024 05:40,2024-05-11 05:40:00,2024,5,11,5,132,26.7,953.61,63.7
Pashan AWS,18.5362,73.7928,11-05-2024 05:45,2024-05-11 05:45:00,2024,5,11,5,132,26.7,953.61,63.3
Pashan AWS,18.5362,73.7928,11-05-2024 05:50,2024-05-11 05:50:00,2024,5,11,5,132,26.8,953.69,63.1
Pashan AWS,18.5362,73.7928,11-05-2024 05:55,2024-05-11 05:55:00,2024,5,11,5,132,26.7,953.83,62.7
Pashan AWS,18.5362,73.7928,11-05-2024 06:00,2024-05-11 06:00:00,2024,5,11,6,132,27.0,953.79,62.6
Pashan AWS,18.5362,73.7928,11-05-2024 06:05,2024-05-11 06:05:00,2024,5,11,6,132,27.0,953.83,62.4
Pashan AWS,18.5362,73.7928,11-05-2024 06:10,2024-05-11 06:10:00,2024,5,11,6,132,27.2,953.73,62.7
Pashan AWS,18.5362,73.7928,11-05-2024 06:15,2024-05-11 06:15:00,2024,5,11,6,132,27.3,953.75,61.7
Pashan AWS,18.5362,73.7928,11-05-2024 06:20,2024-05-11 06:20:00,2024,5,11,6,132,27.5,953.8,61.3
Pashan AWS,18.5362,73.7928,11-05-2024 06:25,2024-05-11 06:25:00,2024,5,11,6,132,27.6,953.77,60.5
Pashan AWS,18.5362,73.7928,11-05-2024 06:30,2024-05-11 06:30:00,2024,5,11,6,132,27.7,953.78,60.4
Pashan AWS,18.5362,73.7928,11-05-2024 06:35,2024-05-11 06:35:00,2024,5,11,6,132,27.8,953.7,59.4
Pashan AWS,18.5362,73.7928,11-05-2024 06:40,2024-05-11 06:40:00,2024,5,11,6,132,28.2,953.75,59.1
Pashan AWS,18.5362,73.7928,11-05-2024 06:45,2024-05-11 06:45:00,2024,5,11,6,132,28.3,953.87,58.5
Pashan AWS,18.5362,73.7928,11-05-2024 06:50,2024-05-11 06:50:00,2024,5,11,6,132,28.6,953.81,57.8
Pashan AWS,18.5362,73.7928,11-05-2024 06:55,2024-05-11 06:55:00,2024,5,11,6,132,28.9,953.79,56.9
Pashan AWS,18.5362,73.7928,11-05-2024 07:00,2024-05-11 07:00:00,2024,5,11,7,132,29.0,953.85,56.3
Pashan AWS,18.5362,73.7928,11-05-2024 07:05,2024-05-11 07:05:00,2024,5,11,7,132,28.9,953.97,56.4
Pashan AWS,18.5362,73.7928,11-05-2024 07:10,2024-05-11 07:10:00,2024,5,11,7,132,29.1,953.86,56.0
Pashan AWS,18.5362,73.7928,11-05-2024 07:15,2024-05-11 07:15:00,2024,5,11,7,132,29.1,953.86,55.9
Pashan AWS,18.5362,73.7928,11-05-2024 07:20,2024-05-11 07:20:00,2024,5,11,7,132,29.6,953.89,56.1
Pashan AWS,18.5362,73.7928,11-05-2024 07:25,2024-05-11 07:25:00,2024,5,11,7,132,29.7,953.89,55.8
Pashan AWS,18.5362,73.7928,11-05-2024 07:30,2024-05-11 07:30:00,2024,5,11,7,132,29.8,953.69,55.1
Pashan AWS,18.5362,73.7928,11-05-2024 07:35,2024-05-11 07:35:00,2024,5,11,7,132,29.7,953.74,54.8
Pashan AWS,18.5362,73.7928,11-05-2024 07:40,2024-05-11 07:40:00,2024,5,11,7,132,30.1,953.86,54.2
Pashan AWS,18.5362,73.7928,11-05-2024 07:45,2024-05-11 07:45:00,2024,5,11,7,132,30.1,953.86,53.5
Pashan AWS,18.5362,73.7928,11-05-2024 07:50,2024-05-11 07:50:00,2024,5,11,7,132,30.3,953.76,52.4
Pashan AWS,18.5362,73.7928,11-05-2024 07:55,2024-05-11 07:55:00,2024,5,11,7,132,30.6,953.71,52.4
Pashan AWS,18.5362,73.7928,11-05-2024 08:00,2024-05-11 08:00:00,2024,5,11,8,132,30.7,953.84,51.8
Pashan AWS,18.5362,73.7928,11-05-2024 08:05,2024-05-11 08:05:00,2024,5,11,8,132,30.8,953.88,51.4
Pashan AWS,18.5362,73.7928,11-05-2024 08:10,2024-05-11 08:10:00,2024,5,11,8,132,31.0,953.91,50.6
Pashan AWS,18.5362,73.7928,11-05-2024 08:15,2024-05-11 08:15:00,2024,5,11,8,132,31.2,953.9,50.3
Pashan AWS,18.5362,73.7928,11-05-2024 08:20,2024-05-11 08:20:00,2024,5,11,8,132,31.5,953.81,49.6
Pashan AWS,18.5362,73.7928,11-05-2024 08:25,2024-05-11 08:25:00,2024,5,11,8,132,31.6,953.75,49.1
Pashan AWS,18.5362,73.7928,11-05-2024 08:30,2024-05-11 08:30:00,2024,5,11,8,132,31.8,953.71,49.0
Pashan AWS,18.5362,73.7928,11-05-2024 08:35,2024-05-11 08:35:00,2024,5,11,8,132,31.9,953.71,48.8
Pashan AWS,18.5362,73.7928,11-05-2024 08:40,2024-05-11 08:40:00,2024,5,11,8,132,31.8,953.78,48.4
Pashan AWS,18.5362,73.7928,11-05-2024 08:45,2024-05-11 08:45:00,2024,5,11,8,132,32.0,953.82,47.2
Pashan AWS,18.5362,73.7928,11-05-2024 08:50,2024-05-11 08:50:00,2024,5,11,8,132,32.4,953.64,47.9
Pashan AWS,18.5362,73.7928,11-05-2024 08:55,2024-05-11 08:55:00,2024,5,11,8,132,32.5,953.61,48.1
Pashan AWS,18.5362,73.7928,11-05-2024 09:00,2024-05-11 09:00:00,2024,5,11,9,132,32.5,953.6,47.9
Pashan AWS,18.5362,73.7928,11-05-2024 09:05,2024-05-11 09:05:00,2024,5,11,9,132,32.5,953.59,47.1
Pashan AWS,18.5362,73.7928,11-05-2024 09:10,2024-05-11 09:10:00,2024,5,11,9,132,32.8,953.47,46.5
Pashan AWS,18.5362,73.7928,11-05-2024 09:15,2024-05-11 09:15:00,2024,5,11,9,132,33.0,953.64,45.8
Pashan AWS,18.5362,73.7928,11-05-2024 09:20,2024-05-11 09:20:00,2024,5,11,9,132,33.2,953.46,45.8
Pashan AWS,18.5362,73.7928,11-05-2024 09:25,2024-05-11 09:25:00,2024,5,11,9,132,33.2,953.3,45.3
Pashan AWS,18.5362,73.7928,11-05-2024 09:30,2024-05-11 09:30:00,2024,5,11,9,132,33.4,953.25,44.5
Pashan AWS,18.5362,73.7928,11-05-2024 09:35,2024-05-11 09:35:00,2024,5,11,9,132,33.3,953.35,43.8
Pashan AWS,18.5362,73.7928,11-05-2024 09:40,2024-05-11 09:40:00,2024,5,11,9,132,33.5,953.2,43.8
Pashan AWS,18.5362,73.7928,11-05-2024 09:45,2024-05-11 09:45:00,2024,5,11,9,132,33.8,953.11,43.9
Pashan AWS,18.5362,73.7928,11-05-2024 09:50,2024-05-11 09:50:00,2024,5,11,9,132,33.8,953.12,44.0
Pashan AWS,18.5362,73.7928,11-05-2024 09:55,2024-05-11 09:55:00,2024,5,11,9,132,33.7,953.04,43.7
Pashan AWS,18.5362,73.7928,11-05-2024 10:00,2024-05-11 10:00:00,2024,5,11,10,132,34.1,952.93,43.1
Pashan AWS,18.5362,73.7928,11-05-2024 10:05,2024-05-11 10:05:00,2024,5,11,10,132,34.2,952.9,41.2
Pashan AWS,18.5362,73.7928,11-05-2024 10:10,2024-05-11 10:10:00,2024,5,11,10,132,34.5,952.84,40.9
Pashan AWS,18.5362,73.7928,11-05-2024 10:15,2024-05-11 10:15:00,2024,5,11,10,132,34.6,952.84,40.4
Pashan AWS,18.5362,73.7928,11-05-2024 10:20,2024-05-11 10:20:00,2024,5,11,10,132,34.8,952.86,40.0
Pashan AWS,18.5362,73.7928,11-05-2024 10:25,2024-05-11 10:25:00,2024,5,11,10,132,35.0,952.8,39.5
Pashan AWS,18.5362,73.7928,11-05-2024 10:30,2024-05-11 10:30:00,2024,5,11,10,132,35.0,952.74,38.5
Pashan AWS,18.5362,73.7928,11-05-2024 10:35,2024-05-11 10:35:00,2024,5,11,10,132,35.2,952.67,38.3
Pashan AWS,18.5362,73.7928,11-05-2024 10:40,2024-05-11 10:40:00,2024,5,11,10,132,35.3,952.63,38.1
Pashan AWS,18.5362,73.7928,11-05-2024 10:45,2024-05-11 10:45:00,2024,5,11,10,132,35.2,952.55,38.0
Pashan AWS,18.5362,73.7928,11-05-2024 10:50,2024-05-11 10:50:00,2024,5,11,10,132,35.4,952.47,37.9
Pashan AWS,18.5362,73.7928,11-05-2024 10:55,2024-05-11 10:55:00,2024,5,11,10,132,35.5,952.48,37.7
Pashan AWS,18.5362,73.7928,11-05-2024 11:00,2024-05-11 11:00:00,2024,5,11,11,132,35.7,952.52,37.1
Pashan AWS,18.5362,73.7928,11-05-2024 11:05,2024-05-11 11:05:00,2024,5,11,11,132,35.6,952.31,36.6
Pashan AWS,18.5362,73.7928,11-05-2024 11:10,2024-05-11 11:10:00,2024,5,11,11,132,36.0,952.23,36.2
Pashan AWS,18.5362,73.7928,11-05-2024 11:15,2024-05-11 11:15:00,2024,5,11,11,132,36.3,952.1,35.8
Pashan AWS,18.5362,73.7928,11-05-2024 11:20,2024-05-11 11:20:00,2024,5,11,11,132,36.5,952.01,35.8
Pashan AWS,18.5362,73.7928,11-05-2024 11:25,2024-05-11 11:25:00,2024,5,11,11,132,36.6,951.97,35.6
Pashan AWS,18.5362,73.7928,11-05-2024 11:30,2024-05-11 11:30:00,2024,5,11,11,132,36.5,951.96,36.0
Pashan AWS,18.5362,73.7928,11-05-2024 11:35,2024-05-11 11:35:00,2024,5,11,11,132,36.9,951.88,36.4
Pashan AWS,18.5362,73.7928,11-05-2024 11:40,2024-05-11 11:40:00,2024,5,11,11,132,37.0,951.66,36.0
Pashan AWS,18.5362,73.7928,11-05-2024 11:45,2024-05-11 11:45:00,2024,5,11,11,132,37.0,951.53,34.0
Pashan AWS,18.5362,73.7928,11-05-2024 11:50,2024-05-11 11:50:00,2024,5,11,11,132,37.2,951.55,34.1
Pashan AWS,18.5362,73.7928,11-05-2024 11:55,2024-05-11 11:55:00,2024,5,11,11,132,37.5,951.28,33.5
Pashan AWS,18.5362,73.7928,11-05-2024 12:00,2024-05-11 12:00:00,2024,5,11,12,132,37.5,951.34,32.8
Pashan AWS,18.5362,73.7928,11-05-2024 12:05,2024-05-11 12:05:00,2024,5,11,12,132,37.8,951.34,32.3
Pashan AWS,18.5362,73.7928,11-05-2024 12:10,2024-05-11 12:10:00,2024,5,11,12,132,38.1,951.41,31.8
Pashan AWS,18.5362,73.7928,11-05-2024 12:15,2024-05-11 12:15:00,2024,5,11,12,132,38.0,951.35,31.7
Pashan AWS,18.5362,73.7928,11-05-2024 12:20,2024-05-11 12:20:00,2024,5,11,12,132,38.0,951.15,30.8
Pashan AWS,18.5362,73.7928,11-05-2024 12:25,2024-05-11 12:25:00,2024,5,11,12,132,38.2,951.15,30.1
Pashan AWS,18.5362,73.7928,11-05-2024 12:30,2024-05-11 12:30:00,2024,5,11,12,132,37.8,951.23,30.0
Pashan AWS,18.5362,73.7928,11-05-2024 12:35,2024-05-11 12:35:00,2024,5,11,12,132,37.9,951.28,30.0
Pashan AWS,18.5362,73.7928,11-05-2024 12:40,2024-05-11 12:40:00,2024,5,11,12,132,37.8,951.19,30.0
Pashan AWS,18.5362,73.7928,11-05-2024 12:45,2024-05-11 12:45:00,2024,5,11,12,132,37.8,951.18,29.4
Pashan AWS,18.5362,73.7928,11-05-2024 12:50,2024-05-11 12:50:00,2024,5,11,12,132,37.8,951.12,28.8
Pashan AWS,18.5362,73.7928,11-05-2024 12:55,2024-05-11 12:55:00,2024,5,11,12,132,37.9,951.04,28.4
Pashan AWS,18.5362,73.7928,11-05-2024 13:00,2024-05-11 13:00:00,2024,5,11,13,132,37.9,951.1,28.3
Pashan AWS,18.5362,73.7928,11-05-2024 13:05,2024-05-11 13:05:00,2024,5,11,13,132,37.8,951.0,28.8
Pashan AWS,18.5362,73.7928,11-05-2024 13:10,2024-05-11 13:10:00,2024,5,11,13,132,38.2,950.92,27.8
Pashan AWS,18.5362,73.7928,11-05-2024 13:15,2024-05-11 13:15:00,2024,5,11,13,132,38.6,950.83,27.5
Pashan AWS,18.5362,73.7928,11-05-2024 13:20,2024-05-11 13:20:00,2024,5,11,13,132,38.5,950.72,26.9
Pashan AWS,18.5362,73.7928,11-05-2024 13:25,2024-05-11 13:25:00,2024,5,11,13,132,38.8,950.75,26.1
Pashan AWS,18.5362,73.7928,11-05-2024 13:30,2024-05-11 13:30:00,2024,5,11,13,132,38.7,950.86,26.5
Pashan AWS,18.5362,73.7928,11-05-2024 13:35,2024-05-11 13:35:00,2024,5,11,13,132,38.8,950.86,26.6
Pashan AWS,18.5362,73.7928,11-05-2024 13:40,2024-05-11 13:40:00,2024,5,11,13,132,38.8,950.76,26.7
Pashan AWS,18.5362,73.7928,11-05-2024 13:45,2024-05-11 13:45:00,2024,5,11,13,132,38.8,950.86,27.0
Pashan AWS,18.5362,73.7928,11-05-2024 13:50,2024-05-11 13:50:00,2024,5,11,13,132,39.0,951.02,26.8
Pashan AWS,18.5362,73.7928,11-05-2024 13:55,2024-05-11 13:55:00,2024,5,11,13,132,39.0,950.99,26.5
Pashan AWS,18.5362,73.7928,11-05-2024 14:00,2024-05-11 14:00:00,2024,5,11,14,132,39.0,950.98,27.4
Pashan AWS,18.5362,73.7928,11-05-2024 14:05,2024-05-11 14:05:00,2024,5,11,14,132,38.8,951.05,27.2
Pashan AWS,18.5362,73.7928,11-05-2024 14:10,2024-05-11 14:10:00,2024,5,11,14,132,38.7,951.21,27.4
Pashan AWS,18.5362,73.7928,11-05-2024 14:15,2024-05-11 14:15:00,2024,5,11,14,132,38.5,951.2,27.4
Pashan AWS,18.5362,73.7928,11-05-2024 14:20,2024-05-11 14:20:00,2024,5,11,14,132,38.5,951.12,26.6
Pashan AWS,18.5362,73.7928,11-05-2024 14:25,2024-05-11 14:25:00,2024,5,11,14,132,38.4,951.21,25.8
Pashan AWS,18.5362,73.7928,11-05-2024 14:30,2024-05-11 14:30:00,2024,5,11,14,132,38.4,951.31,25.6
Pashan AWS,18.5362,73.7928,11-05-2024 14:35,2024-05-11 14:35:00,2024,5,11,14,132,38.6,951.35,26.1
Pashan AWS,18.5362,73.7928,11-05-2024 14:40,2024-05-11 14:40:00,2024,5,11,14,132,38.8,951.35,26.4
Pashan AWS,18.5362,73.7928,11-05-2024 14:45,2024-05-11 14:45:00,2024,5,11,14,132,38.8,951.47,26.8
Pashan AWS,18.5362,73.7928,11-05-2024 14:50,2024-05-11 14:50:00,2024,5,11,14,132,38.8,951.56,26.5
Pashan AWS,18.5362,73.7928,11-05-2024 14:55,2024-05-11 14:55:00,2024,5,11,14,132,39.1,951.54,27.2
Pashan AWS,18.5362,73.7928,11-05-2024 15:00,2024-05-11 15:00:00,2024,5,11,15,132,39.1,951.59,26.8
Pashan AWS,18.5362,73.7928,11-05-2024 15:05,2024-05-11 15:05:00,2024,5,11,15,132,39.1,951.52,27.0
Pashan AWS,18.5362,73.7928,11-05-2024 15:10,2024-05-11 15:10:00,2024,5,11,15,132,38.8,951.63,27.1
Pashan AWS,18.5362,73.7928,11-05-2024 15:15,2024-05-11 15:15:00,2024,5,11,15,132,38.9,951.66,27.1
Pashan AWS,18.5362,73.7928,11-05-2024 15:20,2024-05-11 15:20:00,2024,5,11,15,132,39.0,951.68,27.7
Pashan AWS,18.5362,73.7928,11-05-2024 15:25,2024-05-11 15:25:00,2024,5,11,15,132,38.8,951.74,27.5
Pashan AWS,18.5362,73.7928,11-05-2024 15:30,2024-05-11 15:30:00,2024,5,11,15,132,38.8,951.8,27.1
Pashan AWS,18.5362,73.7928,11-05-2024 15:35,2024-05-11 15:35:00,2024,5,11,15,132,38.8,951.92,27.3
Pashan AWS,18.5362,73.7928,11-05-2024 15:40,2024-05-11 15:40:00,2024,5,11,15,132,38.7,952.03,27.3
Pashan AWS,18.5362,73.7928,11-05-2024 15:45,2024-05-11 15:45:00,2024,5,11,15,132,38.3,952.07,28.8
Pashan AWS,18.5362,73.7928,11-05-2024 15:50,2024-05-11 15:50:00,2024,5,11,15,132,38.2,952.18,29.2
Pashan AWS,18.5362,73.7928,11-05-2024 15:55,2024-05-11 15:55:00,2024,5,11,15,132,38.3,952.27,29.1
Pashan AWS,18.5362,73.7928,11-05-2024 16:00,2024-05-11 16:00:00,2024,5,11,16,132,38.2,952.28,28.8
Pashan AWS,18.5362,73.7928,11-05-2024 16:05,2024-05-11 16:05:00,2024,5,11,16,132,38.2,952.33,28.2
Pashan AWS,18.5362,73.7928,11-05-2024 16:10,2024-05-11 16:10:00,2024,5,11,16,132,38.0,952.37,28.0
Pashan AWS,18.5362,73.7928,11-05-2024 16:15,2024-05-11 16:15:00,2024,5,11,16,132,38.0,952.46,28.3
Pashan AWS,18.5362,73.7928,11-05-2024 16:20,2024-05-11 16:20:00,2024,5,11,16,132,37.9,952.48,29.1
Pashan AWS,18.5362,73.7928,11-05-2024 16:25,2024-05-11 16:25:00,2024,5,11,16,132,37.8,952.5,29.8
Pashan AWS,18.5362,73.7928,11-05-2024 16:30,2024-05-11 16:30:00,2024,5,11,16,132,37.9,952.71,30.1
Pashan AWS,18.5362,73.7928,11-05-2024 16:35,2024-05-11 16:35:00,2024,5,11,16,132,38.0,952.84,30.2
Pashan AWS,18.5362,73.7928,11-05-2024 16:40,2024-05-11 16:40:00,2024,5,11,16,132,37.8,952.82,30.5
Pashan AWS,18.5362,73.7928,11-05-2024 16:45,2024-05-11 16:45:00,2024,5,11,16,132,37.8,952.91,30.6
Pashan AWS,18.5362,73.7928,11-05-2024 16:50,2024-05-11 16:50:00,2024,5,11,16,132,37.8,952.96,31.5
Pashan AWS,18.5362,73.7928,11-05-2024 16:55,2024-05-11 16:55:00,2024,5,11,16,132,37.8,953.03,31.7
Pashan AWS,18.5362,73.7928,11-05-2024 17:00,2024-05-11 17:00:00,2024,5,11,17,132,37.5,953.08,31.9
Pashan AWS,18.5362,73.7928,11-05-2024 17:05,2024-05-11 17:05:00,2024,5,11,17,132,37.6,953.21,31.3
Pashan AWS,18.5362,73.7928,11-05-2024 17:10,2024-05-11 17:10:00,2024,5,11,17,132,37.4,953.27,31.5
Pashan AWS,18.5362,73.7928,11-05-2024 17:15,2024-05-11 17:15:00,2024,5,11,17,132,37.2,953.29,32.2
Pashan AWS,18.5362,73.7928,11-05-2024 17:20,2024-05-11 17:20:00,2024,5,11,17,132,37.5,953.4,32.1
Pashan AWS,18.5362,73.7928,11-05-2024 17:25,2024-05-11 17:25:00,2024,5,11,17,132,37.5,953.45,32.1
Pashan AWS,18.5362,73.7928,11-05-2024 17:30,2024-05-11 17:30:00,2024,5,11,17,132,37.3,953.48,32.8
Pashan AWS,18.5362,73.7928,11-05-2024 17:35,2024-05-11 17:35:00,2024,5,11,17,132,36.9,953.52,32.6
Pashan AWS,18.5362,73.7928,11-05-2024 17:40,2024-05-11 17:40:00,2024,5,11,17,132,37.0,953.53,33.4
Pashan AWS,18.5362,73.7928,11-05-2024 17:45,2024-05-11 17:45:00,2024,5,11,17,132,36.6,953.55,33.5
Pashan AWS,18.5362,73.7928,11-05-2024 17:50,2024-05-11 17:50:00,2024,5,11,17,132,36.4,953.52,33.8
Pashan AWS,18.5362,73.7928,11-05-2024 17:55,2024-05-11 17:55:00,2024,5,11,17,132,36.2,953.47,33.7
Pashan AWS,18.5362,73.7928,11-05-2024 18:00,2024-05-11 18:00:00,2024,5,11,18,132,36.3,953.41,34.3
Pashan AWS,18.5362,73.7928,11-05-2024 18:05,2024-05-11 18:05:00,2024,5,11,18,132,36.3,953.31,35.7
Pashan AWS,18.5362,73.7928,11-05-2024 18:10,2024-05-11 18:10:00,2024,5,11,18,132,36.2,953.26,36.4
Pashan AWS,18.5362,73.7928,11-05-2024 18:15,2024-05-11 18:15:00,2024,5,11,18,132,36.1,953.26,36.4
Pashan AWS,18.5362,73.7928,11-05-2024 18:20,2024-05-11 18:20:00,2024,5,11,18,132,35.9,953.29,37.3
Pashan AWS,18.5362,73.7928,11-05-2024 18:25,2024-05-11 18:25:00,2024,5,11,18,132,35.8,953.28,37.5
Pashan AWS,18.5362,73.7928,11-05-2024 18:30,2024-05-11 18:30:00,2024,5,11,18,132,35.7,953.1,38.5
Pashan AWS,18.5362,73.7928,11-05-2024 18:35,2024-05-11 18:35:00,2024,5,11,18,132,35.7,953.24,39.2
Pashan AWS,18.5362,73.7928,11-05-2024 18:40,2024-05-11 18:40:00,2024,5,11,18,132,35.7,953.33,38.4
Pashan AWS,18.5362,73.7928,11-05-2024 18:45,2024-05-11 18:45:00,2024,5,11,18,132,35.6,953.37,38.4
Pashan AWS,18.5362,73.7928,11-05-2024 18:50,2024-05-11 18:50:00,2024,5,11,18,132,35.4,953.52,39.2
Pashan AWS,18.5362,73.7928,11-05-2024 18:55,2024-05-11 18:55:00,2024,5,11,18,132,35.4,953.43,39.7
Pashan AWS,18.5362,73.7928,11-05-2024 19:00,2024-05-11 19:00:00,2024,5,11,19,132,35.2,953.57,39.8
Pashan AWS,18.5362,73.7928,11-05-2024 19:05,2024-05-11 19:05:00,2024,5,11,19,132,34.9,953.47,40.0
Pashan AWS,18.5362,73.7928,11-05-2024 19:10,2024-05-11 19:10:00,2024,5,11,19,132,34.7,953.47,39.7
Pashan AWS,18.5362,73.7928,11-05-2024 19:15,2024-05-11 19:15:00,2024,5,11,19,132,34.5,953.34,40.2
Pashan AWS,18.5362,73.7928,11-05-2024 19:20,2024-05-11 19:20:00,2024,5,11,19,132,34.5,953.32,41.6
Pashan AWS,18.5362,73.7928,11-05-2024 19:25,2024-05-11 19:25:00,2024,5,11,19,132,34.3,953.33,42.4
Pashan AWS,18.5362,73.7928,11-05-2024 19:30,2024-05-11 19:30:00,2024,5,11,19,132,34.0,953.29,43.7
Pashan AWS,18.5362,73.7928,11-05-2024 19:35,2024-05-11 19:35:00,2024,5,11,19,132,33.9,953.31,44.5
Pashan AWS,18.5362,73.7928,11-05-2024 19:40,2024-05-11 19:40:00,2024,5,11,19,132,33.7,953.29,45.3
Pashan AWS,18.5362,73.7928,11-05-2024 19:45,2024-05-11 19:45:00,2024,5,11,19,132,33.6,953.2,46.5
Pashan AWS,18.5362,73.7928,11-05-2024 19:50,2024-05-11 19:50:00,2024,5,11,19,132,33.6,953.12,47.0
Pashan AWS,18.5362,73.7928,11-05-2024 19:55,2024-05-11 19:55:00,2024,5,11,19,132,33.6,953.14,47.3
Pashan AWS,18.5362,73.7928,11-05-2024 20:00,2024-05-11 20:00:00,2024,5,11,20,132,33.3,953.05,48.1
Pashan AWS,18.5362,73.7928,11-05-2024 20:05,2024-05-11 20:05:00,2024,5,11,20,132,33.1,953.07,49.0
Pashan AWS,18.5362,73.7928,11-05-2024 20:10,2024-05-11 20:10:00,2024,5,11,20,132,32.8,953.12,49.2
Pashan AWS,18.5362,73.7928,11-05-2024 20:15,2024-05-11 20:15:00,2024,5,11,20,132,32.7,952.93,49.2
Pashan AWS,18.5362,73.7928,11-05-2024 20:20,2024-05-11 20:20:00,2024,5,11,20,132,32.8,952.97,49.7
Pashan AWS,18.5362,73.7928,11-05-2024 20:25,2024-05-11 20:25:00,2024,5,11,20,132,32.6,953.07,50.4
Pashan AWS,18.5362,73.7928,11-05-2024 20:30,2024-05-11 20:30:00,2024,5,11,20,132,32.4,953.02,51.1
Pashan AWS,18.5362,73.7928,11-05-2024 20:35,2024-05-11 20:35:00,2024,5,11,20,132,32.4,953.0,50.9
Pashan AWS,18.5362,73.7928,11-05-2024 20:40,2024-05-11 20:40:00,2024,5,11,20,132,32.3,953.01,52.0
Pashan AWS,18.5362,73.7928,11-05-2024 20:45,2024-05-11 20:45:00,2024,5,11,20,132,32.2,952.91,52.1
Pashan AWS,18.5362,73.7928,11-05-2024 20:50,2024-05-11 20:50:00,2024,5,11,20,132,31.9,952.85,52.4
Pashan AWS,18.5362,73.7928,11-05-2024 20:55,2024-05-11 20:55:00,2024,5,11,20,132,31.8,952.66,52.4
Pashan AWS,18.5362,73.7928,11-05-2024 21:00,2024-05-11 21:00:00,2024,5,11,21,132,31.5,952.6,53.9
Pashan AWS,18.5362,73.7928,11-05-2024 21:05,2024-05-11 21:05:00,2024,5,11,21,132,31.2,952.56,54.3
Pashan AWS,18.5362,73.7928,11-05-2024 21:10,2024-05-11 21:10:00,2024,5,11,21,132,31.0,952.52,54.3
Pashan AWS,18.5362,73.7928,11-05-2024 21:15,2024-05-11 21:15:00,2024,5,11,21,132,30.7,952.52,55.1
Pashan AWS,18.5362,73.7928,11-05-2024 21:20,2024-05-11 21:20:00,2024,5,11,21,132,30.5,952.37,55.7
Pashan AWS,18.5362,73.7928,11-05-2024 21:25,2024-05-11 21:25:00,2024,5,11,21,132,30.2,952.24,56.0
Pashan AWS,18.5362,73.7928,11-05-2024 21:30,2024-05-11 21:30:00,2024,5,11,21,132,30.2,952.31,56.7
Pashan AWS,18.5362,73.7928,11-05-2024 21:35,2024-05-11 21:35:00,2024,5,11,21,132,30.2,952.21,56.7
Pashan AWS,18.5362,73.7928,11-05-2024 21:40,2024-05-11 21:40:00,2024,5,11,21,132,29.8,952.14,56.9
Pashan AWS,18.5362,73.7928,11-05-2024 21:45,2024-05-11 21:45:00,2024,5,11,21,132,29.8,952.04,56.5
Pashan AWS,18.5362,73.7928,11-05-2024 21:50,2024-05-11 21:50:00,2024,5,11,21,132,29.6,951.88,56.3
Pashan AWS,18.5362,73.7928,11-05-2024 21:55,2024-05-11 21:55:00,2024,5,11,21,132,29.5,951.93,57.5
Pashan AWS,18.5362,73.7928,11-05-2024 22:00,2024-05-11 22:00:00,2024,5,11,22,132,29.4,951.79,58.6
Pashan AWS,18.5362,73.7928,11-05-2024 22:05,2024-05-11 22:05:00,2024,5,11,22,132,29.3,951.61,59.0
Pashan AWS,18.5362,73.7928,11-05-2024 22:10,2024-05-11 22:10:00,2024,5,11,22,132,29.1,951.49,60.0
Pashan AWS,18.5362,73.7928,11-05-2024 22:15,2024-05-11 22:15:00,2024,5,11,22,132,29.2,951.25,60.2
Pashan AWS,18.5362,73.7928,11-05-2024 22:20,2024-05-11 22:20:00,2024,5,11,22,132,28.8,951.12,60.5
Pashan AWS,18.5362,73.7928,11-05-2024 22:25,2024-05-11 22:25:00,2024,5,11,22,132,28.8,950.97,60.8
Pashan AWS,18.5362,73.7928,11-05-2024 22:30,2024-05-11 22:30:00,2024,5,11,22,132,28.8,950.95,61.1
Pashan AWS,18.5362,73.7928,11-05-2024 22:35,2024-05-11 22:35:00,2024,5,11,22,132,28.8,950.82,61.4
Pashan AWS,18.5362,73.7928,11-05-2024 22:40,2024-05-11 22:40:00,2024,5,11,22,132,29.0,950.83,62.2
Pashan AWS,18.5362,73.7928,11-05-2024 22:45,2024-05-11 22:45:00,2024,5,11,22,132,28.8,950.87,62.6
Pashan AWS,18.5362,73.7928,11-05-2024 22:50,2024-05-11 22:50:00,2024,5,11,22,132,28.8,950.86,63.2
Pashan AWS,18.5362,73.7928,11-05-2024 22:55,2024-05-11 22:55:00,2024,5,11,22,132,28.6,950.76,63.9
Pashan AWS,18.5362,73.7928,11-05-2024 23:00,2024-05-11 23:00:00,2024,5,11,23,132,28.6,950.7,64.3
Pashan AWS,18.5362,73.7928,11-05-2024 23:05,2024-05-11 23:05:00,2024,5,11,23,132,28.5,950.51,64.2
Pashan AWS,18.5362,73.7928,11-05-2024 23:10,2024-05-11 23:10:00,2024,5,11,23,132,28.3,950.43,63.9
Pashan AWS,18.5362,73.7928,11-05-2024 23:15,2024-05-11 23:15:00,2024,5,11,23,132,28.3,950.3,64.3
Pashan AWS,18.5362,73.7928,11-05-2024 23:20,2024-05-11 23:20:00,2024,5,11,23,132,28.1,950.3,64.5
Pashan AWS,18.5362,73.7928,11-05-2024 23:25,2024-05-11 23:25:00,2024,5,11,23,132,27.7,950.44,64.9
Pashan AWS,18.5362,73.7928,11-05-2024 23:30,2024-05-11 23:30:00,2024,5,11,23,132,27.5,950.42,65.2
Pashan AWS,18.5362,73.7928,11-05-2024 23:35,2024-05-11 23:35:00,2024,5,11,23,132,27.5,950.2,66.5
Pashan AWS,18.5362,73.7928,11-05-2024 23:40,2024-05-11 23:40:00,2024,5,11,23,132,27.6,950.11,66.2
Pashan AWS,18.5362,73.7928,11-05-2024 23:45,2024-05-11 23:45:00,2024,5,11,23,132,27.5,950.07,65.6
Pashan AWS,18.5362,73.7928,11-05-2024 23:50,2024-05-11 23:50:00,2024,5,11,23,132,27.5,950.02,66.1
Pashan AWS,18.5362,73.7928,11-05-2024 23:55,2024-05-11 23:55:00,2024,5,11,23,132,27.2,949.92,66.2
Pashan AWS,18.5362,73.7928,12-05-2024 00:00,2024-05-12 00:00:00,2024,5,12,0,133,27.0,949.89,66.6
Pashan AWS,18.5362,73.7928,12-05-2024 00:05,2024-05-12 00:05:00,2024,5,12,0,133,26.8,949.75,67.1
Pashan AWS,18.5362,73.7928,12-05-2024 00:10,2024-05-12 00:10:00,2024,5,12,0,133,26.7,949.64,67.9
Pashan AWS,18.5362,73.7928,12-05-2024 00:15,2024-05-12 00:15:00,2024,5,12,0,133,26.6,949.66,67.5
Pashan AWS,18.5362,73.7928,12-05-2024 00:20,2024-05-12 00:20:00,2024,5,12,0,133,26.6,949.55,67.5
Pashan AWS,18.5362,73.7928,12-05-2024 00:25,2024-05-12 00:25:00,2024,5,12,0,133,26.5,949.57,67.9
Pashan AWS,18.5362,73.7928,12-05-2024 00:30,2024-05-12 00:30:00,2024,5,12,0,133,26.4,949.44,68.5
Pashan AWS,18.5362,73.7928,12-05-2024 00:35,2024-05-12 00:35:00,2024,5,12,0,133,26.3,949.56,69.5
Pashan AWS,18.5362,73.7928,12-05-2024 00:40,2024-05-12 00:40:00,2024,5,12,0,133,26.1,949.48,70.1
Pashan AWS,18.5362,73.7928,12-05-2024 00:45,2024-05-12 00:45:00,2024,5,12,0,133,26.0,949.45,70.2
Pashan AWS,18.5362,73.7928,12-05-2024 00:50,2024-05-12 00:50:00,2024,5,12,0,133,25.9,949.46,70.0
Pashan AWS,18.5362,73.7928,12-05-2024 00:55,2024-05-12 00:55:00,2024,5,12,0,133,25.8,949.41,69.9
Pashan AWS,18.5362,73.7928,12-05-2024 01:00,2024-05-12 01:00:00,2024,5,12,1,133,25.7,949.41,69.8
Pashan AWS,18.5362,73.7928,12-05-2024 01:05,2024-05-12 01:05:00,2024,5,12,1,133,25.7,949.46,70.2
Pashan AWS,18.5362,73.7928,12-05-2024 01:10,2024-05-12 01:10:00,2024,5,12,1,133,25.5,949.53,70.4
Pashan AWS,18.5362,73.7928,12-05-2024 01:15,2024-05-12 01:15:00,2024,5,12,1,133,25.7,949.59,70.0
Pashan AWS,18.5362,73.7928,12-05-2024 01:20,2024-05-12 01:20:00,2024,5,12,1,133,25.4,949.57,70.0
Pashan AWS,18.5362,73.7928,12-05-2024 01:25,2024-05-12 01:25:00,2024,5,12,1,133,25.3,949.56,70.4
Pashan AWS,18.5362,73.7928,12-05-2024 01:30,2024-05-12 01:30:00,2024,5,12,1,133,25.7,949.76,70.7
Pashan AWS,18.5362,73.7928,12-05-2024 01:35,2024-05-12 01:35:00,2024,5,12,1,133,25.5,949.83,71.0
Pashan AWS,18.5362,73.7928,12-05-2024 01:40,2024-05-12 01:40:00,2024,5,12,1,133,25.2,949.76,71.2
Pashan AWS,18.5362,73.7928,12-05-2024 01:45,2024-05-12 01:45:00,2024,5,12,1,133,25.3,949.77,71.9
Pashan AWS,18.5362,73.7928,12-05-2024 01:50,2024-05-12 01:50:00,2024,5,12,1,133,24.9,949.75,72.1
Pashan AWS,18.5362,73.7928,12-05-2024 01:55,2024-05-12 01:55:00,2024,5,12,1,133,24.9,949.75,71.9
Pashan AWS,18.5362,73.7928,12-05-2024 02:00,2024-05-12 02:00:00,2024,5,12,2,133,25.2,949.67,71.5
Pashan AWS,18.5362,73.7928,12-05-2024 02:05,2024-05-12 02:05:00,2024,5,12,2,133,24.9,949.66,71.7
Pashan AWS,18.5362,73.7928,12-05-2024 02:10,2024-05-12 02:10:00,2024,5,12,2,133,24.6,949.83,70.7
Pashan AWS,18.5362,73.7928,12-05-2024 02:15,2024-05-12 02:15:00,2024,5,12,2,133,24.4,949.9,70.7
Pashan AWS,18.5362,73.7928,12-05-2024 02:20,2024-05-12 02:20:00,2024,5,12,2,133,24.6,949.72,70.6
Pashan AWS,18.5362,73.7928,12-05-2024 02:25,2024-05-12 02:25:00,2024,5,12,2,133,24.8,949.85,70.1
Pashan AWS,18.5362,73.7928,12-05-2024 02:30,2024-05-12 02:30:00,2024,5,12,2,133,24.7,949.97,69.8
Pashan AWS,18.5362,73.7928,12-05-2024 02:35,2024-05-12 02:35:00,2024,5,12,2,133,24.8,949.97,70.2
Pashan AWS,18.5362,73.7928,12-05-2024 02:40,2024-05-12 02:40:00,2024,5,12,2,133,25.0,950.06,70.3
Pashan AWS,18.5362,73.7928,12-05-2024 02:45,2024-05-12 02:45:00,2024,5,12,2,133,25.3,950.03,70.3
Pashan AWS,18.5362,73.7928,12-05-2024 02:50,2024-05-12 02:50:00,2024,5,12,2,133,25.3,950.03,70.5
Pashan AWS,18.5362,73.7928,12-05-2024 02:55,2024-05-12 02:55:00,2024,5,12,2,133,24.9,950.19,70.5
Pashan AWS,18.5362,73.7928,12-05-2024 03:00,2024-05-12 03:00:00,2024,5,12,3,133,24.8,950.21,70.9
Pashan AWS,18.5362,73.7928,12-05-2024 03:05,2024-05-12 03:05:00,2024,5,12,3,133,24.8,950.1,70.9
Pashan AWS,18.5362,73.7928,12-05-2024 03:10,2024-05-12 03:10:00,2024,5,12,3,133,24.8,950.14,70.2
Pashan AWS,18.5362,73.7928,12-05-2024 03:15,2024-05-12 03:15:00,2024,5,12,3,133,24.8,950.18,70.8
Pashan AWS,18.5362,73.7928,12-05-2024 03:20,2024-05-12 03:20:00,2024,5,12,3,133,25.0,950.33,70.9
Pashan AWS,18.5362,73.7928,12-05-2024 03:25,2024-05-12 03:25:00,2024,5,12,3,133,25.3,950.38,70.5
Pashan AWS,18.5362,73.7928,12-05-2024 03:30,2024-05-12 03:30:00,2024,5,12,3,133,25.3,950.4,69.9
Pashan AWS,18.5362,73.7928,12-05-2024 03:35,2024-05-12 03:35:00,2024,5,12,3,133,25.5,950.53,69.9
Pashan AWS,18.5362,73.7928,12-05-2024 03:40,2024-05-12 03:40:00,2024,5,12,3,133,25.5,950.59,69.8
Pashan AWS,18.5362,73.7928,12-05-2024 03:45,2024-05-12 03:45:00,2024,5,12,3,133,25.6,950.58,70.3
Pashan AWS,18.5362,73.7928,12-05-2024 03:50,2024-05-12 03:50:00,2024,5,12,3,133,25.8,950.72,70.0
Pashan AWS,18.5362,73.7928,12-05-2024 03:55,2024-05-12 03:55:00,2024,5,12,3,133,25.8,950.79,69.5
Pashan AWS,18.5362,73.7928,12-05-2024 04:00,2024-05-12 04:00:00,2024,5,12,4,133,26.1,950.84,69.6
Pashan AWS,18.5362,73.7928,12-05-2024 04:05,2024-05-12 04:05:00,2024,5,12,4,133,26.0,950.9,69.8
Pashan AWS,18.5362,73.7928,12-05-2024 04:10,2024-05-12 04:10:00,2024,5,12,4,133,25.9,950.86,69.7
Pashan AWS,18.5362,73.7928,12-05-2024 04:15,2024-05-12 04:15:00,2024,5,12,4,133,25.9,950.87,69.7
Pashan AWS,18.5362,73.7928,12-05-2024 04:20,2024-05-12 04:20:00,2024,5,12,4,133,26.1,950.92,69.4
Pashan AWS,18.5362,73.7928,12-05-2024 04:25,2024-05-12 04:25:00,2024,5,12,4,133,26.3,950.96,69.3
Pashan AWS,18.5362,73.7928,12-05-2024 04:30,2024-05-12 04:30:00,2024,5,12,4,133,26.4,951.12,69.5
Pashan AWS,18.5362,73.7928,12-05-2024 04:35,2024-05-12 04:35:00,2024,5,12,4,133,26.2,951.18,69.4
Pashan AWS,18.5362,73.7928,12-05-2024 04:40,2024-05-12 04:40:00,2024,5,12,4,133,26.4,951.3,69.0
Pashan AWS,18.5362,73.7928,12-05-2024 04:45,2024-05-12 04:45:00,2024,5,12,4,133,26.6,951.34,69.2
Pashan AWS,18.5362,73.7928,12-05-2024 04:50,2024-05-12 04:50:00,2024,5,12,4,133,26.3,951.47,67.9
Pashan AWS,18.5362,73.7928,12-05-2024 04:55,2024-05-12 04:55:00,2024,5,12,4,133,26.4,951.54,68.5
Pashan AWS,18.5362,73.7928,12-05-2024 05:00,2024-05-12 05:00:00,2024,5,12,5,133,26.2,951.57,67.4
Pashan AWS,18.5362,73.7928,12-05-2024 05:05,2024-05-12 05:05:00,2024,5,12,5,133,26.2,951.61,66.8
Pashan AWS,18.5362,73.7928,12-05-2024 05:10,2024-05-12 05:10:00,2024,5,12,5,133,26.2,951.57,66.5
Pashan AWS,18.5362,73.7928,12-05-2024 05:15,2024-05-12 05:15:00,2024,5,12,5,133,26.4,951.64,66.1
Pashan AWS,18.5362,73.7928,12-05-2024 05:20,2024-05-12 05:20:00,2024,5,12,5,133,26.6,951.67,66.2
Pashan AWS,18.5362,73.7928,12-05-2024 05:25,2024-05-12 05:25:00,2024,5,12,5,133,26.5,951.66,65.4
Pashan AWS,18.5362,73.7928,12-05-2024 05:30,2024-05-12 05:30:00,2024,5,12,5,133,26.7,951.78,65.2
Pashan AWS,18.5362,73.7928,12-05-2024 05:35,2024-05-12 05:35:00,2024,5,12,5,133,26.6,951.71,64.6
Pashan AWS,18.5362,73.7928,12-05-2024 05:40,2024-05-12 05:40:00,2024,5,12,5,133,26.8,951.7,64.4
Pashan AWS,18.5362,73.7928,12-05-2024 05:45,2024-05-12 05:45:00,2024,5,12,5,133,26.8,951.81,64.0
Pashan AWS,18.5362,73.7928,12-05-2024 05:50,2024-05-12 05:50:00,2024,5,12,5,133,26.9,951.86,63.6
Pashan AWS,18.5362,73.7928,12-05-2024 05:55,2024-05-12 05:55:00,2024,5,12,5,133,27.1,951.88,63.0
Pashan AWS,18.5362,73.7928,12-05-2024 06:00,2024-05-12 06:00:00,2024,5,12,6,133,27.3,951.91,62.5
Pashan AWS,18.5362,73.7928,12-05-2024 06:05,2024-05-12 06:05:00,2024,5,12,6,133,27.6,951.94,62.2
Pashan AWS,18.5362,73.7928,12-05-2024 06:10,2024-05-12 06:10:00,2024,5,12,6,133,27.8,951.83,62.2
Pashan AWS,18.5362,73.7928,12-05-2024 06:15,2024-05-12 06:15:00,2024,5,12,6,133,27.9,951.82,61.6
Pashan AWS,18.5362,73.7928,12-05-2024 06:20,2024-05-12 06:20:00,2024,5,12,6,133,28.0,951.96,60.8
Pashan AWS,18.5362,73.7928,12-05-2024 06:25,2024-05-12 06:25:00,2024,5,12,6,133,28.1,951.91,60.7
Pashan AWS,18.5362,73.7928,12-05-2024 06:30,2024-05-12 06:30:00,2024,5,12,6,133,28.3,951.89,60.3
Pashan AWS,18.5362,73.7928,12-05-2024 06:35,2024-05-12 06:35:00,2024,5,12,6,133,28.5,951.85,60.2
Pashan AWS,18.5362,73.7928,12-05-2024 06:40,2024-05-12 06:40:00,2024,5,12,6,133,28.3,951.85,59.4
Pashan AWS,18.5362,73.7928,12-05-2024 06:45,2024-05-12 06:45:00,2024,5,12,6,133,28.5,951.8,58.3
Pashan AWS,18.5362,73.7928,12-05-2024 06:50,2024-05-12 06:50:00,2024,5,12,6,133,28.7,951.84,57.7
Pashan AWS,18.5362,73.7928,12-05-2024 06:55,2024-05-12 06:55:00,2024,5,12,6,133,28.7,951.85,57.0
Pashan AWS,18.5362,73.7928,12-05-2024 07:00,2024-05-12 07:00:00,2024,5,12,7,133,28.7,951.9,56.6
Pashan AWS,18.5362,73.7928,12-05-2024 07:05,2024-05-12 07:05:00,2024,5,12,7,133,29.1,951.8,56.0
Pashan AWS,18.5362,73.7928,12-05-2024 07:10,2024-05-12 07:10:00,2024,5,12,7,133,29.3,951.76,55.9
Pashan AWS,18.5362,73.7928,12-05-2024 07:15,2024-05-12 07:15:00,2024,5,12,7,133,29.4,951.73,55.4
Pashan AWS,18.5362,73.7928,12-05-2024 07:20,2024-05-12 07:20:00,2024,5,12,7,133,29.4,951.74,55.1
Pashan AWS,18.5362,73.7928,12-05-2024 07:25,2024-05-12 07:25:00,2024,5,12,7,133,29.4,951.66,54.8
Pashan AWS,18.5362,73.7928,12-05-2024 07:30,2024-05-12 07:30:00,2024,5,12,7,133,29.8,951.71,54.4
Pashan AWS,18.5362,73.7928,12-05-2024 07:35,2024-05-12 07:35:00,2024,5,12,7,133,29.9,951.78,54.0
Pashan AWS,18.5362,73.7928,12-05-2024 07:40,2024-05-12 07:40:00,2024,5,12,7,133,30.0,951.66,53.8
Pashan AWS,18.5362,73.7928,12-05-2024 07:45,2024-05-12 07:45:00,2024,5,12,7,133,30.2,951.59,53.0
Pashan AWS,18.5362,73.7928,12-05-2024 07:50,2024-05-12 07:50:00,2024,5,12,7,133,30.3,951.51,53.2
Pashan AWS,18.5362,73.7928,12-05-2024 07:55,2024-05-12 07:55:00,2024,5,12,7,133,30.6,951.69,52.6
Pashan AWS,18.5362,73.7928,12-05-2024 08:00,2024-05-12 08:00:00,2024,5,12,8,133,31.0,951.61,51.7
Pashan AWS,18.5362,73.7928,12-05-2024 08:05,2024-05-12 08:05:00,2024,5,12,8,133,31.1,951.69,51.3
Pashan AWS,18.5362,73.7928,12-05-2024 08:10,2024-05-12 08:10:00,2024,5,12,8,133,31.1,951.54,50.5
Pashan AWS,18.5362,73.7928,12-05-2024 08:15,2024-05-12 08:15:00,2024,5,12,8,133,30.9,951.4,50.4
Pashan AWS,18.5362,73.7928,12-05-2024 08:20,2024-05-12 08:20:00,2024,5,12,8,133,30.8,951.3,50.8
Pashan AWS,18.5362,73.7928,12-05-2024 08:25,2024-05-12 08:25:00,2024,5,12,8,133,30.8,951.18,50.1
Pashan AWS,18.5362,73.7928,12-05-2024 08:30,2024-05-12 08:30:00,2024,5,12,8,133,31.0,951.1,49.7
Pashan AWS,18.5362,73.7928,12-05-2024 08:35,2024-05-12 08:35:00,2024,5,12,8,133,31.1,951.0,48.6
Pashan AWS,18.5362,73.7928,12-05-2024 08:40,2024-05-12 08:40:00,2024,5,12,8,133,31.1,950.88,48.3
Pashan AWS,18.5362,73.7928,12-05-2024 08:45,2024-05-12 08:45:00,2024,5,12,8,133,31.2,950.92,47.5
Pashan AWS,18.5362,73.7928,12-05-2024 08:50,2024-05-12 08:50:00,2024,5,12,8,133,31.5,950.96,46.8
Pashan AWS,18.5362,73.7928,12-05-2024 08:55,2024-05-12 08:55:00,2024,5,12,8,133,31.8,950.97,44.38754927916128
Pashan AWS,18.5362,73.7928,12-05-2024 09:00,2024-05-12 09:00:00,2024,5,12,9,133,31.7,950.95,42.67509855832256
Pashan AWS,18.5362,73.7928,12-05-2024 09:05,2024-05-12 09:05:00,2024,5,12,9,133,31.8,950.88,41.06264783748384
Pashan AWS,18.5362,73.7928,12-05-2024 09:10,2024-05-12 09:10:00,2024,5,12,9,133,31.8,950.77,38.95019711664512
Pashan AWS,18.5362,73.7928,12-05-2024 09:15,2024-05-12 09:15:00,2024,5,12,9,133,32.1,950.62,36.6377463958064
Pashan AWS,18.5362,73.7928,12-05-2024 09:20,2024-05-12 09:20:00,2024,5,12,9,133,32.4,950.58,35.22529567496768
Pashan AWS,18.5362,73.7928,12-05-2024 09:25,2024-05-12 09:25:00,2024,5,12,9,133,32.5,950.42,32.81284495412896
Pashan AWS,18.5362,73.7928,12-05-2024 09:30,2024-05-12 09:30:00,2024,5,12,9,133,32.5,950.27,29.90039423329024
Pashan AWS,18.5362,73.7928,12-05-2024 09:35,2024-05-12 09:35:00,2024,5,12,9,133,32.7,950.29,28.087943512451524
Pashan AWS,18.5362,73.7928,12-05-2024 09:40,2024-05-12 09:40:00,2024,5,12,9,133,32.5,950.38,25.6754927916128
Pashan AWS,18.5362,73.7928,12-05-2024 09:45,2024-05-12 09:45:00,2024,5,12,9,133,32.7,950.33,24.06304207077408
Pashan AWS,18.5362,73.7928,12-05-2024 09:50,2024-05-12 09:50:00,2024,5,12,9,133,32.9,950.34,21.950591349935358
Pashan AWS,18.5362,73.7928,12-05-2024 09:55,2024-05-12 09:55:00,2024,5,12,9,133,33.2,950.24,20.238140629096645
Pashan AWS,18.5362,73.7928,12-05-2024 10:00,2024-05-12 10:00:00,2024,5,12,10,133,33.2,950.05,18.72568990825792
Pashan AWS,18.5362,73.7928,12-05-2024 10:05,2024-05-12 10:05:00,2024,5,12,10,133,33.3,950.02,16.2132391874192
Pashan AWS,18.5362,73.7928,12-05-2024 10:10,2024-05-12 10:10:00,2024,5,12,10,133,33.3,949.99,14.000788466580481
Pashan AWS,18.5362,73.7928,12-05-2024 10:15,2024-05-12 10:15:00,2024,5,12,10,133,33.3,949.91,11.988337745741763
Pashan AWS,18.5362,73.7928,12-05-2024 10:20,2024-05-12 10:20:00,2024,5,12,10,133,33.3,949.82,10.575887024903047
Pashan AWS,18.5362,73.7928,12-05-2024 10:25,2024-05-12 10:25:00,2024,5,12,10,133,33.7,949.82,8.363436304064326
Pashan AWS,18.5362,73.7928,12-05-2024 10:30,2024-05-12 10:30:00,2024,5,12,10,133,33.8,949.66,6.150985583225605
Pashan AWS,18.5362,73.7928,12-05-2024 10:35,2024-05-12 10:35:00,2024,5,12,10,133,34.0,949.52,4.3385348623868865
Pashan AWS,18.5362,73.7928,12-05-2024 10:40,2024-05-12 10:40:00,2024,5,12,10,133,34.1,949.37,2.1260841415481693
Pashan AWS,18.5362,73.7928,12-05-2024 10:45,2024-05-12 10:45:00,2024,5,12,10,133,34.1,949.3,0.21363342070944213
Pashan AWS,18.5362,73.7928,12-05-2024 10:50,2024-05-12 10:50:00,2024,5,12,10,133,34.2,949.15,-2.3988173001292807
Pashan AWS,18.5362,73.7928,12-05-2024 10:55,2024-05-12 10:55:00,2024,5,12,10,133,34.5,949.03,-3.411268020967995
Pashan AWS,18.5362,73.7928,12-05-2024 11:00,2024-05-12 11:00:00,2024,5,12,11,133,34.5,948.92,-5.9237187418067165
Pashan AWS,18.5362,73.7928,12-05-2024 11:05,2024-05-12 11:05:00,2024,5,12,11,133,34.8,948.84,-8.036169462645432
Pashan AWS,18.5362,73.7928,12-05-2024 11:10,2024-05-12 11:10:00,2024,5,12,11,133,34.8,948.67,-9.948620183484152
Pashan AWS,18.5362,73.7928,12-05-2024 11:15,2024-05-12 11:15:00,2024,5,12,11,133,34.9,948.63,-11.061070904322868
Pashan AWS,18.5362,73.7928,12-05-2024 11:20,2024-05-12 11:20:00,2024,5,12,11,133,35.2,948.68,-13.573521625161597
Pashan AWS,18.5362,73.7928,12-05-2024 11:25,2024-05-12 11:25:00,2024,5,12,11,133,35.2,948.64,-14.685972346000312
Pashan AWS,18.5362,73.7928,12-05-2024 11:30,2024-05-12 11:30:00,2024,5,12,11,133,35.4,948.72,-16.39842306683903
Pashan AWS,18.5362,73.7928,12-05-2024 11:35,2024-05-12 11:35:00,2024,5,12,11,133,35.5,948.77,-18.110873787677754
Pashan AWS,18.5362,73.7928,12-05-2024 11:40,2024-05-12 11:40:00,2024,5,12,11,133,35.6,948.78,34.3
Pashan AWS,18.5362,73.7928,12-05-2024 11:45,2024-05-12 11:45:00,2024,5,12,11,133,35.4,948.74,34.2
Pashan AWS,18.5362,73.7928,12-05-2024 11:50,2024-05-12 11:50:00,2024,5,12,11,133,35.3,948.69,33.6
Pashan AWS,18.5362,73.7928,12-05-2024 11:55,2024-05-12 11:55:00,2024,5,12,11,133,35.5,948.7,33.8
Pashan AWS,18.5362,73.7928,12-05-2024 12:00,2024-05-12 12:00:00,2024,5,12,12,133,35.8,948.62,33.1
Pashan AWS,18.5362,73.7928,12-05-2024 12:05,2024-05-12 12:05:00,2024,5,12,12,133,35.8,948.42,32.8
Pashan AWS,18.5362,73.7928,12-05-2024 12:10,2024-05-12 12:10:00,2024,5,12,12,133,35.9,948.43,32.3
Pashan AWS,18.5362,73.7928,12-05-2024 12:15,2024-05-12 12:15:00,2024,5,12,12,133,36.1,948.3,31.6
Pashan AWS,18.5362,73.7928,12-05-2024 12:20,2024-05-12 12:20:00,2024,5,12,12,133,36.4,948.2,31.7
Pashan AWS,18.5362,73.7928,12-05-2024 12:25,2024-05-12 12:25:00,2024,5,12,12,133,36.2,948.17,31.7
Pashan AWS,18.5362,73.7928,12-05-2024 12:30,2024-05-12 12:30:00,2024,5,12,12,133,36.2,948.15,31.9
Pashan AWS,18.5362,73.7928,12-05-2024 12:35,2024-05-12 12:35:00,2024,5,12,12,133,36.2,948.02,31.0
Pashan AWS,18.5362,73.7928,12-05-2024 12:40,2024-05-12 12:40:00,2024,5,12,12,133,36.5,948.02,31.2
Pashan AWS,18.5362,73.7928,12-05-2024 12:45,2024-05-12 12:45:00,2024,5,12,12,133,37.0,948.09,32.0
Pashan AWS,18.5362,73.7928,12-05-2024 12:50,2024-05-12 12:50:00,2024,5,12,12,133,37.0,947.99,31.6
Pashan AWS,18.5362,73.7928,12-05-2024 12:55,2024-05-12 12:55:00,2024,5,12,12,133,36.9,948.09,32.1
Pashan AWS,18.5362,73.7928,12-05-2024 13:00,2024-05-12 13:00:00,2024,5,12,13,133,37.0,947.96,31.7
Pashan AWS,18.5362,73.7928,12-05-2024 13:05,2024-05-12 13:05:00,2024,5,12,13,133,37.3,948.13,30.9
Pashan AWS,18.5362,73.7928,12-05-2024 13:10,2024-05-12 13:10:00,2024,5,12,13,133,37.4,948.1,30.6
Pashan AWS,18.5362,73.7928,12-05-2024 13:15,2024-05-12 13:15:00,2024,5,12,13,133,37.3,948.12,30.9
Pashan AWS,18.5362,73.7928,12-05-2024 13:20,2024-05-12 13:20:00,2024,5,12,13,133,37.5,947.97,30.3
Pashan AWS,18.5362,73.7928,12-05-2024 13:25,2024-05-12 13:25:00,2024,5,12,13,133,37.7,947.98,29.9
Pashan AWS,18.5362,73.7928,12-05-2024 13:30,2024-05-12 13:30:00,2024,5,12,13,133,37.6,948.02,30.0
Pashan AWS,18.5362,73.7928,12-05-2024 13:35,2024-05-12 13:35:00,2024,5,12,13,133,37.7,948.03,29.9
Pashan AWS,18.5362,73.7928,12-05-2024 13:40,2024-05-12 13:40:00,2024,5,12,13,133,37.9,948.0,30.0
Pashan AWS,18.5362,73.7928,12-05-2024 13:45,2024-05-12 13:45:00,2024,5,12,13,133,38.1,947.95,30.0
Pashan AWS,18.5362,73.7928,12-05-2024 13:50,2024-05-12 13:50:00,2024,5,12,13,133,38.1,948.08,30.1
Pashan AWS,18.5362,73.7928,12-05-2024 13:55,2024-05-12 13:55:00,2024,5,12,13,133,38.0,948.11,29.8
Pashan AWS,18.5362,73.7928,12-05-2024 14:00,2024-05-12 14:00:00,2024,5,12,14,133,38.2,948.26,29.8
Pashan AWS,18.5362,73.7928,12-05-2024 14:05,2024-05-12 14:05:00,2024,5,12,14,133,38.1,948.25,29.3
Pashan AWS,18.5362,73.7928,12-05-2024 14:10,2024-05-12 14:10:00,2024,5,12,14,133,38.1,948.25,29.8
Pashan AWS,18.5362,73.7928,12-05-2024 14:15,2024-05-12 14:15:00,2024,5,12,14,133,37.9,948.35,29.5
Pashan AWS,18.5362,73.7928,12-05-2024 14:20,2024-05-12 14:20:00,2024,5,12,14,133,38.1,948.26,29.9
Pashan AWS,18.5362,73.7928,12-05-2024 14:25,2024-05-12 14:25:00,2024,5,12,14,133,38.1,948.21,29.7
Pashan AWS,18.5362,73.7928,12-05-2024 14:30,2024-05-12 14:30:00,2024,5,12,14,133,38.2,948.34,29.8
Pashan AWS,18.5362,73.7928,12-05-2024 14:35,2024-05-12 14:35:00,2024,5,12,14,133,38.3,948.3,29.6
Pashan AWS,18.5362,73.7928,12-05-2024 14:40,2024-05-12 14:40:00,2024,5,12,14,133,38.1,948.2,29.2
Pashan AWS,18.5362,73.7928,12-05-2024 14:45,2024-05-12 14:45:00,2024,5,12,14,133,38.3,948.41,28.5
Pashan AWS,18.5362,73.7928,12-05-2024 14:50,2024-05-12 14:50:00,2024,5,12,14,133,38.5,948.36,28.1
Pashan AWS,18.5362,73.7928,12-05-2024 14:55,2024-05-12 14:55:00,2024,5,12,14,133,38.6,948.43,28.1
Pashan AWS,18.5362,73.7928,12-05-2024 15:00,2024-05-12 15:00:00,2024,5,12,15,133,38.4,948.5,28.3
Pashan AWS,18.5362,73.7928,12-05-2024 15:05,2024-05-12 15:05:00,2024,5,12,15,133,38.3,948.34,28.9
Pashan AWS,18.5362,73.7928,12-05-2024 15:10,2024-05-12 15:10:00,2024,5,12,15,133,38.3,948.39,28.8
Pashan AWS,18.5362,73.7928,12-05-2024 15:15,2024-05-12 15:15:00,2024,5,12,15,133,38.1,948.5,28.6
Pashan AWS,18.5362,73.7928,12-05-2024 15:20,2024-05-12 15:20:00,2024,5,12,15,133,38.3,948.6,28.2
Pashan AWS,18.5362,73.7928,12-05-2024 15:25,2024-05-12 15:25:00,2024,5,12,15,133,38.3,948.75,28.5
Pashan AWS,18.5362,73.7928,12-05-2024 15:30,2024-05-12 15:30:00,2024,5,12,15,133,37.8,948.79,29.3
Pashan AWS,18.5362,73.7928,12-05-2024 15:35,2024-05-12 15:35:00,2024,5,12,15,133,37.8,948.91,30.0
Pashan AWS,18.5362,73.7928,12-05-2024 15:40,2024-05-12 15:40:00,2024,5,12,15,133,37.7,948.93,30.4
Pashan AWS,18.5362,73.7928,12-05-2024 15:45,2024-05-12 15:45:00,2024,5,12,15,133,37.6,948.89,30.8
Pashan AWS,18.5362,73.7928,12-05-2024 15:50,2024-05-12 15:50:00,2024,5,12,15,133,37.5,948.86,31.6
Pashan AWS,18.5362,73.7928,12-05-2024 15:55,2024-05-12 15:55:00,2024,5,12,15,133,37.5,948.82,31.9
Pashan AWS,18.5362,73.7928,12-05-2024 16:00,2024-05-12 16:00:00,2024,5,12,16,133,37.6,948.98,32.3
Pashan AWS,18.5362,73.7928,12-05-2024 16:05,2024-05-12 16:05:00,2024,5,12,16,133,37.6,948.94,32.3
Pashan AWS,18.5362,73.7928,12-05-2024 16:10,2024-05-12 16:10:00,2024,5,12,16,133,37.5,949.05,31.9
Pashan AWS,18.5362,73.7928,12-05-2024 16:15,2024-05-12 16:15:00,2024,5,12,16,133,37.4,949.11,31.8
Pashan AWS,18.5362,73.7928,12-05-2024 16:20,2024-05-12 16:20:00,2024,5,12,16,133,37.3,949.18,32.0
Pashan AWS,18.5362,73.7928,12-05-2024 16:25,2024-05-12 16:25:00,2024,5,12,16,133,37.1,949.37,32.3
Pashan AWS,18.5362,73.7928,12-05-2024 16:30,2024-05-12 16:30:00,2024,5,12,16,133,37.1,949.41,33.3
Pashan AWS,18.5362,73.7928,12-05-2024 16:35,2024-05-12 16:35:00,2024,5,12,16,133,37.1,949.53,33.5
Pashan AWS,18.5362,73.7928,12-05-2024 16:40,2024-05-12 16:40:00,2024,5,12,16,133,37.2,949.61,34.2
Pashan AWS,18.5362,73.7928,12-05-2024 16:45,2024-05-12 16:45:00,2024,5,12,16,133,37.3,949.66,34.3
Pashan AWS,18.5362,73.7928,12-05-2024 16:50,2024-05-12 16:50:00,2024,5,12,16,133,37.0,949.92,34.4
Pashan AWS,18.5362,73.7928,12-05-2024 16:55,2024-05-12 16:55:00,2024,5,12,16,133,37.0,949.86,34.1
Pashan AWS,18.5362,73.7928,12-05-2024 17:00,2024-05-12 17:00:00,2024,5,12,17,133,36.8,950.02,34.1
Pashan AWS,18.5362,73.7928,12-05-2024 17:05,2024-05-12 17:05:00,2024,5,12,17,133,36.7,950.13,34.6
Pashan AWS,18.5362,73.7928,12-05-2024 17:10,2024-05-12 17:10:00,2024,5,12,17,133,36.5,950.15,34.9
Pashan AWS,18.5362,73.7928,12-05-2024 17:15,2024-05-12 17:15:00,2024,5,12,17,133,36.3,950.33,35.6
Pashan AWS,18.5362,73.7928,12-05-2024 17:20,2024-05-12 17:20:00,2024,5,12,17,133,36.2,950.23,36.0
Pashan AWS,18.5362,73.7928,12-05-2024 17:25,2024-05-12 17:25:00,2024,5,12,17,133,35.6,950.24,36.1
Pashan AWS,18.5362,73.7928,12-05-2024 17:30,2024-05-12 17:30:00,2024,5,12,17,133,35.3,950.19,37.3
Pashan AWS,18.5362,73.7928,12-05-2024 17:35,2024-05-12 17:35:00,2024,5,12,17,133,35.2,950.27,37.6
Pashan AWS,18.5362,73.7928,12-05-2024 17:40,2024-05-12 17:40:00,2024,5,12,17,133,35.1,950.23,38.3
Pashan AWS,18.5362,73.7928,12-05-2024 17:45,2024-05-12 17:45:00,2024,5,12,17,133,34.9,950.31,38.5
Pashan AWS,18.5362,73.7928,12-05-2024 17:50,2024-05-12 17:50:00,2024,5,12,17,133,34.6,950.34,39.1
Pashan AWS,18.5362,73.7928,12-05-2024 17:55,2024-05-12 17:55:00,2024,5,12,17,133,34.3,950.35,39.7
Pashan AWS,18.5362,73.7928,12-05-2024 18:00,2024-05-12 18:00:00,2024,5,12,18,133,34.3,950.42,40.1
Pashan AWS,18.5362,73.7928,12-05-2024 18:05,2024-05-12 18:05:00,2024,5,12,18,133,34.3,950.43,39.5
Pashan AWS,18.5362,73.7928,12-05-2024 18:10,2024-05-12 18:10:00,2024,5,12,18,133,34.2,950.38,39.9
Pashan AWS,18.5362,73.7928,12-05-2024 18:15,2024-05-12 18:15:00,2024,5,12,18,133,34.3,950.64,40.7
Pashan AWS,18.5362,73.7928,12-05-2024 18:20,2024-05-12 18:20:00,2024,5,12,18,133,34.2,950.62,41.3
Pashan AWS,18.5362,73.7928,12-05-2024 18:25,2024-05-12 18:25:00,2024,5,12,18,133,34.0,950.47,41.8
Pashan AWS,18.5362,73.7928,12-05-2024 18:30,2024-05-12 18:30:00,2024,5,12,18,133,33.8,950.43,41.5
Pashan AWS,18.5362,73.7928,12-05-2024 18:35,2024-05-12 18:35:00,2024,5,12,18,133,33.5,950.35,41.6
Pashan AWS,18.5362,73.7928,12-05-2024 18:40,2024-05-12 18:40:00,2024,5,12,18,133,33.3,950.44,42.2
Pashan AWS,18.5362,73.7928,12-05-2024 18:45,2024-05-12 18:45:00,2024,5,12,18,133,33.4,950.49,42.8
Pashan AWS,18.5362,73.7928,12-05-2024 18:50,2024-05-12 18:50:00,2024,5,12,18,133,33.3,950.54,43.7
Pashan AWS,18.5362,73.7928,12-05-2024 18:55,2024-05-12 18:55:00,2024,5,12,18,133,33.4,950.52,44.0
Pashan AWS,18.5362,73.7928,12-05-2024 19:00,2024-05-12 19:00:00,2024,5,12,19,133,33.2,950.51,44.6
Pashan AWS,18.5362,73.7928,12-05-2024 19:05,2024-05-12 19:05:00,2024,5,12,19,133,33.3,950.48,45.0
Pashan AWS,18.5362,73.7928,12-05-2024 19:10,2024-05-12 19:10:00,2024,5,12,19,133,33.1,950.48,45.0
Pashan AWS,18.5362,73.7928,12-05-2024 19:15,2024-05-12 19:15:00,2024,5,12,19,133,33.1,950.55,44.5
Pashan AWS,18.5362,73.7928,12-05-2024 19:20,2024-05-12 19:20:00,2024,5,12,19,133,33.0,950.57,45.2
Pashan AWS,18.5362,73.7928,12-05-2024 19:25,2024-05-12 19:25:00,2024,5,12,19,133,32.9,950.61,45.8
Pashan AWS,18.5362,73.7928,12-05-2024 19:30,2024-05-12 19:30:00,2024,5,12,19,133,33.0,950.63,46.0
Pashan AWS,18.5362,73.7928,12-05-2024 19:35,2024-05-12 19:35:00,2024,5,12,19,133,32.7,950.69,45.8
Pashan AWS,18.5362,73.7928,12-05-2024 19:40,2024-05-12 19:40:00,2024,5,12,19,133,32.6,950.69,46.6
Pashan AWS,18.5362,73.7928,12-05-2024 19:45,2024-05-12 19:45:00,2024,5,12,19,133,32.6,950.69,47.0
Pashan AWS,18.5362,73.7928,12-05-2024 19:50,2024-05-12 19:50:00,2024,5,12,19,133,32.4,950.75,47.8
Pashan AWS,18.5362,73.7928,12-05-2024 19:55,2024-05-12 19:55:00,2024,5,12,19,133,32.0,950.66,49.0
Pashan AWS,18.5362,73.7928,12-05-2024 20:00,2024-05-12 20:00:00,2024,5,12,20,133,32.1,950.56,48.7
Pashan AWS,18.5362,73.7928,12-05-2024 20:05,2024-05-12 20:05:00,2024,5,12,20,133,31.9,950.43,48.9
Pashan AWS,18.5362,73.7928,12-05-2024 20:10,2024-05-12 20:10:00,2024,5,12,20,133,31.7,950.41,49.3
Pashan AWS,18.5362,73.7928,12-05-2024 20:15,2024-05-12 20:15:00,2024,5,12,20,133,31.7,950.22,50.5
Pashan AWS,18.5362,73.7928,12-05-2024 20:20,2024-05-12 20:20:00,2024,5,12,20,133,31.4,950.22,50.3
Pashan AWS,18.5362,73.7928,12-05-2024 20:25,2024-05-12 20:25:00,2024,5,12,20,133,31.0,950.18,51.6
Pashan AWS,18.5362,73.7928,12-05-2024 20:30,2024-05-12 20:30:00,2024,5,12,20,133,30.9,950.23,52.2
Pashan AWS,18.5362,73.7928,12-05-2024 20:35,2024-05-12 20:35:00,2024,5,12,20,133,30.4,950.13,52.6
Pashan AWS,18.5362,73.7928,12-05-2024 20:40,2024-05-12 20:40:00,2024,5,12,20,133,30.2,950.06,53.1
Pashan AWS,18.5362,73.7928,12-05-2024 20:45,2024-05-12 20:45:00,2024,5,12,20,133,30.1,950.11,53.4
Pashan AWS,18.5362,73.7928,12-05-2024 20:50,2024-05-12 20:50:00,2024,5,12,20,133,29.9,950.16,54.3
Pashan AWS,18.5362,73.7928,12-05-2024 20:55,2024-05-12 20:55:00,2024,5,12,20,133,29.5,950.05,54.4
Pashan AWS,18.5362,73.7928,12-05-2024 21:00,2024-05-12 21:00:00,2024,5,12,21,133,29.6,950.01,55.0
Pashan AWS,18.5362,73.7928,12-05-2024 21:05,2024-05-12 21:05:00,2024,5,12,21,133,29.4,949.97,55.4
Pashan AWS,18.5362,73.7928,12-05-2024 21:10,2024-05-12 21:10:00,2024,5,12,21,133,29.5,949.94,55.6
Pashan AWS,18.5362,73.7928,12-05-2024 21:15,2024-05-12 21:15:00,2024,5,12,21,133,29.2,949.85,57.1
Pashan AWS,18.5362,73.7928,12-05-2024 21:20,2024-05-12 21:20:00,2024,5,12,21,133,28.9,949.89,57.8
Pashan AWS,18.5362,73.7928,12-05-2024 21:25,2024-05-12 21:25:00,2024,5,12,21,133,28.8,949.67,58.5
Pashan AWS,18.5362,73.7928,12-05-2024 21:30,2024-05-12 21:30:00,2024,5,12,21,133,28.6,949.57,59.3
Pashan AWS,18.5362,73.7928,12-05-2024 21:35,2024-05-12 21:35:00,2024,5,12,21,133,28.3,949.54,59.2
Pashan AWS,18.5362,73.7928,12-05-2024 21:40,2024-05-12 21:40:00,2024,5,12,21,133,28.4,949.51,60.3
Pashan AWS,18.5362,73.7928,12-05-2024 21:45,2024-05-12 21:45:00,2024,5,12,21,133,28.1,949.55,59.7
Pashan AWS,18.5362,73.7928,12-05-2024 21:50,2024-05-12 21:50:00,2024,5,12,21,133,27.7,949.58,59.9
Pashan AWS,18.5362,73.7928,12-05-2024 21:55,2024-05-12 21:55:00,2024,5,12,21,133,27.7,949.48,60.2
Pashan AWS,18.5362,73.7928,12-05-2024 22:00,2024-05-12 22:00:00,2024,5,12,22,133,27.5,949.51,60.9
Pashan AWS,18.5362,73.7928,12-05-2024 22:05,2024-05-12 22:05:00,2024,5,12,22,133,27.3,949.37,61.4
Pashan AWS,18.5362,73.7928,12-05-2024 22:10,2024-05-12 22:10:00,2024,5,12,22,133,26.9,949.37,61.8
Pashan AWS,18.5362,73.7928,12-05-2024 22:15,2024-05-12 22:15:00,2024,5,12,22,133,27.0,949.44,62.3
Pashan AWS,18.5362,73.7928,12-05-2024 22:20,2024-05-12 22:20:00,2024,5,12,22,133,26.7,949.45,62.3
Pashan AWS,18.5362,73.7928,12-05-2024 22:25,2024-05-12 22:25:00,2024,5,12,22,133,26.5,949.38,62.2
Pashan AWS,18.5362,73.7928,12-05-2024 22:30,2024-05-12 22:30:00,2024,5,12,22,133,26.6,949.27,63.0
Pashan AWS,18.5362,73.7928,12-05-2024 22:35,2024-05-12 22:35:00,2024,5,12,22,133,26.5,949.06,63.7
Pashan AWS,18.5362,73.7928,12-05-2024 22:40,2024-05-12 22:40:00,2024,5,12,22,133,26.3,949.01,64.8
Pashan AWS,18.5362,73.7928,12-05-2024 22:45,2024-05-12 22:45:00,2024,5,12,22,133,26.0,948.85,64.9
Pashan AWS,18.5362,73.7928,12-05-2024 22:50,2024-05-12 22:50:00,2024,5,12,22,133,25.7,948.72,65.6
Pashan AWS,18.5362,73.7928,12-05-2024 22:55,2024-05-12 22:55:00,2024,5,12,22,133,25.6,948.55,65.8
Pashan AWS,18.5362,73.7928,12-05-2024 23:00,2024-05-12 23:00:00,2024,5,12,23,133,25.4,948.46,66.7
Pashan AWS,18.5362,73.7928,12-05-2024 23:05,2024-05-12 23:05:00,2024,5,12,23,133,25.3,948.4,67.5
Pashan AWS,18.5362,73.7928,12-05-2024 23:10,2024-05-12 23:10:00,2024,5,12,23,133,25.3,948.37,67.9
Pashan AWS,18.5362,73.7928,12-05-2024 23:15,2024-05-12 23:15:00,2024,5,12,23,133,25.4,948.26,68.1
Pashan AWS,18.5362,73.7928,12-05-2024 23:20,2024-05-12 23:20:00,2024,5,12,23,133,25.1,948.3,68.8
Pashan AWS,18.5362,73.7928,12-05-2024 23:25,2024-05-12 23:25:00,2024,5,12,23,133,25.3,948.23,69.4
Pashan AWS,18.5362,73.7928,12-05-2024 23:30,2024-05-12 23:30:00,2024,5,12,23,133,25.3,948.12,69.4
Pashan AWS,18.5362,73.7928,12-05-2024 23:35,2024-05-12 23:35:00,2024,5,12,23,133,25.2,948.09,69.2
Pashan AWS,18.5362,73.7928,12-05-2024 23:40,2024-05-12 23:40:00,2024,5,12,23,133,25.2,948.2,69.4
Pashan AWS,18.5362,73.7928,12-05-2024 23:45,2024-05-12 23:45:00,2024,5,12,23,133,25.4,948.18,70.3
Pashan AWS,18.5362,73.7928,12-05-2024 23:50,2024-05-12 23:50:00,2024,5,12,23,133,25.1,948.11,71.0
Pashan AWS,18.5362,73.7928,12-05-2024 23:55,2024-05-12 23:55:00,2024,5,12,23,133,24.9,947.95,70.9
Pashan AWS,18.5362,73.7928,13-05-2024 00:00,2024-05-13 00:00:00,2024,5,13,0,134,24.4,947.89,70.7
Pashan AWS,18.5362,73.7928,13-05-2024 00:05,2024-05-13 00:05:00,2024,5,13,0,134,24.4,947.88,71.5
Pashan AWS,18.5362,73.7928,13-05-2024 00:10,2024-05-13 00:10:00,2024,5,13,0,134,24.3,947.82,71.3
Pashan AWS,18.5362,73.7928,13-05-2024 00:15,2024-05-13 00:15:00,2024,5,13,0,134,24.2,947.66,71.7
Pashan AWS,18.5362,73.7928,13-05-2024 00:20,2024-05-13 00:20:00,2024,5,13,0,134,24.0,947.58,71.7
Pashan AWS,18.5362,73.7928,13-05-2024 00:25,2024-05-13 00:25:00,2024,5,13,0,134,23.6,947.68,72.7
Pashan AWS,18.5362,73.7928,13-05-2024 00:30,2024-05-13 00:30:00,2024,5,13,0,134,23.6,947.78,72.6
Pashan AWS,18.5362,73.7928,13-05-2024 00:35,2024-05-13 00:35:00,2024,5,13,0,134,23.8,947.69,73.2
Pashan AWS,18.5362,73.7928,13-05-2024 00:40,2024-05-13 00:40:00,2024,5,13,0,134,23.6,947.74,73.5
Pashan AWS,18.5362,73.7928,13-05-2024 00:45,2024-05-13 00:45:00,2024,5,13,0,134,23.6,947.63,73.8
Pashan AWS,18.5362,73.7928,13-05-2024 00:50,2024-05-13 00:50:00,2024,5,13,0,134,23.3,947.74,73.2
Pashan AWS,18.5362,73.7928,13-05-2024 00:55,2024-05-13 00:55:00,2024,5,13,0,134,23.3,947.76,72.5
Pashan AWS,18.5362,73.7928,13-05-2024 01:00,2024-05-13 01:00:00,2024,5,13,1,134,23.2,947.83,72.7
Pashan AWS,18.5362,73.7928,13-05-2024 01:05,2024-05-13 01:05:00,2024,5,13,1,134,23.0,947.69,73.0
Pashan AWS,18.5362,73.7928,13-05-2024 01:10,2024-05-13 01:10:00,2024,5,13,1,134,22.9,947.75,72.8
Pashan AWS,18.5362,73.7928,13-05-2024 01:15,2024-05-13 01:15:00,2024,5,13,1,134,22.8,947.76,72.6
Pashan AWS,18.5362,73.7928,13-05-2024 01:20,2024-05-13 01:20:00,2024,5,13,1,134,22.8,947.83,73.0
Pashan AWS,18.5362,73.7928,13-05-2024 01:25,2024-05-13 01:25:00,2024,5,13,1,134,22.6,947.92,73.5
Pashan AWS,18.5362,73.7928,13-05-2024 01:30,2024-05-13 01:30:00,2024,5,13,1,134,22.5,947.93,73.6
Pashan AWS,18.5362,73.7928,13-05-2024 01:35,2024-05-13 01:35:00,2024,5,13,1,134,22.5,947.9,74.1
Pashan AWS,18.5362,73.7928,13-05-2024 01:40,2024-05-13 01:40:00,2024,5,13,1,134,22.3,947.98,73.8
Pashan AWS,18.5362,73.7928,13-05-2024 01:45,2024-05-13 01:45:00,2024,5,13,1,134,22.6,947.99,73.8
Pashan AWS,18.5362,73.7928,13-05-2024 01:50,2024-05-13 01:50:00,2024,5,13,1,134,22.4,947.94,74.6
Pashan AWS,18.5362,73.7928,13-05-2024 01:55,2024-05-13 01:55:00,2024,5,13,1,134,22.3,947.89,74.7
Pashan AWS,18.5362,73.7928,13-05-2024 02:00,2024-05-13 02:00:00,2024,5,13,2,134,22.2,947.81,74.9
Pashan AWS,18.5362,73.7928,13-05-2024 02:05,2024-05-13 02:05:00,2024,5,13,2,134,22.5,947.81,75.9
Pashan AWS,18.5362,73.7928,13-05-2024 02:10,2024-05-13 02:10:00,2024,5,13,2,134,22.5,947.94,75.3
Pashan AWS,18.5362,73.7928,13-05-2024 02:15,2024-05-13 02:15:00,2024,5,13,2,134,22.4,948.0,75.7
Pashan AWS,18.5362,73.7928,13-05-2024 02:20,2024-05-13 02:20:00,2024,5,13,2,134,22.6,948.0,76.4
Pashan AWS,18.5362,73.7928,13-05-2024 02:25,2024-05-13 02:25:00,2024,5,13,2,134,22.6,948.11,76.2
Pashan AWS,18.5362,73.7928,13-05-2024 02:30,2024-05-13 02:30:00,2024,5,13,2,134,22.6,948.09,76.6
Pashan AWS,18.5362,73.7928,13-05-2024 02:35,2024-05-13 02:35:00,2024,5,13,2,134,22.6,948.15,76.1
Pashan AWS,18.5362,73.7928,13-05-2024 02:40,2024-05-13 02:40:00,2024,5,13,2,134,22.5,948.19,75.8
Pashan AWS,18.5362,73.7928,13-05-2024 02:45,2024-05-13 02:45:00,2024,5,13,2,134,22.6,948.31,75.9
Pashan AWS,18.5362,73.7928,13-05-2024 02:50,2024-05-13 02:50:00,2024,5,13,2,134,22.5,948.24,76.2
Pashan AWS,18.5362,73.7928,13-05-2024 02:55,2024-05-13 02:55:00,2024,5,13,2,134,22.8,948.23,76.6
Pashan AWS,18.5362,73.7928,13-05-2024 03:00,2024-05-13 03:00:00,2024,5,13,3,134,22.6,948.17,77.1
Pashan AWS,18.5362,73.7928,13-05-2024 03:05,2024-05-13 03:05:00,2024,5,13,3,134,22.9,948.22,76.9
Pashan AWS,18.5362,73.7928,13-05-2024 03:10,2024-05-13 03:10:00,2024,5,13,3,134,22.9,948.39,77.3
Pashan AWS,18.5362,73.7928,13-05-2024 03:15,2024-05-13 03:15:00,2024,5,13,3,134,22.9,948.42,76.9
Pashan AWS,18.5362,73.7928,13-05-2024 03:20,2024-05-13 03:20:00,2024,5,13,3,134,23.1,948.45,77.1
Pashan AWS,18.5362,73.7928,13-05-2024 03:25,2024-05-13 03:25:00,2024,5,13,3,134,23.0,948.6,77.0
Pashan AWS,18.5362,73.7928,13-05-2024 03:30,2024-05-13 03:30:00,2024,5,13,3,134,23.2,948.76,77.0
Pashan AWS,18.5362,73.7928,13-05-2024 03:35,2024-05-13 03:35:00,2024,5,13,3,134,22.8,948.82,76.9
Pashan AWS,18.5362,73.7928,13-05-2024 03:40,2024-05-13 03:40:00,2024,5,13,3,134,22.7,948.94,76.0
Pashan AWS,18.5362,73.7928,13-05-2024 03:45,2024-05-13 03:45:00,2024,5,13,3,134,22.6,948.93,75.4
Pashan AWS,18.5362,73.7928,13-05-2024 03:50,2024-05-13 03:50:00,2024,5,13,3,134,22.5,949.11,75.2
Pashan AWS,18.5362,73.7928,13-05-2024 03:55,2024-05-13 03:55:00,2024,5,13,3,134,22.6,949.35,74.4
Pashan AWS,18.5362,73.7928,13-05-2024 04:00,2024-05-13 04:00:00,2024,5,13,4,134,22.7,949.46,74.5
Pashan AWS,18.5362,73.7928,13-05-2024 04:05,2024-05-13 04:05:00,2024,5,13,4,134,22.9,949.35,74.7
Pashan AWS,18.5362,73.7928,13-05-2024 04:10,2024-05-13 04:10:00,2024,5,13,4,134,23.0,949.37,74.6
Pashan AWS,18.5362,73.7928,13-05-2024 04:15,2024-05-13 04:15:00,2024,5,13,4,134,23.0,949.49,73.9
Pashan AWS,18.5362,73.7928,13-05-2024 04:20,2024-05-13 04:20:00,2024,5,13,4,134,23.1,949.52,74.2
Pashan AWS,18.5362,73.7928,13-05-2024 04:25,2024-05-13 04:25:00,2024,5,13,4,134,23.2,949.69,74.7
Pashan AWS,18.5362,73.7928,13-05-2024 04:30,2024-05-13 04:30:00,2024,5,13,4,134,23.4,949.8,74.5
Pashan AWS,18.5362,73.7928,13-05-2024 04:35,2024-05-13 04:35:00,2024,5,13,4,134,23.6,949.81,74.4
Pashan AWS,18.5362,73.7928,13-05-2024 04:40,2024-05-13 04:40:00,2024,5,13,4,134,23.7,949.87,74.1
Pashan AWS,18.5362,73.7928,13-05-2024 04:45,2024-05-13 04:45:00,2024,5,13,4,134,23.6,949.86,74.0
Pashan AWS,18.5362,73.7928,13-05-2024 04:50,2024-05-13 04:50:00,2024,5,13,4,134,23.6,949.91,73.6
Pashan AWS,18.5362,73.7928,13-05-2024 04:55,2024-05-13 04:55:00,2024,5,13,4,134,23.7,949.93,73.2
Pashan AWS,18.5362,73.7928,13-05-2024 05:00,2024-05-13 05:00:00,2024,5,13,5,134,23.7,950.09,73.2
Pashan AWS,18.5362,73.7928,13-05-2024 05:05,2024-05-13 05:05:00,2024,5,13,5,134,23.8,950.32,73.8
Pashan AWS,18.5362,73.7928,13-05-2024 05:10,2024-05-13 05:10:00,2024,5,13,5,134,24.1,950.25,72.8
Pashan AWS,18.5362,73.7928,13-05-2024 05:15,2024-05-13 05:15:00,2024,5,13,5,134,24.2,950.15,72.3
Pashan AWS,18.5362,73.7928,13-05-2024 05:20,2024-05-13 05:20:00,2024,5,13,5,134,24.3,950.19,71.5
Pashan AWS,18.5362,73.7928,13-05-2024 05:25,2024-05-13 05:25:00,2024,5,13,5,134,24.4,950.12,71.7
Pashan AWS,18.5362,73.7928,13-05-2024 05:30,2024-05-13 05:30:00,2024,5,13,5,134,24.4,950.19,71.1
Pashan AWS,18.5362,73.7928,13-05-2024 05:35,2024-05-13 05:35:00,2024,5,13,5,134,24.4,950.31,70.1
Pashan AWS,18.5362,73.7928,13-05-2024 05:40,2024-05-13 05:40:00,2024,5,13,5,134,24.3,950.48,69.9
Pashan AWS,18.5362,73.7928,13-05-2024 05:45,2024-05-13 05:45:00,2024,5,13,5,134,24.3,950.54,70.2
Pashan AWS,18.5362,73.7928,13-05-2024 05:50,2024-05-13 05:50:00,2024,5,13,5,134,24.5,950.57,70.1
Pashan AWS,18.5362,73.7928,13-05-2024 05:55,2024-05-13 05:55:00,2024,5,13,5,134,24.5,950.45,69.7
Pashan AWS,18.5362,73.7928,13-05-2024 06:00,2024-05-13 06:00:00,2024,5,13,6,134,24.6,950.49,69.4
Pashan AWS,18.5362,73.7928,13-05-2024 06:05,2024-05-13 06:05:00,2024,5,13,6,134,24.9,950.54,69.5
Pashan AWS,18.5362,73.7928,13-05-2024 06:10,2024-05-13 06:10:00,2024,5,13,6,134,25.1,950.63,68.6
Pashan AWS,18.5362,73.7928,13-05-2024 06:15,2024-05-13 06:15:00,2024,5,13,6,134,25.1,950.61,68.1
Pashan AWS,18.5362,73.7928,13-05-2024 06:20,2024-05-13 06:20:00,2024,5,13,6,134,25.4,950.61,67.4
Pashan AWS,18.5362,73.7928,13-05-2024 06:25,2024-05-13 06:25:00,2024,5,13,6,134,25.7,950.52,66.5
Pashan AWS,18.5362,73.7928,13-05-2024 06:30,2024-05-13 06:30:00,2024,5,13,6,134,25.6,950.37,65.9
Pashan AWS,18.5362,73.7928,13-05-2024 06:35,2024-05-13 06:35:00,2024,5,13,6,134,25.7,950.32,65.9
Pashan AWS,18.5362,73.7928,13-05-2024 06:40,2024-05-13 06:40:00,2024,5,13,6,134,26.0,950.24,65.6
Pashan AWS,18.5362,73.7928,13-05-2024 06:45,2024-05-13 06:45:00,2024,5,13,6,134,26.1,950.3,65.4
Pashan AWS,18.5362,73.7928,13-05-2024 06:50,2024-05-13 06:50:00,2024,5,13,6,134,25.9,950.3,65.0
Pashan AWS,18.5362,73.7928,13-05-2024 06:55,2024-05-13 06:55:00,2024,5,13,6,134,25.9,950.29,64.7
Pashan AWS,18.5362,73.7928,13-05-2024 07:00,2024-05-13 07:00:00,2024,5,13,7,134,26.0,950.24,63.8
Pashan AWS,18.5362,73.7928,13-05-2024 07:05,2024-05-13 07:05:00,2024,5,13,7,134,26.0,950.01,63.2
Pashan AWS,18.5362,73.7928,13-05-2024 07:10,2024-05-13 07:10:00,2024,5,13,7,134,26.1,950.17,62.8
Pashan AWS,18.5362,73.7928,13-05-2024 07:15,2024-05-13 07:15:00,2024,5,13,7,134,26.3,950.11,62.4
Pashan AWS,18.5362,73.7928,13-05-2024 07:20,2024-05-13 07:20:00,2024,5,13,7,134,26.7,950.11,62.0
Pashan AWS,18.5362,73.7928,13-05-2024 07:25,2024-05-13 07:25:00,2024,5,13,7,134,26.9,950.02,61.4
Pashan AWS,18.5362,73.7928,13-05-2024 07:30,2024-05-13 07:30:00,2024,5,13,7,134,27.2,950.12,60.8
Pashan AWS,18.5362,73.7928,13-05-2024 07:35,2024-05-13 07:35:00,2024,5,13,7,134,27.6,950.15,61.5
Pashan AWS,18.5362,73.7928,13-05-2024 07:40,2024-05-13 07:40:00,2024,5,13,7,134,27.9,950.09,61.3
Pashan AWS,18.5362,73.7928,13-05-2024 07:45,2024-05-13 07:45:00,2024,5,13,7,134,28.1,950.07,60.9
Pashan AWS,18.5362,73.7928,13-05-2024 07:50,2024-05-13 07:50:00,2024,5,13,7,134,28.0,950.22,60.2
Pashan AWS,18.5362,73.7928,13-05-2024 07:55,2024-05-13 07:55:00,2024,5,13,7,134,28.2,950.21,59.5
Pashan AWS,18.5362,73.7928,13-05-2024 08:00,2024-05-13 08:00:00,2024,5,13,8,134,28.5,950.2,58.9
Pashan AWS,18.5362,73.7928,13-05-2024 08:05,2024-05-13 08:05:00,2024,5,13,8,134,28.6,950.11,58.4
Pashan AWS,18.5362,73.7928,13-05-2024 08:10,2024-05-13 08:10:00,2024,5,13,8,134,29.0,949.96,57.1
Pashan AWS,18.5362,73.7928,13-05-2024 08:15,2024-05-13 08:15:00,2024,5,13,8,134,29.3,949.94,56.0
Pashan AWS,18.5362,73.7928,13-05-2024 08:20,2024-05-13 08:20:00,2024,5,13,8,134,29.5,949.96,55.2
Pashan AWS,18.5362,73.7928,13-05-2024 08:25,2024-05-13 08:25:00,2024,5,13,8,134,29.8,950.04,54.8
Pashan AWS,18.5362,73.7928,13-05-2024 08:30,2024-05-13 08:30:00,2024,5,13,8,134,30.0,949.84,54.3
Pashan AWS,18.5362,73.7928,13-05-2024 08:35,2024-05-13 08:35:00,2024,5,13,8,134,29.7,949.74,54.4
Pashan AWS,18.5362,73.7928,13-05-2024 08:40,2024-05-13 08:40:00,2024,5,13,8,134,29.8,949.68,53.3
Pashan AWS,18.5362,73.7928,13-05-2024 08:45,2024-05-13 08:45:00,2024,5,13,8,134,30.1,949.67,52.5
Pashan AWS,18.5362,73.7928,13-05-2024 08:50,2024-05-13 08:50:00,2024,5,13,8,134,30.1,949.64,52.7
Pashan AWS,18.5362,73.7928,13-05-2024 08:55,2024-05-13 08:55:00,2024,5,13,8,134,30.2,949.61,52.2
Pashan AWS,18.5362,73.7928,13-05-2024 09:00,2024-05-13 09:00:00,2024,5,13,9,134,30.2,949.62,52.1
Pashan AWS,18.5362,73.7928,13-05-2024 09:05,2024-05-13 09:05:00,2024,5,13,9,134,30.6,949.53,52.4
Pashan AWS,18.5362,73.7928,13-05-2024 09:10,2024-05-13 09:10:00,2024,5,13,9,134,31.0,949.58,51.6
Pashan AWS,18.5362,73.7928,13-05-2024 09:15,2024-05-13 09:15:00,2024,5,13,9,134,31.0,949.58,51.1
Pashan AWS,18.5362,73.7928,13-05-2024 09:20,2024-05-13 09:20:00,2024,5,13,9,134,31.2,949.52,50.4
Pashan AWS,18.5362,73.7928,13-05-2024 09:25,2024-05-13 09:25:00,2024,5,13,9,134,31.2,949.62,49.2
Pashan AWS,18.5362,73.7928,13-05-2024 09:30,2024-05-13 09:30:00,2024,5,13,9,134,31.4,949.7,48.6
Pashan AWS,18.5362,73.7928,13-05-2024 09:35,2024-05-13 09:35:00,2024,5,13,9,134,31.6,949.73,48.5
Pashan AWS,18.5362,73.7928,13-05-2024 09:40,2024-05-13 09:40:00,2024,5,13,9,134,31.9,949.44,48.2
Pashan AWS,18.5362,73.7928,13-05-2024 09:45,2024-05-13 09:45:00,2024,5,13,9,134,32.0,949.52,48.0
Pashan AWS,18.5362,73.7928,13-05-2024 09:50,2024-05-13 09:50:00,2024,5,13,9,134,32.6,949.54,47.4
Pashan AWS,18.5362,73.7928,13-05-2024 09:55,2024-05-13 09:55:00,2024,5,13,9,134,32.5,949.65,46.6
Pashan AWS,18.5362,73.7928,13-05-2024 10:00,2024-05-13 10:00:00,2024,5,13,10,134,32.4,949.69,46.7
Pashan AWS,18.5362,73.7928,13-05-2024 10:05,2024-05-13 10:05:00,2024,5,13,10,134,32.4,949.75,46.0
Pashan AWS,18.5362,73.7928,13-05-2024 10:10,2024-05-13 10:10:00,2024,5,13,10,134,32.3,949.76,45.7
Pashan AWS,18.5362,73.7928,13-05-2024 10:15,2024-05-13 10:15:00,2024,5,13,10,134,32.2,949.8,45.3
Pashan AWS,18.5362,73.7928,13-05-2024 10:20,2024-05-13 10:20:00,2024,5,13,10,134,32.2,949.88,45.4
Pashan AWS,18.5362,73.7928,13-05-2024 10:25,2024-05-13 10:25:00,2024,5,13,10,134,32.2,949.82,45.3
Pashan AWS,18.5362,73.7928,13-05-2024 10:30,2024-05-13 10:30:00,2024,5,13,10,134,32.2,949.62,44.3
Pashan AWS,18.5362,73.7928,13-05-2024 10:35,2024-05-13 10:35:00,2024,5,13,10,134,32.5,949.53,43.4
Pashan AWS,18.5362,73.7928,13-05-2024 10:40,2024-05-13 10:40:00,2024,5,13,10,134,32.5,949.49,43.2
Pashan AWS,18.5362,73.7928,13-05-2024 10:45,2024-05-13 10:45:00,2024,5,13,10,134,32.7,949.43,42.8
Pashan AWS,18.5362,73.7928,13-05-2024 10:50,2024-05-13 10:50:00,2024,5,13,10,134,33.0,949.26,42.2
Pashan AWS,18.5362,73.7928,13-05-2024 10:55,2024-05-13 10:55:00,2024,5,13,10,134,33.0,949.07,42.2
Pashan AWS,18.5362,73.7928,13-05-2024 11:00,2024-05-13 11:00:00,2024,5,13,11,134,33.1,948.96,41.8
Pashan AWS,18.5362,73.7928,13-05-2024 11:05,2024-05-13 11:05:00,2024,5,13,11,134,33.3,948.97,41.4
Pashan AWS,18.5362,73.7928,13-05-2024 11:10,2024-05-13 11:10:00,2024,5,13,11,134,33.1,949.05,41.4
Pashan AWS,18.5362,73.7928,13-05-2024 11:15,2024-05-13 11:15:00,2024,5,13,11,134,32.9,949.07,40.8
Pashan AWS,18.5362,73.7928,13-05-2024 11:20,2024-05-13 11:20:00,2024,5,13,11,134,33.1,949.1,41.0
Pashan AWS,18.5362,73.7928,13-05-2024 11:25,2024-05-13 11:25:00,2024,5,13,11,134,33.3,949.04,40.3
Pashan AWS,18.5362,73.7928,13-05-2024 11:30,2024-05-13 11:30:00,2024,5,13,11,134,33.8,948.85,40.2
Pashan AWS,18.5362,73.7928,13-05-2024 11:35,2024-05-13 11:35:00,2024,5,13,11,134,33.9,948.77,40.4
Pashan AWS,18.5362,73.7928,13-05-2024 11:40,2024-05-13 11:40:00,2024,5,13,11,134,34.2,948.7,39.4
Pashan AWS,18.5362,73.7928,13-05-2024 11:45,2024-05-13 11:45:00,2024,5,13,11,134,34.3,948.63,38.9
Pashan AWS,18.5362,73.7928,13-05-2024 11:50,2024-05-13 11:50:00,2024,5,13,11,134,34.4,948.6,39.0
Pashan AWS,18.5362,73.7928,13-05-2024 11:55,2024-05-13 11:55:00,2024,5,13,11,134,34.8,948.6,39.1
Pashan AWS,18.5362,73.7928,13-05-2024 12:00,2024-05-13 12:00:00,2024,5,13,12,134,34.5,948.64,38.6
Pashan AWS,18.5362,73.7928,13-05-2024 12:05,2024-05-13 12:05:00,2024,5,13,12,134,34.7,948.59,38.0
Pashan AWS,18.5362,73.7928,13-05-2024 12:10,2024-05-13 12:10:00,2024,5,13,12,134,35.1,948.41,38.0
Pashan AWS,18.5362,73.7928,13-05-2024 12:15,2024-05-13 12:15:00,2024,5,13,12,134,35.2,948.35,38.2
Pashan AWS,18.5362,73.7928,13-05-2024 12:20,2024-05-13 12:20:00,2024,5,13,12,134,35.6,948.35,37.3
Pashan AWS,18.5362,73.7928,13-05-2024 12:25,2024-05-13 12:25:00,2024,5,13,12,134,35.5,948.43,36.5
Pashan AWS,18.5362,73.7928,13-05-2024 12:30,2024-05-13 12:30:00,2024,5,13,12,134,35.6,948.38,36.3
Pashan AWS,18.5362,73.7928,13-05-2024 12:35,2024-05-13 12:35:00,2024,5,13,12,134,35.6,948.41,36.3
Pashan AWS,18.5362,73.7928,13-05-2024 12:40,2024-05-13 12:40:00,2024,5,13,12,134,35.4,948.43,35.9
Pashan AWS,18.5362,73.7928,13-05-2024 12:45,2024-05-13 12:45:00,2024,5,13,12,134,35.3,948.43,35.9
Pashan AWS,18.5362,73.7928,13-05-2024 12:50,2024-05-13 12:50:00,2024,5,13,12,134,35.2,948.5,35.4
Pashan AWS,18.5362,73.7928,13-05-2024 12:55,2024-05-13 12:55:00,2024,5,13,12,134,35.4,948.44,34.3
Pashan AWS,18.5362,73.7928,13-05-2024 13:00,2024-05-13 13:00:00,2024,5,13,13,134,35.6,948.4,34.0
Pashan AWS,18.5362,73.7928,13-05-2024 13:05,2024-05-13 13:05:00,2024,5,13,13,134,35.7,948.41,33.8
Pashan AWS,18.5362,73.7928,13-05-2024 13:10,2024-05-13 13:10:00,2024,5,13,13,134,35.9,948.37,33.6
Pashan AWS,18.5362,73.7928,13-05-2024 13:15,2024-05-13 13:15:00,2024,5,13,13,134,35.9,948.43,33.0
Pashan AWS,18.5362,73.7928,13-05-2024 13:20,2024-05-13 13:20:00,2024,5,13,13,134,36.1,948.39,32.1
Pashan AWS,18.5362,73.7928,13-05-2024 13:25,2024-05-13 13:25:00,2024,5,13,13,134,36.1,948.43,31.9
Pashan AWS,18.5362,73.7928,13-05-2024 13:30,2024-05-13 13:30:00,2024,5,13,13,134,36.2,948.45,32.2
Pashan AWS,18.5362,73.7928,13-05-2024 13:35,2024-05-13 13:35:00,2024,5,13,13,134,36.2,948.49,32.6
Pashan AWS,18.5362,73.7928,13-05-2024 13:40,2024-05-13 13:40:00,2024,5,13,13,134,36.3,948.49,33.0
Pashan AWS,18.5362,73.7928,13-05-2024 13:45,2024-05-13 13:45:00,2024,5,13,13,134,36.3,948.49,32.6
Pashan AWS,18.5362,73.7928,13-05-2024 13:50,2024-05-13 13:50:00,2024,5,13,13,134,36.4,948.54,32.1
Pashan AWS,18.5362,73.7928,13-05-2024 13:55,2024-05-13 13:55:00,2024,5,13,13,134,36.3,948.6,32.2
Pashan AWS,18.5362,73.7928,13-05-2024 14:00,2024-05-13 14:00:00,2024,5,13,14,134,36.1,948.64,32.4
Pashan AWS,18.5362,73.7928,13-05-2024 14:05,2024-05-13 14:05:00,2024,5,13,14,134,36.2,948.82,32.6
Pashan AWS,18.5362,73.7928,13-05-2024 14:10,2024-05-13 14:10:00,2024,5,13,14,134,36.2,948.78,31.7
Pashan AWS,18.5362,73.7928,13-05-2024 14:15,2024-05-13 14:15:00,2024,5,13,14,134,36.2,948.82,31.4
Pashan AWS,18.5362,73.7928,13-05-2024 14:20,2024-05-13 14:20:00,2024,5,13,14,134,36.3,948.75,31.4
Pashan AWS,18.5362,73.7928,13-05-2024 14:25,2024-05-13 14:25:00,2024,5,13,14,134,36.2,948.83,31.7
Pashan AWS,18.5362,73.7928,13-05-2024 14:30,2024-05-13 14:30:00,2024,5,13,14,134,36.2,948.8,32.0
Pashan AWS,18.5362,73.7928,13-05-2024 14:35,2024-05-13 14:35:00,2024,5,13,14,134,36.4,948.84,32.1
Pashan AWS,18.5362,73.7928,13-05-2024 14:40,2024-05-13 14:40:00,2024,5,13,14,134,36.6,948.88,32.3
Pashan AWS,18.5362,73.7928,13-05-2024 14:45,2024-05-13 14:45:00,2024,5,13,14,134,36.8,948.97,32.4
Pashan AWS,18.5362,73.7928,13-05-2024 14:50,2024-05-13 14:50:00,2024,5,13,14,134,36.7,948.99,32.7
Pashan AWS,18.5362,73.7928,13-05-2024 14:55,2024-05-13 14:55:00,2024,5,13,14,134,36.9,949.02,32.9
Pashan AWS,18.5362,73.7928,13-05-2024 15:00,2024-05-13 15:00:00,2024,5,13,15,134,36.7,949.21,32.9
Pashan AWS,18.5362,73.7928,13-05-2024 15:05,2024-05-13 15:05:00,2024,5,13,15,134,36.5,949.3,32.9
Pashan AWS,18.5362,73.7928,13-05-2024 15:10,2024-05-13 15:10:00,2024,5,13,15,134,36.1,949.33,33.0
Pashan AWS,18.5362,73.7928,13-05-2024 15:15,2024-05-13 15:15:00,2024,5,13,15,134,36.3,949.38,33.3
Pashan AWS,18.5362,73.7928,13-05-2024 15:20,2024-05-13 15:20:00,2024,5,13,15,134,36.1,949.59,33.5
Pashan AWS,18.5362,73.7928,13-05-2024 15:25,2024-05-13 15:25:00,2024,5,13,15,134,36.1,949.65,33.7
Pashan AWS,18.5362,73.7928,13-05-2024 15:30,2024-05-13 15:30:00,2024,5,13,15,134,35.9,949.66,34.3
Pashan AWS,18.5362,73.7928,13-05-2024 15:35,2024-05-13 15:35:00,2024,5,13,15,134,36.0,949.69,34.5
Pashan AWS,18.5362,73.7928,13-05-2024 15:40,2024-05-13 15:40:00,2024,5,13,15,134,35.9,949.72,34.3
Pashan AWS,18.5362,73.7928,13-05-2024 15:45,2024-05-13 15:45:00,2024,5,13,15,134,35.6,949.75,34.8
Pashan AWS,18.5362,73.7928,13-05-2024 15:50,2024-05-13 15:50:00,2024,5,13,15,134,35.7,949.74,34.4
Pashan AWS,18.5362,73.7928,13-05-2024 15:55,2024-05-13 15:55:00,2024,5,13,15,134,35.4,949.73,34.1
Pashan AWS,18.5362,73.7928,13-05-2024 16:00,2024-05-13 16:00:00,2024,5,13,16,134,35.2,949.76,34.4
Pashan AWS,18.5362,73.7928,13-05-2024 16:05,2024-05-13 16:05:00,2024,5,13,16,134,34.9,949.9,34.8
Pashan AWS,18.5362,73.7928,13-05-2024 16:10,2024-05-13 16:10:00,2024,5,13,16,134,34.6,949.96,34.5
Pashan AWS,18.5362,73.7928,13-05-2024 16:15,2024-05-13 16:15:00,2024,5,13,16,134,34.6,950.03,34.5
Pashan AWS,18.5362,73.7928,13-05-2024 16:20,2024-05-13 16:20:00,2024,5,13,16,134,34.3,950.22,34.5
Pashan AWS,18.5362,73.7928,13-05-2024 16:25,2024-05-13 16:25:00,2024,5,13,16,134,34.1,950.41,34.6
Pashan AWS,18.5362,73.7928,13-05-2024 16:30,2024-05-13 16:30:00,2024,5,13,16,134,34.1,950.47,35.2
Pashan AWS,18.5362,73.7928,13-05-2024 16:35,2024-05-13 16:35:00,2024,5,13,16,134,34.0,950.5,35.8
Pashan AWS,18.5362,73.7928,13-05-2024 16:40,2024-05-13 16:40:00,2024,5,13,16,134,34.3,950.51,36.0
Pashan AWS,18.5362,73.7928,13-05-2024 16:45,2024-05-13 16:45:00,2024,5,13,16,134,34.5,950.65,36.0
Pashan AWS,18.5362,73.7928,13-05-2024 16:50,2024-05-13 16:50:00,2024,5,13,16,134,34.3,950.71,35.8
Pashan AWS,18.5362,73.7928,13-05-2024 16:55,2024-05-13 16:55:00,2024,5,13,16,134,34.3,950.75,36.7
Pashan AWS,18.5362,73.7928,13-05-2024 17:00,2024-05-13 17:00:00,2024,5,13,17,134,34.4,950.77,37.2
Pashan AWS,18.5362,73.7928,13-05-2024 17:05,2024-05-13 17:05:00,2024,5,13,17,134,34.2,950.78,37.2
Pashan AWS,18.5362,73.7928,13-05-2024 17:10,2024-05-13 17:10:00,2024,5,13,17,134,33.9,950.89,37.8
Pashan AWS,18.5362,73.7928,13-05-2024 17:15,2024-05-13 17:15:00,2024,5,13,17,134,33.9,950.86,38.1
Pashan AWS,18.5362,73.7928,13-05-2024 17:20,2024-05-13 17:20:00,2024,5,13,17,134,33.8,951.01,38.3
Pashan AWS,18.5362,73.7928,13-05-2024 17:25,2024-05-13 17:25:00,2024,5,13,17,134,33.6,951.04,38.8
Pashan AWS,18.5362,73.7928,13-05-2024 17:30,2024-05-13 17:30:00,2024,5,13,17,134,33.6,951.1,38.8
Pashan AWS,18.5362,73.7928,13-05-2024 17:35,2024-05-13 17:35:00,2024,5,13,17,134,33.4,951.06,39.0
Pashan AWS,18.5362,73.7928,13-05-2024 17:40,2024-05-13 17:40:00,2024,5,13,17,134,33.2,951.13,39.4
Pashan AWS,18.5362,73.7928,13-05-2024 17:45,2024-05-13 17:45:00,2024,5,13,17,134,33.1,951.17,39.6
Pashan AWS,18.5362,73.7928,13-05-2024 17:50,2024-05-13 17:50:00,2024,5,13,17,134,33.1,951.23,40.3
Pashan AWS,18.5362,73.7928,13-05-2024 17:55,2024-05-13 17:55:00,2024,5,13,17,134,32.8,951.41,41.4
Pashan AWS,18.5362,73.7928,13-05-2024 18:00,2024-05-13 18:00:00,2024,5,13,18,134,32.9,951.48,41.4
Pashan AWS,18.5362,73.7928,13-05-2024 18:05,2024-05-13 18:05:00,2024,5,13,18,134,32.5,951.47,41.1
Pashan AWS,18.5362,73.7928,13-05-2024 18:10,2024-05-13 18:10:00,2024,5,13,18,134,32.4,951.47,40.7
Pashan AWS,18.5362,73.7928,13-05-2024 18:15,2024-05-13 18:15:00,2024,5,13,18,134,32.3,951.56,41.1
Pashan AWS,18.5362,73.7928,13-05-2024 18:20,2024-05-13 18:20:00,2024,5,13,18,134,32.1,951.71,41.3
Pashan AWS,18.5362,73.7928,13-05-2024 18:25,2024-05-13 18:25:00,2024,5,13,18,134,31.9,951.77,41.9
Pashan AWS,18.5362,73.7928,13-05-2024 18:30,2024-05-13 18:30:00,2024,5,13,18,134,32.1,951.86,42.4
Pashan AWS,18.5362,73.7928,13-05-2024 18:35,2024-05-13 18:35:00,2024,5,13,18,134,31.9,951.94,42.2
Pashan AWS,18.5362,73.7928,13-05-2024 18:40,2024-05-13 18:40:00,2024,5,13,18,134,32.2,952.08,42.0
Pashan AWS,18.5362,73.7928,13-05-2024 18:45,2024-05-13 18:45:00,2024,5,13,18,134,32.1,951.94,42.6
Pashan AWS,18.5362,73.7928,13-05-2024 18:50,2024-05-13 18:50:00,2024,5,13,18,134,32.0,952.01,43.2
Pashan AWS,18.5362,73.7928,13-05-2024 18:55,2024-05-13 18:55:00,2024,5,13,18,134,31.9,952.11,43.6
Pashan AWS,18.5362,73.7928,13-05-2024 19:00,2024-05-13 19:00:00,2024,5,13,19,134,32.2,952.01,43.5
Pashan AWS,18.5362,73.7928,13-05-2024 19:05,2024-05-13 19:05:00,2024,5,13,19,134,31.9,951.95,44.2
Pashan AWS,18.5362,73.7928,13-05-2024 19:10,2024-05-13 19:10:00,2024,5,13,19,134,31.6,951.89,45.3
Pashan AWS,18.5362,73.7928,13-05-2024 19:15,2024-05-13 19:15:00,2024,5,13,19,134,31.3,951.84,45.9
Pashan AWS,18.5362,73.7928,13-05-2024 19:20,2024-05-13 19:20:00,2024,5,13,19,134,31.2,951.81,46.1
Pashan AWS,18.5362,73.7928,13-05-2024 19:25,2024-05-13 19:25:00,2024,5,13,19,134,30.8,951.84,46.7
Pashan AWS,18.5362,73.7928,13-05-2024 19:30,2024-05-13 19:30:00,2024,5,13,19,134,30.7,951.92,46.7
Pashan AWS,18.5362,73.7928,13-05-2024 19:35,2024-05-13 19:35:00,2024,5,13,19,134,30.8,952.0,47.6
Pashan AWS,18.5362,73.7928,13-05-2024 19:40,2024-05-13 19:40:00,2024,5,13,19,134,30.7,951.93,48.2
Pashan AWS,18.5362,73.7928,13-05-2024 19:45,2024-05-13 19:45:00,2024,5,13,19,134,30.5,951.85,48.0
Pashan AWS,18.5362,73.7928,13-05-2024 19:50,2024-05-13 19:50:00,2024,5,13,19,134,30.3,951.95,48.5
Pashan AWS,18.5362,73.7928,13-05-2024 19:55,2024-05-13 19:55:00,2024,5,13,19,134,30.3,951.98,49.2
Pashan AWS,18.5362,73.7928,13-05-2024 20:00,2024-05-13 20:00:00,2024,5,13,20,134,30.0,951.97,49.7
Pashan AWS,18.5362,73.7928,13-05-2024 20:05,2024-05-13 20:05:00,2024,5,13,20,134,30.2,951.98,50.1
Pashan AWS,18.5362,73.7928,13-05-2024 20:10,2024-05-13 20:10:00,2024,5,13,20,134,30.3,951.95,50.2
Pashan AWS,18.5362,73.7928,13-05-2024 20:15,2024-05-13 20:15:00,2024,5,13,20,134,30.2,951.97,51.0
Pashan AWS,18.5362,73.7928,13-05-2024 20:20,2024-05-13 20:20:00,2024,5,13,20,134,30.0,951.91,51.3
Pashan AWS,18.5362,73.7928,13-05-2024 20:25,2024-05-13 20:25:00,2024,5,13,20,134,30.0,951.9,51.0
Pashan AWS,18.5362,73.7928,13-05-2024 20:30,2024-05-13 20:30:00,2024,5,13,20,134,30.0,951.74,51.5
Pashan AWS,18.5362,73.7928,13-05-2024 20:35,2024-05-13 20:35:00,2024,5,13,20,134,29.7,951.65,52.5
Pashan AWS,18.5362,73.7928,13-05-2024 20:40,2024-05-13 20:40:00,2024,5,13,20,134,29.4,951.56,52.9
Pashan AWS,18.5362,73.7928,13-05-2024 20:45,2024-05-13 20:45:00,2024,5,13,20,134,29.0,951.5,54.2
Pashan AWS,18.5362,73.7928,13-05-2024 20:50,2024-05-13 20:50:00,2024,5,13,20,134,29.0,951.39,54.9
Pashan AWS,18.5362,73.7928,13-05-2024 20:55,2024-05-13 20:55:00,2024,5,13,20,134,28.9,951.31,55.6
Pashan AWS,18.5362,73.7928,13-05-2024 21:00,2024-05-13 21:00:00,2024,5,13,21,134,28.5,951.16,56.1
Pashan AWS,18.5362,73.7928,13-05-2024 21:05,2024-05-13 21:05:00,2024,5,13,21,134,28.3,951.17,56.6
Pashan AWS,18.5362,73.7928,13-05-2024 21:10,2024-05-13 21:10:00,2024,5,13,21,134,28.0,951.13,57.0
Pashan AWS,18.5362,73.7928,13-05-2024 21:15,2024-05-13 21:15:00,2024,5,13,21,134,27.7,950.96,57.4
Pashan AWS,18.5362,73.7928,13-05-2024 21:20,2024-05-13 21:20:00,2024,5,13,21,134,27.6,950.86,58.1
Pashan AWS,18.5362,73.7928,13-05-2024 21:25,2024-05-13 21:25:00,2024,5,13,21,134,27.4,950.86,58.3
Pashan AWS,18.5362,73.7928,13-05-2024 21:30,2024-05-13 21:30:00,2024,5,13,21,134,27.2,950.78,58.3
Pashan AWS,18.5362,73.7928,13-05-2024 21:35,2024-05-13 21:35:00,2024,5,13,21,134,26.9,950.69,58.4
Pashan AWS,18.5362,73.7928,13-05-2024 21:40,2024-05-13 21:40:00,2024,5,13,21,134,26.8,950.65,59.8
Pashan AWS,18.5362,73.7928,13-05-2024 21:45,2024-05-13 21:45:00,2024,5,13,21,134,26.6,950.64,60.5
Pashan AWS,18.5362,73.7928,13-05-2024 21:50,2024-05-13 21:50:00,2024,5,13,21,134,26.4,950.49,61.1
Pashan AWS,18.5362,73.7928,13-05-2024 21:55,2024-05-13 21:55:00,2024,5,13,21,134,26.3,950.51,61.2
Pashan AWS,18.5362,73.7928,13-05-2024 22:00,2024-05-13 22:00:00,2024,5,13,22,134,26.2,950.41,61.9
Pashan AWS,18.5362,73.7928,13-05-2024 22:05,2024-05-13 22:05:00,2024,5,13,22,134,26.0,950.37,62.3
Pashan AWS,18.5362,73.7928,13-05-2024 22:10,2024-05-13 22:10:00,2024,5,13,22,134,25.6,950.33,62.9
Pashan AWS,18.5362,73.7928,13-05-2024 22:15,2024-05-13 22:15:00,2024,5,13,22,134,25.8,950.26,62.9
Pashan AWS,18.5362,73.7928,13-05-2024 22:20,2024-05-13 22:20:00,2024,5,13,22,134,25.6,950.14,63.5
Pashan AWS,18.5362,73.7928,13-05-2024 22:25,2024-05-13 22:25:00,2024,5,13,22,134,25.5,950.09,63.7
Pashan AWS,18.5362,73.7928,13-05-2024 22:30,2024-05-13 22:30:00,2024,5,13,22,134,25.6,950.19,63.9
Pashan AWS,18.5362,73.7928,13-05-2024 22:35,2024-05-13 22:35:00,2024,5,13,22,134,26.0,950.05,64.7
Pashan AWS,18.5362,73.7928,13-05-2024 22:40,2024-05-13 22:40:00,2024,5,13,22,134,25.7,950.15,64.5
Pashan AWS,18.5362,73.7928,13-05-2024 22:45,2024-05-13 22:45:00,2024,5,13,22,134,25.6,950.1,65.2
Pashan AWS,18.5362,73.7928,13-05-2024 22:50,2024-05-13 22:50:00,2024,5,13,22,134,25.4,950.06,65.9
Pashan AWS,18.5362,73.7928,13-05-2024 22:55,2024-05-13 22:55:00,2024,5,13,22,134,25.2,949.94,66.0
Pashan AWS,18.5362,73.7928,13-05-2024 23:00,2024-05-13 23:00:00,2024,5,13,23,134,25.0,949.85,66.1
Pashan AWS,18.5362,73.7928,13-05-2024 23:05,2024-05-13 23:05:00,2024,5,13,23,134,24.7,949.78,66.4
Pashan AWS,18.5362,73.7928,13-05-2024 23:10,2024-05-13 23:10:00,2024,5,13,23,134,24.6,949.68,67.0
Pashan AWS,18.5362,73.7928,13-05-2024 23:15,2024-05-13 23:15:00,2024,5,13,23,134,24.3,949.64,67.3
Pashan AWS,18.5362,73.7928,13-05-2024 23:20,2024-05-13 23:20:00,2024,5,13,23,134,24.3,949.59,67.9
Pashan AWS,18.5362,73.7928,13-05-2024 23:25,2024-05-13 23:25:00,2024,5,13,23,134,24.3,949.72,69.0
Pashan AWS,18.5362,73.7928,13-05-2024 23:30,2024-05-13 23:30:00,2024,5,13,23,134,24.2,949.61,69.1
Pashan AWS,18.5362,73.7928,13-05-2024 23:35,2024-05-13 23:35:00,2024,5,13,23,134,24.1,949.6,68.8
Pashan AWS,18.5362,73.7928,13-05-2024 23:40,2024-05-13 23:40:00,2024,5,13,23,134,23.9,949.61,69.5
Pashan AWS,18.5362,73.7928,13-05-2024 23:45,2024-05-13 23:45:00,2024,5,13,23,134,23.9,949.51,70.5
Pashan AWS,18.5362,73.7928,13-05-2024 23:50,2024-05-13 23:50:00,2024,5,13,23,134,23.7,949.55,71.0
Pashan AWS,18.5362,73.7928,13-05-2024 23:55,2024-05-13 23:55:00,2024,5,13,23,134,23.5,949.51,70.8
Pashan AWS,18.5362,73.7928,14-05-2024 00:00,2024-05-14 00:00:00,2024,5,14,0,135,23.4,949.3,71.1
Pashan AWS,18.5362,73.7928,14-05-2024 00:05,2024-05-14 00:05:00,2024,5,14,0,135,23.2,949.36,70.9
Pashan AWS,18.5362,73.7928,14-05-2024 00:10,2024-05-14 00:10:00,2024,5,14,0,135,22.8,949.27,71.5
Pashan AWS,18.5362,73.7928,14-05-2024 00:15,2024-05-14 00:15:00,2024,5,14,0,135,23.0,949.2,71.2
Pashan AWS,18.5362,73.7928,14-05-2024 00:20,2024-05-14 00:20:00,2024,5,14,0,135,22.8,949.27,71.4
Pashan AWS,18.5362,73.7928,14-05-2024 00:25,2024-05-14 00:25:00,2024,5,14,0,135,23.0,949.25,71.3
Pashan AWS,18.5362,73.7928,14-05-2024 00:30,2024-05-14 00:30:00,2024,5,14,0,135,23.1,949.34,71.6
Pashan AWS,18.5362,73.7928,14-05-2024 00:35,2024-05-14 00:35:00,2024,5,14,0,135,22.8,949.45,71.8
Pashan AWS,18.5362,73.7928,14-05-2024 00:40,2024-05-14 00:40:00,2024,5,14,0,135,22.6,949.41,72.1
Pashan AWS,18.5362,73.7928,14-05-2024 00:45,2024-05-14 00:45:00,2024,5,14,0,135,23.0,949.49,72.4
Pashan AWS,18.5362,73.7928,14-05-2024 00:50,2024-05-14 00:50:00,2024,5,14,0,135,23.2,949.45,72.3
Pashan AWS,18.5362,73.7928,14-05-2024 00:55,2024-05-14 00:55:00,2024,5,14,0,135,23.2,949.65,72.8
Pashan AWS,18.5362,73.7928,14-05-2024 01:00,2024-05-14 01:00:00,2024,5,14,1,135,23.1,949.61,73.0
Pashan AWS,18.5362,73.7928,14-05-2024 01:05,2024-05-14 01:05:00,2024,5,14,1,135,23.0,949.71,72.8
Pashan AWS,18.5362,73.7928,14-05-2024 01:10,2024-05-14 01:10:00,2024,5,14,1,135,23.0,949.8,73.9
Pashan AWS,18.5362,73.7928,14-05-2024 01:15,2024-05-14 01:15:00,2024,5,14,1,135,22.9,949.85,74.3
Pashan AWS,18.5362,73.7928,14-05-2024 01:20,2024-05-14 01:20:00,2024,5,14,1,135,22.5,949.81,74.4
Pashan AWS,18.5362,73.7928,14-05-2024 01:25,2024-05-14 01:25:00,2024,5,14,1,135,22.3,949.83,75.1
Pashan AWS,18.5362,73.7928,14-05-2024 01:30,2024-05-14 01:30:00,2024,5,14,1,135,22.3,949.69,75.9
Pashan AWS,18.5362,73.7928,14-05-2024 01:35,2024-05-14 01:35:00,2024,5,14,1,135,22.1,949.74,75.9
Pashan AWS,18.5362,73.7928,14-05-2024 01:40,2024-05-14 01:40:00,2024,5,14,1,135,22.1,949.81,76.1
Pashan AWS,18.5362,73.7928,14-05-2024 01:45,2024-05-14 01:45:00,2024,5,14,1,135,22.0,949.87,75.8
Pashan AWS,18.5362,73.7928,14-05-2024 01:50,2024-05-14 01:50:00,2024,5,14,1,135,21.9,949.67,75.8
Pashan AWS,18.5362,73.7928,14-05-2024 01:55,2024-05-14 01:55:00,2024,5,14,1,135,22.0,949.63,75.7
Pashan AWS,18.5362,73.7928,14-05-2024 02:00,2024-05-14 02:00:00,2024,5,14,2,135,22.1,949.63,75.8
Pashan AWS,18.5362,73.7928,14-05-2024 02:05,2024-05-14 02:05:00,2024,5,14,2,135,22.1,949.72,76.0
Pashan AWS,18.5362,73.7928,14-05-2024 02:10,2024-05-14 02:10:00,2024,5,14,2,135,22.3,949.81,76.2
Pashan AWS,18.5362,73.7928,14-05-2024 02:15,2024-05-14 02:15:00,2024,5,14,2,135,22.4,949.86,76.3
Pashan AWS,18.5362,73.7928,14-05-2024 02:20,2024-05-14 02:20:00,2024,5,14,2,135,22.6,949.98,75.8
Pashan AWS,18.5362,73.7928,14-05-2024 02:25,2024-05-14 02:25:00,2024,5,14,2,135,22.5,949.97,75.4
Pashan AWS,18.5362,73.7928,14-05-2024 02:30,2024-05-14 02:30:00,2024,5,14,2,135,22.5,950.09,75.2
Pashan AWS,18.5362,73.7928,14-05-2024 02:35,2024-05-14 02:35:00,2024,5,14,2,135,22.3,950.2,75.1
Pashan AWS,18.5362,73.7928,14-05-2024 02:40,2024-05-14 02:40:00,2024,5,14,2,135,22.3,950.31,75.5
Pashan AWS,18.5362,73.7928,14-05-2024 02:45,2024-05-14 02:45:00,2024,5,14,2,135,22.5,950.36,75.0
Pashan AWS,18.5362,73.7928,14-05-2024 02:50,2024-05-14 02:50:00,2024,5,14,2,135,22.7,950.59,74.8
Pashan AWS,18.5362,73.7928,14-05-2024 02:55,2024-05-14 02:55:00,2024,5,14,2,135,22.9,950.7,75.2
Pashan AWS,18.5362,73.7928,14-05-2024 03:00,2024-05-14 03:00:00,2024,5,14,3,135,22.6,950.69,75.0
Pashan AWS,18.5362,73.7928,14-05-2024 03:05,2024-05-14 03:05:00,2024,5,14,3,135,22.8,950.78,75.1
Pashan AWS,18.5362,73.7928,14-05-2024 03:10,2024-05-14 03:10:00,2024,5,14,3,135,22.6,950.92,75.0
Pashan AWS,18.5362,73.7928,14-05-2024 03:15,2024-05-14 03:15:00,2024,5,14,3,135,22.8,950.94,75.0
Pashan AWS,18.5362,73.7928,14-05-2024 03:20,2024-05-14 03:20:00,2024,5,14,3,135,22.8,951.11,74.8
Pashan AWS,18.5362,73.7928,14-05-2024 03:25,2024-05-14 03:25:00,2024,5,14,3,135,22.9,951.21,74.9
Pashan AWS,18.5362,73.7928,14-05-2024 03:30,2024-05-14 03:30:00,2024,5,14,3,135,22.8,951.09,74.2
Pashan AWS,18.5362,73.7928,14-05-2024 03:35,2024-05-14 03:35:00,2024,5,14,3,135,23.0,951.2,73.9
Pashan AWS,18.5362,73.7928,14-05-2024 03:40,2024-05-14 03:40:00,2024,5,14,3,135,22.8,951.25,73.9
Pashan AWS,18.5362,73.7928,14-05-2024 03:45,2024-05-14 03:45:00,2024,5,14,3,135,22.8,951.37,74.0
Pashan AWS,18.5362,73.7928,14-05-2024 03:50,2024-05-14 03:50:00,2024,5,14,3,135,22.7,951.53,74.4
Pashan AWS,18.5362,73.7928,14-05-2024 03:55,2024-05-14 03:55:00,2024,5,14,3,135,22.6,951.62,74.0
Pashan AWS,18.5362,73.7928,14-05-2024 04:00,2024-05-14 04:00:00,2024,5,14,4,135,22.7,951.83,74.4
Pashan AWS,18.5362,73.7928,14-05-2024 04:05,2024-05-14 04:05:00,2024,5,14,4,135,23.1,951.89,73.9
Pashan AWS,18.5362,73.7928,14-05-2024 04:10,2024-05-14 04:10:00,2024,5,14,4,135,23.5,952.01,74.2
Pashan AWS,18.5362,73.7928,14-05-2024 04:15,2024-05-14 04:15:00,2024,5,14,4,135,23.6,952.14,74.3
Pashan AWS,18.5362,73.7928,14-05-2024 04:20,2024-05-14 04:20:00,2024,5,14,4,135,23.9,952.2,73.6
Pashan AWS,18.5362,73.7928,14-05-2024 04:25,2024-05-14 04:25:00,2024,5,14,4,135,24.0,952.33,73.4
Pashan AWS,18.5362,73.7928,14-05-2024 04:30,2024-05-14 04:30:00,2024,5,14,4,135,24.1,952.35,73.1
Pashan AWS,18.5362,73.7928,14-05-2024 04:35,2024-05-14 04:35:00,2024,5,14,4,135,24.1,952.38,73.1
Pashan AWS,18.5362,73.7928,14-05-2024 04:40,2024-05-14 04:40:00,2024,5,14,4,135,24.3,952.34,72.6
Pashan AWS,18.5362,73.7928,14-05-2024 04:45,2024-05-14 04:45:00,2024,5,14,4,135,24.4,952.43,72.2
Pashan AWS,18.5362,73.7928,14-05-2024 04:50,2024-05-14 04:50:00,2024,5,14,4,135,24.4,952.53,72.4
Pashan AWS,18.5362,73.7928,14-05-2024 04:55,2024-05-14 04:55:00,2024,5,14,4,135,24.5,952.69,72.0
Pashan AWS,18.5362,73.7928,14-05-2024 05:00,2024-05-14 05:00:00,2024,5,14,5,135,24.6,952.81,72.0
Pashan AWS,18.5362,73.7928,14-05-2024 05:05,2024-05-14 05:05:00,2024,5,14,5,135,24.8,952.85,71.5
Pashan AWS,18.5362,73.7928,14-05-2024 05:10,2024-05-14 05:10:00,2024,5,14,5,135,24.7,952.81,71.8
Pashan AWS,18.5362,73.7928,14-05-2024 05:15,2024-05-14 05:15:00,2024,5,14,5,135,24.8,952.91,71.1
Pashan AWS,18.5362,73.7928,14-05-2024 05:20,2024-05-14 05:20:00,2024,5,14,5,135,25.2,953.05,70.4
Pashan AWS,18.5362,73.7928,14-05-2024 05:25,2024-05-14 05:25:00,2024,5,14,5,135,25.5,953.16,70.7
Pashan AWS,18.5362,73.7928,14-05-2024 05:30,2024-05-14 05:30:00,2024,5,14,5,135,25.8,953.3,70.0
Pashan AWS,18.5362,73.7928,14-05-2024 05:35,2024-05-14 05:35:00,2024,5,14,5,135,25.8,953.32,70.2
Pashan AWS,18.5362,73.7928,14-05-2024 05:40,2024-05-14 05:40:00,2024,5,14,5,135,26.0,953.33,70.1
Pashan AWS,18.5362,73.7928,14-05-2024 05:45,2024-05-14 05:45:00,2024,5,14,5,135,26.2,953.31,69.6
Pashan AWS,18.5362,73.7928,14-05-2024 05:50,2024-05-14 05:50:00,2024,5,14,5,135,26.5,953.34,68.4
Pashan AWS,18.5362,73.7928,14-05-2024 05:55,2024-05-14 05:55:00,2024,5,14,5,135,26.3,953.38,67.9
Pashan AWS,18.5362,73.7928,14-05-2024 06:00,2024-05-14 06:00:00,2024,5,14,6,135,26.2,953.43,67.5
Pashan AWS,18.5362,73.7928,14-05-2024 06:05,2024-05-14 06:05:00,2024,5,14,6,135,26.5,953.46,67.5
Pashan AWS,18.5362,73.7928,14-05-2024 06:10,2024-05-14 06:10:00,2024,5,14,6,135,26.6,953.48,67.6
Pashan AWS,18.5362,73.7928,14-05-2024 06:15,2024-05-14 06:15:00,2024,5,14,6,135,26.6,953.45,66.9
Pashan AWS,18.5362,73.7928,14-05-2024 06:20,2024-05-14 06:20:00,2024,5,14,6,135,26.5,953.55,66.7
Pashan AWS,18.5362,73.7928,14-05-2024 06:25,2024-05-14 06:25:00,2024,5,14,6,135,26.6,953.59,66.4
Pashan AWS,18.5362,73.7928,14-05-2024 06:30,2024-05-14 06:30:00,2024,5,14,6,135,26.5,953.59,66.3
Pashan AWS,18.5362,73.7928,14-05-2024 06:35,2024-05-14 06:35:00,2024,5,14,6,135,26.9,953.56,66.0
Pashan AWS,18.5362,73.7928,14-05-2024 06:40,2024-05-14 06:40:00,2024,5,14,6,135,27.1,953.47,64.6
Pashan AWS,18.5362,73.7928,14-05-2024 06:45,2024-05-14 06:45:00,2024,5,14,6,135,27.2,953.6,64.0
Pashan AWS,18.5362,73.7928,14-05-2024 06:50,2024-05-14 06:50:00,2024,5,14,6,135,27.4,953.66,63.0
Pashan AWS,18.5362,73.7928,14-05-2024 06:55,2024-05-14 06:55:00,2024,5,14,6,135,27.7,953.54,62.5
Pashan AWS,18.5362,73.7928,14-05-2024 07:00,2024-05-14 07:00:00,2024,5,14,7,135,28.0,953.61,62.3
Pashan AWS,18.5362,73.7928,14-05-2024 07:05,2024-05-14 07:05:00,2024,5,14,7,135,28.3,953.69,61.9
Pashan AWS,18.5362,73.7928,14-05-2024 07:10,2024-05-14 07:10:00,2024,5,14,7,135,28.3,953.7,61.9
Pashan AWS,18.5362,73.7928,14-05-2024 07:15,2024-05-14 07:15:00,2024,5,14,7,135,28.4,953.83,61.5
Pashan AWS,18.5362,73.7928,14-05-2024 07:20,2024-05-14 07:20:00,2024,5,14,7,135,28.6,953.84,60.4
Pashan AWS,18.5362,73.7928,14-05-2024 07:25,2024-05-14 07:25:00,2024,5,14,7,135,28.7,953.71,58.8
Pashan AWS,18.5362,73.7928,14-05-2024 07:30,2024-05-14 07:30:00,2024,5,14,7,135,28.8,953.73,58.4
Pashan AWS,18.5362,73.7928,14-05-2024 07:35,2024-05-14 07:35:00,2024,5,14,7,135,29.0,953.73,57.8
Pashan AWS,18.5362,73.7928,14-05-2024 07:40,2024-05-14 07:40:00,2024,5,14,7,135,29.3,953.67,57.0
Pashan AWS,18.5362,73.7928,14-05-2024 07:45,2024-05-14 07:45:00,2024,5,14,7,135,29.1,953.7,55.8
Pashan AWS,18.5362,73.7928,14-05-2024 07:50,2024-05-14 07:50:00,2024,5,14,7,135,29.4,953.54,55.1
Pashan AWS,18.5362,73.7928,14-05-2024 07:55,2024-05-14 07:55:00,2024,5,14,7,135,29.5,953.6,54.6
Pashan AWS,18.5362,73.7928,14-05-2024 08:00,2024-05-14 08:00:00,2024,5,14,8,135,29.7,953.51,54.4
Pashan AWS,18.5362,73.7928,14-05-2024 08:05,2024-05-14 08:05:00,2024,5,14,8,135,30.0,953.4,54.0
Pashan AWS,18.5362,73.7928,14-05-2024 08:10,2024-05-14 08:10:00,2024,5,14,8,135,30.4,953.37,54.2
Pashan AWS,18.5362,73.7928,14-05-2024 08:15,2024-05-14 08:15:00,2024,5,14,8,135,30.7,953.38,53.3
Pashan AWS,18.5362,73.7928,14-05-2024 08:20,2024-05-14 08:20:00,2024,5,14,8,135,31.0,953.36,53.2
Pashan AWS,18.5362,73.7928,14-05-2024 08:25,2024-05-14 08:25:00,2024,5,14,8,135,31.3,953.27,52.7
Pashan AWS,18.5362,73.7928,14-05-2024 08:30,2024-05-14 08:30:00,2024,5,14,8,135,31.5,953.19,52.5
Pashan AWS,18.5362,73.7928,14-05-2024 08:35,2024-05-14 08:35:00,2024,5,14,8,135,31.6,953.07,51.8
Pashan AWS,18.5362,73.7928,14-05-2024 08:40,2024-05-14 08:40:00,2024,5,14,8,135,31.8,953.02,51.8
Pashan AWS,18.5362,73.7928,14-05-2024 08:45,2024-05-14 08:45:00,2024,5,14,8,135,32.0,953.07,51.4
Pashan AWS,18.5362,73.7928,14-05-2024 08:50,2024-05-14 08:50:00,2024,5,14,8,135,32.1,953.04,50.6
Pashan AWS,18.5362,73.7928,14-05-2024 08:55,2024-05-14 08:55:00,2024,5,14,8,135,32.3,953.06,50.1
Pashan AWS,18.5362,73.7928,14-05-2024 09:00,2024-05-14 09:00:00,2024,5,14,9,135,32.4,953.13,49.5
Pashan AWS,18.5362,73.7928,14-05-2024 09:05,2024-05-14 09:05:00,2024,5,14,9,135,32.3,953.04,49.2
Pashan AWS,18.5362,73.7928,14-05-2024 09:10,2024-05-14 09:10:00,2024,5,14,9,135,32.6,952.97,48.2
Pashan AWS,18.5362,73.7928,14-05-2024 09:15,2024-05-14 09:15:00,2024,5,14,9,135,32.8,953.09,47.7
Pashan AWS,18.5362,73.7928,14-05-2024 09:20,2024-05-14 09:20:00,2024,5,14,9,135,33.2,953.15,47.4
Pashan AWS,18.5362,73.7928,14-05-2024 09:25,2024-05-14 09:25:00,2024,5,14,9,135,33.0,952.95,46.9
Pashan AWS,18.5362,73.7928,14-05-2024 09:30,2024-05-14 09:30:00,2024,5,14,9,135,33.1,952.92,47.0
Pashan AWS,18.5362,73.7928,14-05-2024 09:35,2024-05-14 09:35:00,2024,5,14,9,135,33.2,952.86,46.8
Pashan AWS,18.5362,73.7928,14-05-2024 09:40,2024-05-14 09:40:00,2024,5,14,9,135,33.5,952.87,46.3
Pashan AWS,18.5362,73.7928,14-05-2024 09:45,2024-05-14 09:45:00,2024,5,14,9,135,33.6,952.74,45.8
Pashan AWS,18.5362,73.7928,14-05-2024 09:50,2024-05-14 09:50:00,2024,5,14,9,135,33.8,952.61,45.4
Pashan AWS,18.5362,73.7928,14-05-2024 09:55,2024-05-14 09:55:00,2024,5,14,9,135,33.7,952.5,45.1
Pashan AWS,18.5362,73.7928,14-05-2024 10:00,2024-05-14 10:00:00,2024,5,14,10,135,33.7,952.39,43.8
Pashan AWS,18.5362,73.7928,14-05-2024 10:05,2024-05-14 10:05:00,2024,5,14,10,135,33.8,952.4,43.2
Pashan AWS,18.5362,73.7928,14-05-2024 10:10,2024-05-14 10:10:00,2024,5,14,10,135,33.8,952.25,42.2
Pashan AWS,18.5362,73.7928,14-05-2024 10:15,2024-05-14 10:15:00,2024,5,14,10,135,33.8,952.15,42.3
Pashan AWS,18.5362,73.7928,14-05-2024 10:20,2024-05-14 10:20:00,2024,5,14,10,135,34.0,951.95,41.8
Pashan AWS,18.5362,73.7928,14-05-2024 10:25,2024-05-14 10:25:00,2024,5,14,10,135,34.0,951.99,41.3
Pashan AWS,18.5362,73.7928,14-05-2024 10:30,2024-05-14 10:30:00,2024,5,14,10,135,34.4,952.04,41.2
Pashan AWS,18.5362,73.7928,14-05-2024 10:35,2024-05-14 10:35:00,2024,5,14,10,135,34.7,951.96,40.9
Pashan AWS,18.5362,73.7928,14-05-2024 10:40,2024-05-14 10:40:00,2024,5,14,10,135,34.6,951.88,40.0
Pashan AWS,18.5362,73.7928,14-05-2024 10:45,2024-05-14 10:45:00,2024,5,14,10,135,34.5,951.87,39.6
Pashan AWS,18.5362,73.7928,14-05-2024 10:50,2024-05-14 10:50:00,2024,5,14,10,135,34.3,951.94,39.0
Pashan AWS,18.5362,73.7928,14-05-2024 10:55,2024-05-14 10:55:00,2024,5,14,10,135,34.4,951.92,38.0
Pashan AWS,18.5362,73.7928,14-05-2024 11:00,2024-05-14 11:00:00,2024,5,14,11,135,34.6,951.81,37.3
Pashan AWS,18.5362,73.7928,14-05-2024 11:05,2024-05-14 11:05:00,2024,5,14,11,135,34.7,951.63,36.9
Pashan AWS,18.5362,73.7928,14-05-2024 11:10,2024-05-14 11:10:00,2024,5,14,11,135,34.9,951.5,36.5
Pashan AWS,18.5362,73.7928,14-05-2024 11:15,2024-05-14 11:15:00,2024,5,14,11,135,34.8,951.47,35.6
Pashan AWS,18.5362,73.7928,14-05-2024 11:20,2024-05-14 11:20:00,2024,5,14,11,135,35.1,951.38,35.8
Pashan AWS,18.5362,73.7928,14-05-2024 11:25,2024-05-14 11:25:00,2024,5,14,11,135,35.1,951.36,35.4
Pashan AWS,18.5362,73.7928,14-05-2024 11:30,2024-05-14 11:30:00,2024,5,14,11,135,35.3,951.29,35.1
Pashan AWS,18.5362,73.7928,14-05-2024 11:35,2024-05-14 11:35:00,2024,5,14,11,135,35.4,951.17,35.0
Pashan AWS,18.5362,73.7928,14-05-2024 11:40,2024-05-14 11:40:00,2024,5,14,11,135,35.3,951.05,34.4
Pashan AWS,18.5362,73.7928,14-05-2024 11:45,2024-05-14 11:45:00,2024,5,14,11,135,35.3,951.16,34.3
Pashan AWS,18.5362,73.7928,14-05-2024 11:50,2024-05-14 11:50:00,2024,5,14,11,135,35.6,951.21,33.8
Pashan AWS,18.5362,73.7928,14-05-2024 11:55,2024-05-14 11:55:00,2024,5,14,11,135,35.8,951.33,33.2
Pashan AWS,18.5362,73.7928,14-05-2024 12:00,2024-05-14 12:00:00,2024,5,14,12,135,36.0,951.35,33.2
Pashan AWS,18.5362,73.7928,14-05-2024 12:05,2024-05-14 12:05:00,2024,5,14,12,135,36.2,951.29,33.5
Pashan AWS,18.5362,73.7928,14-05-2024 12:10,2024-05-14 12:10:00,2024,5,14,12,135,36.3,951.37,33.5
Pashan AWS,18.5362,73.7928,14-05-2024 12:15,2024-05-14 12:15:00,2024,5,14,12,135,36.2,951.35,33.6
Pashan AWS,18.5362,73.7928,14-05-2024 12:20,2024-05-14 12:20:00,2024,5,14,12,135,36.2,951.34,33.1
Pashan AWS,18.5362,73.7928,14-05-2024 12:25,2024-05-14 12:25:00,2024,5,14,12,135,36.4,951.32,32.2
Pashan AWS,18.5362,73.7928,14-05-2024 12:30,2024-05-14 12:30:00,2024,5,14,12,135,36.8,951.07,32.5
Pashan AWS,18.5362,73.7928,14-05-2024 12:35,2024-05-14 12:35:00,2024,5,14,12,135,36.9,951.2,33.1
Pashan AWS,18.5362,73.7928,14-05-2024 12:40,2024-05-14 12:40:00,2024,5,14,12,135,37.3,951.23,33.4
Pashan AWS,18.5362,73.7928,14-05-2024 12:45,2024-05-14 12:45:00,2024,5,14,12,135,37.4,951.25,33.0
Pashan AWS,18.5362,73.7928,14-05-2024 12:50,2024-05-14 12:50:00,2024,5,14,12,135,37.4,951.25,32.2
Pashan AWS,18.5362,73.7928,14-05-2024 12:55,2024-05-14 12:55:00,2024,5,14,12,135,37.4,951.26,31.5
Pashan AWS,18.5362,73.7928,14-05-2024 13:00,2024-05-14 13:00:00,2024,5,14,13,135,37.5,951.22,30.6
Pashan AWS,18.5362,73.7928,14-05-2024 13:05,2024-05-14 13:05:00,2024,5,14,13,135,37.4,951.27,30.4
Pashan AWS,18.5362,73.7928,14-05-2024 13:10,2024-05-14 13:10:00,2024,5,14,13,135,37.4,951.18,30.9
Pashan AWS,18.5362,73.7928,14-05-2024 13:15,2024-05-14 13:15:00,2024,5,14,13,135,37.5,951.21,30.7
Pashan AWS,18.5362,73.7928,14-05-2024 13:20,2024-05-14 13:20:00,2024,5,14,13,135,37.8,951.27,30.6
Pashan AWS,18.5362,73.7928,14-05-2024 13:25,2024-05-14 13:25:00,2024,5,14,13,135,37.5,951.27,31.0
Pashan AWS,18.5362,73.7928,14-05-2024 13:30,2024-05-14 13:30:00,2024,5,14,13,135,37.7,951.33,30.6
Pashan AWS,18.5362,73.7928,14-05-2024 13:35,2024-05-14 13:35:00,2024,5,14,13,135,37.6,951.27,31.3
Pashan AWS,18.5362,73.7928,14-05-2024 13:40,2024-05-14 13:40:00,2024,5,14,13,135,37.5,951.22,31.9
Pashan AWS,18.5362,73.7928,14-05-2024 13:45,2024-05-14 13:45:00,2024,5,14,13,135,37.7,951.28,31.6
Pashan AWS,18.5362,73.7928,14-05-2024 13:50,2024-05-14 13:50:00,2024,5,14,13,135,37.9,951.37,31.2
Pashan AWS,18.5362,73.7928,14-05-2024 13:55,2024-05-14 13:55:00,2024,5,14,13,135,38.1,951.26,31.3
Pashan AWS,18.5362,73.7928,14-05-2024 14:00,2024-05-14 14:00:00,2024,5,14,14,135,38.2,951.35,30.9
Pashan AWS,18.5362,73.7928,14-05-2024 14:05,2024-05-14 14:05:00,2024,5,14,14,135,38.5,951.35,30.3
Pashan AWS,18.5362,73.7928,14-05-2024 14:10,2024-05-14 14:10:00,2024,5,14,14,135,38.6,951.38,30.7
Pashan AWS,18.5362,73.7928,14-05-2024 14:15,2024-05-14 14:15:00,2024,5,14,14,135,38.6,951.33,31.1
Pashan AWS,18.5362,73.7928,14-05-2024 14:20,2024-05-14 14:20:00,2024,5,14,14,135,38.6,951.32,31.0
Pashan AWS,18.5362,73.7928,14-05-2024 14:25,2024-05-14 14:25:00,2024,5,14,14,135,38.8,951.46,30.4
Pashan AWS,18.5362,73.7928,14-05-2024 14:30,2024-05-14 14:30:00,2024,5,14,14,135,38.6,951.52,29.8
Pashan AWS,18.5362,73.7928,14-05-2024 14:35,2024-05-14 14:35:00,2024,5,14,14,135,38.5,951.56,29.8
Pashan AWS,18.5362,73.7928,14-05-2024 14:40,2024-05-14 14:40:00,2024,5,14,14,135,38.4,951.61,29.5
Pashan AWS,18.5362,73.7928,14-05-2024 14:45,2024-05-14 14:45:00,2024,5,14,14,135,38.1,951.72,29.4
Pashan AWS,18.5362,73.7928,14-05-2024 14:50,2024-05-14 14:50:00,2024,5,14,14,135,38.1,951.82,29.8
Pashan AWS,18.5362,73.7928,14-05-2024 14:55,2024-05-14 14:55:00,2024,5,14,14,135,37.8,951.88,30.1
Pashan AWS,18.5362,73.7928,14-05-2024 15:00,2024-05-14 15:00:00,2024,5,14,15,135,37.8,952.04,30.6
Pashan AWS,18.5362,73.7928,14-05-2024 15:05,2024-05-14 15:05:00,2024,5,14,15,135,38.0,952.18,30.2
Pashan AWS,18.5362,73.7928,14-05-2024 15:10,2024-05-14 15:10:00,2024,5,14,15,135,37.9,952.28,30.1
Pashan AWS,18.5362,73.7928,14-05-2024 15:15,2024-05-14 15:15:00,2024,5,14,15,135,38.1,952.35,30.4
Pashan AWS,18.5362,73.7928,14-05-2024 15:20,2024-05-14 15:20:00,2024,5,14,15,135,37.9,952.47,30.6
Pashan AWS,18.5362,73.7928,14-05-2024 15:25,2024-05-14 15:25:00,2024,5,14,15,135,38.0,952.56,31.2
Pashan AWS,18.5362,73.7928,14-05-2024 15:30,2024-05-14 15:30:00,2024,5,14,15,135,38.1,952.71,31.4
Pashan AWS,18.5362,73.7928,14-05-2024 15:35,2024-05-14 15:35:00,2024,5,14,15,135,37.8,952.84,32.2
Pashan AWS,18.5362,73.7928,14-05-2024 15:40,2024-05-14 15:40:00,2024,5,14,15,135,38.1,952.82,32.4
Pashan AWS,18.5362,73.7928,14-05-2024 15:45,2024-05-14 15:45:00,2024,5,14,15,135,38.1,952.79,32.8
Pashan AWS,18.5362,73.7928,14-05-2024 15:50,2024-05-14 15:50:00,2024,5,14,15,135,37.9,952.81,32.7
Pashan AWS,18.5362,73.7928,14-05-2024 15:55,2024-05-14 15:55:00,2024,5,14,15,135,37.6,952.95,32.7
Pashan AWS,18.5362,73.7928,14-05-2024 16:00,2024-05-14 16:00:00,2024,5,14,16,135,37.5,952.9,33.1
Pashan AWS,18.5362,73.7928,14-05-2024 16:05,2024-05-14 16:05:00,2024,5,14,16,135,37.5,953.0,33.8
Pashan AWS,18.5362,73.7928,14-05-2024 16:10,2024-05-14 16:10:00,2024,5,14,16,135,37.4,953.1,34.1
Pashan AWS,18.5362,73.7928,14-05-2024 16:15,2024-05-14 16:15:00,2024,5,14,16,135,37.3,953.26,34.1
Pashan AWS,18.5362,73.7928,14-05-2024 16:20,2024-05-14 16:20:00,2024,5,14,16,135,37.4,953.34,34.7
Pashan AWS,18.5362,73.7928,14-05-2024 16:25,2024-05-14 16:25:00,2024,5,14,16,135,37.3,953.3,33.8
Pashan AWS,18.5362,73.7928,14-05-2024 16:30,2024-05-14 16:30:00,2024,5,14,16,135,36.9,953.29,33.4
Pashan AWS,18.5362,73.7928,14-05-2024 16:35,2024-05-14 16:35:00,2024,5,14,16,135,36.8,953.27,33.8
Pashan AWS,18.5362,73.7928,14-05-2024 16:40,2024-05-14 16:40:00,2024,5,14,16,135,36.4,953.3,33.9
Pashan AWS,18.5362,73.7928,14-05-2024 16:45,2024-05-14 16:45:00,2024,5,14,16,135,36.4,953.35,34.3
Pashan AWS,18.5362,73.7928,14-05-2024 16:50,2024-05-14 16:50:00,2024,5,14,16,135,36.2,953.33,34.5
Pashan AWS,18.5362,73.7928,14-05-2024 16:55,2024-05-14 16:55:00,2024,5,14,16,135,36.2,953.53,34.9
Pashan AWS,18.5362,73.7928,14-05-2024 17:00,2024-05-14 17:00:00,2024,5,14,17,135,36.4,953.49,34.7
Pashan AWS,18.5362,73.7928,14-05-2024 17:05,2024-05-14 17:05:00,2024,5,14,17,135,36.2,953.67,35.1
Pashan AWS,18.5362,73.7928,14-05-2024 17:10,2024-05-14 17:10:00,2024,5,14,17,135,36.3,953.83,35.7
Pashan AWS,18.5362,73.7928,14-05-2024 17:15,2024-05-14 17:15:00,2024,5,14,17,135,36.1,953.96,36.4
Pashan AWS,18.5362,73.7928,14-05-2024 17:20,2024-05-14 17:20:00,2024,5,14,17,135,36.3,953.96,37.4
Pashan AWS,18.5362,73.7928,14-05-2024 17:25,2024-05-14 17:25:00,2024,5,14,17,135,36.2,954.04,37.6
Pashan AWS,18.5362,73.7928,14-05-2024 17:30,2024-05-14 17:30:00,2024,5,14,17,135,36.0,953.99,37.9
Pashan AWS,18.5362,73.7928,14-05-2024 17:35,2024-05-14 17:35:00,2024,5,14,17,135,36.0,954.11,37.5
Pashan AWS,18.5362,73.7928,14-05-2024 17:40,2024-05-14 17:40:00,2024,5,14,17,135,35.8,954.16,37.5
Pashan AWS,18.5362,73.7928,14-05-2024 17:45,2024-05-14 17:45:00,2024,5,14,17,135,35.6,954.17,37.7
Pashan AWS,18.5362,73.7928,14-05-2024 17:50,2024-05-14 17:50:00,2024,5,14,17,135,35.4,954.12,38.3
Pashan AWS,18.5362,73.7928,14-05-2024 17:55,2024-05-14 17:55:00,2024,5,14,17,135,35.3,953.97,38.3
Pashan AWS,18.5362,73.7928,14-05-2024 18:00,2024-05-14 18:00:00,2024,5,14,18,135,35.4,953.93,38.9
Pashan AWS,18.5362,73.7928,14-05-2024 18:05,2024-05-14 18:05:00,2024,5,14,18,135,35.1,954.08,39.2
Pashan AWS,18.5362,73.7928,14-05-2024 18:10,2024-05-14 18:10:00,2024,5,14,18,135,35.0,954.09,39.4
Pashan AWS,18.5362,73.7928,14-05-2024 18:15,2024-05-14 18:15:00,2024,5,14,18,135,35.0,954.12,39.8
Pashan AWS,18.5362,73.7928,14-05-2024 18:20,2024-05-14 18:20:00,2024,5,14,18,135,34.9,954.21,39.9
Pashan AWS,18.5362,73.7928,14-05-2024 18:25,2024-05-14 18:25:00,2024,5,14,18,135,35.0,954.39,40.1
Pashan AWS,18.5362,73.7928,14-05-2024 18:30,2024-05-14 18:30:00,2024,5,14,18,135,34.8,954.52,39.7
Pashan AWS,18.5362,73.7928,14-05-2024 18:35,2024-05-14 18:35:00,2024,5,14,18,135,34.7,954.47,40.0
Pashan AWS,18.5362,73.7928,14-05-2024 18:40,2024-05-14 18:40:00,2024,5,14,18,135,34.7,954.33,40.2
Pashan AWS,18.5362,73.7928,14-05-2024 18:45,2024-05-14 18:45:00,2024,5,14,18,135,34.5,954.54,40.4
Pashan AWS,18.5362,73.7928,14-05-2024 18:50,2024-05-14 18:50:00,2024,5,14,18,135,34.4,954.73,41.0
Pashan AWS,18.5362,73.7928,14-05-2024 18:55,2024-05-14 18:55:00,2024,5,14,18,135,34.3,954.75,41.6
Pashan AWS,18.5362,73.7928,14-05-2024 19:00,2024-05-14 19:00:00,2024,5,14,19,135,34.1,954.65,42.1
Pashan AWS,18.5362,73.7928,14-05-2024 19:05,2024-05-14 19:05:00,2024,5,14,19,135,33.8,954.73,43.0
Pashan AWS,18.5362,73.7928,14-05-2024 19:10,2024-05-14 19:10:00,2024,5,14,19,135,33.6,954.71,43.6
Pashan AWS,18.5362,73.7928,14-05-2024 19:15,2024-05-14 19:15:00,2024,5,14,19,135,33.7,954.69,43.8
Pashan AWS,18.5362,73.7928,14-05-2024 19:20,2024-05-14 19:20:00,2024,5,14,19,135,33.1,954.75,44.1
Pashan AWS,18.5362,73.7928,14-05-2024 19:25,2024-05-14 19:25:00,2024,5,14,19,135,33.0,954.76,44.6
Pashan AWS,18.5362,73.7928,14-05-2024 19:30,2024-05-14 19:30:00,2024,5,14,19,135,32.9,954.65,45.2
Pashan AWS,18.5362,73.7928,14-05-2024 19:35,2024-05-14 19:35:00,2024,5,14,19,135,32.6,954.61,46.2
Pashan AWS,18.5362,73.7928,14-05-2024 19:40,2024-05-14 19:40:00,2024,5,14,19,135,32.5,954.64,47.0
Pashan AWS,18.5362,73.7928,14-05-2024 19:45,2024-05-14 19:45:00,2024,5,14,19,135,32.5,954.65,47.2
Pashan AWS,18.5362,73.7928,14-05-2024 19:50,2024-05-14 19:50:00,2024,5,14,19,135,32.4,954.65,47.5
Pashan AWS,18.5362,73.7928,14-05-2024 19:55,2024-05-14 19:55:00,2024,5,14,19,135,31.9,954.69,48.2
Pashan AWS,18.5362,73.7928,14-05-2024 20:00,2024-05-14 20:00:00,2024,5,14,20,135,32.0,954.62,49.0
Pashan AWS,18.5362,73.7928,14-05-2024 20:05,2024-05-14 20:05:00,2024,5,14,20,135,31.8,954.6,49.7
Pashan AWS,18.5362,73.7928,14-05-2024 20:10,2024-05-14 20:10:00,2024,5,14,20,135,31.7,954.28,50.1
Pashan AWS,18.5362,73.7928,14-05-2024 20:15,2024-05-14 20:15:00,2024,5,14,20,135,31.7,954.22,49.9
Pashan AWS,18.5362,73.7928,14-05-2024 20:20,2024-05-14 20:20:00,2024,5,14,20,135,31.5,954.24,49.9
Pashan AWS,18.5362,73.7928,14-05-2024 20:25,2024-05-14 20:25:00,2024,5,14,20,135,31.4,954.17,50.4
Pashan AWS,18.5362,73.7928,14-05-2024 20:30,2024-05-14 20:30:00,2024,5,14,20,135,31.3,954.1,51.0
Pashan AWS,18.5362,73.7928,14-05-2024 20:35,2024-05-14 20:35:00,2024,5,14,20,135,30.8,953.97,50.9
Pashan AWS,18.5362,73.7928,14-05-2024 20:40,2024-05-14 20:40:00,2024,5,14,20,135,30.9,954.01,51.4
Pashan AWS,18.5362,73.7928,14-05-2024 20:45,2024-05-14 20:45:00,2024,5,14,20,135,30.6,954.01,52.1
Pashan AWS,18.5362,73.7928,14-05-2024 20:50,2024-05-14 20:50:00,2024,5,14,20,135,30.4,954.03,52.0
Pashan AWS,18.5362,73.7928,14-05-2024 20:55,2024-05-14 20:55:00,2024,5,14,20,135,30.2,953.84,52.9
Pashan AWS,18.5362,73.7928,14-05-2024 21:00,2024-05-14 21:00:00,2024,5,14,21,135,30.1,953.78,53.2
Pashan AWS,18.5362,73.7928,14-05-2024 21:05,2024-05-14 21:05:00,2024,5,14,21,135,30.0,953.71,54.1
Pashan AWS,18.5362,73.7928,14-05-2024 21:10,2024-05-14 21:10:00,2024,5,14,21,135,30.0,953.63,54.3
Pashan AWS,18.5362,73.7928,14-05-2024 21:15,2024-05-14 21:15:00,2024,5,14,21,135,29.7,953.53,54.3
Pashan AWS,18.5362,73.7928,14-05-2024 21:20,2024-05-14 21:20:00,2024,5,14,21,135,29.4,961.95,54.6
Pashan AWS,18.5362,73.7928,14-05-2024 21:25,2024-05-14 21:25:00,2024,5,14,21,135,29.3,953.47,55.0
Pashan AWS,18.5362,73.7928,14-05-2024 21:30,2024-05-14 21:30:00,2024,5,14,21,135,29.5,953.26,55.3
Pashan AWS,18.5362,73.7928,14-05-2024 21:35,2024-05-14 21:35:00,2024,5,14,21,135,29.4,953.36,55.6
Pashan AWS,18.5362,73.7928,14-05-2024 21:40,2024-05-14 21:40:00,2024,5,14,21,135,29.4,953.34,56.2
Pashan AWS,18.5362,73.7928,14-05-2024 21:45,2024-05-14 21:45:00,2024,5,14,21,135,29.3,953.28,56.6
Pashan AWS,18.5362,73.7928,14-05-2024 21:50,2024-05-14 21:50:00,2024,5,14,21,135,29.1,953.29,57.0
Pashan AWS,18.5362,73.7928,14-05-2024 21:55,2024-05-14 21:55:00,2024,5,14,21,135,28.9,953.11,56.8
Pashan AWS,18.5362,73.7928,14-05-2024 22:00,2024-05-14 22:00:00,2024,5,14,22,135,28.8,953.0,57.4
Pashan AWS,18.5362,73.7928,14-05-2024 22:05,2024-05-14 22:05:00,2024,5,14,22,135,28.7,952.93,57.8
Pashan AWS,18.5362,73.7928,14-05-2024 22:10,2024-05-14 22:10:00,2024,5,14,22,135,28.8,952.98,58.9
Pashan AWS,18.5362,73.7928,14-05-2024 22:15,2024-05-14 22:15:00,2024,5,14,22,135,28.7,952.92,59.0
Pashan AWS,18.5362,73.7928,14-05-2024 22:20,2024-05-14 22:20:00,2024,5,14,22,135,28.8,952.89,58.7
Pashan AWS,18.5362,73.7928,14-05-2024 22:25,2024-05-14 22:25:00,2024,5,14,22,135,28.5,952.79,59.4
Pashan AWS,18.5362,73.7928,14-05-2024 22:30,2024-05-14 22:30:00,2024,5,14,22,135,28.3,952.77,60.0
Pashan AWS,18.5362,73.7928,14-05-2024 22:35,2024-05-14 22:35:00,2024,5,14,22,135,28.1,952.84,60.0
Pashan AWS,18.5362,73.7928,14-05-2024 22:40,2024-05-14 22:40:00,2024,5,14,22,135,28.0,952.85,59.8
Pashan AWS,18.5362,73.7928,14-05-2024 22:45,2024-05-14 22:45:00,2024,5,14,22,135,27.8,952.78,60.9
Pashan AWS,18.5362,73.7928,14-05-2024 22:50,2024-05-14 22:50:00,2024,5,14,22,135,27.8,952.77,61.9
Pashan AWS,18.5362,73.7928,14-05-2024 22:55,2024-05-14 22:55:00,2024,5,14,22,135,27.6,952.75,61.3
Pashan AWS,18.5362,73.7928,14-05-2024 23:00,2024-05-14 23:00:00,2024,5,14,23,135,27.5,952.72,61.5
Pashan AWS,18.5362,73.7928,14-05-2024 23:05,2024-05-14 23:05:00,2024,5,14,23,135,27.4,952.75,62.6
Pashan AWS,18.5362,73.7928,14-05-2024 23:10,2024-05-14 23:10:00,2024,5,14,23,135,27.0,952.77,62.8
Pashan AWS,18.5362,73.7928,14-05-2024 23:15,2024-05-14 23:15:00,2024,5,14,23,135,27.2,952.69,63.0
Pashan AWS,18.5362,73.7928,14-05-2024 23:20,2024-05-14 23:20:00,2024,5,14,23,135,27.1,952.67,63.3
Pashan AWS,18.5362,73.7928,14-05-2024 23:25,2024-05-14 23:25:00,2024,5,14,23,135,26.7,952.57,63.2
Pashan AWS,18.5362,73.7928,14-05-2024 23:30,2024-05-14 23:30:00,2024,5,14,23,135,26.6,952.44,62.9
Pashan AWS,18.5362,73.7928,14-05-2024 23:35,2024-05-14 23:35:00,2024,5,14,23,135,26.5,952.36,63.8
Pashan AWS,18.5362,73.7928,14-05-2024 23:40,2024-05-14 23:40:00,2024,5,14,23,135,26.4,952.3,63.4
Pashan AWS,18.5362,73.7928,14-05-2024 23:45,2024-05-14 23:45:00,2024,5,14,23,135,26.5,952.12,63.9
Pashan AWS,18.5362,73.7928,14-05-2024 23:50,2024-05-14 23:50:00,2024,5,14,23,135,26.5,952.14,64.7
Pashan AWS,18.5362,73.7928,14-05-2024 23:55,2024-05-14 23:55:00,2024,5,14,23,135,26.5,951.88,64.5
Pashan AWS,18.5362,73.7928,15-05-2024 00:00,2024-05-15 00:00:00,2024,5,15,0,136,26.5,952.06,64.5
Pashan AWS,18.5362,73.7928,15-05-2024 00:05,2024-05-15 00:05:00,2024,5,15,0,136,26.3,952.15,65.3
Pashan AWS,18.5362,73.7928,15-05-2024 00:10,2024-05-15 00:10:00,2024,5,15,0,136,26.5,952.08,65.9
Pashan AWS,18.5362,73.7928,15-05-2024 00:15,2024-05-15 00:15:00,2024,5,15,0,136,26.2,952.05,66.0
Pashan AWS,18.5362,73.7928,15-05-2024 00:20,2024-05-15 00:20:00,2024,5,15,0,136,26.1,952.04,66.8
Pashan AWS,18.5362,73.7928,15-05-2024 00:25,2024-05-15 00:25:00,2024,5,15,0,136,26.1,951.96,67.6
Pashan AWS,18.5362,73.7928,15-05-2024 00:30,2024-05-15 00:30:00,2024,5,15,0,136,26.1,951.95,67.9
Pashan AWS,18.5362,73.7928,15-05-2024 00:35,2024-05-15 00:35:00,2024,5,15,0,136,,951.91,67.8
Pashan AWS,18.5362,73.7928,15-05-2024 00:40,2024-05-15 00:40:00,2024,5,15,0,136,,951.89,67.9
Pashan AWS,18.5362,73.7928,15-05-2024 00:45,2024-05-15 00:45:00,2024,5,15,0,136,,951.88,68.3
Pashan AWS,18.5362,73.7928,15-05-2024 00:50,2024-05-15 00:50:00,2024,5,15,0,136,,951.76,68.4
Pashan AWS,18.5362,73.7928,15-05-2024 00:55,2024-05-15 00:55:00,2024,5,15,0,136,,951.76,69.0
Pashan AWS,18.5362,73.7928,15-05-2024 01:00,2024-05-15 01:00:00,2024,5,15,1,136,,951.77,68.6
Pashan AWS,18.5362,73.7928,15-05-2024 01:05,2024-05-15 01:05:00,2024,5,15,1,136,,951.78,68.2
Pashan AWS,18.5362,73.7928,15-05-2024 01:10,2024-05-15 01:10:00,2024,5,15,1,136,,951.76,68.5
Pashan AWS,18.5362,73.7928,15-05-2024 01:15,2024-05-15 01:15:00,2024,5,15,1,136,,951.85,68.5
Pashan AWS,18.5362,73.7928,15-05-2024 01:20,2024-05-15 01:20:00,2024,5,15,1,136,,951.83,68.5
Pashan AWS,18.5362,73.7928,15-05-2024 01:25,2024-05-15 01:25:00,2024,5,15,1,136,,951.86,68.0
Pashan AWS,18.5362,73.7928,15-05-2024 01:30,2024-05-15 01:30:00,2024,5,15,1,136,,951.97,68.2
Pashan AWS,18.5362,73.7928,15-05-2024 01:35,2024-05-15 01:35:00,2024,5,15,1,136,25.4,951.97,68.4
Pashan AWS,18.5362,73.7928,15-05-2024 01:40,2024-05-15 01:40:00,2024,5,15,1,136,25.2,952.0,68.9
Pashan AWS,18.5362,73.7928,15-05-2024 01:45,2024-05-15 01:45:00,2024,5,15,1,136,25.4,952.0,69.1
Pashan AWS,18.5362,73.7928,15-05-2024 01:50,2024-05-15 01:50:00,2024,5,15,1,136,25.2,952.12,69.2
Pashan AWS,18.5362,73.7928,15-05-2024 01:55,2024-05-15 01:55:00,2024,5,15,1,136,25.0,952.12,69.8
Pashan AWS,18.5362,73.7928,15-05-2024 02:00,2024-05-15 02:00:00,2024,5,15,2,136,25.1,952.24,69.4
Pashan AWS,18.5362,73.7928,15-05-2024 02:05,2024-05-15 02:05:00,2024,5,15,2,136,24.7,952.25,69.7
Pashan AWS,18.5362,73.7928,15-05-2024 02:10,2024-05-15 02:10:00,2024,5,15,2,136,24.7,952.2,69.1
Pashan AWS,18.5362,73.7928,15-05-2024 02:15,2024-05-15 02:15:00,2024,5,15,2,136,25.2,952.28,68.9
Pashan AWS,18.5362,73.7928,15-05-2024 02:20,2024-05-15 02:20:00,2024,5,15,2,136,25.2,952.29,68.5
Pashan AWS,18.5362,73.7928,15-05-2024 02:25,2024-05-15 02:25:00,2024,5,15,2,136,25.0,952.37,69.0
Pashan AWS,18.5362,73.7928,15-05-2024 02:30,2024-05-15 02:30:00,2024,5,15,2,136,25.0,952.18,69.1
Pashan AWS,18.5362,73.7928,15-05-2024 02:35,2024-05-15 02:35:00,2024,5,15,2,136,25.0,952.22,69.1
Pashan AWS,18.5362,73.7928,15-05-2024 02:40,2024-05-15 02:40:00,2024,5,15,2,136,25.0,952.23,68.8
Pashan AWS,18.5362,73.7928,15-05-2024 02:45,2024-05-15 02:45:00,2024,5,15,2,136,25.1,952.19,68.7
Pashan AWS,18.5362,73.7928,15-05-2024 02:50,2024-05-15 02:50:00,2024,5,15,2,136,25.0,952.2,68.5
Pashan AWS,18.5362,73.7928,15-05-2024 02:55,2024-05-15 02:55:00,2024,5,15,2,136,25.3,952.21,68.7
Pashan AWS,18.5362,73.7928,15-05-2024 03:00,2024-05-15 03:00:00,2024,5,15,3,136,25.3,952.27,68.3
Pashan AWS,18.5362,73.7928,15-05-2024 03:05,2024-05-15 03:05:00,2024,5,15,3,136,25.5,952.22,68.9
Pashan AWS,18.5362,73.7928,15-05-2024 03:10,2024-05-15 03:10:00,2024,5,15,3,136,25.4,952.31,68.2
Pashan AWS,18.5362,73.7928,15-05-2024 03:15,2024-05-15 03:15:00,2024,5,15,3,136,25.6,952.49,67.9
Pashan AWS,18.5362,73.7928,15-05-2024 03:20,2024-05-15 03:20:00,2024,5,15,3,136,25.6,952.57,68.6
Pashan AWS,18.5362,73.7928,15-05-2024 03:25,2024-05-15 03:25:00,2024,5,15,3,136,25.6,952.7,68.4
Pashan AWS,18.5362,73.7928,15-05-2024 03:30,2024-05-15 03:30:00,2024,5,15,3,136,25.5,952.85,67.8
Pashan AWS,18.5362,73.7928,15-05-2024 03:35,2024-05-15 03:35:00,2024,5,15,3,136,25.4,953.0,67.9
Pashan AWS,18.5362,73.7928,15-05-2024 03:40,2024-05-15 03:40:00,2024,5,15,3,136,25.5,953.21,67.7
Pashan AWS,18.5362,73.7928,15-05-2024 03:45,2024-05-15 03:45:00,2024,5,15,3,136,25.5,953.22,67.3
Pashan AWS,18.5362,73.7928,15-05-2024 03:50,2024-05-15 03:50:00,2024,5,15,3,136,25.4,953.21,66.8
Pashan AWS,18.5362,73.7928,15-05-2024 03:55,2024-05-15 03:55:00,2024,5,15,3,136,25.4,953.33,67.9
Pashan AWS,18.5362,73.7928,15-05-2024 04:00,2024-05-15 04:00:00,2024,5,15,4,136,25.6,953.44,67.7
Pashan AWS,18.5362,73.7928,15-05-2024 04:05,2024-05-15 04:05:00,2024,5,15,4,136,25.6,953.55,66.8
Pashan AWS,18.5362,73.7928,15-05-2024 04:10,2024-05-15 04:10:00,2024,5,15,4,136,25.6,953.75,67.3
Pashan AWS,18.5362,73.7928,15-05-2024 04:15,2024-05-15 04:15:00,2024,5,15,4,136,25.7,953.79,67.4
Pashan AWS,18.5362,73.7928,15-05-2024 04:20,2024-05-15 04:20:00,2024,5,15,4,136,25.5,953.87,66.9
Pashan AWS,18.5362,73.7928,15-05-2024 04:25,2024-05-15 04:25:00,2024,5,15,4,136,25.4,953.83,66.4
Pashan AWS,18.5362,73.7928,15-05-2024 04:30,2024-05-15 04:30:00,2024,5,15,4,136,25.5,954.05,66.5
Pashan AWS,18.5362,73.7928,15-05-2024 04:35,2024-05-15 04:35:00,2024,5,15,4,136,25.5,954.06,66.2
Pashan AWS,18.5362,73.7928,15-05-2024 04:40,2024-05-15 04:40:00,2024,5,15,4,136,25.8,954.07,65.2
Pashan AWS,18.5362,73.7928,15-05-2024 04:45,2024-05-15 04:45:00,2024,5,15,4,136,26.0,954.08,65.8
Pashan AWS,18.5362,73.7928,15-05-2024 04:50,2024-05-15 04:50:00,2024,5,15,4,136,26.2,954.07,65.4
Pashan AWS,18.5362,73.7928,15-05-2024 04:55,2024-05-15 04:55:00,2024,5,15,4,136,26.6,954.06,65.8
Pashan AWS,18.5362,73.7928,15-05-2024 05:00,2024-05-15 05:00:00,2024,5,15,5,136,26.7,954.06,66.0
Pashan AWS,18.5362,73.7928,15-05-2024 05:05,2024-05-15 05:05:00,2024,5,15,5,136,26.9,953.99,65.3
Pashan AWS,18.5362,73.7928,15-05-2024 05:10,2024-05-15 05:10:00,2024,5,15,5,136,26.9,953.98,65.5
Pashan AWS,18.5362,73.7928,15-05-2024 05:15,2024-05-15 05:15:00,2024,5,15,5,136,27.4,954.18,64.9
Pashan AWS,18.5362,73.7928,15-05-2024 05:20,2024-05-15 05:20:00,2024,5,15,5,136,27.7,954.28,63.8
Pashan AWS,18.5362,73.7928,15-05-2024 05:25,2024-05-15 05:25:00,2024,5,15,5,136,27.8,954.39,63.4
Pashan AWS,18.5362,73.7928,15-05-2024 05:30,2024-05-15 05:30:00,2024,5,15,5,136,27.9,954.52,63.3
Pashan AWS,18.5362,73.7928,15-05-2024 05:35,2024-05-15 05:35:00,2024,5,15,5,136,28.2,954.69,62.8
Pashan AWS,18.5362,73.7928,15-05-2024 05:40,2024-05-15 05:40:00,2024,5,15,5,136,28.3,954.56,62.4
Pashan AWS,18.5362,73.7928,15-05-2024 05:45,2024-05-15 05:45:00,2024,5,15,5,136,28.2,954.49,62.5
Pashan AWS,18.5362,73.7928,15-05-2024 05:50,2024-05-15 05:50:00,2024,5,15,5,136,28.4,954.45,62.2
Pashan AWS,18.5362,73.7928,15-05-2024 05:55,2024-05-15 05:55:00,2024,5,15,5,136,28.5,954.44,61.5
Pashan AWS,18.5362,73.7928,15-05-2024 06:00,2024-05-15 06:00:00,2024,5,15,6,136,28.7,954.44,61.5
Pashan AWS,18.5362,73.7928,15-05-2024 06:05,2024-05-15 06:05:00,2024,5,15,6,136,28.6,954.43,61.2
Pashan AWS,18.5362,73.7928,15-05-2024 06:10,2024-05-15 06:10:00,2024,5,15,6,136,28.5,954.47,59.8
Pashan AWS,18.5362,73.7928,15-05-2024 06:15,2024-05-15 06:15:00,2024,5,15,6,136,28.6,954.49,59.7
Pashan AWS,18.5362,73.7928,15-05-2024 06:20,2024-05-15 06:20:00,2024,5,15,6,136,28.9,954.45,59.5
Pashan AWS,18.5362,73.7928,15-05-2024 06:25,2024-05-15 06:25:00,2024,5,15,6,136,28.9,954.29,59.1
Pashan AWS,18.5362,73.7928,15-05-2024 06:30,2024-05-15 06:30:00,2024,5,15,6,136,29.3,954.23,59.1
Pashan AWS,18.5362,73.7928,15-05-2024 06:35,2024-05-15 06:35:00,2024,5,15,6,136,29.3,954.21,58.5
Pashan AWS,18.5362,73.7928,15-05-2024 06:40,2024-05-15 06:40:00,2024,5,15,6,136,29.2,954.21,58.2
Pashan AWS,18.5362,73.7928,15-05-2024 06:45,2024-05-15 06:45:00,2024,5,15,6,136,29.3,954.13,57.2
Pashan AWS,18.5362,73.7928,15-05-2024 06:50,2024-05-15 06:50:00,2024,5,15,6,136,29.4,954.11,57.0
Pashan AWS,18.5362,73.7928,15-05-2024 06:55,2024-05-15 06:55:00,2024,5,15,6,136,29.7,954.04,57.4
Pashan AWS,18.5362,73.7928,15-05-2024 07:00,2024-05-15 07:00:00,2024,5,15,7,136,29.7,954.04,56.5
Pashan AWS,18.5362,73.7928,15-05-2024 07:05,2024-05-15 07:05:00,2024,5,15,7,136,30.0,953.97,55.8
Pashan AWS,18.5362,73.7928,15-05-2024 07:10,2024-05-15 07:10:00,2024,5,15,7,136,30.5,953.91,55.1
Pashan AWS,18.5362,73.7928,15-05-2024 07:15,2024-05-15 07:15:00,2024,5,15,7,136,30.6,953.82,54.7
Pashan AWS,18.5362,73.7928,15-05-2024 07:20,2024-05-15 07:20:00,2024,5,15,7,136,30.9,953.82,53.9
Pashan AWS,18.5362,73.7928,15-05-2024 07:25,2024-05-15 07:25:00,2024,5,15,7,136,30.8,953.75,53.7
Pashan AWS,18.5362,73.7928,15-05-2024 07:30,2024-05-15 07:30:00,2024,5,15,7,136,31.1,953.83,53.6
Pashan AWS,18.5362,73.7928,15-05-2024 07:35,2024-05-15 07:35:00,2024,5,15,7,136,31.4,953.86,53.4
Pashan AWS,18.5362,73.7928,15-05-2024 07:40,2024-05-15 07:40:00,2024,5,15,7,136,,953.85,52.2
Pashan AWS,18.5362,73.7928,15-05-2024 07:45,2024-05-15 07:45:00,2024,5,15,7,136,,953.78,52.2
Pashan AWS,18.5362,73.7928,15-05-2024 07:50,2024-05-15 07:50:00,2024,5,15,7,136,,953.8,52.2
Pashan AWS,18.5362,73.7928,15-05-2024 07:55,2024-05-15 07:55:00,2024,5,15,7,136,,953.84,52.0
Pashan AWS,18.5362,73.7928,15-05-2024 08:00,2024-05-15 08:00:00,2024,5,15,8,136,,953.83,51.7
Pashan AWS,18.5362,73.7928,15-05-2024 08:05,2024-05-15 08:05:00,2024,5,15,8,136,,953.94,51.3
Pashan AWS,18.5362,73.7928,15-05-2024 08:10,2024-05-15 08:10:00,2024,5,15,8,136,,953.94,51.2
Pashan AWS,18.5362,73.7928,15-05-2024 08:15,2024-05-15 08:15:00,2024,5,15,8,136,,953.98,51.5
Pashan AWS,18.5362,73.7928,15-05-2024 08:20,2024-05-15 08:20:00,2024,5,15,8,136,,953.95,50.5
Pashan AWS,18.5362,73.7928,15-05-2024 08:25,2024-05-15 08:25:00,2024,5,15,8,136,,953.96,50.4
Pashan AWS,18.5362,73.7928,15-05-2024 08:30,2024-05-15 08:30:00,2024,5,15,8,136,31.8,953.85,49.9
Pashan AWS,18.5362,73.7928,15-05-2024 08:35,2024-05-15 08:35:00,2024,5,15,8,136,32.1,953.76,49.3
Pashan AWS,18.5362,73.7928,15-05-2024 08:40,2024-05-15 08:40:00,2024,5,15,8,136,32.2,953.74,48.1
Pashan AWS,18.5362,73.7928,15-05-2024 08:45,2024-05-15 08:45:00,2024,5,15,8,136,32.3,953.72,47.5
Pashan AWS,18.5362,73.7928,15-05-2024 08:50,2024-05-15 08:50:00,2024,5,15,8,136,32.4,953.7,46.6
Pashan AWS,18.5362,73.7928,15-05-2024 08:55,2024-05-15 08:55:00,2024,5,15,8,136,32.6,953.73,45.9
Pashan AWS,18.5362,73.7928,15-05-2024 09:00,2024-05-15 09:00:00,2024,5,15,9,136,32.9,953.55,45.0
Pashan AWS,18.5362,73.7928,15-05-2024 09:05,2024-05-15 09:05:00,2024,5,15,9,136,32.6,953.41,44.4
Pashan AWS,18.5362,73.7928,15-05-2024 09:10,2024-05-15 09:10:00,2024,5,15,9,136,32.9,953.37,43.8
Pashan AWS,18.5362,73.7928,15-05-2024 09:15,2024-05-15 09:15:00,2024,5,15,9,136,33.3,953.25,43.4
Pashan AWS,18.5362,73.7928,15-05-2024 09:20,2024-05-15 09:20:00,2024,5,15,9,136,33.3,953.46,42.4
Pashan AWS,18.5362,73.7928,15-05-2024 09:25,2024-05-15 09:25:00,2024,5,15,9,136,33.3,953.43,41.4
Pashan AWS,18.5362,73.7928,15-05-2024 09:30,2024-05-15 09:30:00,2024,5,15,9,136,33.4,953.35,41.2
Pashan AWS,18.5362,73.7928,15-05-2024 09:35,2024-05-15 09:35:00,2024,5,15,9,136,33.5,953.23,40.5
Pashan AWS,18.5362,73.7928,15-05-2024 09:40,2024-05-15 09:40:00,2024,5,15,9,136,33.7,953.12,40.6
Pashan AWS,18.5362,73.7928,15-05-2024 09:45,2024-05-15 09:45:00,2024,5,15,9,136,33.6,953.05,40.3
Pashan AWS,18.5362,73.7928,15-05-2024 09:50,2024-05-15 09:50:00,2024,5,15,9,136,33.6,952.98,40.1
Pashan AWS,18.5362,73.7928,15-05-2024 09:55,2024-05-15 09:55:00,2024,5,15,9,136,34.0,952.87,40.3
Pashan AWS,18.5362,73.7928,15-05-2024 10:00,2024-05-15 10:00:00,2024,5,15,10,136,34.1,952.78,39.7
Pashan AWS,18.5362,73.7928,15-05-2024 10:05,2024-05-15 10:05:00,2024,5,15,10,136,34.4,952.82,39.1
Pashan AWS,18.5362,73.7928,15-05-2024 10:10,2024-05-15 10:10:00,2024,5,15,10,136,34.7,952.85,39.0
Pashan AWS,18.5362,73.7928,15-05-2024 10:15,2024-05-15 10:15:00,2024,5,15,10,136,34.5,952.79,38.8
Pashan AWS,18.5362,73.7928,15-05-2024 10:20,2024-05-15 10:20:00,2024,5,15,10,136,34.8,952.6,38.3
Pashan AWS,18.5362,73.7928,15-05-2024 10:25,2024-05-15 10:25:00,2024,5,15,10,136,35.0,952.57,38.5
Pashan AWS,18.5362,73.7928,15-05-2024 10:30,2024-05-15 10:30:00,2024,5,15,10,136,35.1,952.62,37.9
Pashan AWS,18.5362,73.7928,15-05-2024 10:35,2024-05-15 10:35:00,2024,5,15,10,136,35.3,942.9973420517762,37.5
Pashan AWS,18.5362,73.7928,15-05-2024 10:40,2024-05-15 10:40:00,2024,5,15,10,136,35.5,942.9673420517762,37.1
Pashan AWS,18.5362,73.7928,15-05-2024 10:45,2024-05-15 10:45:00,2024,5,15,10,136,35.7,952.65,36.3
Pashan AWS,18.5362,73.7928,15-05-2024 10:50,2024-05-15 10:50:00,2024,5,15,10,136,36.1,952.57,36.0
Pashan AWS,18.5362,73.7928,15-05-2024 10:55,2024-05-15 10:55:00,2024,5,15,10,136,36.2,952.54,36.1
Pashan AWS,18.5362,73.7928,15-05-2024 11:00,2024-05-15 11:00:00,2024,5,15,11,136,36.2,952.4,35.9
Pashan AWS,18.5362,73.7928,15-05-2024 11:05,2024-05-15 11:05:00,2024,5,15,11,136,36.2,952.34,35.5
Pashan AWS,18.5362,73.7928,15-05-2024 11:10,2024-05-15 11:10:00,2024,5,15,11,136,36.8,952.36,35.0
Pashan AWS,18.5362,73.7928,15-05-2024 11:15,2024-05-15 11:15:00,2024,5,15,11,136,37.0,952.24,34.8
Pashan AWS,18.5362,73.7928,15-05-2024 11:20,2024-05-15 11:20:00,2024,5,15,11,136,37.5,952.09,34.7
Pashan AWS,18.5362,73.7928,15-05-2024 11:25,2024-05-15 11:25:00,2024,5,15,11,136,37.8,952.03,34.6
Pashan AWS,18.5362,73.7928,15-05-2024 11:30,2024-05-15 11:30:00,2024,5,15,11,136,37.9,951.94,34.0
Pashan AWS,18.5362,73.7928,15-05-2024 11:35,2024-05-15 11:35:00,2024,5,15,11,136,38.0,951.92,33.8
Pashan AWS,18.5362,73.7928,15-05-2024 11:40,2024-05-15 11:40:00,2024,5,15,11,136,38.0,951.82,33.6
Pashan AWS,18.5362,73.7928,15-05-2024 11:45,2024-05-15 11:45:00,2024,5,15,11,136,37.8,951.9,32.8
Pashan AWS,18.5362,73.7928,15-05-2024 11:50,2024-05-15 11:50:00,2024,5,15,11,136,37.9,951.73,32.5
Pashan AWS,18.5362,73.7928,15-05-2024 11:55,2024-05-15 11:55:00,2024,5,15,11,136,38.2,951.77,31.3
Pashan AWS,18.5362,73.7928,15-05-2024 12:00,2024-05-15 12:00:00,2024,5,15,12,136,38.2,951.65,31.2
Pashan AWS,18.5362,73.7928,15-05-2024 12:05,2024-05-15 12:05:00,2024,5,15,12,136,38.3,951.46,31.2
Pashan AWS,18.5362,73.7928,15-05-2024 12:10,2024-05-15 12:10:00,2024,5,15,12,136,38.5,951.43,31.2
Pashan AWS,18.5362,73.7928,15-05-2024 12:15,2024-05-15 12:15:00,2024,5,15,12,136,38.4,951.37,30.8
Pashan AWS,18.5362,73.7928,15-05-2024 12:20,2024-05-15 12:20:00,2024,5,15,12,136,38.4,951.24,30.6
Pashan AWS,18.5362,73.7928,15-05-2024 12:25,2024-05-15 12:25:00,2024,5,15,12,136,38.3,951.08,30.9
Pashan AWS,18.5362,73.7928,15-05-2024 12:30,2024-05-15 12:30:00,2024,5,15,12,136,38.2,951.05,31.2
Pashan AWS,18.5362,73.7928,15-05-2024 12:35,2024-05-15 12:35:00,2024,5,15,12,136,38.1,951.11,30.9
Pashan AWS,18.5362,73.7928,15-05-2024 12:40,2024-05-15 12:40:00,2024,5,15,12,136,38.1,951.14,30.6
Pashan AWS,18.5362,73.7928,15-05-2024 12:45,2024-05-15 12:45:00,2024,5,15,12,136,38.4,951.12,30.8
Pashan AWS,18.5362,73.7928,15-05-2024 12:50,2024-05-15 12:50:00,2024,5,15,12,136,38.3,951.14,29.9
Pashan AWS,18.5362,73.7928,15-05-2024 12:55,2024-05-15 12:55:00,2024,5,15,12,136,38.4,951.12,29.5
Pashan AWS,18.5362,73.7928,15-05-2024 13:00,2024-05-15 13:00:00,2024,5,15,13,136,38.4,950.99,29.8
Pashan AWS,18.5362,73.7928,15-05-2024 13:05,2024-05-15 13:05:00,2024,5,15,13,136,38.6,950.87,30.0
Pashan AWS,18.5362,73.7928,15-05-2024 13:10,2024-05-15 13:10:00,2024,5,15,13,136,38.9,950.86,29.9
Pashan AWS,18.5362,73.7928,15-05-2024 13:15,2024-05-15 13:15:00,2024,5,15,13,136,39.0,950.85,29.0
Pashan AWS,18.5362,73.7928,15-05-2024 13:20,2024-05-15 13:20:00,2024,5,15,13,136,39.1,950.93,28.8
Pashan AWS,18.5362,73.7928,15-05-2024 13:25,2024-05-15 13:25:00,2024,5,15,13,136,39.1,951.0,28.4
Pashan AWS,18.5362,73.7928,15-05-2024 13:30,2024-05-15 13:30:00,2024,5,15,13,136,38.9,951.05,28.4
Pashan AWS,18.5362,73.7928,15-05-2024 13:35,2024-05-15 13:35:00,2024,5,15,13,136,39.3,951.04,27.9
Pashan AWS,18.5362,73.7928,15-05-2024 13:40,2024-05-15 13:40:00,2024,5,15,13,136,39.2,950.94,27.3
Pashan AWS,18.5362,73.7928,15-05-2024 13:45,2024-05-15 13:45:00,2024,5,15,13,136,39.3,950.99,26.4
Pashan AWS,18.5362,73.7928,15-05-2024 13:50,2024-05-15 13:50:00,2024,5,15,13,136,39.4,951.05,26.9
Pashan AWS,18.5362,73.7928,15-05-2024 13:55,2024-05-15 13:55:00,2024,5,15,13,136,39.4,950.88,26.7
Pashan AWS,18.5362,73.7928,15-05-2024 14:00,2024-05-15 14:00:00,2024,5,15,14,136,39.5,950.85,26.7
Pashan AWS,18.5362,73.7928,15-05-2024 14:05,2024-05-15 14:05:00,2024,5,15,14,136,39.6,950.83,26.6
Pashan AWS,18.5362,73.7928,15-05-2024 14:10,2024-05-15 14:10:00,2024,5,15,14,136,39.9,950.88,26.2
Pashan AWS,18.5362,73.7928,15-05-2024 14:15,2024-05-15 14:15:00,2024,5,15,14,136,39.8,950.86,25.7
Pashan AWS,18.5362,73.7928,15-05-2024 14:20,2024-05-15 14:20:00,2024,5,15,14,136,39.5,950.9,25.3
Pashan AWS,18.5362,73.7928,15-05-2024 14:25,2024-05-15 14:25:00,2024,5,15,14,136,39.4,950.93,25.1
Pashan AWS,18.5362,73.7928,15-05-2024 14:30,2024-05-15 14:30:00,2024,5,15,14,136,39.5,950.97,25.3
Pashan AWS,18.5362,73.7928,15-05-2024 14:35,2024-05-15 14:35:00,2024,5,15,14,136,39.4,950.96,25.1
Pashan AWS,18.5362,73.7928,15-05-2024 14:40,2024-05-15 14:40:00,2024,5,15,14,136,39.4,950.97,25.9
Pashan AWS,18.5362,73.7928,15-05-2024 14:45,2024-05-15 14:45:00,2024,5,15,14,136,39.0,950.94,26.4
Pashan AWS,18.5362,73.7928,15-05-2024 14:50,2024-05-15 14:50:00,2024,5,15,14,136,39.1,951.03,26.8
Pashan AWS,18.5362,73.7928,15-05-2024 14:55,2024-05-15 14:55:00,2024,5,15,14,136,39.4,951.14,26.8
Pashan AWS,18.5362,73.7928,15-05-2024 15:00,2024-05-15 15:00:00,2024,5,15,15,136,39.4,951.14,27.5
Pashan AWS,18.5362,73.7928,15-05-2024 15:05,2024-05-15 15:05:00,2024,5,15,15,136,39.4,951.33,27.5
Pashan AWS,18.5362,73.7928,15-05-2024 15:10,2024-05-15 15:10:00,2024,5,15,15,136,39.5,951.36,27.5
Pashan AWS,18.5362,73.7928,15-05-2024 15:15,2024-05-15 15:15:00,2024,5,15,15,136,39.5,951.55,27.7
Pashan AWS,18.5362,73.7928,15-05-2024 15:20,2024-05-15 15:20:00,2024,5,15,15,136,39.6,951.56,28.1
Pashan AWS,18.5362,73.7928,15-05-2024 15:25,2024-05-15 15:25:00,2024,5,15,15,136,39.5,951.45,28.4
Pashan AWS,18.5362,73.7928,15-05-2024 15:30,2024-05-15 15:30:00,2024,5,15,15,136,39.4,951.55,28.3
Pashan AWS,18.5362,73.7928,15-05-2024 15:35,2024-05-15 15:35:00,2024,5,15,15,136,39.2,951.64,28.2
Pashan AWS,18.5362,73.7928,15-05-2024 15:40,2024-05-15 15:40:00,2024,5,15,15,136,39.1,951.71,28.6
Pashan AWS,18.5362,73.7928,15-05-2024 15:45,2024-05-15 15:45:00,2024,5,15,15,136,39.1,951.72,29.0
Pashan AWS,18.5362,73.7928,15-05-2024 15:50,2024-05-15 15:50:00,2024,5,15,15,136,39.0,951.79,29.0
Pashan AWS,18.5362,73.7928,15-05-2024 15:55,2024-05-15 15:55:00,2024,5,15,15,136,38.9,951.82,28.5
Pashan AWS,18.5362,73.7928,15-05-2024 16:00,2024-05-15 16:00:00,2024,5,15,16,136,38.9,951.86,28.6
Pashan AWS,18.5362,73.7928,15-05-2024 16:05,2024-05-15 16:05:00,2024,5,15,16,136,39.0,952.0,29.0
Pashan AWS,18.5362,73.7928,15-05-2024 16:10,2024-05-15 16:10:00,2024,5,15,16,136,39.0,952.08,29.9
Pashan AWS,18.5362,73.7928,15-05-2024 16:15,2024-05-15 16:15:00,2024,5,15,16,136,39.0,952.19,29.6
Pashan AWS,18.5362,73.7928,15-05-2024 16:20,2024-05-15 16:20:00,2024,5,15,16,136,38.6,952.24,29.7
Pashan AWS,18.5362,73.7928,15-05-2024 16:25,2024-05-15 16:25:00,2024,5,15,16,136,38.5,952.27,29.8
Pashan AWS,18.5362,73.7928,15-05-2024 16:30,2024-05-15 16:30:00,2024,5,15,16,136,38.4,952.24,30.5
Pashan AWS,18.5362,73.7928,15-05-2024 16:35,2024-05-15 16:35:00,2024,5,15,16,136,38.0,952.28,30.8
Pashan AWS,18.5362,73.7928,15-05-2024 16:40,2024-05-15 16:40:00,2024,5,15,16,136,38.1,952.08,30.6
Pashan AWS,18.5362,73.7928,15-05-2024 16:45,2024-05-15 16:45:00,2024,5,15,16,136,38.1,952.1,31.1
Pashan AWS,18.5362,73.7928,15-05-2024 16:50,2024-05-15 16:50:00,2024,5,15,16,136,38.0,952.17,31.2
Pashan AWS,18.5362,73.7928,15-05-2024 16:55,2024-05-15 16:55:00,2024,5,15,16,136,38.1,952.29,31.0
Pashan AWS,18.5362,73.7928,15-05-2024 17:00,2024-05-15 17:00:00,2024,5,15,17,136,37.9,952.33,31.0
Pashan AWS,18.5362,73.7928,15-05-2024 17:05,2024-05-15 17:05:00,2024,5,15,17,136,37.9,952.43,32.0
Pashan AWS,18.5362,73.7928,15-05-2024 17:10,2024-05-15 17:10:00,2024,5,15,17,136,37.7,952.31,32.5
Pashan AWS,18.5362,73.7928,15-05-2024 17:15,2024-05-15 17:15:00,2024,5,15,17,136,37.6,952.38,32.8
Pashan AWS,18.5362,73.7928,15-05-2024 17:20,2024-05-15 17:20:00,2024,5,15,17,136,37.3,952.31,33.1
Pashan AWS,18.5362,73.7928,15-05-2024 17:25,2024-05-15 17:25:00,2024,5,15,17,136,37.4,952.28,33.5
Pashan AWS,18.5362,73.7928,15-05-2024 17:30,2024-05-15 17:30:00,2024,5,15,17,136,37.3,952.33,34.0
Pashan AWS,18.5362,73.7928,15-05-2024 17:35,2024-05-15 17:35:00,2024,5,15,17,136,37.2,952.5,34.4
Pashan AWS,18.5362,73.7928,15-05-2024 17:40,2024-05-15 17:40:00,2024,5,15,17,136,36.8,952.59,34.8
Pashan AWS,18.5362,73.7928,15-05-2024 17:45,2024-05-15 17:45:00,2024,5,15,17,136,36.9,952.64,35.5
Pashan AWS,18.5362,73.7928,15-05-2024 17:50,2024-05-15 17:50:00,2024,5,15,17,136,36.9,952.69,35.8
Pashan AWS,18.5362,73.7928,15-05-2024 17:55,2024-05-15 17:55:00,2024,5,15,17,136,36.7,952.68,35.8
Pashan AWS,18.5362,73.7928,15-05-2024 18:00,2024-05-15 18:00:00,2024,5,15,18,136,36.6,952.68,35.9
Pashan AWS,18.5362,73.7928,15-05-2024 18:05,2024-05-15 18:05:00,2024,5,15,18,136,36.5,952.76,35.5
Pashan AWS,18.5362,73.7928,15-05-2024 18:10,2024-05-15 18:10:00,2024,5,15,18,136,36.7,952.69,36.8
Pashan AWS,18.5362,73.7928,15-05-2024 18:15,2024-05-15 18:15:00,2024,5,15,18,136,36.2,952.78,37.5
Pashan AWS,18.5362,73.7928,15-05-2024 18:20,2024-05-15 18:20:00,2024,5,15,18,136,36.2,952.78,37.6
Pashan AWS,18.5362,73.7928,15-05-2024 18:25,2024-05-15 18:25:00,2024,5,15,18,136,35.9,952.88,37.9
Pashan AWS,18.5362,73.7928,15-05-2024 18:30,2024-05-15 18:30:00,2024,5,15,18,136,35.7,952.99,38.0
Pashan AWS,18.5362,73.7928,15-05-2024 18:35,2024-05-15 18:35:00,2024,5,15,18,136,35.5,952.87,39.1
Pashan AWS,18.5362,73.7928,15-05-2024 18:40,2024-05-15 18:40:00,2024,5,15,18,136,35.3,952.85,39.0
Pashan AWS,18.5362,73.7928,15-05-2024 18:45,2024-05-15 18:45:00,2024,5,15,18,136,35.1,952.8,39.5
Pashan AWS,18.5362,73.7928,15-05-2024 18:50,2024-05-15 18:50:00,2024,5,15,18,136,34.8,952.67,39.9
Pashan AWS,18.5362,73.7928,15-05-2024 18:55,2024-05-15 18:55:00,2024,5,15,18,136,34.8,952.61,40.7
Pashan AWS,18.5362,73.7928,15-05-2024 19:00,2024-05-15 19:00:00,2024,5,15,19,136,34.4,952.83,41.1
Pashan AWS,18.5362,73.7928,15-05-2024 19:05,2024-05-15 19:05:00,2024,5,15,19,136,34.3,952.89,40.8
Pashan AWS,18.5362,73.7928,15-05-2024 19:10,2024-05-15 19:10:00,2024,5,15,19,136,34.1,953.04,41.2
Pashan AWS,18.5362,73.7928,15-05-2024 19:15,2024-05-15 19:15:00,2024,5,15,19,136,33.8,953.1,41.3
Pashan AWS,18.5362,73.7928,15-05-2024 19:20,2024-05-15 19:20:00,2024,5,15,19,136,33.7,953.03,41.9
Pashan AWS,18.5362,73.7928,15-05-2024 19:25,2024-05-15 19:25:00,2024,5,15,19,136,33.3,952.99,43.0
Pashan AWS,18.5362,73.7928,15-05-2024 19:30,2024-05-15 19:30:00,2024,5,15,19,136,33.2,953.02,42.8
Pashan AWS,18.5362,73.7928,15-05-2024 19:35,2024-05-15 19:35:00,2024,5,15,19,136,32.8,953.03,43.0
Pashan AWS,18.5362,73.7928,15-05-2024 19:40,2024-05-15 19:40:00,2024,5,15,19,136,32.8,952.96,43.3
Pashan AWS,18.5362,73.7928,15-05-2024 19:45,2024-05-15 19:45:00,2024,5,15,19,136,32.5,952.82,43.7
Pashan AWS,18.5362,73.7928,15-05-2024 19:50,2024-05-15 19:50:00,2024,5,15,19,136,32.3,953.05,44.6
Pashan AWS,18.5362,73.7928,15-05-2024 19:55,2024-05-15 19:55:00,2024,5,15,19,136,32.2,953.01,45.0
Pashan AWS,18.5362,73.7928,15-05-2024 20:00,2024-05-15 20:00:00,2024,5,15,20,136,32.0,952.94,45.7
Pashan AWS,18.5362,73.7928,15-05-2024 20:05,2024-05-15 20:05:00,2024,5,15,20,136,31.9,952.91,46.0
Pashan AWS,18.5362,73.7928,15-05-2024 20:10,2024-05-15 20:10:00,2024,5,15,20,136,31.5,952.84,46.7
Pashan AWS,18.5362,73.7928,15-05-2024 20:15,2024-05-15 20:15:00,2024,5,15,20,136,31.5,952.81,47.5
Pashan AWS,18.5362,73.7928,15-05-2024 20:20,2024-05-15 20:20:00,2024,5,15,20,136,31.6,952.86,47.8
Pashan AWS,18.5362,73.7928,15-05-2024 20:25,2024-05-15 20:25:00,2024,5,15,20,136,31.9,952.8,48.6
Pashan AWS,18.5362,73.7928,15-05-2024 20:30,2024-05-15 20:30:00,2024,5,15,20,136,31.7,952.65,49.2
Pashan AWS,18.5362,73.7928,15-05-2024 20:35,2024-05-15 20:35:00,2024,5,15,20,136,31.7,952.58,50.1
Pashan AWS,18.5362,73.7928,15-05-2024 20:40,2024-05-15 20:40:00,2024,5,15,20,136,31.3,952.48,50.5
Pashan AWS,18.5362,73.7928,15-05-2024 20:45,2024-05-15 20:45:00,2024,5,15,20,136,31.3,952.54,51.2
Pashan AWS,18.5362,73.7928,15-05-2024 20:50,2024-05-15 20:50:00,2024,5,15,20,136,31.3,952.57,51.6
Pashan AWS,18.5362,73.7928,15-05-2024 20:55,2024-05-15 20:55:00,2024,5,15,20,136,31.0,952.51,52.1
Pashan AWS,18.5362,73.7928,15-05-2024 21:00,2024-05-15 21:00:00,2024,5,15,21,136,31.1,952.34,52.7
Pashan AWS,18.5362,73.7928,15-05-2024 21:05,2024-05-15 21:05:00,2024,5,15,21,136,30.8,952.17,53.4
Pashan AWS,18.5362,73.7928,15-05-2024 21:10,2024-05-15 21:10:00,2024,5,15,21,136,30.6,952.11,53.4
Pashan AWS,18.5362,73.7928,15-05-2024 21:15,2024-05-15 21:15:00,2024,5,15,21,136,30.5,952.07,54.4
Pashan AWS,18.5362,73.7928,15-05-2024 21:20,2024-05-15 21:20:00,2024,5,15,21,136,30.2,951.97,54.2
Pashan AWS,18.5362,73.7928,15-05-2024 21:25,2024-05-15 21:25:00,2024,5,15,21,136,30.2,951.86,54.4
Pashan AWS,18.5362,73.7928,15-05-2024 21:30,2024-05-15 21:30:00,2024,5,15,21,136,29.8,951.74,54.9
Pashan AWS,18.5362,73.7928,15-05-2024 21:35,2024-05-15 21:35:00,2024,5,15,21,136,29.5,951.68,55.5
Pashan AWS,18.5362,73.7928,15-05-2024 21:40,2024-05-15 21:40:00,2024,5,15,21,136,29.2,951.42,56.7
Pashan AWS,18.5362,73.7928,15-05-2024 21:45,2024-05-15 21:45:00,2024,5,15,21,136,29.2,951.27,56.4
Pashan AWS,18.5362,73.7928,15-05-2024 21:50,2024-05-15 21:50:00,2024,5,15,21,136,29.0,951.16,56.7
Pashan AWS,18.5362,73.7928,15-05-2024 21:55,2024-05-15 21:55:00,2024,5,15,21,136,28.6,951.2,56.3
Pashan AWS,18.5362,73.7928,15-05-2024 22:00,2024-05-15 22:00:00,2024,5,15,22,136,28.4,951.07,56.9
Pashan AWS,18.5362,73.7928,15-05-2024 22:05,2024-05-15 22:05:00,2024,5,15,22,136,28.3,951.02,57.5
Pashan AWS,18.5362,73.7928,15-05-2024 22:10,2024-05-15 22:10:00,2024,5,15,22,136,28.0,950.98,58.7
Pashan AWS,18.5362,73.7928,15-05-2024 22:15,2024-05-15 22:15:00,2024,5,15,22,136,27.7,951.02,59.2
Pashan AWS,18.5362,73.7928,15-05-2024 22:20,2024-05-15 22:20:00,2024,5,15,22,136,27.9,951.05,60.1
Pashan AWS,18.5362,73.7928,15-05-2024 22:25,2024-05-15 22:25:00,2024,5,15,22,136,27.7,950.98,60.7
Pashan AWS,18.5362,73.7928,15-05-2024 22:30,2024-05-15 22:30:00,2024,5,15,22,136,27.5,950.87,61.0
Pashan AWS,18.5362,73.7928,15-05-2024 22:35,2024-05-15 22:35:00,2024,5,15,22,136,27.3,950.75,60.9
Pashan AWS,18.5362,73.7928,15-05-2024 22:40,2024-05-15 22:40:00,2024,5,15,22,136,27.1,950.66,61.4
Pashan AWS,18.5362,73.7928,15-05-2024 22:45,2024-05-15 22:45:00,2024,5,15,22,136,27.1,950.57,61.3
Pashan AWS,18.5362,73.7928,15-05-2024 22:50,2024-05-15 22:50:00,2024,5,15,22,136,27.2,950.55,62.2
Pashan AWS,18.5362,73.7928,15-05-2024 22:55,2024-05-15 22:55:00,2024,5,15,22,136,27.0,950.52,62.6
Pashan AWS,18.5362,73.7928,15-05-2024 23:00,2024-05-15 23:00:00,2024,5,15,23,136,26.7,950.5,63.5
Pashan AWS,18.5362,73.7928,15-05-2024 23:05,2024-05-15 23:05:00,2024,5,15,23,136,26.8,950.54,63.7
Pashan AWS,18.5362,73.7928,15-05-2024 23:10,2024-05-15 23:10:00,2024,5,15,23,136,26.7,950.62,64.2
Pashan AWS,18.5362,73.7928,15-05-2024 23:15,2024-05-15 23:15:00,2024,5,15,23,136,26.8,950.56,143.06365479253355
Pashan AWS,18.5362,73.7928,15-05-2024 23:20,2024-05-15 23:20:00,2024,5,15,23,136,26.3,950.58,65.0
Pashan AWS,18.5362,73.7928,15-05-2024 23:25,2024-05-15 23:25:00,2024,5,15,23,136,26.3,950.48,65.2
Pashan AWS,18.5362,73.7928,15-05-2024 23:30,2024-05-15 23:30:00,2024,5,15,23,136,26.5,950.51,65.8
Pashan AWS,18.5362,73.7928,15-05-2024 23:35,2024-05-15 23:35:00,2024,5,15,23,136,26.3,950.53,65.7
Pashan AWS,18.5362,73.7928,15-05-2024 23:40,2024-05-15 23:40:00,2024,5,15,23,136,26.1,950.54,65.6
Pashan AWS,18.5362,73.7928,15-05-2024 23:45,2024-05-15 23:45:00,2024,5,15,23,136,26.1,950.48,66.5
Pashan AWS,18.5362,73.7928,15-05-2024 23:50,2024-05-15 23:50:00,2024,5,15,23,136,25.9,950.36,67.1
Pashan AWS,18.5362,73.7928,15-05-2024 23:55,2024-05-15 23:55:00,2024,5,15,23,136,25.7,950.18,67.5
Pashan AWS,18.5362,73.7928,16-05-2024 00:00,2024-05-16 00:00:00,2024,5,16,0,137,25.6,950.13,68.5
Pashan AWS,18.5362,73.7928,16-05-2024 00:05,2024-05-16 00:05:00,2024,5,16,0,137,25.4,950.2,68.6
Pashan AWS,18.5362,73.7928,16-05-2024 00:10,2024-05-16 00:10:00,2024,5,16,0,137,25.5,950.12,69.4
Pashan AWS,18.5362,73.7928,16-05-2024 00:15,2024-05-16 00:15:00,2024,5,16,0,137,25.5,950.13,69.7
Pashan AWS,18.5362,73.7928,16-05-2024 00:20,2024-05-16 00:20:00,2024,5,16,0,137,25.4,950.15,69.5
Pashan AWS,18.5362,73.7928,16-05-2024 00:25,2024-05-16 00:25:00,2024,5,16,0,137,25.5,950.08,70.5
Pashan AWS,18.5362,73.7928,16-05-2024 00:30,2024-05-16 00:30:00,2024,5,16,0,137,25.3,950.14,71.1
Pashan AWS,18.5362,73.7928,16-05-2024 00:35,2024-05-16 00:35:00,2024,5,16,0,137,25.1,949.86,71.2
Pashan AWS,18.5362,73.7928,16-05-2024 00:40,2024-05-16 00:40:00,2024,5,16,0,137,25.0,949.73,71.7
Pashan AWS,18.5362,73.7928,16-05-2024 00:45,2024-05-16 00:45:00,2024,5,16,0,137,24.9,949.64,71.7
Pashan AWS,18.5362,73.7928,16-05-2024 00:50,2024-05-16 00:50:00,2024,5,16,0,137,24.7,949.55,72.2
Pashan AWS,18.5362,73.7928,16-05-2024 00:55,2024-05-16 00:55:00,2024,5,16,0,137,24.5,949.57,71.3
Pashan AWS,18.5362,73.7928,16-05-2024 01:00,2024-05-16 01:00:00,2024,5,16,1,137,24.4,949.58,71.1
Pashan AWS,18.5362,73.7928,16-05-2024 01:05,2024-05-16 01:05:00,2024,5,16,1,137,24.7,949.6,71.7
Pashan AWS,18.5362,73.7928,16-05-2024 01:10,2024-05-16 01:10:00,2024,5,16,1,137,24.2,949.64,71.7
Pashan AWS,18.5362,73.7928,16-05-2024 01:15,2024-05-16 01:15:00,2024,5,16,1,137,24.1,949.56,72.0
Pashan AWS,18.5362,73.7928,16-05-2024 01:20,2024-05-16 01:20:00,2024,5,16,1,137,24.4,949.46,71.6
Pashan AWS,18.5362,73.7928,16-05-2024 01:25,2024-05-16 01:25:00,2024,5,16,1,137,24.3,949.49,72.4
Pashan AWS,18.5362,73.7928,16-05-2024 01:30,2024-05-16 01:30:00,2024,5,16,1,137,24.4,949.45,73.0
Pashan AWS,18.5362,73.7928,16-05-2024 01:35,2024-05-16 01:35:00,2024,5,16,1,137,24.4,949.34,73.0
Pashan AWS,18.5362,73.7928,16-05-2024 01:40,2024-05-16 01:40:00,2024,5,16,1,137,24.2,949.43,72.9
Pashan AWS,18.5362,73.7928,16-05-2024 01:45,2024-05-16 01:45:00,2024,5,16,1,137,23.9,949.56,73.4
Pashan AWS,18.5362,73.7928,16-05-2024 01:50,2024-05-16 01:50:00,2024,5,16,1,137,23.9,949.7,74.3
Pashan AWS,18.5362,73.7928,16-05-2024 01:55,2024-05-16 01:55:00,2024,5,16,1,137,23.7,949.73,74.7
Pashan AWS,18.5362,73.7928,16-05-2024 02:00,2024-05-16 02:00:00,2024,5,16,2,137,23.6,949.8,75.5
Pashan AWS,18.5362,73.7928,16-05-2024 02:05,2024-05-16 02:05:00,2024,5,16,2,137,23.5,949.93,75.1
Pashan AWS,18.5362,73.7928,16-05-2024 02:10,2024-05-16 02:10:00,2024,5,16,2,137,23.8,949.89,74.7
Pashan AWS,18.5362,73.7928,16-05-2024 02:15,2024-05-16 02:15:00,2024,5,16,2,137,24.2,950.0,74.1
Pashan AWS,18.5362,73.7928,16-05-2024 02:20,2024-05-16 02:20:00,2024,5,16,2,137,24.2,950.04,74.3
Pashan AWS,18.5362,73.7928,16-05-2024 02:25,2024-05-16 02:25:00,2024,5,16,2,137,24.1,950.13,74.3
Pashan AWS,18.5362,73.7928,16-05-2024 02:30,2024-05-16 02:30:00,2024,5,16,2,137,23.9,950.17,74.2
Pashan AWS,18.5362,73.7928,16-05-2024 02:35,2024-05-16 02:35:00,2024,5,16,2,137,24.0,950.29,74.5
Pashan AWS,18.5362,73.7928,16-05-2024 02:40,2024-05-16 02:40:00,2024,5,16,2,137,24.3,950.33,74.9
Pashan AWS,18.5362,73.7928,16-05-2024 02:45,2024-05-16 02:45:00,2024,5,16,2,137,24.2,950.24,74.2
Pashan AWS,18.5362,73.7928,16-05-2024 02:50,2024-05-16 02:50:00,2024,5,16,2,137,23.8,950.38,73.8
Pashan AWS,18.5362,73.7928,16-05-2024 02:55,2024-05-16 02:55:00,2024,5,16,2,137,24.0,950.33,74.1
Pashan AWS,18.5362,73.7928,16-05-2024 03:00,2024-05-16 03:00:00,2024,5,16,3,137,24.1,950.47,73.8
Pashan AWS,18.5362,73.7928,16-05-2024 03:05,2024-05-16 03:05:00,2024,5,16,3,137,23.9,950.49,73.4
Pashan AWS,18.5362,73.7928,16-05-2024 03:10,2024-05-16 03:10:00,2024,5,16,3,137,24.0,950.62,73.7
Pashan AWS,18.5362,73.7928,16-05-2024 03:15,2024-05-16 03:15:00,2024,5,16,3,137,24.0,950.74,73.1
Pashan AWS,18.5362,73.7928,16-05-2024 03:20,2024-05-16 03:20:00,2024,5,16,3,137,24.1,950.8,72.8
Pashan AWS,18.5362,73.7928,16-05-2024 03:25,2024-05-16 03:25:00,2024,5,16,3,137,24.0,950.87,72.9
Pashan AWS,18.5362,73.7928,16-05-2024 03:30,2024-05-16 03:30:00,2024,5,16,3,137,24.2,950.93,72.5
Pashan AWS,18.5362,73.7928,16-05-2024 03:35,2024-05-16 03:35:00,2024,5,16,3,137,24.1,950.8,72.7
Pashan AWS,18.5362,73.7928,16-05-2024 03:40,2024-05-16 03:40:00,2024,5,16,3,137,24.0,950.85,72.3
Pashan AWS,18.5362,73.7928,16-05-2024 03:45,2024-05-16 03:45:00,2024,5,16,3,137,23.7,950.8,72.7
Pashan AWS,18.5362,73.7928,16-05-2024 03:50,2024-05-16 03:50:00,2024,5,16,3,137,24.0,950.86,72.5
Pashan AWS,18.5362,73.7928,16-05-2024 03:55,2024-05-16 03:55:00,2024,5,16,3,137,24.1,950.81,72.6
Pashan AWS,18.5362,73.7928,16-05-2024 04:00,2024-05-16 04:00:00,2024,5,16,4,137,24.2,950.76,72.7
Pashan AWS,18.5362,73.7928,16-05-2024 04:05,2024-05-16 04:05:00,2024,5,16,4,137,24.2,950.94,72.2
Pashan AWS,18.5362,73.7928,16-05-2024 04:10,2024-05-16 04:10:00,2024,5,16,4,137,24.2,951.07,71.2
Pashan AWS,18.5362,73.7928,16-05-2024 04:15,2024-05-16 04:15:00,2024,5,16,4,137,24.1,951.12,71.1
Pashan AWS,18.5362,73.7928,16-05-2024 04:20,2024-05-16 04:20:00,2024,5,16,4,137,24.1,951.18,70.9
Pashan AWS,18.5362,73.7928,16-05-2024 04:25,2024-05-16 04:25:00,2024,5,16,4,137,23.9,951.2,70.9
Pashan AWS,18.5362,73.7928,16-05-2024 04:30,2024-05-16 04:30:00,2024,5,16,4,137,23.9,951.29,70.6
Pashan AWS,18.5362,73.7928,16-05-2024 04:35,2024-05-16 04:35:00,2024,5,16,4,137,24.0,951.27,70.2
Pashan AWS,18.5362,73.7928,16-05-2024 04:40,2024-05-16 04:40:00,2024,5,16,4,137,24.2,951.4,70.8
Pashan AWS,18.5362,73.7928,16-05-2024 04:45,2024-05-16 04:45:00,2024,5,16,4,137,24.3,951.42,69.9
Pashan AWS,18.5362,73.7928,16-05-2024 04:50,2024-05-16 04:50:00,2024,5,16,4,137,24.5,951.42,69.9
Pashan AWS,18.5362,73.7928,16-05-2024 04:55,2024-05-16 04:55:00,2024,5,16,4,137,24.8,951.46,69.4
Pashan AWS,18.5362,73.7928,16-05-2024 05:00,2024-05-16 05:00:00,2024,5,16,5,137,25.1,951.45,69.0
Pashan AWS,18.5362,73.7928,16-05-2024 05:05,2024-05-16 05:05:00,2024,5,16,5,137,25.2,951.52,68.6
Pashan AWS,18.5362,73.7928,16-05-2024 05:10,2024-05-16 05:10:00,2024,5,16,5,137,25.3,951.52,68.0
Pashan AWS,18.5362,73.7928,16-05-2024 05:15,2024-05-16 05:15:00,2024,5,16,5,137,25.3,951.59,67.9
Pashan AWS,18.5362,73.7928,16-05-2024 05:20,2024-05-16 05:20:00,2024,5,16,5,137,25.5,951.72,68.2
Pashan AWS,18.5362,73.7928,16-05-2024 05:25,2024-05-16 05:25:00,2024,5,16,5,137,25.9,951.69,68.0
Pashan AWS,18.5362,73.7928,16-05-2024 05:30,2024-05-16 05:30:00,2024,5,16,5,137,26.0,951.71,67.7
Pashan AWS,18.5362,73.7928,16-05-2024 05:35,2024-05-16 05:35:00,2024,5,16,5,137,26.4,951.78,67.0
Pashan AWS,18.5362,73.7928,16-05-2024 05:40,2024-05-16 05:40:00,2024,5,16,5,137,26.2,951.77,66.8
Pashan AWS,18.5362,73.7928,16-05-2024 05:45,2024-05-16 05:45:00,2024,5,16,5,137,26.1,951.83,67.3
Pashan AWS,18.5362,73.7928,16-05-2024 05:50,2024-05-16 05:50:00,2024,5,16,5,137,26.4,951.9,66.8
Pashan AWS,18.5362,73.7928,16-05-2024 05:55,2024-05-16 05:55:00,2024,5,16,5,137,26.5,952.0,66.2
Pashan AWS,18.5362,73.7928,16-05-2024 06:00,2024-05-16 06:00:00,2024,5,16,6,137,26.8,951.97,65.6
Pashan AWS,18.5362,73.7928,16-05-2024 06:05,2024-05-16 06:05:00,2024,5,16,6,137,26.9,951.9,65.0
Pashan AWS,18.5362,73.7928,16-05-2024 06:10,2024-05-16 06:10:00,2024,5,16,6,137,26.9,951.89,63.5
Pashan AWS,18.5362,73.7928,16-05-2024 06:15,2024-05-16 06:15:00,2024,5,16,6,137,26.9,951.83,63.3
Pashan AWS,18.5362,73.7928,16-05-2024 06:20,2024-05-16 06:20:00,2024,5,16,6,137,26.8,951.88,62.6
Pashan AWS,18.5362,73.7928,16-05-2024 06:25,2024-05-16 06:25:00,2024,5,16,6,137,26.8,951.8,61.6
Pashan AWS,18.5362,73.7928,16-05-2024 06:30,2024-05-16 06:30:00,2024,5,16,6,137,27.1,951.99,61.6
Pashan AWS,18.5362,73.7928,16-05-2024 06:35,2024-05-16 06:35:00,2024,5,16,6,137,27.3,952.1,60.8
Pashan AWS,18.5362,73.7928,16-05-2024 06:40,2024-05-16 06:40:00,2024,5,16,6,137,27.5,952.09,60.4
Pashan AWS,18.5362,73.7928,16-05-2024 06:45,2024-05-16 06:45:00,2024,5,16,6,137,27.4,952.15,60.6
Pashan AWS,18.5362,73.7928,16-05-2024 06:50,2024-05-16 06:50:00,2024,5,16,6,137,27.4,952.0,59.7
Pashan AWS,18.5362,73.7928,16-05-2024 06:55,2024-05-16 06:55:00,2024,5,16,6,137,27.4,952.19,58.7
Pashan AWS,18.5362,73.7928,16-05-2024 07:00,2024-05-16 07:00:00,2024,5,16,7,137,27.7,952.12,58.5
Pashan AWS,18.5362,73.7928,16-05-2024 07:05,2024-05-16 07:05:00,2024,5,16,7,137,27.8,952.09,58.6
Pashan AWS,18.5362,73.7928,16-05-2024 07:10,2024-05-16 07:10:00,2024,5,16,7,137,27.8,951.91,57.6
Pashan AWS,18.5362,73.7928,16-05-2024 07:15,2024-05-16 07:15:00,2024,5,16,7,137,27.9,951.93,57.4
Pashan AWS,18.5362,73.7928,16-05-2024 07:20,2024-05-16 07:20:00,2024,5,16,7,137,28.0,951.82,57.3
Pashan AWS,18.5362,73.7928,16-05-2024 07:25,2024-05-16 07:25:00,2024,5,16,7,137,28.4,951.8,56.1
Pashan AWS,18.5362,73.7928,16-05-2024 07:30,2024-05-16 07:30:00,2024,5,16,7,137,28.4,951.73,56.1
Pashan AWS,18.5362,73.7928,16-05-2024 07:35,2024-05-16 07:35:00,2024,5,16,7,137,28.3,951.61,56.1
Pashan AWS,18.5362,73.7928,16-05-2024 07:40,2024-05-16 07:40:00,2024,5,16,7,137,28.2,951.52,55.6
Pashan AWS,18.5362,73.7928,16-05-2024 07:45,2024-05-16 07:45:00,2024,5,16,7,137,28.4,951.51,55.7
Pashan AWS,18.5362,73.7928,16-05-2024 07:50,2024-05-16 07:50:00,2024,5,16,7,137,28.5,951.38,55.7
Pashan AWS,18.5362,73.7928,16-05-2024 07:55,2024-05-16 07:55:00,2024,5,16,7,137,28.4,951.29,55.3
Pashan AWS,18.5362,73.7928,16-05-2024 08:00,2024-05-16 08:00:00,2024,5,16,8,137,28.8,951.31,54.7
Pashan AWS,18.5362,73.7928,16-05-2024 08:05,2024-05-16 08:05:00,2024,5,16,8,137,29.1,951.48,53.8
Pashan AWS,18.5362,73.7928,16-05-2024 08:10,2024-05-16 08:10:00,2024,5,16,8,137,29.3,951.47,53.4
Pashan AWS,18.5362,73.7928,16-05-2024 08:15,2024-05-16 08:15:00,2024,5,16,8,137,29.6,951.35,53.2
Pashan AWS,18.5362,73.7928,16-05-2024 08:20,2024-05-16 08:20:00,2024,5,16,8,137,29.9,951.27,52.6
Pashan AWS,18.5362,73.7928,16-05-2024 08:25,2024-05-16 08:25:00,2024,5,16,8,137,29.9,951.22,51.3
Pashan AWS,18.5362,73.7928,16-05-2024 08:30,2024-05-16 08:30:00,2024,5,16,8,137,29.9,951.14,51.4
Pashan AWS,18.5362,73.7928,16-05-2024 08:35,2024-05-16 08:35:00,2024,5,16,8,137,30.2,951.16,51.1
Pashan AWS,18.5362,73.7928,16-05-2024 08:40,2024-05-16 08:40:00,2024,5,16,8,137,30.4,951.12,50.5
Pashan AWS,18.5362,73.7928,16-05-2024 08:45,2024-05-16 08:45:00,2024,5,16,8,137,30.6,951.13,50.4
Pashan AWS,18.5362,73.7928,16-05-2024 08:50,2024-05-16 08:50:00,2024,5,16,8,137,30.6,951.04,50.6
Pashan AWS,18.5362,73.7928,16-05-2024 08:55,2024-05-16 08:55:00,2024,5,16,8,137,30.9,951.08,49.0
Pashan AWS,18.5362,73.7928,16-05-2024 09:00,2024-05-16 09:00:00,2024,5,16,9,137,30.9,950.99,48.7
Pashan AWS,18.5362,73.7928,16-05-2024 09:05,2024-05-16 09:05:00,2024,5,16,9,137,31.1,950.84,-66.42633632709608
Pashan AWS,18.5362,73.7928,16-05-2024 09:10,2024-05-16 09:10:00,2024,5,16,9,137,31.5,950.95,47.5
Pashan AWS,18.5362,73.7928,16-05-2024 09:15,2024-05-16 09:15:00,2024,5,16,9,137,31.5,950.72,47.2
Pashan AWS,18.5362,73.7928,16-05-2024 09:20,2024-05-16 09:20:00,2024,5,16,9,137,31.4,950.59,47.0
Pashan AWS,18.5362,73.7928,16-05-2024 09:25,2024-05-16 09:25:00,2024,5,16,9,137,31.4,950.47,46.4
Pashan AWS,18.5362,73.7928,16-05-2024 09:30,2024-05-16 09:30:00,2024,5,16,9,137,31.7,950.6,45.2
Pashan AWS,18.5362,73.7928,16-05-2024 09:35,2024-05-16 09:35:00,2024,5,16,9,137,31.9,950.66,44.7
Pashan AWS,18.5362,73.7928,16-05-2024 09:40,2024-05-16 09:40:00,2024,5,16,9,137,32.1,950.7,44.5
Pashan AWS,18.5362,73.7928,16-05-2024 09:45,2024-05-16 09:45:00,2024,5,16,9,137,32.1,950.58,44.5
Pashan AWS,18.5362,73.7928,16-05-2024 09:50,2024-05-16 09:50:00,2024,5,16,9,137,32.4,950.68,43.7
Pashan AWS,18.5362,73.7928,16-05-2024 09:55,2024-05-16 09:55:00,2024,5,16,9,137,32.4,950.62,43.7
Pashan AWS,18.5362,73.7928,16-05-2024 10:00,2024-05-16 10:00:00,2024,5,16,10,137,32.6,950.6,43.1
Pashan AWS,18.5362,73.7928,16-05-2024 10:05,2024-05-16 10:05:00,2024,5,16,10,137,32.6,950.51,42.8
Pashan AWS,18.5362,73.7928,16-05-2024 10:10,2024-05-16 10:10:00,2024,5,16,10,137,32.6,950.41,42.2
Pashan AWS,18.5362,73.7928,16-05-2024 10:15,2024-05-16 10:15:00,2024,5,16,10,137,32.7,950.3,42.0
Pashan AWS,18.5362,73.7928,16-05-2024 10:20,2024-05-16 10:20:00,2024,5,16,10,137,32.8,950.18,41.9
Pashan AWS,18.5362,73.7928,16-05-2024 10:25,2024-05-16 10:25:00,2024,5,16,10,137,33.0,950.14,41.1
Pashan AWS,18.5362,73.7928,16-05-2024 10:30,2024-05-16 10:30:00,2024,5,16,10,137,33.2,950.08,40.4
Pashan AWS,18.5362,73.7928,16-05-2024 10:35,2024-05-16 10:35:00,2024,5,16,10,137,32.8,949.98,40.2
Pashan AWS,18.5362,73.7928,16-05-2024 10:40,2024-05-16 10:40:00,2024,5,16,10,137,32.8,950.01,40.8
Pashan AWS,18.5362,73.7928,16-05-2024 10:45,2024-05-16 10:45:00,2024,5,16,10,137,32.9,949.68,40.1
Pashan AWS,18.5362,73.7928,16-05-2024 10:50,2024-05-16 10:50:00,2024,5,16,10,137,33.3,949.64,40.5
Pashan AWS,18.5362,73.7928,16-05-2024 10:55,2024-05-16 10:55:00,2024,5,16,10,137,33.3,949.61,40.9
Pashan AWS,18.5362,73.7928,16-05-2024 11:00,2024-05-16 11:00:00,2024,5,16,11,137,33.5,949.62,40.5
Pashan AWS,18.5362,73.7928,16-05-2024 11:05,2024-05-16 11:05:00,2024,5,16,11,137,33.9,949.54,39.9
Pashan AWS,18.5362,73.7928,16-05-2024 11:10,2024-05-16 11:10:00,2024,5,16,11,137,33.8,949.47,39.2
Pashan AWS,18.5362,73.7928,16-05-2024 11:15,2024-05-16 11:15:00,2024,5,16,11,137,34.0,949.47,38.8
Pashan AWS,18.5362,73.7928,16-05-2024 11:20,2024-05-16 11:20:00,2024,5,16,11,137,34.1,949.51,37.9
Pashan AWS,18.5362,73.7928,16-05-2024 11:25,2024-05-16 11:25:00,2024,5,16,11,137,34.1,949.4,37.5
Pashan AWS,18.5362,73.7928,16-05-2024 11:30,2024-05-16 11:30:00,2024,5,16,11,137,34.1,949.35,37.8
Pashan AWS,18.5362,73.7928,16-05-2024 11:35,2024-05-16 11:35:00,2024,5,16,11,137,34.2,949.4,37.2
Pashan AWS,18.5362,73.7928,16-05-2024 11:40,2024-05-16 11:40:00,2024,5,16,11,137,34.7,949.16,36.8
Pashan AWS,18.5362,73.7928,16-05-2024 11:45,2024-05-16 11:45:00,2024,5,16,11,137,35.0,949.03,35.8
Pashan AWS,18.5362,73.7928,16-05-2024 11:50,2024-05-16 11:50:00,2024,5,16,11,137,35.3,949.09,35.7
Pashan AWS,18.5362,73.7928,16-05-2024 11:55,2024-05-16 11:55:00,2024,5,16,11,137,35.4,949.11,35.5
Pashan AWS,18.5362,73.7928,16-05-2024 12:00,2024-05-16 12:00:00,2024,5,16,12,137,35.3,949.09,35.3
Pashan AWS,18.5362,73.7928,16-05-2024 12:05,2024-05-16 12:05:00,2024,5,16,12,137,35.4,948.99,34.9
Pashan AWS,18.5362,73.7928,16-05-2024 12:10,2024-05-16 12:10:00,2024,5,16,12,137,35.7,948.86,34.6
Pashan AWS,18.5362,73.7928,16-05-2024 12:15,2024-05-16 12:15:00,2024,5,16,12,137,35.6,948.76,34.5
Pashan AWS,18.5362,73.7928,16-05-2024 12:20,2024-05-16 12:20:00,2024,5,16,12,137,35.9,948.84,34.3
Pashan AWS,18.5362,73.7928,16-05-2024 12:25,2024-05-16 12:25:00,2024,5,16,12,137,36.0,948.74,34.2
Pashan AWS,18.5362,73.7928,16-05-2024 12:30,2024-05-16 12:30:00,2024,5,16,12,137,36.4,948.7,34.0
Pashan AWS,18.5362,73.7928,16-05-2024 12:35,2024-05-16 12:35:00,2024,5,16,12,137,36.4,948.6,34.3
Pashan AWS,18.5362,73.7928,16-05-2024 12:40,2024-05-16 12:40:00,2024,5,16,12,137,36.3,948.64,34.3
Pashan AWS,18.5362,73.7928,16-05-2024 12:45,2024-05-16 12:45:00,2024,5,16,12,137,36.3,948.56,34.1
Pashan AWS,18.5362,73.7928,16-05-2024 12:50,2024-05-16 12:50:00,2024,5,16,12,137,36.5,948.53,34.5
Pashan AWS,18.5362,73.7928,16-05-2024 12:55,2024-05-16 12:55:00,2024,5,16,12,137,36.3,948.37,34.4
Pashan AWS,18.5362,73.7928,16-05-2024 13:00,2024-05-16 13:00:00,2024,5,16,13,137,36.1,948.22,34.7
Pashan AWS,18.5362,73.7928,16-05-2024 13:05,2024-05-16 13:05:00,2024,5,16,13,137,36.1,948.22,34.7
Pashan AWS,18.5362,73.7928,16-05-2024 13:10,2024-05-16 13:10:00,2024,5,16,13,137,36.1,948.11,33.7
Pashan AWS,18.5362,73.7928,16-05-2024 13:15,2024-05-16 13:15:00,2024,5,16,13,137,36.2,948.28,34.0
Pashan AWS,18.5362,73.7928,16-05-2024 13:20,2024-05-16 13:20:00,2024,5,16,13,137,36.4,948.11,33.8
Pashan AWS,18.5362,73.7928,16-05-2024 13:25,2024-05-16 13:25:00,2024,5,16,13,137,36.4,948.06,33.6
Pashan AWS,18.5362,73.7928,16-05-2024 13:30,2024-05-16 13:30:00,2024,5,16,13,137,36.1,948.07,33.5
Pashan AWS,18.5362,73.7928,16-05-2024 13:35,2024-05-16 13:35:00,2024,5,16,13,137,36.5,948.06,33.2
Pashan AWS,18.5362,73.7928,16-05-2024 13:40,2024-05-16 13:40:00,2024,5,16,13,137,36.4,947.99,33.1
Pashan AWS,18.5362,73.7928,16-05-2024 13:45,2024-05-16 13:45:00,2024,5,16,13,137,36.3,947.94,32.8
Pashan AWS,18.5362,73.7928,16-05-2024 13:50,2024-05-16 13:50:00,2024,5,16,13,137,36.5,947.9,33.1
Pashan AWS,18.5362,73.7928,16-05-2024 13:55,2024-05-16 13:55:00,2024,5,16,13,137,36.4,947.91,33.0
Pashan AWS,18.5362,73.7928,16-05-2024 14:00,2024-05-16 14:00:00,2024,5,16,14,137,36.5,948.11,32.7
Pashan AWS,18.5362,73.7928,16-05-2024 14:05,2024-05-16 14:05:00,2024,5,16,14,137,36.6,948.15,32.2
Pashan AWS,18.5362,73.7928,16-05-2024 14:10,2024-05-16 14:10:00,2024,5,16,14,137,36.7,948.28,32.2
Pashan AWS,18.5362,73.7928,16-05-2024 14:15,2024-05-16 14:15:00,2024,5,16,14,137,36.7,948.36,32.3
Pashan AWS,18.5362,73.7928,16-05-2024 14:20,2024-05-16 14:20:00,2024,5,16,14,137,36.9,948.48,32.4
Pashan AWS,18.5362,73.7928,16-05-2024 14:25,2024-05-16 14:25:00,2024,5,16,14,137,36.6,948.29,31.9
Pashan AWS,18.5362,73.7928,16-05-2024 14:30,2024-05-16 14:30:00,2024,5,16,14,137,36.7,948.31,31.2
Pashan AWS,18.5362,73.7928,16-05-2024 14:35,2024-05-16 14:35:00,2024,5,16,14,137,36.6,948.47,31.5
Pashan AWS,18.5362,73.7928,16-05-2024 14:40,2024-05-16 14:40:00,2024,5,16,14,137,36.8,948.47,32.1
Pashan AWS,18.5362,73.7928,16-05-2024 14:45,2024-05-16 14:45:00,2024,5,16,14,137,36.8,948.66,31.7
Pashan AWS,18.5362,73.7928,16-05-2024 14:50,2024-05-16 14:50:00,2024,5,16,14,137,36.7,948.82,32.4
Pashan AWS,18.5362,73.7928,16-05-2024 14:55,2024-05-16 14:55:00,2024,5,16,14,137,36.8,948.83,32.5
Pashan AWS,18.5362,73.7928,16-05-2024 15:00,2024-05-16 15:00:00,2024,5,16,15,137,36.9,948.84,32.6
Pashan AWS,18.5362,73.7928,16-05-2024 15:05,2024-05-16 15:05:00,2024,5,16,15,137,36.9,948.8,32.4
Pashan AWS,18.5362,73.7928,16-05-2024 15:10,2024-05-16 15:10:00,2024,5,16,15,137,36.7,948.81,31.9
Pashan AWS,18.5362,73.7928,16-05-2024 15:15,2024-05-16 15:15:00,2024,5,16,15,137,36.6,948.77,32.4
Pashan AWS,18.5362,73.7928,16-05-2024 15:20,2024-05-16 15:20:00,2024,5,16,15,137,36.6,948.86,32.2
Pashan AWS,18.5362,73.7928,16-05-2024 15:25,2024-05-16 15:25:00,2024,5,16,15,137,36.5,948.81,32.0
Pashan AWS,18.5362,73.7928,16-05-2024 15:30,2024-05-16 15:30:00,2024,5,16,15,137,36.6,948.92,32.6
Pashan AWS,18.5362,73.7928,16-05-2024 15:35,2024-05-16 15:35:00,2024,5,16,15,137,36.2,949.04,31.9
Pashan AWS,18.5362,73.7928,16-05-2024 15:40,2024-05-16 15:40:00,2024,5,16,15,137,36.2,948.97,31.5
Pashan AWS,18.5362,73.7928,16-05-2024 15:45,2024-05-16 15:45:00,2024,5,16,15,137,36.2,949.16,31.7
Pashan AWS,18.5362,73.7928,16-05-2024 15:50,2024-05-16 15:50:00,2024,5,16,15,137,36.0,949.27,32.1
Pashan AWS,18.5362,73.7928,16-05-2024 15:55,2024-05-16 15:55:00,2024,5,16,15,137,35.8,949.39,32.5
Pashan AWS,18.5362,73.7928,16-05-2024 16:00,2024-05-16 16:00:00,2024,5,16,16,137,35.7,949.39,32.6
Pashan AWS,18.5362,73.7928,16-05-2024 16:05,2024-05-16 16:05:00,2024,5,16,16,137,35.2,949.5,33.8
Pashan AWS,18.5362,73.7928,16-05-2024 16:10,2024-05-16 16:10:00,2024,5,16,16,137,35.0,949.66,33.9
Pashan AWS,18.5362,73.7928,16-05-2024 16:15,2024-05-16 16:15:00,2024,5,16,16,137,34.9,949.7,34.1
Pashan AWS,18.5362,73.7928,16-05-2024 16:20,2024-05-16 16:20:00,2024,5,16,16,137,34.9,949.92,34.0
Pashan AWS,18.5362,73.7928,16-05-2024 16:25,2024-05-16 16:25:00,2024,5,16,16,137,34.8,949.98,34.3
Pashan AWS,18.5362,73.7928,16-05-2024 16:30,2024-05-16 16:30:00,2024,5,16,16,137,34.7,950.12,34.8
Pashan AWS,18.5362,73.7928,16-05-2024 16:35,2024-05-16 16:35:00,2024,5,16,16,137,34.9,950.19,35.5
Pashan AWS,18.5362,73.7928,16-05-2024 16:40,2024-05-16 16:40:00,2024,5,16,16,137,35.0,950.28,35.1
Pashan AWS,18.5362,73.7928,16-05-2024 16:45,2024-05-16 16:45:00,2024,5,16,16,137,35.1,950.19,35.3
Pashan AWS,18.5362,73.7928,16-05-2024 16:50,2024-05-16 16:50:00,2024,5,16,16,137,34.9,950.26,35.8
Pashan AWS,18.5362,73.7928,16-05-2024 16:55,2024-05-16 16:55:00,2024,5,16,16,137,34.9,950.25,36.3
Pashan AWS,18.5362,73.7928,16-05-2024 17:00,2024-05-16 17:00:00,2024,5,16,17,137,34.8,950.23,36.6
Pashan AWS,18.5362,73.7928,16-05-2024 17:05,2024-05-16 17:05:00,2024,5,16,17,137,34.7,950.42,37.1
Pashan AWS,18.5362,73.7928,16-05-2024 17:10,2024-05-16 17:10:00,2024,5,16,17,137,34.7,950.44,37.1
Pashan AWS,18.5362,73.7928,16-05-2024 17:15,2024-05-16 17:15:00,2024,5,16,17,137,34.5,950.4,38.0
Pashan AWS,18.5362,73.7928,16-05-2024 17:20,2024-05-16 17:20:00,2024,5,16,17,137,34.6,950.42,38.7
Pashan AWS,18.5362,73.7928,16-05-2024 17:25,2024-05-16 17:25:00,2024,5,16,17,137,34.5,950.35,38.5
Pashan AWS,18.5362,73.7928,16-05-2024 17:30,2024-05-16 17:30:00,2024,5,16,17,137,34.5,950.51,38.4
Pashan AWS,18.5362,73.7928,16-05-2024 17:35,2024-05-16 17:35:00,2024,5,16,17,137,34.6,950.49,38.3
Pashan AWS,18.5362,73.7928,16-05-2024 17:40,2024-05-16 17:40:00,2024,5,16,17,137,34.6,950.58,39.0
Pashan AWS,18.5362,73.7928,16-05-2024 17:45,2024-05-16 17:45:00,2024,5,16,17,137,34.3,950.72,38.8
Pashan AWS,18.5362,73.7928,16-05-2024 17:50,2024-05-16 17:50:00,2024,5,16,17,137,34.2,950.8171448958185,39.1
Pashan AWS,18.5362,73.7928,16-05-2024 17:55,2024-05-16 17:55:00,2024,5,16,17,137,34.2,950.994289791637,39.7
Pashan AWS,18.5362,73.7928,16-05-2024 18:00,2024-05-16 18:00:00,2024,5,16,18,137,34.2,951.0414346874555,40.1
Pashan AWS,18.5362,73.7928,16-05-2024 18:05,2024-05-16 18:05:00,2024,5,16,18,137,33.9,951.3685795832741,40.6
Pashan AWS,18.5362,73.7928,16-05-2024 18:10,2024-05-16 18:10:00,2024,5,16,18,137,33.6,951.5657244790925,40.6
Pashan AWS,18.5362,73.7928,16-05-2024 18:15,2024-05-16 18:15:00,2024,5,16,18,137,33.7,951.6628693749111,41.3
Pashan AWS,18.5362,73.7928,16-05-2024 18:20,2024-05-16 18:20:00,2024,5,16,18,137,33.4,951.7200142707296,41.5
Pashan AWS,18.5362,73.7928,16-05-2024 18:25,2024-05-16 18:25:00,2024,5,16,18,137,33.2,951.8271591665482,41.8
Pashan AWS,18.5362,73.7928,16-05-2024 18:30,2024-05-16 18:30:00,2024,5,16,18,137,33.3,951.9143040623667,42.3
Pashan AWS,18.5362,73.7928,16-05-2024 18:35,2024-05-16 18:35:00,2024,5,16,18,137,33.1,952.1814489581852,42.9
Pashan AWS,18.5362,73.7928,16-05-2024 18:40,2024-05-16 18:40:00,2024,5,16,18,137,32.9,952.1785938540037,43.3
Pashan AWS,18.5362,73.7928,16-05-2024 18:45,2024-05-16 18:45:00,2024,5,16,18,137,32.6,952.2957387498222,43.5
Pashan AWS,18.5362,73.7928,16-05-2024 18:50,2024-05-16 18:50:00,2024,5,16,18,137,32.5,952.4028836456407,43.9
Pashan AWS,18.5362,73.7928,16-05-2024 18:55,2024-05-16 18:55:00,2024,5,16,18,137,32.2,952.4900285414593,44.3
Pashan AWS,18.5362,73.7928,16-05-2024 19:00,2024-05-16 19:00:00,2024,5,16,19,137,32.0,952.5771734372778,44.3
Pashan AWS,18.5362,73.7928,16-05-2024 19:05,2024-05-16 19:05:00,2024,5,16,19,137,31.9,952.6643183330964,44.6
Pashan AWS,18.5362,73.7928,16-05-2024 19:10,2024-05-16 19:10:00,2024,5,16,19,137,31.9,952.8314632289148,45.3
Pashan AWS,18.5362,73.7928,16-05-2024 19:15,2024-05-16 19:15:00,2024,5,16,19,137,31.9,952.9686081247334,45.3
Pashan AWS,18.5362,73.7928,16-05-2024 19:20,2024-05-16 19:20:00,2024,5,16,19,137,31.6,953.0857530205518,46.4
Pashan AWS,18.5362,73.7928,16-05-2024 19:25,2024-05-16 19:25:00,2024,5,16,19,137,31.6,952.9228979163704,47.4
Pashan AWS,18.5362,73.7928,16-05-2024 19:30,2024-05-16 19:30:00,2024,5,16,19,137,31.4,953.0300428121889,47.4
Pashan AWS,18.5362,73.7928,16-05-2024 19:35,2024-05-16 19:35:00,2024,5,16,19,137,31.1,952.9871877080075,48.5
Pashan AWS,18.5362,73.7928,16-05-2024 19:40,2024-05-16 19:40:00,2024,5,16,19,137,30.9,953.1243326038259,48.9
Pashan AWS,18.5362,73.7928,16-05-2024 19:45,2024-05-16 19:45:00,2024,5,16,19,137,31.0,953.3214774996444,49.6
Pashan AWS,18.5362,73.7928,16-05-2024 19:50,2024-05-16 19:50:00,2024,5,16,19,137,30.8,953.318622395463,49.9
Pashan AWS,18.5362,73.7928,16-05-2024 19:55,2024-05-16 19:55:00,2024,5,16,19,137,30.7,953.3757672912815,50.7
Pashan AWS,18.5362,73.7928,16-05-2024 20:00,2024-05-16 20:00:00,2024,5,16,20,137,30.7,953.4029121871,51.4
Pashan AWS,18.5362,73.7928,16-05-2024 20:05,2024-05-16 20:05:00,2024,5,16,20,137,30.4,953.5700570829185,51.6
Pashan AWS,18.5362,73.7928,16-05-2024 20:10,2024-05-16 20:10:00,2024,5,16,20,137,30.0,953.647201978737,51.6
Pashan AWS,18.5362,73.7928,16-05-2024 20:15,2024-05-16 20:15:00,2024,5,16,20,137,29.6,953.8443468745555,51.5
Pashan AWS,18.5362,73.7928,16-05-2024 20:20,2024-05-16 20:20:00,2024,5,16,20,137,29.5,953.9414917703741,52.2
Pashan AWS,18.5362,73.7928,16-05-2024 20:25,2024-05-16 20:25:00,2024,5,16,20,137,29.4,954.0086366661926,52.9
Pashan AWS,18.5362,73.7928,16-05-2024 20:30,2024-05-16 20:30:00,2024,5,16,20,137,29.5,954.0657815620111,53.7
Pashan AWS,18.5362,73.7928,16-05-2024 20:35,2024-05-16 20:35:00,2024,5,16,20,137,29.3,954.1829264578296,54.2
Pashan AWS,18.5362,73.7928,16-05-2024 20:40,2024-05-16 20:40:00,2024,5,16,20,137,29.1,954.0900713536482,54.2
Pashan AWS,18.5362,73.7928,16-05-2024 20:45,2024-05-16 20:45:00,2024,5,16,20,137,29.0,954.1372162494666,54.5
Pashan AWS,18.5362,73.7928,16-05-2024 20:50,2024-05-16 20:50:00,2024,5,16,20,137,28.8,954.1843611452853,55.5
Pashan AWS,18.5362,73.7928,16-05-2024 20:55,2024-05-16 20:55:00,2024,5,16,20,137,28.4,954.2915060411037,55.8
Pashan AWS,18.5362,73.7928,16-05-2024 21:00,2024-05-16 21:00:00,2024,5,16,21,137,28.7,950.14,56.4
Pashan AWS,18.5362,73.7928,16-05-2024 21:05,2024-05-16 21:05:00,2024,5,16,21,137,28.6,949.99,56.5
Pashan AWS,18.5362,73.7928,16-05-2024 21:10,2024-05-16 21:10:00,2024,5,16,21,137,28.4,949.92,57.2
Pashan AWS,18.5362,73.7928,16-05-2024 21:15,2024-05-16 21:15:00,2024,5,16,21,137,28.4,949.77,57.5
Pashan AWS,18.5362,73.7928,16-05-2024 21:20,2024-05-16 21:20:00,2024,5,16,21,137,28.3,949.56,58.5
Pashan AWS,18.5362,73.7928,16-05-2024 21:25,2024-05-16 21:25:00,2024,5,16,21,137,28.1,949.56,59.3
Pashan AWS,18.5362,73.7928,16-05-2024 21:30,2024-05-16 21:30:00,2024,5,16,21,137,27.8,949.55,59.6
Pashan AWS,18.5362,73.7928,16-05-2024 21:35,2024-05-16 21:35:00,2024,5,16,21,137,27.8,949.52,60.0
Pashan AWS,18.5362,73.7928,16-05-2024 21:40,2024-05-16 21:40:00,2024,5,16,21,137,27.6,949.56,60.3
Pashan AWS,18.5362,73.7928,16-05-2024 21:45,2024-05-16 21:45:00,2024,5,16,21,137,27.3,949.44,60.2
Pashan AWS,18.5362,73.7928,16-05-2024 21:50,2024-05-16 21:50:00,2024,5,16,21,137,27.4,949.26,60.4
Pashan AWS,18.5362,73.7928,16-05-2024 21:55,2024-05-16 21:55:00,2024,5,16,21,137,27.3,949.19,61.0
Pashan AWS,18.5362,73.7928,16-05-2024 22:00,2024-05-16 22:00:00,2024,5,16,22,137,27.2,949.1,61.7
Pashan AWS,18.5362,73.7928,16-05-2024 22:05,2024-05-16 22:05:00,2024,5,16,22,137,27.2,948.97,62.2
Pashan AWS,18.5362,73.7928,16-05-2024 22:10,2024-05-16 22:10:00,2024,5,16,22,137,27.1,948.9,62.6
Pashan AWS,18.5362,73.7928,16-05-2024 22:15,2024-05-16 22:15:00,2024,5,16,22,137,26.9,948.79,63.5
Pashan AWS,18.5362,73.7928,16-05-2024 22:20,2024-05-16 22:20:00,2024,5,16,22,137,26.9,948.59,64.0
Pashan AWS,18.5362,73.7928,16-05-2024 22:25,2024-05-16 22:25:00,2024,5,16,22,137,26.6,948.5,64.7
Pashan AWS,18.5362,73.7928,16-05-2024 22:30,2024-05-16 22:30:00,2024,5,16,22,137,26.4,948.36,64.4
Pashan AWS,18.5362,73.7928,16-05-2024 22:35,2024-05-16 22:35:00,2024,5,16,22,137,26.3,948.34,63.3
Pashan AWS,18.5362,73.7928,16-05-2024 22:40,2024-05-16 22:40:00,2024,5,16,22,137,26.0,948.24,64.0
Pashan AWS,18.5362,73.7928,16-05-2024 22:45,2024-05-16 22:45:00,2024,5,16,22,137,26.2,948.28,63.9
Pashan AWS,18.5362,73.7928,16-05-2024 22:50,2024-05-16 22:50:00,2024,5,16,22,137,25.8,948.36,64.4
Pashan AWS,18.5362,73.7928,16-05-2024 22:55,2024-05-16 22:55:00,2024,5,16,22,137,25.4,948.37,64.8
Pashan AWS,18.5362,73.7928,16-05-2024 23:00,2024-05-16 23:00:00,2024,5,16,23,137,25.5,948.19,66.0
Pashan AWS,18.5362,73.7928,16-05-2024 23:05,2024-05-16 23:05:00,2024,5,16,23,137,25.5,948.27,66.6
Pashan AWS,18.5362,73.7928,16-05-2024 23:10,2024-05-16 23:10:00,2024,5,16,23,137,25.2,948.34,67.1
Pashan AWS,18.5362,73.7928,16-05-2024 23:15,2024-05-16 23:15:00,2024,5,16,23,137,25.1,948.29,67.9
Pashan AWS,18.5362,73.7928,16-05-2024 23:20,2024-05-16 23:20:00,2024,5,16,23,137,25.2,948.34,68.5
Pashan AWS,18.5362,73.7928,16-05-2024 23:25,2024-05-16 23:25:00,2024,5,16,23,137,25.0,948.25,68.7
Pashan AWS,18.5362,73.7928,16-05-2024 23:30,2024-05-16 23:30:00,2024,5,16,23,137,25.3,948.05,69.5
Pashan AWS,18.5362,73.7928,16-05-2024 23:35,2024-05-16 23:35:00,2024,5,16,23,137,24.9,947.94,69.4
Pashan AWS,18.5362,73.7928,16-05-2024 23:40,2024-05-16 23:40:00,2024,5,16,23,137,24.8,948.05,69.9
Pashan AWS,18.5362,73.7928,16-05-2024 23:45,2024-05-16 23:45:00,2024,5,16,23,137,43.740639537120686,947.89,69.7
Pashan AWS,18.5362,73.7928,16-05-2024 23:50,2024-05-16 23:50:00,2024,5,16,23,137,43.740639537120686,947.85,70.2
Pashan AWS,18.5362,73.7928,16-05-2024 23:55,2024-05-16 23:55:00,2024,5,16,23,137,43.54063953712068,947.82,70.6
Pashan AWS,18.5362,73.7928,17-05-2024 00:00,2024-05-17 00:00:00,2024,5,17,0,138,24.5,947.75,71.6
Pashan AWS,18.5362,73.7928,17-05-2024 00:05,2024-05-17 00:05:00,2024,5,17,0,138,24.4,947.69,71.3
Pashan AWS,18.5362,73.7928,17-05-2024 00:10,2024-05-17 00:10:00,2024,5,17,0,138,24.4,947.67,71.4
Pashan AWS,18.5362,73.7928,17-05-2024 00:15,2024-05-17 00:15:00,2024,5,17,0,138,24.4,947.61,72.1
Pashan AWS,18.5362,73.7928,17-05-2024 00:20,2024-05-17 00:20:00,2024,5,17,0,138,24.4,947.48,72.5
Pashan AWS,18.5362,73.7928,17-05-2024 00:25,2024-05-17 00:25:00,2024,5,17,0,138,24.1,947.49,72.9
Pashan AWS,18.5362,73.7928,17-05-2024 00:30,2024-05-17 00:30:00,2024,5,17,0,138,23.9,947.57,72.8
Pashan AWS,18.5362,73.7928,17-05-2024 00:35,2024-05-17 00:35:00,2024,5,17,0,138,23.7,947.63,72.8
Pashan AWS,18.5362,73.7928,17-05-2024 00:40,2024-05-17 00:40:00,2024,5,17,0,138,23.5,947.56,73.6
Pashan AWS,18.5362,73.7928,17-05-2024 00:45,2024-05-17 00:45:00,2024,5,17,0,138,23.6,947.46,73.8
Pashan AWS,18.5362,73.7928,17-05-2024 00:50,2024-05-17 00:50:00,2024,5,17,0,138,23.5,947.44,74.2
Pashan AWS,18.5362,73.7928,17-05-2024 00:55,2024-05-17 00:55:00,2024,5,17,0,138,23.8,947.57,74.4
Pashan AWS,18.5362,73.7928,17-05-2024 01:00,2024-05-17 01:00:00,2024,5,17,1,138,23.7,947.63,74.1
Pashan AWS,18.5362,73.7928,17-05-2024 01:05,2024-05-17 01:05:00,2024,5,17,1,138,23.6,947.69,74.7
Pashan AWS,18.5362,73.7928,17-05-2024 01:10,2024-05-17 01:10:00,2024,5,17,1,138,23.5,947.76,75.1
Pashan AWS,18.5362,73.7928,17-05-2024 01:15,2024-05-17 01:15:00,2024,5,17,1,138,23.3,947.8,76.2
Pashan AWS,18.5362,73.7928,17-05-2024 01:20,2024-05-17 01:20:00,2024,5,17,1,138,23.2,947.82,75.9
Pashan AWS,18.5362,73.7928,17-05-2024 01:25,2024-05-17 01:25:00,2024,5,17,1,138,23.3,947.88,76.3
Pashan AWS,18.5362,73.7928,17-05-2024 01:30,2024-05-17 01:30:00,2024,5,17,1,138,23.3,947.85,75.9
Pashan AWS,18.5362,73.7928,17-05-2024 01:35,2024-05-17 01:35:00,2024,5,17,1,138,23.1,947.75,76.1
Pashan AWS,18.5362,73.7928,17-05-2024 01:40,2024-05-17 01:40:00,2024,5,17,1,138,22.9,947.83,76.6
Pashan AWS,18.5362,73.7928,17-05-2024 01:45,2024-05-17 01:45:00,2024,5,17,1,138,22.7,947.96,75.8
Pashan AWS,18.5362,73.7928,17-05-2024 01:50,2024-05-17 01:50:00,2024,5,17,1,138,22.7,947.89,75.9
Pashan AWS,18.5362,73.7928,17-05-2024 01:55,2024-05-17 01:55:00,2024,5,17,1,138,22.8,947.99,75.7
Pashan AWS,18.5362,73.7928,17-05-2024 02:00,2024-05-17 02:00:00,2024,5,17,2,138,22.6,948.15,75.5
Pashan AWS,18.5362,73.7928,17-05-2024 02:05,2024-05-17 02:05:00,2024,5,17,2,138,22.5,948.17,75.8
Pashan AWS,18.5362,73.7928,17-05-2024 02:10,2024-05-17 02:10:00,2024,5,17,2,138,22.5,948.14,76.3
Pashan AWS,18.5362,73.7928,17-05-2024 02:15,2024-05-17 02:15:00,2024,5,17,2,138,22.2,948.18,76.3
Pashan AWS,18.5362,73.7928,17-05-2024 02:20,2024-05-17 02:20:00,2024,5,17,2,138,22.1,948.17,76.4
Pashan AWS,18.5362,73.7928,17-05-2024 02:25,2024-05-17 02:25:00,2024,5,17,2,138,22.0,948.17,76.5
Pashan AWS,18.5362,73.7928,17-05-2024 02:30,2024-05-17 02:30:00,2024,5,17,2,138,21.8,948.25,76.5
Pashan AWS,18.5362,73.7928,17-05-2024 02:35,2024-05-17 02:35:00,2024,5,17,2,138,21.9,948.16,76.1
Pashan AWS,18.5362,73.7928,17-05-2024 02:40,2024-05-17 02:40:00,2024,5,17,2,138,21.9,948.1,76.5
Pashan AWS,18.5362,73.7928,17-05-2024 02:45,2024-05-17 02:45:00,2024,5,17,2,138,21.8,948.16,76.6
Pashan AWS,18.5362,73.7928,17-05-2024 02:50,2024-05-17 02:50:00,2024,5,17,2,138,21.9,948.22,76.8
Pashan AWS,18.5362,73.7928,17-05-2024 02:55,2024-05-17 02:55:00,2024,5,17,2,138,22.2,948.31,76.4
Pashan AWS,18.5362,73.7928,17-05-2024 03:00,2024-05-17 03:00:00,2024,5,17,3,138,22.5,948.52,76.1
Pashan AWS,18.5362,73.7928,17-05-2024 03:05,2024-05-17 03:05:00,2024,5,17,3,138,22.2,948.59,76.0
Pashan AWS,18.5362,73.7928,17-05-2024 03:10,2024-05-17 03:10:00,2024,5,17,3,138,22.3,948.7,75.3
Pashan AWS,18.5362,73.7928,17-05-2024 03:15,2024-05-17 03:15:00,2024,5,17,3,138,22.3,948.68,74.6
Pashan AWS,18.5362,73.7928,17-05-2024 03:20,2024-05-17 03:20:00,2024,5,17,3,138,22.4,948.8,74.4
Pashan AWS,18.5362,73.7928,17-05-2024 03:25,2024-05-17 03:25:00,2024,5,17,3,138,22.4,948.82,74.5
Pashan AWS,18.5362,73.7928,17-05-2024 03:30,2024-05-17 03:30:00,2024,5,17,3,138,22.4,948.89,74.2
Pashan AWS,18.5362,73.7928,17-05-2024 03:35,2024-05-17 03:35:00,2024,5,17,3,138,22.5,948.95,73.8
Pashan AWS,18.5362,73.7928,17-05-2024 03:40,2024-05-17 03:40:00,2024,5,17,3,138,22.4,949.1,73.4
Pashan AWS,18.5362,73.7928,17-05-2024 03:45,2024-05-17 03:45:00,2024,5,17,3,138,22.4,949.06,73.2
Pashan AWS,18.5362,73.7928,17-05-2024 03:50,2024-05-17 03:50:00,2024,5,17,3,138,22.3,948.94,73.0
Pashan AWS,18.5362,73.7928,17-05-2024 03:55,2024-05-17 03:55:00,2024,5,17,3,138,22.4,949.0,73.8
Pashan AWS,18.5362,73.7928,17-05-2024 04:00,2024-05-17 04:00:00,2024,5,17,4,138,22.6,949.11,74.1
Pashan AWS,18.5362,73.7928,17-05-2024 04:05,2024-05-17 04:05:00,2024,5,17,4,138,22.8,949.2,74.4
Pashan AWS,18.5362,73.7928,17-05-2024 04:10,2024-05-17 04:10:00,2024,5,17,4,138,22.8,949.37,74.7
Pashan AWS,18.5362,73.7928,17-05-2024 04:15,2024-05-17 04:15:00,2024,5,17,4,138,22.9,949.48,74.0
Pashan AWS,18.5362,73.7928,17-05-2024 04:20,2024-05-17 04:20:00,2024,5,17,4,138,23.1,949.5,73.3
Pashan AWS,18.5362,73.7928,17-05-2024 04:25,2024-05-17 04:25:00,2024,5,17,4,138,23.4,949.38,72.7
Pashan AWS,18.5362,73.7928,17-05-2024 04:30,2024-05-17 04:30:00,2024,5,17,4,138,23.4,949.44,73.1
Pashan AWS,18.5362,73.7928,17-05-2024 04:35,2024-05-17 04:35:00,2024,5,17,4,138,23.4,949.6,72.6
Pashan AWS,18.5362,73.7928,17-05-2024 04:40,2024-05-17 04:40:00,2024,5,17,4,138,23.5,949.64,71.9
Pashan AWS,18.5362,73.7928,17-05-2024 04:45,2024-05-17 04:45:00,2024,5,17,4,138,23.4,949.71,71.5
Pashan AWS,18.5362,73.7928,17-05-2024 04:50,2024-05-17 04:50:00,2024,5,17,4,138,23.5,949.81,71.2
Pashan AWS,18.5362,73.7928,17-05-2024 04:55,2024-05-17 04:55:00,2024,5,17,4,138,23.7,949.8,71.1
Pashan AWS,18.5362,73.7928,17-05-2024 05:00,2024-05-17 05:00:00,2024,5,17,5,138,23.9,949.92,71.0
Pashan AWS,18.5362,73.7928,17-05-2024 05:05,2024-05-17 05:05:00,2024,5,17,5,138,23.9,950.11,70.4
Pashan AWS,18.5362,73.7928,17-05-2024 05:10,2024-05-17 05:10:00,2024,5,17,5,138,24.1,950.16,70.4
Pashan AWS,18.5362,73.7928,17-05-2024 05:15,2024-05-17 05:15:00,2024,5,17,5,138,24.0,950.12,69.9
Pashan AWS,18.5362,73.7928,17-05-2024 05:20,2024-05-17 05:20:00,2024,5,17,5,138,24.2,950.18,69.6
Pashan AWS,18.5362,73.7928,17-05-2024 05:25,2024-05-17 05:25:00,2024,5,17,5,138,24.3,950.06,69.6
Pashan AWS,18.5362,73.7928,17-05-2024 05:30,2024-05-17 05:30:00,2024,5,17,5,138,24.4,950.15,69.0
Pashan AWS,18.5362,73.7928,17-05-2024 05:35,2024-05-17 05:35:00,2024,5,17,5,138,24.4,950.24,68.5
Pashan AWS,18.5362,73.7928,17-05-2024 05:40,2024-05-17 05:40:00,2024,5,17,5,138,24.5,950.43,68.5
Pashan AWS,18.5362,73.7928,17-05-2024 05:45,2024-05-17 05:45:00,2024,5,17,5,138,24.6,950.46,67.8
Pashan AWS,18.5362,73.7928,17-05-2024 05:50,2024-05-17 05:50:00,2024,5,17,5,138,24.8,950.54,67.4
Pashan AWS,18.5362,73.7928,17-05-2024 05:55,2024-05-17 05:55:00,2024,5,17,5,138,24.9,950.51,67.3
Pashan AWS,18.5362,73.7928,17-05-2024 06:00,2024-05-17 06:00:00,2024,5,17,6,138,25.2,950.53,67.8
Pashan AWS,18.5362,73.7928,17-05-2024 06:05,2024-05-17 06:05:00,2024,5,17,6,138,25.5,950.45,67.6
Pashan AWS,18.5362,73.7928,17-05-2024 06:10,2024-05-17 06:10:00,2024,5,17,6,138,25.5,950.47,67.4
Pashan AWS,18.5362,73.7928,17-05-2024 06:15,2024-05-17 06:15:00,2024,5,17,6,138,25.6,950.49,67.2
Pashan AWS,18.5362,73.7928,17-05-2024 06:20,2024-05-17 06:20:00,2024,5,17,6,138,25.7,950.55,66.3
Pashan AWS,18.5362,73.7928,17-05-2024 06:25,2024-05-17 06:25:00,2024,5,17,6,138,25.7,950.54,66.0
Pashan AWS,18.5362,73.7928,17-05-2024 06:30,2024-05-17 06:30:00,2024,5,17,6,138,26.2,950.58,65.5
Pashan AWS,18.5362,73.7928,17-05-2024 06:35,2024-05-17 06:35:00,2024,5,17,6,138,26.2,950.58,65.3
Pashan AWS,18.5362,73.7928,17-05-2024 06:40,2024-05-17 06:40:00,2024,5,17,6,138,26.4,950.58,64.9
Pashan AWS,18.5362,73.7928,17-05-2024 06:45,2024-05-17 06:45:00,2024,5,17,6,138,26.6,950.61,64.6
Pashan AWS,18.5362,73.7928,17-05-2024 06:50,2024-05-17 06:50:00,2024,5,17,6,138,26.6,950.64,64.0
Pashan AWS,18.5362,73.7928,17-05-2024 06:55,2024-05-17 06:55:00,2024,5,17,6,138,26.6,950.72,63.6
Pashan AWS,18.5362,73.7928,17-05-2024 07:00,2024-05-17 07:00:00,2024,5,17,7,138,26.5,950.72,62.6
Pashan AWS,18.5362,73.7928,17-05-2024 07:05,2024-05-17 07:05:00,2024,5,17,7,138,26.5,950.71,62.0
Pashan AWS,18.5362,73.7928,17-05-2024 07:10,2024-05-17 07:10:00,2024,5,17,7,138,26.3,950.7,62.2
Pashan AWS,18.5362,73.7928,17-05-2024 07:15,2024-05-17 07:15:00,2024,5,17,7,138,26.5,950.65,61.8
Pashan AWS,18.5362,73.7928,17-05-2024 07:20,2024-05-17 07:20:00,2024,5,17,7,138,27.0,950.63,61.3
Pashan AWS,18.5362,73.7928,17-05-2024 07:25,2024-05-17 07:25:00,2024,5,17,7,138,27.2,950.79,61.6
Pashan AWS,18.5362,73.7928,17-05-2024 07:30,2024-05-17 07:30:00,2024,5,17,7,138,27.1,950.71,60.6
Pashan AWS,18.5362,73.7928,17-05-2024 07:35,2024-05-17 07:35:00,2024,5,17,7,138,27.2,950.68,59.6
Pashan AWS,18.5362,73.7928,17-05-2024 07:40,2024-05-17 07:40:00,2024,5,17,7,138,27.3,950.64,59.8
Pashan AWS,18.5362,73.7928,17-05-2024 07:45,2024-05-17 07:45:00,2024,5,17,7,138,27.3,950.61,59.3
Pashan AWS,18.5362,73.7928,17-05-2024 07:50,2024-05-17 07:50:00,2024,5,17,7,138,27.6,950.58,58.7
Pashan AWS,18.5362,73.7928,17-05-2024 07:55,2024-05-17 07:55:00,2024,5,17,7,138,27.9,950.58,57.7
Pashan AWS,18.5362,73.7928,17-05-2024 08:00,2024-05-17 08:00:00,2024,5,17,8,138,27.9,950.43,57.4
Pashan AWS,18.5362,73.7928,17-05-2024 08:05,2024-05-17 08:05:00,2024,5,17,8,138,28.2,950.5,57.2
Pashan AWS,18.5362,73.7928,17-05-2024 08:10,2024-05-17 08:10:00,2024,5,17,8,138,28.6,950.53,56.2
Pashan AWS,18.5362,73.7928,17-05-2024 08:15,2024-05-17 08:15:00,2024,5,17,8,138,29.1,950.4,55.7
Pashan AWS,18.5362,73.7928,17-05-2024 08:20,2024-05-17 08:20:00,2024,5,17,8,138,29.6,950.2,55.1
Pashan AWS,18.5362,73.7928,17-05-2024 08:25,2024-05-17 08:25:00,2024,5,17,8,138,29.6,950.1,54.7
Pashan AWS,18.5362,73.7928,17-05-2024 08:30,2024-05-17 08:30:00,2024,5,17,8,138,30.2,950.06,53.8
Pashan AWS,18.5362,73.7928,17-05-2024 08:35,2024-05-17 08:35:00,2024,5,17,8,138,30.3,950.24,53.8
Pashan AWS,18.5362,73.7928,17-05-2024 08:40,2024-05-17 08:40:00,2024,5,17,8,138,30.3,950.26,53.7
Pashan AWS,18.5362,73.7928,17-05-2024 08:45,2024-05-17 08:45:00,2024,5,17,8,138,30.5,950.26,53.0
Pashan AWS,18.5362,73.7928,17-05-2024 08:50,2024-05-17 08:50:00,2024,5,17,8,138,30.5,950.26,52.5
Pashan AWS,18.5362,73.7928,17-05-2024 08:55,2024-05-17 08:55:00,2024,5,17,8,138,30.7,950.26,51.9
Pashan AWS,18.5362,73.7928,17-05-2024 09:00,2024-05-17 09:00:00,2024,5,17,9,138,30.6,950.26,51.1
Pashan AWS,18.5362,73.7928,17-05-2024 09:05,2024-05-17 09:05:00,2024,5,17,9,138,30.7,950.26,50.5
Pashan AWS,18.5362,73.7928,17-05-2024 09:10,2024-05-17 09:10:00,2024,5,17,9,138,31.0,950.26,49.9
Pashan AWS,18.5362,73.7928,17-05-2024 09:15,2024-05-17 09:15:00,2024,5,17,9,138,31.2,950.26,50.1
Pashan AWS,18.5362,73.7928,17-05-2024 09:20,2024-05-17 09:20:00,2024,5,17,9,138,31.3,950.26,50.0
Pashan AWS,18.5362,73.7928,17-05-2024 09:25,2024-05-17 09:25:00,2024,5,17,9,138,31.5,950.26,49.9
Pashan AWS,18.5362,73.7928,17-05-2024 09:30,2024-05-17 09:30:00,2024,5,17,9,138,31.8,950.26,49.5
Pashan AWS,18.5362,73.7928,17-05-2024 09:35,2024-05-17 09:35:00,2024,5,17,9,138,31.7,950.26,48.5
Pashan AWS,18.5362,73.7928,17-05-2024 09:40,2024-05-17 09:40:00,2024,5,17,9,138,31.9,950.26,48.0
Pashan AWS,18.5362,73.7928,17-05-2024 09:45,2024-05-17 09:45:00,2024,5,17,9,138,32.0,950.26,47.9
Pashan AWS,18.5362,73.7928,17-05-2024 09:50,2024-05-17 09:50:00,2024,5,17,9,138,32.2,950.26,46.9
Pashan AWS,18.5362,73.7928,17-05-2024 09:55,2024-05-17 09:55:00,2024,5,17,9,138,32.4,950.26,46.7
Pashan AWS,18.5362,73.7928,17-05-2024 10:00,2024-05-17 10:00:00,2024,5,17,10,138,32.4,950.26,47.2
Pashan AWS,18.5362,73.7928,17-05-2024 10:05,2024-05-17 10:05:00,2024,5,17,10,138,32.4,950.26,47.1
Pashan AWS,18.5362,73.7928,17-05-2024 10:10,2024-05-17 10:10:00,2024,5,17,10,138,32.2,949.24,47.1
Pashan AWS,18.5362,73.7928,17-05-2024 10:15,2024-05-17 10:15:00,2024,5,17,10,138,32.3,949.2,46.6
Pashan AWS,18.5362,73.7928,17-05-2024 10:20,2024-05-17 10:20:00,2024,5,17,10,138,32.6,949.35,46.5
Pashan AWS,18.5362,73.7928,17-05-2024 10:25,2024-05-17 10:25:00,2024,5,17,10,138,32.8,949.31,45.6
Pashan AWS,18.5362,73.7928,17-05-2024 10:30,2024-05-17 10:30:00,2024,5,17,10,138,32.7,949.21,45.4
Pashan AWS,18.5362,73.7928,17-05-2024 10:35,2024-05-17 10:35:00,2024,5,17,10,138,32.8,949.09,45.1
Pashan AWS,18.5362,73.7928,17-05-2024 10:40,2024-05-17 10:40:00,2024,5,17,10,138,32.7,949.0,44.7
Pashan AWS,18.5362,73.7928,17-05-2024 10:45,2024-05-17 10:45:00,2024,5,17,10,138,32.7,949.13,44.7
Pashan AWS,18.5362,73.7928,17-05-2024 10:50,2024-05-17 10:50:00,2024,5,17,10,138,32.9,949.04,44.0
Pashan AWS,18.5362,73.7928,17-05-2024 10:55,2024-05-17 10:55:00,2024,5,17,10,138,32.9,949.06,43.4
Pashan AWS,18.5362,73.7928,17-05-2024 11:00,2024-05-17 11:00:00,2024,5,17,11,138,33.2,948.98,42.9
Pashan AWS,18.5362,73.7928,17-05-2024 11:05,2024-05-17 11:05:00,2024,5,17,11,138,33.4,948.95,42.0
Pashan AWS,18.5362,73.7928,17-05-2024 11:10,2024-05-17 11:10:00,2024,5,17,11,138,33.5,948.96,41.6
Pashan AWS,18.5362,73.7928,17-05-2024 11:15,2024-05-17 11:15:00,2024,5,17,11,138,33.6,948.87,40.5
Pashan AWS,18.5362,73.7928,17-05-2024 11:20,2024-05-17 11:20:00,2024,5,17,11,138,33.9,948.77,40.5
Pashan AWS,18.5362,73.7928,17-05-2024 11:25,2024-05-17 11:25:00,2024,5,17,11,138,34.1,948.86,40.0
Pashan AWS,18.5362,73.7928,17-05-2024 11:30,2024-05-17 11:30:00,2024,5,17,11,138,34.3,948.89,39.4
Pashan AWS,18.5362,73.7928,17-05-2024 11:35,2024-05-17 11:35:00,2024,5,17,11,138,34.5,948.91,38.7
Pashan AWS,18.5362,73.7928,17-05-2024 11:40,2024-05-17 11:40:00,2024,5,17,11,138,34.6,948.93,38.2
Pashan AWS,18.5362,73.7928,17-05-2024 11:45,2024-05-17 11:45:00,2024,5,17,11,138,34.8,948.92,38.2
Pashan AWS,18.5362,73.7928,17-05-2024 11:50,2024-05-17 11:50:00,2024,5,17,11,138,34.8,949.03,38.0
Pashan AWS,18.5362,73.7928,17-05-2024 11:55,2024-05-17 11:55:00,2024,5,17,11,138,34.9,948.99,37.4
Pashan AWS,18.5362,73.7928,17-05-2024 12:00,2024-05-17 12:00:00,2024,5,17,12,138,35.0,948.99,36.7
Pashan AWS,18.5362,73.7928,17-05-2024 12:05,2024-05-17 12:05:00,2024,5,17,12,138,35.0,948.83,36.6
Pashan AWS,18.5362,73.7928,17-05-2024 12:10,2024-05-17 12:10:00,2024,5,17,12,138,35.0,948.73,36.0
Pashan AWS,18.5362,73.7928,17-05-2024 12:15,2024-05-17 12:15:00,2024,5,17,12,138,35.2,948.6,35.8
Pashan AWS,18.5362,73.7928,17-05-2024 12:20,2024-05-17 12:20:00,2024,5,17,12,138,35.5,948.68,35.5
Pashan AWS,18.5362,73.7928,17-05-2024 12:25,2024-05-17 12:25:00,2024,5,17,12,138,35.8,948.45,35.4
Pashan AWS,18.5362,73.7928,17-05-2024 12:30,2024-05-17 12:30:00,2024,5,17,12,138,35.6,948.41,35.5
Pashan AWS,18.5362,73.7928,17-05-2024 12:35,2024-05-17 12:35:00,2024,5,17,12,138,35.9,948.16,34.7
Pashan AWS,18.5362,73.7928,17-05-2024 12:40,2024-05-17 12:40:00,2024,5,17,12,138,35.9,948.1,33.7
Pashan AWS,18.5362,73.7928,17-05-2024 12:45,2024-05-17 12:45:00,2024,5,17,12,138,36.1,948.07,33.2
Pashan AWS,18.5362,73.7928,17-05-2024 12:50,2024-05-17 12:50:00,2024,5,17,12,138,36.0,948.19,33.8
Pashan AWS,18.5362,73.7928,17-05-2024 12:55,2024-05-17 12:55:00,2024,5,17,12,138,36.1,948.23,34.4
Pashan AWS,18.5362,73.7928,17-05-2024 13:00,2024-05-17 13:00:00,2024,5,17,13,138,36.2,948.18,34.9
Pashan AWS,18.5362,73.7928,17-05-2024 13:05,2024-05-17 13:05:00,2024,5,17,13,138,36.0,948.28,34.6
Pashan AWS,18.5362,73.7928,17-05-2024 13:10,2024-05-17 13:10:00,2024,5,17,13,138,36.2,948.3,33.6
Pashan AWS,18.5362,73.7928,17-05-2024 13:15,2024-05-17 13:15:00,2024,5,17,13,138,36.5,948.32,32.5
Pashan AWS,18.5362,73.7928,17-05-2024 13:20,2024-05-17 13:20:00,2024,5,17,13,138,36.5,948.25,32.1
Pashan AWS,18.5362,73.7928,17-05-2024 13:25,2024-05-17 13:25:00,2024,5,17,13,138,36.7,948.2,31.9
Pashan AWS,18.5362,73.7928,17-05-2024 13:30,2024-05-17 13:30:00,2024,5,17,13,138,36.7,948.17,32.3
Pashan AWS,18.5362,73.7928,17-05-2024 13:35,2024-05-17 13:35:00,2024,5,17,13,138,36.9,948.21,32.5
Pashan AWS,18.5362,73.7928,17-05-2024 13:40,2024-05-17 13:40:00,2024,5,17,13,138,36.6,948.26,32.5
Pashan AWS,18.5362,73.7928,17-05-2024 13:45,2024-05-17 13:45:00,2024,5,17,13,138,37.0,948.42,32.0
Pashan AWS,18.5362,73.7928,17-05-2024 13:50,2024-05-17 13:50:00,2024,5,17,13,138,37.2,948.5,31.5
Pashan AWS,18.5362,73.7928,17-05-2024 13:55,2024-05-17 13:55:00,2024,5,17,13,138,37.2,948.32,31.5
Pashan AWS,18.5362,73.7928,17-05-2024 14:00,2024-05-17 14:00:00,2024,5,17,14,138,36.9,948.4,31.8
Pashan AWS,18.5362,73.7928,17-05-2024 14:05,2024-05-17 14:05:00,2024,5,17,14,138,36.9,948.33,31.9
Pashan AWS,18.5362,73.7928,17-05-2024 14:10,2024-05-17 14:10:00,2024,5,17,14,138,36.7,948.32,31.4
Pashan AWS,18.5362,73.7928,17-05-2024 14:15,2024-05-17 14:15:00,2024,5,17,14,138,36.8,948.32,31.6
Pashan AWS,18.5362,73.7928,17-05-2024 14:20,2024-05-17 14:20:00,2024,5,17,14,138,36.9,948.33,31.7
Pashan AWS,18.5362,73.7928,17-05-2024 14:25,2024-05-17 14:25:00,2024,5,17,14,138,36.7,948.3,31.3
Pashan AWS,18.5362,73.7928,17-05-2024 14:30,2024-05-17 14:30:00,2024,5,17,14,138,36.9,948.39,30.9
Pashan AWS,18.5362,73.7928,17-05-2024 14:35,2024-05-17 14:35:00,2024,5,17,14,138,37.0,948.36,31.2
Pashan AWS,18.5362,73.7928,17-05-2024 14:40,2024-05-17 14:40:00,2024,5,17,14,138,37.2,948.47,31.2
Pashan AWS,18.5362,73.7928,17-05-2024 14:45,2024-05-17 14:45:00,2024,5,17,14,138,37.1,948.74,31.8
Pashan AWS,18.5362,73.7928,17-05-2024 14:50,2024-05-17 14:50:00,2024,5,17,14,138,36.9,948.71,32.0
Pashan AWS,18.5362,73.7928,17-05-2024 14:55,2024-05-17 14:55:00,2024,5,17,14,138,37.0,948.77,31.9
Pashan AWS,18.5362,73.7928,17-05-2024 15:00,2024-05-17 15:00:00,2024,5,17,15,138,37.0,948.65,31.9
Pashan AWS,18.5362,73.7928,17-05-2024 15:05,2024-05-17 15:05:00,2024,5,17,15,138,36.7,948.72,32.0
Pashan AWS,18.5362,73.7928,17-05-2024 15:10,2024-05-17 15:10:00,2024,5,17,15,138,36.9,948.87,31.7
Pashan AWS,18.5362,73.7928,17-05-2024 15:15,2024-05-17 15:15:00,2024,5,17,15,138,37.2,949.02,31.4
Pashan AWS,18.5362,73.7928,17-05-2024 15:20,2024-05-17 15:20:00,2024,5,17,15,138,37.1,949.12,31.8
Pashan AWS,18.5362,73.7928,17-05-2024 15:25,2024-05-17 15:25:00,2024,5,17,15,138,37.4,949.28,32.2
Pashan AWS,18.5362,73.7928,17-05-2024 15:30,2024-05-17 15:30:00,2024,5,17,15,138,37.3,949.57,32.6
Pashan AWS,18.5362,73.7928,17-05-2024 15:35,2024-05-17 15:35:00,2024,5,17,15,138,37.2,949.79,33.3
Pashan AWS,18.5362,73.7928,17-05-2024 15:40,2024-05-17 15:40:00,2024,5,17,15,138,37.1,949.82,33.1
Pashan AWS,18.5362,73.7928,17-05-2024 15:45,2024-05-17 15:45:00,2024,5,17,15,138,37.2,949.78,33.9
Pashan AWS,18.5362,73.7928,17-05-2024 15:50,2024-05-17 15:50:00,2024,5,17,15,138,37.0,949.83,33.6
Pashan AWS,18.5362,73.7928,17-05-2024 15:55,2024-05-17 15:55:00,2024,5,17,15,138,37.1,949.84,33.3
Pashan AWS,18.5362,73.7928,17-05-2024 16:00,2024-05-17 16:00:00,2024,5,17,16,138,36.9,949.96,32.7
Pashan AWS,18.5362,73.7928,17-05-2024 16:05,2024-05-17 16:05:00,2024,5,17,16,138,36.7,949.95,32.8
Pashan AWS,18.5362,73.7928,17-05-2024 16:10,2024-05-17 16:10:00,2024,5,17,16,138,36.8,950.03,32.8
Pashan AWS,18.5362,73.7928,17-05-2024 16:15,2024-05-17 16:15:00,2024,5,17,16,138,36.7,950.19,33.2
Pashan AWS,18.5362,73.7928,17-05-2024 16:20,2024-05-17 16:20:00,2024,5,17,16,138,36.5,950.26,33.5
Pashan AWS,18.5362,73.7928,17-05-2024 16:25,2024-05-17 16:25:00,2024,5,17,16,138,36.6,950.27,33.2
Pashan AWS,18.5362,73.7928,17-05-2024 16:30,2024-05-17 16:30:00,2024,5,17,16,138,36.8,950.45,33.3
Pashan AWS,18.5362,73.7928,17-05-2024 16:35,2024-05-17 16:35:00,2024,5,17,16,138,36.7,950.38,33.5
Pashan AWS,18.5362,73.7928,17-05-2024 16:40,2024-05-17 16:40:00,2024,5,17,16,138,36.5,950.44,33.0
Pashan AWS,18.5362,73.7928,17-05-2024 16:45,2024-05-17 16:45:00,2024,5,17,16,138,36.3,950.52,33.0
Pashan AWS,18.5362,73.7928,17-05-2024 16:50,2024-05-17 16:50:00,2024,5,17,16,138,36.2,950.61,33.0
Pashan AWS,18.5362,73.7928,17-05-2024 16:55,2024-05-17 16:55:00,2024,5,17,16,138,36.2,950.7,34.0
Pashan AWS,18.5362,73.7928,17-05-2024 17:00,2024-05-17 17:00:00,2024,5,17,17,138,35.9,950.83,34.4
Pashan AWS,18.5362,73.7928,17-05-2024 17:05,2024-05-17 17:05:00,2024,5,17,17,138,35.9,950.9,35.0
Pashan AWS,18.5362,73.7928,17-05-2024 17:10,2024-05-17 17:10:00,2024,5,17,17,138,35.8,950.95,34.7
Pashan AWS,18.5362,73.7928,17-05-2024 17:15,2024-05-17 17:15:00,2024,5,17,17,138,35.5,950.99,35.6
Pashan AWS,18.5362,73.7928,17-05-2024 17:20,2024-05-17 17:20:00,2024,5,17,17,138,35.2,951.01,36.4
Pashan AWS,18.5362,73.7928,17-05-2024 17:25,2024-05-17 17:25:00,2024,5,17,17,138,35.0,951.14,36.0
Pashan AWS,18.5362,73.7928,17-05-2024 17:30,2024-05-17 17:30:00,2024,5,17,17,138,34.9,951.16,36.1
Pashan AWS,18.5362,73.7928,17-05-2024 17:35,2024-05-17 17:35:00,2024,5,17,17,138,35.1,951.29,36.7
Pashan AWS,18.5362,73.7928,17-05-2024 17:40,2024-05-17 17:40:00,2024,5,17,17,138,35.0,951.35,37.3
Pashan AWS,18.5362,73.7928,17-05-2024 17:45,2024-05-17 17:45:00,2024,5,17,17,138,34.8,951.37,37.4
Pashan AWS,18.5362,73.7928,17-05-2024 17:50,2024-05-17 17:50:00,2024,5,17,17,138,34.7,951.48,37.7
Pashan AWS,18.5362,73.7928,17-05-2024 17:55,2024-05-17 17:55:00,2024,5,17,17,138,34.5,951.47,37.9
Pashan AWS,18.5362,73.7928,17-05-2024 18:00,2024-05-17 18:00:00,2024,5,17,18,138,34.5,951.58,38.3
Pashan AWS,18.5362,73.7928,17-05-2024 18:05,2024-05-17 18:05:00,2024,5,17,18,138,34.4,951.64,39.2
Pashan AWS,18.5362,73.7928,17-05-2024 18:10,2024-05-17 18:10:00,2024,5,17,18,138,34.5,951.64,39.3
Pashan AWS,18.5362,73.7928,17-05-2024 18:15,2024-05-17 18:15:00,2024,5,17,18,138,34.3,951.72,40.2
Pashan AWS,18.5362,73.7928,17-05-2024 18:20,2024-05-17 18:20:00,2024,5,17,18,138,34.4,951.81,40.3
Pashan AWS,18.5362,73.7928,17-05-2024 18:25,2024-05-17 18:25:00,2024,5,17,18,138,34.4,951.93,40.3
Pashan AWS,18.5362,73.7928,17-05-2024 18:30,2024-05-17 18:30:00,2024,5,17,18,138,34.2,952.04,41.1
Pashan AWS,18.5362,73.7928,17-05-2024 18:35,2024-05-17 18:35:00,2024,5,17,18,138,34.3,952.1,41.9
Pashan AWS,18.5362,73.7928,17-05-2024 18:40,2024-05-17 18:40:00,2024,5,17,18,138,34.2,952.03,42.7
Pashan AWS,18.5362,73.7928,17-05-2024 18:45,2024-05-17 18:45:00,2024,5,17,18,138,33.9,952.24,42.6
Pashan AWS,18.5362,73.7928,17-05-2024 18:50,2024-05-17 18:50:00,2024,5,17,18,138,34.0,952.14,42.8
Pashan AWS,18.5362,73.7928,17-05-2024 18:55,2024-05-17 18:55:00,2024,5,17,18,138,34.1,952.22,43.6
Pashan AWS,18.5362,73.7928,17-05-2024 19:00,2024-05-17 19:00:00,2024,5,17,19,138,34.0,952.26,44.0
Pashan AWS,18.5362,73.7928,17-05-2024 19:05,2024-05-17 19:05:00,2024,5,17,19,138,33.7,952.17,44.1
Pashan AWS,18.5362,73.7928,17-05-2024 19:10,2024-05-17 19:10:00,2024,5,17,19,138,33.5,952.16,44.7
Pashan AWS,18.5362,73.7928,17-05-2024 19:15,2024-05-17 19:15:00,2024,5,17,19,138,33.4,952.16,-15.343470232863197
Pashan AWS,18.5362,73.7928,17-05-2024 19:20,2024-05-17 19:20:00,2024,5,17,19,138,33.4,952.26,-14.143470232863194
Pashan AWS,18.5362,73.7928,17-05-2024 19:25,2024-05-17 19:25:00,2024,5,17,19,138,33.3,952.19,-13.143470232863194
Pashan AWS,18.5362,73.7928,17-05-2024 19:30,2024-05-17 19:30:00,2024,5,17,19,138,33.1,952.16,-12.443470232863199
Pashan AWS,18.5362,73.7928,17-05-2024 19:35,2024-05-17 19:35:00,2024,5,17,19,138,33.2,951.96,-11.543470232863193
Pashan AWS,18.5362,73.7928,17-05-2024 19:40,2024-05-17 19:40:00,2024,5,17,19,138,32.9,952.09,-11.143470232863194
Pashan AWS,18.5362,73.7928,17-05-2024 19:45,2024-05-17 19:45:00,2024,5,17,19,138,32.9,951.99,-10.443470232863199
Pashan AWS,18.5362,73.7928,17-05-2024 19:50,2024-05-17 19:50:00,2024,5,17,19,138,32.6,952.01,-9.443470232863199
Pashan AWS,18.5362,73.7928,17-05-2024 19:55,2024-05-17 19:55:00,2024,5,17,19,138,32.5,951.98,-9.043470232863193
Pashan AWS,18.5362,73.7928,17-05-2024 20:00,2024-05-17 20:00:00,2024,5,17,20,138,32.3,951.95,-8.743470232863196
Pashan AWS,18.5362,73.7928,17-05-2024 20:05,2024-05-17 20:05:00,2024,5,17,20,138,32.1,951.99,-9.043470232863193
Pashan AWS,18.5362,73.7928,17-05-2024 20:10,2024-05-17 20:10:00,2024,5,17,20,138,31.8,952.1,-8.743470232863196
Pashan AWS,18.5362,73.7928,17-05-2024 20:15,2024-05-17 20:15:00,2024,5,17,20,138,31.8,952.09,-7.9434702328631985
Pashan AWS,18.5362,73.7928,17-05-2024 20:20,2024-05-17 20:20:00,2024,5,17,20,138,31.5,952.1,-7.143470232863194
Pashan AWS,18.5362,73.7928,17-05-2024 20:25,2024-05-17 20:25:00,2024,5,17,20,138,31.2,952.09,-6.643470232863194
Pashan AWS,18.5362,73.7928,17-05-2024 20:30,2024-05-17 20:30:00,2024,5,17,20,138,31.3,952.12,-6.4434702328631985
Pashan AWS,18.5362,73.7928,17-05-2024 20:35,2024-05-17 20:35:00,2024,5,17,20,138,31.3,952.04,-6.843470232863197
Pashan AWS,18.5362,73.7928,17-05-2024 20:40,2024-05-17 20:40:00,2024,5,17,20,138,30.7,952.07,-6.643470232863194
Pashan AWS,18.5362,73.7928,17-05-2024 20:45,2024-05-17 20:45:00,2024,5,17,20,138,30.5,952.11,-6.243470232863196
Pashan AWS,18.5362,73.7928,17-05-2024 20:50,2024-05-17 20:50:00,2024,5,17,20,138,30.0,952.14,-5.9434702328631985
Pashan AWS,18.5362,73.7928,17-05-2024 20:55,2024-05-17 20:55:00,2024,5,17,20,138,29.7,952.02,-5.243470232863196
Pashan AWS,18.5362,73.7928,17-05-2024 21:00,2024-05-17 21:00:00,2024,5,17,21,138,29.1,951.94,-4.043470232863193
Pashan AWS,18.5362,73.7928,17-05-2024 21:05,2024-05-17 21:05:00,2024,5,17,21,138,29.0,951.9,-3.543470232863193
Pashan AWS,18.5362,73.7928,17-05-2024 21:10,2024-05-17 21:10:00,2024,5,17,21,138,28.7,951.73,57.0
Pashan AWS,18.5362,73.7928,17-05-2024 21:15,2024-05-17 21:15:00,2024,5,17,21,138,28.6,951.8,57.3
Pashan AWS,18.5362,73.7928,17-05-2024 21:20,2024-05-17 21:20:00,2024,5,17,21,138,28.2,951.73,57.8
Pashan AWS,18.5362,73.7928,17-05-2024 21:25,2024-05-17 21:25:00,2024,5,17,21,138,28.1,951.69,57.8
Pashan AWS,18.5362,73.7928,17-05-2024 21:30,2024-05-17 21:30:00,2024,5,17,21,138,27.9,951.57,58.3
Pashan AWS,18.5362,73.7928,17-05-2024 21:35,2024-05-17 21:35:00,2024,5,17,21,138,28.1,951.4,58.9
Pashan AWS,18.5362,73.7928,17-05-2024 21:40,2024-05-17 21:40:00,2024,5,17,21,138,28.2,951.29,59.4
Pashan AWS,18.5362,73.7928,17-05-2024 21:45,2024-05-17 21:45:00,2024,5,17,21,138,28.1,951.25,60.0
Pashan AWS,18.5362,73.7928,17-05-2024 21:50,2024-05-17 21:50:00,2024,5,17,21,138,28.0,951.24,60.6
Pashan AWS,18.5362,73.7928,17-05-2024 21:55,2024-05-17 21:55:00,2024,5,17,21,138,28.1,951.19,60.2
Pashan AWS,18.5362,73.7928,17-05-2024 22:00,2024-05-17 22:00:00,2024,5,17,22,138,27.8,951.16,60.9
Pashan AWS,18.5362,73.7928,17-05-2024 22:05,2024-05-17 22:05:00,2024,5,17,22,138,27.4,951.07,61.0
Pashan AWS,18.5362,73.7928,17-05-2024 22:10,2024-05-17 22:10:00,2024,5,17,22,138,27.3,951.05,61.0
Pashan AWS,18.5362,73.7928,17-05-2024 22:15,2024-05-17 22:15:00,2024,5,17,22,138,27.5,951.1,61.0
Pashan AWS,18.5362,73.7928,17-05-2024 22:20,2024-05-17 22:20:00,2024,5,17,22,138,27.3,951.09,61.6
Pashan AWS,18.5362,73.7928,17-05-2024 22:25,2024-05-17 22:25:00,2024,5,17,22,138,27.2,951.09,62.0
Pashan AWS,18.5362,73.7928,17-05-2024 22:30,2024-05-17 22:30:00,2024,5,17,22,138,26.9,951.04,61.7
Pashan AWS,18.5362,73.7928,17-05-2024 22:35,2024-05-17 22:35:00,2024,5,17,22,138,26.9,950.85,62.4
Pashan AWS,18.5362,73.7928,17-05-2024 22:40,2024-05-17 22:40:00,2024,5,17,22,138,26.9,950.71,62.2
Pashan AWS,18.5362,73.7928,17-05-2024 22:45,2024-05-17 22:45:00,2024,5,17,22,138,26.9,950.69,62.7
Pashan AWS,18.5362,73.7928,17-05-2024 22:50,2024-05-17 22:50:00,2024,5,17,22,138,26.7,950.63,63.3
Pashan AWS,18.5362,73.7928,17-05-2024 22:55,2024-05-17 22:55:00,2024,5,17,22,138,26.4,950.61,64.1
Pashan AWS,18.5362,73.7928,17-05-2024 23:00,2024-05-17 23:00:00,2024,5,17,23,138,26.1,950.68,65.2
Pashan AWS,18.5362,73.7928,17-05-2024 23:05,2024-05-17 23:05:00,2024,5,17,23,138,26.1,950.68,65.0
Pashan AWS,18.5362,73.7928,17-05-2024 23:10,2024-05-17 23:10:00,2024,5,17,23,138,25.8,950.72,65.4
Pashan AWS,18.5362,73.7928,17-05-2024 23:15,2024-05-17 23:15:00,2024,5,17,23,138,25.5,950.67,65.6
Pashan AWS,18.5362,73.7928,17-05-2024 23:20,2024-05-17 23:20:00,2024,5,17,23,138,25.4,950.55,66.2
Pashan AWS,18.5362,73.7928,17-05-2024 23:25,2024-05-17 23:25:00,2024,5,17,23,138,25.2,950.49,66.6
Pashan AWS,18.5362,73.7928,17-05-2024 23:30,2024-05-17 23:30:00,2024,5,17,23,138,25.1,950.37,66.8
Pashan AWS,18.5362,73.7928,17-05-2024 23:35,2024-05-17 23:35:00,2024,5,17,23,138,25.1,950.45,67.0
Pashan AWS,18.5362,73.7928,17-05-2024 23:40,2024-05-17 23:40:00,2024,5,17,23,138,25.0,950.46,66.9
Pashan AWS,18.5362,73.7928,17-05-2024 23:45,2024-05-17 23:45:00,2024,5,17,23,138,24.9,950.46,67.6
Pashan AWS,18.5362,73.7928,17-05-2024 23:50,2024-05-17 23:50:00,2024,5,17,23,138,24.9,950.51,68.1
Pashan AWS,18.5362,73.7928,17-05-2024 23:55,2024-05-17 23:55:00,2024,5,17,23,138,24.7,950.3,68.8
Shivajinagar AWS,18.5308,73.8474,11-05-2024 00:00,2024-05-11 00:00:00,2024,5,11,0,132,24.6,953.2,70.1
Shivajinagar AWS,18.5308,73.8474,11-05-2024 00:05,2024-05-11 00:05:00,2024,5,11,0,132,24.7,953.25,71.2
Shivajinagar AWS,18.5308,73.8474,11-05-2024 00:10,2024-05-11 00:10:00,2024,5,11,0,132,24.4,953.12,72.2
Shivajinagar AWS,18.5308,73.8474,11-05-2024 00:15,2024-05-11 00:15:00,2024,5,11,0,132,24.3,953.14,72.5
Shivajinagar AWS,18.5308,73.8474,11-05-2024 00:20,2024-05-11 00:20:00,2024,5,11,0,132,24.2,953.03,73.2
Shivajinagar AWS,18.5308,73.8474,11-05-2024 00:25,2024-05-11 00:25:00,2024,5,11,0,132,24.2,953.08,72.4
Shivajinagar AWS,18.5308,73.8474,11-05-2024 00:30,2024-05-11 00:30:00,2024,5,11,0,132,24.2,953.06,72.2
Shivajinagar AWS,18.5308,73.8474,11-05-2024 00:35,2024-05-11 00:35:00,2024,5,11,0,132,24.3,953.15,72.2
Shivajinagar AWS,18.5308,73.8474,11-05-2024 00:40,2024-05-11 00:40:00,2024,5,11,0,132,24.2,953.23,72.3
Shivajinagar AWS,18.5308,73.8474,11-05-2024 00:45,2024-05-11 00:45:00,2024,5,11,0,132,24.2,953.32,72.3
Shivajinagar AWS,18.5308,73.8474,11-05-2024 00:50,2024-05-11 00:50:00,2024,5,11,0,132,24.2,953.42,71.5
Shivajinagar AWS,18.5308,73.8474,11-05-2024 00:55,2024-05-11 00:55:00,2024,5,11,0,132,23.9,953.41,71.9
Shivajinagar AWS,18.5308,73.8474,11-05-2024 01:00,2024-05-11 01:00:00,2024,5,11,1,132,23.7,953.3,72.3
Shivajinagar AWS,18.5308,73.8474,11-05-2024 01:05,2024-05-11 01:05:00,2024,5,11,1,132,23.6,953.2,73.1
Shivajinagar AWS,18.5308,73.8474,11-05-2024 01:10,2024-05-11 01:10:00,2024,5,11,1,132,23.7,953.03,72.9
Shivajinagar AWS,18.5308,73.8474,11-05-2024 01:15,2024-05-11 01:15:00,2024,5,11,1,132,23.8,952.95,72.7
Shivajinagar AWS,18.5308,73.8474,11-05-2024 01:20,2024-05-11 01:20:00,2024,5,11,1,132,23.5,952.97,71.8
Shivajinagar AWS,18.5308,73.8474,11-05-2024 01:25,2024-05-11 01:25:00,2024,5,11,1,132,23.5,952.93,71.9
Shivajinagar AWS,18.5308,73.8474,11-05-2024 01:30,2024-05-11 01:30:00,2024,5,11,1,132,23.8,952.94,72.4
Shivajinagar AWS,18.5308,73.8474,11-05-2024 01:35,2024-05-11 01:35:00,2024,5,11,1,132,23.8,953.0,72.3
Shivajinagar AWS,18.5308,73.8474,11-05-2024 01:40,2024-05-11 01:40:00,2024,5,11,1,132,23.7,953.0,73.3
Shivajinagar AWS,18.5308,73.8474,11-05-2024 01:45,2024-05-11 01:45:00,2024,5,11,1,132,23.7,952.93,73.3
Shivajinagar AWS,18.5308,73.8474,11-05-2024 01:50,2024-05-11 01:50:00,2024,5,11,1,132,23.8,952.96,73.5
Shivajinagar AWS,18.5308,73.8474,11-05-2024 01:55,2024-05-11 01:55:00,2024,5,11,1,132,23.7,952.92,73.0
Shivajinagar AWS,18.5308,73.8474,11-05-2024 02:00,2024-05-11 02:00:00,2024,5,11,2,132,23.8,952.94,73.2
Shivajinagar AWS,18.5308,73.8474,11-05-2024 02:05,2024-05-11 02:05:00,2024,5,11,2,132,23.7,953.09,72.5
Shivajinagar AWS,18.5308,73.8474,11-05-2024 02:10,2024-05-11 02:10:00,2024,5,11,2,132,23.8,953.11,72.9
Shivajinagar AWS,18.5308,73.8474,11-05-2024 02:15,2024-05-11 02:15:00,2024,5,11,2,132,23.8,953.29,73.3
Shivajinagar AWS,18.5308,73.8474,11-05-2024 02:20,2024-05-11 02:20:00,2024,5,11,2,132,23.8,953.45,73.9
Shivajinagar AWS,18.5308,73.8474,11-05-2024 02:25,2024-05-11 02:25:00,2024,5,11,2,132,23.7,953.44,73.5
Shivajinagar AWS,18.5308,73.8474,11-05-2024 02:30,2024-05-11 02:30:00,2024,5,11,2,132,23.6,953.39,73.5
Shivajinagar AWS,18.5308,73.8474,11-05-2024 02:35,2024-05-11 02:35:00,2024,5,11,2,132,23.7,953.43,73.8
Shivajinagar AWS,18.5308,73.8474,11-05-2024 02:40,2024-05-11 02:40:00,2024,5,11,2,132,23.7,953.57,73.9
Shivajinagar AWS,18.5308,73.8474,11-05-2024 02:45,2024-05-11 02:45:00,2024,5,11,2,132,23.8,953.58,73.5
Shivajinagar AWS,18.5308,73.8474,11-05-2024 02:50,2024-05-11 02:50:00,2024,5,11,2,132,23.7,953.7,72.5
Shivajinagar AWS,18.5308,73.8474,11-05-2024 02:55,2024-05-11 02:55:00,2024,5,11,2,132,23.9,953.85,72.7
Shivajinagar AWS,18.5308,73.8474,11-05-2024 03:00,2024-05-11 03:00:00,2024,5,11,3,132,23.8,953.83,72.6
Shivajinagar AWS,18.5308,73.8474,11-05-2024 03:05,2024-05-11 03:05:00,2024,5,11,3,132,23.8,953.83,72.3
Shivajinagar AWS,18.5308,73.8474,11-05-2024 03:10,2024-05-11 03:10:00,2024,5,11,3,132,23.9,953.94,72.6
Shivajinagar AWS,18.5308,73.8474,11-05-2024 03:15,2024-05-11 03:15:00,2024,5,11,3,132,24.1,954.0,72.5
Shivajinagar AWS,18.5308,73.8474,11-05-2024 03:20,2024-05-11 03:20:00,2024,5,11,3,132,24.1,954.0,71.9
Shivajinagar AWS,18.5308,73.8474,11-05-2024 03:25,2024-05-11 03:25:00,2024,5,11,3,132,24.4,954.03,71.1
Shivajinagar AWS,18.5308,73.8474,11-05-2024 03:30,2024-05-11 03:30:00,2024,5,11,3,132,24.5,954.08,70.6
Shivajinagar AWS,18.5308,73.8474,11-05-2024 03:35,2024-05-11 03:35:00,2024,5,11,3,132,24.3,954.02,71.6
Shivajinagar AWS,18.5308,73.8474,11-05-2024 03:40,2024-05-11 03:40:00,2024,5,11,3,132,24.4,954.15,71.8
Shivajinagar AWS,18.5308,73.8474,11-05-2024 03:45,2024-05-11 03:45:00,2024,5,11,3,132,24.4,954.17,71.7
Shivajinagar AWS,18.5308,73.8474,11-05-2024 03:50,2024-05-11 03:50:00,2024,5,11,3,132,24.5,954.01,71.5
Shivajinagar AWS,18.5308,73.8474,11-05-2024 03:55,2024-05-11 03:55:00,2024,5,11,3,132,24.5,954.09,71.3
Shivajinagar AWS,18.5308,73.8474,11-05-2024 04:00,2024-05-11 04:00:00,2024,5,11,4,132,24.6,954.1,71.6
Shivajinagar AWS,18.5308,73.8474,11-05-2024 04:05,2024-05-11 04:05:00,2024,5,11,4,132,24.5,954.31,71.2
Shivajinagar AWS,18.5308,73.8474,11-05-2024 04:10,2024-05-11 04:10:00,2024,5,11,4,132,24.7,954.34,71.3
Shivajinagar AWS,18.5308,73.8474,11-05-2024 04:15,2024-05-11 04:15:00,2024,5,11,4,132,24.6,954.32,70.9
Shivajinagar AWS,18.5308,73.8474,11-05-2024 04:20,2024-05-11 04:20:00,2024,5,11,4,132,24.5,954.43,71.5
Shivajinagar AWS,18.5308,73.8474,11-05-2024 04:25,2024-05-11 04:25:00,2024,5,11,4,132,24.6,954.45,71.5
Shivajinagar AWS,18.5308,73.8474,11-05-2024 04:30,2024-05-11 04:30:00,2024,5,11,4,132,24.9,954.46,71.7
Shivajinagar AWS,18.5308,73.8474,11-05-2024 04:35,2024-05-11 04:35:00,2024,5,11,4,132,25.0,954.57,71.2
Shivajinagar AWS,18.5308,73.8474,11-05-2024 04:40,2024-05-11 04:40:00,2024,5,11,4,132,25.1,954.56,71.3
Shivajinagar AWS,18.5308,73.8474,11-05-2024 04:45,2024-05-11 04:45:00,2024,5,11,4,132,25.4,954.52,70.8
Shivajinagar AWS,18.5308,73.8474,11-05-2024 04:50,2024-05-11 04:50:00,2024,5,11,4,132,25.6,954.73,70.5
Shivajinagar AWS,18.5308,73.8474,11-05-2024 04:55,2024-05-11 04:55:00,2024,5,11,4,132,25.6,954.84,70.8
Shivajinagar AWS,18.5308,73.8474,11-05-2024 05:00,2024-05-11 05:00:00,2024,5,11,5,132,25.5,954.89,70.0
Shivajinagar AWS,18.5308,73.8474,11-05-2024 05:05,2024-05-11 05:05:00,2024,5,11,5,132,25.3,954.95,69.8
Shivajinagar AWS,18.5308,73.8474,11-05-2024 05:10,2024-05-11 05:10:00,2024,5,11,5,132,25.3,955.05,69.6
Shivajinagar AWS,18.5308,73.8474,11-05-2024 05:15,2024-05-11 05:15:00,2024,5,11,5,132,25.6,955.18,69.4
Shivajinagar AWS,18.5308,73.8474,11-05-2024 05:20,2024-05-11 05:20:00,2024,5,11,5,132,25.6,955.18,68.8
Shivajinagar AWS,18.5308,73.8474,11-05-2024 05:25,2024-05-11 05:25:00,2024,5,11,5,132,25.8,955.26,69.2
Shivajinagar AWS,18.5308,73.8474,11-05-2024 05:30,2024-05-11 05:30:00,2024,5,11,5,132,25.7,955.27,68.3
Shivajinagar AWS,18.5308,73.8474,11-05-2024 05:35,2024-05-11 05:35:00,2024,5,11,5,132,25.9,955.3,68.4
Shivajinagar AWS,18.5308,73.8474,11-05-2024 05:40,2024-05-11 05:40:00,2024,5,11,5,132,26.1,955.36,68.4
Shivajinagar AWS,18.5308,73.8474,11-05-2024 05:45,2024-05-11 05:45:00,2024,5,11,5,132,26.1,955.4,68.7
Shivajinagar AWS,18.5308,73.8474,11-05-2024 05:50,2024-05-11 05:50:00,2024,5,11,5,132,26.3,955.5,67.6
Shivajinagar AWS,18.5308,73.8474,11-05-2024 05:55,2024-05-11 05:55:00,2024,5,11,5,132,26.4,955.57,66.7
Shivajinagar AWS,18.5308,73.8474,11-05-2024 06:00,2024-05-11 06:00:00,2024,5,11,6,132,26.6,955.49,66.8
Shivajinagar AWS,18.5308,73.8474,11-05-2024 06:05,2024-05-11 06:05:00,2024,5,11,6,132,26.8,955.41,65.6
Shivajinagar AWS,18.5308,73.8474,11-05-2024 06:10,2024-05-11 06:10:00,2024,5,11,6,132,26.9,955.42,64.5
Shivajinagar AWS,18.5308,73.8474,11-05-2024 06:15,2024-05-11 06:15:00,2024,5,11,6,132,27.3,955.6,63.8
Shivajinagar AWS,18.5308,73.8474,11-05-2024 06:20,2024-05-11 06:20:00,2024,5,11,6,132,27.5,955.55,63.5
Shivajinagar AWS,18.5308,73.8474,11-05-2024 06:25,2024-05-11 06:25:00,2024,5,11,6,132,27.5,955.56,63.7
Shivajinagar AWS,18.5308,73.8474,11-05-2024 06:30,2024-05-11 06:30:00,2024,5,11,6,132,27.6,955.54,63.1
Shivajinagar AWS,18.5308,73.8474,11-05-2024 06:35,2024-05-11 06:35:00,2024,5,11,6,132,27.7,955.51,62.4
Shivajinagar AWS,18.5308,73.8474,11-05-2024 06:40,2024-05-11 06:40:00,2024,5,11,6,132,27.9,955.55,62.0
Shivajinagar AWS,18.5308,73.8474,11-05-2024 06:45,2024-05-11 06:45:00,2024,5,11,6,132,28.4,955.67,61.7
Shivajinagar AWS,18.5308,73.8474,11-05-2024 06:50,2024-05-11 06:50:00,2024,5,11,6,132,28.6,955.72,61.4
Shivajinagar AWS,18.5308,73.8474,11-05-2024 06:55,2024-05-11 06:55:00,2024,5,11,6,132,28.4,955.66,60.9
Shivajinagar AWS,18.5308,73.8474,11-05-2024 07:00,2024-05-11 07:00:00,2024,5,11,7,132,28.4,955.88,59.6
Shivajinagar AWS,18.5308,73.8474,11-05-2024 07:05,2024-05-11 07:05:00,2024,5,11,7,132,28.3,955.88,58.7
Shivajinagar AWS,18.5308,73.8474,11-05-2024 07:10,2024-05-11 07:10:00,2024,5,11,7,132,28.4,955.82,58.9
Shivajinagar AWS,18.5308,73.8474,11-05-2024 07:15,2024-05-11 07:15:00,2024,5,11,7,132,28.3,955.92,58.4
Shivajinagar AWS,18.5308,73.8474,11-05-2024 07:20,2024-05-11 07:20:00,2024,5,11,7,132,28.3,955.86,57.8
Shivajinagar AWS,18.5308,73.8474,11-05-2024 07:25,2024-05-11 07:25:00,2024,5,11,7,132,28.3,955.97,57.8
Shivajinagar AWS,18.5308,73.8474,11-05-2024 07:30,2024-05-11 07:30:00,2024,5,11,7,132,28.5,955.87,56.8
Shivajinagar AWS,18.5308,73.8474,11-05-2024 07:35,2024-05-11 07:35:00,2024,5,11,7,132,28.7,955.95,56.3
Shivajinagar AWS,18.5308,73.8474,11-05-2024 07:40,2024-05-11 07:40:00,2024,5,11,7,132,28.9,955.93,55.8
Shivajinagar AWS,18.5308,73.8474,11-05-2024 07:45,2024-05-11 07:45:00,2024,5,11,7,132,29.1,956.0,55.2
Shivajinagar AWS,18.5308,73.8474,11-05-2024 07:50,2024-05-11 07:50:00,2024,5,11,7,132,29.1,956.1,54.7
Shivajinagar AWS,18.5308,73.8474,11-05-2024 07:55,2024-05-11 07:55:00,2024,5,11,7,132,29.4,955.96,54.2
Shivajinagar AWS,18.5308,73.8474,11-05-2024 08:00,2024-05-11 08:00:00,2024,5,11,8,132,29.8,956.01,53.1
Shivajinagar AWS,18.5308,73.8474,11-05-2024 08:05,2024-05-11 08:05:00,2024,5,11,8,132,30.1,955.84,52.7
Shivajinagar AWS,18.5308,73.8474,11-05-2024 08:10,2024-05-11 08:10:00,2024,5,11,8,132,30.2,955.7,51.7
Shivajinagar AWS,18.5308,73.8474,11-05-2024 08:15,2024-05-11 08:15:00,2024,5,11,8,132,30.1,955.58,51.4
Shivajinagar AWS,18.5308,73.8474,11-05-2024 08:20,2024-05-11 08:20:00,2024,5,11,8,132,30.2,955.56,51.5
Shivajinagar AWS,18.5308,73.8474,11-05-2024 08:25,2024-05-11 08:25:00,2024,5,11,8,132,30.4,955.51,50.9
Shivajinagar AWS,18.5308,73.8474,11-05-2024 08:30,2024-05-11 08:30:00,2024,5,11,8,132,30.8,955.44,49.9
Shivajinagar AWS,18.5308,73.8474,11-05-2024 08:35,2024-05-11 08:35:00,2024,5,11,8,132,31.0,955.39,49.4
Shivajinagar AWS,18.5308,73.8474,11-05-2024 08:40,2024-05-11 08:40:00,2024,5,11,8,132,31.3,955.37,48.6
Shivajinagar AWS,18.5308,73.8474,11-05-2024 08:45,2024-05-11 08:45:00,2024,5,11,8,132,31.6,955.36,48.4
Shivajinagar AWS,18.5308,73.8474,11-05-2024 08:50,2024-05-11 08:50:00,2024,5,11,8,132,31.8,955.38,47.9
Shivajinagar AWS,18.5308,73.8474,11-05-2024 08:55,2024-05-11 08:55:00,2024,5,11,8,132,31.9,955.45,48.2
Shivajinagar AWS,18.5308,73.8474,11-05-2024 09:00,2024-05-11 09:00:00,2024,5,11,9,132,32.0,955.37,48.2
Shivajinagar AWS,18.5308,73.8474,11-05-2024 09:05,2024-05-11 09:05:00,2024,5,11,9,132,32.1,955.25,47.6
Shivajinagar AWS,18.5308,73.8474,11-05-2024 09:10,2024-05-11 09:10:00,2024,5,11,9,132,32.2,955.21,47.4
Shivajinagar AWS,18.5308,73.8474,11-05-2024 09:15,2024-05-11 09:15:00,2024,5,11,9,132,32.5,955.04,46.7
Shivajinagar AWS,18.5308,73.8474,11-05-2024 09:20,2024-05-11 09:20:00,2024,5,11,9,132,32.9,954.9,46.2
Shivajinagar AWS,18.5308,73.8474,11-05-2024 09:25,2024-05-11 09:25:00,2024,5,11,9,132,32.8,954.91,45.6
Shivajinagar AWS,18.5308,73.8474,11-05-2024 09:30,2024-05-11 09:30:00,2024,5,11,9,132,33.0,954.81,45.4
Shivajinagar AWS,18.5308,73.8474,11-05-2024 09:35,2024-05-11 09:35:00,2024,5,11,9,132,33.4,954.64,45.5
Shivajinagar AWS,18.5308,73.8474,11-05-2024 09:40,2024-05-11 09:40:00,2024,5,11,9,132,33.7,954.44,45.3
Shivajinagar AWS,18.5308,73.8474,11-05-2024 09:45,2024-05-11 09:45:00,2024,5,11,9,132,33.9,954.37,45.1
Shivajinagar AWS,18.5308,73.8474,11-05-2024 09:50,2024-05-11 09:50:00,2024,5,11,9,132,34.1,954.39,44.9
Shivajinagar AWS,18.5308,73.8474,11-05-2024 09:55,2024-05-11 09:55:00,2024,5,11,9,132,34.5,954.4,44.6
Shivajinagar AWS,18.5308,73.8474,11-05-2024 10:00,2024-05-11 10:00:00,2024,5,11,10,132,34.4,954.32,43.6
Shivajinagar AWS,18.5308,73.8474,11-05-2024 10:05,2024-05-11 10:05:00,2024,5,11,10,132,34.3,954.4,43.7
Shivajinagar AWS,18.5308,73.8474,11-05-2024 10:10,2024-05-11 10:10:00,2024,5,11,10,132,34.5,954.31,43.9
Shivajinagar AWS,18.5308,73.8474,11-05-2024 10:15,2024-05-11 10:15:00,2024,5,11,10,132,34.3,954.21,43.2
Shivajinagar AWS,18.5308,73.8474,11-05-2024 10:20,2024-05-11 10:20:00,2024,5,11,10,132,34.6,953.92,42.5
Shivajinagar AWS,18.5308,73.8474,11-05-2024 10:25,2024-05-11 10:25:00,2024,5,11,10,132,34.9,953.81,42.2
Shivajinagar AWS,18.5308,73.8474,11-05-2024 10:30,2024-05-11 10:30:00,2024,5,11,10,132,35.0,953.8,41.9
Shivajinagar AWS,18.5308,73.8474,11-05-2024 10:35,2024-05-11 10:35:00,2024,5,11,10,132,35.0,953.85,41.3
Shivajinagar AWS,18.5308,73.8474,11-05-2024 10:40,2024-05-11 10:40:00,2024,5,11,10,132,35.2,953.71,40.2
Shivajinagar AWS,18.5308,73.8474,11-05-2024 10:45,2024-05-11 10:45:00,2024,5,11,10,132,35.3,953.67,39.9
Shivajinagar AWS,18.5308,73.8474,11-05-2024 10:50,2024-05-11 10:50:00,2024,5,11,10,132,35.4,953.68,39.6
Shivajinagar AWS,18.5308,73.8474,11-05-2024 10:55,2024-05-11 10:55:00,2024,5,11,10,132,35.7,953.6,39.4
Shivajinagar AWS,18.5308,73.8474,11-05-2024 11:00,2024-05-11 11:00:00,2024,5,11,11,132,35.7,953.34,39.0
Shivajinagar AWS,18.5308,73.8474,11-05-2024 11:05,2024-05-11 11:05:00,2024,5,11,11,132,36.0,953.29,38.4
Shivajinagar AWS,18.5308,73.8474,11-05-2024 11:10,2024-05-11 11:10:00,2024,5,11,11,132,36.2,953.29,38.4
Shivajinagar AWS,18.5308,73.8474,11-05-2024 11:15,2024-05-11 11:15:00,2024,5,11,11,132,36.2,953.15,37.9
Shivajinagar AWS,18.5308,73.8474,11-05-2024 11:20,2024-05-11 11:20:00,2024,5,11,11,132,36.5,953.07,37.2
Shivajinagar AWS,18.5308,73.8474,11-05-2024 11:25,2024-05-11 11:25:00,2024,5,11,11,132,36.4,952.91,36.7
Shivajinagar AWS,18.5308,73.8474,11-05-2024 11:30,2024-05-11 11:30:00,2024,5,11,11,132,36.5,952.66,35.6
Shivajinagar AWS,18.5308,73.8474,11-05-2024 11:35,2024-05-11 11:35:00,2024,5,11,11,132,36.7,952.69,35.1
Shivajinagar AWS,18.5308,73.8474,11-05-2024 11:40,2024-05-11 11:40:00,2024,5,11,11,132,36.7,952.65,35.0
Shivajinagar AWS,18.5308,73.8474,11-05-2024 11:45,2024-05-11 11:45:00,2024,5,11,11,132,36.9,952.73,34.8
Shivajinagar AWS,18.5308,73.8474,11-05-2024 11:50,2024-05-11 11:50:00,2024,5,11,11,132,37.0,952.76,35.0
Shivajinagar AWS,18.5308,73.8474,11-05-2024 11:55,2024-05-11 11:55:00,2024,5,11,11,132,37.0,952.68,34.5
Shivajinagar AWS,18.5308,73.8474,11-05-2024 12:00,2024-05-11 12:00:00,2024,5,11,12,132,37.1,952.63,34.3
Shivajinagar AWS,18.5308,73.8474,11-05-2024 12:05,2024-05-11 12:05:00,2024,5,11,12,132,37.1,952.64,34.3
Shivajinagar AWS,18.5308,73.8474,11-05-2024 12:10,2024-05-11 12:10:00,2024,5,11,12,132,37.1,952.68,34.8
Shivajinagar AWS,18.5308,73.8474,11-05-2024 12:15,2024-05-11 12:15:00,2024,5,11,12,132,37.6,952.66,34.5
Shivajinagar AWS,18.5308,73.8474,11-05-2024 12:20,2024-05-11 12:20:00,2024,5,11,12,132,37.5,952.71,33.7
Shivajinagar AWS,18.5308,73.8474,11-05-2024 12:25,2024-05-11 12:25:00,2024,5,11,12,132,37.8,952.65,33.6
Shivajinagar AWS,18.5308,73.8474,11-05-2024 12:30,2024-05-11 12:30:00,2024,5,11,12,132,37.8,952.54,34.0
Shivajinagar AWS,18.5308,73.8474,11-05-2024 12:35,2024-05-11 12:35:00,2024,5,11,12,132,37.7,952.5,33.5
Shivajinagar AWS,18.5308,73.8474,11-05-2024 12:40,2024-05-11 12:40:00,2024,5,11,12,132,37.8,952.49,33.5
Shivajinagar AWS,18.5308,73.8474,11-05-2024 12:45,2024-05-11 12:45:00,2024,5,11,12,132,37.9,952.38,33.6
Shivajinagar AWS,18.5308,73.8474,11-05-2024 12:50,2024-05-11 12:50:00,2024,5,11,12,132,38.1,952.25,33.6
Shivajinagar AWS,18.5308,73.8474,11-05-2024 12:55,2024-05-11 12:55:00,2024,5,11,12,132,38.4,952.28,33.3
Shivajinagar AWS,18.5308,73.8474,11-05-2024 13:00,2024-05-11 13:00:00,2024,5,11,13,132,38.9,952.24,32.6
Shivajinagar AWS,18.5308,73.8474,11-05-2024 13:05,2024-05-11 13:05:00,2024,5,11,13,132,38.9,952.22,32.3
Shivajinagar AWS,18.5308,73.8474,11-05-2024 13:10,2024-05-11 13:10:00,2024,5,11,13,132,38.8,952.19,32.1
Shivajinagar AWS,18.5308,73.8474,11-05-2024 13:15,2024-05-11 13:15:00,2024,5,11,13,132,38.9,952.32,32.2
Shivajinagar AWS,18.5308,73.8474,11-05-2024 13:20,2024-05-11 13:20:00,2024,5,11,13,132,38.9,952.42,32.0
Shivajinagar AWS,18.5308,73.8474,11-05-2024 13:25,2024-05-11 13:25:00,2024,5,11,13,132,39.1,952.32,31.6
Shivajinagar AWS,18.5308,73.8474,11-05-2024 13:30,2024-05-11 13:30:00,2024,5,11,13,132,38.9,952.29,31.5
Shivajinagar AWS,18.5308,73.8474,11-05-2024 13:35,2024-05-11 13:35:00,2024,5,11,13,132,39.2,952.36,31.6
Shivajinagar AWS,18.5308,73.8474,11-05-2024 13:40,2024-05-11 13:40:00,2024,5,11,13,132,39.3,952.42,31.5
Shivajinagar AWS,18.5308,73.8474,11-05-2024 13:45,2024-05-11 13:45:00,2024,5,11,13,132,39.1,952.43,30.9
Shivajinagar AWS,18.5308,73.8474,11-05-2024 13:50,2024-05-11 13:50:00,2024,5,11,13,132,39.0,952.36,30.6
Shivajinagar AWS,18.5308,73.8474,11-05-2024 13:55,2024-05-11 13:55:00,2024,5,11,13,132,39.1,952.32,30.8
Shivajinagar AWS,18.5308,73.8474,11-05-2024 14:00,2024-05-11 14:00:00,2024,5,11,14,132,39.3,952.31,30.0
Shivajinagar AWS,18.5308,73.8474,11-05-2024 14:05,2024-05-11 14:05:00,2024,5,11,14,132,39.1,952.36,29.0
Shivajinagar AWS,18.5308,73.8474,11-05-2024 14:10,2024-05-11 14:10:00,2024,5,11,14,132,39.1,952.53,29.5
Shivajinagar AWS,18.5308,73.8474,11-05-2024 14:15,2024-05-11 14:15:00,2024,5,11,14,132,38.8,952.5,29.6
Shivajinagar AWS,18.5308,73.8474,11-05-2024 14:20,2024-05-11 14:20:00,2024,5,11,14,132,38.8,952.45,29.8
Shivajinagar AWS,18.5308,73.8474,11-05-2024 14:25,2024-05-11 14:25:00,2024,5,11,14,132,39.0,952.48,29.2
Shivajinagar AWS,18.5308,73.8474,11-05-2024 14:30,2024-05-11 14:30:00,2024,5,11,14,132,38.9,952.6,29.4
Shivajinagar AWS,18.5308,73.8474,11-05-2024 14:35,2024-05-11 14:35:00,2024,5,11,14,132,38.6,952.52,29.5
Shivajinagar AWS,18.5308,73.8474,11-05-2024 14:40,2024-05-11 14:40:00,2024,5,11,14,132,38.7,952.69,28.8
Shivajinagar AWS,18.5308,73.8474,11-05-2024 14:45,2024-05-11 14:45:00,2024,5,11,14,132,38.6,952.71,29.3
Shivajinagar AWS,18.5308,73.8474,11-05-2024 14:50,2024-05-11 14:50:00,2024,5,11,14,132,38.6,952.7,29.3
Shivajinagar AWS,18.5308,73.8474,11-05-2024 14:55,2024-05-11 14:55:00,2024,5,11,14,132,38.5,952.62,29.1
Shivajinagar AWS,18.5308,73.8474,11-05-2024 15:00,2024-05-11 15:00:00,2024,5,11,15,132,38.4,952.73,29.0
Shivajinagar AWS,18.5308,73.8474,11-05-2024 15:05,2024-05-11 15:05:00,2024,5,11,15,132,38.0,952.77,28.2
Shivajinagar AWS,18.5308,73.8474,11-05-2024 15:10,2024-05-11 15:10:00,2024,5,11,15,132,38.1,952.84,28.5
Shivajinagar AWS,18.5308,73.8474,11-05-2024 15:15,2024-05-11 15:15:00,2024,5,11,15,132,38.0,952.82,28.7
Shivajinagar AWS,18.5308,73.8474,11-05-2024 15:20,2024-05-11 15:20:00,2024,5,11,15,132,37.9,952.86,28.7
Shivajinagar AWS,18.5308,73.8474,11-05-2024 15:25,2024-05-11 15:25:00,2024,5,11,15,132,37.9,952.88,29.3
Shivajinagar AWS,18.5308,73.8474,11-05-2024 15:30,2024-05-11 15:30:00,2024,5,11,15,132,38.0,952.93,28.8
Shivajinagar AWS,18.5308,73.8474,11-05-2024 15:35,2024-05-11 15:35:00,2024,5,11,15,132,38.0,944.5600603529396,28.7
Shivajinagar AWS,18.5308,73.8474,11-05-2024 15:40,2024-05-11 15:40:00,2024,5,11,15,132,38.0,944.5100603529395,28.5
Shivajinagar AWS,18.5308,73.8474,11-05-2024 15:45,2024-05-11 15:45:00,2024,5,11,15,132,38.0,944.8000603529395,28.5
Shivajinagar AWS,18.5308,73.8474,11-05-2024 15:50,2024-05-11 15:50:00,2024,5,11,15,132,37.8,944.7500603529395,28.7
Shivajinagar AWS,18.5308,73.8474,11-05-2024 15:55,2024-05-11 15:55:00,2024,5,11,15,132,38.1,944.8300603529395,29.1
Shivajinagar AWS,18.5308,73.8474,11-05-2024 16:00,2024-05-11 16:00:00,2024,5,11,16,132,37.9,944.7500603529395,29.1
Shivajinagar AWS,18.5308,73.8474,11-05-2024 16:05,2024-05-11 16:05:00,2024,5,11,16,132,38.0,944.6600603529395,29.0
Shivajinagar AWS,18.5308,73.8474,11-05-2024 16:10,2024-05-11 16:10:00,2024,5,11,16,132,38.0,944.7500603529395,29.9
Shivajinagar AWS,18.5308,73.8474,11-05-2024 16:15,2024-05-11 16:15:00,2024,5,11,16,132,38.0,944.8400603529395,31.0
Shivajinagar AWS,18.5308,73.8474,11-05-2024 16:20,2024-05-11 16:20:00,2024,5,11,16,132,38.0,945.0100603529395,31.2
Shivajinagar AWS,18.5308,73.8474,11-05-2024 16:25,2024-05-11 16:25:00,2024,5,11,16,132,37.9,945.1100603529395,31.1
Shivajinagar AWS,18.5308,73.8474,11-05-2024 16:30,2024-05-11 16:30:00,2024,5,11,16,132,37.6,945.1600603529395,31.9
Shivajinagar AWS,18.5308,73.8474,11-05-2024 16:35,2024-05-11 16:35:00,2024,5,11,16,132,37.5,945.1500603529395,31.5
Shivajinagar AWS,18.5308,73.8474,11-05-2024 16:40,2024-05-11 16:40:00,2024,5,11,16,132,37.4,945.3400603529395,31.6
Shivajinagar AWS,18.5308,73.8474,11-05-2024 16:45,2024-05-11 16:45:00,2024,5,11,16,132,37.2,945.4700603529395,31.5
Shivajinagar AWS,18.5308,73.8474,11-05-2024 16:50,2024-05-11 16:50:00,2024,5,11,16,132,36.9,945.4300603529394,31.3
Shivajinagar AWS,18.5308,73.8474,11-05-2024 16:55,2024-05-11 16:55:00,2024,5,11,16,132,37.0,945.4900603529395,31.5
Shivajinagar AWS,18.5308,73.8474,11-05-2024 17:00,2024-05-11 17:00:00,2024,5,11,17,132,37.2,945.5600603529396,31.5
Shivajinagar AWS,18.5308,73.8474,11-05-2024 17:05,2024-05-11 17:05:00,2024,5,11,17,132,37.3,945.5800603529395,31.8
Shivajinagar AWS,18.5308,73.8474,11-05-2024 17:10,2024-05-11 17:10:00,2024,5,11,17,132,37.4,945.7000603529395,32.2
Shivajinagar AWS,18.5308,73.8474,11-05-2024 17:15,2024-05-11 17:15:00,2024,5,11,17,132,37.2,945.8200603529395,32.3
Shivajinagar AWS,18.5308,73.8474,11-05-2024 17:20,2024-05-11 17:20:00,2024,5,11,17,132,37.0,945.8400603529395,32.5
Shivajinagar AWS,18.5308,73.8474,11-05-2024 17:25,2024-05-11 17:25:00,2024,5,11,17,132,36.8,945.8600603529395,32.8
Shivajinagar AWS,18.5308,73.8474,11-05-2024 17:30,2024-05-11 17:30:00,2024,5,11,17,132,36.7,946.0300603529395,33.5
Shivajinagar AWS,18.5308,73.8474,11-05-2024 17:35,2024-05-11 17:35:00,2024,5,11,17,132,36.7,946.1300603529395,33.8
Shivajinagar AWS,18.5308,73.8474,11-05-2024 17:40,2024-05-11 17:40:00,2024,5,11,17,132,36.5,946.1700603529395,34.5
Shivajinagar AWS,18.5308,73.8474,11-05-2024 17:45,2024-05-11 17:45:00,2024,5,11,17,132,36.6,946.0700603529395,35.1
Shivajinagar AWS,18.5308,73.8474,11-05-2024 17:50,2024-05-11 17:50:00,2024,5,11,17,132,36.5,946.1200603529395,35.7
Shivajinagar AWS,18.5308,73.8474,11-05-2024 17:55,2024-05-11 17:55:00,2024,5,11,17,132,36.3,946.2100603529395,36.6
Shivajinagar AWS,18.5308,73.8474,11-05-2024 18:00,2024-05-11 18:00:00,2024,5,11,18,132,36.0,946.0100603529395,36.5
Shivajinagar AWS,18.5308,73.8474,11-05-2024 18:05,2024-05-11 18:05:00,2024,5,11,18,132,36.0,946.0600603529396,36.7
Shivajinagar AWS,18.5308,73.8474,11-05-2024 18:10,2024-05-11 18:10:00,2024,5,11,18,132,36.0,954.43,37.8
Shivajinagar AWS,18.5308,73.8474,11-05-2024 18:15,2024-05-11 18:15:00,2024,5,11,18,132,36.0,954.43,38.0
Shivajinagar AWS,18.5308,73.8474,11-05-2024 18:20,2024-05-11 18:20:00,2024,5,11,18,132,36.1,954.38,37.3
Shivajinagar AWS,18.5308,73.8474,11-05-2024 18:25,2024-05-11 18:25:00,2024,5,11,18,132,36.2,954.39,37.6
Shivajinagar AWS,18.5308,73.8474,11-05-2024 18:30,2024-05-11 18:30:00,2024,5,11,18,132,36.1,954.52,38.1
Shivajinagar AWS,18.5308,73.8474,11-05-2024 18:35,2024-05-11 18:35:00,2024,5,11,18,132,35.8,954.5,37.5
Shivajinagar AWS,18.5308,73.8474,11-05-2024 18:40,2024-05-11 18:40:00,2024,5,11,18,132,35.4,954.58,38.5
Shivajinagar AWS,18.5308,73.8474,11-05-2024 18:45,2024-05-11 18:45:00,2024,5,11,18,132,35.2,954.52,38.7
Shivajinagar AWS,18.5308,73.8474,11-05-2024 18:50,2024-05-11 18:50:00,2024,5,11,18,132,35.2,954.58,39.3
Shivajinagar AWS,18.5308,73.8474,11-05-2024 18:55,2024-05-11 18:55:00,2024,5,11,18,132,35.3,954.58,39.7
Shivajinagar AWS,18.5308,73.8474,11-05-2024 19:00,2024-05-11 19:00:00,2024,5,11,19,132,35.2,954.6,39.7
Shivajinagar AWS,18.5308,73.8474,11-05-2024 19:05,2024-05-11 19:05:00,2024,5,11,19,132,35.2,954.59,39.8
Shivajinagar AWS,18.5308,73.8474,11-05-2024 19:10,2024-05-11 19:10:00,2024,5,11,19,132,34.9,954.63,40.0
Shivajinagar AWS,18.5308,73.8474,11-05-2024 19:15,2024-05-11 19:15:00,2024,5,11,19,132,34.8,954.41,41.0
Shivajinagar AWS,18.5308,73.8474,11-05-2024 19:20,2024-05-11 19:20:00,2024,5,11,19,132,34.8,954.28,41.4
Shivajinagar AWS,18.5308,73.8474,11-05-2024 19:25,2024-05-11 19:25:00,2024,5,11,19,132,34.3,954.3,41.8
Shivajinagar AWS,18.5308,73.8474,11-05-2024 19:30,2024-05-11 19:30:00,2024,5,11,19,132,34.0,954.12,41.9
Shivajinagar AWS,18.5308,73.8474,11-05-2024 19:35,2024-05-11 19:35:00,2024,5,11,19,132,34.0,954.07,43.0
Shivajinagar AWS,18.5308,73.8474,11-05-2024 19:40,2024-05-11 19:40:00,2024,5,11,19,132,33.9,954.05,44.1
Shivajinagar AWS,18.5308,73.8474,11-05-2024 19:45,2024-05-11 19:45:00,2024,5,11,19,132,33.5,953.97,45.1
Shivajinagar AWS,18.5308,73.8474,11-05-2024 19:50,2024-05-11 19:50:00,2024,5,11,19,132,33.0,953.89,45.8
Shivajinagar AWS,18.5308,73.8474,11-05-2024 19:55,2024-05-11 19:55:00,2024,5,11,19,132,32.8,953.9,46.3
Shivajinagar AWS,18.5308,73.8474,11-05-2024 20:00,2024-05-11 20:00:00,2024,5,11,20,132,32.6,953.95,46.3
Shivajinagar AWS,18.5308,73.8474,11-05-2024 20:05,2024-05-11 20:05:00,2024,5,11,20,132,32.3,953.85,46.7
Shivajinagar AWS,18.5308,73.8474,11-05-2024 20:10,2024-05-11 20:10:00,2024,5,11,20,132,32.2,953.77,47.0
Shivajinagar AWS,18.5308,73.8474,11-05-2024 20:15,2024-05-11 20:15:00,2024,5,11,20,132,32.1,953.68,46.7
Shivajinagar AWS,18.5308,73.8474,11-05-2024 20:20,2024-05-11 20:20:00,2024,5,11,20,132,32.1,953.46,47.7
Shivajinagar AWS,18.5308,73.8474,11-05-2024 20:25,2024-05-11 20:25:00,2024,5,11,20,132,31.6,953.44,48.0
Shivajinagar AWS,18.5308,73.8474,11-05-2024 20:30,2024-05-11 20:30:00,2024,5,11,20,132,31.2,953.48,49.0
Shivajinagar AWS,18.5308,73.8474,11-05-2024 20:35,2024-05-11 20:35:00,2024,5,11,20,132,31.1,953.53,49.8
Shivajinagar AWS,18.5308,73.8474,11-05-2024 20:40,2024-05-11 20:40:00,2024,5,11,20,132,31.0,953.42,50.5
Shivajinagar AWS,18.5308,73.8474,11-05-2024 20:45,2024-05-11 20:45:00,2024,5,11,20,132,31.0,953.27,51.3
Shivajinagar AWS,18.5308,73.8474,11-05-2024 20:50,2024-05-11 20:50:00,2024,5,11,20,132,30.9,953.23,51.5
Shivajinagar AWS,18.5308,73.8474,11-05-2024 20:55,2024-05-11 20:55:00,2024,5,11,20,132,30.7,953.26,52.7
Shivajinagar AWS,18.5308,73.8474,11-05-2024 21:00,2024-05-11 21:00:00,2024,5,11,21,132,30.5,953.22,53.2
Shivajinagar AWS,18.5308,73.8474,11-05-2024 21:05,2024-05-11 21:05:00,2024,5,11,21,132,30.3,953.19,53.7
Shivajinagar AWS,18.5308,73.8474,11-05-2024 21:10,2024-05-11 21:10:00,2024,5,11,21,132,30.2,953.23,53.9
Shivajinagar AWS,18.5308,73.8474,11-05-2024 21:15,2024-05-11 21:15:00,2024,5,11,21,132,30.0,953.11,54.0
Shivajinagar AWS,18.5308,73.8474,11-05-2024 21:20,2024-05-11 21:20:00,2024,5,11,21,132,30.0,953.03,54.6
Shivajinagar AWS,18.5308,73.8474,11-05-2024 21:25,2024-05-11 21:25:00,2024,5,11,21,132,29.9,953.11,55.2
Shivajinagar AWS,18.5308,73.8474,11-05-2024 21:30,2024-05-11 21:30:00,2024,5,11,21,132,29.7,953.02,55.3
Shivajinagar AWS,18.5308,73.8474,11-05-2024 21:35,2024-05-11 21:35:00,2024,5,11,21,132,29.5,952.86,55.2
Shivajinagar AWS,18.5308,73.8474,11-05-2024 21:40,2024-05-11 21:40:00,2024,5,11,21,132,29.1,952.74,55.2
Shivajinagar AWS,18.5308,73.8474,11-05-2024 21:45,2024-05-11 21:45:00,2024,5,11,21,132,28.9,952.6,56.2
Shivajinagar AWS,18.5308,73.8474,11-05-2024 21:50,2024-05-11 21:50:00,2024,5,11,21,132,28.7,952.57,56.4
Shivajinagar AWS,18.5308,73.8474,11-05-2024 21:55,2024-05-11 21:55:00,2024,5,11,21,132,28.3,952.44,56.8
Shivajinagar AWS,18.5308,73.8474,11-05-2024 22:00,2024-05-11 22:00:00,2024,5,11,22,132,28.1,952.4,57.8
Shivajinagar AWS,18.5308,73.8474,11-05-2024 22:05,2024-05-11 22:05:00,2024,5,11,22,132,28.2,952.28,57.8
Shivajinagar AWS,18.5308,73.8474,11-05-2024 22:10,2024-05-11 22:10:00,2024,5,11,22,132,28.2,952.05,58.0
Shivajinagar AWS,18.5308,73.8474,11-05-2024 22:15,2024-05-11 22:15:00,2024,5,11,22,132,28.0,952.02,58.2
Shivajinagar AWS,18.5308,73.8474,11-05-2024 22:20,2024-05-11 22:20:00,2024,5,11,22,132,27.9,951.97,59.3
Shivajinagar AWS,18.5308,73.8474,11-05-2024 22:25,2024-05-11 22:25:00,2024,5,11,22,132,27.7,951.96,60.6
Shivajinagar AWS,18.5308,73.8474,11-05-2024 22:30,2024-05-11 22:30:00,2024,5,11,22,132,27.6,951.85,61.3
Shivajinagar AWS,18.5308,73.8474,11-05-2024 22:35,2024-05-11 22:35:00,2024,5,11,22,132,27.7,951.73,62.0
Shivajinagar AWS,18.5308,73.8474,11-05-2024 22:40,2024-05-11 22:40:00,2024,5,11,22,132,27.8,951.71,62.1
Shivajinagar AWS,18.5308,73.8474,11-05-2024 22:45,2024-05-11 22:45:00,2024,5,11,22,132,27.7,951.78,63.2
Shivajinagar AWS,18.5308,73.8474,11-05-2024 22:50,2024-05-11 22:50:00,2024,5,11,22,132,27.5,951.72,63.7
Shivajinagar AWS,18.5308,73.8474,11-05-2024 22:55,2024-05-11 22:55:00,2024,5,11,22,132,27.5,951.7,64.3
Shivajinagar AWS,18.5308,73.8474,11-05-2024 23:00,2024-05-11 23:00:00,2024,5,11,23,132,27.1,951.61,64.6
Shivajinagar AWS,18.5308,73.8474,11-05-2024 23:05,2024-05-11 23:05:00,2024,5,11,23,132,27.0,951.43,64.8
Shivajinagar AWS,18.5308,73.8474,11-05-2024 23:10,2024-05-11 23:10:00,2024,5,11,23,132,27.0,951.46,65.8
Shivajinagar AWS,18.5308,73.8474,11-05-2024 23:15,2024-05-11 23:15:00,2024,5,11,23,132,27.0,951.48,66.2
Shivajinagar AWS,18.5308,73.8474,11-05-2024 23:20,2024-05-11 23:20:00,2024,5,11,23,132,27.0,951.48,67.1
Shivajinagar AWS,18.5308,73.8474,11-05-2024 23:25,2024-05-11 23:25:00,2024,5,11,23,132,26.9,951.42,67.4
Shivajinagar AWS,18.5308,73.8474,11-05-2024 23:30,2024-05-11 23:30:00,2024,5,11,23,132,26.8,951.41,67.3
Shivajinagar AWS,18.5308,73.8474,11-05-2024 23:35,2024-05-11 23:35:00,2024,5,11,23,132,26.7,951.43,67.3
Shivajinagar AWS,18.5308,73.8474,11-05-2024 23:40,2024-05-11 23:40:00,2024,5,11,23,132,26.5,951.51,67.6
Shivajinagar AWS,18.5308,73.8474,11-05-2024 23:45,2024-05-11 23:45:00,2024,5,11,23,132,26.2,951.53,67.6
Shivajinagar AWS,18.5308,73.8474,11-05-2024 23:50,2024-05-11 23:50:00,2024,5,11,23,132,26.2,951.48,67.4
Shivajinagar AWS,18.5308,73.8474,11-05-2024 23:55,2024-05-11 23:55:00,2024,5,11,23,132,26.1,951.32,68.1
Shivajinagar AWS,18.5308,73.8474,12-05-2024 00:00,2024-05-12 00:00:00,2024,5,12,0,133,25.7,951.28,68.1
Shivajinagar AWS,18.5308,73.8474,12-05-2024 00:05,2024-05-12 00:05:00,2024,5,12,0,133,25.7,951.26,68.4
Shivajinagar AWS,18.5308,73.8474,12-05-2024 00:10,2024-05-12 00:10:00,2024,5,12,0,133,25.8,951.27,68.8
Shivajinagar AWS,18.5308,73.8474,12-05-2024 00:15,2024-05-12 00:15:00,2024,5,12,0,133,25.7,951.34,68.8
Shivajinagar AWS,18.5308,73.8474,12-05-2024 00:20,2024-05-12 00:20:00,2024,5,12,0,133,26.0,951.28,69.6
Shivajinagar AWS,18.5308,73.8474,12-05-2024 00:25,2024-05-12 00:25:00,2024,5,12,0,133,25.8,951.41,69.3
Shivajinagar AWS,18.5308,73.8474,12-05-2024 00:30,2024-05-12 00:30:00,2024,5,12,0,133,25.6,951.22,69.6
Shivajinagar AWS,18.5308,73.8474,12-05-2024 00:35,2024-05-12 00:35:00,2024,5,12,0,133,25.5,951.22,69.9
Shivajinagar AWS,18.5308,73.8474,12-05-2024 00:40,2024-05-12 00:40:00,2024,5,12,0,133,25.4,951.12,70.1
Shivajinagar AWS,18.5308,73.8474,12-05-2024 00:45,2024-05-12 00:45:00,2024,5,12,0,133,25.3,950.94,69.8
Shivajinagar AWS,18.5308,73.8474,12-05-2024 00:50,2024-05-12 00:50:00,2024,5,12,0,133,25.0,950.91,70.3
Shivajinagar AWS,18.5308,73.8474,12-05-2024 00:55,2024-05-12 00:55:00,2024,5,12,0,133,24.9,950.77,70.8
Shivajinagar AWS,18.5308,73.8474,12-05-2024 01:00,2024-05-12 01:00:00,2024,5,12,1,133,24.8,950.75,70.6
Shivajinagar AWS,18.5308,73.8474,12-05-2024 01:05,2024-05-12 01:05:00,2024,5,12,1,133,25.0,950.75,71.1
Shivajinagar AWS,18.5308,73.8474,12-05-2024 01:10,2024-05-12 01:10:00,2024,5,12,1,133,25.2,950.84,71.4
Shivajinagar AWS,18.5308,73.8474,12-05-2024 01:15,2024-05-12 01:15:00,2024,5,12,1,133,25.4,950.72,71.0
Shivajinagar AWS,18.5308,73.8474,12-05-2024 01:20,2024-05-12 01:20:00,2024,5,12,1,133,25.2,950.79,70.8
Shivajinagar AWS,18.5308,73.8474,12-05-2024 01:25,2024-05-12 01:25:00,2024,5,12,1,133,25.0,950.8,71.4
Shivajinagar AWS,18.5308,73.8474,12-05-2024 01:30,2024-05-12 01:30:00,2024,5,12,1,133,24.9,950.89,71.6
Shivajinagar AWS,18.5308,73.8474,12-05-2024 01:35,2024-05-12 01:35:00,2024,5,12,1,133,25.2,950.86,71.5
Shivajinagar AWS,18.5308,73.8474,12-05-2024 01:40,2024-05-12 01:40:00,2024,5,12,1,133,25.1,950.77,71.2
Shivajinagar AWS,18.5308,73.8474,12-05-2024 01:45,2024-05-12 01:45:00,2024,5,12,1,133,24.8,950.69,71.1
Shivajinagar AWS,18.5308,73.8474,12-05-2024 01:50,2024-05-12 01:50:00,2024,5,12,1,133,24.7,950.61,71.1
Shivajinagar AWS,18.5308,73.8474,12-05-2024 01:55,2024-05-12 01:55:00,2024,5,12,1,133,24.8,950.68,70.8
Shivajinagar AWS,18.5308,73.8474,12-05-2024 02:00,2024-05-12 02:00:00,2024,5,12,2,133,24.9,950.82,70.2
Shivajinagar AWS,18.5308,73.8474,12-05-2024 02:05,2024-05-12 02:05:00,2024,5,12,2,133,24.8,950.81,70.8
Shivajinagar AWS,18.5308,73.8474,12-05-2024 02:10,2024-05-12 02:10:00,2024,5,12,2,133,24.9,950.89,71.3
Shivajinagar AWS,18.5308,73.8474,12-05-2024 02:15,2024-05-12 02:15:00,2024,5,12,2,133,24.5,950.8,70.9
Shivajinagar AWS,18.5308,73.8474,12-05-2024 02:20,2024-05-12 02:20:00,2024,5,12,2,133,24.5,950.85,71.0
Shivajinagar AWS,18.5308,73.8474,12-05-2024 02:25,2024-05-12 02:25:00,2024,5,12,2,133,24.7,950.95,70.7
Shivajinagar AWS,18.5308,73.8474,12-05-2024 02:30,2024-05-12 02:30:00,2024,5,12,2,133,24.5,950.87,70.7
Shivajinagar AWS,18.5308,73.8474,12-05-2024 02:35,2024-05-12 02:35:00,2024,5,12,2,133,24.4,950.9,70.6
Shivajinagar AWS,18.5308,73.8474,12-05-2024 02:40,2024-05-12 02:40:00,2024,5,12,2,133,24.1,951.01,70.5
Shivajinagar AWS,18.5308,73.8474,12-05-2024 02:45,2024-05-12 02:45:00,2024,5,12,2,133,24.4,950.82,71.3
Shivajinagar AWS,18.5308,73.8474,12-05-2024 02:50,2024-05-12 02:50:00,2024,5,12,2,133,24.3,950.98,71.1
Shivajinagar AWS,18.5308,73.8474,12-05-2024 02:55,2024-05-12 02:55:00,2024,5,12,2,133,24.4,951.07,70.8
Shivajinagar AWS,18.5308,73.8474,12-05-2024 03:00,2024-05-12 03:00:00,2024,5,12,3,133,24.5,951.18,70.5
Shivajinagar AWS,18.5308,73.8474,12-05-2024 03:05,2024-05-12 03:05:00,2024,5,12,3,133,24.7,951.2,70.9
Shivajinagar AWS,18.5308,73.8474,12-05-2024 03:10,2024-05-12 03:10:00,2024,5,12,3,133,24.7,951.12,70.2
Shivajinagar AWS,18.5308,73.8474,12-05-2024 03:15,2024-05-12 03:15:00,2024,5,12,3,133,24.7,951.22,69.9
Shivajinagar AWS,18.5308,73.8474,12-05-2024 03:20,2024-05-12 03:20:00,2024,5,12,3,133,24.7,951.28,70.5
Shivajinagar AWS,18.5308,73.8474,12-05-2024 03:25,2024-05-12 03:25:00,2024,5,12,3,133,24.9,951.34,70.5
Shivajinagar AWS,18.5308,73.8474,12-05-2024 03:30,2024-05-12 03:30:00,2024,5,12,3,133,24.9,951.49,70.5
Shivajinagar AWS,18.5308,73.8474,12-05-2024 03:35,2024-05-12 03:35:00,2024,5,12,3,133,24.8,951.61,71.3
Shivajinagar AWS,18.5308,73.8474,12-05-2024 03:40,2024-05-12 03:40:00,2024,5,12,3,133,24.6,951.83,71.3
Shivajinagar AWS,18.5308,73.8474,12-05-2024 03:45,2024-05-12 03:45:00,2024,5,12,3,133,24.5,951.89,70.8
Shivajinagar AWS,18.5308,73.8474,12-05-2024 03:50,2024-05-12 03:50:00,2024,5,12,3,133,24.7,951.89,70.6
Shivajinagar AWS,18.5308,73.8474,12-05-2024 03:55,2024-05-12 03:55:00,2024,5,12,3,133,24.7,951.93,69.9
Shivajinagar AWS,18.5308,73.8474,12-05-2024 04:00,2024-05-12 04:00:00,2024,5,12,4,133,24.7,952.01,70.3
Shivajinagar AWS,18.5308,73.8474,12-05-2024 04:05,2024-05-12 04:05:00,2024,5,12,4,133,24.6,952.15,70.4
Shivajinagar AWS,18.5308,73.8474,12-05-2024 04:10,2024-05-12 04:10:00,2024,5,12,4,133,24.7,952.08,70.6
Shivajinagar AWS,18.5308,73.8474,12-05-2024 04:15,2024-05-12 04:15:00,2024,5,12,4,133,24.8,952.14,70.9
Shivajinagar AWS,18.5308,73.8474,12-05-2024 04:20,2024-05-12 04:20:00,2024,5,12,4,133,24.8,952.32,70.4
Shivajinagar AWS,18.5308,73.8474,12-05-2024 04:25,2024-05-12 04:25:00,2024,5,12,4,133,25.1,952.35,69.8
Shivajinagar AWS,18.5308,73.8474,12-05-2024 04:30,2024-05-12 04:30:00,2024,5,12,4,133,25.4,952.47,69.5
Shivajinagar AWS,18.5308,73.8474,12-05-2024 04:35,2024-05-12 04:35:00,2024,5,12,4,133,25.3,952.56,68.9
Shivajinagar AWS,18.5308,73.8474,12-05-2024 04:40,2024-05-12 04:40:00,2024,5,12,4,133,25.4,952.68,68.7
Shivajinagar AWS,18.5308,73.8474,12-05-2024 04:45,2024-05-12 04:45:00,2024,5,12,4,133,25.4,952.65,68.9
Shivajinagar AWS,18.5308,73.8474,12-05-2024 04:50,2024-05-12 04:50:00,2024,5,12,4,133,25.4,952.63,68.6
Shivajinagar AWS,18.5308,73.8474,12-05-2024 04:55,2024-05-12 04:55:00,2024,5,12,4,133,25.6,952.68,68.3
Shivajinagar AWS,18.5308,73.8474,12-05-2024 05:00,2024-05-12 05:00:00,2024,5,12,5,133,25.6,,68.0
Shivajinagar AWS,18.5308,73.8474,12-05-2024 05:05,2024-05-12 05:05:00,2024,5,12,5,133,25.8,,68.0
Shivajinagar AWS,18.5308,73.8474,12-05-2024 05:10,2024-05-12 05:10:00,2024,5,12,5,133,26.0,,67.4
Shivajinagar AWS,18.5308,73.8474,12-05-2024 05:15,2024-05-12 05:15:00,2024,5,12,5,133,26.1,,66.2
Shivajinagar AWS,18.5308,73.8474,12-05-2024 05:20,2024-05-12 05:20:00,2024,5,12,5,133,26.1,,66.1
Shivajinagar AWS,18.5308,73.8474,12-05-2024 05:25,2024-05-12 05:25:00,2024,5,12,5,133,26.1,,66.2
Shivajinagar AWS,18.5308,73.8474,12-05-2024 05:30,2024-05-12 05:30:00,2024,5,12,5,133,26.0,,66.1
Shivajinagar AWS,18.5308,73.8474,12-05-2024 05:35,2024-05-12 05:35:00,2024,5,12,5,133,26.0,953.09,65.5
Shivajinagar AWS,18.5308,73.8474,12-05-2024 05:40,2024-05-12 05:40:00,2024,5,12,5,133,26.5,953.1,64.7
Shivajinagar AWS,18.5308,73.8474,12-05-2024 05:45,2024-05-12 05:45:00,2024,5,12,5,133,26.5,953.32,64.5
Shivajinagar AWS,18.5308,73.8474,12-05-2024 05:50,2024-05-12 05:50:00,2024,5,12,5,133,26.4,953.33,64.2
Shivajinagar AWS,18.5308,73.8474,12-05-2024 05:55,2024-05-12 05:55:00,2024,5,12,5,133,26.6,953.43,63.8
Shivajinagar AWS,18.5308,73.8474,12-05-2024 06:00,2024-05-12 06:00:00,2024,5,12,6,133,26.7,953.51,64.2
Shivajinagar AWS,18.5308,73.8474,12-05-2024 06:05,2024-05-12 06:05:00,2024,5,12,6,133,26.8,953.4,63.4
Shivajinagar AWS,18.5308,73.8474,12-05-2024 06:10,2024-05-12 06:10:00,2024,5,12,6,133,27.2,953.43,63.8
Shivajinagar AWS,18.5308,73.8474,12-05-2024 06:15,2024-05-12 06:15:00,2024,5,12,6,133,27.4,953.44,63.3
Shivajinagar AWS,18.5308,73.8474,12-05-2024 06:20,2024-05-12 06:20:00,2024,5,12,6,133,27.4,953.47,62.2
Shivajinagar AWS,18.5308,73.8474,12-05-2024 06:25,2024-05-12 06:25:00,2024,5,12,6,133,27.5,953.4,61.7
Shivajinagar AWS,18.5308,73.8474,12-05-2024 06:30,2024-05-12 06:30:00,2024,5,12,6,133,27.5,953.31,61.7
Shivajinagar AWS,18.5308,73.8474,12-05-2024 06:35,2024-05-12 06:35:00,2024,5,12,6,133,27.8,953.27,61.1
Shivajinagar AWS,18.5308,73.8474,12-05-2024 06:40,2024-05-12 06:40:00,2024,5,12,6,133,27.9,953.26,60.1
Shivajinagar AWS,18.5308,73.8474,12-05-2024 06:45,2024-05-12 06:45:00,2024,5,12,6,133,27.8,953.35,59.7
Shivajinagar AWS,18.5308,73.8474,12-05-2024 06:50,2024-05-12 06:50:00,2024,5,12,6,133,27.9,953.48,58.9
Shivajinagar AWS,18.5308,73.8474,12-05-2024 06:55,2024-05-12 06:55:00,2024,5,12,6,133,27.9,953.58,58.7
Shivajinagar AWS,18.5308,73.8474,12-05-2024 07:00,2024-05-12 07:00:00,2024,5,12,7,133,28.3,953.62,58.6
Shivajinagar AWS,18.5308,73.8474,12-05-2024 07:05,2024-05-12 07:05:00,2024,5,12,7,133,28.3,953.51,57.8
Shivajinagar AWS,18.5308,73.8474,12-05-2024 07:10,2024-05-12 07:10:00,2024,5,12,7,133,28.5,953.44,57.1
Shivajinagar AWS,18.5308,73.8474,12-05-2024 07:15,2024-05-12 07:15:00,2024,5,12,7,133,28.7,953.43,57.0
Shivajinagar AWS,18.5308,73.8474,12-05-2024 07:20,2024-05-12 07:20:00,2024,5,12,7,133,28.8,953.35,56.2
Shivajinagar AWS,18.5308,73.8474,12-05-2024 07:25,2024-05-12 07:25:00,2024,5,12,7,133,28.9,953.36,55.4
Shivajinagar AWS,18.5308,73.8474,12-05-2024 07:30,2024-05-12 07:30:00,2024,5,12,7,133,29.1,953.38,54.5
Shivajinagar AWS,18.5308,73.8474,12-05-2024 07:35,2024-05-12 07:35:00,2024,5,12,7,133,29.5,953.38,54.3
Shivajinagar AWS,18.5308,73.8474,12-05-2024 07:40,2024-05-12 07:40:00,2024,5,12,7,133,29.8,953.41,54.1
Shivajinagar AWS,18.5308,73.8474,12-05-2024 07:45,2024-05-12 07:45:00,2024,5,12,7,133,30.1,953.29,53.4
Shivajinagar AWS,18.5308,73.8474,12-05-2024 07:50,2024-05-12 07:50:00,2024,5,12,7,133,30.1,953.31,53.0
Shivajinagar AWS,18.5308,73.8474,12-05-2024 07:55,2024-05-12 07:55:00,2024,5,12,7,133,30.3,953.2,53.2
Shivajinagar AWS,18.5308,73.8474,12-05-2024 08:00,2024-05-12 08:00:00,2024,5,12,8,133,30.5,953.07,52.4
Shivajinagar AWS,18.5308,73.8474,12-05-2024 08:05,2024-05-12 08:05:00,2024,5,12,8,133,30.6,953.06,51.2
Shivajinagar AWS,18.5308,73.8474,12-05-2024 08:10,2024-05-12 08:10:00,2024,5,12,8,133,31.0,953.1,51.0
Shivajinagar AWS,18.5308,73.8474,12-05-2024 08:15,2024-05-12 08:15:00,2024,5,12,8,133,31.1,953.07,50.6
Shivajinagar AWS,18.5308,73.8474,12-05-2024 08:20,2024-05-12 08:20:00,2024,5,12,8,133,31.2,953.01,49.9
Shivajinagar AWS,18.5308,73.8474,12-05-2024 08:25,2024-05-12 08:25:00,2024,5,12,8,133,31.4,952.96,49.8
Shivajinagar AWS,18.5308,73.8474,12-05-2024 08:30,2024-05-12 08:30:00,2024,5,12,8,133,31.2,952.9,49.7
Shivajinagar AWS,18.5308,73.8474,12-05-2024 08:35,2024-05-12 08:35:00,2024,5,12,8,133,31.3,952.74,48.4
Shivajinagar AWS,18.5308,73.8474,12-05-2024 08:40,2024-05-12 08:40:00,2024,5,12,8,133,31.5,952.57,47.8
Shivajinagar AWS,18.5308,73.8474,12-05-2024 08:45,2024-05-12 08:45:00,2024,5,12,8,133,31.5,952.5,48.3
Shivajinagar AWS,18.5308,73.8474,12-05-2024 08:50,2024-05-12 08:50:00,2024,5,12,8,133,31.8,952.44,48.2
Shivajinagar AWS,18.5308,73.8474,12-05-2024 08:55,2024-05-12 08:55:00,2024,5,12,8,133,31.8,952.37,48.0
Shivajinagar AWS,18.5308,73.8474,12-05-2024 09:00,2024-05-12 09:00:00,2024,5,12,9,133,31.9,952.35,48.0
Shivajinagar AWS,18.5308,73.8474,12-05-2024 09:05,2024-05-12 09:05:00,2024,5,12,9,133,32.1,952.26,47.6
Shivajinagar AWS,18.5308,73.8474,12-05-2024 09:10,2024-05-12 09:10:00,2024,5,12,9,133,32.4,952.23,47.4
Shivajinagar AWS,18.5308,73.8474,12-05-2024 09:15,2024-05-12 09:15:00,2024,5,12,9,133,32.6,952.14,47.2
Shivajinagar AWS,18.5308,73.8474,12-05-2024 09:20,2024-05-12 09:20:00,2024,5,12,9,133,32.9,952.21,46.9
Shivajinagar AWS,18.5308,73.8474,12-05-2024 09:25,2024-05-12 09:25:00,2024,5,12,9,133,33.1,952.13,46.3
Shivajinagar AWS,18.5308,73.8474,12-05-2024 09:30,2024-05-12 09:30:00,2024,5,12,9,133,33.2,952.23,45.9
Shivajinagar AWS,18.5308,73.8474,12-05-2024 09:35,2024-05-12 09:35:00,2024,5,12,9,133,33.2,952.17,45.2
Shivajinagar AWS,18.5308,73.8474,12-05-2024 09:40,2024-05-12 09:40:00,2024,5,12,9,133,33.1,952.05,44.7
Shivajinagar AWS,18.5308,73.8474,12-05-2024 09:45,2024-05-12 09:45:00,2024,5,12,9,133,33.3,951.89,43.8
Shivajinagar AWS,18.5308,73.8474,12-05-2024 09:50,2024-05-12 09:50:00,2024,5,12,9,133,33.3,951.69,43.0
Shivajinagar AWS,18.5308,73.8474,12-05-2024 09:55,2024-05-12 09:55:00,2024,5,12,9,133,33.6,951.52,42.5
Shivajinagar AWS,18.5308,73.8474,12-05-2024 10:00,2024-05-12 10:00:00,2024,5,12,10,133,33.8,951.37,41.7
Shivajinagar AWS,18.5308,73.8474,12-05-2024 10:05,2024-05-12 10:05:00,2024,5,12,10,133,33.9,951.33,41.1
Shivajinagar AWS,18.5308,73.8474,12-05-2024 10:10,2024-05-12 10:10:00,2024,5,12,10,133,33.9,951.2,40.7
Shivajinagar AWS,18.5308,73.8474,12-05-2024 10:15,2024-05-12 10:15:00,2024,5,12,10,133,34.1,951.14,40.5
Shivajinagar AWS,18.5308,73.8474,12-05-2024 10:20,2024-05-12 10:20:00,2024,5,12,10,133,34.1,951.17,40.5
Shivajinagar AWS,18.5308,73.8474,12-05-2024 10:25,2024-05-12 10:25:00,2024,5,12,10,133,34.1,951.08,39.9
Shivajinagar AWS,18.5308,73.8474,12-05-2024 10:30,2024-05-12 10:30:00,2024,5,12,10,133,34.1,951.17,40.1
Shivajinagar AWS,18.5308,73.8474,12-05-2024 10:35,2024-05-12 10:35:00,2024,5,12,10,133,34.2,950.99,40.0
Shivajinagar AWS,18.5308,73.8474,12-05-2024 10:40,2024-05-12 10:40:00,2024,5,12,10,133,34.5,950.9,39.8
Shivajinagar AWS,18.5308,73.8474,12-05-2024 10:45,2024-05-12 10:45:00,2024,5,12,10,133,34.7,950.78,39.5
Shivajinagar AWS,18.5308,73.8474,12-05-2024 10:50,2024-05-12 10:50:00,2024,5,12,10,133,34.7,950.78,39.2
Shivajinagar AWS,18.5308,73.8474,12-05-2024 10:55,2024-05-12 10:55:00,2024,5,12,10,133,34.6,950.53,39.2
Shivajinagar AWS,18.5308,73.8474,12-05-2024 11:00,2024-05-12 11:00:00,2024,5,12,11,133,34.8,950.34,39.3
Shivajinagar AWS,18.5308,73.8474,12-05-2024 11:05,2024-05-12 11:05:00,2024,5,12,11,133,34.9,950.27,39.4
Shivajinagar AWS,18.5308,73.8474,12-05-2024 11:10,2024-05-12 11:10:00,2024,5,12,11,133,35.0,950.34,39.0
Shivajinagar AWS,18.5308,73.8474,12-05-2024 11:15,2024-05-12 11:15:00,2024,5,12,11,133,35.1,950.3,38.7
Shivajinagar AWS,18.5308,73.8474,12-05-2024 11:20,2024-05-12 11:20:00,2024,5,12,11,133,35.3,950.13,38.8
Shivajinagar AWS,18.5308,73.8474,12-05-2024 11:25,2024-05-12 11:25:00,2024,5,12,11,133,35.4,949.98,38.1
Shivajinagar AWS,18.5308,73.8474,12-05-2024 11:30,2024-05-12 11:30:00,2024,5,12,11,133,35.5,950.06,37.6
Shivajinagar AWS,18.5308,73.8474,12-05-2024 11:35,2024-05-12 11:35:00,2024,5,12,11,133,35.7,949.96,37.1
Shivajinagar AWS,18.5308,73.8474,12-05-2024 11:40,2024-05-12 11:40:00,2024,5,12,11,133,36.2,949.83,37.1
Shivajinagar AWS,18.5308,73.8474,12-05-2024 11:45,2024-05-12 11:45:00,2024,5,12,11,133,36.4,949.91,37.1
Shivajinagar AWS,18.5308,73.8474,12-05-2024 11:50,2024-05-12 11:50:00,2024,5,12,11,133,36.4,949.94,36.6
Shivajinagar AWS,18.5308,73.8474,12-05-2024 11:55,2024-05-12 11:55:00,2024,5,12,11,133,36.5,950.0,35.6
Shivajinagar AWS,18.5308,73.8474,12-05-2024 12:00,2024-05-12 12:00:00,2024,5,12,12,133,36.5,949.87,35.3
Shivajinagar AWS,18.5308,73.8474,12-05-2024 12:05,2024-05-12 12:05:00,2024,5,12,12,133,36.5,949.71,34.6
Shivajinagar AWS,18.5308,73.8474,12-05-2024 12:10,2024-05-12 12:10:00,2024,5,12,12,133,36.5,949.68,33.7
Shivajinagar AWS,18.5308,73.8474,12-05-2024 12:15,2024-05-12 12:15:00,2024,5,12,12,133,36.4,949.68,32.9
Shivajinagar AWS,18.5308,73.8474,12-05-2024 12:20,2024-05-12 12:20:00,2024,5,12,12,133,36.6,949.68,32.8
Shivajinagar AWS,18.5308,73.8474,12-05-2024 12:25,2024-05-12 12:25:00,2024,5,12,12,133,36.5,949.76,33.1
Shivajinagar AWS,18.5308,73.8474,12-05-2024 12:30,2024-05-12 12:30:00,2024,5,12,12,133,36.8,949.59,32.9
Shivajinagar AWS,18.5308,73.8474,12-05-2024 12:35,2024-05-12 12:35:00,2024,5,12,12,133,37.0,949.64,32.7
Shivajinagar AWS,18.5308,73.8474,12-05-2024 12:40,2024-05-12 12:40:00,2024,5,12,12,133,37.0,949.53,32.9
Shivajinagar AWS,18.5308,73.8474,12-05-2024 12:45,2024-05-12 12:45:00,2024,5,12,12,133,37.1,949.58,32.1
Shivajinagar AWS,18.5308,73.8474,12-05-2024 12:50,2024-05-12 12:50:00,2024,5,12,12,133,37.1,949.53,32.1
Shivajinagar AWS,18.5308,73.8474,12-05-2024 12:55,2024-05-12 12:55:00,2024,5,12,12,133,37.2,949.45,31.9
Shivajinagar AWS,18.5308,73.8474,12-05-2024 13:00,2024-05-12 13:00:00,2024,5,12,13,133,37.4,949.39,31.9
Shivajinagar AWS,18.5308,73.8474,12-05-2024 13:05,2024-05-12 13:05:00,2024,5,12,13,133,37.3,949.28,31.5
Shivajinagar AWS,18.5308,73.8474,12-05-2024 13:10,2024-05-12 13:10:00,2024,5,12,13,133,37.1,949.29,31.0
Shivajinagar AWS,18.5308,73.8474,12-05-2024 13:15,2024-05-12 13:15:00,2024,5,12,13,133,37.3,949.23,30.9
Shivajinagar AWS,18.5308,73.8474,12-05-2024 13:20,2024-05-12 13:20:00,2024,5,12,13,133,37.4,949.31,31.4
Shivajinagar AWS,18.5308,73.8474,12-05-2024 13:25,2024-05-12 13:25:00,2024,5,12,13,133,37.2,949.37,31.6
Shivajinagar AWS,18.5308,73.8474,12-05-2024 13:30,2024-05-12 13:30:00,2024,5,12,13,133,37.2,949.52,31.2
Shivajinagar AWS,18.5308,73.8474,12-05-2024 13:35,2024-05-12 13:35:00,2024,5,12,13,133,37.1,949.56,30.6
Shivajinagar AWS,18.5308,73.8474,12-05-2024 13:40,2024-05-12 13:40:00,2024,5,12,13,133,37.0,949.62,29.8
Shivajinagar AWS,18.5308,73.8474,12-05-2024 13:45,2024-05-12 13:45:00,2024,5,12,13,133,37.0,949.74,30.2
Shivajinagar AWS,18.5308,73.8474,12-05-2024 13:50,2024-05-12 13:50:00,2024,5,12,13,133,37.0,949.7,29.8
Shivajinagar AWS,18.5308,73.8474,12-05-2024 13:55,2024-05-12 13:55:00,2024,5,12,13,133,37.0,949.6,29.6
Shivajinagar AWS,18.5308,73.8474,12-05-2024 14:00,2024-05-12 14:00:00,2024,5,12,14,133,36.9,949.64,30.1
Shivajinagar AWS,18.5308,73.8474,12-05-2024 14:05,2024-05-12 14:05:00,2024,5,12,14,133,36.9,949.55,29.4
Shivajinagar AWS,18.5308,73.8474,12-05-2024 14:10,2024-05-12 14:10:00,2024,5,12,14,133,37.0,949.78,30.0
Shivajinagar AWS,18.5308,73.8474,12-05-2024 14:15,2024-05-12 14:15:00,2024,5,12,14,133,37.0,949.93,29.9
Shivajinagar AWS,18.5308,73.8474,12-05-2024 14:20,2024-05-12 14:20:00,2024,5,12,14,133,37.2,950.13,29.4
Shivajinagar AWS,18.5308,73.8474,12-05-2024 14:25,2024-05-12 14:25:00,2024,5,12,14,133,37.3,950.15,29.3
Shivajinagar AWS,18.5308,73.8474,12-05-2024 14:30,2024-05-12 14:30:00,2024,5,12,14,133,37.0,950.22,29.1
Shivajinagar AWS,18.5308,73.8474,12-05-2024 14:35,2024-05-12 14:35:00,2024,5,12,14,133,37.1,950.21,29.3
Shivajinagar AWS,18.5308,73.8474,12-05-2024 14:40,2024-05-12 14:40:00,2024,5,12,14,133,37.2,950.31,29.1
Shivajinagar AWS,18.5308,73.8474,12-05-2024 14:45,2024-05-12 14:45:00,2024,5,12,14,133,37.2,950.24,28.4
Shivajinagar AWS,18.5308,73.8474,12-05-2024 14:50,2024-05-12 14:50:00,2024,5,12,14,133,36.9,950.07,28.5
Shivajinagar AWS,18.5308,73.8474,12-05-2024 14:55,2024-05-12 14:55:00,2024,5,12,14,133,36.9,950.05,28.1
Shivajinagar AWS,18.5308,73.8474,12-05-2024 15:00,2024-05-12 15:00:00,2024,5,12,15,133,36.9,949.98,28.3
Shivajinagar AWS,18.5308,73.8474,12-05-2024 15:05,2024-05-12 15:05:00,2024,5,12,15,133,36.8,950.16,28.0
Shivajinagar AWS,18.5308,73.8474,12-05-2024 15:10,2024-05-12 15:10:00,2024,5,12,15,133,36.6,950.36,28.0
Shivajinagar AWS,18.5308,73.8474,12-05-2024 15:15,2024-05-12 15:15:00,2024,5,12,15,133,36.5,950.29,28.3
Shivajinagar AWS,18.5308,73.8474,12-05-2024 15:20,2024-05-12 15:20:00,2024,5,12,15,133,36.5,950.45,28.5
Shivajinagar AWS,18.5308,73.8474,12-05-2024 15:25,2024-05-12 15:25:00,2024,5,12,15,133,36.4,950.57,28.8
Shivajinagar AWS,18.5308,73.8474,12-05-2024 15:30,2024-05-12 15:30:00,2024,5,12,15,133,36.4,950.5,29.3
Shivajinagar AWS,18.5308,73.8474,12-05-2024 15:35,2024-05-12 15:35:00,2024,5,12,15,133,36.3,950.52,29.1
Shivajinagar AWS,18.5308,73.8474,12-05-2024 15:40,2024-05-12 15:40:00,2024,5,12,15,133,36.2,950.53,29.3
Shivajinagar AWS,18.5308,73.8474,12-05-2024 15:45,2024-05-12 15:45:00,2024,5,12,15,133,36.3,950.65,28.2
Shivajinagar AWS,18.5308,73.8474,12-05-2024 15:50,2024-05-12 15:50:00,2024,5,12,15,133,36.2,950.61,28.6
Shivajinagar AWS,18.5308,73.8474,12-05-2024 15:55,2024-05-12 15:55:00,2024,5,12,15,133,35.9,950.66,28.8
Shivajinagar AWS,18.5308,73.8474,12-05-2024 16:00,2024-05-12 16:00:00,2024,5,12,16,133,35.8,950.67,28.8
Shivajinagar AWS,18.5308,73.8474,12-05-2024 16:05,2024-05-12 16:05:00,2024,5,12,16,133,35.6,950.77,29.3
Shivajinagar AWS,18.5308,73.8474,12-05-2024 16:10,2024-05-12 16:10:00,2024,5,12,16,133,35.7,950.81,30.1
Shivajinagar AWS,18.5308,73.8474,12-05-2024 16:15,2024-05-12 16:15:00,2024,5,12,16,133,35.7,950.83,30.2
Shivajinagar AWS,18.5308,73.8474,12-05-2024 16:20,2024-05-12 16:20:00,2024,5,12,16,133,35.4,950.88,30.2
Shivajinagar AWS,18.5308,73.8474,12-05-2024 16:25,2024-05-12 16:25:00,2024,5,12,16,133,35.5,951.11,30.6
Shivajinagar AWS,18.5308,73.8474,12-05-2024 16:30,2024-05-12 16:30:00,2024,5,12,16,133,35.3,951.13,30.5
Shivajinagar AWS,18.5308,73.8474,12-05-2024 16:35,2024-05-12 16:35:00,2024,5,12,16,133,35.5,951.11,30.6
Shivajinagar AWS,18.5308,73.8474,12-05-2024 16:40,2024-05-12 16:40:00,2024,5,12,16,133,35.5,951.21,31.5
Shivajinagar AWS,18.5308,73.8474,12-05-2024 16:45,2024-05-12 16:45:00,2024,5,12,16,133,35.2,951.26,31.9
Shivajinagar AWS,18.5308,73.8474,12-05-2024 16:50,2024-05-12 16:50:00,2024,5,12,16,133,35.0,951.2,31.6
Shivajinagar AWS,18.5308,73.8474,12-05-2024 16:55,2024-05-12 16:55:00,2024,5,12,16,133,35.0,951.44,31.3
Shivajinagar AWS,18.5308,73.8474,12-05-2024 17:00,2024-05-12 17:00:00,2024,5,12,17,133,34.9,951.46,31.8
Shivajinagar AWS,18.5308,73.8474,12-05-2024 17:05,2024-05-12 17:05:00,2024,5,12,17,133,34.8,951.48,32.6
Shivajinagar AWS,18.5308,73.8474,12-05-2024 17:10,2024-05-12 17:10:00,2024,5,12,17,133,35.0,951.55,32.5
Shivajinagar AWS,18.5308,73.8474,12-05-2024 17:15,2024-05-12 17:15:00,2024,5,12,17,133,34.8,951.73,33.1
Shivajinagar AWS,18.5308,73.8474,12-05-2024 17:20,2024-05-12 17:20:00,2024,5,12,17,133,34.8,951.64,34.1
Shivajinagar AWS,18.5308,73.8474,12-05-2024 17:25,2024-05-12 17:25:00,2024,5,12,17,133,34.9,951.71,35.3
Shivajinagar AWS,18.5308,73.8474,12-05-2024 17:30,2024-05-12 17:30:00,2024,5,12,17,133,34.8,951.92,
Shivajinagar AWS,18.5308,73.8474,12-05-2024 17:35,2024-05-12 17:35:00,2024,5,12,17,133,34.5,951.96,
Shivajinagar AWS,18.5308,73.8474,12-05-2024 17:40,2024-05-12 17:40:00,2024,5,12,17,133,34.5,951.89,
Shivajinagar AWS,18.5308,73.8474,12-05-2024 17:45,2024-05-12 17:45:00,2024,5,12,17,133,34.2,951.88,
Shivajinagar AWS,18.5308,73.8474,12-05-2024 17:50,2024-05-12 17:50:00,2024,5,12,17,133,34.3,951.93,
Shivajinagar AWS,18.5308,73.8474,12-05-2024 17:55,2024-05-12 17:55:00,2024,5,12,17,133,34.1,952.06,37.6
Shivajinagar AWS,18.5308,73.8474,12-05-2024 18:00,2024-05-12 18:00:00,2024,5,12,18,133,34.4,952.06,38.0
Shivajinagar AWS,18.5308,73.8474,12-05-2024 18:05,2024-05-12 18:05:00,2024,5,12,18,133,34.5,952.15,39.0
Shivajinagar AWS,18.5308,73.8474,12-05-2024 18:10,2024-05-12 18:10:00,2024,5,12,18,133,34.3,952.05,40.3
Shivajinagar AWS,18.5308,73.8474,12-05-2024 18:15,2024-05-12 18:15:00,2024,5,12,18,133,34.1,951.96,40.8
Shivajinagar AWS,18.5308,73.8474,12-05-2024 18:20,2024-05-12 18:20:00,2024,5,12,18,133,34.1,951.94,41.6
Shivajinagar AWS,18.5308,73.8474,12-05-2024 18:25,2024-05-12 18:25:00,2024,5,12,18,133,34.1,952.08,42.0
Shivajinagar AWS,18.5308,73.8474,12-05-2024 18:30,2024-05-12 18:30:00,2024,5,12,18,133,34.0,952.1,42.0
Shivajinagar AWS,18.5308,73.8474,12-05-2024 18:35,2024-05-12 18:35:00,2024,5,12,18,133,34.0,952.13,43.0
Shivajinagar AWS,18.5308,73.8474,12-05-2024 18:40,2024-05-12 18:40:00,2024,5,12,18,133,33.8,952.16,43.1
Shivajinagar AWS,18.5308,73.8474,12-05-2024 18:45,2024-05-12 18:45:00,2024,5,12,18,133,33.6,952.25,44.2
Shivajinagar AWS,18.5308,73.8474,12-05-2024 18:50,2024-05-12 18:50:00,2024,5,12,18,133,33.4,952.2,45.1
Shivajinagar AWS,18.5308,73.8474,12-05-2024 18:55,2024-05-12 18:55:00,2024,5,12,18,133,33.3,952.25,45.7
Shivajinagar AWS,18.5308,73.8474,12-05-2024 19:00,2024-05-12 19:00:00,2024,5,12,19,133,33.2,952.18,46.8
Shivajinagar AWS,18.5308,73.8474,12-05-2024 19:05,2024-05-12 19:05:00,2024,5,12,19,133,33.1,952.33,48.1
Shivajinagar AWS,18.5308,73.8474,12-05-2024 19:10,2024-05-12 19:10:00,2024,5,12,19,133,33.0,952.25,48.3
Shivajinagar AWS,18.5308,73.8474,12-05-2024 19:15,2024-05-12 19:15:00,2024,5,12,19,133,32.6,952.16,48.3
Shivajinagar AWS,18.5308,73.8474,12-05-2024 19:20,2024-05-12 19:20:00,2024,5,12,19,133,32.4,952.19,47.9
Shivajinagar AWS,18.5308,73.8474,12-05-2024 19:25,2024-05-12 19:25:00,2024,5,12,19,133,32.3,952.18,49.2
Shivajinagar AWS,18.5308,73.8474,12-05-2024 19:30,2024-05-12 19:30:00,2024,5,12,19,133,32.4,952.18,49.4
Shivajinagar AWS,18.5308,73.8474,12-05-2024 19:35,2024-05-12 19:35:00,2024,5,12,19,133,32.0,952.17,50.2
Shivajinagar AWS,18.5308,73.8474,12-05-2024 19:40,2024-05-12 19:40:00,2024,5,12,19,133,32.0,952.05,50.3
Shivajinagar AWS,18.5308,73.8474,12-05-2024 19:45,2024-05-12 19:45:00,2024,5,12,19,133,31.9,952.15,51.3
Shivajinagar AWS,18.5308,73.8474,12-05-2024 19:50,2024-05-12 19:50:00,2024,5,12,19,133,31.7,952.19,51.4
Shivajinagar AWS,18.5308,73.8474,12-05-2024 19:55,2024-05-12 19:55:00,2024,5,12,19,133,31.8,952.25,51.3
Shivajinagar AWS,18.5308,73.8474,12-05-2024 20:00,2024-05-12 20:00:00,2024,5,12,20,133,31.7,952.16,51.6
Shivajinagar AWS,18.5308,73.8474,12-05-2024 20:05,2024-05-12 20:05:00,2024,5,12,20,133,31.6,952.15,51.8
Shivajinagar AWS,18.5308,73.8474,12-05-2024 20:10,2024-05-12 20:10:00,2024,5,12,20,133,31.4,952.11,52.5
Shivajinagar AWS,18.5308,73.8474,12-05-2024 20:15,2024-05-12 20:15:00,2024,5,12,20,133,31.1,952.15,52.9
Shivajinagar AWS,18.5308,73.8474,12-05-2024 20:20,2024-05-12 20:20:00,2024,5,12,20,133,30.9,952.18,53.6
Shivajinagar AWS,18.5308,73.8474,12-05-2024 20:25,2024-05-12 20:25:00,2024,5,12,20,133,30.6,952.13,53.9
Shivajinagar AWS,18.5308,73.8474,12-05-2024 20:30,2024-05-12 20:30:00,2024,5,12,20,133,30.4,951.94,54.1
Shivajinagar AWS,18.5308,73.8474,12-05-2024 20:35,2024-05-12 20:35:00,2024,5,12,20,133,29.9,952.02,54.3
Shivajinagar AWS,18.5308,73.8474,12-05-2024 20:40,2024-05-12 20:40:00,2024,5,12,20,133,29.8,952.0,55.6
Shivajinagar AWS,18.5308,73.8474,12-05-2024 20:45,2024-05-12 20:45:00,2024,5,12,20,133,29.6,951.88,56.1
Shivajinagar AWS,18.5308,73.8474,12-05-2024 20:50,2024-05-12 20:50:00,2024,5,12,20,133,29.4,951.84,55.7
Shivajinagar AWS,18.5308,73.8474,12-05-2024 20:55,2024-05-12 20:55:00,2024,5,12,20,133,29.2,951.64,56.0
Shivajinagar AWS,18.5308,73.8474,12-05-2024 21:00,2024-05-12 21:00:00,2024,5,12,21,133,28.8,951.66,56.5
Shivajinagar AWS,18.5308,73.8474,12-05-2024 21:05,2024-05-12 21:05:00,2024,5,12,21,133,29.0,951.46,57.7
Shivajinagar AWS,18.5308,73.8474,12-05-2024 21:10,2024-05-12 21:10:00,2024,5,12,21,133,28.8,951.38,58.6
Shivajinagar AWS,18.5308,73.8474,12-05-2024 21:15,2024-05-12 21:15:00,2024,5,12,21,133,28.6,951.33,58.6
Shivajinagar AWS,18.5308,73.8474,12-05-2024 21:20,2024-05-12 21:20:00,2024,5,12,21,133,28.3,951.34,60.0
Shivajinagar AWS,18.5308,73.8474,12-05-2024 21:25,2024-05-12 21:25:00,2024,5,12,21,133,28.1,951.27,60.4
Shivajinagar AWS,18.5308,73.8474,12-05-2024 21:30,2024-05-12 21:30:00,2024,5,12,21,133,28.2,951.24,61.3
Shivajinagar AWS,18.5308,73.8474,12-05-2024 21:35,2024-05-12 21:35:00,2024,5,12,21,133,28.2,951.16,61.2
Shivajinagar AWS,18.5308,73.8474,12-05-2024 21:40,2024-05-12 21:40:00,2024,5,12,21,133,28.1,951.08,60.6
Shivajinagar AWS,18.5308,73.8474,12-05-2024 21:45,2024-05-12 21:45:00,2024,5,12,21,133,28.0,951.01,60.5
Shivajinagar AWS,18.5308,73.8474,12-05-2024 21:50,2024-05-12 21:50:00,2024,5,12,21,133,27.8,950.92,59.7
Shivajinagar AWS,18.5308,73.8474,12-05-2024 21:55,2024-05-12 21:55:00,2024,5,12,21,133,27.4,950.71,61.1
Shivajinagar AWS,18.5308,73.8474,12-05-2024 22:00,2024-05-12 22:00:00,2024,5,12,22,133,27.2,950.57,61.6
Shivajinagar AWS,18.5308,73.8474,12-05-2024 22:05,2024-05-12 22:05:00,2024,5,12,22,133,27.0,950.52,61.7
Shivajinagar AWS,18.5308,73.8474,12-05-2024 22:10,2024-05-12 22:10:00,2024,5,12,22,133,27.0,950.43,62.4
Shivajinagar AWS,18.5308,73.8474,12-05-2024 22:15,2024-05-12 22:15:00,2024,5,12,22,133,26.9,950.35,62.9
Shivajinagar AWS,18.5308,73.8474,12-05-2024 22:20,2024-05-12 22:20:00,2024,5,12,22,133,27.0,950.26,63.7
Shivajinagar AWS,18.5308,73.8474,12-05-2024 22:25,2024-05-12 22:25:00,2024,5,12,22,133,27.0,950.12,64.6
Shivajinagar AWS,18.5308,73.8474,12-05-2024 22:30,2024-05-12 22:30:00,2024,5,12,22,133,26.8,950.02,64.9
Shivajinagar AWS,18.5308,73.8474,12-05-2024 22:35,2024-05-12 22:35:00,2024,5,12,22,133,26.3,949.94,64.9
Shivajinagar AWS,18.5308,73.8474,12-05-2024 22:40,2024-05-12 22:40:00,2024,5,12,22,133,26.4,949.88,65.7
Shivajinagar AWS,18.5308,73.8474,12-05-2024 22:45,2024-05-12 22:45:00,2024,5,12,22,133,26.4,949.85,66.4
Shivajinagar AWS,18.5308,73.8474,12-05-2024 22:50,2024-05-12 22:50:00,2024,5,12,22,133,26.1,949.78,66.9
Shivajinagar AWS,18.5308,73.8474,12-05-2024 22:55,2024-05-12 22:55:00,2024,5,12,22,133,26.1,949.64,68.1
Shivajinagar AWS,18.5308,73.8474,12-05-2024 23:00,2024-05-12 23:00:00,2024,5,12,23,133,26.0,949.48,68.3
Shivajinagar AWS,18.5308,73.8474,12-05-2024 23:05,2024-05-12 23:05:00,2024,5,12,23,133,25.9,949.64,68.2
Shivajinagar AWS,18.5308,73.8474,12-05-2024 23:10,2024-05-12 23:10:00,2024,5,12,23,133,26.0,949.5,68.8
Shivajinagar AWS,18.5308,73.8474,12-05-2024 23:15,2024-05-12 23:15:00,2024,5,12,23,133,26.0,949.41,68.8
Shivajinagar AWS,18.5308,73.8474,12-05-2024 23:20,2024-05-12 23:20:00,2024,5,12,23,133,25.9,949.41,69.4
Shivajinagar AWS,18.5308,73.8474,12-05-2024 23:25,2024-05-12 23:25:00,2024,5,12,23,133,25.8,949.39,69.4
Shivajinagar AWS,18.5308,73.8474,12-05-2024 23:30,2024-05-12 23:30:00,2024,5,12,23,133,25.8,949.39,69.5
Shivajinagar AWS,18.5308,73.8474,12-05-2024 23:35,2024-05-12 23:35:00,2024,5,12,23,133,25.5,949.31,70.6
Shivajinagar AWS,18.5308,73.8474,12-05-2024 23:40,2024-05-12 23:40:00,2024,5,12,23,133,25.4,949.29,70.8
Shivajinagar AWS,18.5308,73.8474,12-05-2024 23:45,2024-05-12 23:45:00,2024,5,12,23,133,25.1,949.26,70.8
Shivajinagar AWS,18.5308,73.8474,12-05-2024 23:50,2024-05-12 23:50:00,2024,5,12,23,133,24.9,949.19,71.5
Shivajinagar AWS,18.5308,73.8474,12-05-2024 23:55,2024-05-12 23:55:00,2024,5,12,23,133,24.7,949.18,71.4
Shivajinagar AWS,18.5308,73.8474,13-05-2024 00:00,2024-05-13 00:00:00,2024,5,13,0,134,24.5,949.23,71.4
Shivajinagar AWS,18.5308,73.8474,13-05-2024 00:05,2024-05-13 00:05:00,2024,5,13,0,134,24.3,949.2,72.0
Shivajinagar AWS,18.5308,73.8474,13-05-2024 00:10,2024-05-13 00:10:00,2024,5,13,0,134,24.2,949.17,72.6
Shivajinagar AWS,18.5308,73.8474,13-05-2024 00:15,2024-05-13 00:15:00,2024,5,13,0,134,24.1,949.23,73.4
Shivajinagar AWS,18.5308,73.8474,13-05-2024 00:20,2024-05-13 00:20:00,2024,5,13,0,134,2.318836213558903,949.27,73.3
Shivajinagar AWS,18.5308,73.8474,13-05-2024 00:25,2024-05-13 00:25:00,2024,5,13,0,134,2.2188362135589017,949.37,73.7
Shivajinagar AWS,18.5308,73.8474,13-05-2024 00:30,2024-05-13 00:30:00,2024,5,13,0,134,23.6,949.2,73.8
Shivajinagar AWS,18.5308,73.8474,13-05-2024 00:35,2024-05-13 00:35:00,2024,5,13,0,134,23.5,949.25,73.7
Shivajinagar AWS,18.5308,73.8474,13-05-2024 00:40,2024-05-13 00:40:00,2024,5,13,0,134,23.3,949.28,74.5
Shivajinagar AWS,18.5308,73.8474,13-05-2024 00:45,2024-05-13 00:45:00,2024,5,13,0,134,23.0,949.19,74.4
Shivajinagar AWS,18.5308,73.8474,13-05-2024 00:50,2024-05-13 00:50:00,2024,5,13,0,134,23.0,949.2,74.7
Shivajinagar AWS,18.5308,73.8474,13-05-2024 00:55,2024-05-13 00:55:00,2024,5,13,0,134,23.0,949.27,75.0
Shivajinagar AWS,18.5308,73.8474,13-05-2024 01:00,2024-05-13 01:00:00,2024,5,13,1,134,23.1,949.19,74.7
Shivajinagar AWS,18.5308,73.8474,13-05-2024 01:05,2024-05-13 01:05:00,2024,5,13,1,134,23.1,949.22,75.3
Shivajinagar AWS,18.5308,73.8474,13-05-2024 01:10,2024-05-13 01:10:00,2024,5,13,1,134,23.1,949.29,75.6
Shivajinagar AWS,18.5308,73.8474,13-05-2024 01:15,2024-05-13 01:15:00,2024,5,13,1,134,23.1,949.2,75.0
Shivajinagar AWS,18.5308,73.8474,13-05-2024 01:20,2024-05-13 01:20:00,2024,5,13,1,134,23.1,949.19,75.3
Shivajinagar AWS,18.5308,73.8474,13-05-2024 01:25,2024-05-13 01:25:00,2024,5,13,1,134,23.1,949.22,75.1
Shivajinagar AWS,18.5308,73.8474,13-05-2024 01:30,2024-05-13 01:30:00,2024,5,13,1,134,22.8,949.17,75.7
Shivajinagar AWS,18.5308,73.8474,13-05-2024 01:35,2024-05-13 01:35:00,2024,5,13,1,134,22.6,949.11,75.2
Shivajinagar AWS,18.5308,73.8474,13-05-2024 01:40,2024-05-13 01:40:00,2024,5,13,1,134,22.8,949.12,75.2
Shivajinagar AWS,18.5308,73.8474,13-05-2024 01:45,2024-05-13 01:45:00,2024,5,13,1,134,22.4,949.21,75.5
Shivajinagar AWS,18.5308,73.8474,13-05-2024 01:50,2024-05-13 01:50:00,2024,5,13,1,134,22.3,949.29,75.7
Shivajinagar AWS,18.5308,73.8474,13-05-2024 01:55,2024-05-13 01:55:00,2024,5,13,1,134,22.5,949.24,76.1
Shivajinagar AWS,18.5308,73.8474,13-05-2024 02:00,2024-05-13 02:00:00,2024,5,13,2,134,22.4,949.33,75.5
Shivajinagar AWS,18.5308,73.8474,13-05-2024 02:05,2024-05-13 02:05:00,2024,5,13,2,134,22.3,949.29,76.3
Shivajinagar AWS,18.5308,73.8474,13-05-2024 02:10,2024-05-13 02:10:00,2024,5,13,2,134,22.3,949.2,76.6
Shivajinagar AWS,18.5308,73.8474,13-05-2024 02:15,2024-05-13 02:15:00,2024,5,13,2,134,22.3,949.21,77.2
Shivajinagar AWS,18.5308,73.8474,13-05-2024 02:20,2024-05-13 02:20:00,2024,5,13,2,134,22.3,949.35,77.5
Shivajinagar AWS,18.5308,73.8474,13-05-2024 02:25,2024-05-13 02:25:00,2024,5,13,2,134,22.1,949.45,77.5
Shivajinagar AWS,18.5308,73.8474,13-05-2024 02:30,2024-05-13 02:30:00,2024,5,13,2,134,22.3,949.49,76.9
Shivajinagar AWS,18.5308,73.8474,13-05-2024 02:35,2024-05-13 02:35:00,2024,5,13,2,134,22.5,949.51,76.7
Shivajinagar AWS,18.5308,73.8474,13-05-2024 02:40,2024-05-13 02:40:00,2024,5,13,2,134,22.5,949.53,77.3
Shivajinagar AWS,18.5308,73.8474,13-05-2024 02:45,2024-05-13 02:45:00,2024,5,13,2,134,22.3,949.59,77.8
Shivajinagar AWS,18.5308,73.8474,13-05-2024 02:50,2024-05-13 02:50:00,2024,5,13,2,134,22.2,949.56,77.5
Shivajinagar AWS,18.5308,73.8474,13-05-2024 02:55,2024-05-13 02:55:00,2024,5,13,2,134,22.2,949.6,76.2
Shivajinagar AWS,18.5308,73.8474,13-05-2024 03:00,2024-05-13 03:00:00,2024,5,13,3,134,22.3,949.64,76.1
Shivajinagar AWS,18.5308,73.8474,13-05-2024 03:05,2024-05-13 03:05:00,2024,5,13,3,134,22.1,949.6,76.0
Shivajinagar AWS,18.5308,73.8474,13-05-2024 03:10,2024-05-13 03:10:00,2024,5,13,3,134,22.1,949.6,75.8
Shivajinagar AWS,18.5308,73.8474,13-05-2024 03:15,2024-05-13 03:15:00,2024,5,13,3,134,22.2,949.71,76.0
Shivajinagar AWS,18.5308,73.8474,13-05-2024 03:20,2024-05-13 03:20:00,2024,5,13,3,134,22.3,949.78,76.2
Shivajinagar AWS,18.5308,73.8474,13-05-2024 03:25,2024-05-13 03:25:00,2024,5,13,3,134,22.3,949.83,76.5
Shivajinagar AWS,18.5308,73.8474,13-05-2024 03:30,2024-05-13 03:30:00,2024,5,13,3,134,22.1,949.84,76.6
Shivajinagar AWS,18.5308,73.8474,13-05-2024 03:35,2024-05-13 03:35:00,2024,5,13,3,134,22.7,950.04,75.7
Shivajinagar AWS,18.5308,73.8474,13-05-2024 03:40,2024-05-13 03:40:00,2024,5,13,3,134,22.8,950.05,75.4
Shivajinagar AWS,18.5308,73.8474,13-05-2024 03:45,2024-05-13 03:45:00,2024,5,13,3,134,22.8,950.15,76.2
Shivajinagar AWS,18.5308,73.8474,13-05-2024 03:50,2024-05-13 03:50:00,2024,5,13,3,134,22.8,950.18,76.2
Shivajinagar AWS,18.5308,73.8474,13-05-2024 03:55,2024-05-13 03:55:00,2024,5,13,3,134,22.8,950.27,76.1
Shivajinagar AWS,18.5308,73.8474,13-05-2024 04:00,2024-05-13 04:00:00,2024,5,13,4,134,22.8,950.38,76.1
Shivajinagar AWS,18.5308,73.8474,13-05-2024 04:05,2024-05-13 04:05:00,2024,5,13,4,134,22.8,950.35,76.0
Shivajinagar AWS,18.5308,73.8474,13-05-2024 04:10,2024-05-13 04:10:00,2024,5,13,4,134,22.8,950.42,74.8
Shivajinagar AWS,18.5308,73.8474,13-05-2024 04:15,2024-05-13 04:15:00,2024,5,13,4,134,22.8,950.6,74.5
Shivajinagar AWS,18.5308,73.8474,13-05-2024 04:20,2024-05-13 04:20:00,2024,5,13,4,134,22.8,950.82,74.3
Shivajinagar AWS,18.5308,73.8474,13-05-2024 04:25,2024-05-13 04:25:00,2024,5,13,4,134,23.4,950.87,74.6
Shivajinagar AWS,18.5308,73.8474,13-05-2024 04:30,2024-05-13 04:30:00,2024,5,13,4,134,23.3,950.94,74.3
Shivajinagar AWS,18.5308,73.8474,13-05-2024 04:35,2024-05-13 04:35:00,2024,5,13,4,134,23.2,951.19,73.4
Shivajinagar AWS,18.5308,73.8474,13-05-2024 04:40,2024-05-13 04:40:00,2024,5,13,4,134,23.2,951.34,73.4
Shivajinagar AWS,18.5308,73.8474,13-05-2024 04:45,2024-05-13 04:45:00,2024,5,13,4,134,23.2,951.34,72.8
Shivajinagar AWS,18.5308,73.8474,13-05-2024 04:50,2024-05-13 04:50:00,2024,5,13,4,134,23.2,951.35,72.1
Shivajinagar AWS,18.5308,73.8474,13-05-2024 04:55,2024-05-13 04:55:00,2024,5,13,4,134,23.4,951.48,71.5
Shivajinagar AWS,18.5308,73.8474,13-05-2024 05:00,2024-05-13 05:00:00,2024,5,13,5,134,23.7,951.46,71.5
Shivajinagar AWS,18.5308,73.8474,13-05-2024 05:05,2024-05-13 05:05:00,2024,5,13,5,134,23.9,951.6,71.7
Shivajinagar AWS,18.5308,73.8474,13-05-2024 05:10,2024-05-13 05:10:00,2024,5,13,5,134,23.9,951.68,71.7
Shivajinagar AWS,18.5308,73.8474,13-05-2024 05:15,2024-05-13 05:15:00,2024,5,13,5,134,24.0,951.77,71.6
Shivajinagar AWS,18.5308,73.8474,13-05-2024 05:20,2024-05-13 05:20:00,2024,5,13,5,134,24.1,951.79,71.5
Shivajinagar AWS,18.5308,73.8474,13-05-2024 05:25,2024-05-13 05:25:00,2024,5,13,5,134,24.0,951.79,71.2
Shivajinagar AWS,18.5308,73.8474,13-05-2024 05:30,2024-05-13 05:30:00,2024,5,13,5,134,24.2,951.95,71.1
Shivajinagar AWS,18.5308,73.8474,13-05-2024 05:35,2024-05-13 05:35:00,2024,5,13,5,134,24.0,951.97,69.8
Shivajinagar AWS,18.5308,73.8474,13-05-2024 05:40,2024-05-13 05:40:00,2024,5,13,5,134,24.5,951.97,69.5
Shivajinagar AWS,18.5308,73.8474,13-05-2024 05:45,2024-05-13 05:45:00,2024,5,13,5,134,24.5,952.0,68.8
Shivajinagar AWS,18.5308,73.8474,13-05-2024 05:50,2024-05-13 05:50:00,2024,5,13,5,134,24.6,952.05,68.9
Shivajinagar AWS,18.5308,73.8474,13-05-2024 05:55,2024-05-13 05:55:00,2024,5,13,5,134,24.6,952.01,68.5
Shivajinagar AWS,18.5308,73.8474,13-05-2024 06:00,2024-05-13 06:00:00,2024,5,13,6,134,24.6,951.99,68.2
Shivajinagar AWS,18.5308,73.8474,13-05-2024 06:05,2024-05-13 06:05:00,2024,5,13,6,134,25.1,951.98,67.2
Shivajinagar AWS,18.5308,73.8474,13-05-2024 06:10,2024-05-13 06:10:00,2024,5,13,6,134,25.3,952.08,67.3
Shivajinagar AWS,18.5308,73.8474,13-05-2024 06:15,2024-05-13 06:15:00,2024,5,13,6,134,25.2,952.04,67.1
Shivajinagar AWS,18.5308,73.8474,13-05-2024 06:20,2024-05-13 06:20:00,2024,5,13,6,134,25.5,951.93,67.0
Shivajinagar AWS,18.5308,73.8474,13-05-2024 06:25,2024-05-13 06:25:00,2024,5,13,6,134,25.8,951.8,66.2
Shivajinagar AWS,18.5308,73.8474,13-05-2024 06:30,2024-05-13 06:30:00,2024,5,13,6,134,25.9,951.72,65.5
Shivajinagar AWS,18.5308,73.8474,13-05-2024 06:35,2024-05-13 06:35:00,2024,5,13,6,134,26.0,951.86,65.2
Shivajinagar AWS,18.5308,73.8474,13-05-2024 06:40,2024-05-13 06:40:00,2024,5,13,6,134,26.1,951.89,64.6
Shivajinagar AWS,18.5308,73.8474,13-05-2024 06:45,2024-05-13 06:45:00,2024,5,13,6,134,26.5,951.96,64.4
Shivajinagar AWS,18.5308,73.8474,13-05-2024 06:50,2024-05-13 06:50:00,2024,5,13,6,134,26.5,952.02,63.1
Shivajinagar AWS,18.5308,73.8474,13-05-2024 06:55,2024-05-13 06:55:00,2024,5,13,6,134,26.7,952.04,62.5
Shivajinagar AWS,18.5308,73.8474,13-05-2024 07:00,2024-05-13 07:00:00,2024,5,13,7,134,26.7,952.05,62.9
Shivajinagar AWS,18.5308,73.8474,13-05-2024 07:05,2024-05-13 07:05:00,2024,5,13,7,134,26.6,952.14,62.7
Shivajinagar AWS,18.5308,73.8474,13-05-2024 07:10,2024-05-13 07:10:00,2024,5,13,7,134,27.1,952.16,62.3
Shivajinagar AWS,18.5308,73.8474,13-05-2024 07:15,2024-05-13 07:15:00,2024,5,13,7,134,27.0,952.27,62.7
Shivajinagar AWS,18.5308,73.8474,13-05-2024 07:20,2024-05-13 07:20:00,2024,5,13,7,134,27.2,952.31,61.3
Shivajinagar AWS,18.5308,73.8474,13-05-2024 07:25,2024-05-13 07:25:00,2024,5,13,7,134,27.0,952.25,60.5
Shivajinagar AWS,18.5308,73.8474,13-05-2024 07:30,2024-05-13 07:30:00,2024,5,13,7,134,27.1,952.2,59.9
Shivajinagar AWS,18.5308,73.8474,13-05-2024 07:35,2024-05-13 07:35:00,2024,5,13,7,134,27.3,952.13,59.9
Shivajinagar AWS,18.5308,73.8474,13-05-2024 07:40,2024-05-13 07:40:00,2024,5,13,7,134,27.3,952.21,59.8
Shivajinagar AWS,18.5308,73.8474,13-05-2024 07:45,2024-05-13 07:45:00,2024,5,13,7,134,27.6,952.16,59.0
Shivajinagar AWS,18.5308,73.8474,13-05-2024 07:50,2024-05-13 07:50:00,2024,5,13,7,134,27.7,952.07,59.0
Shivajinagar AWS,18.5308,73.8474,13-05-2024 07:55,2024-05-13 07:55:00,2024,5,13,7,134,28.0,952.07,58.3
Shivajinagar AWS,18.5308,73.8474,13-05-2024 08:00,2024-05-13 08:00:00,2024,5,13,8,134,28.3,952.04,58.4
Shivajinagar AWS,18.5308,73.8474,13-05-2024 08:05,2024-05-13 08:05:00,2024,5,13,8,134,28.4,952.04,57.5
Shivajinagar AWS,18.5308,73.8474,13-05-2024 08:10,2024-05-13 08:10:00,2024,5,13,8,134,28.5,952.16,57.0
Shivajinagar AWS,18.5308,73.8474,13-05-2024 08:15,2024-05-13 08:15:00,2024,5,13,8,134,28.7,952.19,56.3
Shivajinagar AWS,18.5308,73.8474,13-05-2024 08:20,2024-05-13 08:20:00,2024,5,13,8,134,28.9,952.15,56.3
Shivajinagar AWS,18.5308,73.8474,13-05-2024 08:25,2024-05-13 08:25:00,2024,5,13,8,134,29.0,951.99,55.6
Shivajinagar AWS,18.5308,73.8474,13-05-2024 08:30,2024-05-13 08:30:00,2024,5,13,8,134,29.2,951.91,55.1
Shivajinagar AWS,18.5308,73.8474,13-05-2024 08:35,2024-05-13 08:35:00,2024,5,13,8,134,29.3,951.92,54.8
Shivajinagar AWS,18.5308,73.8474,13-05-2024 08:40,2024-05-13 08:40:00,2024,5,13,8,134,29.5,951.78,54.6
Shivajinagar AWS,18.5308,73.8474,13-05-2024 08:45,2024-05-13 08:45:00,2024,5,13,8,134,29.8,951.91,54.5
Shivajinagar AWS,18.5308,73.8474,13-05-2024 08:50,2024-05-13 08:50:00,2024,5,13,8,134,30.0,951.85,54.0
Shivajinagar AWS,18.5308,73.8474,13-05-2024 08:55,2024-05-13 08:55:00,2024,5,13,8,134,30.2,951.8,53.4
Shivajinagar AWS,18.5308,73.8474,13-05-2024 09:00,2024-05-13 09:00:00,2024,5,13,9,134,30.5,951.69,52.7
Shivajinagar AWS,18.5308,73.8474,13-05-2024 09:05,2024-05-13 09:05:00,2024,5,13,9,134,30.5,951.68,52.3
Shivajinagar AWS,18.5308,73.8474,13-05-2024 09:10,2024-05-13 09:10:00,2024,5,13,9,134,30.7,951.53,51.9
Shivajinagar AWS,18.5308,73.8474,13-05-2024 09:15,2024-05-13 09:15:00,2024,5,13,9,134,30.7,951.64,51.3
Shivajinagar AWS,18.5308,73.8474,13-05-2024 09:20,2024-05-13 09:20:00,2024,5,13,9,134,31.0,951.69,50.9
Shivajinagar AWS,18.5308,73.8474,13-05-2024 09:25,2024-05-13 09:25:00,2024,5,13,9,134,30.7,951.7,49.8
Shivajinagar AWS,18.5308,73.8474,13-05-2024 09:30,2024-05-13 09:30:00,2024,5,13,9,134,30.8,951.51,49.6
Shivajinagar AWS,18.5308,73.8474,13-05-2024 09:35,2024-05-13 09:35:00,2024,5,13,9,134,31.1,951.46,49.2
Shivajinagar AWS,18.5308,73.8474,13-05-2024 09:40,2024-05-13 09:40:00,2024,5,13,9,134,31.0,951.49,49.2
Shivajinagar AWS,18.5308,73.8474,13-05-2024 09:45,2024-05-13 09:45:00,2024,5,13,9,134,31.2,951.47,48.7
Shivajinagar AWS,18.5308,73.8474,13-05-2024 09:50,2024-05-13 09:50:00,2024,5,13,9,134,31.2,951.31,47.6
Shivajinagar AWS,18.5308,73.8474,13-05-2024 09:55,2024-05-13 09:55:00,2024,5,13,9,134,31.3,951.19,47.0
Shivajinagar AWS,18.5308,73.8474,13-05-2024 10:00,2024-05-13 10:00:00,2024,5,13,10,134,31.6,951.09,46.5
Shivajinagar AWS,18.5308,73.8474,13-05-2024 10:05,2024-05-13 10:05:00,2024,5,13,10,134,31.8,950.97,46.4
Shivajinagar AWS,18.5308,73.8474,13-05-2024 10:10,2024-05-13 10:10:00,2024,5,13,10,134,31.6,951.03,45.1
Shivajinagar AWS,18.5308,73.8474,13-05-2024 10:15,2024-05-13 10:15:00,2024,5,13,10,134,31.6,950.81,44.8
Shivajinagar AWS,18.5308,73.8474,13-05-2024 10:20,2024-05-13 10:20:00,2024,5,13,10,134,31.9,950.8,44.6
Shivajinagar AWS,18.5308,73.8474,13-05-2024 10:25,2024-05-13 10:25:00,2024,5,13,10,134,32.1,950.64,43.9
Shivajinagar AWS,18.5308,73.8474,13-05-2024 10:30,2024-05-13 10:30:00,2024,5,13,10,134,32.5,950.5,43.6
Shivajinagar AWS,18.5308,73.8474,13-05-2024 10:35,2024-05-13 10:35:00,2024,5,13,10,134,32.9,950.29,43.0
Shivajinagar AWS,18.5308,73.8474,13-05-2024 10:40,2024-05-13 10:40:00,2024,5,13,10,134,32.9,950.2,42.3
Shivajinagar AWS,18.5308,73.8474,13-05-2024 10:45,2024-05-13 10:45:00,2024,5,13,10,134,33.4,950.28,41.9
Shivajinagar AWS,18.5308,73.8474,13-05-2024 10:50,2024-05-13 10:50:00,2024,5,13,10,134,33.5,950.25,41.2
Shivajinagar AWS,18.5308,73.8474,13-05-2024 10:55,2024-05-13 10:55:00,2024,5,13,10,134,33.4,950.11,41.2
Shivajinagar AWS,18.5308,73.8474,13-05-2024 11:00,2024-05-13 11:00:00,2024,5,13,11,134,33.4,950.14,40.6
Shivajinagar AWS,18.5308,73.8474,13-05-2024 11:05,2024-05-13 11:05:00,2024,5,13,11,134,33.2,950.2,39.9
Shivajinagar AWS,18.5308,73.8474,13-05-2024 11:10,2024-05-13 11:10:00,2024,5,13,11,134,33.5,950.16,40.4
Shivajinagar AWS,18.5308,73.8474,13-05-2024 11:15,2024-05-13 11:15:00,2024,5,13,11,134,33.9,950.28,40.4
Shivajinagar AWS,18.5308,73.8474,13-05-2024 11:20,2024-05-13 11:20:00,2024,5,13,11,134,33.8,950.29,39.4
Shivajinagar AWS,18.5308,73.8474,13-05-2024 11:25,2024-05-13 11:25:00,2024,5,13,11,134,33.9,950.3,38.8
Shivajinagar AWS,18.5308,73.8474,13-05-2024 11:30,2024-05-13 11:30:00,2024,5,13,11,134,34.0,950.18,38.6
Shivajinagar AWS,18.5308,73.8474,13-05-2024 11:35,2024-05-13 11:35:00,2024,5,13,11,134,33.9,950.18,38.5
Shivajinagar AWS,18.5308,73.8474,13-05-2024 11:40,2024-05-13 11:40:00,2024,5,13,11,134,33.8,950.16,37.6
Shivajinagar AWS,18.5308,73.8474,13-05-2024 11:45,2024-05-13 11:45:00,2024,5,13,11,134,33.8,950.15,37.9
Shivajinagar AWS,18.5308,73.8474,13-05-2024 11:50,2024-05-13 11:50:00,2024,5,13,11,134,33.9,950.06,37.9
Shivajinagar AWS,18.5308,73.8474,13-05-2024 11:55,2024-05-13 11:55:00,2024,5,13,11,134,33.9,950.03,37.9
Shivajinagar AWS,18.5308,73.8474,13-05-2024 12:00,2024-05-13 12:00:00,2024,5,13,12,134,34.1,949.93,38.1
Shivajinagar AWS,18.5308,73.8474,13-05-2024 12:05,2024-05-13 12:05:00,2024,5,13,12,134,34.4,949.73,38.0
Shivajinagar AWS,18.5308,73.8474,13-05-2024 12:10,2024-05-13 12:10:00,2024,5,13,12,134,34.4,949.79,37.9
Shivajinagar AWS,18.5308,73.8474,13-05-2024 12:15,2024-05-13 12:15:00,2024,5,13,12,134,34.5,949.65,38.3
Shivajinagar AWS,18.5308,73.8474,13-05-2024 12:20,2024-05-13 12:20:00,2024,5,13,12,134,34.7,949.64,38.4
Shivajinagar AWS,18.5308,73.8474,13-05-2024 12:25,2024-05-13 12:25:00,2024,5,13,12,134,34.9,949.66,37.7
Shivajinagar AWS,18.5308,73.8474,13-05-2024 12:30,2024-05-13 12:30:00,2024,5,13,12,134,34.9,949.68,37.7
Shivajinagar AWS,18.5308,73.8474,13-05-2024 12:35,2024-05-13 12:35:00,2024,5,13,12,134,34.9,949.65,37.1
Shivajinagar AWS,18.5308,73.8474,13-05-2024 12:40,2024-05-13 12:40:00,2024,5,13,12,134,35.1,949.67,37.1
Shivajinagar AWS,18.5308,73.8474,13-05-2024 12:45,2024-05-13 12:45:00,2024,5,13,12,134,35.0,949.7,37.0
Shivajinagar AWS,18.5308,73.8474,13-05-2024 12:50,2024-05-13 12:50:00,2024,5,13,12,134,35.2,949.76,36.2
Shivajinagar AWS,18.5308,73.8474,13-05-2024 12:55,2024-05-13 12:55:00,2024,5,13,12,134,35.5,949.9,35.9
Shivajinagar AWS,18.5308,73.8474,13-05-2024 13:00,2024-05-13 13:00:00,2024,5,13,13,134,35.4,949.92,35.8
Shivajinagar AWS,18.5308,73.8474,13-05-2024 13:05,2024-05-13 13:05:00,2024,5,13,13,134,35.5,949.92,35.4
Shivajinagar AWS,18.5308,73.8474,13-05-2024 13:10,2024-05-13 13:10:00,2024,5,13,13,134,35.6,949.85,35.4
Shivajinagar AWS,18.5308,73.8474,13-05-2024 13:15,2024-05-13 13:15:00,2024,5,13,13,134,35.6,949.9,35.5
Shivajinagar AWS,18.5308,73.8474,13-05-2024 13:20,2024-05-13 13:20:00,2024,5,13,13,134,35.7,949.96,35.3
Shivajinagar AWS,18.5308,73.8474,13-05-2024 13:25,2024-05-13 13:25:00,2024,5,13,13,134,35.8,949.96,35.2
Shivajinagar AWS,18.5308,73.8474,13-05-2024 13:30,2024-05-13 13:30:00,2024,5,13,13,134,35.6,950.02,35.6
Shivajinagar AWS,18.5308,73.8474,13-05-2024 13:35,2024-05-13 13:35:00,2024,5,13,13,134,35.7,950.01,35.6
Shivajinagar AWS,18.5308,73.8474,13-05-2024 13:40,2024-05-13 13:40:00,2024,5,13,13,134,35.5,950.09,35.5
Shivajinagar AWS,18.5308,73.8474,13-05-2024 13:45,2024-05-13 13:45:00,2024,5,13,13,134,35.7,950.18,35.0
Shivajinagar AWS,18.5308,73.8474,13-05-2024 13:50,2024-05-13 13:50:00,2024,5,13,13,134,35.6,950.28,35.1
Shivajinagar AWS,18.5308,73.8474,13-05-2024 13:55,2024-05-13 13:55:00,2024,5,13,13,134,35.6,950.31,35.1
Shivajinagar AWS,18.5308,73.8474,13-05-2024 14:00,2024-05-13 14:00:00,2024,5,13,14,134,35.8,950.25,35.5
Shivajinagar AWS,18.5308,73.8474,13-05-2024 14:05,2024-05-13 14:05:00,2024,5,13,14,134,35.9,950.23,35.4
Shivajinagar AWS,18.5308,73.8474,13-05-2024 14:10,2024-05-13 14:10:00,2024,5,13,14,134,35.8,950.32,34.5
Shivajinagar AWS,18.5308,73.8474,13-05-2024 14:15,2024-05-13 14:15:00,2024,5,13,14,134,35.6,950.55,33.8
Shivajinagar AWS,18.5308,73.8474,13-05-2024 14:20,2024-05-13 14:20:00,2024,5,13,14,134,35.5,950.56,34.0
Shivajinagar AWS,18.5308,73.8474,13-05-2024 14:25,2024-05-13 14:25:00,2024,5,13,14,134,35.6,950.63,33.8
Shivajinagar AWS,18.5308,73.8474,13-05-2024 14:30,2024-05-13 14:30:00,2024,5,13,14,134,35.7,950.62,33.9
Shivajinagar AWS,18.5308,73.8474,13-05-2024 14:35,2024-05-13 14:35:00,2024,5,13,14,134,35.5,950.59,34.0
Shivajinagar AWS,18.5308,73.8474,13-05-2024 14:40,2024-05-13 14:40:00,2024,5,13,14,134,35.4,950.58,33.9
Shivajinagar AWS,18.5308,73.8474,13-05-2024 14:45,2024-05-13 14:45:00,2024,5,13,14,134,35.4,950.47,33.9
Shivajinagar AWS,18.5308,73.8474,13-05-2024 14:50,2024-05-13 14:50:00,2024,5,13,14,134,35.4,950.64,33.5
Shivajinagar AWS,18.5308,73.8474,13-05-2024 14:55,2024-05-13 14:55:00,2024,5,13,14,134,35.7,950.52,33.6
Shivajinagar AWS,18.5308,73.8474,13-05-2024 15:00,2024-05-13 15:00:00,2024,5,13,15,134,35.7,950.56,33.4
Shivajinagar AWS,18.5308,73.8474,13-05-2024 15:05,2024-05-13 15:05:00,2024,5,13,15,134,35.9,950.54,33.4
Shivajinagar AWS,18.5308,73.8474,13-05-2024 15:10,2024-05-13 15:10:00,2024,5,13,15,134,35.7,950.54,33.3
Shivajinagar AWS,18.5308,73.8474,13-05-2024 15:15,2024-05-13 15:15:00,2024,5,13,15,134,35.5,950.73,33.4
Shivajinagar AWS,18.5308,73.8474,13-05-2024 15:20,2024-05-13 15:20:00,2024,5,13,15,134,35.3,950.82,33.9
Shivajinagar AWS,18.5308,73.8474,13-05-2024 15:25,2024-05-13 15:25:00,2024,5,13,15,134,35.4,950.82,33.9
Shivajinagar AWS,18.5308,73.8474,13-05-2024 15:30,2024-05-13 15:30:00,2024,5,13,15,134,35.7,950.85,34.5
Shivajinagar AWS,18.5308,73.8474,13-05-2024 15:35,2024-05-13 15:35:00,2024,5,13,15,134,35.5,950.87,35.2
Shivajinagar AWS,18.5308,73.8474,13-05-2024 15:40,2024-05-13 15:40:00,2024,5,13,15,134,35.4,950.95,35.7
Shivajinagar AWS,18.5308,73.8474,13-05-2024 15:45,2024-05-13 15:45:00,2024,5,13,15,134,35.1,951.05,36.0
Shivajinagar AWS,18.5308,73.8474,13-05-2024 15:50,2024-05-13 15:50:00,2024,5,13,15,134,34.8,951.28,36.2
Shivajinagar AWS,18.5308,73.8474,13-05-2024 15:55,2024-05-13 15:55:00,2024,5,13,15,134,34.9,951.21,36.6
Shivajinagar AWS,18.5308,73.8474,13-05-2024 16:00,2024-05-13 16:00:00,2024,5,13,16,134,34.9,951.29,36.8
Shivajinagar AWS,18.5308,73.8474,13-05-2024 16:05,2024-05-13 16:05:00,2024,5,13,16,134,34.9,951.35,37.3
Shivajinagar AWS,18.5308,73.8474,13-05-2024 16:10,2024-05-13 16:10:00,2024,5,13,16,134,34.6,951.51,37.6
Shivajinagar AWS,18.5308,73.8474,13-05-2024 16:15,2024-05-13 16:15:00,2024,5,13,16,134,34.8,951.61,37.6
Shivajinagar AWS,18.5308,73.8474,13-05-2024 16:20,2024-05-13 16:20:00,2024,5,13,16,134,34.7,951.74,38.1
Shivajinagar AWS,18.5308,73.8474,13-05-2024 16:25,2024-05-13 16:25:00,2024,5,13,16,134,34.7,951.84,38.2
Shivajinagar AWS,18.5308,73.8474,13-05-2024 16:30,2024-05-13 16:30:00,2024,5,13,16,134,34.4,951.84,38.3
Shivajinagar AWS,18.5308,73.8474,13-05-2024 16:35,2024-05-13 16:35:00,2024,5,13,16,134,34.3,952.02,38.3
Shivajinagar AWS,18.5308,73.8474,13-05-2024 16:40,2024-05-13 16:40:00,2024,5,13,16,134,34.3,952.15,38.5
Shivajinagar AWS,18.5308,73.8474,13-05-2024 16:45,2024-05-13 16:45:00,2024,5,13,16,134,34.3,952.29,39.1
Shivajinagar AWS,18.5308,73.8474,13-05-2024 16:50,2024-05-13 16:50:00,2024,5,13,16,134,34.2,952.46,39.7
Shivajinagar AWS,18.5308,73.8474,13-05-2024 16:55,2024-05-13 16:55:00,2024,5,13,16,134,34.2,952.55,40.0
Shivajinagar AWS,18.5308,73.8474,13-05-2024 17:00,2024-05-13 17:00:00,2024,5,13,17,134,34.0,952.73,40.4
Shivajinagar AWS,18.5308,73.8474,13-05-2024 17:05,2024-05-13 17:05:00,2024,5,13,17,134,33.9,952.81,41.1
Shivajinagar AWS,18.5308,73.8474,13-05-2024 17:10,2024-05-13 17:10:00,2024,5,13,17,134,33.9,952.84,41.2
Shivajinagar AWS,18.5308,73.8474,13-05-2024 17:15,2024-05-13 17:15:00,2024,5,13,17,134,33.8,952.89,40.9
Shivajinagar AWS,18.5308,73.8474,13-05-2024 17:20,2024-05-13 17:20:00,2024,5,13,17,134,33.7,952.93,41.7
Shivajinagar AWS,18.5308,73.8474,13-05-2024 17:25,2024-05-13 17:25:00,2024,5,13,17,134,33.4,952.94,41.7
Shivajinagar AWS,18.5308,73.8474,13-05-2024 17:30,2024-05-13 17:30:00,2024,5,13,17,134,33.2,953.12,41.6
Shivajinagar AWS,18.5308,73.8474,13-05-2024 17:35,2024-05-13 17:35:00,2024,5,13,17,134,32.7,953.18,41.2
Shivajinagar AWS,18.5308,73.8474,13-05-2024 17:40,2024-05-13 17:40:00,2024,5,13,17,134,32.8,953.23,41.7
Shivajinagar AWS,18.5308,73.8474,13-05-2024 17:45,2024-05-13 17:45:00,2024,5,13,17,134,32.8,953.29,41.3
Shivajinagar AWS,18.5308,73.8474,13-05-2024 17:50,2024-05-13 17:50:00,2024,5,13,17,134,32.9,953.56,41.4
Shivajinagar AWS,18.5308,73.8474,13-05-2024 17:55,2024-05-13 17:55:00,2024,5,13,17,134,32.8,953.49,42.0
Shivajinagar AWS,18.5308,73.8474,13-05-2024 18:00,2024-05-13 18:00:00,2024,5,13,18,134,32.4,953.45,42.6
Shivajinagar AWS,18.5308,73.8474,13-05-2024 18:05,2024-05-13 18:05:00,2024,5,13,18,134,32.2,953.37,42.7
Shivajinagar AWS,18.5308,73.8474,13-05-2024 18:10,2024-05-13 18:10:00,2024,5,13,18,134,32.1,953.37,43.1
Shivajinagar AWS,18.5308,73.8474,13-05-2024 18:15,2024-05-13 18:15:00,2024,5,13,18,134,32.0,953.42,43.1
Shivajinagar AWS,18.5308,73.8474,13-05-2024 18:20,2024-05-13 18:20:00,2024,5,13,18,134,31.9,953.41,43.3
Shivajinagar AWS,18.5308,73.8474,13-05-2024 18:25,2024-05-13 18:25:00,2024,5,13,18,134,31.9,953.38,43.8
Shivajinagar AWS,18.5308,73.8474,13-05-2024 18:30,2024-05-13 18:30:00,2024,5,13,18,134,31.8,953.42,44.0
Shivajinagar AWS,18.5308,73.8474,13-05-2024 18:35,2024-05-13 18:35:00,2024,5,13,18,134,31.7,953.4,44.4
Shivajinagar AWS,18.5308,73.8474,13-05-2024 19:15,2024-05-13 19:15:00,2024,5,13,19,134,30.5,953.68,47.6
Shivajinagar AWS,18.5308,73.8474,13-05-2024 19:20,2024-05-13 19:20:00,2024,5,13,19,134,30.4,953.64,49.4
Shivajinagar AWS,18.5308,73.8474,13-05-2024 19:25,2024-05-13 19:25:00,2024,5,13,19,134,30.1,953.58,49.7
Shivajinagar AWS,18.5308,73.8474,13-05-2024 19:30,2024-05-13 19:30:00,2024,5,13,19,134,30.1,953.63,50.6
Shivajinagar AWS,18.5308,73.8474,13-05-2024 19:35,2024-05-13 19:35:00,2024,5,13,19,134,29.9,953.64,50.5
Shivajinagar AWS,18.5308,73.8474,13-05-2024 19:40,2024-05-13 19:40:00,2024,5,13,19,134,29.7,953.67,51.3
Shivajinagar AWS,18.5308,73.8474,13-05-2024 19:45,2024-05-13 19:45:00,2024,5,13,19,134,29.9,953.55,52.5
Shivajinagar AWS,18.5308,73.8474,13-05-2024 19:50,2024-05-13 19:50:00,2024,5,13,19,134,29.8,953.64,52.9
Shivajinagar AWS,18.5308,73.8474,13-05-2024 19:55,2024-05-13 19:55:00,2024,5,13,19,134,29.4,953.58,52.9
Shivajinagar AWS,18.5308,73.8474,13-05-2024 20:00,2024-05-13 20:00:00,2024,5,13,20,134,29.0,953.46,53.3
Shivajinagar AWS,18.5308,73.8474,13-05-2024 20:05,2024-05-13 20:05:00,2024,5,13,20,134,28.9,953.39,52.8
Shivajinagar AWS,18.5308,73.8474,13-05-2024 20:10,2024-05-13 20:10:00,2024,5,13,20,134,28.6,953.56,53.3
Shivajinagar AWS,18.5308,73.8474,13-05-2024 20:15,2024-05-13 20:15:00,2024,5,13,20,134,28.6,953.49,54.1
Shivajinagar AWS,18.5308,73.8474,13-05-2024 20:20,2024-05-13 20:20:00,2024,5,13,20,134,28.5,953.42,54.5
Shivajinagar AWS,18.5308,73.8474,13-05-2024 20:25,2024-05-13 20:25:00,2024,5,13,20,134,28.4,953.36,54.9
Shivajinagar AWS,18.5308,73.8474,13-05-2024 20:30,2024-05-13 20:30:00,2024,5,13,20,134,28.2,953.31,55.6
Shivajinagar AWS,18.5308,73.8474,13-05-2024 20:35,2024-05-13 20:35:00,2024,5,13,20,134,28.3,953.2,56.3
Shivajinagar AWS,18.5308,73.8474,13-05-2024 20:40,2024-05-13 20:40:00,2024,5,13,20,134,28.6,953.17,56.0
Shivajinagar AWS,18.5308,73.8474,13-05-2024 20:45,2024-05-13 20:45:00,2024,5,13,20,134,28.4,953.21,56.6
Shivajinagar AWS,18.5308,73.8474,13-05-2024 20:50,2024-05-13 20:50:00,2024,5,13,20,134,28.3,953.18,58.0
Shivajinagar AWS,18.5308,73.8474,13-05-2024 20:55,2024-05-13 20:55:00,2024,5,13,20,134,28.2,953.04,57.9
Shivajinagar AWS,18.5308,73.8474,13-05-2024 21:00,2024-05-13 21:00:00,2024,5,13,21,134,28.0,952.96,58.3
Shivajinagar AWS,18.5308,73.8474,13-05-2024 21:05,2024-05-13 21:05:00,2024,5,13,21,134,27.7,952.87,59.6
Shivajinagar AWS,18.5308,73.8474,13-05-2024 21:10,2024-05-13 21:10:00,2024,5,13,21,134,27.4,952.82,60.4
Shivajinagar AWS,18.5308,73.8474,13-05-2024 21:15,2024-05-13 21:15:00,2024,5,13,21,134,27.1,952.88,60.6
Shivajinagar AWS,18.5308,73.8474,13-05-2024 21:20,2024-05-13 21:20:00,2024,5,13,21,134,27.0,952.81,61.1
Shivajinagar AWS,18.5308,73.8474,13-05-2024 21:25,2024-05-13 21:25:00,2024,5,13,21,134,26.8,952.74,61.5
Shivajinagar AWS,18.5308,73.8474,13-05-2024 21:30,2024-05-13 21:30:00,2024,5,13,21,134,26.3,952.83,61.6
Shivajinagar AWS,18.5308,73.8474,13-05-2024 21:35,2024-05-13 21:35:00,2024,5,13,21,134,26.3,952.84,62.0
Shivajinagar AWS,18.5308,73.8474,13-05-2024 21:40,2024-05-13 21:40:00,2024,5,13,21,134,26.2,952.81,62.3
Shivajinagar AWS,18.5308,73.8474,13-05-2024 21:45,2024-05-13 21:45:00,2024,5,13,21,134,26.3,952.9,62.8
Shivajinagar AWS,18.5308,73.8474,13-05-2024 21:50,2024-05-13 21:50:00,2024,5,13,21,134,26.2,952.87,62.9
Shivajinagar AWS,18.5308,73.8474,13-05-2024 21:55,2024-05-13 21:55:00,2024,5,13,21,134,25.8,952.63,62.8
Shivajinagar AWS,18.5308,73.8474,13-05-2024 22:00,2024-05-13 22:00:00,2024,5,13,22,134,25.4,952.63,63.3
Shivajinagar AWS,18.5308,73.8474,13-05-2024 22:05,2024-05-13 22:05:00,2024,5,13,22,134,25.2,952.43,64.4
Shivajinagar AWS,18.5308,73.8474,13-05-2024 22:10,2024-05-13 22:10:00,2024,5,13,22,134,25.0,952.41,64.8
Shivajinagar AWS,18.5308,73.8474,13-05-2024 22:15,2024-05-13 22:15:00,2024,5,13,22,134,25.1,952.2,65.1
Shivajinagar AWS,18.5308,73.8474,13-05-2024 22:20,2024-05-13 22:20:00,2024,5,13,22,134,25.0,952.11,65.8
Shivajinagar AWS,18.5308,73.8474,13-05-2024 22:25,2024-05-13 22:25:00,2024,5,13,22,134,25.1,952.02,66.2
Shivajinagar AWS,18.5308,73.8474,13-05-2024 22:30,2024-05-13 22:30:00,2024,5,13,22,134,24.8,951.91,67.3
Shivajinagar AWS,18.5308,73.8474,13-05-2024 22:35,2024-05-13 22:35:00,2024,5,13,22,134,24.8,951.83,67.6
Shivajinagar AWS,18.5308,73.8474,13-05-2024 22:40,2024-05-13 22:40:00,2024,5,13,22,134,24.8,951.86,68.3
Shivajinagar AWS,18.5308,73.8474,13-05-2024 22:45,2024-05-13 22:45:00,2024,5,13,22,134,24.4,951.75,68.3
Shivajinagar AWS,18.5308,73.8474,13-05-2024 22:50,2024-05-13 22:50:00,2024,5,13,22,134,24.5,951.74,68.8
Shivajinagar AWS,18.5308,73.8474,13-05-2024 22:55,2024-05-13 22:55:00,2024,5,13,22,134,24.4,951.62,69.3
Shivajinagar AWS,18.5308,73.8474,13-05-2024 23:00,2024-05-13 23:00:00,2024,5,13,23,134,24.4,951.56,69.5
Shivajinagar AWS,18.5308,73.8474,13-05-2024 23:05,2024-05-13 23:05:00,2024,5,13,23,134,24.2,951.54,69.7
Shivajinagar AWS,18.5308,73.8474,13-05-2024 23:10,2024-05-13 23:10:00,2024,5,13,23,134,24.3,951.42,69.7
Shivajinagar AWS,18.5308,73.8474,13-05-2024 23:15,2024-05-13 23:15:00,2024,5,13,23,134,24.0,951.28,70.2
Shivajinagar AWS,18.5308,73.8474,13-05-2024 23:20,2024-05-13 23:20:00,2024,5,13,23,134,24.0,951.29,70.7
Shivajinagar AWS,18.5308,73.8474,13-05-2024 23:25,2024-05-13 23:25:00,2024,5,13,23,134,24.0,951.34,71.0
Shivajinagar AWS,18.5308,73.8474,13-05-2024 23:30,2024-05-13 23:30:00,2024,5,13,23,134,23.8,951.3,71.4
Shivajinagar AWS,18.5308,73.8474,13-05-2024 23:35,2024-05-13 23:35:00,2024,5,13,23,134,24.0,951.24,71.7
Shivajinagar AWS,18.5308,73.8474,13-05-2024 23:40,2024-05-13 23:40:00,2024,5,13,23,134,23.9,951.22,72.0
Shivajinagar AWS,18.5308,73.8474,13-05-2024 23:45,2024-05-13 23:45:00,2024,5,13,23,134,23.9,951.2,72.2
Shivajinagar AWS,18.5308,73.8474,13-05-2024 23:50,2024-05-13 23:50:00,2024,5,13,23,134,23.6,951.19,72.4
Shivajinagar AWS,18.5308,73.8474,13-05-2024 23:55,2024-05-13 23:55:00,2024,5,13,23,134,23.8,950.97,73.8
Shivajinagar AWS,18.5308,73.8474,14-05-2024 00:00,2024-05-14 00:00:00,2024,5,14,0,135,23.6,950.87,74.1
Shivajinagar AWS,18.5308,73.8474,14-05-2024 00:05,2024-05-14 00:05:00,2024,5,14,0,135,23.6,950.79,74.6
Shivajinagar AWS,18.5308,73.8474,14-05-2024 00:10,2024-05-14 00:10:00,2024,5,14,0,135,23.4,950.8,74.9
Shivajinagar AWS,18.5308,73.8474,14-05-2024 00:15,2024-05-14 00:15:00,2024,5,14,0,135,23.2,950.82,75.0
Shivajinagar AWS,18.5308,73.8474,14-05-2024 00:20,2024-05-14 00:20:00,2024,5,14,0,135,23.2,950.87,75.6
Shivajinagar AWS,18.5308,73.8474,14-05-2024 00:25,2024-05-14 00:25:00,2024,5,14,0,135,23.3,950.89,75.7
Shivajinagar AWS,18.5308,73.8474,14-05-2024 00:30,2024-05-14 00:30:00,2024,5,14,0,135,23.0,950.79,76.2
Shivajinagar AWS,18.5308,73.8474,14-05-2024 00:35,2024-05-14 00:35:00,2024,5,14,0,135,23.1,950.91,76.2
Shivajinagar AWS,18.5308,73.8474,14-05-2024 00:40,2024-05-14 00:40:00,2024,5,14,0,135,23.2,951.02,75.9
Shivajinagar AWS,18.5308,73.8474,14-05-2024 00:45,2024-05-14 00:45:00,2024,5,14,0,135,23.0,950.92,76.2
Shivajinagar AWS,18.5308,73.8474,14-05-2024 00:50,2024-05-14 00:50:00,2024,5,14,0,135,23.2,950.96,75.9
Shivajinagar AWS,18.5308,73.8474,14-05-2024 00:55,2024-05-14 00:55:00,2024,5,14,0,135,22.9,950.93,76.2
Shivajinagar AWS,18.5308,73.8474,14-05-2024 01:00,2024-05-14 01:00:00,2024,5,14,1,135,22.7,950.95,75.8
Shivajinagar AWS,18.5308,73.8474,14-05-2024 01:05,2024-05-14 01:05:00,2024,5,14,1,135,22.7,951.06,75.8
Shivajinagar AWS,18.5308,73.8474,14-05-2024 01:10,2024-05-14 01:10:00,2024,5,14,1,135,22.5,951.25,75.4
Shivajinagar AWS,18.5308,73.8474,14-05-2024 01:15,2024-05-14 01:15:00,2024,5,14,1,135,22.5,951.32,76.7
Shivajinagar AWS,18.5308,73.8474,14-05-2024 01:20,2024-05-14 01:20:00,2024,5,14,1,135,22.5,951.36,76.1
Shivajinagar AWS,18.5308,73.8474,14-05-2024 01:25,2024-05-14 01:25:00,2024,5,14,1,135,22.5,951.35,76.2
Shivajinagar AWS,18.5308,73.8474,14-05-2024 01:30,2024-05-14 01:30:00,2024,5,14,1,135,22.5,951.39,76.8
Shivajinagar AWS,18.5308,73.8474,14-05-2024 01:35,2024-05-14 01:35:00,2024,5,14,1,135,22.5,951.52,77.2
Shivajinagar AWS,18.5308,73.8474,14-05-2024 01:40,2024-05-14 01:40:00,2024,5,14,1,135,22.5,951.54,77.6
Shivajinagar AWS,18.5308,73.8474,14-05-2024 01:45,2024-05-14 01:45:00,2024,5,14,1,135,22.6,951.49,77.5
Shivajinagar AWS,18.5308,73.8474,14-05-2024 01:50,2024-05-14 01:50:00,2024,5,14,1,135,22.7,951.39,78.1
Shivajinagar AWS,18.5308,73.8474,14-05-2024 01:55,2024-05-14 01:55:00,2024,5,14,1,135,22.8,951.47,78.4
Shivajinagar AWS,18.5308,73.8474,14-05-2024 02:00,2024-05-14 02:00:00,2024,5,14,2,135,22.6,951.53,78.4
Shivajinagar AWS,18.5308,73.8474,14-05-2024 02:05,2024-05-14 02:05:00,2024,5,14,2,135,22.6,951.52,78.5
Shivajinagar AWS,18.5308,73.8474,14-05-2024 02:10,2024-05-14 02:10:00,2024,5,14,2,135,22.5,951.65,78.3
Shivajinagar AWS,18.5308,73.8474,14-05-2024 02:15,2024-05-14 02:15:00,2024,5,14,2,135,22.2,951.66,77.9
Shivajinagar AWS,18.5308,73.8474,14-05-2024 02:20,2024-05-14 02:20:00,2024,5,14,2,135,22.2,951.7,78.3
Shivajinagar AWS,18.5308,73.8474,14-05-2024 02:25,2024-05-14 02:25:00,2024,5,14,2,135,22.1,951.75,78.7
Shivajinagar AWS,18.5308,73.8474,14-05-2024 02:30,2024-05-14 02:30:00,2024,5,14,2,135,22.2,951.78,78.3
Shivajinagar AWS,18.5308,73.8474,14-05-2024 02:35,2024-05-14 02:35:00,2024,5,14,2,135,22.4,951.86,78.1
Shivajinagar AWS,18.5308,73.8474,14-05-2024 02:40,2024-05-14 02:40:00,2024,5,14,2,135,22.1,952.01,77.9
Shivajinagar AWS,18.5308,73.8474,14-05-2024 02:45,2024-05-14 02:45:00,2024,5,14,2,135,22.0,951.97,77.8
Shivajinagar AWS,18.5308,73.8474,14-05-2024 02:50,2024-05-14 02:50:00,2024,5,14,2,135,21.8,952.07,77.7
Shivajinagar AWS,18.5308,73.8474,14-05-2024 02:55,2024-05-14 02:55:00,2024,5,14,2,135,21.8,952.15,78.0
Shivajinagar AWS,18.5308,73.8474,14-05-2024 03:00,2024-05-14 03:00:00,2024,5,14,3,135,21.9,952.23,77.5
Shivajinagar AWS,18.5308,73.8474,14-05-2024 03:05,2024-05-14 03:05:00,2024,5,14,3,135,21.9,952.36,77.0
Shivajinagar AWS,18.5308,73.8474,14-05-2024 03:10,2024-05-14 03:10:00,2024,5,14,3,135,21.9,952.43,77.4
Shivajinagar AWS,18.5308,73.8474,14-05-2024 03:15,2024-05-14 03:15:00,2024,5,14,3,135,22.1,952.53,77.0
Shivajinagar AWS,18.5308,73.8474,14-05-2024 03:20,2024-05-14 03:20:00,2024,5,14,3,135,21.8,952.65,76.4
Shivajinagar AWS,18.5308,73.8474,14-05-2024 03:25,2024-05-14 03:25:00,2024,5,14,3,135,22.1,952.68,76.0
Shivajinagar AWS,18.5308,73.8474,14-05-2024 03:30,2024-05-14 03:30:00,2024,5,14,3,135,22.1,952.77,75.8
Shivajinagar AWS,18.5308,73.8474,14-05-2024 03:35,2024-05-14 03:35:00,2024,5,14,3,135,22.1,952.81,76.2
Shivajinagar AWS,18.5308,73.8474,14-05-2024 03:40,2024-05-14 03:40:00,2024,5,14,3,135,22.1,952.87,76.4
Shivajinagar AWS,18.5308,73.8474,14-05-2024 03:45,2024-05-14 03:45:00,2024,5,14,3,135,22.4,952.91,76.6
Shivajinagar AWS,18.5308,73.8474,14-05-2024 03:50,2024-05-14 03:50:00,2024,5,14,3,135,22.3,953.02,76.7
Shivajinagar AWS,18.5308,73.8474,14-05-2024 03:55,2024-05-14 03:55:00,2024,5,14,3,135,22.4,953.1,76.8
Shivajinagar AWS,18.5308,73.8474,14-05-2024 04:00,2024-05-14 04:00:00,2024,5,14,4,135,22.6,953.2,76.3
Shivajinagar AWS,18.5308,73.8474,14-05-2024 04:05,2024-05-14 04:05:00,2024,5,14,4,135,22.4,953.27,75.9
Shivajinagar AWS,18.5308,73.8474,14-05-2024 04:10,2024-05-14 04:10:00,2024,5,14,4,135,22.4,953.21,75.2
Shivajinagar AWS,18.5308,73.8474,14-05-2024 04:15,2024-05-14 04:15:00,2024,5,14,4,135,22.5,953.28,74.9
Shivajinagar AWS,18.5308,73.8474,14-05-2024 04:20,2024-05-14 04:20:00,2024,5,14,4,135,22.4,953.36,74.9
Shivajinagar AWS,18.5308,73.8474,14-05-2024 04:25,2024-05-14 04:25:00,2024,5,14,4,135,22.4,953.45,74.6
Shivajinagar AWS,18.5308,73.8474,14-05-2024 04:30,2024-05-14 04:30:00,2024,5,14,4,135,22.5,953.48,74.8
Shivajinagar AWS,18.5308,73.8474,14-05-2024 04:35,2024-05-14 04:35:00,2024,5,14,4,135,22.7,953.46,74.0
Shivajinagar AWS,18.5308,73.8474,14-05-2024 04:40,2024-05-14 04:40:00,2024,5,14,4,135,22.8,953.58,73.9
Shivajinagar AWS,18.5308,73.8474,14-05-2024 04:45,2024-05-14 04:45:00,2024,5,14,4,135,23.1,953.63,73.1
Shivajinagar AWS,18.5308,73.8474,14-05-2024 04:50,2024-05-14 04:50:00,2024,5,14,4,135,23.1,953.72,72.8
Shivajinagar AWS,18.5308,73.8474,14-05-2024 04:55,2024-05-14 04:55:00,2024,5,14,4,135,23.0,953.77,72.8
Shivajinagar AWS,18.5308,73.8474,14-05-2024 05:00,2024-05-14 05:00:00,2024,5,14,5,135,23.4,953.84,72.3
Shivajinagar AWS,18.5308,73.8474,14-05-2024 05:05,2024-05-14 05:05:00,2024,5,14,5,135,23.5,953.87,72.2
Shivajinagar AWS,18.5308,73.8474,14-05-2024 05:10,2024-05-14 05:10:00,2024,5,14,5,135,23.4,953.86,71.4
Shivajinagar AWS,18.5308,73.8474,14-05-2024 05:15,2024-05-14 05:15:00,2024,5,14,5,135,23.3,953.97,70.4
Shivajinagar AWS,18.5308,73.8474,14-05-2024 05:20,2024-05-14 05:20:00,2024,5,14,5,135,23.6,953.98,70.3
Shivajinagar AWS,18.5308,73.8474,14-05-2024 05:25,2024-05-14 05:25:00,2024,5,14,5,135,23.7,954.06,70.7
Shivajinagar AWS,18.5308,73.8474,14-05-2024 05:30,2024-05-14 05:30:00,2024,5,14,5,135,23.8,954.16,69.9
Shivajinagar AWS,18.5308,73.8474,14-05-2024 05:35,2024-05-14 05:35:00,2024,5,14,5,135,23.9,954.17,70.0
Shivajinagar AWS,18.5308,73.8474,14-05-2024 05:40,2024-05-14 05:40:00,2024,5,14,5,135,24.2,954.14,69.6
Shivajinagar AWS,18.5308,73.8474,14-05-2024 05:45,2024-05-14 05:45:00,2024,5,14,5,135,24.4,954.39,68.7
Shivajinagar AWS,18.5308,73.8474,14-05-2024 05:50,2024-05-14 05:50:00,2024,5,14,5,135,24.9,954.4,67.8
Shivajinagar AWS,18.5308,73.8474,14-05-2024 05:55,2024-05-14 05:55:00,2024,5,14,5,135,25.0,954.5,67.4
Shivajinagar AWS,18.5308,73.8474,14-05-2024 06:00,2024-05-14 06:00:00,2024,5,14,6,135,25.3,954.7,66.9
Shivajinagar AWS,18.5308,73.8474,14-05-2024 06:05,2024-05-14 06:05:00,2024,5,14,6,135,25.6,954.8,66.0
Shivajinagar AWS,18.5308,73.8474,14-05-2024 06:10,2024-05-14 06:10:00,2024,5,14,6,135,25.7,954.8,65.0
Shivajinagar AWS,18.5308,73.8474,14-05-2024 06:15,2024-05-14 06:15:00,2024,5,14,6,135,25.7,954.83,64.3
Shivajinagar AWS,18.5308,73.8474,14-05-2024 06:20,2024-05-14 06:20:00,2024,5,14,6,135,25.9,954.79,64.0
Shivajinagar AWS,18.5308,73.8474,14-05-2024 06:25,2024-05-14 06:25:00,2024,5,14,6,135,26.1,954.89,63.7
Shivajinagar AWS,18.5308,73.8474,14-05-2024 06:30,2024-05-14 06:30:00,2024,5,14,6,135,26.2,954.96,63.1
Shivajinagar AWS,18.5308,73.8474,14-05-2024 06:35,2024-05-14 06:35:00,2024,5,14,6,135,26.3,954.93,62.9
Shivajinagar AWS,18.5308,73.8474,14-05-2024 06:40,2024-05-14 06:40:00,2024,5,14,6,135,26.7,954.87,62.9
Shivajinagar AWS,18.5308,73.8474,14-05-2024 06:45,2024-05-14 06:45:00,2024,5,14,6,135,27.1,954.78,62.7
Shivajinagar AWS,18.5308,73.8474,14-05-2024 06:50,2024-05-14 06:50:00,2024,5,14,6,135,27.3,954.88,62.2
Shivajinagar AWS,18.5308,73.8474,14-05-2024 06:55,2024-05-14 06:55:00,2024,5,14,6,135,27.7,954.9,62.2
Shivajinagar AWS,18.5308,73.8474,14-05-2024 07:00,2024-05-14 07:00:00,2024,5,14,7,135,27.7,954.93,61.3
Shivajinagar AWS,18.5308,73.8474,14-05-2024 07:05,2024-05-14 07:05:00,2024,5,14,7,135,28.0,954.87,60.8
Shivajinagar AWS,18.5308,73.8474,14-05-2024 07:10,2024-05-14 07:10:00,2024,5,14,7,135,28.3,954.76,60.3
Shivajinagar AWS,18.5308,73.8474,14-05-2024 07:15,2024-05-14 07:15:00,2024,5,14,7,135,28.2,954.84,59.4
Shivajinagar AWS,18.5308,73.8474,14-05-2024 07:20,2024-05-14 07:20:00,2024,5,14,7,135,28.3,954.85,58.8
Shivajinagar AWS,18.5308,73.8474,14-05-2024 07:25,2024-05-14 07:25:00,2024,5,14,7,135,28.7,954.92,57.6
Shivajinagar AWS,18.5308,73.8474,14-05-2024 07:30,2024-05-14 07:30:00,2024,5,14,7,135,28.6,954.88,58.0
Shivajinagar AWS,18.5308,73.8474,14-05-2024 07:35,2024-05-14 07:35:00,2024,5,14,7,135,28.5,954.86,57.2
Shivajinagar AWS,18.5308,73.8474,14-05-2024 07:40,2024-05-14 07:40:00,2024,5,14,7,135,28.9,954.9,57.4
Shivajinagar AWS,18.5308,73.8474,14-05-2024 07:45,2024-05-14 07:45:00,2024,5,14,7,135,29.2,954.95,57.0
Shivajinagar AWS,18.5308,73.8474,14-05-2024 07:50,2024-05-14 07:50:00,2024,5,14,7,135,29.4,954.99,56.8
Shivajinagar AWS,18.5308,73.8474,14-05-2024 07:55,2024-05-14 07:55:00,2024,5,14,7,135,29.5,954.94,56.1
Shivajinagar AWS,18.5308,73.8474,14-05-2024 08:00,2024-05-14 08:00:00,2024,5,14,8,135,29.6,954.96,55.7
Shivajinagar AWS,18.5308,73.8474,14-05-2024 08:05,2024-05-14 08:05:00,2024,5,14,8,135,29.7,955.02,55.5
Shivajinagar AWS,18.5308,73.8474,14-05-2024 08:10,2024-05-14 08:10:00,2024,5,14,8,135,30.1,954.97,55.3
Shivajinagar AWS,18.5308,73.8474,14-05-2024 08:15,2024-05-14 08:15:00,2024,5,14,8,135,30.2,954.9,55.1
Shivajinagar AWS,18.5308,73.8474,14-05-2024 08:20,2024-05-14 08:20:00,2024,5,14,8,135,30.7,954.96,54.5
Shivajinagar AWS,18.5308,73.8474,14-05-2024 08:25,2024-05-14 08:25:00,2024,5,14,8,135,30.6,954.87,53.8
Shivajinagar AWS,18.5308,73.8474,14-05-2024 08:30,2024-05-14 08:30:00,2024,5,14,8,135,30.8,954.87,52.7
Shivajinagar AWS,18.5308,73.8474,14-05-2024 08:35,2024-05-14 08:35:00,2024,5,14,8,135,30.8,954.82,52.4
Shivajinagar AWS,18.5308,73.8474,14-05-2024 08:40,2024-05-14 08:40:00,2024,5,14,8,135,30.8,954.62,52.4
Shivajinagar AWS,18.5308,73.8474,14-05-2024 08:45,2024-05-14 08:45:00,2024,5,14,8,135,30.9,954.67,52.5
Shivajinagar AWS,18.5308,73.8474,14-05-2024 08:50,2024-05-14 08:50:00,2024,5,14,8,135,31.1,954.4,52.1
Shivajinagar AWS,18.5308,73.8474,14-05-2024 08:55,2024-05-14 08:55:00,2024,5,14,8,135,31.3,954.19,51.3
Shivajinagar AWS,18.5308,73.8474,14-05-2024 09:00,2024-05-14 09:00:00,2024,5,14,9,135,31.7,954.2,50.1
Shivajinagar AWS,18.5308,73.8474,14-05-2024 09:05,2024-05-14 09:05:00,2024,5,14,9,135,31.9,954.2,50.0
Shivajinagar AWS,18.5308,73.8474,14-05-2024 09:10,2024-05-14 09:10:00,2024,5,14,9,135,32.2,954.1,48.8
Shivajinagar AWS,18.5308,73.8474,14-05-2024 09:15,2024-05-14 09:15:00,2024,5,14,9,135,32.3,954.07,48.2
Shivajinagar AWS,18.5308,73.8474,14-05-2024 09:20,2024-05-14 09:20:00,2024,5,14,9,135,32.7,953.82,47.7
Shivajinagar AWS,18.5308,73.8474,14-05-2024 09:25,2024-05-14 09:25:00,2024,5,14,9,135,33.1,953.84,47.2
Shivajinagar AWS,18.5308,73.8474,14-05-2024 09:30,2024-05-14 09:30:00,2024,5,14,9,135,33.3,953.82,46.8
Shivajinagar AWS,18.5308,73.8474,14-05-2024 09:35,2024-05-14 09:35:00,2024,5,14,9,135,33.2,953.77,46.4
Shivajinagar AWS,18.5308,73.8474,14-05-2024 09:40,2024-05-14 09:40:00,2024,5,14,9,135,33.2,953.72,45.0
Shivajinagar AWS,18.5308,73.8474,14-05-2024 09:45,2024-05-14 09:45:00,2024,5,14,9,135,33.4,953.71,44.6
Shivajinagar AWS,18.5308,73.8474,14-05-2024 09:50,2024-05-14 09:50:00,2024,5,14,9,135,33.5,953.66,43.3
Shivajinagar AWS,18.5308,73.8474,14-05-2024 09:55,2024-05-14 09:55:00,2024,5,14,9,135,33.7,953.46,43.2
Shivajinagar AWS,18.5308,73.8474,14-05-2024 10:00,2024-05-14 10:00:00,2024,5,14,10,135,33.9,953.59,42.6
Shivajinagar AWS,18.5308,73.8474,14-05-2024 10:05,2024-05-14 10:05:00,2024,5,14,10,135,34.0,953.64,41.4
Shivajinagar AWS,18.5308,73.8474,14-05-2024 10:10,2024-05-14 10:10:00,2024,5,14,10,135,34.0,953.48,40.8
Shivajinagar AWS,18.5308,73.8474,14-05-2024 10:15,2024-05-14 10:15:00,2024,5,14,10,135,34.1,953.4,40.2
Shivajinagar AWS,18.5308,73.8474,14-05-2024 10:20,2024-05-14 10:20:00,2024,5,14,10,135,34.5,953.33,40.4
Shivajinagar AWS,18.5308,73.8474,14-05-2024 10:25,2024-05-14 10:25:00,2024,5,14,10,135,34.7,953.37,40.2
Shivajinagar AWS,18.5308,73.8474,14-05-2024 10:30,2024-05-14 10:30:00,2024,5,14,10,135,34.9,953.14,40.0
Shivajinagar AWS,18.5308,73.8474,14-05-2024 10:35,2024-05-14 10:35:00,2024,5,14,10,135,35.1,953.06,40.1
Shivajinagar AWS,18.5308,73.8474,14-05-2024 10:40,2024-05-14 10:40:00,2024,5,14,10,135,35.1,952.87,39.7
Shivajinagar AWS,18.5308,73.8474,14-05-2024 10:45,2024-05-14 10:45:00,2024,5,14,10,135,35.1,952.82,39.7
Shivajinagar AWS,18.5308,73.8474,14-05-2024 10:50,2024-05-14 10:50:00,2024,5,14,10,135,35.1,952.74,39.6
Shivajinagar AWS,18.5308,73.8474,14-05-2024 10:55,2024-05-14 10:55:00,2024,5,14,10,135,35.1,952.72,38.7
Shivajinagar AWS,18.5308,73.8474,14-05-2024 11:00,2024-05-14 11:00:00,2024,5,14,11,135,35.2,952.63,38.9
Shivajinagar AWS,18.5308,73.8474,14-05-2024 11:05,2024-05-14 11:05:00,2024,5,14,11,135,35.4,952.54,38.0
Shivajinagar AWS,18.5308,73.8474,14-05-2024 11:10,2024-05-14 11:10:00,2024,5,14,11,135,35.4,952.57,38.0
Shivajinagar AWS,18.5308,73.8474,14-05-2024 11:15,2024-05-14 11:15:00,2024,5,14,11,135,35.4,952.57,37.1
Shivajinagar AWS,18.5308,73.8474,14-05-2024 11:20,2024-05-14 11:20:00,2024,5,14,11,135,35.8,952.59,37.0
Shivajinagar AWS,18.5308,73.8474,14-05-2024 11:25,2024-05-14 11:25:00,2024,5,14,11,135,35.8,952.55,37.4
Shivajinagar AWS,18.5308,73.8474,14-05-2024 11:30,2024-05-14 11:30:00,2024,5,14,11,135,35.9,952.47,37.0
Shivajinagar AWS,18.5308,73.8474,14-05-2024 11:35,2024-05-14 11:35:00,2024,5,14,11,135,36.0,952.44,36.5
Shivajinagar AWS,18.5308,73.8474,14-05-2024 11:40,2024-05-14 11:40:00,2024,5,14,11,135,35.9,952.46,36.4
Shivajinagar AWS,18.5308,73.8474,14-05-2024 11:45,2024-05-14 11:45:00,2024,5,14,11,135,36.2,952.26,36.0
Shivajinagar AWS,18.5308,73.8474,14-05-2024 11:50,2024-05-14 11:50:00,2024,5,14,11,135,36.4,952.28,36.4
Shivajinagar AWS,18.5308,73.8474,14-05-2024 11:55,2024-05-14 11:55:00,2024,5,14,11,135,36.7,952.29,36.1
Shivajinagar AWS,18.5308,73.8474,14-05-2024 12:00,2024-05-14 12:00:00,2024,5,14,12,135,36.6,952.28,35.6
Shivajinagar AWS,18.5308,73.8474,14-05-2024 12:05,2024-05-14 12:05:00,2024,5,14,12,135,36.7,952.26,35.1
Shivajinagar AWS,18.5308,73.8474,14-05-2024 12:10,2024-05-14 12:10:00,2024,5,14,12,135,36.8,952.05,34.4
Shivajinagar AWS,18.5308,73.8474,14-05-2024 12:15,2024-05-14 12:15:00,2024,5,14,12,135,36.9,952.01,33.9
Shivajinagar AWS,18.5308,73.8474,14-05-2024 12:20,2024-05-14 12:20:00,2024,5,14,12,135,36.7,952.16,33.5
Shivajinagar AWS,18.5308,73.8474,14-05-2024 12:25,2024-05-14 12:25:00,2024,5,14,12,135,36.8,952.17,33.0
Shivajinagar AWS,18.5308,73.8474,14-05-2024 12:30,2024-05-14 12:30:00,2024,5,14,12,135,36.6,952.14,32.5
Shivajinagar AWS,18.5308,73.8474,14-05-2024 12:35,2024-05-14 12:35:00,2024,5,14,12,135,36.7,952.15,33.1
Shivajinagar AWS,18.5308,73.8474,14-05-2024 12:40,2024-05-14 12:40:00,2024,5,14,12,135,36.5,952.19,32.5
Shivajinagar AWS,18.5308,73.8474,14-05-2024 12:45,2024-05-14 12:45:00,2024,5,14,12,135,36.3,952.25,32.3
Shivajinagar AWS,18.5308,73.8474,14-05-2024 12:50,2024-05-14 12:50:00,2024,5,14,12,135,36.5,952.24,32.4
Shivajinagar AWS,18.5308,73.8474,14-05-2024 12:55,2024-05-14 12:55:00,2024,5,14,12,135,36.5,952.29,32.4
Shivajinagar AWS,18.5308,73.8474,14-05-2024 13:00,2024-05-14 13:00:00,2024,5,14,13,135,36.4,952.44,32.2
Shivajinagar AWS,18.5308,73.8474,14-05-2024 13:05,2024-05-14 13:05:00,2024,5,14,13,135,36.7,952.53,31.9
Shivajinagar AWS,18.5308,73.8474,14-05-2024 13:10,2024-05-14 13:10:00,2024,5,14,13,135,36.8,952.73,31.9
Shivajinagar AWS,18.5308,73.8474,14-05-2024 13:15,2024-05-14 13:15:00,2024,5,14,13,135,37.0,952.68,31.8
Shivajinagar AWS,18.5308,73.8474,14-05-2024 13:20,2024-05-14 13:20:00,2024,5,14,13,135,37.0,952.83,31.5
Shivajinagar AWS,18.5308,73.8474,14-05-2024 13:25,2024-05-14 13:25:00,2024,5,14,13,135,37.5,952.77,30.7
Shivajinagar AWS,18.5308,73.8474,14-05-2024 13:30,2024-05-14 13:30:00,2024,5,14,13,135,37.4,952.82,30.4
Shivajinagar AWS,18.5308,73.8474,14-05-2024 13:35,2024-05-14 13:35:00,2024,5,14,13,135,37.7,952.89,29.8
Shivajinagar AWS,18.5308,73.8474,14-05-2024 13:40,2024-05-14 13:40:00,2024,5,14,13,135,37.7,952.87,29.5
Shivajinagar AWS,18.5308,73.8474,14-05-2024 13:45,2024-05-14 13:45:00,2024,5,14,13,135,37.5,952.9,29.4
Shivajinagar AWS,18.5308,73.8474,14-05-2024 13:50,2024-05-14 13:50:00,2024,5,14,13,135,37.6,952.99,29.5
Shivajinagar AWS,18.5308,73.8474,14-05-2024 13:55,2024-05-14 13:55:00,2024,5,14,13,135,37.7,952.96,30.2
Shivajinagar AWS,18.5308,73.8474,14-05-2024 14:00,2024-05-14 14:00:00,2024,5,14,14,135,37.5,953.12,29.9
Shivajinagar AWS,18.5308,73.8474,14-05-2024 14:05,2024-05-14 14:05:00,2024,5,14,14,135,37.4,953.04,30.2
Shivajinagar AWS,18.5308,73.8474,14-05-2024 14:10,2024-05-14 14:10:00,2024,5,14,14,135,37.4,953.23,30.2
Shivajinagar AWS,18.5308,73.8474,14-05-2024 14:15,2024-05-14 14:15:00,2024,5,14,14,135,37.5,953.34,30.7
Shivajinagar AWS,18.5308,73.8474,14-05-2024 14:20,2024-05-14 14:20:00,2024,5,14,14,135,37.1,953.36,30.9
Shivajinagar AWS,18.5308,73.8474,14-05-2024 14:25,2024-05-14 14:25:00,2024,5,14,14,135,37.3,953.37,30.4
Shivajinagar AWS,18.5308,73.8474,14-05-2024 14:30,2024-05-14 14:30:00,2024,5,14,14,135,37.3,953.36,29.6
Shivajinagar AWS,18.5308,73.8474,14-05-2024 14:35,2024-05-14 14:35:00,2024,5,14,14,135,37.1,953.39,29.8
Shivajinagar AWS,18.5308,73.8474,14-05-2024 14:40,2024-05-14 14:40:00,2024,5,14,14,135,37.3,953.43,29.6
Shivajinagar AWS,18.5308,73.8474,14-05-2024 14:45,2024-05-14 14:45:00,2024,5,14,14,135,37.3,953.58,29.2
Shivajinagar AWS,18.5308,73.8474,14-05-2024 14:50,2024-05-14 14:50:00,2024,5,14,14,135,37.5,953.78,28.8
Shivajinagar AWS,18.5308,73.8474,14-05-2024 14:55,2024-05-14 14:55:00,2024,5,14,14,135,37.5,953.84,28.9
Shivajinagar AWS,18.5308,73.8474,14-05-2024 15:00,2024-05-14 15:00:00,2024,5,14,15,135,37.5,953.82,29.6
Shivajinagar AWS,18.5308,73.8474,14-05-2024 15:05,2024-05-14 15:05:00,2024,5,14,15,135,37.5,953.82,29.5
Shivajinagar AWS,18.5308,73.8474,14-05-2024 15:10,2024-05-14 15:10:00,2024,5,14,15,135,37.5,953.86,29.9
Shivajinagar AWS,18.5308,73.8474,14-05-2024 15:15,2024-05-14 15:15:00,2024,5,14,15,135,37.4,953.83,29.9
Shivajinagar AWS,18.5308,73.8474,14-05-2024 15:20,2024-05-14 15:20:00,2024,5,14,15,135,37.3,953.79,29.5
Shivajinagar AWS,18.5308,73.8474,14-05-2024 15:25,2024-05-14 15:25:00,2024,5,14,15,135,37.4,954.02,29.9
Shivajinagar AWS,18.5308,73.8474,14-05-2024 15:30,2024-05-14 15:30:00,2024,5,14,15,135,37.3,954.1,29.6
Shivajinagar AWS,18.5308,73.8474,14-05-2024 15:35,2024-05-14 15:35:00,2024,5,14,15,135,37.3,954.09,29.8
Shivajinagar AWS,18.5308,73.8474,14-05-2024 15:40,2024-05-14 15:40:00,2024,5,14,15,135,37.4,954.22,29.8
Shivajinagar AWS,18.5308,73.8474,14-05-2024 15:45,2024-05-14 15:45:00,2024,5,14,15,135,37.4,954.19,30.4
Shivajinagar AWS,18.5308,73.8474,14-05-2024 15:50,2024-05-14 15:50:00,2024,5,14,15,135,37.3,954.16,30.1
Shivajinagar AWS,18.5308,73.8474,14-05-2024 15:55,2024-05-14 15:55:00,2024,5,14,15,135,37.2,954.17,30.5
Shivajinagar AWS,18.5308,73.8474,14-05-2024 16:00,2024-05-14 16:00:00,2024,5,14,16,135,37.2,954.37,30.3
Shivajinagar AWS,18.5308,73.8474,14-05-2024 16:05,2024-05-14 16:05:00,2024,5,14,16,135,37.2,954.41,30.3
Shivajinagar AWS,18.5308,73.8474,14-05-2024 16:10,2024-05-14 16:10:00,2024,5,14,16,135,37.3,954.28,29.1
Shivajinagar AWS,18.5308,73.8474,14-05-2024 16:15,2024-05-14 16:15:00,2024,5,14,16,135,37.1,954.46,30.3
Shivajinagar AWS,18.5308,73.8474,14-05-2024 16:20,2024-05-14 16:20:00,2024,5,14,16,135,37.0,954.5,30.8
Shivajinagar AWS,18.5308,73.8474,14-05-2024 16:25,2024-05-14 16:25:00,2024,5,14,16,135,37.0,954.42,30.8
Shivajinagar AWS,18.5308,73.8474,14-05-2024 16:30,2024-05-14 16:30:00,2024,5,14,16,135,37.0,954.47,30.6
Shivajinagar AWS,18.5308,73.8474,14-05-2024 16:35,2024-05-14 16:35:00,2024,5,14,16,135,36.8,954.59,30.7
Shivajinagar AWS,18.5308,73.8474,14-05-2024 16:40,2024-05-14 16:40:00,2024,5,14,16,135,36.9,954.69,31.4
Shivajinagar AWS,18.5308,73.8474,14-05-2024 16:45,2024-05-14 16:45:00,2024,5,14,16,135,36.5,954.91,30.9
Shivajinagar AWS,18.5308,73.8474,14-05-2024 16:50,2024-05-14 16:50:00,2024,5,14,16,135,36.6,954.9,31.2
Shivajinagar AWS,18.5308,73.8474,14-05-2024 16:55,2024-05-14 16:55:00,2024,5,14,16,135,36.3,954.97,32.3
Shivajinagar AWS,18.5308,73.8474,14-05-2024 17:00,2024-05-14 17:00:00,2024,5,14,17,135,36.5,954.98,32.2
Shivajinagar AWS,18.5308,73.8474,14-05-2024 17:05,2024-05-14 17:05:00,2024,5,14,17,135,36.2,954.92,32.6
Shivajinagar AWS,18.5308,73.8474,14-05-2024 17:10,2024-05-14 17:10:00,2024,5,14,17,135,36.3,955.05,33.9
Shivajinagar AWS,18.5308,73.8474,14-05-2024 17:15,2024-05-14 17:15:00,2024,5,14,17,135,36.2,955.15,34.5
Shivajinagar AWS,18.5308,73.8474,14-05-2024 17:20,2024-05-14 17:20:00,2024,5,14,17,135,36.0,955.23,34.8
Shivajinagar AWS,18.5308,73.8474,14-05-2024 17:25,2024-05-14 17:25:00,2024,5,14,17,135,35.9,955.32,35.4
Shivajinagar AWS,18.5308,73.8474,14-05-2024 17:30,2024-05-14 17:30:00,2024,5,14,17,135,35.9,955.32,35.5
Shivajinagar AWS,18.5308,73.8474,14-05-2024 17:35,2024-05-14 17:35:00,2024,5,14,17,135,35.7,955.29,36.4
Shivajinagar AWS,18.5308,73.8474,14-05-2024 17:40,2024-05-14 17:40:00,2024,5,14,17,135,35.5,955.35,36.6
Shivajinagar AWS,18.5308,73.8474,14-05-2024 17:45,2024-05-14 17:45:00,2024,5,14,17,135,35.4,955.49,36.1
Shivajinagar AWS,18.5308,73.8474,14-05-2024 17:50,2024-05-14 17:50:00,2024,5,14,17,135,35.1,955.67,36.3
Shivajinagar AWS,18.5308,73.8474,14-05-2024 17:55,2024-05-14 17:55:00,2024,5,14,17,135,34.9,955.77,36.3
Shivajinagar AWS,18.5308,73.8474,14-05-2024 18:00,2024-05-14 18:00:00,2024,5,14,18,135,35.3,955.8,36.7
Shivajinagar AWS,18.5308,73.8474,14-05-2024 18:05,2024-05-14 18:05:00,2024,5,14,18,135,35.0,955.85,37.0
Shivajinagar AWS,18.5308,73.8474,14-05-2024 18:10,2024-05-14 18:10:00,2024,5,14,18,135,35.1,955.88,37.9
Shivajinagar AWS,18.5308,73.8474,14-05-2024 18:15,2024-05-14 18:15:00,2024,5,14,18,135,34.8,955.82,38.6
Shivajinagar AWS,18.5308,73.8474,14-05-2024 18:20,2024-05-14 18:20:00,2024,5,14,18,135,34.8,955.85,39.1
Shivajinagar AWS,18.5308,73.8474,14-05-2024 18:25,2024-05-14 18:25:00,2024,5,14,18,135,34.8,955.76,39.5
Shivajinagar AWS,18.5308,73.8474,14-05-2024 18:30,2024-05-14 18:30:00,2024,5,14,18,135,34.8,955.78,39.5
Shivajinagar AWS,18.5308,73.8474,14-05-2024 18:35,2024-05-14 18:35:00,2024,5,14,18,135,34.6,955.93,39.1
Shivajinagar AWS,18.5308,73.8474,14-05-2024 18:40,2024-05-14 18:40:00,2024,5,14,18,135,34.8,956.01,39.6
Shivajinagar AWS,18.5308,73.8474,14-05-2024 18:45,2024-05-14 18:45:00,2024,5,14,18,135,34.5,955.94,40.4
Shivajinagar AWS,18.5308,73.8474,14-05-2024 18:50,2024-05-14 18:50:00,2024,5,14,18,135,34.4,955.94,40.8
Shivajinagar AWS,18.5308,73.8474,14-05-2024 18:55,2024-05-14 18:55:00,2024,5,14,18,135,34.3,955.88,41.1
Shivajinagar AWS,18.5308,73.8474,14-05-2024 19:00,2024-05-14 19:00:00,2024,5,14,19,135,34.0,955.88,41.7
Shivajinagar AWS,18.5308,73.8474,14-05-2024 19:05,2024-05-14 19:05:00,2024,5,14,19,135,33.8,955.97,42.2
Shivajinagar AWS,18.5308,73.8474,14-05-2024 19:10,2024-05-14 19:10:00,2024,5,14,19,135,33.6,956.02,43.3
Shivajinagar AWS,18.5308,73.8474,14-05-2024 19:15,2024-05-14 19:15:00,2024,5,14,19,135,33.4,956.21,44.3
Shivajinagar AWS,18.5308,73.8474,14-05-2024 19:20,2024-05-14 19:20:00,2024,5,14,19,135,33.6,956.28,45.1
Shivajinagar AWS,18.5308,73.8474,14-05-2024 19:25,2024-05-14 19:25:00,2024,5,14,19,135,33.4,956.27,45.8
Shivajinagar AWS,18.5308,73.8474,14-05-2024 19:30,2024-05-14 19:30:00,2024,5,14,19,135,33.4,956.3,45.7
Shivajinagar AWS,18.5308,73.8474,14-05-2024 19:35,2024-05-14 19:35:00,2024,5,14,19,135,33.3,956.25,46.4
Shivajinagar AWS,18.5308,73.8474,14-05-2024 19:40,2024-05-14 19:40:00,2024,5,14,19,135,33.2,956.13,47.0
Shivajinagar AWS,18.5308,73.8474,14-05-2024 19:45,2024-05-14 19:45:00,2024,5,14,19,135,32.9,956.2,47.6
Shivajinagar AWS,18.5308,73.8474,14-05-2024 19:50,2024-05-14 19:50:00,2024,5,14,19,135,32.6,956.24,48.2
Shivajinagar AWS,18.5308,73.8474,14-05-2024 19:55,2024-05-14 19:55:00,2024,5,14,19,135,32.3,956.18,48.8
Shivajinagar AWS,18.5308,73.8474,14-05-2024 20:00,2024-05-14 20:00:00,2024,5,14,20,135,31.9,956.15,50.3
Shivajinagar AWS,18.5308,73.8474,14-05-2024 20:05,2024-05-14 20:05:00,2024,5,14,20,135,31.6,956.2,50.6
Shivajinagar AWS,18.5308,73.8474,14-05-2024 20:10,2024-05-14 20:10:00,2024,5,14,20,135,31.3,956.22,51.3
Shivajinagar AWS,18.5308,73.8474,14-05-2024 20:15,2024-05-14 20:15:00,2024,5,14,20,135,31.3,956.04,51.5
Shivajinagar AWS,18.5308,73.8474,14-05-2024 20:20,2024-05-14 20:20:00,2024,5,14,20,135,31.3,956.01,52.2
Shivajinagar AWS,18.5308,73.8474,14-05-2024 20:25,2024-05-14 20:25:00,2024,5,14,20,135,31.3,955.94,52.9
Shivajinagar AWS,18.5308,73.8474,14-05-2024 20:30,2024-05-14 20:30:00,2024,5,14,20,135,31.2,955.97,53.4
Shivajinagar AWS,18.5308,73.8474,14-05-2024 20:35,2024-05-14 20:35:00,2024,5,14,20,135,31.1,955.99,54.4
Shivajinagar AWS,18.5308,73.8474,14-05-2024 20:40,2024-05-14 20:40:00,2024,5,14,20,135,31.2,956.02,54.3
Shivajinagar AWS,18.5308,73.8474,14-05-2024 20:45,2024-05-14 20:45:00,2024,5,14,20,135,30.9,955.86,54.5
Shivajinagar AWS,18.5308,73.8474,14-05-2024 20:50,2024-05-14 20:50:00,2024,5,14,20,135,30.8,955.73,54.9
Shivajinagar AWS,18.5308,73.8474,14-05-2024 20:55,2024-05-14 20:55:00,2024,5,14,20,135,30.7,955.75,55.6
Shivajinagar AWS,18.5308,73.8474,14-05-2024 21:00,2024-05-14 21:00:00,2024,5,14,21,135,30.4,955.63,56.0
Shivajinagar AWS,18.5308,73.8474,14-05-2024 21:05,2024-05-14 21:05:00,2024,5,14,21,135,30.7,955.44,56.9
Shivajinagar AWS,18.5308,73.8474,14-05-2024 21:10,2024-05-14 21:10:00,2024,5,14,21,135,30.5,955.41,56.9
Shivajinagar AWS,18.5308,73.8474,14-05-2024 21:15,2024-05-14 21:15:00,2024,5,14,21,135,30.4,955.3,56.8
Shivajinagar AWS,18.5308,73.8474,14-05-2024 21:20,2024-05-14 21:20:00,2024,5,14,21,135,30.4,955.37,57.3
Shivajinagar AWS,18.5308,73.8474,14-05-2024 21:25,2024-05-14 21:25:00,2024,5,14,21,135,30.3,955.32,57.6
Shivajinagar AWS,18.5308,73.8474,14-05-2024 21:30,2024-05-14 21:30:00,2024,5,14,21,135,30.2,955.25,58.2
Shivajinagar AWS,18.5308,73.8474,14-05-2024 21:35,2024-05-14 21:35:00,2024,5,14,21,135,30.0,955.15,58.6
Shivajinagar AWS,18.5308,73.8474,14-05-2024 21:40,2024-05-14 21:40:00,2024,5,14,21,135,29.6,955.2,58.8
Shivajinagar AWS,18.5308,73.8474,14-05-2024 21:45,2024-05-14 21:45:00,2024,5,14,21,135,29.3,955.15,59.1
Shivajinagar AWS,18.5308,73.8474,14-05-2024 21:50,2024-05-14 21:50:00,2024,5,14,21,135,29.3,955.03,59.5
Shivajinagar AWS,18.5308,73.8474,14-05-2024 21:55,2024-05-14 21:55:00,2024,5,14,21,135,29.2,954.89,59.7
Shivajinagar AWS,18.5308,73.8474,14-05-2024 22:00,2024-05-14 22:00:00,2024,5,14,22,135,29.2,954.8,60.0
Shivajinagar AWS,18.5308,73.8474,14-05-2024 22:05,2024-05-14 22:05:00,2024,5,14,22,135,29.0,954.65,60.2
Shivajinagar AWS,18.5308,73.8474,14-05-2024 22:10,2024-05-14 22:10:00,2024,5,14,22,135,28.6,954.66,61.0
Shivajinagar AWS,18.5308,73.8474,14-05-2024 22:15,2024-05-14 22:15:00,2024,5,14,22,135,28.7,954.44,61.4
Shivajinagar AWS,18.5308,73.8474,14-05-2024 22:20,2024-05-14 22:20:00,2024,5,14,22,135,28.7,954.36,62.7
Shivajinagar AWS,18.5308,73.8474,14-05-2024 22:25,2024-05-14 22:25:00,2024,5,14,22,135,28.7,954.34,63.0
Shivajinagar AWS,18.5308,73.8474,14-05-2024 22:30,2024-05-14 22:30:00,2024,5,14,22,135,28.5,954.29,63.1
Shivajinagar AWS,18.5308,73.8474,14-05-2024 22:35,2024-05-14 22:35:00,2024,5,14,22,135,28.5,954.17,64.5
Shivajinagar AWS,18.5308,73.8474,14-05-2024 22:40,2024-05-14 22:40:00,2024,5,14,22,135,28.8,954.15,64.9
Shivajinagar AWS,18.5308,73.8474,14-05-2024 22:45,2024-05-14 22:45:00,2024,5,14,22,135,28.7,954.02,65.6
Shivajinagar AWS,18.5308,73.8474,14-05-2024 22:50,2024-05-14 22:50:00,2024,5,14,22,135,28.3,953.95,66.1
Shivajinagar AWS,18.5308,73.8474,14-05-2024 22:55,2024-05-14 22:55:00,2024,5,14,22,135,28.0,953.94,66.5
Shivajinagar AWS,18.5308,73.8474,14-05-2024 23:00,2024-05-14 23:00:00,2024,5,14,23,135,28.0,953.92,67.0
Shivajinagar AWS,18.5308,73.8474,14-05-2024 23:05,2024-05-14 23:05:00,2024,5,14,23,135,27.6,953.8,66.7
Shivajinagar AWS,18.5308,73.8474,14-05-2024 23:10,2024-05-14 23:10:00,2024,5,14,23,135,27.4,953.84,67.1
Shivajinagar AWS,18.5308,73.8474,14-05-2024 23:15,2024-05-14 23:15:00,2024,5,14,23,135,27.4,953.79,66.8
Shivajinagar AWS,18.5308,73.8474,14-05-2024 23:20,2024-05-14 23:20:00,2024,5,14,23,135,27.5,953.79,67.0
Shivajinagar AWS,18.5308,73.8474,14-05-2024 23:25,2024-05-14 23:25:00,2024,5,14,23,135,27.5,953.85,66.9
Shivajinagar AWS,18.5308,73.8474,14-05-2024 23:30,2024-05-14 23:30:00,2024,5,14,23,135,27.5,953.88,67.3
Shivajinagar AWS,18.5308,73.8474,14-05-2024 23:35,2024-05-14 23:35:00,2024,5,14,23,135,27.0,953.9,67.7
Shivajinagar AWS,18.5308,73.8474,14-05-2024 23:40,2024-05-14 23:40:00,2024,5,14,23,135,27.0,953.86,68.2
Shivajinagar AWS,18.5308,73.8474,14-05-2024 23:45,2024-05-14 23:45:00,2024,5,14,23,135,27.0,953.86,68.5
Shivajinagar AWS,18.5308,73.8474,14-05-2024 23:50,2024-05-14 23:50:00,2024,5,14,23,135,26.9,953.82,68.5
Shivajinagar AWS,18.5308,73.8474,14-05-2024 23:55,2024-05-14 23:55:00,2024,5,14,23,135,26.5,953.66,68.6
Shivajinagar AWS,18.5308,73.8474,15-05-2024 00:00,2024-05-15 00:00:00,2024,5,15,0,136,26.2,953.63,69.2
Shivajinagar AWS,18.5308,73.8474,15-05-2024 00:05,2024-05-15 00:05:00,2024,5,15,0,136,26.0,953.61,69.8
Shivajinagar AWS,18.5308,73.8474,15-05-2024 00:10,2024-05-15 00:10:00,2024,5,15,0,136,25.6,953.61,69.5
Shivajinagar AWS,18.5308,73.8474,15-05-2024 00:15,2024-05-15 00:15:00,2024,5,15,0,136,25.5,953.55,69.1
Shivajinagar AWS,18.5308,73.8474,15-05-2024 00:20,2024-05-15 00:20:00,2024,5,15,0,136,25.3,953.45,69.1
Shivajinagar AWS,18.5308,73.8474,15-05-2024 00:25,2024-05-15 00:25:00,2024,5,15,0,136,25.6,953.47,69.7
Shivajinagar AWS,18.5308,73.8474,15-05-2024 00:30,2024-05-15 00:30:00,2024,5,15,0,136,25.5,953.33,70.4
Shivajinagar AWS,18.5308,73.8474,15-05-2024 00:35,2024-05-15 00:35:00,2024,5,15,0,136,25.6,953.42,70.2
Shivajinagar AWS,18.5308,73.8474,15-05-2024 00:40,2024-05-15 00:40:00,2024,5,15,0,136,25.3,953.37,70.5
Shivajinagar AWS,18.5308,73.8474,15-05-2024 00:45,2024-05-15 00:45:00,2024,5,15,0,136,25.2,953.36,71.4
Shivajinagar AWS,18.5308,73.8474,15-05-2024 00:50,2024-05-15 00:50:00,2024,5,15,0,136,25.1,953.39,71.7
Shivajinagar AWS,18.5308,73.8474,15-05-2024 00:55,2024-05-15 00:55:00,2024,5,15,0,136,24.9,953.41,72.3
Shivajinagar AWS,18.5308,73.8474,15-05-2024 01:00,2024-05-15 01:00:00,2024,5,15,1,136,24.8,953.28,72.8
Shivajinagar AWS,18.5308,73.8474,15-05-2024 01:05,2024-05-15 01:05:00,2024,5,15,1,136,24.7,953.34,72.5
Shivajinagar AWS,18.5308,73.8474,15-05-2024 01:10,2024-05-15 01:10:00,2024,5,15,1,136,24.7,953.35,72.5
Shivajinagar AWS,18.5308,73.8474,15-05-2024 01:15,2024-05-15 01:15:00,2024,5,15,1,136,24.9,953.29,72.6
Shivajinagar AWS,18.5308,73.8474,15-05-2024 01:20,2024-05-15 01:20:00,2024,5,15,1,136,24.9,953.23,72.7
Shivajinagar AWS,18.5308,73.8474,15-05-2024 01:25,2024-05-15 01:25:00,2024,5,15,1,136,24.9,953.21,73.1
Shivajinagar AWS,18.5308,73.8474,15-05-2024 01:30,2024-05-15 01:30:00,2024,5,15,1,136,25.0,953.11,73.3
Shivajinagar AWS,18.5308,73.8474,15-05-2024 01:35,2024-05-15 01:35:00,2024,5,15,1,136,25.0,953.26,72.1
Shivajinagar AWS,18.5308,73.8474,15-05-2024 01:40,2024-05-15 01:40:00,2024,5,15,1,136,25.0,953.39,71.6
Shivajinagar AWS,18.5308,73.8474,15-05-2024 01:45,2024-05-15 01:45:00,2024,5,15,1,136,24.9,953.44,70.9
Shivajinagar AWS,18.5308,73.8474,15-05-2024 01:50,2024-05-15 01:50:00,2024,5,15,1,136,24.9,962.8449732951326,71.0
Shivajinagar AWS,18.5308,73.8474,15-05-2024 01:55,2024-05-15 01:55:00,2024,5,15,1,136,25.0,953.43,71.2
Shivajinagar AWS,18.5308,73.8474,15-05-2024 02:00,2024-05-15 02:00:00,2024,5,15,2,136,25.1,953.51,71.4
Shivajinagar AWS,18.5308,73.8474,15-05-2024 02:05,2024-05-15 02:05:00,2024,5,15,2,136,25.1,953.67,71.1
Shivajinagar AWS,18.5308,73.8474,15-05-2024 02:10,2024-05-15 02:10:00,2024,5,15,2,136,25.1,953.64,71.5
Shivajinagar AWS,18.5308,73.8474,15-05-2024 02:15,2024-05-15 02:15:00,2024,5,15,2,136,25.1,953.58,71.8
Shivajinagar AWS,18.5308,73.8474,15-05-2024 02:20,2024-05-15 02:20:00,2024,5,15,2,136,25.0,953.73,71.3
Shivajinagar AWS,18.5308,73.8474,15-05-2024 02:25,2024-05-15 02:25:00,2024,5,15,2,136,24.9,953.61,70.8
Shivajinagar AWS,18.5308,73.8474,15-05-2024 02:30,2024-05-15 02:30:00,2024,5,15,2,136,24.9,953.56,70.8
Shivajinagar AWS,18.5308,73.8474,15-05-2024 02:35,2024-05-15 02:35:00,2024,5,15,2,136,25.1,953.58,71.6
Shivajinagar AWS,18.5308,73.8474,15-05-2024 02:40,2024-05-15 02:40:00,2024,5,15,2,136,25.1,953.5,72.3
Shivajinagar AWS,18.5308,73.8474,15-05-2024 02:45,2024-05-15 02:45:00,2024,5,15,2,136,25.1,953.64,72.4
Shivajinagar AWS,18.5308,73.8474,15-05-2024 02:50,2024-05-15 02:50:00,2024,5,15,2,136,24.9,953.75,72.1
Shivajinagar AWS,18.5308,73.8474,15-05-2024 02:55,2024-05-15 02:55:00,2024,5,15,2,136,24.8,953.75,72.4
Shivajinagar AWS,18.5308,73.8474,15-05-2024 03:00,2024-05-15 03:00:00,2024,5,15,3,136,24.8,953.91,72.1
Shivajinagar AWS,18.5308,73.8474,15-05-2024 03:05,2024-05-15 03:05:00,2024,5,15,3,136,24.7,954.07,71.7
Shivajinagar AWS,18.5308,73.8474,15-05-2024 03:10,2024-05-15 03:10:00,2024,5,15,3,136,24.7,954.11,70.7
Shivajinagar AWS,18.5308,73.8474,15-05-2024 03:15,2024-05-15 03:15:00,2024,5,15,3,136,24.7,954.12,70.7
Shivajinagar AWS,18.5308,73.8474,15-05-2024 03:20,2024-05-15 03:20:00,2024,5,15,3,136,24.7,954.35,70.4
Shivajinagar AWS,18.5308,73.8474,15-05-2024 03:25,2024-05-15 03:25:00,2024,5,15,3,136,24.8,954.45,70.4
Shivajinagar AWS,18.5308,73.8474,15-05-2024 03:30,2024-05-15 03:30:00,2024,5,15,3,136,24.7,954.51,69.4
Shivajinagar AWS,18.5308,73.8474,15-05-2024 03:35,2024-05-15 03:35:00,2024,5,15,3,136,24.7,954.66,69.4
Shivajinagar AWS,18.5308,73.8474,15-05-2024 03:40,2024-05-15 03:40:00,2024,5,15,3,136,24.7,954.73,68.3
Shivajinagar AWS,18.5308,73.8474,15-05-2024 03:45,2024-05-15 03:45:00,2024,5,15,3,136,25.0,954.73,68.7
Shivajinagar AWS,18.5308,73.8474,15-05-2024 03:50,2024-05-15 03:50:00,2024,5,15,3,136,25.1,954.78,68.9
Shivajinagar AWS,18.5308,73.8474,15-05-2024 03:55,2024-05-15 03:55:00,2024,5,15,3,136,25.0,954.9,68.7
Shivajinagar AWS,18.5308,73.8474,15-05-2024 04:00,2024-05-15 04:00:00,2024,5,15,4,136,25.1,954.78,68.8
Shivajinagar AWS,18.5308,73.8474,15-05-2024 04:05,2024-05-15 04:05:00,2024,5,15,4,136,25.5,954.81,68.3
Shivajinagar AWS,18.5308,73.8474,15-05-2024 04:10,2024-05-15 04:10:00,2024,5,15,4,136,25.7,954.97,68.2
Shivajinagar AWS,18.5308,73.8474,15-05-2024 04:15,2024-05-15 04:15:00,2024,5,15,4,136,25.8,954.97,68.4
Shivajinagar AWS,18.5308,73.8474,15-05-2024 04:20,2024-05-15 04:20:00,2024,5,15,4,136,25.9,955.15,67.0
Shivajinagar AWS,18.5308,73.8474,15-05-2024 04:25,2024-05-15 04:25:00,2024,5,15,4,136,26.2,955.3,66.7
Shivajinagar AWS,18.5308,73.8474,15-05-2024 04:30,2024-05-15 04:30:00,2024,5,15,4,136,26.4,955.33,66.5
Shivajinagar AWS,18.5308,73.8474,15-05-2024 04:35,2024-05-15 04:35:00,2024,5,15,4,136,26.5,955.33,66.3
Shivajinagar AWS,18.5308,73.8474,15-05-2024 04:40,2024-05-15 04:40:00,2024,5,15,4,136,26.7,955.34,66.8
Shivajinagar AWS,18.5308,73.8474,15-05-2024 04:45,2024-05-15 04:45:00,2024,5,15,4,136,26.6,955.6,66.1
Shivajinagar AWS,18.5308,73.8474,15-05-2024 04:50,2024-05-15 04:50:00,2024,5,15,4,136,26.4,955.78,65.7
Shivajinagar AWS,18.5308,73.8474,15-05-2024 04:55,2024-05-15 04:55:00,2024,5,15,4,136,26.5,955.82,64.7
Shivajinagar AWS,18.5308,73.8474,15-05-2024 05:00,2024-05-15 05:00:00,2024,5,15,5,136,26.6,955.79,65.2
Shivajinagar AWS,18.5308,73.8474,15-05-2024 05:05,2024-05-15 05:05:00,2024,5,15,5,136,26.6,955.83,64.9
Shivajinagar AWS,18.5308,73.8474,15-05-2024 05:10,2024-05-15 05:10:00,2024,5,15,5,136,26.8,955.87,64.5
Shivajinagar AWS,18.5308,73.8474,15-05-2024 05:15,2024-05-15 05:15:00,2024,5,15,5,136,26.6,955.8,64.3
Shivajinagar AWS,18.5308,73.8474,15-05-2024 05:20,2024-05-15 05:20:00,2024,5,15,5,136,26.6,955.83,64.3
Shivajinagar AWS,18.5308,73.8474,15-05-2024 05:25,2024-05-15 05:25:00,2024,5,15,5,136,26.6,955.96,64.2
Shivajinagar AWS,18.5308,73.8474,15-05-2024 05:30,2024-05-15 05:30:00,2024,5,15,5,136,26.5,955.84,65.0
Shivajinagar AWS,18.5308,73.8474,15-05-2024 05:35,2024-05-15 05:35:00,2024,5,15,5,136,26.8,955.93,64.8
Shivajinagar AWS,18.5308,73.8474,15-05-2024 05:40,2024-05-15 05:40:00,2024,5,15,5,136,26.7,956.06,64.3
Shivajinagar AWS,18.5308,73.8474,15-05-2024 05:45,2024-05-15 05:45:00,2024,5,15,5,136,26.8,956.03,63.7
Shivajinagar AWS,18.5308,73.8474,15-05-2024 05:50,2024-05-15 05:50:00,2024,5,15,5,136,27.0,956.18,63.2
Shivajinagar AWS,18.5308,73.8474,15-05-2024 05:55,2024-05-15 05:55:00,2024,5,15,5,136,27.3,956.14,62.3
Shivajinagar AWS,18.5308,73.8474,15-05-2024 06:00,2024-05-15 06:00:00,2024,5,15,6,136,27.2,956.18,62.0
Shivajinagar AWS,18.5308,73.8474,15-05-2024 06:05,2024-05-15 06:05:00,2024,5,15,6,136,27.5,956.16,61.9
Shivajinagar AWS,18.5308,73.8474,15-05-2024 06:10,2024-05-15 06:10:00,2024,5,15,6,136,27.6,956.14,61.3
Shivajinagar AWS,18.5308,73.8474,15-05-2024 06:15,2024-05-15 06:15:00,2024,5,15,6,136,28.1,956.1,60.7
Shivajinagar AWS,18.5308,73.8474,15-05-2024 06:20,2024-05-15 06:20:00,2024,5,15,6,136,28.3,956.16,60.9
Shivajinagar AWS,18.5308,73.8474,15-05-2024 06:25,2024-05-15 06:25:00,2024,5,15,6,136,28.4,956.23,60.0
Shivajinagar AWS,18.5308,73.8474,15-05-2024 06:30,2024-05-15 06:30:00,2024,5,15,6,136,28.4,956.21,58.8
Shivajinagar AWS,18.5308,73.8474,15-05-2024 06:35,2024-05-15 06:35:00,2024,5,15,6,136,28.4,956.1,58.0
Shivajinagar AWS,18.5308,73.8474,15-05-2024 06:40,2024-05-15 06:40:00,2024,5,15,6,136,28.4,956.13,57.1
Shivajinagar AWS,18.5308,73.8474,15-05-2024 06:45,2024-05-15 06:45:00,2024,5,15,6,136,28.7,956.15,56.9
Shivajinagar AWS,18.5308,73.8474,15-05-2024 06:50,2024-05-15 06:50:00,2024,5,15,6,136,28.9,956.12,56.5
Shivajinagar AWS,18.5308,73.8474,15-05-2024 06:55,2024-05-15 06:55:00,2024,5,15,6,136,29.1,956.26,56.1
Shivajinagar AWS,18.5308,73.8474,15-05-2024 07:00,2024-05-15 07:00:00,2024,5,15,7,136,29.4,956.11,56.2
Shivajinagar AWS,18.5308,73.8474,15-05-2024 07:05,2024-05-15 07:05:00,2024,5,15,7,136,29.2,955.92,55.6
Shivajinagar AWS,18.5308,73.8474,15-05-2024 07:10,2024-05-15 07:10:00,2024,5,15,7,136,29.5,955.84,55.5
Shivajinagar AWS,18.5308,73.8474,15-05-2024 07:15,2024-05-15 07:15:00,2024,5,15,7,136,29.7,955.89,55.8
Shivajinagar AWS,18.5308,73.8474,15-05-2024 07:20,2024-05-15 07:20:00,2024,5,15,7,136,29.9,955.78,55.2
Shivajinagar AWS,18.5308,73.8474,15-05-2024 07:25,2024-05-15 07:25:00,2024,5,15,7,136,29.9,955.68,55.0
Shivajinagar AWS,18.5308,73.8474,15-05-2024 07:30,2024-05-15 07:30:00,2024,5,15,7,136,29.9,955.74,54.5
Shivajinagar AWS,18.5308,73.8474,15-05-2024 07:35,2024-05-15 07:35:00,2024,5,15,7,136,30.1,955.75,54.5
Shivajinagar AWS,18.5308,73.8474,15-05-2024 07:40,2024-05-15 07:40:00,2024,5,15,7,136,30.6,955.75,53.4
Shivajinagar AWS,18.5308,73.8474,15-05-2024 07:45,2024-05-15 07:45:00,2024,5,15,7,136,30.9,955.78,52.3
Shivajinagar AWS,18.5308,73.8474,15-05-2024 07:50,2024-05-15 07:50:00,2024,5,15,7,136,31.2,955.71,51.8
Shivajinagar AWS,18.5308,73.8474,15-05-2024 07:55,2024-05-15 07:55:00,2024,5,15,7,136,31.3,955.64,51.0
Shivajinagar AWS,18.5308,73.8474,15-05-2024 08:00,2024-05-15 08:00:00,2024,5,15,8,136,31.3,955.67,50.4
Shivajinagar AWS,18.5308,73.8474,15-05-2024 08:05,2024-05-15 08:05:00,2024,5,15,8,136,31.4,955.52,50.0
Shivajinagar AWS,18.5308,73.8474,15-05-2024 08:10,2024-05-15 08:10:00,2024,5,15,8,136,31.4,955.3,49.9
Shivajinagar AWS,18.5308,73.8474,15-05-2024 08:15,2024-05-15 08:15:00,2024,5,15,8,136,31.2,955.23,49.3
Shivajinagar AWS,18.5308,73.8474,15-05-2024 08:20,2024-05-15 08:20:00,2024,5,15,8,136,31.3,955.26,48.6
Shivajinagar AWS,18.5308,73.8474,15-05-2024 08:25,2024-05-15 08:25:00,2024,5,15,8,136,31.4,955.24,48.1
Shivajinagar AWS,18.5308,73.8474,15-05-2024 08:30,2024-05-15 08:30:00,2024,5,15,8,136,31.5,955.26,47.4
Shivajinagar AWS,18.5308,73.8474,15-05-2024 08:35,2024-05-15 08:35:00,2024,5,15,8,136,31.7,955.05,46.6
Shivajinagar AWS,18.5308,73.8474,15-05-2024 08:40,2024-05-15 08:40:00,2024,5,15,8,136,31.9,955.02,45.6
Shivajinagar AWS,18.5308,73.8474,15-05-2024 08:45,2024-05-15 08:45:00,2024,5,15,8,136,32.0,955.02,45.3
Shivajinagar AWS,18.5308,73.8474,15-05-2024 08:50,2024-05-15 08:50:00,2024,5,15,8,136,32.1,954.86,44.8
Shivajinagar AWS,18.5308,73.8474,15-05-2024 08:55,2024-05-15 08:55:00,2024,5,15,8,136,32.0,954.87,44.8
Shivajinagar AWS,18.5308,73.8474,15-05-2024 09:00,2024-05-15 09:00:00,2024,5,15,9,136,32.1,954.81,43.9
Shivajinagar AWS,18.5308,73.8474,15-05-2024 09:05,2024-05-15 09:05:00,2024,5,15,9,136,32.1,954.99,43.3
Shivajinagar AWS,18.5308,73.8474,15-05-2024 09:10,2024-05-15 09:10:00,2024,5,15,9,136,32.4,954.75,43.7
Shivajinagar AWS,18.5308,73.8474,15-05-2024 09:15,2024-05-15 09:15:00,2024,5,15,9,136,32.7,954.79,43.0
Shivajinagar AWS,18.5308,73.8474,15-05-2024 09:20,2024-05-15 09:20:00,2024,5,15,9,136,33.0,954.69,42.5
Shivajinagar AWS,18.5308,73.8474,15-05-2024 09:25,2024-05-15 09:25:00,2024,5,15,9,136,33.3,954.49,41.7
Shivajinagar AWS,18.5308,73.8474,15-05-2024 09:30,2024-05-15 09:30:00,2024,5,15,9,136,33.4,954.39,40.8
Shivajinagar AWS,18.5308,73.8474,15-05-2024 09:35,2024-05-15 09:35:00,2024,5,15,9,136,33.5,954.34,41.1
Shivajinagar AWS,18.5308,73.8474,15-05-2024 09:40,2024-05-15 09:40:00,2024,5,15,9,136,33.5,954.36,40.9
Shivajinagar AWS,18.5308,73.8474,15-05-2024 09:45,2024-05-15 09:45:00,2024,5,15,9,136,33.4,954.43,40.6
Shivajinagar AWS,18.5308,73.8474,15-05-2024 09:50,2024-05-15 09:50:00,2024,5,15,9,136,33.8,954.46,39.5
Shivajinagar AWS,18.5308,73.8474,15-05-2024 09:55,2024-05-15 09:55:00,2024,5,15,9,136,33.9,954.3,39.4
Shivajinagar AWS,18.5308,73.8474,15-05-2024 10:00,2024-05-15 10:00:00,2024,5,15,10,136,33.9,954.32,39.5
Shivajinagar AWS,18.5308,73.8474,15-05-2024 10:05,2024-05-15 10:05:00,2024,5,15,10,136,33.9,954.27,39.6
Shivajinagar AWS,18.5308,73.8474,15-05-2024 10:10,2024-05-15 10:10:00,2024,5,15,10,136,33.9,954.13,39.5
Shivajinagar AWS,18.5308,73.8474,15-05-2024 10:15,2024-05-15 10:15:00,2024,5,15,10,136,34.1,954.04,38.6
Shivajinagar AWS,18.5308,73.8474,15-05-2024 10:20,2024-05-15 10:20:00,2024,5,15,10,136,34.5,953.9,38.4
Shivajinagar AWS,18.5308,73.8474,15-05-2024 10:25,2024-05-15 10:25:00,2024,5,15,10,136,34.6,953.83,38.3
Shivajinagar AWS,18.5308,73.8474,15-05-2024 10:30,2024-05-15 10:30:00,2024,5,15,10,136,34.4,953.7,37.2
Shivajinagar AWS,18.5308,73.8474,15-05-2024 10:35,2024-05-15 10:35:00,2024,5,15,10,136,34.5,953.54,36.4
Shivajinagar AWS,18.5308,73.8474,15-05-2024 10:40,2024-05-15 10:40:00,2024,5,15,10,136,34.7,953.51,36.5
Shivajinagar AWS,18.5308,73.8474,15-05-2024 10:45,2024-05-15 10:45:00,2024,5,15,10,136,34.8,953.5,36.5
Shivajinagar AWS,18.5308,73.8474,15-05-2024 10:50,2024-05-15 10:50:00,2024,5,15,10,136,34.9,953.41,35.5
Shivajinagar AWS,18.5308,73.8474,15-05-2024 10:55,2024-05-15 10:55:00,2024,5,15,10,136,35.1,953.46,35.5
Shivajinagar AWS,18.5308,73.8474,15-05-2024 11:00,2024-05-15 11:00:00,2024,5,15,11,136,35.2,953.36,35.2
Shivajinagar AWS,18.5308,73.8474,15-05-2024 11:05,2024-05-15 11:05:00,2024,5,15,11,136,35.4,953.27,35.2
Shivajinagar AWS,18.5308,73.8474,15-05-2024 11:10,2024-05-15 11:10:00,2024,5,15,11,136,35.6,953.26,34.6
Shivajinagar AWS,18.5308,73.8474,15-05-2024 11:15,2024-05-15 11:15:00,2024,5,15,11,136,35.7,953.18,34.6
Shivajinagar AWS,18.5308,73.8474,15-05-2024 11:20,2024-05-15 11:20:00,2024,5,15,11,136,35.7,953.13,34.6
Shivajinagar AWS,18.5308,73.8474,15-05-2024 11:25,2024-05-15 11:25:00,2024,5,15,11,136,36.1,952.87,34.1
Shivajinagar AWS,18.5308,73.8474,15-05-2024 11:30,2024-05-15 11:30:00,2024,5,15,11,136,36.3,952.82,33.8
Shivajinagar AWS,18.5308,73.8474,15-05-2024 11:35,2024-05-15 11:35:00,2024,5,15,11,136,36.6,952.62,33.2
Shivajinagar AWS,18.5308,73.8474,15-05-2024 11:40,2024-05-15 11:40:00,2024,5,15,11,136,36.8,952.48,33.6
Shivajinagar AWS,18.5308,73.8474,15-05-2024 11:45,2024-05-15 11:45:00,2024,5,15,11,136,37.0,952.34,33.2
Shivajinagar AWS,18.5308,73.8474,15-05-2024 11:50,2024-05-15 11:50:00,2024,5,15,11,136,37.3,952.22,32.5
Shivajinagar AWS,18.5308,73.8474,15-05-2024 11:55,2024-05-15 11:55:00,2024,5,15,11,136,37.1,952.16,31.9
Shivajinagar AWS,18.5308,73.8474,15-05-2024 12:00,2024-05-15 12:00:00,2024,5,15,12,136,37.2,952.1,31.7
Shivajinagar AWS,18.5308,73.8474,15-05-2024 12:05,2024-05-15 12:05:00,2024,5,15,12,136,37.3,952.13,31.8
Shivajinagar AWS,18.5308,73.8474,15-05-2024 12:10,2024-05-15 12:10:00,2024,5,15,12,136,37.6,952.13,31.0
Shivajinagar AWS,18.5308,73.8474,15-05-2024 12:15,2024-05-15 12:15:00,2024,5,15,12,136,37.8,951.96,31.5
Shivajinagar AWS,18.5308,73.8474,15-05-2024 12:20,2024-05-15 12:20:00,2024,5,15,12,136,37.8,951.96,31.3
Shivajinagar AWS,18.5308,73.8474,15-05-2024 12:25,2024-05-15 12:25:00,2024,5,15,12,136,37.9,951.97,31.3
Shivajinagar AWS,18.5308,73.8474,15-05-2024 12:30,2024-05-15 12:30:00,2024,5,15,12,136,38.0,951.94,31.0
Shivajinagar AWS,18.5308,73.8474,15-05-2024 12:35,2024-05-15 12:35:00,2024,5,15,12,136,38.1,951.93,30.7
Shivajinagar AWS,18.5308,73.8474,15-05-2024 12:40,2024-05-15 12:40:00,2024,5,15,12,136,38.0,951.94,30.4
Shivajinagar AWS,18.5308,73.8474,15-05-2024 12:45,2024-05-15 12:45:00,2024,5,15,12,136,38.2,952.0,30.6
Shivajinagar AWS,18.5308,73.8474,15-05-2024 12:50,2024-05-15 12:50:00,2024,5,15,12,136,38.2,951.88,30.4
Shivajinagar AWS,18.5308,73.8474,15-05-2024 12:55,2024-05-15 12:55:00,2024,5,15,12,136,38.3,951.86,30.5
Shivajinagar AWS,18.5308,73.8474,15-05-2024 13:00,2024-05-15 13:00:00,2024,5,15,13,136,38.2,951.99,30.1
Shivajinagar AWS,18.5308,73.8474,15-05-2024 13:05,2024-05-15 13:05:00,2024,5,15,13,136,38.2,952.11,29.9
Shivajinagar AWS,18.5308,73.8474,15-05-2024 13:10,2024-05-15 13:10:00,2024,5,15,13,136,38.4,952.18,29.4
Shivajinagar AWS,18.5308,73.8474,15-05-2024 13:15,2024-05-15 13:15:00,2024,5,15,13,136,38.3,952.23,29.7
Shivajinagar AWS,18.5308,73.8474,15-05-2024 13:20,2024-05-15 13:20:00,2024,5,15,13,136,38.2,952.37,29.2
Shivajinagar AWS,18.5308,73.8474,15-05-2024 13:25,2024-05-15 13:25:00,2024,5,15,13,136,38.2,952.52,28.9
Shivajinagar AWS,18.5308,73.8474,15-05-2024 13:30,2024-05-15 13:30:00,2024,5,15,13,136,38.1,952.51,28.7
Shivajinagar AWS,18.5308,73.8474,15-05-2024 13:35,2024-05-15 13:35:00,2024,5,15,13,136,38.0,952.44,28.4
Shivajinagar AWS,18.5308,73.8474,15-05-2024 13:40,2024-05-15 13:40:00,2024,5,15,13,136,38.1,952.42,28.6
Shivajinagar AWS,18.5308,73.8474,15-05-2024 13:45,2024-05-15 13:45:00,2024,5,15,13,136,37.9,952.68,28.4
Shivajinagar AWS,18.5308,73.8474,15-05-2024 13:50,2024-05-15 13:50:00,2024,5,15,13,136,37.8,952.56,28.8
Shivajinagar AWS,18.5308,73.8474,15-05-2024 13:55,2024-05-15 13:55:00,2024,5,15,13,136,38.2,952.54,28.4
Shivajinagar AWS,18.5308,73.8474,15-05-2024 14:00,2024-05-15 14:00:00,2024,5,15,14,136,38.3,952.44,28.4
Shivajinagar AWS,18.5308,73.8474,15-05-2024 14:05,2024-05-15 14:05:00,2024,5,15,14,136,38.2,952.48,28.0
Shivajinagar AWS,18.5308,73.8474,15-05-2024 14:10,2024-05-15 14:10:00,2024,5,15,14,136,38.3,952.41,28.1
Shivajinagar AWS,18.5308,73.8474,15-05-2024 14:15,2024-05-15 14:15:00,2024,5,15,14,136,38.4,952.43,28.1
Shivajinagar AWS,18.5308,73.8474,15-05-2024 14:20,2024-05-15 14:20:00,2024,5,15,14,136,38.6,952.31,28.0
Shivajinagar AWS,18.5308,73.8474,15-05-2024 14:25,2024-05-15 14:25:00,2024,5,15,14,136,38.6,952.4,28.5
Shivajinagar AWS,18.5308,73.8474,15-05-2024 14:30,2024-05-15 14:30:00,2024,5,15,14,136,38.7,952.54,28.2
Shivajinagar AWS,18.5308,73.8474,15-05-2024 14:35,2024-05-15 14:35:00,2024,5,15,14,136,38.4,952.55,28.4
Shivajinagar AWS,18.5308,73.8474,15-05-2024 14:40,2024-05-15 14:40:00,2024,5,15,14,136,38.2,952.59,28.1
Shivajinagar AWS,18.5308,73.8474,15-05-2024 14:45,2024-05-15 14:45:00,2024,5,15,14,136,38.3,952.62,28.2
Shivajinagar AWS,18.5308,73.8474,15-05-2024 14:50,2024-05-15 14:50:00,2024,5,15,14,136,38.3,952.68,27.7
Shivajinagar AWS,18.5308,73.8474,15-05-2024 14:55,2024-05-15 14:55:00,2024,5,15,14,136,38.2,952.73,27.5
Shivajinagar AWS,18.5308,73.8474,15-05-2024 15:00,2024-05-15 15:00:00,2024,5,15,15,136,38.2,952.84,27.6
Shivajinagar AWS,18.5308,73.8474,15-05-2024 15:05,2024-05-15 15:05:00,2024,5,15,15,136,38.1,952.99,28.4
Shivajinagar AWS,18.5308,73.8474,15-05-2024 15:10,2024-05-15 15:10:00,2024,5,15,15,136,38.0,952.97,28.5
Shivajinagar AWS,18.5308,73.8474,15-05-2024 15:15,2024-05-15 15:15:00,2024,5,15,15,136,38.2,952.99,29.3
Shivajinagar AWS,18.5308,73.8474,15-05-2024 15:20,2024-05-15 15:20:00,2024,5,15,15,136,38.3,953.12,29.4
Shivajinagar AWS,18.5308,73.8474,15-05-2024 15:25,2024-05-15 15:25:00,2024,5,15,15,136,38.1,953.06,29.3
Shivajinagar AWS,18.5308,73.8474,15-05-2024 15:30,2024-05-15 15:30:00,2024,5,15,15,136,37.9,952.95,30.0
Shivajinagar AWS,18.5308,73.8474,15-05-2024 15:35,2024-05-15 15:35:00,2024,5,15,15,136,37.8,953.03,30.3
Shivajinagar AWS,18.5308,73.8474,15-05-2024 15:40,2024-05-15 15:40:00,2024,5,15,15,136,37.8,953.14,30.1
Shivajinagar AWS,18.5308,73.8474,15-05-2024 15:45,2024-05-15 15:45:00,2024,5,15,15,136,37.7,953.14,30.4
Shivajinagar AWS,18.5308,73.8474,15-05-2024 15:50,2024-05-15 15:50:00,2024,5,15,15,136,37.8,953.16,30.4
Shivajinagar AWS,18.5308,73.8474,15-05-2024 15:55,2024-05-15 15:55:00,2024,5,15,15,136,37.8,953.16,29.7
Shivajinagar AWS,18.5308,73.8474,15-05-2024 16:00,2024-05-15 16:00:00,2024,5,15,16,136,37.8,953.16,30.3
Shivajinagar AWS,18.5308,73.8474,15-05-2024 16:05,2024-05-15 16:05:00,2024,5,15,16,136,37.6,953.28,30.9
Shivajinagar AWS,18.5308,73.8474,15-05-2024 16:10,2024-05-15 16:10:00,2024,5,15,16,136,37.7,953.26,31.8
Shivajinagar AWS,18.5308,73.8474,15-05-2024 16:15,2024-05-15 16:15:00,2024,5,15,16,136,37.2,953.3,32.1
Shivajinagar AWS,18.5308,73.8474,15-05-2024 16:20,2024-05-15 16:20:00,2024,5,15,16,136,37.3,953.3,32.1
Shivajinagar AWS,18.5308,73.8474,15-05-2024 16:25,2024-05-15 16:25:00,2024,5,15,16,136,37.4,953.26,32.6
Shivajinagar AWS,18.5308,73.8474,15-05-2024 16:30,2024-05-15 16:30:00,2024,5,15,16,136,37.2,953.4,33.1
Shivajinagar AWS,18.5308,73.8474,15-05-2024 16:35,2024-05-15 16:35:00,2024,5,15,16,136,37.4,953.43,33.9
Shivajinagar AWS,18.5308,73.8474,15-05-2024 16:40,2024-05-15 16:40:00,2024,5,15,16,136,37.4,953.52,34.0
Shivajinagar AWS,18.5308,73.8474,15-05-2024 16:45,2024-05-15 16:45:00,2024,5,15,16,136,37.4,953.46,34.1
Shivajinagar AWS,18.5308,73.8474,15-05-2024 16:50,2024-05-15 16:50:00,2024,5,15,16,136,37.4,953.48,34.0
Shivajinagar AWS,18.5308,73.8474,15-05-2024 16:55,2024-05-15 16:55:00,2024,5,15,16,136,37.4,953.61,34.4
Shivajinagar AWS,18.5308,73.8474,15-05-2024 17:00,2024-05-15 17:00:00,2024,5,15,17,136,37.4,953.88,34.0
Shivajinagar AWS,18.5308,73.8474,15-05-2024 17:05,2024-05-15 17:05:00,2024,5,15,17,136,37.4,953.78,34.5
Shivajinagar AWS,18.5308,73.8474,15-05-2024 17:10,2024-05-15 17:10:00,2024,5,15,17,136,37.4,953.82,35.0
Shivajinagar AWS,18.5308,73.8474,15-05-2024 17:15,2024-05-15 17:15:00,2024,5,15,17,136,37.4,953.92,35.5
Shivajinagar AWS,18.5308,73.8474,15-05-2024 17:20,2024-05-15 17:20:00,2024,5,15,17,136,37.4,953.92,35.7
Shivajinagar AWS,18.5308,73.8474,15-05-2024 17:25,2024-05-15 17:25:00,2024,5,15,17,136,37.0,954.04,36.6
Shivajinagar AWS,18.5308,73.8474,15-05-2024 17:30,2024-05-15 17:30:00,2024,5,15,17,136,36.8,954.02,37.2
Shivajinagar AWS,18.5308,73.8474,15-05-2024 17:35,2024-05-15 17:35:00,2024,5,15,17,136,36.5,954.09,37.2
Shivajinagar AWS,18.5308,73.8474,15-05-2024 17:40,2024-05-15 17:40:00,2024,5,15,17,136,36.4,954.09,37.2
Shivajinagar AWS,18.5308,73.8474,15-05-2024 17:45,2024-05-15 17:45:00,2024,5,15,17,136,36.1,954.23,37.1
Shivajinagar AWS,18.5308,73.8474,15-05-2024 17:50,2024-05-15 17:50:00,2024,5,15,17,136,36.0,954.22,37.6
Shivajinagar AWS,18.5308,73.8474,15-05-2024 17:55,2024-05-15 17:55:00,2024,5,15,17,136,35.8,954.23,37.5
Shivajinagar AWS,18.5308,73.8474,15-05-2024 18:00,2024-05-15 18:00:00,2024,5,15,18,136,35.7,954.34,38.3
Shivajinagar AWS,18.5308,73.8474,15-05-2024 18:05,2024-05-15 18:05:00,2024,5,15,18,136,35.6,954.29,39.2
Shivajinagar AWS,18.5308,73.8474,15-05-2024 18:10,2024-05-15 18:10:00,2024,5,15,18,136,35.5,954.33,39.1
Shivajinagar AWS,18.5308,73.8474,15-05-2024 18:15,2024-05-15 18:15:00,2024,5,15,18,136,35.3,954.21,39.4
Shivajinagar AWS,18.5308,73.8474,15-05-2024 18:20,2024-05-15 18:20:00,2024,5,15,18,136,35.2,954.15,39.7
Shivajinagar AWS,18.5308,73.8474,15-05-2024 18:25,2024-05-15 18:25:00,2024,5,15,18,136,35.2,954.21,40.4
Shivajinagar AWS,18.5308,73.8474,15-05-2024 18:30,2024-05-15 18:30:00,2024,5,15,18,136,34.8,954.16,41.4
Shivajinagar AWS,18.5308,73.8474,15-05-2024 18:35,2024-05-15 18:35:00,2024,5,15,18,136,34.7,954.14,41.1
Shivajinagar AWS,18.5308,73.8474,15-05-2024 18:40,2024-05-15 18:40:00,2024,5,15,18,136,34.8,954.2,41.3
Shivajinagar AWS,18.5308,73.8474,15-05-2024 18:45,2024-05-15 18:45:00,2024,5,15,18,136,34.7,954.17,41.6
Shivajinagar AWS,18.5308,73.8474,15-05-2024 18:50,2024-05-15 18:50:00,2024,5,15,18,136,34.6,954.26,41.4
Shivajinagar AWS,18.5308,73.8474,15-05-2024 18:55,2024-05-15 18:55:00,2024,5,15,18,136,34.5,954.28,41.7
Shivajinagar AWS,18.5308,73.8474,15-05-2024 19:00,2024-05-15 19:00:00,2024,5,15,19,136,34.4,954.32,42.3
Shivajinagar AWS,18.5308,73.8474,15-05-2024 19:05,2024-05-15 19:05:00,2024,5,15,19,136,34.4,954.42,42.6
Shivajinagar AWS,18.5308,73.8474,15-05-2024 19:10,2024-05-15 19:10:00,2024,5,15,19,136,33.9,954.44,42.5
Shivajinagar AWS,18.5308,73.8474,15-05-2024 19:15,2024-05-15 19:15:00,2024,5,15,19,136,33.5,954.56,44.1
Shivajinagar AWS,18.5308,73.8474,15-05-2024 19:20,2024-05-15 19:20:00,2024,5,15,19,136,33.5,954.61,44.6
Shivajinagar AWS,18.5308,73.8474,15-05-2024 19:25,2024-05-15 19:25:00,2024,5,15,19,136,33.1,954.54,45.1
Shivajinagar AWS,18.5308,73.8474,15-05-2024 19:30,2024-05-15 19:30:00,2024,5,15,19,136,33.0,954.62,45.1
Shivajinagar AWS,18.5308,73.8474,15-05-2024 19:35,2024-05-15 19:35:00,2024,5,15,19,136,32.8,954.61,45.7
Shivajinagar AWS,18.5308,73.8474,15-05-2024 19:40,2024-05-15 19:40:00,2024,5,15,19,136,32.5,954.54,46.1
Shivajinagar AWS,18.5308,73.8474,15-05-2024 19:45,2024-05-15 19:45:00,2024,5,15,19,136,32.4,954.53,45.8
Shivajinagar AWS,18.5308,73.8474,15-05-2024 19:50,2024-05-15 19:50:00,2024,5,15,19,136,32.3,954.58,45.9
Shivajinagar AWS,18.5308,73.8474,15-05-2024 19:55,2024-05-15 19:55:00,2024,5,15,19,136,32.5,954.57,46.7
Shivajinagar AWS,18.5308,73.8474,15-05-2024 20:00,2024-05-15 20:00:00,2024,5,15,20,136,32.2,954.66,48.0
Shivajinagar AWS,18.5308,73.8474,15-05-2024 20:05,2024-05-15 20:05:00,2024,5,15,20,136,32.3,954.69,48.6
Shivajinagar AWS,18.5308,73.8474,15-05-2024 20:10,2024-05-15 20:10:00,2024,5,15,20,136,32.1,954.67,49.5
Shivajinagar AWS,18.5308,73.8474,15-05-2024 20:15,2024-05-15 20:15:00,2024,5,15,20,136,31.9,954.52,49.9
Shivajinagar AWS,18.5308,73.8474,15-05-2024 20:20,2024-05-15 20:20:00,2024,5,15,20,136,31.8,954.44,50.3
Shivajinagar AWS,18.5308,73.8474,15-05-2024 20:25,2024-05-15 20:25:00,2024,5,15,20,136,31.7,954.38,51.2
Shivajinagar AWS,18.5308,73.8474,15-05-2024 20:30,2024-05-15 20:30:00,2024,5,15,20,136,31.6,954.37,52.3
Shivajinagar AWS,18.5308,73.8474,15-05-2024 20:35,2024-05-15 20:35:00,2024,5,15,20,136,31.4,954.35,53.3
Shivajinagar AWS,18.5308,73.8474,15-05-2024 20:40,2024-05-15 20:40:00,2024,5,15,20,136,31.1,954.28,53.2
Shivajinagar AWS,18.5308,73.8474,15-05-2024 20:45,2024-05-15 20:45:00,2024,5,15,20,136,30.8,954.22,53.6
Shivajinagar AWS,18.5308,73.8474,15-05-2024 20:50,2024-05-15 20:50:00,2024,5,15,20,136,30.8,954.2,54.1
Shivajinagar AWS,18.5308,73.8474,15-05-2024 20:55,2024-05-15 20:55:00,2024,5,15,20,136,30.6,954.04,54.5
Shivajinagar AWS,18.5308,73.8474,15-05-2024 21:00,2024-05-15 21:00:00,2024,5,15,21,136,30.4,954.1,55.0
Shivajinagar AWS,18.5308,73.8474,15-05-2024 21:05,2024-05-15 21:05:00,2024,5,15,21,136,30.3,953.85,55.8
Shivajinagar AWS,18.5308,73.8474,15-05-2024 21:10,2024-05-15 21:10:00,2024,5,15,21,136,30.2,953.89,56.6
Shivajinagar AWS,18.5308,73.8474,15-05-2024 21:15,2024-05-15 21:15:00,2024,5,15,21,136,29.8,953.8,57.7
Shivajinagar AWS,18.5308,73.8474,15-05-2024 21:20,2024-05-15 21:20:00,2024,5,15,21,136,29.8,953.79,57.9
Shivajinagar AWS,18.5308,73.8474,15-05-2024 21:25,2024-05-15 21:25:00,2024,5,15,21,136,29.7,953.73,57.7
Shivajinagar AWS,18.5308,73.8474,15-05-2024 21:30,2024-05-15 21:30:00,2024,5,15,21,136,29.5,953.67,58.2
Shivajinagar AWS,18.5308,73.8474,15-05-2024 21:35,2024-05-15 21:35:00,2024,5,15,21,136,29.4,953.62,59.4
Shivajinagar AWS,18.5308,73.8474,15-05-2024 21:40,2024-05-15 21:40:00,2024,5,15,21,136,29.2,953.59,59.5
Shivajinagar AWS,18.5308,73.8474,15-05-2024 21:45,2024-05-15 21:45:00,2024,5,15,21,136,29.2,953.47,60.2
Shivajinagar AWS,18.5308,73.8474,15-05-2024 21:50,2024-05-15 21:50:00,2024,5,15,21,136,29.1,953.45,60.8
Shivajinagar AWS,18.5308,73.8474,15-05-2024 21:55,2024-05-15 21:55:00,2024,5,15,21,136,29.0,953.27,61.2
Shivajinagar AWS,18.5308,73.8474,15-05-2024 22:00,2024-05-15 22:00:00,2024,5,15,22,136,29.1,953.17,61.6
Shivajinagar AWS,18.5308,73.8474,15-05-2024 22:05,2024-05-15 22:05:00,2024,5,15,22,136,29.0,953.15,61.6
Shivajinagar AWS,18.5308,73.8474,15-05-2024 22:10,2024-05-15 22:10:00,2024,5,15,22,136,28.8,953.13,61.0
Shivajinagar AWS,18.5308,73.8474,15-05-2024 22:15,2024-05-15 22:15:00,2024,5,15,22,136,28.4,953.07,61.0
Shivajinagar AWS,18.5308,73.8474,15-05-2024 22:20,2024-05-15 22:20:00,2024,5,15,22,136,28.5,952.95,61.2
Shivajinagar AWS,18.5308,73.8474,15-05-2024 22:25,2024-05-15 22:25:00,2024,5,15,22,136,28.3,952.92,62.1
Shivajinagar AWS,18.5308,73.8474,15-05-2024 22:30,2024-05-15 22:30:00,2024,5,15,22,136,28.1,952.77,62.5
Shivajinagar AWS,18.5308,73.8474,15-05-2024 22:35,2024-05-15 22:35:00,2024,5,15,22,136,27.6,952.82,62.7
Shivajinagar AWS,18.5308,73.8474,15-05-2024 22:40,2024-05-15 22:40:00,2024,5,15,22,136,27.5,952.72,62.7
Shivajinagar AWS,18.5308,73.8474,15-05-2024 22:45,2024-05-15 22:45:00,2024,5,15,22,136,27.4,952.5,63.4
Shivajinagar AWS,18.5308,73.8474,15-05-2024 22:50,2024-05-15 22:50:00,2024,5,15,22,136,27.0,952.32,64.4
Shivajinagar AWS,18.5308,73.8474,15-05-2024 22:55,2024-05-15 22:55:00,2024,5,15,22,136,27.0,952.24,65.2
Shivajinagar AWS,18.5308,73.8474,15-05-2024 23:00,2024-05-15 23:00:00,2024,5,15,23,136,26.7,952.17,65.8
Shivajinagar AWS,18.5308,73.8474,15-05-2024 23:05,2024-05-15 23:05:00,2024,5,15,23,136,27.0,952.25,65.5
Shivajinagar AWS,18.5308,73.8474,15-05-2024 23:10,2024-05-15 23:10:00,2024,5,15,23,136,26.8,952.08,65.7
Shivajinagar AWS,18.5308,73.8474,15-05-2024 23:15,2024-05-15 23:15:00,2024,5,15,23,136,26.6,952.01,66.9
Shivajinagar AWS,18.5308,73.8474,15-05-2024 23:20,2024-05-15 23:20:00,2024,5,15,23,136,26.3,951.85,67.6
Shivajinagar AWS,18.5308,73.8474,15-05-2024 23:25,2024-05-15 23:25:00,2024,5,15,23,136,26.4,951.74,67.3
Shivajinagar AWS,18.5308,73.8474,15-05-2024 23:30,2024-05-15 23:30:00,2024,5,15,23,136,26.2,951.81,67.6
Shivajinagar AWS,18.5308,73.8474,15-05-2024 23:35,2024-05-15 23:35:00,2024,5,15,23,136,26.0,951.65,
Shivajinagar AWS,18.5308,73.8474,15-05-2024 23:40,2024-05-15 23:40:00,2024,5,15,23,136,25.9,951.64,
Shivajinagar AWS,18.5308,73.8474,15-05-2024 23:45,2024-05-15 23:45:00,2024,5,15,23,136,25.6,951.61,
Shivajinagar AWS,18.5308,73.8474,15-05-2024 23:50,2024-05-15 23:50:00,2024,5,15,23,136,25.6,951.54,
Shivajinagar AWS,18.5308,73.8474,15-05-2024 23:55,2024-05-15 23:55:00,2024,5,15,23,136,25.8,951.53,
Shivajinagar AWS,18.5308,73.8474,16-05-2024 00:00,2024-05-16 00:00:00,2024,5,16,0,137,25.7,951.38,
Shivajinagar AWS,18.5308,73.8474,16-05-2024 00:05,2024-05-16 00:05:00,2024,5,16,0,137,25.7,951.46,
Shivajinagar AWS,18.5308,73.8474,16-05-2024 00:10,2024-05-16 00:10:00,2024,5,16,0,137,25.7,951.56,68.4
Shivajinagar AWS,18.5308,73.8474,16-05-2024 00:15,2024-05-16 00:15:00,2024,5,16,0,137,25.8,951.51,68.7
Shivajinagar AWS,18.5308,73.8474,16-05-2024 00:20,2024-05-16 00:20:00,2024,5,16,0,137,25.9,951.66,68.7
Shivajinagar AWS,18.5308,73.8474,16-05-2024 00:25,2024-05-16 00:25:00,2024,5,16,0,137,25.8,951.57,68.9
Shivajinagar AWS,18.5308,73.8474,16-05-2024 00:30,2024-05-16 00:30:00,2024,5,16,0,137,25.8,951.55,68.5
Shivajinagar AWS,18.5308,73.8474,16-05-2024 00:35,2024-05-16 00:35:00,2024,5,16,0,137,25.5,951.61,69.0
Shivajinagar AWS,18.5308,73.8474,16-05-2024 00:40,2024-05-16 00:40:00,2024,5,16,0,137,25.5,951.53,68.2
Shivajinagar AWS,18.5308,73.8474,16-05-2024 00:45,2024-05-16 00:45:00,2024,5,16,0,137,25.3,951.37,68.4
Shivajinagar AWS,18.5308,73.8474,16-05-2024 00:50,2024-05-16 00:50:00,2024,5,16,0,137,25.1,951.21,69.2
Shivajinagar AWS,18.5308,73.8474,16-05-2024 00:55,2024-05-16 00:55:00,2024,5,16,0,137,24.5,951.34,69.1
Shivajinagar AWS,18.5308,73.8474,16-05-2024 01:00,2024-05-16 01:00:00,2024,5,16,1,137,24.5,951.27,69.7
Shivajinagar AWS,18.5308,73.8474,16-05-2024 01:05,2024-05-16 01:05:00,2024,5,16,1,137,24.3,951.23,70.5
Shivajinagar AWS,18.5308,73.8474,16-05-2024 01:10,2024-05-16 01:10:00,2024,5,16,1,137,24.4,951.12,69.4
Shivajinagar AWS,18.5308,73.8474,16-05-2024 01:15,2024-05-16 01:15:00,2024,5,16,1,137,24.4,951.18,69.7
Shivajinagar AWS,18.5308,73.8474,16-05-2024 01:20,2024-05-16 01:20:00,2024,5,16,1,137,24.5,951.1,68.8
Shivajinagar AWS,18.5308,73.8474,16-05-2024 01:25,2024-05-16 01:25:00,2024,5,16,1,137,24.3,951.06,69.1
Shivajinagar AWS,18.5308,73.8474,16-05-2024 01:30,2024-05-16 01:30:00,2024,5,16,1,137,24.4,951.08,69.4
Shivajinagar AWS,18.5308,73.8474,16-05-2024 01:35,2024-05-16 01:35:00,2024,5,16,1,137,24.6,950.99,68.8
Shivajinagar AWS,18.5308,73.8474,16-05-2024 01:40,2024-05-16 01:40:00,2024,5,16,1,137,24.6,950.98,69.9
Shivajinagar AWS,18.5308,73.8474,16-05-2024 01:45,2024-05-16 01:45:00,2024,5,16,1,137,24.7,951.1,70.3
Shivajinagar AWS,18.5308,73.8474,16-05-2024 01:50,2024-05-16 01:50:00,2024,5,16,1,137,24.6,951.14,70.2
Shivajinagar AWS,18.5308,73.8474,16-05-2024 01:55,2024-05-16 01:55:00,2024,5,16,1,137,24.5,951.16,71.0
Shivajinagar AWS,18.5308,73.8474,16-05-2024 02:00,2024-05-16 02:00:00,2024,5,16,2,137,24.5,951.19,70.5
Shivajinagar AWS,18.5308,73.8474,16-05-2024 02:05,2024-05-16 02:05:00,2024,5,16,2,137,24.2,951.17,70.2
Shivajinagar AWS,18.5308,73.8474,16-05-2024 02:10,2024-05-16 02:10:00,2024,5,16,2,137,24.1,951.35,69.5
Shivajinagar AWS,18.5308,73.8474,16-05-2024 02:15,2024-05-16 02:15:00,2024,5,16,2,137,23.8,951.3,70.5
Shivajinagar AWS,18.5308,73.8474,16-05-2024 02:20,2024-05-16 02:20:00,2024,5,16,2,137,23.7,951.33,70.9
Shivajinagar AWS,18.5308,73.8474,16-05-2024 02:25,2024-05-16 02:25:00,2024,5,16,2,137,23.7,951.36,71.3
Shivajinagar AWS,18.5308,73.8474,16-05-2024 02:30,2024-05-16 02:30:00,2024,5,16,2,137,23.8,951.47,71.6
Shivajinagar AWS,18.5308,73.8474,16-05-2024 02:35,2024-05-16 02:35:00,2024,5,16,2,137,23.8,951.58,71.9
Shivajinagar AWS,18.5308,73.8474,16-05-2024 02:40,2024-05-16 02:40:00,2024,5,16,2,137,23.8,951.6,72.1
Shivajinagar AWS,18.5308,73.8474,16-05-2024 02:45,2024-05-16 02:45:00,2024,5,16,2,137,23.5,951.64,72.2
Shivajinagar AWS,18.5308,73.8474,16-05-2024 02:50,2024-05-16 02:50:00,2024,5,16,2,137,23.5,951.7,72.4
Shivajinagar AWS,18.5308,73.8474,16-05-2024 02:55,2024-05-16 02:55:00,2024,5,16,2,137,23.4,951.54,72.2
Shivajinagar AWS,18.5308,73.8474,16-05-2024 03:00,2024-05-16 03:00:00,2024,5,16,3,137,23.3,951.45,72.2
Shivajinagar AWS,18.5308,73.8474,16-05-2024 03:05,2024-05-16 03:05:00,2024,5,16,3,137,23.4,951.44,72.3
Shivajinagar AWS,18.5308,73.8474,16-05-2024 03:10,2024-05-16 03:10:00,2024,5,16,3,137,23.3,951.45,72.4
Shivajinagar AWS,18.5308,73.8474,16-05-2024 03:15,2024-05-16 03:15:00,2024,5,16,3,137,23.3,951.4,71.8
Shivajinagar AWS,18.5308,73.8474,16-05-2024 03:20,2024-05-16 03:20:00,2024,5,16,3,137,23.0,951.51,71.2
Shivajinagar AWS,18.5308,73.8474,16-05-2024 03:25,2024-05-16 03:25:00,2024,5,16,3,137,23.0,951.57,71.7
Shivajinagar AWS,18.5308,73.8474,16-05-2024 03:30,2024-05-16 03:30:00,2024,5,16,3,137,22.9,951.6,71.6
Shivajinagar AWS,18.5308,73.8474,16-05-2024 03:35,2024-05-16 03:35:00,2024,5,16,3,137,23.0,951.56,71.8
Shivajinagar AWS,18.5308,73.8474,16-05-2024 03:40,2024-05-16 03:40:00,2024,5,16,3,137,22.9,951.61,71.3
Shivajinagar AWS,18.5308,73.8474,16-05-2024 03:45,2024-05-16 03:45:00,2024,5,16,3,137,23.0,951.46,70.6
Shivajinagar AWS,18.5308,73.8474,16-05-2024 03:50,2024-05-16 03:50:00,2024,5,16,3,137,23.1,951.52,70.3
Shivajinagar AWS,18.5308,73.8474,16-05-2024 03:55,2024-05-16 03:55:00,2024,5,16,3,137,23.4,951.59,70.2
Shivajinagar AWS,18.5308,73.8474,16-05-2024 04:00,2024-05-16 04:00:00,2024,5,16,4,137,23.6,951.68,69.9
Shivajinagar AWS,18.5308,73.8474,16-05-2024 04:05,2024-05-16 04:05:00,2024,5,16,4,137,23.3,951.62,70.3
Shivajinagar AWS,18.5308,73.8474,16-05-2024 04:10,2024-05-16 04:10:00,2024,5,16,4,137,23.2,951.71,70.3
Shivajinagar AWS,18.5308,73.8474,16-05-2024 04:15,2024-05-16 04:15:00,2024,5,16,4,137,23.3,951.7,71.0
Shivajinagar AWS,18.5308,73.8474,16-05-2024 04:20,2024-05-16 04:20:00,2024,5,16,4,137,23.3,951.71,71.0
Shivajinagar AWS,18.5308,73.8474,16-05-2024 04:25,2024-05-16 04:25:00,2024,5,16,4,137,23.0,951.84,69.9
Shivajinagar AWS,18.5308,73.8474,16-05-2024 04:30,2024-05-16 04:30:00,2024,5,16,4,137,23.3,952.07,70.1
Shivajinagar AWS,18.5308,73.8474,16-05-2024 04:35,2024-05-16 04:35:00,2024,5,16,4,137,23.5,952.13,69.4
Shivajinagar AWS,18.5308,73.8474,16-05-2024 04:40,2024-05-16 04:40:00,2024,5,16,4,137,23.7,952.13,69.3
Shivajinagar AWS,18.5308,73.8474,16-05-2024 04:45,2024-05-16 04:45:00,2024,5,16,4,137,23.7,952.21,68.8
Shivajinagar AWS,18.5308,73.8474,16-05-2024 04:50,2024-05-16 04:50:00,2024,5,16,4,137,23.9,952.34,69.5
Shivajinagar AWS,18.5308,73.8474,16-05-2024 04:55,2024-05-16 04:55:00,2024,5,16,4,137,23.9,952.45,69.9
Shivajinagar AWS,18.5308,73.8474,16-05-2024 05:00,2024-05-16 05:00:00,2024,5,16,5,137,24.1,952.72,69.3
Shivajinagar AWS,18.5308,73.8474,16-05-2024 05:05,2024-05-16 05:05:00,2024,5,16,5,137,24.1,952.7,69.0
Shivajinagar AWS,18.5308,73.8474,16-05-2024 05:10,2024-05-16 05:10:00,2024,5,16,5,137,24.4,952.76,68.9
Shivajinagar AWS,18.5308,73.8474,16-05-2024 05:15,2024-05-16 05:15:00,2024,5,16,5,137,24.3,952.93,68.9
Shivajinagar AWS,18.5308,73.8474,16-05-2024 05:20,2024-05-16 05:20:00,2024,5,16,5,137,24.6,953.08,68.7
Shivajinagar AWS,18.5308,73.8474,16-05-2024 05:25,2024-05-16 05:25:00,2024,5,16,5,137,24.7,952.95,67.9
Shivajinagar AWS,18.5308,73.8474,16-05-2024 05:30,2024-05-16 05:30:00,2024,5,16,5,137,24.8,952.98,67.3
Shivajinagar AWS,18.5308,73.8474,16-05-2024 05:35,2024-05-16 05:35:00,2024,5,16,5,137,24.9,953.13,67.1
Shivajinagar AWS,18.5308,73.8474,16-05-2024 05:40,2024-05-16 05:40:00,2024,5,16,5,137,25.2,953.39,67.3
Shivajinagar AWS,18.5308,73.8474,16-05-2024 05:45,2024-05-16 05:45:00,2024,5,16,5,137,25.5,953.45,67.1
Shivajinagar AWS,18.5308,73.8474,16-05-2024 05:50,2024-05-16 05:50:00,2024,5,16,5,137,25.7,953.43,66.4
Shivajinagar AWS,18.5308,73.8474,16-05-2024 05:55,2024-05-16 05:55:00,2024,5,16,5,137,25.6,953.36,66.4
Shivajinagar AWS,18.5308,73.8474,16-05-2024 06:00,2024-05-16 06:00:00,2024,5,16,6,137,25.8,953.55,65.8
Shivajinagar AWS,18.5308,73.8474,16-05-2024 06:05,2024-05-16 06:05:00,2024,5,16,6,137,26.2,953.61,65.8
Shivajinagar AWS,18.5308,73.8474,16-05-2024 06:10,2024-05-16 06:10:00,2024,5,16,6,137,26.5,,66.5
Shivajinagar AWS,18.5308,73.8474,16-05-2024 06:15,2024-05-16 06:15:00,2024,5,16,6,137,26.7,,65.9
Shivajinagar AWS,18.5308,73.8474,16-05-2024 06:20,2024-05-16 06:20:00,2024,5,16,6,137,26.9,,65.8
Shivajinagar AWS,18.5308,73.8474,16-05-2024 06:25,2024-05-16 06:25:00,2024,5,16,6,137,27.1,,65.0
Shivajinagar AWS,18.5308,73.8474,16-05-2024 06:30,2024-05-16 06:30:00,2024,5,16,6,137,27.4,,64.5
Shivajinagar AWS,18.5308,73.8474,16-05-2024 06:35,2024-05-16 06:35:00,2024,5,16,6,137,27.4,,64.1
Shivajinagar AWS,18.5308,73.8474,16-05-2024 06:40,2024-05-16 06:40:00,2024,5,16,6,137,27.3,,63.6
Shivajinagar AWS,18.5308,73.8474,16-05-2024 06:45,2024-05-16 06:45:00,2024,5,16,6,137,27.4,,64.1
Shivajinagar AWS,18.5308,73.8474,16-05-2024 06:50,2024-05-16 06:50:00,2024,5,16,6,137,27.4,,63.5
Shivajinagar AWS,18.5308,73.8474,16-05-2024 06:55,2024-05-16 06:55:00,2024,5,16,6,137,27.4,953.36,63.3
Shivajinagar AWS,18.5308,73.8474,16-05-2024 07:00,2024-05-16 07:00:00,2024,5,16,7,137,27.4,953.45,62.0
Shivajinagar AWS,18.5308,73.8474,16-05-2024 07:05,2024-05-16 07:05:00,2024,5,16,7,137,27.9,953.44,61.7
Shivajinagar AWS,18.5308,73.8474,16-05-2024 07:10,2024-05-16 07:10:00,2024,5,16,7,137,28.0,953.41,61.7
Shivajinagar AWS,18.5308,73.8474,16-05-2024 07:15,2024-05-16 07:15:00,2024,5,16,7,137,28.2,953.39,61.0
Shivajinagar AWS,18.5308,73.8474,16-05-2024 07:20,2024-05-16 07:20:00,2024,5,16,7,137,28.1,953.37,59.5
Shivajinagar AWS,18.5308,73.8474,16-05-2024 07:25,2024-05-16 07:25:00,2024,5,16,7,137,28.0,953.43,59.0
Shivajinagar AWS,18.5308,73.8474,16-05-2024 07:30,2024-05-16 07:30:00,2024,5,16,7,137,28.0,953.41,58.6
Shivajinagar AWS,18.5308,73.8474,16-05-2024 07:35,2024-05-16 07:35:00,2024,5,16,7,137,28.4,953.33,58.4
Shivajinagar AWS,18.5308,73.8474,16-05-2024 07:40,2024-05-16 07:40:00,2024,5,16,7,137,28.6,953.37,58.8
Shivajinagar AWS,18.5308,73.8474,16-05-2024 07:45,2024-05-16 07:45:00,2024,5,16,7,137,28.8,953.41,58.1
Shivajinagar AWS,18.5308,73.8474,16-05-2024 07:50,2024-05-16 07:50:00,2024,5,16,7,137,29.0,953.25,57.3
Shivajinagar AWS,18.5308,73.8474,16-05-2024 07:55,2024-05-16 07:55:00,2024,5,16,7,137,29.1,953.32,56.3
Shivajinagar AWS,18.5308,73.8474,16-05-2024 08:00,2024-05-16 08:00:00,2024,5,16,8,137,29.4,953.29,56.0
Shivajinagar AWS,18.5308,73.8474,16-05-2024 08:05,2024-05-16 08:05:00,2024,5,16,8,137,29.4,953.25,55.7
Shivajinagar AWS,18.5308,73.8474,16-05-2024 08:10,2024-05-16 08:10:00,2024,5,16,8,137,29.8,953.26,55.0
Shivajinagar AWS,18.5308,73.8474,16-05-2024 08:15,2024-05-16 08:15:00,2024,5,16,8,137,30.0,953.15,54.9
Shivajinagar AWS,18.5308,73.8474,16-05-2024 08:20,2024-05-16 08:20:00,2024,5,16,8,137,29.8,953.16,54.6
Shivajinagar AWS,18.5308,73.8474,16-05-2024 08:25,2024-05-16 08:25:00,2024,5,16,8,137,29.8,953.05,54.1
Shivajinagar AWS,18.5308,73.8474,16-05-2024 08:30,2024-05-16 08:30:00,2024,5,16,8,137,29.7,952.86,53.2
Shivajinagar AWS,18.5308,73.8474,16-05-2024 08:35,2024-05-16 08:35:00,2024,5,16,8,137,30.0,952.71,52.6
Shivajinagar AWS,18.5308,73.8474,16-05-2024 08:40,2024-05-16 08:40:00,2024,5,16,8,137,30.2,952.68,51.2
Shivajinagar AWS,18.5308,73.8474,16-05-2024 08:45,2024-05-16 08:45:00,2024,5,16,8,137,30.0,952.54,50.8
Shivajinagar AWS,18.5308,73.8474,16-05-2024 08:50,2024-05-16 08:50:00,2024,5,16,8,137,30.2,952.6,50.4
Shivajinagar AWS,18.5308,73.8474,16-05-2024 08:55,2024-05-16 08:55:00,2024,5,16,8,137,30.3,952.61,50.1
Shivajinagar AWS,18.5308,73.8474,16-05-2024 09:00,2024-05-16 09:00:00,2024,5,16,9,137,30.2,952.64,49.9
Shivajinagar AWS,18.5308,73.8474,16-05-2024 09:05,2024-05-16 09:05:00,2024,5,16,9,137,30.6,952.56,49.6
Shivajinagar AWS,18.5308,73.8474,16-05-2024 09:10,2024-05-16 09:10:00,2024,5,16,9,137,30.8,952.5,49.1
Shivajinagar AWS,18.5308,73.8474,16-05-2024 09:15,2024-05-16 09:15:00,2024,5,16,9,137,30.9,952.31,48.7
Shivajinagar AWS,18.5308,73.8474,16-05-2024 09:20,2024-05-16 09:20:00,2024,5,16,9,137,31.0,952.31,47.7
Shivajinagar AWS,18.5308,73.8474,16-05-2024 09:25,2024-05-16 09:25:00,2024,5,16,9,137,30.9,952.25,47.1
Shivajinagar AWS,18.5308,73.8474,16-05-2024 09:30,2024-05-16 09:30:00,2024,5,16,9,137,30.9,952.2,46.7
Shivajinagar AWS,18.5308,73.8474,16-05-2024 09:35,2024-05-16 09:35:00,2024,5,16,9,137,31.3,952.25,46.0
Shivajinagar AWS,18.5308,73.8474,16-05-2024 09:40,2024-05-16 09:40:00,2024,5,16,9,137,31.4,952.1,46.0
Shivajinagar AWS,18.5308,73.8474,16-05-2024 09:45,2024-05-16 09:45:00,2024,5,16,9,137,31.5,952.0,45.3
Shivajinagar AWS,18.5308,73.8474,16-05-2024 09:50,2024-05-16 09:50:00,2024,5,16,9,137,31.4,951.93,45.0
Shivajinagar AWS,18.5308,73.8474,16-05-2024 09:55,2024-05-16 09:55:00,2024,5,16,9,137,31.4,951.76,44.7
Shivajinagar AWS,18.5308,73.8474,16-05-2024 10:00,2024-05-16 10:00:00,2024,5,16,10,137,31.6,951.66,44.6
Shivajinagar AWS,18.5308,73.8474,16-05-2024 10:05,2024-05-16 10:05:00,2024,5,16,10,137,31.9,951.61,44.6
Shivajinagar AWS,18.5308,73.8474,16-05-2024 10:10,2024-05-16 10:10:00,2024,5,16,10,137,32.3,951.49,44.4
Shivajinagar AWS,18.5308,73.8474,16-05-2024 10:15,2024-05-16 10:15:00,2024,5,16,10,137,32.6,951.51,43.1
Shivajinagar AWS,18.5308,73.8474,16-05-2024 10:20,2024-05-16 10:20:00,2024,5,16,10,137,32.7,951.3,43.2
Shivajinagar AWS,18.5308,73.8474,16-05-2024 10:25,2024-05-16 10:25:00,2024,5,16,10,137,33.0,951.3,43.5
Shivajinagar AWS,18.5308,73.8474,16-05-2024 10:30,2024-05-16 10:30:00,2024,5,16,10,137,33.0,951.27,42.8
Shivajinagar AWS,18.5308,73.8474,16-05-2024 10:35,2024-05-16 10:35:00,2024,5,16,10,137,33.5,951.13,42.5
Shivajinagar AWS,18.5308,73.8474,16-05-2024 10:40,2024-05-16 10:40:00,2024,5,16,10,137,33.8,950.97,41.8
Shivajinagar AWS,18.5308,73.8474,16-05-2024 10:45,2024-05-16 10:45:00,2024,5,16,10,137,33.9,950.73,40.6
Shivajinagar AWS,18.5308,73.8474,16-05-2024 10:50,2024-05-16 10:50:00,2024,5,16,10,137,34.0,950.59,40.0
Shivajinagar AWS,18.5308,73.8474,16-05-2024 10:55,2024-05-16 10:55:00,2024,5,16,10,137,34.3,950.61,39.4
Shivajinagar AWS,18.5308,73.8474,16-05-2024 11:00,2024-05-16 11:00:00,2024,5,16,11,137,34.5,950.53,39.0
Shivajinagar AWS,18.5308,73.8474,16-05-2024 11:05,2024-05-16 11:05:00,2024,5,16,11,137,34.8,950.56,38.3
Shivajinagar AWS,18.5308,73.8474,16-05-2024 11:10,2024-05-16 11:10:00,2024,5,16,11,137,34.6,950.44,37.7
Shivajinagar AWS,18.5308,73.8474,16-05-2024 11:15,2024-05-16 11:15:00,2024,5,16,11,137,34.7,950.43,37.5
Shivajinagar AWS,18.5308,73.8474,16-05-2024 11:20,2024-05-16 11:20:00,2024,5,16,11,137,34.7,950.3,36.9
Shivajinagar AWS,18.5308,73.8474,16-05-2024 11:25,2024-05-16 11:25:00,2024,5,16,11,137,35.1,950.16,36.9
Shivajinagar AWS,18.5308,73.8474,16-05-2024 11:30,2024-05-16 11:30:00,2024,5,16,11,137,35.4,950.1,36.9
Shivajinagar AWS,18.5308,73.8474,16-05-2024 11:35,2024-05-16 11:35:00,2024,5,16,11,137,35.4,949.99,37.6
Shivajinagar AWS,18.5308,73.8474,16-05-2024 11:40,2024-05-16 11:40:00,2024,5,16,11,137,35.7,949.82,37.8
Shivajinagar AWS,18.5308,73.8474,16-05-2024 11:45,2024-05-16 11:45:00,2024,5,16,11,137,36.0,949.76,37.6
Shivajinagar AWS,18.5308,73.8474,16-05-2024 11:50,2024-05-16 11:50:00,2024,5,16,11,137,36.1,949.73,37.0
Shivajinagar AWS,18.5308,73.8474,16-05-2024 11:55,2024-05-16 11:55:00,2024,5,16,11,137,36.5,949.79,36.8
Shivajinagar AWS,18.5308,73.8474,16-05-2024 12:00,2024-05-16 12:00:00,2024,5,16,12,137,36.5,949.83,36.7
Shivajinagar AWS,18.5308,73.8474,16-05-2024 12:05,2024-05-16 12:05:00,2024,5,16,12,137,36.5,949.88,36.2
Shivajinagar AWS,18.5308,73.8474,16-05-2024 12:10,2024-05-16 12:10:00,2024,5,16,12,137,36.6,949.9,36.3
Shivajinagar AWS,18.5308,73.8474,16-05-2024 12:15,2024-05-16 12:15:00,2024,5,16,12,137,36.6,949.88,35.4
Shivajinagar AWS,18.5308,73.8474,16-05-2024 12:20,2024-05-16 12:20:00,2024,5,16,12,137,36.6,949.75,35.1
Shivajinagar AWS,18.5308,73.8474,16-05-2024 12:25,2024-05-16 12:25:00,2024,5,16,12,137,36.8,949.73,35.1
Shivajinagar AWS,18.5308,73.8474,16-05-2024 12:30,2024-05-16 12:30:00,2024,5,16,12,137,36.8,949.74,34.8
Shivajinagar AWS,18.5308,73.8474,16-05-2024 12:35,2024-05-16 12:35:00,2024,5,16,12,137,36.6,949.83,34.5
Shivajinagar AWS,18.5308,73.8474,16-05-2024 12:40,2024-05-16 12:40:00,2024,5,16,12,137,36.7,949.86,34.2
Shivajinagar AWS,18.5308,73.8474,16-05-2024 12:45,2024-05-16 12:45:00,2024,5,16,12,137,36.6,949.93,33.7
Shivajinagar AWS,18.5308,73.8474,16-05-2024 12:50,2024-05-16 12:50:00,2024,5,16,12,137,36.7,949.81,34.0
Shivajinagar AWS,18.5308,73.8474,16-05-2024 12:55,2024-05-16 12:55:00,2024,5,16,12,137,36.8,949.76,33.4
Shivajinagar AWS,18.5308,73.8474,16-05-2024 13:00,2024-05-16 13:00:00,2024,5,16,13,137,37.0,949.78,33.4
Shivajinagar AWS,18.5308,73.8474,16-05-2024 13:05,2024-05-16 13:05:00,2024,5,16,13,137,37.2,949.85,33.4
Shivajinagar AWS,18.5308,73.8474,16-05-2024 13:10,2024-05-16 13:10:00,2024,5,16,13,137,37.3,949.83,32.9
Shivajinagar AWS,18.5308,73.8474,16-05-2024 13:15,2024-05-16 13:15:00,2024,5,16,13,137,37.2,949.81,32.8
Shivajinagar AWS,18.5308,73.8474,16-05-2024 13:20,2024-05-16 13:20:00,2024,5,16,13,137,37.3,949.85,32.3
Shivajinagar AWS,18.5308,73.8474,16-05-2024 13:25,2024-05-16 13:25:00,2024,5,16,13,137,37.6,949.75,32.8
Shivajinagar AWS,18.5308,73.8474,16-05-2024 13:30,2024-05-16 13:30:00,2024,5,16,13,137,37.4,949.88,32.3
Shivajinagar AWS,18.5308,73.8474,16-05-2024 13:35,2024-05-16 13:35:00,2024,5,16,13,137,37.7,949.8,31.9
Shivajinagar AWS,18.5308,73.8474,16-05-2024 13:40,2024-05-16 13:40:00,2024,5,16,13,137,37.5,949.65,31.4
Shivajinagar AWS,18.5308,73.8474,16-05-2024 13:45,2024-05-16 13:45:00,2024,5,16,13,137,37.4,949.67,30.8
Shivajinagar AWS,18.5308,73.8474,16-05-2024 13:50,2024-05-16 13:50:00,2024,5,16,13,137,37.4,949.82,31.5
Shivajinagar AWS,18.5308,73.8474,16-05-2024 13:55,2024-05-16 13:55:00,2024,5,16,13,137,37.4,949.88,31.7
Shivajinagar AWS,18.5308,73.8474,16-05-2024 14:00,2024-05-16 14:00:00,2024,5,16,14,137,37.5,949.95,31.7
Shivajinagar AWS,18.5308,73.8474,16-05-2024 14:05,2024-05-16 14:05:00,2024,5,16,14,137,37.3,949.97,31.5
Shivajinagar AWS,18.5308,73.8474,16-05-2024 14:10,2024-05-16 14:10:00,2024,5,16,14,137,37.4,949.97,31.9
Shivajinagar AWS,18.5308,73.8474,16-05-2024 14:15,2024-05-16 14:15:00,2024,5,16,14,137,37.2,949.87,31.5
Shivajinagar AWS,18.5308,73.8474,16-05-2024 14:20,2024-05-16 14:20:00,2024,5,16,14,137,36.9,949.72,31.9
Shivajinagar AWS,18.5308,73.8474,16-05-2024 14:25,2024-05-16 14:25:00,2024,5,16,14,137,36.8,949.77,31.6
Shivajinagar AWS,18.5308,73.8474,16-05-2024 14:30,2024-05-16 14:30:00,2024,5,16,14,137,36.6,949.91,31.3
Shivajinagar AWS,18.5308,73.8474,16-05-2024 14:35,2024-05-16 14:35:00,2024,5,16,14,137,36.7,949.98,31.7
Shivajinagar AWS,18.5308,73.8474,16-05-2024 14:40,2024-05-16 14:40:00,2024,5,16,14,137,36.8,950.07,32.1
Shivajinagar AWS,18.5308,73.8474,16-05-2024 14:45,2024-05-16 14:45:00,2024,5,16,14,137,36.6,950.23,32.4
Shivajinagar AWS,18.5308,73.8474,16-05-2024 14:50,2024-05-16 14:50:00,2024,5,16,14,137,36.6,950.29,32.1
Shivajinagar AWS,18.5308,73.8474,16-05-2024 14:55,2024-05-16 14:55:00,2024,5,16,14,137,36.4,950.32,32.0
Shivajinagar AWS,18.5308,73.8474,16-05-2024 15:00,2024-05-16 15:00:00,2024,5,16,15,137,36.4,950.29,32.1
Shivajinagar AWS,18.5308,73.8474,16-05-2024 15:05,2024-05-16 15:05:00,2024,5,16,15,137,36.3,950.5,31.9
Shivajinagar AWS,18.5308,73.8474,16-05-2024 15:10,2024-05-16 15:10:00,2024,5,16,15,137,36.1,950.58,32.6
Shivajinagar AWS,18.5308,73.8474,16-05-2024 15:15,2024-05-16 15:15:00,2024,5,16,15,137,36.2,950.54,31.7
Shivajinagar AWS,18.5308,73.8474,16-05-2024 15:20,2024-05-16 15:20:00,2024,5,16,15,137,36.1,950.49,31.6
Shivajinagar AWS,18.5308,73.8474,16-05-2024 15:25,2024-05-16 15:25:00,2024,5,16,15,137,36.0,950.64,31.6
Shivajinagar AWS,18.5308,73.8474,16-05-2024 15:30,2024-05-16 15:30:00,2024,5,16,15,137,35.6,950.6,30.7
Shivajinagar AWS,18.5308,73.8474,16-05-2024 15:35,2024-05-16 15:35:00,2024,5,16,15,137,35.7,950.8,30.4
Shivajinagar AWS,18.5308,73.8474,16-05-2024 15:40,2024-05-16 15:40:00,2024,5,16,15,137,35.8,950.62,30.9
Shivajinagar AWS,18.5308,73.8474,16-05-2024 15:45,2024-05-16 15:45:00,2024,5,16,15,137,35.7,950.79,31.3
Shivajinagar AWS,18.5308,73.8474,16-05-2024 15:50,2024-05-16 15:50:00,2024,5,16,15,137,35.5,950.88,32.2
Shivajinagar AWS,18.5308,73.8474,16-05-2024 15:55,2024-05-16 15:55:00,2024,5,16,15,137,35.6,950.94,33.1
Shivajinagar AWS,18.5308,73.8474,16-05-2024 16:00,2024-05-16 16:00:00,2024,5,16,16,137,35.4,950.98,33.5
Shivajinagar AWS,18.5308,73.8474,16-05-2024 16:05,2024-05-16 16:05:00,2024,5,16,16,137,35.3,951.18,33.9
Shivajinagar AWS,18.5308,73.8474,16-05-2024 16:10,2024-05-16 16:10:00,2024,5,16,16,137,35.6,951.29,34.1
Shivajinagar AWS,18.5308,73.8474,16-05-2024 16:15,2024-05-16 16:15:00,2024,5,16,16,137,35.4,951.26,33.3
Shivajinagar AWS,18.5308,73.8474,16-05-2024 16:20,2024-05-16 16:20:00,2024,5,16,16,137,35.5,951.17,33.1
Shivajinagar AWS,18.5308,73.8474,16-05-2024 16:25,2024-05-16 16:25:00,2024,5,16,16,137,35.5,951.23,33.5
Shivajinagar AWS,18.5308,73.8474,16-05-2024 16:30,2024-05-16 16:30:00,2024,5,16,16,137,35.4,951.28,34.0
Shivajinagar AWS,18.5308,73.8474,16-05-2024 16:35,2024-05-16 16:35:00,2024,5,16,16,137,35.4,951.21,34.5
Shivajinagar AWS,18.5308,73.8474,16-05-2024 16:40,2024-05-16 16:40:00,2024,5,16,16,137,35.3,951.27,34.5
Shivajinagar AWS,18.5308,73.8474,16-05-2024 16:45,2024-05-16 16:45:00,2024,5,16,16,137,35.3,951.27,35.2
Shivajinagar AWS,18.5308,73.8474,16-05-2024 16:50,2024-05-16 16:50:00,2024,5,16,16,137,35.1,951.33,36.2
Shivajinagar AWS,18.5308,73.8474,16-05-2024 16:55,2024-05-16 16:55:00,2024,5,16,16,137,35.3,951.44,36.9
Shivajinagar AWS,18.5308,73.8474,16-05-2024 17:00,2024-05-16 17:00:00,2024,5,16,17,137,34.9,951.61,37.6
Shivajinagar AWS,18.5308,73.8474,16-05-2024 17:05,2024-05-16 17:05:00,2024,5,16,17,137,35.0,951.73,37.6
Shivajinagar AWS,18.5308,73.8474,16-05-2024 17:10,2024-05-16 17:10:00,2024,5,16,17,137,35.0,951.71,38.4
Shivajinagar AWS,18.5308,73.8474,16-05-2024 17:15,2024-05-16 17:15:00,2024,5,16,17,137,35.0,951.79,38.7
Shivajinagar AWS,18.5308,73.8474,16-05-2024 17:20,2024-05-16 17:20:00,2024,5,16,17,137,35.0,951.83,39.3
Shivajinagar AWS,18.5308,73.8474,16-05-2024 17:25,2024-05-16 17:25:00,2024,5,16,17,137,34.8,951.76,39.7
Shivajinagar AWS,18.5308,73.8474,16-05-2024 17:30,2024-05-16 17:30:00,2024,5,16,17,137,34.4,951.83,40.0
Shivajinagar AWS,18.5308,73.8474,16-05-2024 17:35,2024-05-16 17:35:00,2024,5,16,17,137,34.2,952.02,40.0
Shivajinagar AWS,18.5308,73.8474,16-05-2024 17:40,2024-05-16 17:40:00,2024,5,16,17,137,34.0,952.05,40.3
Shivajinagar AWS,18.5308,73.8474,16-05-2024 17:45,2024-05-16 17:45:00,2024,5,16,17,137,33.7,951.95,41.0
Shivajinagar AWS,18.5308,73.8474,16-05-2024 17:50,2024-05-16 17:50:00,2024,5,16,17,137,33.4,951.98,41.2
Shivajinagar AWS,18.5308,73.8474,16-05-2024 17:55,2024-05-16 17:55:00,2024,5,16,17,137,33.2,951.91,41.9
Shivajinagar AWS,18.5308,73.8474,16-05-2024 18:00,2024-05-16 18:00:00,2024,5,16,18,137,33.0,952.01,42.6
Shivajinagar AWS,18.5308,73.8474,16-05-2024 18:05,2024-05-16 18:05:00,2024,5,16,18,137,32.5,952.08,42.8
Shivajinagar AWS,18.5308,73.8474,16-05-2024 18:10,2024-05-16 18:10:00,2024,5,16,18,137,32.6,952.09,43.7
Shivajinagar AWS,18.5308,73.8474,16-05-2024 18:15,2024-05-16 18:15:00,2024,5,16,18,137,32.8,952.08,43.9
Shivajinagar AWS,18.5308,73.8474,16-05-2024 18:20,2024-05-16 18:20:00,2024,5,16,18,137,32.7,952.08,44.9
Shivajinagar AWS,18.5308,73.8474,16-05-2024 18:25,2024-05-16 18:25:00,2024,5,16,18,137,32.6,952.1,45.4
Shivajinagar AWS,18.5308,73.8474,16-05-2024 18:30,2024-05-16 18:30:00,2024,5,16,18,137,32.4,952.05,45.7
Shivajinagar AWS,18.5308,73.8474,16-05-2024 18:35,2024-05-16 18:35:00,2024,5,16,18,137,32.2,951.95,45.7
Shivajinagar AWS,18.5308,73.8474,16-05-2024 18:40,2024-05-16 18:40:00,2024,5,16,18,137,32.1,952.06,46.0
Shivajinagar AWS,18.5308,73.8474,16-05-2024 18:45,2024-05-16 18:45:00,2024,5,16,18,137,32.0,952.03,46.3
Shivajinagar AWS,18.5308,73.8474,16-05-2024 18:50,2024-05-16 18:50:00,2024,5,16,18,137,31.7,952.05,46.2
Shivajinagar AWS,18.5308,73.8474,16-05-2024 18:55,2024-05-16 18:55:00,2024,5,16,18,137,31.8,952.08,46.6
Shivajinagar AWS,18.5308,73.8474,16-05-2024 19:00,2024-05-16 19:00:00,2024,5,16,19,137,31.5,952.1,46.7
Shivajinagar AWS,18.5308,73.8474,16-05-2024 19:05,2024-05-16 19:05:00,2024,5,16,19,137,31.4,952.0,47.4
Shivajinagar AWS,18.5308,73.8474,16-05-2024 19:10,2024-05-16 19:10:00,2024,5,16,19,137,31.3,951.87,48.3
Shivajinagar AWS,18.5308,73.8474,16-05-2024 19:15,2024-05-16 19:15:00,2024,5,16,19,137,31.4,951.82,48.3
Shivajinagar AWS,18.5308,73.8474,16-05-2024 19:20,2024-05-16 19:20:00,2024,5,16,19,137,31.3,951.85,49.4
Shivajinagar AWS,18.5308,73.8474,16-05-2024 19:25,2024-05-16 19:25:00,2024,5,16,19,137,31.1,951.78,49.8
Shivajinagar AWS,18.5308,73.8474,16-05-2024 19:30,2024-05-16 19:30:00,2024,5,16,19,137,30.9,951.75,49.8
Shivajinagar AWS,18.5308,73.8474,16-05-2024 19:35,2024-05-16 19:35:00,2024,5,16,19,137,30.7,951.91,50.6
Shivajinagar AWS,18.5308,73.8474,16-05-2024 19:40,2024-05-16 19:40:00,2024,5,16,19,137,30.4,951.74,50.8
Shivajinagar AWS,18.5308,73.8474,16-05-2024 19:45,2024-05-16 19:45:00,2024,5,16,19,137,30.1,951.66,51.3
Shivajinagar AWS,18.5308,73.8474,16-05-2024 19:50,2024-05-16 19:50:00,2024,5,16,19,137,29.7,951.8,51.6
Shivajinagar AWS,18.5308,73.8474,16-05-2024 19:55,2024-05-16 19:55:00,2024,5,16,19,137,29.4,951.77,51.7
Shivajinagar AWS,18.5308,73.8474,16-05-2024 20:00,2024-05-16 20:00:00,2024,5,16,20,137,29.3,951.68,52.5
Shivajinagar AWS,18.5308,73.8474,16-05-2024 20:05,2024-05-16 20:05:00,2024,5,16,20,137,29.2,951.74,52.9
Shivajinagar AWS,18.5308,73.8474,16-05-2024 20:10,2024-05-16 20:10:00,2024,5,16,20,137,28.8,951.71,52.8
Shivajinagar AWS,18.5308,73.8474,16-05-2024 20:15,2024-05-16 20:15:00,2024,5,16,20,137,28.7,951.65,53.5
Shivajinagar AWS,18.5308,73.8474,16-05-2024 20:20,2024-05-16 20:20:00,2024,5,16,20,137,28.6,951.62,53.5
Shivajinagar AWS,18.5308,73.8474,16-05-2024 20:25,2024-05-16 20:25:00,2024,5,16,20,137,28.5,951.53,53.6
Shivajinagar AWS,18.5308,73.8474,16-05-2024 20:30,2024-05-16 20:30:00,2024,5,16,20,137,28.2,951.4,54.6
Shivajinagar AWS,18.5308,73.8474,16-05-2024 20:35,2024-05-16 20:35:00,2024,5,16,20,137,28.1,951.35,54.7
Shivajinagar AWS,18.5308,73.8474,16-05-2024 20:40,2024-05-16 20:40:00,2024,5,16,20,137,27.9,951.23,54.3
Shivajinagar AWS,18.5308,73.8474,16-05-2024 20:45,2024-05-16 20:45:00,2024,5,16,20,137,27.6,951.19,55.1
Shivajinagar AWS,18.5308,73.8474,16-05-2024 20:50,2024-05-16 20:50:00,2024,5,16,20,137,27.5,951.17,55.5
Shivajinagar AWS,18.5308,73.8474,16-05-2024 20:55,2024-05-16 20:55:00,2024,5,16,20,137,27.8,951.19,56.0
Shivajinagar AWS,18.5308,73.8474,16-05-2024 21:00,2024-05-16 21:00:00,2024,5,16,21,137,27.5,951.23,56.5
Shivajinagar AWS,18.5308,73.8474,16-05-2024 21:05,2024-05-16 21:05:00,2024,5,16,21,137,27.3,951.14,57.1
Shivajinagar AWS,18.5308,73.8474,16-05-2024 21:10,2024-05-16 21:10:00,2024,5,16,21,137,27.2,951.12,57.4
Shivajinagar AWS,18.5308,73.8474,16-05-2024 21:15,2024-05-16 21:15:00,2024,5,16,21,137,27.0,951.1,58.5
Shivajinagar AWS,18.5308,73.8474,16-05-2024 21:20,2024-05-16 21:20:00,2024,5,16,21,137,27.0,951.07,58.5
Shivajinagar AWS,18.5308,73.8474,16-05-2024 21:25,2024-05-16 21:25:00,2024,5,16,21,137,26.5,950.96,59.2
Shivajinagar AWS,18.5308,73.8474,16-05-2024 21:30,2024-05-16 21:30:00,2024,5,16,21,137,26.3,950.82,60.0
Shivajinagar AWS,18.5308,73.8474,16-05-2024 21:35,2024-05-16 21:35:00,2024,5,16,21,137,26.3,950.8,60.2
Shivajinagar AWS,18.5308,73.8474,16-05-2024 21:40,2024-05-16 21:40:00,2024,5,16,21,137,26.1,950.6,60.4
Shivajinagar AWS,18.5308,73.8474,16-05-2024 21:45,2024-05-16 21:45:00,2024,5,16,21,137,25.9,950.52,61.3
Shivajinagar AWS,18.5308,73.8474,16-05-2024 21:50,2024-05-16 21:50:00,2024,5,16,21,137,25.9,950.25,61.4
Shivajinagar AWS,18.5308,73.8474,16-05-2024 21:55,2024-05-16 21:55:00,2024,5,16,21,137,25.9,950.1,61.7
Shivajinagar AWS,18.5308,73.8474,16-05-2024 22:00,2024-05-16 22:00:00,2024,5,16,22,137,25.8,949.98,62.6
Shivajinagar AWS,18.5308,73.8474,16-05-2024 22:05,2024-05-16 22:05:00,2024,5,16,22,137,25.5,950.02,63.1
Shivajinagar AWS,18.5308,73.8474,16-05-2024 22:10,2024-05-16 22:10:00,2024,5,16,22,137,25.5,950.03,62.9
Shivajinagar AWS,18.5308,73.8474,16-05-2024 22:15,2024-05-16 22:15:00,2024,5,16,22,137,25.3,949.93,64.1
Shivajinagar AWS,18.5308,73.8474,16-05-2024 22:20,2024-05-16 22:20:00,2024,5,16,22,137,25.3,949.94,64.4
Shivajinagar AWS,18.5308,73.8474,16-05-2024 22:25,2024-05-16 22:25:00,2024,5,16,22,137,25.4,949.96,64.7
Shivajinagar AWS,18.5308,73.8474,16-05-2024 22:30,2024-05-16 22:30:00,2024,5,16,22,137,24.9,949.89,65.3
Shivajinagar AWS,18.5308,73.8474,16-05-2024 22:35,2024-05-16 22:35:00,2024,5,16,22,137,24.8,949.72,66.1
Shivajinagar AWS,18.5308,73.8474,16-05-2024 22:40,2024-05-16 22:40:00,2024,5,16,22,137,24.4,949.66,67.3
Shivajinagar AWS,18.5308,73.8474,16-05-2024 22:45,2024-05-16 22:45:00,2024,5,16,22,137,24.7,949.6,67.0
Shivajinagar AWS,18.5308,73.8474,16-05-2024 22:50,2024-05-16 22:50:00,2024,5,16,22,137,24.5,949.45,67.8
Shivajinagar AWS,18.5308,73.8474,16-05-2024 22:55,2024-05-16 22:55:00,2024,5,16,22,137,24.5,949.44,68.5
Shivajinagar AWS,18.5308,73.8474,16-05-2024 23:00,2024-05-16 23:00:00,2024,5,16,23,137,24.3,949.42,68.8
Shivajinagar AWS,18.5308,73.8474,16-05-2024 23:05,2024-05-16 23:05:00,2024,5,16,23,137,24.1,949.41,69.5
Shivajinagar AWS,18.5308,73.8474,16-05-2024 23:10,2024-05-16 23:10:00,2024,5,16,23,137,23.9,949.39,70.3
Shivajinagar AWS,18.5308,73.8474,16-05-2024 23:15,2024-05-16 23:15:00,2024,5,16,23,137,24.0,949.41,70.1
Shivajinagar AWS,18.5308,73.8474,16-05-2024 23:20,2024-05-16 23:20:00,2024,5,16,23,137,24.0,949.35,71.1
Shivajinagar AWS,18.5308,73.8474,16-05-2024 23:25,2024-05-16 23:25:00,2024,5,16,23,137,24.2,949.32,70.8
Shivajinagar AWS,18.5308,73.8474,16-05-2024 23:30,2024-05-16 23:30:00,2024,5,16,23,137,24.1,949.25,70.7
Shivajinagar AWS,18.5308,73.8474,16-05-2024 23:35,2024-05-16 23:35:00,2024,5,16,23,137,24.0,949.16,70.9
Shivajinagar AWS,18.5308,73.8474,16-05-2024 23:40,2024-05-16 23:40:00,2024,5,16,23,137,23.9,949.24,72.1
Shivajinagar AWS,18.5308,73.8474,16-05-2024 23:45,2024-05-16 23:45:00,2024,5,16,23,137,23.7,949.04,72.3
Shivajinagar AWS,18.5308,73.8474,16-05-2024 23:50,2024-05-16 23:50:00,2024,5,16,23,137,23.4,949.08,72.6
Shivajinagar AWS,18.5308,73.8474,16-05-2024 23:55,2024-05-16 23:55:00,2024,5,16,23,137,23.3,949.0,73.4
Shivajinagar AWS,18.5308,73.8474,17-05-2024 00:00,2024-05-17 00:00:00,2024,5,17,0,138,23.1,948.92,73.6
Shivajinagar AWS,18.5308,73.8474,17-05-2024 00:05,2024-05-17 00:05:00,2024,5,17,0,138,23.1,948.92,73.4
Shivajinagar AWS,18.5308,73.8474,17-05-2024 00:10,2024-05-17 00:10:00,2024,5,17,0,138,23.0,948.78,73.5
Shivajinagar AWS,18.5308,73.8474,17-05-2024 00:15,2024-05-17 00:15:00,2024,5,17,0,138,23.0,948.7,74.3
Shivajinagar AWS,18.5308,73.8474,17-05-2024 00:20,2024-05-17 00:20:00,2024,5,17,0,138,23.1,948.63,74.6
Shivajinagar AWS,18.5308,73.8474,17-05-2024 00:25,2024-05-17 00:25:00,2024,5,17,0,138,23.0,948.61,75.6
Shivajinagar AWS,18.5308,73.8474,17-05-2024 00:30,2024-05-17 00:30:00,2024,5,17,0,138,23.1,948.54,76.1
Shivajinagar AWS,18.5308,73.8474,17-05-2024 00:35,2024-05-17 00:35:00,2024,5,17,0,138,23.3,948.68,76.0
Shivajinagar AWS,18.5308,73.8474,17-05-2024 00:40,2024-05-17 00:40:00,2024,5,17,0,138,3.668465637994469,948.82,76.2
Shivajinagar AWS,18.5308,73.8474,17-05-2024 00:45,2024-05-17 00:45:00,2024,5,17,0,138,3.668465637994469,948.66,76.0
Shivajinagar AWS,18.5308,73.8474,17-05-2024 00:50,2024-05-17 00:50:00,2024,5,17,0,138,3.5684656379944713,948.71,75.9
Shivajinagar AWS,18.5308,73.8474,17-05-2024 00:55,2024-05-17 00:55:00,2024,5,17,0,138,3.46846563799447,948.79,77.9
Shivajinagar AWS,18.5308,73.8474,17-05-2024 01:00,2024-05-17 01:00:00,2024,5,17,1,138,22.9,948.84,78.4
Shivajinagar AWS,18.5308,73.8474,17-05-2024 01:05,2024-05-17 01:05:00,2024,5,17,1,138,22.9,948.79,78.8
Shivajinagar AWS,18.5308,73.8474,17-05-2024 01:10,2024-05-17 01:10:00,2024,5,17,1,138,22.8,948.79,78.5
Shivajinagar AWS,18.5308,73.8474,17-05-2024 01:15,2024-05-17 01:15:00,2024,5,17,1,138,22.7,948.75,79.2
Shivajinagar AWS,18.5308,73.8474,17-05-2024 01:20,2024-05-17 01:20:00,2024,5,17,1,138,22.8,948.73,79.7
Shivajinagar AWS,18.5308,73.8474,17-05-2024 01:25,2024-05-17 01:25:00,2024,5,17,1,138,22.5,948.66,80.4
Shivajinagar AWS,18.5308,73.8474,17-05-2024 01:30,2024-05-17 01:30:00,2024,5,17,1,138,22.7,948.69,81.1
Shivajinagar AWS,18.5308,73.8474,17-05-2024 01:35,2024-05-17 01:35:00,2024,5,17,1,138,22.8,948.6,80.4
Shivajinagar AWS,18.5308,73.8474,17-05-2024 01:40,2024-05-17 01:40:00,2024,5,17,1,138,22.7,948.63,79.9
Shivajinagar AWS,18.5308,73.8474,17-05-2024 01:45,2024-05-17 01:45:00,2024,5,17,1,138,22.6,948.57,79.5
Shivajinagar AWS,18.5308,73.8474,17-05-2024 01:50,2024-05-17 01:50:00,2024,5,17,1,138,22.6,948.64,79.1
Shivajinagar AWS,18.5308,73.8474,17-05-2024 01:55,2024-05-17 01:55:00,2024,5,17,1,138,22.8,948.63,79.2
Shivajinagar AWS,18.5308,73.8474,17-05-2024 02:00,2024-05-17 02:00:00,2024,5,17,2,138,22.7,948.71,78.9
Shivajinagar AWS,18.5308,73.8474,17-05-2024 02:05,2024-05-17 02:05:00,2024,5,17,2,138,22.7,948.85,79.7
Shivajinagar AWS,18.5308,73.8474,17-05-2024 02:10,2024-05-17 02:10:00,2024,5,17,2,138,22.6,949.03,80.4
Shivajinagar AWS,18.5308,73.8474,17-05-2024 02:15,2024-05-17 02:15:00,2024,5,17,2,138,22.8,948.88,80.3
Shivajinagar AWS,18.5308,73.8474,17-05-2024 02:20,2024-05-17 02:20:00,2024,5,17,2,138,22.7,948.88,81.0
Shivajinagar AWS,18.5308,73.8474,17-05-2024 02:25,2024-05-17 02:25:00,2024,5,17,2,138,22.6,948.92,81.4
Shivajinagar AWS,18.5308,73.8474,17-05-2024 02:30,2024-05-17 02:30:00,2024,5,17,2,138,22.8,949.02,81.1
Shivajinagar AWS,18.5308,73.8474,17-05-2024 02:35,2024-05-17 02:35:00,2024,5,17,2,138,22.8,948.96,80.1
Shivajinagar AWS,18.5308,73.8474,17-05-2024 02:40,2024-05-17 02:40:00,2024,5,17,2,138,22.9,948.95,79.9
Shivajinagar AWS,18.5308,73.8474,17-05-2024 02:45,2024-05-17 02:45:00,2024,5,17,2,138,22.7,949.04,79.5
Shivajinagar AWS,18.5308,73.8474,17-05-2024 02:50,2024-05-17 02:50:00,2024,5,17,2,138,22.6,949.12,79.4
Shivajinagar AWS,18.5308,73.8474,17-05-2024 02:55,2024-05-17 02:55:00,2024,5,17,2,138,22.8,949.23,79.3
Shivajinagar AWS,18.5308,73.8474,17-05-2024 03:00,2024-05-17 03:00:00,2024,5,17,3,138,22.7,949.35,79.2
Shivajinagar AWS,18.5308,73.8474,17-05-2024 03:05,2024-05-17 03:05:00,2024,5,17,3,138,22.6,949.45,79.2
Shivajinagar AWS,18.5308,73.8474,17-05-2024 03:10,2024-05-17 03:10:00,2024,5,17,3,138,22.7,949.54,78.6
Shivajinagar AWS,18.5308,73.8474,17-05-2024 03:15,2024-05-17 03:15:00,2024,5,17,3,138,22.5,949.62,78.6
Shivajinagar AWS,18.5308,73.8474,17-05-2024 03:20,2024-05-17 03:20:00,2024,5,17,3,138,22.4,949.75,78.2
Shivajinagar AWS,18.5308,73.8474,17-05-2024 03:25,2024-05-17 03:25:00,2024,5,17,3,138,22.5,949.65,78.2
Shivajinagar AWS,18.5308,73.8474,17-05-2024 03:30,2024-05-17 03:30:00,2024,5,17,3,138,22.5,949.86,78.4
Shivajinagar AWS,18.5308,73.8474,17-05-2024 03:35,2024-05-17 03:35:00,2024,5,17,3,138,22.7,949.76,77.7
Shivajinagar AWS,18.5308,73.8474,17-05-2024 03:40,2024-05-17 03:40:00,2024,5,17,3,138,22.9,949.76,77.4
Shivajinagar AWS,18.5308,73.8474,17-05-2024 03:45,2024-05-17 03:45:00,2024,5,17,3,138,22.8,949.83,77.1
Shivajinagar AWS,18.5308,73.8474,17-05-2024 03:50,2024-05-17 03:50:00,2024,5,17,3,138,22.8,949.97,76.7
Shivajinagar AWS,18.5308,73.8474,17-05-2024 03:55,2024-05-17 03:55:00,2024,5,17,3,138,23.0,949.82,76.9
Shivajinagar AWS,18.5308,73.8474,17-05-2024 04:00,2024-05-17 04:00:00,2024,5,17,4,138,23.2,949.91,76.4
Shivajinagar AWS,18.5308,73.8474,17-05-2024 04:05,2024-05-17 04:05:00,2024,5,17,4,138,23.3,950.07,75.9
Shivajinagar AWS,18.5308,73.8474,17-05-2024 04:10,2024-05-17 04:10:00,2024,5,17,4,138,23.4,950.24,75.5
Shivajinagar AWS,18.5308,73.8474,17-05-2024 04:15,2024-05-17 04:15:00,2024,5,17,4,138,23.5,950.27,75.7
Shivajinagar AWS,18.5308,73.8474,17-05-2024 04:20,2024-05-17 04:20:00,2024,5,17,4,138,23.6,950.33,75.3
Shivajinagar AWS,18.5308,73.8474,17-05-2024 04:25,2024-05-17 04:25:00,2024,5,17,4,138,23.5,950.37,75.2
Shivajinagar AWS,18.5308,73.8474,17-05-2024 04:30,2024-05-17 04:30:00,2024,5,17,4,138,23.5,950.43,75.7
Shivajinagar AWS,18.5308,73.8474,17-05-2024 04:35,2024-05-17 04:35:00,2024,5,17,4,138,23.8,950.43,75.4
Shivajinagar AWS,18.5308,73.8474,17-05-2024 04:40,2024-05-17 04:40:00,2024,5,17,4,138,23.8,950.45,75.5
Shivajinagar AWS,18.5308,73.8474,17-05-2024 04:45,2024-05-17 04:45:00,2024,5,17,4,138,23.9,950.58,75.9
Shivajinagar AWS,18.5308,73.8474,17-05-2024 04:50,2024-05-17 04:50:00,2024,5,17,4,138,23.9,950.68,75.9
Shivajinagar AWS,18.5308,73.8474,17-05-2024 04:55,2024-05-17 04:55:00,2024,5,17,4,138,23.6,950.8,75.5
Shivajinagar AWS,18.5308,73.8474,17-05-2024 05:00,2024-05-17 05:00:00,2024,5,17,5,138,23.6,950.9,75.4
Shivajinagar AWS,18.5308,73.8474,17-05-2024 05:05,2024-05-17 05:05:00,2024,5,17,5,138,23.7,951.03,74.4
Shivajinagar AWS,18.5308,73.8474,17-05-2024 05:10,2024-05-17 05:10:00,2024,5,17,5,138,23.7,951.18,73.7
Shivajinagar AWS,18.5308,73.8474,17-05-2024 05:15,2024-05-17 05:15:00,2024,5,17,5,138,23.6,951.1,73.1
Shivajinagar AWS,18.5308,73.8474,17-05-2024 05:20,2024-05-17 05:20:00,2024,5,17,5,138,23.6,951.11,73.6
Shivajinagar AWS,18.5308,73.8474,17-05-2024 05:25,2024-05-17 05:25:00,2024,5,17,5,138,23.8,951.16,72.9
Shivajinagar AWS,18.5308,73.8474,17-05-2024 05:30,2024-05-17 05:30:00,2024,5,17,5,138,24.2,951.23,72.1
Shivajinagar AWS,18.5308,73.8474,17-05-2024 05:35,2024-05-17 05:35:00,2024,5,17,5,138,24.5,951.24,71.3
Shivajinagar AWS,18.5308,73.8474,17-05-2024 05:40,2024-05-17 05:40:00,2024,5,17,5,138,24.4,951.38,71.2
Shivajinagar AWS,18.5308,73.8474,17-05-2024 05:45,2024-05-17 05:45:00,2024,5,17,5,138,24.6,951.6,70.8
Shivajinagar AWS,18.5308,73.8474,17-05-2024 05:50,2024-05-17 05:50:00,2024,5,17,5,138,24.6,951.67,70.8
Shivajinagar AWS,18.5308,73.8474,17-05-2024 05:55,2024-05-17 05:55:00,2024,5,17,5,138,24.6,951.72,70.7
Shivajinagar AWS,18.5308,73.8474,17-05-2024 06:00,2024-05-17 06:00:00,2024,5,17,6,138,24.7,951.84,69.7
Shivajinagar AWS,18.5308,73.8474,17-05-2024 06:05,2024-05-17 06:05:00,2024,5,17,6,138,24.9,951.73,68.9
Shivajinagar AWS,18.5308,73.8474,17-05-2024 06:10,2024-05-17 06:10:00,2024,5,17,6,138,25.1,951.78,69.1
Shivajinagar AWS,18.5308,73.8474,17-05-2024 06:15,2024-05-17 06:15:00,2024,5,17,6,138,25.2,951.89,68.5
Shivajinagar AWS,18.5308,73.8474,17-05-2024 06:20,2024-05-17 06:20:00,2024,5,17,6,138,25.3,951.88,68.6
Shivajinagar AWS,18.5308,73.8474,17-05-2024 06:25,2024-05-17 06:25:00,2024,5,17,6,138,25.5,951.81,68.0
Shivajinagar AWS,18.5308,73.8474,17-05-2024 06:30,2024-05-17 06:30:00,2024,5,17,6,138,25.7,951.83,67.2
Shivajinagar AWS,18.5308,73.8474,17-05-2024 06:35,2024-05-17 06:35:00,2024,5,17,6,138,26.0,951.86,66.6
Shivajinagar AWS,18.5308,73.8474,17-05-2024 06:40,2024-05-17 06:40:00,2024,5,17,6,138,25.9,951.82,65.7
Shivajinagar AWS,18.5308,73.8474,17-05-2024 06:45,2024-05-17 06:45:00,2024,5,17,6,138,26.0,952.01,65.1
Shivajinagar AWS,18.5308,73.8474,17-05-2024 06:50,2024-05-17 06:50:00,2024,5,17,6,138,26.0,951.99,64.7
Shivajinagar AWS,18.5308,73.8474,17-05-2024 06:55,2024-05-17 06:55:00,2024,5,17,6,138,26.1,951.92,64.5
Shivajinagar AWS,18.5308,73.8474,17-05-2024 07:00,2024-05-17 07:00:00,2024,5,17,7,138,26.2,951.93,63.4
Shivajinagar AWS,18.5308,73.8474,17-05-2024 07:05,2024-05-17 07:05:00,2024,5,17,7,138,26.4,952.01,63.0
Shivajinagar AWS,18.5308,73.8474,17-05-2024 07:10,2024-05-17 07:10:00,2024,5,17,7,138,26.4,952.02,62.3
Shivajinagar AWS,18.5308,73.8474,17-05-2024 07:15,2024-05-17 07:15:00,2024,5,17,7,138,26.3,952.07,61.6
Shivajinagar AWS,18.5308,73.8474,17-05-2024 07:20,2024-05-17 07:20:00,2024,5,17,7,138,26.1,952.0,61.3
Shivajinagar AWS,18.5308,73.8474,17-05-2024 07:25,2024-05-17 07:25:00,2024,5,17,7,138,26.3,952.12,60.6
Shivajinagar AWS,18.5308,73.8474,17-05-2024 07:30,2024-05-17 07:30:00,2024,5,17,7,138,26.4,951.9833882345939,60.7
Shivajinagar AWS,18.5308,73.8474,17-05-2024 07:35,2024-05-17 07:35:00,2024,5,17,7,138,26.5,951.8767764691879,60.8
Shivajinagar AWS,18.5308,73.8474,17-05-2024 07:40,2024-05-17 07:40:00,2024,5,17,7,138,26.9,951.7101647037819,60.8
Shivajinagar AWS,18.5308,73.8474,17-05-2024 07:45,2024-05-17 07:45:00,2024,5,17,7,138,26.9,951.5735529383759,60.1
Shivajinagar AWS,18.5308,73.8474,17-05-2024 07:50,2024-05-17 07:50:00,2024,5,17,7,138,27.3,951.3069411729699,59.2
Shivajinagar AWS,18.5308,73.8474,17-05-2024 07:55,2024-05-17 07:55:00,2024,5,17,7,138,27.7,951.0603294075638,58.7
Shivajinagar AWS,18.5308,73.8474,17-05-2024 08:00,2024-05-17 08:00:00,2024,5,17,8,138,27.6,950.9637176421578,58.2
Shivajinagar AWS,18.5308,73.8474,17-05-2024 08:05,2024-05-17 08:05:00,2024,5,17,8,138,27.8,950.8771058767517,57.5
Shivajinagar AWS,18.5308,73.8474,17-05-2024 08:10,2024-05-17 08:10:00,2024,5,17,8,138,27.9,950.5704941113456,56.5
Shivajinagar AWS,18.5308,73.8474,17-05-2024 08:15,2024-05-17 08:15:00,2024,5,17,8,138,27.6,950.3738823459397,56.1
Shivajinagar AWS,18.5308,73.8474,17-05-2024 08:20,2024-05-17 08:20:00,2024,5,17,8,138,27.6,950.1172705805336,55.5
Shivajinagar AWS,18.5308,73.8474,17-05-2024 08:25,2024-05-17 08:25:00,2024,5,17,8,138,27.9,949.8506588151276,55.3
Shivajinagar AWS,18.5308,73.8474,17-05-2024 08:30,2024-05-17 08:30:00,2024,5,17,8,138,28.4,949.6540470497216,55.1
Shivajinagar AWS,18.5308,73.8474,17-05-2024 08:35,2024-05-17 08:35:00,2024,5,17,8,138,28.7,949.5174352843155,55.1
Shivajinagar AWS,18.5308,73.8474,17-05-2024 08:40,2024-05-17 08:40:00,2024,5,17,8,138,28.9,949.3308235189095,54.1
Shivajinagar AWS,18.5308,73.8474,17-05-2024 08:45,2024-05-17 08:45:00,2024,5,17,8,138,29.1,949.0742117535035,53.7
Shivajinagar AWS,18.5308,73.8474,17-05-2024 08:50,2024-05-17 08:50:00,2024,5,17,8,138,29.5,948.8875999880975,53.0
Shivajinagar AWS,18.5308,73.8474,17-05-2024 08:55,2024-05-17 08:55:00,2024,5,17,8,138,30.0,948.6209882226914,52.0
Shivajinagar AWS,18.5308,73.8474,17-05-2024 09:00,2024-05-17 09:00:00,2024,5,17,9,138,30.0,948.4243764572853,51.4
Shivajinagar AWS,18.5308,73.8474,17-05-2024 09:05,2024-05-17 09:05:00,2024,5,17,9,138,29.9,948.2977646918794,51.4
Shivajinagar AWS,18.5308,73.8474,17-05-2024 09:10,2024-05-17 09:10:00,2024,5,17,9,138,29.7,947.8911529264733,50.8
Shivajinagar AWS,18.5308,73.8474,17-05-2024 09:15,2024-05-17 09:15:00,2024,5,17,9,138,30.1,947.7245411610674,51.0
Shivajinagar AWS,18.5308,73.8474,17-05-2024 09:20,2024-05-17 09:20:00,2024,5,17,9,138,30.2,947.3579293956612,50.7
Shivajinagar AWS,18.5308,73.8474,17-05-2024 09:25,2024-05-17 09:25:00,2024,5,17,9,138,30.4,951.46,50.1
Shivajinagar AWS,18.5308,73.8474,17-05-2024 09:30,2024-05-17 09:30:00,2024,5,17,9,138,30.3,951.35,50.1
Shivajinagar AWS,18.5308,73.8474,17-05-2024 09:35,2024-05-17 09:35:00,2024,5,17,9,138,30.4,951.19,49.7
Shivajinagar AWS,18.5308,73.8474,17-05-2024 09:40,2024-05-17 09:40:00,2024,5,17,9,138,30.5,951.19,48.9
Shivajinagar AWS,18.5308,73.8474,17-05-2024 09:45,2024-05-17 09:45:00,2024,5,17,9,138,30.7,951.16,49.1
Shivajinagar AWS,18.5308,73.8474,17-05-2024 09:50,2024-05-17 09:50:00,2024,5,17,9,138,30.8,951.02,48.7
Shivajinagar AWS,18.5308,73.8474,17-05-2024 09:55,2024-05-17 09:55:00,2024,5,17,9,138,30.8,950.86,48.2
Shivajinagar AWS,18.5308,73.8474,17-05-2024 10:00,2024-05-17 10:00:00,2024,5,17,10,138,30.9,950.79,47.4
Shivajinagar AWS,18.5308,73.8474,17-05-2024 10:05,2024-05-17 10:05:00,2024,5,17,10,138,31.3,950.64,47.4
Shivajinagar AWS,18.5308,73.8474,17-05-2024 10:10,2024-05-17 10:10:00,2024,5,17,10,138,31.5,950.5,47.1
Shivajinagar AWS,18.5308,73.8474,17-05-2024 10:15,2024-05-17 10:15:00,2024,5,17,10,138,31.7,950.47,46.8
Shivajinagar AWS,18.5308,73.8474,17-05-2024 10:20,2024-05-17 10:20:00,2024,5,17,10,138,31.7,950.34,46.1
Shivajinagar AWS,18.5308,73.8474,17-05-2024 10:25,2024-05-17 10:25:00,2024,5,17,10,138,31.5,950.33,46.0
Shivajinagar AWS,18.5308,73.8474,17-05-2024 10:30,2024-05-17 10:30:00,2024,5,17,10,138,31.6,950.41,45.8
Shivajinagar AWS,18.5308,73.8474,17-05-2024 10:35,2024-05-17 10:35:00,2024,5,17,10,138,31.6,950.35,45.1
Shivajinagar AWS,18.5308,73.8474,17-05-2024 10:40,2024-05-17 10:40:00,2024,5,17,10,138,31.8,950.31,44.0
Shivajinagar AWS,18.5308,73.8474,17-05-2024 10:45,2024-05-17 10:45:00,2024,5,17,10,138,32.5,950.42,43.8
Shivajinagar AWS,18.5308,73.8474,17-05-2024 10:50,2024-05-17 10:50:00,2024,5,17,10,138,32.8,950.27,42.7
Shivajinagar AWS,18.5308,73.8474,17-05-2024 10:55,2024-05-17 10:55:00,2024,5,17,10,138,33.3,950.32,42.4
Shivajinagar AWS,18.5308,73.8474,17-05-2024 11:00,2024-05-17 11:00:00,2024,5,17,11,138,33.5,950.35,41.8
Shivajinagar AWS,18.5308,73.8474,17-05-2024 11:05,2024-05-17 11:05:00,2024,5,17,11,138,33.5,950.37,41.9
Shivajinagar AWS,18.5308,73.8474,17-05-2024 11:10,2024-05-17 11:10:00,2024,5,17,11,138,33.7,950.42,41.3
Shivajinagar AWS,18.5308,73.8474,17-05-2024 11:15,2024-05-17 11:15:00,2024,5,17,11,138,34.1,950.38,41.3
Shivajinagar AWS,18.5308,73.8474,17-05-2024 11:20,2024-05-17 11:20:00,2024,5,17,11,138,34.4,950.28,40.7
Shivajinagar AWS,18.5308,73.8474,17-05-2024 11:25,2024-05-17 11:25:00,2024,5,17,11,138,34.4,950.32,40.7
Shivajinagar AWS,18.5308,73.8474,17-05-2024 11:30,2024-05-17 11:30:00,2024,5,17,11,138,34.6,950.36,41.2
Shivajinagar AWS,18.5308,73.8474,17-05-2024 11:35,2024-05-17 11:35:00,2024,5,17,11,138,34.4,950.39,40.3
Shivajinagar AWS,18.5308,73.8474,17-05-2024 11:40,2024-05-17 11:40:00,2024,5,17,11,138,34.6,950.34,40.0
Shivajinagar AWS,18.5308,73.8474,17-05-2024 11:45,2024-05-17 11:45:00,2024,5,17,11,138,35.0,950.24,40.7
Shivajinagar AWS,18.5308,73.8474,17-05-2024 11:50,2024-05-17 11:50:00,2024,5,17,11,138,35.0,950.21,40.3
Shivajinagar AWS,18.5308,73.8474,17-05-2024 11:55,2024-05-17 11:55:00,2024,5,17,11,138,35.0,950.24,39.9
Shivajinagar AWS,18.5308,73.8474,17-05-2024 12:00,2024-05-17 12:00:00,2024,5,17,12,138,35.1,950.28,39.8
Shivajinagar AWS,18.5308,73.8474,17-05-2024 12:05,2024-05-17 12:05:00,2024,5,17,12,138,35.3,950.2,39.4
Shivajinagar AWS,18.5308,73.8474,17-05-2024 12:10,2024-05-17 12:10:00,2024,5,17,12,138,35.3,950.19,38.3
Shivajinagar AWS,18.5308,73.8474,17-05-2024 12:15,2024-05-17 12:15:00,2024,5,17,12,138,35.4,950.04,38.4
Shivajinagar AWS,18.5308,73.8474,17-05-2024 12:20,2024-05-17 12:20:00,2024,5,17,12,138,35.5,950.09,37.3
Shivajinagar AWS,18.5308,73.8474,17-05-2024 12:25,2024-05-17 12:25:00,2024,5,17,12,138,35.7,950.0,36.8
Shivajinagar AWS,18.5308,73.8474,17-05-2024 12:30,2024-05-17 12:30:00,2024,5,17,12,138,35.8,950.04,37.0
Shivajinagar AWS,18.5308,73.8474,17-05-2024 12:35,2024-05-17 12:35:00,2024,5,17,12,138,35.7,949.93,36.5
Shivajinagar AWS,18.5308,73.8474,17-05-2024 12:40,2024-05-17 12:40:00,2024,5,17,12,138,35.6,950.0,36.0
Shivajinagar AWS,18.5308,73.8474,17-05-2024 12:45,2024-05-17 12:45:00,2024,5,17,12,138,35.7,950.01,36.1
Shivajinagar AWS,18.5308,73.8474,17-05-2024 12:50,2024-05-17 12:50:00,2024,5,17,12,138,35.8,949.93,35.4
Shivajinagar AWS,18.5308,73.8474,17-05-2024 12:55,2024-05-17 12:55:00,2024,5,17,12,138,35.9,949.98,34.7
Shivajinagar AWS,18.5308,73.8474,17-05-2024 13:00,2024-05-17 13:00:00,2024,5,17,13,138,35.8,949.93,34.6
Shivajinagar AWS,18.5308,73.8474,17-05-2024 13:05,2024-05-17 13:05:00,2024,5,17,13,138,35.9,949.99,34.4
Shivajinagar AWS,18.5308,73.8474,17-05-2024 13:10,2024-05-17 13:10:00,2024,5,17,13,138,35.9,949.97,33.7
Shivajinagar AWS,18.5308,73.8474,17-05-2024 13:15,2024-05-17 13:15:00,2024,5,17,13,138,36.1,949.83,33.8
Shivajinagar AWS,18.5308,73.8474,17-05-2024 13:20,2024-05-17 13:20:00,2024,5,17,13,138,36.2,949.77,33.8
Shivajinagar AWS,18.5308,73.8474,17-05-2024 13:25,2024-05-17 13:25:00,2024,5,17,13,138,36.2,949.75,33.5
Shivajinagar AWS,18.5308,73.8474,17-05-2024 13:30,2024-05-17 13:30:00,2024,5,17,13,138,36.2,949.89,33.3
Shivajinagar AWS,18.5308,73.8474,17-05-2024 13:35,2024-05-17 13:35:00,2024,5,17,13,138,36.5,949.98,33.3
Shivajinagar AWS,18.5308,73.8474,17-05-2024 13:40,2024-05-17 13:40:00,2024,5,17,13,138,36.4,950.14,33.7
Shivajinagar AWS,18.5308,73.8474,17-05-2024 13:45,2024-05-17 13:45:00,2024,5,17,13,138,36.5,950.29,33.4
Shivajinagar AWS,18.5308,73.8474,17-05-2024 13:50,2024-05-17 13:50:00,2024,5,17,13,138,36.5,950.26,33.6
Shivajinagar AWS,18.5308,73.8474,17-05-2024 13:55,2024-05-17 13:55:00,2024,5,17,13,138,36.6,950.27,33.7
Shivajinagar AWS,18.5308,73.8474,17-05-2024 14:00,2024-05-17 14:00:00,2024,5,17,14,138,36.5,950.27,33.9
Shivajinagar AWS,18.5308,73.8474,17-05-2024 14:05,2024-05-17 14:05:00,2024,5,17,14,138,36.5,950.24,33.8
Shivajinagar AWS,18.5308,73.8474,17-05-2024 14:10,2024-05-17 14:10:00,2024,5,17,14,138,36.7,950.13,33.3
Shivajinagar AWS,18.5308,73.8474,17-05-2024 14:15,2024-05-17 14:15:00,2024,5,17,14,138,36.5,950.18,33.1
Shivajinagar AWS,18.5308,73.8474,17-05-2024 14:20,2024-05-17 14:20:00,2024,5,17,14,138,36.3,950.12,33.1
Shivajinagar AWS,18.5308,73.8474,17-05-2024 14:25,2024-05-17 14:25:00,2024,5,17,14,138,36.1,950.17,33.8
Shivajinagar AWS,18.5308,73.8474,17-05-2024 14:30,2024-05-17 14:30:00,2024,5,17,14,138,36.0,950.4,33.5
Shivajinagar AWS,18.5308,73.8474,17-05-2024 14:35,2024-05-17 14:35:00,2024,5,17,14,138,36.1,950.41,33.8
Shivajinagar AWS,18.5308,73.8474,17-05-2024 14:40,2024-05-17 14:40:00,2024,5,17,14,138,35.9,950.48,33.6
Shivajinagar AWS,18.5308,73.8474,17-05-2024 14:45,2024-05-17 14:45:00,2024,5,17,14,138,35.8,950.61,33.6
Shivajinagar AWS,18.5308,73.8474,17-05-2024 14:50,2024-05-17 14:50:00,2024,5,17,14,138,35.9,950.69,34.2
Shivajinagar AWS,18.5308,73.8474,17-05-2024 14:55,2024-05-17 14:55:00,2024,5,17,14,138,36.0,950.77,34.4
Shivajinagar AWS,18.5308,73.8474,17-05-2024 15:00,2024-05-17 15:00:00,2024,5,17,15,138,36.0,950.79,33.9
Shivajinagar AWS,18.5308,73.8474,17-05-2024 15:05,2024-05-17 15:05:00,2024,5,17,15,138,36.0,950.84,33.7
Shivajinagar AWS,18.5308,73.8474,17-05-2024 15:10,2024-05-17 15:10:00,2024,5,17,15,138,36.0,950.82,34.2
Shivajinagar AWS,18.5308,73.8474,17-05-2024 15:15,2024-05-17 15:15:00,2024,5,17,15,138,35.9,950.96,34.2
Shivajinagar AWS,18.5308,73.8474,17-05-2024 15:20,2024-05-17 15:20:00,2024,5,17,15,138,35.9,950.88,33.8
Shivajinagar AWS,18.5308,73.8474,17-05-2024 15:25,2024-05-17 15:25:00,2024,5,17,15,138,36.2,951.03,33.5
Shivajinagar AWS,18.5308,73.8474,17-05-2024 15:30,2024-05-17 15:30:00,2024,5,17,15,138,36.3,950.99,33.9
Shivajinagar AWS,18.5308,73.8474,17-05-2024 15:35,2024-05-17 15:35:00,2024,5,17,15,138,36.6,951.14,34.4
Shivajinagar AWS,18.5308,73.8474,17-05-2024 15:40,2024-05-17 15:40:00,2024,5,17,15,138,36.5,951.19,34.4
Shivajinagar AWS,18.5308,73.8474,17-05-2024 15:45,2024-05-17 15:45:00,2024,5,17,15,138,36.4,951.16,35.5
Shivajinagar AWS,18.5308,73.8474,17-05-2024 15:50,2024-05-17 15:50:00,2024,5,17,15,138,36.1,951.29,35.9
Shivajinagar AWS,18.5308,73.8474,17-05-2024 15:55,2024-05-17 15:55:00,2024,5,17,15,138,36.0,951.44,35.8
Shivajinagar AWS,18.5308,73.8474,17-05-2024 16:00,2024-05-17 16:00:00,2024,5,17,16,138,36.2,951.48,35.6
Shivajinagar AWS,18.5308,73.8474,17-05-2024 16:05,2024-05-17 16:05:00,2024,5,17,16,138,36.1,951.61,35.3
Shivajinagar AWS,18.5308,73.8474,17-05-2024 16:10,2024-05-17 16:10:00,2024,5,17,16,138,36.3,951.5,35.5
Shivajinagar AWS,18.5308,73.8474,17-05-2024 16:15,2024-05-17 16:15:00,2024,5,17,16,138,36.0,951.48,35.5
Shivajinagar AWS,18.5308,73.8474,17-05-2024 16:20,2024-05-17 16:20:00,2024,5,17,16,138,35.8,951.67,36.3
Shivajinagar AWS,18.5308,73.8474,17-05-2024 16:25,2024-05-17 16:25:00,2024,5,17,16,138,35.6,951.73,37.0
Shivajinagar AWS,18.5308,73.8474,17-05-2024 16:30,2024-05-17 16:30:00,2024,5,17,16,138,35.6,951.66,37.4
Shivajinagar AWS,18.5308,73.8474,17-05-2024 16:35,2024-05-17 16:35:00,2024,5,17,16,138,35.6,951.68,37.0
Shivajinagar AWS,18.5308,73.8474,17-05-2024 16:40,2024-05-17 16:40:00,2024,5,17,16,138,35.6,951.7,36.9
Shivajinagar AWS,18.5308,73.8474,17-05-2024 16:45,2024-05-17 16:45:00,2024,5,17,16,138,35.5,951.77,37.6
Shivajinagar AWS,18.5308,73.8474,17-05-2024 16:50,2024-05-17 16:50:00,2024,5,17,16,138,35.3,951.82,37.5
Shivajinagar AWS,18.5308,73.8474,17-05-2024 16:55,2024-05-17 16:55:00,2024,5,17,16,138,35.2,951.92,38.2
Shivajinagar AWS,18.5308,73.8474,17-05-2024 17:00,2024-05-17 17:00:00,2024,5,17,17,138,35.0,952.0,38.5
Shivajinagar AWS,18.5308,73.8474,17-05-2024 17:05,2024-05-17 17:05:00,2024,5,17,17,138,34.8,952.19,38.7
Shivajinagar AWS,18.5308,73.8474,17-05-2024 17:10,2024-05-17 17:10:00,2024,5,17,17,138,34.8,952.3,38.7
Shivajinagar AWS,18.5308,73.8474,17-05-2024 17:15,2024-05-17 17:15:00,2024,5,17,17,138,34.5,952.4,38.8
Shivajinagar AWS,18.5308,73.8474,17-05-2024 17:20,2024-05-17 17:20:00,2024,5,17,17,138,34.6,952.56,39.2
Shivajinagar AWS,18.5308,73.8474,17-05-2024 17:25,2024-05-17 17:25:00,2024,5,17,17,138,34.5,952.59,39.8
Shivajinagar AWS,18.5308,73.8474,17-05-2024 17:30,2024-05-17 17:30:00,2024,5,17,17,138,34.3,952.55,39.7
Shivajinagar AWS,18.5308,73.8474,17-05-2024 17:35,2024-05-17 17:35:00,2024,5,17,17,138,34.3,952.71,39.9
Shivajinagar AWS,18.5308,73.8474,17-05-2024 17:40,2024-05-17 17:40:00,2024,5,17,17,138,34.4,952.78,40.2
Shivajinagar AWS,18.5308,73.8474,17-05-2024 17:45,2024-05-17 17:45:00,2024,5,17,17,138,34.5,952.85,40.7
Shivajinagar AWS,18.5308,73.8474,17-05-2024 17:50,2024-05-17 17:50:00,2024,5,17,17,138,34.4,952.85,40.6
Shivajinagar AWS,18.5308,73.8474,17-05-2024 17:55,2024-05-17 17:55:00,2024,5,17,17,138,34.5,952.85,40.4
Shivajinagar AWS,18.5308,73.8474,17-05-2024 18:00,2024-05-17 18:00:00,2024,5,17,18,138,34.1,952.96,41.0
Shivajinagar AWS,18.5308,73.8474,17-05-2024 18:05,2024-05-17 18:05:00,2024,5,17,18,138,33.9,953.09,40.8
Shivajinagar AWS,18.5308,73.8474,17-05-2024 18:10,2024-05-17 18:10:00,2024,5,17,18,138,33.6,953.19,41.7
Shivajinagar AWS,18.5308,73.8474,17-05-2024 18:15,2024-05-17 18:15:00,2024,5,17,18,138,33.7,953.28,42.0
Shivajinagar AWS,18.5308,73.8474,17-05-2024 18:20,2024-05-17 18:20:00,2024,5,17,18,138,33.5,957.4213962463891,41.7
Shivajinagar AWS,18.5308,73.8474,17-05-2024 18:25,2024-05-17 18:25:00,2024,5,17,18,138,33.5,957.4513962463891,41.9
Shivajinagar AWS,18.5308,73.8474,17-05-2024 18:30,2024-05-17 18:30:00,2024,5,17,18,138,33.4,957.4613962463891,42.5
Shivajinagar AWS,18.5308,73.8474,17-05-2024 18:35,2024-05-17 18:35:00,2024,5,17,18,138,33.1,957.5813962463891,42.7
Shivajinagar AWS,18.5308,73.8474,17-05-2024 18:40,2024-05-17 18:40:00,2024,5,17,18,138,32.9,953.5,43.1
Shivajinagar AWS,18.5308,73.8474,17-05-2024 18:45,2024-05-17 18:45:00,2024,5,17,18,138,33.0,953.54,43.9
Shivajinagar AWS,18.5308,73.8474,17-05-2024 18:50,2024-05-17 18:50:00,2024,5,17,18,138,32.7,953.49,44.2
Shivajinagar AWS,18.5308,73.8474,17-05-2024 18:55,2024-05-17 18:55:00,2024,5,17,18,138,32.6,953.44,44.3
Shivajinagar AWS,18.5308,73.8474,17-05-2024 19:00,2024-05-17 19:00:00,2024,5,17,19,138,32.4,953.43,44.6
Shivajinagar AWS,18.5308,73.8474,17-05-2024 19:05,2024-05-17 19:05:00,2024,5,17,19,138,32.2,953.37,45.6
Shivajinagar AWS,18.5308,73.8474,17-05-2024 19:10,2024-05-17 19:10:00,2024,5,17,19,138,32.0,953.44,46.7
Shivajinagar AWS,18.5308,73.8474,17-05-2024 19:15,2024-05-17 19:15:00,2024,5,17,19,138,31.8,953.33,46.3
Shivajinagar AWS,18.5308,73.8474,17-05-2024 19:20,2024-05-17 19:20:00,2024,5,17,19,138,31.5,953.34,47.2
Shivajinagar AWS,18.5308,73.8474,17-05-2024 19:25,2024-05-17 19:25:00,2024,5,17,19,138,31.4,953.35,47.7
Shivajinagar AWS,18.5308,73.8474,17-05-2024 19:30,2024-05-17 19:30:00,2024,5,17,19,138,31.2,953.2,48.5
Shivajinagar AWS,18.5308,73.8474,17-05-2024 19:35,2024-05-17 19:35:00,2024,5,17,19,138,30.9,953.17,48.7
Shivajinagar AWS,18.5308,73.8474,17-05-2024 19:40,2024-05-17 19:40:00,2024,5,17,19,138,30.7,953.19,48.5
Shivajinagar AWS,18.5308,73.8474,17-05-2024 19:45,2024-05-17 19:45:00,2024,5,17,19,138,30.5,953.21,49.2
Shivajinagar AWS,18.5308,73.8474,17-05-2024 19:50,2024-05-17 19:50:00,2024,5,17,19,138,30.6,953.19,49.2
Shivajinagar AWS,18.5308,73.8474,17-05-2024 19:55,2024-05-17 19:55:00,2024,5,17,19,138,30.7,953.23,49.2
Shivajinagar AWS,18.5308,73.8474,17-05-2024 20:00,2024-05-17 20:00:00,2024,5,17,20,138,30.4,953.2,49.2
Shivajinagar AWS,18.5308,73.8474,17-05-2024 20:05,2024-05-17 20:05:00,2024,5,17,20,138,30.6,953.18,49.9
Shivajinagar AWS,18.5308,73.8474,17-05-2024 20:10,2024-05-17 20:10:00,2024,5,17,20,138,30.3,953.18,50.5
Shivajinagar AWS,18.5308,73.8474,17-05-2024 20:15,2024-05-17 20:15:00,2024,5,17,20,138,30.3,953.23,51.3
Shivajinagar AWS,18.5308,73.8474,17-05-2024 20:20,2024-05-17 20:20:00,2024,5,17,20,138,30.1,953.14,52.1
Shivajinagar AWS,18.5308,73.8474,17-05-2024 20:25,2024-05-17 20:25:00,2024,5,17,20,138,29.8,953.07,52.4
Shivajinagar AWS,18.5308,73.8474,17-05-2024 20:30,2024-05-17 20:30:00,2024,5,17,20,138,29.6,952.99,52.9
Shivajinagar AWS,18.5308,73.8474,17-05-2024 20:35,2024-05-17 20:35:00,2024,5,17,20,138,29.4,952.93,53.1
Shivajinagar AWS,18.5308,73.8474,17-05-2024 20:40,2024-05-17 20:40:00,2024,5,17,20,138,29.4,953.01,53.6
Shivajinagar AWS,18.5308,73.8474,17-05-2024 20:45,2024-05-17 20:45:00,2024,5,17,20,138,29.4,953.02,53.7
Shivajinagar AWS,18.5308,73.8474,17-05-2024 20:50,2024-05-17 20:50:00,2024,5,17,20,138,29.1,952.88,54.3
Shivajinagar AWS,18.5308,73.8474,17-05-2024 20:55,2024-05-17 20:55:00,2024,5,17,20,138,28.8,952.79,55.3
Shivajinagar AWS,18.5308,73.8474,17-05-2024 21:00,2024-05-17 21:00:00,2024,5,17,21,138,28.5,952.78,55.4
Shivajinagar AWS,18.5308,73.8474,17-05-2024 21:05,2024-05-17 21:05:00,2024,5,17,21,138,28.4,952.67,56.4
Shivajinagar AWS,18.5308,73.8474,17-05-2024 21:10,2024-05-17 21:10:00,2024,5,17,21,138,28.2,952.57,56.9
Shivajinagar AWS,18.5308,73.8474,17-05-2024 21:15,2024-05-17 21:15:00,2024,5,17,21,138,28.0,952.63,57.5
Shivajinagar AWS,18.5308,73.8474,17-05-2024 21:20,2024-05-17 21:20:00,2024,5,17,21,138,27.9,952.54,57.3
Shivajinagar AWS,18.5308,73.8474,17-05-2024 21:25,2024-05-17 21:25:00,2024,5,17,21,138,28.1,952.57,57.0
Shivajinagar AWS,18.5308,73.8474,17-05-2024 21:30,2024-05-17 21:30:00,2024,5,17,21,138,27.9,952.62,57.6
Shivajinagar AWS,18.5308,73.8474,17-05-2024 21:35,2024-05-17 21:35:00,2024,5,17,21,138,27.7,952.5,58.4
Shivajinagar AWS,18.5308,73.8474,17-05-2024 21:40,2024-05-17 21:40:00,2024,5,17,21,138,27.7,952.38,58.6
Shivajinagar AWS,18.5308,73.8474,17-05-2024 21:45,2024-05-17 21:45:00,2024,5,17,21,138,27.5,952.31,59.8
Shivajinagar AWS,18.5308,73.8474,17-05-2024 21:50,2024-05-17 21:50:00,2024,5,17,21,138,27.4,952.17,60.5
Shivajinagar AWS,18.5308,73.8474,17-05-2024 21:55,2024-05-17 21:55:00,2024,5,17,21,138,27.2,952.13,60.6
Shivajinagar AWS,18.5308,73.8474,17-05-2024 22:00,2024-05-17 22:00:00,2024,5,17,22,138,27.4,952.07,61.1
Shivajinagar AWS,18.5308,73.8474,17-05-2024 22:05,2024-05-17 22:05:00,2024,5,17,22,138,27.3,952.05,62.5
Shivajinagar AWS,18.5308,73.8474,17-05-2024 22:10,2024-05-17 22:10:00,2024,5,17,22,138,27.1,952.11,62.4
Shivajinagar AWS,18.5308,73.8474,17-05-2024 22:15,2024-05-17 22:15:00,2024,5,17,22,138,26.8,952.12,63.0
Shivajinagar AWS,18.5308,73.8474,17-05-2024 22:20,2024-05-17 22:20:00,2024,5,17,22,138,26.6,952.11,63.3
Shivajinagar AWS,18.5308,73.8474,17-05-2024 22:25,2024-05-17 22:25:00,2024,5,17,22,138,26.7,951.89,64.0
Shivajinagar AWS,18.5308,73.8474,17-05-2024 22:30,2024-05-17 22:30:00,2024,5,17,22,138,26.4,951.88,64.9
Shivajinagar AWS,18.5308,73.8474,17-05-2024 22:35,2024-05-17 22:35:00,2024,5,17,22,138,26.2,951.96,65.0
Shivajinagar AWS,18.5308,73.8474,17-05-2024 22:40,2024-05-17 22:40:00,2024,5,17,22,138,26.0,951.67,65.8
Shivajinagar AWS,18.5308,73.8474,17-05-2024 22:45,2024-05-17 22:45:00,2024,5,17,22,138,25.9,951.68,67.1
Shivajinagar AWS,18.5308,73.8474,17-05-2024 22:50,2024-05-17 22:50:00,2024,5,17,22,138,25.7,951.62,67.4
Shivajinagar AWS,18.5308,73.8474,17-05-2024 22:55,2024-05-17 22:55:00,2024,5,17,22,138,25.4,951.51,68.0
Shivajinagar AWS,18.5308,73.8474,17-05-2024 23:00,2024-05-17 23:00:00,2024,5,17,23,138,25.3,951.53,68.0
Shivajinagar AWS,18.5308,73.8474,17-05-2024 23:05,2024-05-17 23:05:00,2024,5,17,23,138,25.2,951.63,68.3
Shivajinagar AWS,18.5308,73.8474,17-05-2024 23:10,2024-05-17 23:10:00,2024,5,17,23,138,25.0,951.64,68.5
Shivajinagar AWS,18.5308,73.8474,17-05-2024 23:15,2024-05-17 23:15:00,2024,5,17,23,138,25.0,951.57,69.0
Shivajinagar AWS,18.5308,73.8474,17-05-2024 23:20,2024-05-17 23:20:00,2024,5,17,23,138,25.1,951.45,69.8
Shivajinagar AWS,18.5308,73.8474,17-05-2024 23:25,2024-05-17 23:25:00,2024,5,17,23,138,25.0,951.42,70.0
Shivajinagar AWS,18.5308,73.8474,17-05-2024 23:30,2024-05-17 23:30:00,2024,5,17,23,138,24.9,951.46,70.8
Shivajinagar AWS,18.5308,73.8474,17-05-2024 23:35,2024-05-17 23:35:00,2024,5,17,23,138,24.5,951.39,71.6
Shivajinagar AWS,18.5308,73.8474,17-05-2024 23:40,2024-05-17 23:40:00,2024,5,17,23,138,24.4,951.33,72.1
Shivajinagar AWS,18.5308,73.8474,17-05-2024 23:45,2024-05-17 23:45:00,2024,5,17,23,138,24.5,951.52,72.0
Shivajinagar AWS,18.5308,73.8474,17-05-2024 23:50,2024-05-17 23:50:00,2024,5,17,23,138,24.4,951.57,71.9
Shivajinagar AWS,18.5308,73.8474,17-05-2024 23:55,2024-05-17 23:55:00,2024,5,17,23,138,24.2,951.63,71.8
