station_id,latitude,longitude,original_time,timestamp,year,month,day,hour,day_of_year,humidity
CWPRS campus,18.446944,73.785,11-05-2024 00:00,2024-05-11 00:00:00,2024,5,11,0,132,69.5
CWPRS campus,18.446944,73.785,11-05-2024 00:05,2024-05-11 00:05:00,2024,5,11,0,132,69.6
CWPRS campus,18.446944,73.785,11-05-2024 00:10,2024-05-11 00:10:00,2024,5,11,0,132,69.8
CWPRS campus,18.446944,73.785,11-05-2024 00:15,2024-05-11 00:15:00,2024,5,11,0,132,69.3
CWPRS campus,18.446944,73.785,11-05-2024 00:20,2024-05-11 00:20:00,2024,5,11,0,132,69.8
CWPRS campus,18.446944,73.785,11-05-2024 00:25,2024-05-11 00:25:00,2024,5,11,0,132,69.6
CWPRS campus,18.446944,73.785,11-05-2024 00:30,2024-05-11 00:30:00,2024,5,11,0,132,69.9
CWPRS campus,18.446944,73.785,11-05-2024 00:35,2024-05-11 00:35:00,2024,5,11,0,132,70.3
CWPRS campus,18.446944,73.785,11-05-2024 00:40,2024-05-11 00:40:00,2024,5,11,0,132,71.1
CWPRS campus,18.446944,73.785,11-05-2024 00:45,2024-05-11 00:45:00,2024,5,11,0,132,70.8
CWPRS campus,18.446944,73.785,11-05-2024 00:50,2024-05-11 00:50:00,2024,5,11,0,132,69.8
CWPRS campus,18.446944,73.785,11-05-2024 00:55,2024-05-11 00:55:00,2024,5,11,0,132,70.1
CWPRS campus,18.446944,73.785,11-05-2024 01:00,2024-05-11 01:00:00,2024,5,11,1,132,71.1
CWPRS campus,18.446944,73.785,11-05-2024 01:05,2024-05-11 01:05:00,2024,5,11,1,132,71.8
CWPRS campus,18.446944,73.785,11-05-2024 01:10,2024-05-11 01:10:00,2024,5,11,1,132,72.1
CWPRS campus,18.446944,73.785,11-05-2024 01:15,2024-05-11 01:15:00,2024,5,11,1,132,72.0
CWPRS campus,18.446944,73.785,11-05-2024 01:20,2024-05-11 01:20:00,2024,5,11,1,132,72.5
CWPRS campus,18.446944,73.785,11-05-2024 01:25,2024-05-11 01:25:00,2024,5,11,1,132,72.3
CWPRS campus,18.446944,73.785,11-05-2024 01:30,2024-05-11 01:30:00,2024,5,11,1,132,72.6
CWPRS campus,18.446944,73.785,11-05-2024 01:35,2024-05-11 01:35:00,2024,5,11,1,132,72.9
CWPRS campus,18.446944,73.785,11-05-2024 01:40,2024-05-11 01:40:00,2024,5,11,1,132,73.4
CWPRS campus,18.446944,73.785,11-05-2024 01:45,2024-05-11 01:45:00,2024,5,11,1,132,74.6
CWPRS campus,18.446944,73.785,11-05-2024 01:50,2024-05-11 01:50:00,2024,5,11,1,132,74.7
CWPRS campus,18.446944,73.785,11-05-2024 01:55,2024-05-11 01:55:00,2024,5,11,1,132,74.5
CWPRS campus,18.446944,73.785,11-05-2024 02:00,2024-05-11 02:00:00,2024,5,11,2,132,74.5
CWPRS campus,18.446944,73.785,11-05-2024 02:05,2024-05-11 02:05:00,2024,5,11,2,132,73.8
CWPRS campus,18.446944,73.785,11-05-2024 02:10,2024-05-11 02:10:00,2024,5,11,2,132,73.5
CWPRS campus,18.446944,73.785,11-05-2024 02:15,2024-05-11 02:15:00,2024,5,11,2,132,73.4
CWPRS campus,18.446944,73.785,11-05-2024 02:20,2024-05-11 02:20:00,2024,5,11,2,132,73.2
CWPRS campus,18.446944,73.785,11-05-2024 02:25,2024-05-11 02:25:00,2024,5,11,2,132,73.2
CWPRS campus,18.446944,73.785,11-05-2024 02:30,2024-05-11 02:30:00,2024,5,11,2,132,72.9
CWPRS campus,18.446944,73.785,11-05-2024 02:35,2024-05-11 02:35:00,2024,5,11,2,132,73.4
CWPRS campus,18.446944,73.785,11-05-2024 02:40,2024-05-11 02:40:00,2024,5,11,2,132,73.3
CWPRS campus,18.446944,73.785,11-05-2024 02:45,2024-05-11 02:45:00,2024,5,11,2,132,73.3
CWPRS campus,18.446944,73.785,11-05-2024 02:50,2024-05-11 02:50:00,2024,5,11,2,132,73.1
CWPRS campus,18.446944,73.785,11-05-2024 02:55,2024-05-11 02:55:00,2024,5,11,2,132,73.1
CWPRS campus,18.446944,73.785,11-05-2024 03:00,2024-05-11 03:00:00,2024,5,11,3,132,73.4
CWPRS campus,18.446944,73.785,11-05-2024 03:05,2024-05-11 03:05:00,2024,5,11,3,132,72.9
CWPRS campus,18.446944,73.785,11-05-2024 03:10,2024-05-11 03:10:00,2024,5,11,3,132,72.6
CWPRS campus,18.446944,73.785,11-05-2024 03:15,2024-05-11 03:15:00,2024,5,11,3,132,72.4
CWPRS campus,18.446944,73.785,11-05-2024 03:20,2024-05-11 03:20:00,2024,5,11,3,132,71.7
CWPRS campus,18.446944,73.785,11-05-2024 03:25,2024-05-11 03:25:00,2024,5,11,3,132,71.3
CWPRS campus,18.446944,73.785,11-05-2024 03:30,2024-05-11 03:30:00,2024,5,11,3,132,71.1
CWPRS campus,18.446944,73.785,11-05-2024 03:35,2024-05-11 03:35:00,2024,5,11,3,132,71.3
CWPRS campus,18.446944,73.785,11-05-2024 03:40,2024-05-11 03:40:00,2024,5,11,3,132,71.3
CWPRS campus,18.446944,73.785,11-05-2024 03:45,2024-05-11 03:45:00,2024,5,11,3,132,71.3
CWPRS campus,18.446944,73.785,11-05-2024 03:50,2024-05-11 03:50:00,2024,5,11,3,132,71.5
CWPRS campus,18.446944,73.785,11-05-2024 03:55,2024-05-11 03:55:00,2024,5,11,3,132,71.3
CWPRS campus,18.446944,73.785,11-05-2024 04:00,2024-05-11 04:00:00,2024,5,11,4,132,71.2
CWPRS campus,18.446944,73.785,11-05-2024 04:05,2024-05-11 04:05:00,2024,5,11,4,132,71.0
CWPRS campus,18.446944,73.785,11-05-2024 04:10,2024-05-11 04:10:00,2024,5,11,4,132,70.9
CWPRS campus,18.446944,73.785,11-05-2024 04:15,2024-05-11 04:15:00,2024,5,11,4,132,70.4
CWPRS campus,18.446944,73.785,11-05-2024 04:20,2024-05-11 04:20:00,2024,5,11,4,132,69.3
CWPRS campus,18.446944,73.785,11-05-2024 04:25,2024-05-11 04:25:00,2024,5,11,4,132,69.0
CWPRS campus,18.446944,73.785,11-05-2024 04:30,2024-05-11 04:30:00,2024,5,11,4,132,69.4
CWPRS campus,18.446944,73.785,11-05-2024 04:35,2024-05-11 04:35:00,2024,5,11,4,132,69.5
CWPRS campus,18.446944,73.785,11-05-2024 04:40,2024-05-11 04:40:00,2024,5,11,4,132,69.7
CWPRS campus,18.446944,73.785,11-05-2024 04:45,2024-05-11 04:45:00,2024,5,11,4,132,69.9
CWPRS campus,18.446944,73.785,11-05-2024 04:50,2024-05-11 04:50:00,2024,5,11,4,132,69.6
CWPRS campus,18.446944,73.785,11-05-2024 04:55,2024-05-11 04:55:00,2024,5,11,4,132,69.3
CWPRS campus,18.446944,73.785,11-05-2024 05:00,2024-05-11 05:00:00,2024,5,11,5,132,68.8
CWPRS campus,18.446944,73.785,11-05-2024 05:05,2024-05-11 05:05:00,2024,5,11,5,132,68.3
CWPRS campus,18.446944,73.785,11-05-2024 05:10,2024-05-11 05:10:00,2024,5,11,5,132,68.2
CWPRS campus,18.446944,73.785,11-05-2024 05:15,2024-05-11 05:15:00,2024,5,11,5,132,68.3
CWPRS campus,18.446944,73.785,11-05-2024 05:20,2024-05-11 05:20:00,2024,5,11,5,132,67.9
CWPRS campus,18.446944,73.785,11-05-2024 05:25,2024-05-11 05:25:00,2024,5,11,5,132,67.3
CWPRS campus,18.446944,73.785,11-05-2024 05:30,2024-05-11 05:30:00,2024,5,11,5,132,66.9
CWPRS campus,18.446944,73.785,11-05-2024 05:35,2024-05-11 05:35:00,2024,5,11,5,132,66.8
CWPRS campus,18.446944,73.785,11-05-2024 05:40,2024-05-11 05:40:00,2024,5,11,5,132,65.8
CWPRS campus,18.446944,73.785,11-05-2024 05:45,2024-05-11 05:45:00,2024,5,11,5,132,64.5
CWPRS campus,18.446944,73.785,11-05-2024 05:50,2024-05-11 05:50:00,2024,5,11,5,132,63.9
CWPRS campus,18.446944,73.785,11-05-2024 05:55,2024-05-11 05:55:00,2024,5,11,5,132,63.1
CWPRS campus,18.446944,73.785,11-05-2024 06:00,2024-05-11 06:00:00,2024,5,11,6,132,62.6
CWPRS campus,18.446944,73.785,11-05-2024 06:05,2024-05-11 06:05:00,2024,5,11,6,132,62.2
CWPRS campus,18.446944,73.785,11-05-2024 06:10,2024-05-11 06:10:00,2024,5,11,6,132,61.7
CWPRS campus,18.446944,73.785,11-05-2024 06:15,2024-05-11 06:15:00,2024,5,11,6,132,61.9
CWPRS campus,18.446944,73.785,11-05-2024 06:20,2024-05-11 06:20:00,2024,5,11,6,132,61.7
CWPRS campus,18.446944,73.785,11-05-2024 06:25,2024-05-11 06:25:00,2024,5,11,6,132,61.4
CWPRS campus,18.446944,73.785,11-05-2024 06:30,2024-05-11 06:30:00,2024,5,11,6,132,61.3
CWPRS campus,18.446944,73.785,11-05-2024 06:35,2024-05-11 06:35:00,2024,5,11,6,132,60.4
CWPRS campus,18.446944,73.785,11-05-2024 06:40,2024-05-11 06:40:00,2024,5,11,6,132,60.4
CWPRS campus,18.446944,73.785,11-05-2024 06:45,2024-05-11 06:45:00,2024,5,11,6,132,60.0
CWPRS campus,18.446944,73.785,11-05-2024 06:50,2024-05-11 06:50:00,2024,5,11,6,132,59.8
CWPRS campus,18.446944,73.785,11-05-2024 06:55,2024-05-11 06:55:00,2024,5,11,6,132,58.9
CWPRS campus,18.446944,73.785,11-05-2024 07:00,2024-05-11 07:00:00,2024,5,11,7,132,57.9
CWPRS campus,18.446944,73.785,11-05-2024 07:05,2024-05-11 07:05:00,2024,5,11,7,132,57.8
CWPRS campus,18.446944,73.785,11-05-2024 07:10,2024-05-11 07:10:00,2024,5,11,7,132,57.5
CWPRS campus,18.446944,73.785,11-05-2024 07:15,2024-05-11 07:15:00,2024,5,11,7,132,56.7
CWPRS campus,18.446944,73.785,11-05-2024 07:20,2024-05-11 07:20:00,2024,5,11,7,132,55.9
CWPRS campus,18.446944,73.785,11-05-2024 07:25,2024-05-11 07:25:00,2024,5,11,7,132,55.9
CWPRS campus,18.446944,73.785,11-05-2024 07:30,2024-05-11 07:30:00,2024,5,11,7,132,55.0
CWPRS campus,18.446944,73.785,11-05-2024 07:35,2024-05-11 07:35:00,2024,5,11,7,132,55.3
CWPRS campus,18.446944,73.785,11-05-2024 07:40,2024-05-11 07:40:00,2024,5,11,7,132,54.4
CWPRS campus,18.446944,73.785,11-05-2024 07:45,2024-05-11 07:45:00,2024,5,11,7,132,54.2
CWPRS campus,18.446944,73.785,11-05-2024 07:50,2024-05-11 07:50:00,2024,5,11,7,132,53.6
CWPRS campus,18.446944,73.785,11-05-2024 07:55,2024-05-11 07:55:00,2024,5,11,7,132,53.4
CWPRS campus,18.446944,73.785,11-05-2024 08:00,2024-05-11 08:00:00,2024,5,11,8,132,52.7
CWPRS campus,18.446944,73.785,11-05-2024 08:05,2024-05-11 08:05:00,2024,5,11,8,132,52.2
CWPRS campus,18.446944,73.785,11-05-2024 08:10,2024-05-11 08:10:00,2024,5,11,8,132,51.7
CWPRS campus,18.446944,73.785,11-05-2024 08:15,2024-05-11 08:15:00,2024,5,11,8,132,50.9
CWPRS campus,18.446944,73.785,11-05-2024 08:20,2024-05-11 08:20:00,2024,5,11,8,132,50.7
CWPRS campus,18.446944,73.785,11-05-2024 08:25,2024-05-11 08:25:00,2024,5,11,8,132,50.0
CWPRS campus,18.446944,73.785,11-05-2024 08:30,2024-05-11 08:30:00,2024,5,11,8,132,49.5
CWPRS campus,18.446944,73.785,11-05-2024 08:35,2024-05-11 08:35:00,2024,5,11,8,132,48.6
CWPRS campus,18.446944,73.785,11-05-2024 08:40,2024-05-11 08:40:00,2024,5,11,8,132,47.2
CWPRS campus,18.446944,73.785,11-05-2024 08:45,2024-05-11 08:45:00,2024,5,11,8,132,46.7
CWPRS campus,18.446944,73.785,11-05-2024 08:50,2024-05-11 08:50:00,2024,5,11,8,132,47.3
CWPRS campus,18.446944,73.785,11-05-2024 08:55,2024-05-11 08:55:00,2024,5,11,8,132,47.1
CWPRS campus,18.446944,73.785,11-05-2024 09:00,2024-05-11 09:00:00,2024,5,11,9,132,46.7
CWPRS campus,18.446944,73.785,11-05-2024 09:05,2024-05-11 09:05:00,2024,5,11,9,132,46.1
CWPRS campus,18.446944,73.785,11-05-2024 09:10,2024-05-11 09:10:00,2024,5,11,9,132,45.7
CWPRS campus,18.446944,73.785,11-05-2024 09:15,2024-05-11 09:15:00,2024,5,11,9,132,45.4
CWPRS campus,18.446944,73.785,11-05-2024 09:20,2024-05-11 09:20:00,2024,5,11,9,132,44.5
CWPRS campus,18.446944,73.785,11-05-2024 09:25,2024-05-11 09:25:00,2024,5,11,9,132,44.5
CWPRS campus,18.446944,73.785,11-05-2024 09:30,2024-05-11 09:30:00,2024,5,11,9,132,44.3
CWPRS campus,18.446944,73.785,11-05-2024 09:35,2024-05-11 09:35:00,2024,5,11,9,132,44.1
CWPRS campus,18.446944,73.785,11-05-2024 09:40,2024-05-11 09:40:00,2024,5,11,9,132,43.8
CWPRS campus,18.446944,73.785,11-05-2024 09:45,2024-05-11 09:45:00,2024,5,11,9,132,43.3
CWPRS campus,18.446944,73.785,11-05-2024 09:50,2024-05-11 09:50:00,2024,5,11,9,132,43.1
CWPRS campus,18.446944,73.785,11-05-2024 09:55,2024-05-11 09:55:00,2024,5,11,9,132,42.9
CWPRS campus,18.446944,73.785,11-05-2024 10:00,2024-05-11 10:00:00,2024,5,11,10,132,42.2
CWPRS campus,18.446944,73.785,11-05-2024 10:05,2024-05-11 10:05:00,2024,5,11,10,132,41.5
CWPRS campus,18.446944,73.785,11-05-2024 10:10,2024-05-11 10:10:00,2024,5,11,10,132,41.1
CWPRS campus,18.446944,73.785,11-05-2024 10:15,2024-05-11 10:15:00,2024,5,11,10,132,41.2
CWPRS campus,18.446944,73.785,11-05-2024 10:20,2024-05-11 10:20:00,2024,5,11,10,132,40.2
CWPRS campus,18.446944,73.785,11-05-2024 10:25,2024-05-11 10:25:00,2024,5,11,10,132,39.2
CWPRS campus,18.446944,73.785,11-05-2024 10:30,2024-05-11 10:30:00,2024,5,11,10,132,38.8
CWPRS campus,18.446944,73.785,11-05-2024 10:35,2024-05-11 10:35:00,2024,5,11,10,132,38.4
CWPRS campus,18.446944,73.785,11-05-2024 10:40,2024-05-11 10:40:00,2024,5,11,10,132,38.1
CWPRS campus,18.446944,73.785,11-05-2024 10:45,2024-05-11 10:45:00,2024,5,11,10,132,37.7
CWPRS campus,18.446944,73.785,11-05-2024 10:50,2024-05-11 10:50:00,2024,5,11,10,132,37.2
CWPRS campus,18.446944,73.785,11-05-2024 10:55,2024-05-11 10:55:00,2024,5,11,10,132,37.4
CWPRS campus,18.446944,73.785,11-05-2024 11:00,2024-05-11 11:00:00,2024,5,11,11,132,36.4
CWPRS campus,18.446944,73.785,11-05-2024 11:05,2024-05-11 11:05:00,2024,5,11,11,132,35.6
CWPRS campus,18.446944,73.785,11-05-2024 11:10,2024-05-11 11:10:00,2024,5,11,11,132,35.2
CWPRS campus,18.446944,73.785,11-05-2024 11:15,2024-05-11 11:15:00,2024,5,11,11,132,34.2
CWPRS campus,18.446944,73.785,11-05-2024 11:20,2024-05-11 11:20:00,2024,5,11,11,132,33.8
CWPRS campus,18.446944,73.785,11-05-2024 11:25,2024-05-11 11:25:00,2024,5,11,11,132,34.2
CWPRS campus,18.446944,73.785,11-05-2024 11:30,2024-05-11 11:30:00,2024,5,11,11,132,33.9
CWPRS campus,18.446944,73.785,11-05-2024 11:35,2024-05-11 11:35:00,2024,5,11,11,132,33.6
CWPRS campus,18.446944,73.785,11-05-2024 11:40,2024-05-11 11:40:00,2024,5,11,11,132,32.8
CWPRS campus,18.446944,73.785,11-05-2024 11:45,2024-05-11 11:45:00,2024,5,11,11,132,32.2
CWPRS campus,18.446944,73.785,11-05-2024 11:50,2024-05-11 11:50:00,2024,5,11,11,132,31.8
CWPRS campus,18.446944,73.785,11-05-2024 11:55,2024-05-11 11:55:00,2024,5,11,11,132,31.4
CWPRS campus,18.446944,73.785,11-05-2024 12:00,2024-05-11 12:00:00,2024,5,11,12,132,31.7
CWPRS campus,18.446944,73.785,11-05-2024 12:05,2024-05-11 12:05:00,2024,5,11,12,132,31.6
CWPRS campus,18.446944,73.785,11-05-2024 12:10,2024-05-11 12:10:00,2024,5,11,12,132,30.9
CWPRS campus,18.446944,73.785,11-05-2024 12:15,2024-05-11 12:15:00,2024,5,11,12,132,30.8
CWPRS campus,18.446944,73.785,11-05-2024 12:20,2024-05-11 12:20:00,2024,5,11,12,132,30.7
CWPRS campus,18.446944,73.785,11-05-2024 12:25,2024-05-11 12:25:00,2024,5,11,12,132,30.9
CWPRS campus,18.446944,73.785,11-05-2024 12:30,2024-05-11 12:30:00,2024,5,11,12,132,31.3
CWPRS campus,18.446944,73.785,11-05-2024 12:35,2024-05-11 12:35:00,2024,5,11,12,132,30.6
CWPRS campus,18.446944,73.785,11-05-2024 12:40,2024-05-11 12:40:00,2024,5,11,12,132,30.0
CWPRS campus,18.446944,73.785,11-05-2024 12:45,2024-05-11 12:45:00,2024,5,11,12,132,29.3
CWPRS campus,18.446944,73.785,11-05-2024 12:50,2024-05-11 12:50:00,2024,5,11,12,132,29.0
CWPRS campus,18.446944,73.785,11-05-2024 12:55,2024-05-11 12:55:00,2024,5,11,12,132,29.0
CWPRS campus,18.446944,73.785,11-05-2024 13:00,2024-05-11 13:00:00,2024,5,11,13,132,29.2
CWPRS campus,18.446944,73.785,11-05-2024 13:05,2024-05-11 13:05:00,2024,5,11,13,132,29.0
CWPRS campus,18.446944,73.785,11-05-2024 13:10,2024-05-11 13:10:00,2024,5,11,13,132,28.7
CWPRS campus,18.446944,73.785,11-05-2024 13:15,2024-05-11 13:15:00,2024,5,11,13,132,28.6
CWPRS campus,18.446944,73.785,11-05-2024 13:20,2024-05-11 13:20:00,2024,5,11,13,132,28.1
CWPRS campus,18.446944,73.785,11-05-2024 13:25,2024-05-11 13:25:00,2024,5,11,13,132,28.8
CWPRS campus,18.446944,73.785,11-05-2024 13:30,2024-05-11 13:30:00,2024,5,11,13,132,28.0
CWPRS campus,18.446944,73.785,11-05-2024 13:35,2024-05-11 13:35:00,2024,5,11,13,132,28.0
CWPRS campus,18.446944,73.785,11-05-2024 13:40,2024-05-11 13:40:00,2024,5,11,13,132,28.7
CWPRS campus,18.446944,73.785,11-05-2024 13:45,2024-05-11 13:45:00,2024,5,11,13,132,28.5
CWPRS campus,18.446944,73.785,11-05-2024 13:50,2024-05-11 13:50:00,2024,5,11,13,132,28.3
CWPRS campus,18.446944,73.785,11-05-2024 13:55,2024-05-11 13:55:00,2024,5,11,13,132,28.1
CWPRS campus,18.446944,73.785,11-05-2024 14:00,2024-05-11 14:00:00,2024,5,11,14,132,27.9
CWPRS campus,18.446944,73.785,11-05-2024 14:05,2024-05-11 14:05:00,2024,5,11,14,132,28.4
CWPRS campus,18.446944,73.785,11-05-2024 14:10,2024-05-11 14:10:00,2024,5,11,14,132,27.4
CWPRS campus,18.446944,73.785,11-05-2024 14:15,2024-05-11 14:15:00,2024,5,11,14,132,27.9
CWPRS campus,18.446944,73.785,11-05-2024 14:20,2024-05-11 14:20:00,2024,5,11,14,132,27.3
CWPRS campus,18.446944,73.785,11-05-2024 14:25,2024-05-11 14:25:00,2024,5,11,14,132,27.2
CWPRS campus,18.446944,73.785,11-05-2024 14:30,2024-05-11 14:30:00,2024,5,11,14,132,27.0
CWPRS campus,18.446944,73.785,11-05-2024 14:35,2024-05-11 14:35:00,2024,5,11,14,132,27.3
CWPRS campus,18.446944,73.785,11-05-2024 14:40,2024-05-11 14:40:00,2024,5,11,14,132,26.6
CWPRS campus,18.446944,73.785,11-05-2024 14:45,2024-05-11 14:45:00,2024,5,11,14,132,26.9
CWPRS campus,18.446944,73.785,11-05-2024 14:50,2024-05-11 14:50:00,2024,5,11,14,132,27.7
CWPRS campus,18.446944,73.785,11-05-2024 14:55,2024-05-11 14:55:00,2024,5,11,14,132,27.2
CWPRS campus,18.446944,73.785,11-05-2024 15:00,2024-05-11 15:00:00,2024,5,11,15,132,27.3
CWPRS campus,18.446944,73.785,11-05-2024 15:05,2024-05-11 15:05:00,2024,5,11,15,132,27.1
CWPRS campus,18.446944,73.785,11-05-2024 15:10,2024-05-11 15:10:00,2024,5,11,15,132,27.4
CWPRS campus,18.446944,73.785,11-05-2024 15:15,2024-05-11 15:15:00,2024,5,11,15,132,27.5
CWPRS campus,18.446944,73.785,11-05-2024 15:20,2024-05-11 15:20:00,2024,5,11,15,132,27.3
CWPRS campus,18.446944,73.785,11-05-2024 15:25,2024-05-11 15:25:00,2024,5,11,15,132,27.7
CWPRS campus,18.446944,73.785,11-05-2024 15:30,2024-05-11 15:30:00,2024,5,11,15,132,28.5
CWPRS campus,18.446944,73.785,11-05-2024 15:35,2024-05-11 15:35:00,2024,5,11,15,132,28.5
CWPRS campus,18.446944,73.785,11-05-2024 15:40,2024-05-11 15:40:00,2024,5,11,15,132,28.9
CWPRS campus,18.446944,73.785,11-05-2024 15:45,2024-05-11 15:45:00,2024,5,11,15,132,28.5
CWPRS campus,18.446944,73.785,11-05-2024 15:50,2024-05-11 15:50:00,2024,5,11,15,132,28.3
CWPRS campus,18.446944,73.785,11-05-2024 15:55,2024-05-11 15:55:00,2024,5,11,15,132,28.6
CWPRS campus,18.446944,73.785,11-05-2024 16:00,2024-05-11 16:00:00,2024,5,11,16,132,29.4
CWPRS campus,18.446944,73.785,11-05-2024 16:05,2024-05-11 16:05:00,2024,5,11,16,132,29.7
CWPRS campus,18.446944,73.785,11-05-2024 16:10,2024-05-11 16:10:00,2024,5,11,16,132,29.7
CWPRS campus,18.446944,73.785,11-05-2024 16:15,2024-05-11 16:15:00,2024,5,11,16,132,29.9
CWPRS campus,18.446944,73.785,11-05-2024 16:20,2024-05-11 16:20:00,2024,5,11,16,132,29.6
CWPRS campus,18.446944,73.785,11-05-2024 16:25,2024-05-11 16:25:00,2024,5,11,16,132,30.1
CWPRS campus,18.446944,73.785,11-05-2024 16:30,2024-05-11 16:30:00,2024,5,11,16,132,30.6
CWPRS campus,18.446944,73.785,11-05-2024 16:35,2024-05-11 16:35:00,2024,5,11,16,132,30.7
CWPRS campus,18.446944,73.785,11-05-2024 16:40,2024-05-11 16:40:00,2024,5,11,16,132,30.7
CWPRS campus,18.446944,73.785,11-05-2024 16:45,2024-05-11 16:45:00,2024,5,11,16,132,31.1
CWPRS campus,18.446944,73.785,11-05-2024 16:50,2024-05-11 16:50:00,2024,5,11,16,132,31.2
CWPRS campus,18.446944,73.785,11-05-2024 16:55,2024-05-11 16:55:00,2024,5,11,16,132,31.4
CWPRS campus,18.446944,73.785,11-05-2024 17:00,2024-05-11 17:00:00,2024,5,11,17,132,32.5
CWPRS campus,18.446944,73.785,11-05-2024 17:05,2024-05-11 17:05:00,2024,5,11,17,132,32.7
CWPRS campus,18.446944,73.785,11-05-2024 17:10,2024-05-11 17:10:00,2024,5,11,17,132,32.8
CWPRS campus,18.446944,73.785,11-05-2024 17:15,2024-05-11 17:15:00,2024,5,11,17,132,32.8
CWPRS campus,18.446944,73.785,11-05-2024 17:20,2024-05-11 17:20:00,2024,5,11,17,132,33.4
CWPRS campus,18.446944,73.785,11-05-2024 17:25,2024-05-11 17:25:00,2024,5,11,17,132,33.6
CWPRS campus,18.446944,73.785,11-05-2024 17:30,2024-05-11 17:30:00,2024,5,11,17,132,33.7
CWPRS campus,18.446944,73.785,11-05-2024 17:35,2024-05-11 17:35:00,2024,5,11,17,132,34.6
CWPRS campus,18.446944,73.785,11-05-2024 17:40,2024-05-11 17:40:00,2024,5,11,17,132,35.4
CWPRS campus,18.446944,73.785,11-05-2024 17:45,2024-05-11 17:45:00,2024,5,11,17,132,35.5
CWPRS campus,18.446944,73.785,11-05-2024 17:50,2024-05-11 17:50:00,2024,5,11,17,132,35.1
CWPRS campus,18.446944,73.785,11-05-2024 17:55,2024-05-11 17:55:00,2024,5,11,17,132,35.8
CWPRS campus,18.446944,73.785,11-05-2024 18:00,2024-05-11 18:00:00,2024,5,11,18,132,35.9
CWPRS campus,18.446944,73.785,11-05-2024 18:05,2024-05-11 18:05:00,2024,5,11,18,132,36.6
CWPRS campus,18.446944,73.785,11-05-2024 18:10,2024-05-11 18:10:00,2024,5,11,18,132,36.1
CWPRS campus,18.446944,73.785,11-05-2024 18:15,2024-05-11 18:15:00,2024,5,11,18,132,36.9
CWPRS campus,18.446944,73.785,11-05-2024 18:20,2024-05-11 18:20:00,2024,5,11,18,132,36.8
CWPRS campus,18.446944,73.785,11-05-2024 18:25,2024-05-11 18:25:00,2024,5,11,18,132,37.5
CWPRS campus,18.446944,73.785,11-05-2024 18:30,2024-05-11 18:30:00,2024,5,11,18,132,38.0
CWPRS campus,18.446944,73.785,11-05-2024 18:35,2024-05-11 18:35:00,2024,5,11,18,132,38.0
CWPRS campus,18.446944,73.785,11-05-2024 18:40,2024-05-11 18:40:00,2024,5,11,18,132,38.3
CWPRS campus,18.446944,73.785,11-05-2024 18:45,2024-05-11 18:45:00,2024,5,11,18,132,39.0
CWPRS campus,18.446944,73.785,11-05-2024 18:50,2024-05-11 18:50:00,2024,5,11,18,132,39.5
CWPRS campus,18.446944,73.785,11-05-2024 18:55,2024-05-11 18:55:00,2024,5,11,18,132,40.2
CWPRS campus,18.446944,73.785,11-05-2024 19:00,2024-05-11 19:00:00,2024,5,11,19,132,41.4
CWPRS campus,18.446944,73.785,11-05-2024 19:05,2024-05-11 19:05:00,2024,5,11,19,132,41.2
CWPRS campus,18.446944,73.785,11-05-2024 19:10,2024-05-11 19:10:00,2024,5,11,19,132,42.3
CWPRS campus,18.446944,73.785,11-05-2024 19:15,2024-05-11 19:15:00,2024,5,11,19,132,42.7
CWPRS campus,18.446944,73.785,11-05-2024 19:20,2024-05-11 19:20:00,2024,5,11,19,132,42.8
CWPRS campus,18.446944,73.785,11-05-2024 19:25,2024-05-11 19:25:00,2024,5,11,19,132,42.7
CWPRS campus,18.446944,73.785,11-05-2024 19:30,2024-05-11 19:30:00,2024,5,11,19,132,43.1
CWPRS campus,18.446944,73.785,11-05-2024 19:35,2024-05-11 19:35:00,2024,5,11,19,132,43.9
CWPRS campus,18.446944,73.785,11-05-2024 19:40,2024-05-11 19:40:00,2024,5,11,19,132,44.3
CWPRS campus,18.446944,73.785,11-05-2024 19:45,2024-05-11 19:45:00,2024,5,11,19,132,45.4
CWPRS campus,18.446944,73.785,11-05-2024 19:50,2024-05-11 19:50:00,2024,5,11,19,132,45.3
CWPRS campus,18.446944,73.785,11-05-2024 19:55,2024-05-11 19:55:00,2024,5,11,19,132,45.7
CWPRS campus,18.446944,73.785,11-05-2024 20:00,2024-05-11 20:00:00,2024,5,11,20,132,45.7
CWPRS campus,18.446944,73.785,11-05-2024 20:05,2024-05-11 20:05:00,2024,5,11,20,132,46.3
CWPRS campus,18.446944,73.785,11-05-2024 20:10,2024-05-11 20:10:00,2024,5,11,20,132,47.2
CWPRS campus,18.446944,73.785,11-05-2024 20:15,2024-05-11 20:15:00,2024,5,11,20,132,47.5
CWPRS campus,18.446944,73.785,11-05-2024 20:20,2024-05-11 20:20:00,2024,5,11,20,132,46.9
CWPRS campus,18.446944,73.785,11-05-2024 20:25,2024-05-11 20:25:00,2024,5,11,20,132,47.5
CWPRS campus,18.446944,73.785,11-05-2024 20:30,2024-05-11 20:30:00,2024,5,11,20,132,48.2
CWPRS campus,18.446944,73.785,11-05-2024 20:35,2024-05-11 20:35:00,2024,5,11,20,132,48.9
CWPRS campus,18.446944,73.785,11-05-2024 20:40,2024-05-11 20:40:00,2024,5,11,20,132,49.9
CWPRS campus,18.446944,73.785,11-05-2024 20:45,2024-05-11 20:45:00,2024,5,11,20,132,50.0
CWPRS campus,18.446944,73.785,11-05-2024 20:50,2024-05-11 20:50:00,2024,5,11,20,132,50.7
CWPRS campus,18.446944,73.785,11-05-2024 20:55,2024-05-11 20:55:00,2024,5,11,20,132,51.7
CWPRS campus,18.446944,73.785,11-05-2024 21:00,2024-05-11 21:00:00,2024,5,11,21,132,51.5
CWPRS campus,18.446944,73.785,11-05-2024 21:05,2024-05-11 21:05:00,2024,5,11,21,132,52.1
CWPRS campus,18.446944,73.785,11-05-2024 21:10,2024-05-11 21:10:00,2024,5,11,21,132,52.4
CWPRS campus,18.446944,73.785,11-05-2024 21:15,2024-05-11 21:15:00,2024,5,11,21,132,52.8
CWPRS campus,18.446944,73.785,11-05-2024 21:20,2024-05-11 21:20:00,2024,5,11,21,132,53.5
CWPRS campus,18.446944,73.785,11-05-2024 21:25,2024-05-11 21:25:00,2024,5,11,21,132,53.8
CWPRS campus,18.446944,73.785,11-05-2024 21:30,2024-05-11 21:30:00,2024,5,11,21,132,54.0
CWPRS campus,18.446944,73.785,11-05-2024 21:35,2024-05-11 21:35:00,2024,5,11,21,132,54.5
CWPRS campus,18.446944,73.785,11-05-2024 21:40,2024-05-11 21:40:00,2024,5,11,21,132,54.5
CWPRS campus,18.446944,73.785,11-05-2024 21:45,2024-05-11 21:45:00,2024,5,11,21,132,54.6
CWPRS campus,18.446944,73.785,11-05-2024 21:50,2024-05-11 21:50:00,2024,5,11,21,132,55.4
CWPRS campus,18.446944,73.785,11-05-2024 21:55,2024-05-11 21:55:00,2024,5,11,21,132,55.5
CWPRS campus,18.446944,73.785,11-05-2024 22:00,2024-05-11 22:00:00,2024,5,11,22,132,56.3
CWPRS campus,18.446944,73.785,11-05-2024 22:05,2024-05-11 22:05:00,2024,5,11,22,132,56.9
CWPRS campus,18.446944,73.785,11-05-2024 22:10,2024-05-11 22:10:00,2024,5,11,22,132,56.7
CWPRS campus,18.446944,73.785,11-05-2024 22:15,2024-05-11 22:15:00,2024,5,11,22,132,57.0
CWPRS campus,18.446944,73.785,11-05-2024 22:20,2024-05-11 22:20:00,2024,5,11,22,132,58.0
CWPRS campus,18.446944,73.785,11-05-2024 22:25,2024-05-11 22:25:00,2024,5,11,22,132,58.1
CWPRS campus,18.446944,73.785,11-05-2024 22:30,2024-05-11 22:30:00,2024,5,11,22,132,58.4
CWPRS campus,18.446944,73.785,11-05-2024 22:35,2024-05-11 22:35:00,2024,5,11,22,132,59.1
CWPRS campus,18.446944,73.785,11-05-2024 22:40,2024-05-11 22:40:00,2024,5,11,22,132,59.9
CWPRS campus,18.446944,73.785,11-05-2024 22:45,2024-05-11 22:45:00,2024,5,11,22,132,60.2
CWPRS campus,18.446944,73.785,11-05-2024 22:50,2024-05-11 22:50:00,2024,5,11,22,132,60.4
CWPRS campus,18.446944,73.785,11-05-2024 22:55,2024-05-11 22:55:00,2024,5,11,22,132,61.4
CWPRS campus,18.446944,73.785,11-05-2024 23:00,2024-05-11 23:00:00,2024,5,11,23,132,62.6
CWPRS campus,18.446944,73.785,11-05-2024 23:05,2024-05-11 23:05:00,2024,5,11,23,132,63.3
CWPRS campus,18.446944,73.785,11-05-2024 23:10,2024-05-11 23:10:00,2024,5,11,23,132,63.7
CWPRS campus,18.446944,73.785,11-05-2024 23:15,2024-05-11 23:15:00,2024,5,11,23,132,63.7
CWPRS campus,18.446944,73.785,11-05-2024 23:20,2024-05-11 23:20:00,2024,5,11,23,132,63.7
CWPRS campus,18.446944,73.785,11-05-2024 23:25,2024-05-11 23:25:00,2024,5,11,23,132,64.3
CWPRS campus,18.446944,73.785,11-05-2024 23:30,2024-05-11 23:30:00,2024,5,11,23,132,64.8
CWPRS campus,18.446944,73.785,11-05-2024 23:35,2024-05-11 23:35:00,2024,5,11,23,132,65.7
CWPRS campus,18.446944,73.785,11-05-2024 23:40,2024-05-11 23:40:00,2024,5,11,23,132,66.3
CWPRS campus,18.446944,73.785,11-05-2024 23:45,2024-05-11 23:45:00,2024,5,11,23,132,65.9
CWPRS campus,18.446944,73.785,11-05-2024 23:50,2024-05-11 23:50:00,2024,5,11,23,132,66.7
CWPRS campus,18.446944,73.785,11-05-2024 23:55,2024-05-11 23:55:00,2024,5,11,23,132,66.5
CWPRS campus,18.446944,73.785,12-05-2024 00:00,2024-05-12 00:00:00,2024,5,12,0,133,66.7
CWPRS campus,18.446944,73.785,12-05-2024 00:05,2024-05-12 00:05:00,2024,5,12,0,133,67.0
CWPRS campus,18.446944,73.785,12-05-2024 00:10,2024-05-12 00:10:00,2024,5,12,0,133,68.1
CWPRS campus,18.446944,73.785,12-05-2024 00:15,2024-05-12 00:15:00,2024,5,12,0,133,69.6
CWPRS campus,18.446944,73.785,12-05-2024 00:20,2024-05-12 00:20:00,2024,5,12,0,133,70.0
CWPRS campus,18.446944,73.785,12-05-2024 00:25,2024-05-12 00:25:00,2024,5,12,0,133,70.1
CWPRS campus,18.446944,73.785,12-05-2024 00:30,2024-05-12 00:30:00,2024,5,12,0,133,70.4
CWPRS campus,18.446944,73.785,12-05-2024 00:35,2024-05-12 00:35:00,2024,5,12,0,133,70.9
CWPRS campus,18.446944,73.785,12-05-2024 00:40,2024-05-12 00:40:00,2024,5,12,0,133,70.9
CWPRS campus,18.446944,73.785,12-05-2024 00:45,2024-05-12 00:45:00,2024,5,12,0,133,71.7
CWPRS campus,18.446944,73.785,12-05-2024 00:50,2024-05-12 00:50:00,2024,5,12,0,133,71.9
CWPRS campus,18.446944,73.785,12-05-2024 00:55,2024-05-12 00:55:00,2024,5,12,0,133,72.1
CWPRS campus,18.446944,73.785,12-05-2024 01:00,2024-05-12 01:00:00,2024,5,12,1,133,72.4
CWPRS campus,18.446944,73.785,12-05-2024 01:05,2024-05-12 01:05:00,2024,5,12,1,133,72.6
CWPRS campus,18.446944,73.785,12-05-2024 01:10,2024-05-12 01:10:00,2024,5,12,1,133,73.0
CWPRS campus,18.446944,73.785,12-05-2024 01:15,2024-05-12 01:15:00,2024,5,12,1,133,72.8
CWPRS campus,18.446944,73.785,12-05-2024 01:20,2024-05-12 01:20:00,2024,5,12,1,133,72.6
CWPRS campus,18.446944,73.785,12-05-2024 01:25,2024-05-12 01:25:00,2024,5,12,1,133,72.1
CWPRS campus,18.446944,73.785,12-05-2024 01:30,2024-05-12 01:30:00,2024,5,12,1,133,72.4
CWPRS campus,18.446944,73.785,12-05-2024 01:35,2024-05-12 01:35:00,2024,5,12,1,133,72.7
CWPRS campus,18.446944,73.785,12-05-2024 01:40,2024-05-12 01:40:00,2024,5,12,1,133,72.9
CWPRS campus,18.446944,73.785,12-05-2024 01:45,2024-05-12 01:45:00,2024,5,12,1,133,73.6
CWPRS campus,18.446944,73.785,12-05-2024 01:50,2024-05-12 01:50:00,2024,5,12,1,133,73.5
CWPRS campus,18.446944,73.785,12-05-2024 01:55,2024-05-12 01:55:00,2024,5,12,1,133,73.7
CWPRS campus,18.446944,73.785,12-05-2024 02:00,2024-05-12 02:00:00,2024,5,12,2,133,73.2
CWPRS campus,18.446944,73.785,12-05-2024 02:05,2024-05-12 02:05:00,2024,5,12,2,133,73.0
CWPRS campus,18.446944,73.785,12-05-2024 02:10,2024-05-12 02:10:00,2024,5,12,2,133,73.3
CWPRS campus,18.446944,73.785,12-05-2024 02:15,2024-05-12 02:15:00,2024,5,12,2,133,73.5
CWPRS campus,18.446944,73.785,12-05-2024 02:20,2024-05-12 02:20:00,2024,5,12,2,133,73.3
CWPRS campus,18.446944,73.785,12-05-2024 02:25,2024-05-12 02:25:00,2024,5,12,2,133,73.2
CWPRS campus,18.446944,73.785,12-05-2024 02:30,2024-05-12 02:30:00,2024,5,12,2,133,72.5
CWPRS campus,18.446944,73.785,12-05-2024 02:35,2024-05-12 02:35:00,2024,5,12,2,133,72.3
CWPRS campus,18.446944,73.785,12-05-2024 02:40,2024-05-12 02:40:00,2024,5,12,2,133,72.6
CWPRS campus,18.446944,73.785,12-05-2024 02:45,2024-05-12 02:45:00,2024,5,12,2,133,72.8
CWPRS campus,18.446944,73.785,12-05-2024 02:50,2024-05-12 02:50:00,2024,5,12,2,133,72.9
CWPRS campus,18.446944,73.785,12-05-2024 02:55,2024-05-12 02:55:00,2024,5,12,2,133,72.8
CWPRS campus,18.446944,73.785,12-05-2024 03:00,2024-05-12 03:00:00,2024,5,12,3,133,72.6
CWPRS campus,18.446944,73.785,12-05-2024 03:05,2024-05-12 03:05:00,2024,5,12,3,133,72.2
CWPRS campus,18.446944,73.785,12-05-2024 03:10,2024-05-12 03:10:00,2024,5,12,3,133,72.4
CWPRS campus,18.446944,73.785,12-05-2024 03:15,2024-05-12 03:15:00,2024,5,12,3,133,72.4
CWPRS campus,18.446944,73.785,12-05-2024 03:20,2024-05-12 03:20:00,2024,5,12,3,133,72.4
CWPRS campus,18.446944,73.785,12-05-2024 03:25,2024-05-12 03:25:00,2024,5,12,3,133,72.0
CWPRS campus,18.446944,73.785,12-05-2024 03:30,2024-05-12 03:30:00,2024,5,12,3,133,71.0
CWPRS campus,18.446944,73.785,12-05-2024 03:35,2024-05-12 03:35:00,2024,5,12,3,133,71.3
CWPRS campus,18.446944,73.785,12-05-2024 03:40,2024-05-12 03:40:00,2024,5,12,3,133,70.9
CWPRS campus,18.446944,73.785,12-05-2024 03:45,2024-05-12 03:45:00,2024,5,12,3,133,70.4
CWPRS campus,18.446944,73.785,12-05-2024 03:50,2024-05-12 03:50:00,2024,5,12,3,133,70.5
CWPRS campus,18.446944,73.785,12-05-2024 03:55,2024-05-12 03:55:00,2024,5,12,3,133,70.2
CWPRS campus,18.446944,73.785,12-05-2024 04:00,2024-05-12 04:00:00,2024,5,12,4,133,70.4
CWPRS campus,18.446944,73.785,12-05-2024 04:05,2024-05-12 04:05:00,2024,5,12,4,133,70.5
CWPRS campus,18.446944,73.785,12-05-2024 04:10,2024-05-12 04:10:00,2024,5,12,4,133,70.5
CWPRS campus,18.446944,73.785,12-05-2024 04:15,2024-05-12 04:15:00,2024,5,12,4,133,69.7
CWPRS campus,18.446944,73.785,12-05-2024 04:20,2024-05-12 04:20:00,2024,5,12,4,133,70.0
CWPRS campus,18.446944,73.785,12-05-2024 04:25,2024-05-12 04:25:00,2024,5,12,4,133,69.8
CWPRS campus,18.446944,73.785,12-05-2024 04:30,2024-05-12 04:30:00,2024,5,12,4,133,69.4
CWPRS campus,18.446944,73.785,12-05-2024 04:35,2024-05-12 04:35:00,2024,5,12,4,133,69.1
CWPRS campus,18.446944,73.785,12-05-2024 04:40,2024-05-12 04:40:00,2024,5,12,4,133,68.1
CWPRS campus,18.446944,73.785,12-05-2024 04:45,2024-05-12 04:45:00,2024,5,12,4,133,68.1
CWPRS campus,18.446944,73.785,12-05-2024 04:50,2024-05-12 04:50:00,2024,5,12,4,133,67.4
CWPRS campus,18.446944,73.785,12-05-2024 04:55,2024-05-12 04:55:00,2024,5,12,4,133,66.6
CWPRS campus,18.446944,73.785,12-05-2024 05:00,2024-05-12 05:00:00,2024,5,12,5,133,65.7
CWPRS campus,18.446944,73.785,12-05-2024 05:05,2024-05-12 05:05:00,2024,5,12,5,133,65.9
CWPRS campus,18.446944,73.785,12-05-2024 05:10,2024-05-12 05:10:00,2024,5,12,5,133,65.4
CWPRS campus,18.446944,73.785,12-05-2024 05:15,2024-05-12 05:15:00,2024,5,12,5,133,65.8
CWPRS campus,18.446944,73.785,12-05-2024 05:20,2024-05-12 05:20:00,2024,5,12,5,133,65.3
CWPRS campus,18.446944,73.785,12-05-2024 05:25,2024-05-12 05:25:00,2024,5,12,5,133,64.3
CWPRS campus,18.446944,73.785,12-05-2024 05:30,2024-05-12 05:30:00,2024,5,12,5,133,63.6
CWPRS campus,18.446944,73.785,12-05-2024 05:35,2024-05-12 05:35:00,2024,5,12,5,133,63.8
CWPRS campus,18.446944,73.785,12-05-2024 05:40,2024-05-12 05:40:00,2024,5,12,5,133,63.5
CWPRS campus,18.446944,73.785,12-05-2024 05:45,2024-05-12 05:45:00,2024,5,12,5,133,63.0
CWPRS campus,18.446944,73.785,12-05-2024 05:50,2024-05-12 05:50:00,2024,5,12,5,133,62.7
CWPRS campus,18.446944,73.785,12-05-2024 05:55,2024-05-12 05:55:00,2024,5,12,5,133,62.6
CWPRS campus,18.446944,73.785,12-05-2024 06:00,2024-05-12 06:00:00,2024,5,12,6,133,62.7
CWPRS campus,18.446944,73.785,12-05-2024 06:05,2024-05-12 06:05:00,2024,5,12,6,133,63.0
CWPRS campus,18.446944,73.785,12-05-2024 06:10,2024-05-12 06:10:00,2024,5,12,6,133,62.4
CWPRS campus,18.446944,73.785,12-05-2024 06:15,2024-05-12 06:15:00,2024,5,12,6,133,61.5
CWPRS campus,18.446944,73.785,12-05-2024 06:20,2024-05-12 06:20:00,2024,5,12,6,133,61.0
CWPRS campus,18.446944,73.785,12-05-2024 06:25,2024-05-12 06:25:00,2024,5,12,6,133,60.7
CWPRS campus,18.446944,73.785,12-05-2024 06:30,2024-05-12 06:30:00,2024,5,12,6,133,59.9
CWPRS campus,18.446944,73.785,12-05-2024 06:35,2024-05-12 06:35:00,2024,5,12,6,133,59.2
CWPRS campus,18.446944,73.785,12-05-2024 06:40,2024-05-12 06:40:00,2024,5,12,6,133,59.0
CWPRS campus,18.446944,73.785,12-05-2024 06:45,2024-05-12 06:45:00,2024,5,12,6,133,58.6
CWPRS campus,18.446944,73.785,12-05-2024 06:50,2024-05-12 06:50:00,2024,5,12,6,133,58.2
CWPRS campus,18.446944,73.785,12-05-2024 06:55,2024-05-12 06:55:00,2024,5,12,6,133,57.5
CWPRS campus,18.446944,73.785,12-05-2024 07:00,2024-05-12 07:00:00,2024,5,12,7,133,57.1
CWPRS campus,18.446944,73.785,12-05-2024 07:05,2024-05-12 07:05:00,2024,5,12,7,133,56.3
CWPRS campus,18.446944,73.785,12-05-2024 07:10,2024-05-12 07:10:00,2024,5,12,7,133,56.3
CWPRS campus,18.446944,73.785,12-05-2024 07:15,2024-05-12 07:15:00,2024,5,12,7,133,56.3
CWPRS campus,18.446944,73.785,12-05-2024 07:20,2024-05-12 07:20:00,2024,5,12,7,133,55.2
CWPRS campus,18.446944,73.785,12-05-2024 07:25,2024-05-12 07:25:00,2024,5,12,7,133,54.4
CWPRS campus,18.446944,73.785,12-05-2024 07:30,2024-05-12 07:30:00,2024,5,12,7,133,53.5
CWPRS campus,18.446944,73.785,12-05-2024 07:35,2024-05-12 07:35:00,2024,5,12,7,133,52.9
CWPRS campus,18.446944,73.785,12-05-2024 07:40,2024-05-12 07:40:00,2024,5,12,7,133,52.5
CWPRS campus,18.446944,73.785,12-05-2024 07:45,2024-05-12 07:45:00,2024,5,12,7,133,51.6
CWPRS campus,18.446944,73.785,12-05-2024 07:50,2024-05-12 07:50:00,2024,5,12,7,133,50.9
CWPRS campus,18.446944,73.785,12-05-2024 07:55,2024-05-12 07:55:00,2024,5,12,7,133,50.2
CWPRS campus,18.446944,73.785,12-05-2024 08:00,2024-05-12 08:00:00,2024,5,12,8,133,49.9
CWPRS campus,18.446944,73.785,12-05-2024 08:05,2024-05-12 08:05:00,2024,5,12,8,133,49.6
CWPRS campus,18.446944,73.785,12-05-2024 08:10,2024-05-12 08:10:00,2024,5,12,8,133,49.0
CWPRS campus,18.446944,73.785,12-05-2024 08:15,2024-05-12 08:15:00,2024,5,12,8,133,48.8
CWPRS campus,18.446944,73.785,12-05-2024 08:20,2024-05-12 08:20:00,2024,5,12,8,133,48.2
CWPRS campus,18.446944,73.785,12-05-2024 08:25,2024-05-12 08:25:00,2024,5,12,8,133,47.8
CWPRS campus,18.446944,73.785,12-05-2024 08:30,2024-05-12 08:30:00,2024,5,12,8,133,48.1
CWPRS campus,18.446944,73.785,12-05-2024 08:35,2024-05-12 08:35:00,2024,5,12,8,133,48.3
CWPRS campus,18.446944,73.785,12-05-2024 08:40,2024-05-12 08:40:00,2024,5,12,8,133,47.4
CWPRS campus,18.446944,73.785,12-05-2024 08:45,2024-05-12 08:45:00,2024,5,12,8,133,47.3
CWPRS campus,18.446944,73.785,12-05-2024 08:50,2024-05-12 08:50:00,2024,5,12,8,133,47.3
CWPRS campus,18.446944,73.785,12-05-2024 08:55,2024-05-12 08:55:00,2024,5,12,8,133,46.4
CWPRS campus,18.446944,73.785,12-05-2024 09:00,2024-05-12 09:00:00,2024,5,12,9,133,46.3
CWPRS campus,18.446944,73.785,12-05-2024 09:05,2024-05-12 09:05:00,2024,5,12,9,133,46.5
CWPRS campus,18.446944,73.785,12-05-2024 09:10,2024-05-12 09:10:00,2024,5,12,9,133,45.6
CWPRS campus,18.446944,73.785,12-05-2024 09:15,2024-05-12 09:15:00,2024,5,12,9,133,44.8
CWPRS campus,18.446944,73.785,12-05-2024 09:20,2024-05-12 09:20:00,2024,5,12,9,133,44.8
CWPRS campus,18.446944,73.785,12-05-2024 09:25,2024-05-12 09:25:00,2024,5,12,9,133,44.5
CWPRS campus,18.446944,73.785,12-05-2024 09:30,2024-05-12 09:30:00,2024,5,12,9,133,44.3
CWPRS campus,18.446944,73.785,12-05-2024 09:35,2024-05-12 09:35:00,2024,5,12,9,133,44.0
CWPRS campus,18.446944,73.785,12-05-2024 09:40,2024-05-12 09:40:00,2024,5,12,9,133,43.7
CWPRS campus,18.446944,73.785,12-05-2024 09:45,2024-05-12 09:45:00,2024,5,12,9,133,42.8
CWPRS campus,18.446944,73.785,12-05-2024 09:50,2024-05-12 09:50:00,2024,5,12,9,133,42.8
CWPRS campus,18.446944,73.785,12-05-2024 09:55,2024-05-12 09:55:00,2024,5,12,9,133,42.8
CWPRS campus,18.446944,73.785,12-05-2024 10:00,2024-05-12 10:00:00,2024,5,12,10,133,42.2
CWPRS campus,18.446944,73.785,12-05-2024 10:05,2024-05-12 10:05:00,2024,5,12,10,133,41.8
CWPRS campus,18.446944,73.785,12-05-2024 10:10,2024-05-12 10:10:00,2024,5,12,10,133,40.7
CWPRS campus,18.446944,73.785,12-05-2024 10:15,2024-05-12 10:15:00,2024,5,12,10,133,40.5
CWPRS campus,18.446944,73.785,12-05-2024 10:20,2024-05-12 10:20:00,2024,5,12,10,133,40.4
CWPRS campus,18.446944,73.785,12-05-2024 10:25,2024-05-12 10:25:00,2024,5,12,10,133,39.9
CWPRS campus,18.446944,73.785,12-05-2024 10:30,2024-05-12 10:30:00,2024,5,12,10,133,40.0
CWPRS campus,18.446944,73.785,12-05-2024 10:35,2024-05-12 10:35:00,2024,5,12,10,133,39.4
CWPRS campus,18.446944,73.785,12-05-2024 10:40,2024-05-12 10:40:00,2024,5,12,10,133,39.2
CWPRS campus,18.446944,73.785,12-05-2024 10:45,2024-05-12 10:45:00,2024,5,12,10,133,38.4
CWPRS campus,18.446944,73.785,12-05-2024 10:50,2024-05-12 10:50:00,2024,5,12,10,133,38.0
CWPRS campus,18.446944,73.785,12-05-2024 10:55,2024-05-12 10:55:00,2024,5,12,10,133,37.5
CWPRS campus,18.446944,73.785,12-05-2024 11:00,2024-05-12 11:00:00,2024,5,12,11,133,37.3
CWPRS campus,18.446944,73.785,12-05-2024 11:05,2024-05-12 11:05:00,2024,5,12,11,133,36.7
CWPRS campus,18.446944,73.785,12-05-2024 11:10,2024-05-12 11:10:00,2024,5,12,11,133,36.3
CWPRS campus,18.446944,73.785,12-05-2024 11:15,2024-05-12 11:15:00,2024,5,12,11,133,36.3
CWPRS campus,18.446944,73.785,12-05-2024 11:20,2024-05-12 11:20:00,2024,5,12,11,133,35.8
CWPRS campus,18.446944,73.785,12-05-2024 11:25,2024-05-12 11:25:00,2024,5,12,11,133,34.8
CWPRS campus,18.446944,73.785,12-05-2024 11:30,2024-05-12 11:30:00,2024,5,12,11,133,35.2
CWPRS campus,18.446944,73.785,12-05-2024 11:35,2024-05-12 11:35:00,2024,5,12,11,133,35.4
CWPRS campus,18.446944,73.785,12-05-2024 11:40,2024-05-12 11:40:00,2024,5,12,11,133,34.6
CWPRS campus,18.446944,73.785,12-05-2024 11:45,2024-05-12 11:45:00,2024,5,12,11,133,34.5
CWPRS campus,18.446944,73.785,12-05-2024 11:50,2024-05-12 11:50:00,2024,5,12,11,133,34.0
CWPRS campus,18.446944,73.785,12-05-2024 11:55,2024-05-12 11:55:00,2024,5,12,11,133,33.8
CWPRS campus,18.446944,73.785,12-05-2024 12:00,2024-05-12 12:00:00,2024,5,12,12,133,33.7
CWPRS campus,18.446944,73.785,12-05-2024 12:05,2024-05-12 12:05:00,2024,5,12,12,133,33.3
CWPRS campus,18.446944,73.785,12-05-2024 12:10,2024-05-12 12:10:00,2024,5,12,12,133,32.7
CWPRS campus,18.446944,73.785,12-05-2024 12:15,2024-05-12 12:15:00,2024,5,12,12,133,32.1
CWPRS campus,18.446944,73.785,12-05-2024 12:20,2024-05-12 12:20:00,2024,5,12,12,133,31.5
CWPRS campus,18.446944,73.785,12-05-2024 12:25,2024-05-12 12:25:00,2024,5,12,12,133,31.0
CWPRS campus,18.446944,73.785,12-05-2024 12:30,2024-05-12 12:30:00,2024,5,12,12,133,30.8
CWPRS campus,18.446944,73.785,12-05-2024 12:35,2024-05-12 12:35:00,2024,5,12,12,133,30.4
CWPRS campus,18.446944,73.785,12-05-2024 12:40,2024-05-12 12:40:00,2024,5,12,12,133,30.5
CWPRS campus,18.446944,73.785,12-05-2024 12:45,2024-05-12 12:45:00,2024,5,12,12,133,30.9
CWPRS campus,18.446944,73.785,12-05-2024 12:50,2024-05-12 12:50:00,2024,5,12,12,133,30.5
CWPRS campus,18.446944,73.785,12-05-2024 12:55,2024-05-12 12:55:00,2024,5,12,12,133,30.4
CWPRS campus,18.446944,73.785,12-05-2024 13:00,2024-05-12 13:00:00,2024,5,12,13,133,30.5
CWPRS campus,18.446944,73.785,12-05-2024 13:05,2024-05-12 13:05:00,2024,5,12,13,133,30.5
CWPRS campus,18.446944,73.785,12-05-2024 13:10,2024-05-12 13:10:00,2024,5,12,13,133,30.4
CWPRS campus,18.446944,73.785,12-05-2024 13:15,2024-05-12 13:15:00,2024,5,12,13,133,30.5
CWPRS campus,18.446944,73.785,12-05-2024 13:20,2024-05-12 13:20:00,2024,5,12,13,133,30.6
CWPRS campus,18.446944,73.785,12-05-2024 13:25,2024-05-12 13:25:00,2024,5,12,13,133,29.9
CWPRS campus,18.446944,73.785,12-05-2024 13:30,2024-05-12 13:30:00,2024,5,12,13,133,30.2
CWPRS campus,18.446944,73.785,12-05-2024 13:35,2024-05-12 13:35:00,2024,5,12,13,133,30.4
CWPRS campus,18.446944,73.785,12-05-2024 13:40,2024-05-12 13:40:00,2024,5,12,13,133,30.0
CWPRS campus,18.446944,73.785,12-05-2024 13:45,2024-05-12 13:45:00,2024,5,12,13,133,29.9
CWPRS campus,18.446944,73.785,12-05-2024 13:50,2024-05-12 13:50:00,2024,5,12,13,133,30.1
CWPRS campus,18.446944,73.785,12-05-2024 13:55,2024-05-12 13:55:00,2024,5,12,13,133,29.9
CWPRS campus,18.446944,73.785,12-05-2024 14:00,2024-05-12 14:00:00,2024,5,12,14,133,30.2
CWPRS campus,18.446944,73.785,12-05-2024 14:05,2024-05-12 14:05:00,2024,5,12,14,133,31.1
CWPRS campus,18.446944,73.785,12-05-2024 14:10,2024-05-12 14:10:00,2024,5,12,14,133,30.7
CWPRS campus,18.446944,73.785,12-05-2024 14:15,2024-05-12 14:15:00,2024,5,12,14,133,30.0
CWPRS campus,18.446944,73.785,12-05-2024 14:20,2024-05-12 14:20:00,2024,5,12,14,133,30.1
CWPRS campus,18.446944,73.785,12-05-2024 14:25,2024-05-12 14:25:00,2024,5,12,14,133,30.3
CWPRS campus,18.446944,73.785,12-05-2024 14:30,2024-05-12 14:30:00,2024,5,12,14,133,30.2
CWPRS campus,18.446944,73.785,12-05-2024 14:35,2024-05-12 14:35:00,2024,5,12,14,133,30.8
CWPRS campus,18.446944,73.785,12-05-2024 14:40,2024-05-12 14:40:00,2024,5,12,14,133,30.2
CWPRS campus,18.446944,73.785,12-05-2024 14:45,2024-05-12 14:45:00,2024,5,12,14,133,30.5
CWPRS campus,18.446944,73.785,12-05-2024 14:50,2024-05-12 14:50:00,2024,5,12,14,133,30.2
CWPRS campus,18.446944,73.785,12-05-2024 14:55,2024-05-12 14:55:00,2024,5,12,14,133,30.9
CWPRS campus,18.446944,73.785,12-05-2024 15:00,2024-05-12 15:00:00,2024,5,12,15,133,31.7
CWPRS campus,18.446944,73.785,12-05-2024 15:05,2024-05-12 15:05:00,2024,5,12,15,133,31.4
CWPRS campus,18.446944,73.785,12-05-2024 15:10,2024-05-12 15:10:00,2024,5,12,15,133,31.2
CWPRS campus,18.446944,73.785,12-05-2024 15:15,2024-05-12 15:15:00,2024,5,12,15,133,31.6
CWPRS campus,18.446944,73.785,12-05-2024 15:20,2024-05-12 15:20:00,2024,5,12,15,133,31.4
CWPRS campus,18.446944,73.785,12-05-2024 15:25,2024-05-12 15:25:00,2024,5,12,15,133,31.5
CWPRS campus,18.446944,73.785,12-05-2024 15:30,2024-05-12 15:30:00,2024,5,12,15,133,31.5
CWPRS campus,18.446944,73.785,12-05-2024 15:35,2024-05-12 15:35:00,2024,5,12,15,133,30.9
CWPRS campus,18.446944,73.785,12-05-2024 15:40,2024-05-12 15:40:00,2024,5,12,15,133,31.0
CWPRS campus,18.446944,73.785,12-05-2024 15:45,2024-05-12 15:45:00,2024,5,12,15,133,30.8
CWPRS campus,18.446944,73.785,12-05-2024 15:50,2024-05-12 15:50:00,2024,5,12,15,133,30.8
CWPRS campus,18.446944,73.785,12-05-2024 15:55,2024-05-12 15:55:00,2024,5,12,15,133,31.6
CWPRS campus,18.446944,73.785,12-05-2024 16:00,2024-05-12 16:00:00,2024,5,12,16,133,31.3
CWPRS campus,18.446944,73.785,12-05-2024 16:05,2024-05-12 16:05:00,2024,5,12,16,133,31.8
CWPRS campus,18.446944,73.785,12-05-2024 16:10,2024-05-12 16:10:00,2024,5,12,16,133,31.9
CWPRS campus,18.446944,73.785,12-05-2024 16:15,2024-05-12 16:15:00,2024,5,12,16,133,32.0
CWPRS campus,18.446944,73.785,12-05-2024 16:20,2024-05-12 16:20:00,2024,5,12,16,133,32.5
CWPRS campus,18.446944,73.785,12-05-2024 16:25,2024-05-12 16:25:00,2024,5,12,16,133,32.9
CWPRS campus,18.446944,73.785,12-05-2024 16:30,2024-05-12 16:30:00,2024,5,12,16,133,33.3
CWPRS campus,18.446944,73.785,12-05-2024 16:35,2024-05-12 16:35:00,2024,5,12,16,133,34.0
CWPRS campus,18.446944,73.785,12-05-2024 16:40,2024-05-12 16:40:00,2024,5,12,16,133,34.0
CWPRS campus,18.446944,73.785,12-05-2024 16:45,2024-05-12 16:45:00,2024,5,12,16,133,34.0
CWPRS campus,18.446944,73.785,12-05-2024 16:50,2024-05-12 16:50:00,2024,5,12,16,133,33.9
CWPRS campus,18.446944,73.785,12-05-2024 16:55,2024-05-12 16:55:00,2024,5,12,16,133,33.8
CWPRS campus,18.446944,73.785,12-05-2024 17:00,2024-05-12 17:00:00,2024,5,12,17,133,35.3
CWPRS campus,18.446944,73.785,12-05-2024 17:05,2024-05-12 17:05:00,2024,5,12,17,133,36.1
CWPRS campus,18.446944,73.785,12-05-2024 17:10,2024-05-12 17:10:00,2024,5,12,17,133,35.8
CWPRS campus,18.446944,73.785,12-05-2024 17:15,2024-05-12 17:15:00,2024,5,12,17,133,35.5
CWPRS campus,18.446944,73.785,12-05-2024 17:20,2024-05-12 17:20:00,2024,5,12,17,133,36.1
CWPRS campus,18.446944,73.785,12-05-2024 17:25,2024-05-12 17:25:00,2024,5,12,17,133,36.6
CWPRS campus,18.446944,73.785,12-05-2024 17:30,2024-05-12 17:30:00,2024,5,12,17,133,37.2
CWPRS campus,18.446944,73.785,12-05-2024 17:35,2024-05-12 17:35:00,2024,5,12,17,133,37.4
CWPRS campus,18.446944,73.785,12-05-2024 17:40,2024-05-12 17:40:00,2024,5,12,17,133,37.7
CWPRS campus,18.446944,73.785,12-05-2024 17:45,2024-05-12 17:45:00,2024,5,12,17,133,38.1
CWPRS campus,18.446944,73.785,12-05-2024 17:50,2024-05-12 17:50:00,2024,5,12,17,133,38.5
CWPRS campus,18.446944,73.785,12-05-2024 17:55,2024-05-12 17:55:00,2024,5,12,17,133,38.0
CWPRS campus,18.446944,73.785,12-05-2024 18:00,2024-05-12 18:00:00,2024,5,12,18,133,38.3
CWPRS campus,18.446944,73.785,12-05-2024 18:05,2024-05-12 18:05:00,2024,5,12,18,133,38.4
CWPRS campus,18.446944,73.785,12-05-2024 18:10,2024-05-12 18:10:00,2024,5,12,18,133,38.9
CWPRS campus,18.446944,73.785,12-05-2024 18:15,2024-05-12 18:15:00,2024,5,12,18,133,40.5
CWPRS campus,18.446944,73.785,12-05-2024 18:20,2024-05-12 18:20:00,2024,5,12,18,133,41.1
CWPRS campus,18.446944,73.785,12-05-2024 18:25,2024-05-12 18:25:00,2024,5,12,18,133,41.3
CWPRS campus,18.446944,73.785,12-05-2024 18:30,2024-05-12 18:30:00,2024,5,12,18,133,42.1
CWPRS campus,18.446944,73.785,12-05-2024 18:35,2024-05-12 18:35:00,2024,5,12,18,133,42.7
CWPRS campus,18.446944,73.785,12-05-2024 18:40,2024-05-12 18:40:00,2024,5,12,18,133,43.2
CWPRS campus,18.446944,73.785,12-05-2024 18:45,2024-05-12 18:45:00,2024,5,12,18,133,43.8
CWPRS campus,18.446944,73.785,12-05-2024 18:50,2024-05-12 18:50:00,2024,5,12,18,133,45.1
CWPRS campus,18.446944,73.785,12-05-2024 18:55,2024-05-12 18:55:00,2024,5,12,18,133,44.9
CWPRS campus,18.446944,73.785,12-05-2024 19:00,2024-05-12 19:00:00,2024,5,12,19,133,45.5
CWPRS campus,18.446944,73.785,12-05-2024 19:05,2024-05-12 19:05:00,2024,5,12,19,133,45.5
CWPRS campus,18.446944,73.785,12-05-2024 19:10,2024-05-12 19:10:00,2024,5,12,19,133,46.2
CWPRS campus,18.446944,73.785,12-05-2024 19:15,2024-05-12 19:15:00,2024,5,12,19,133,46.2
CWPRS campus,18.446944,73.785,12-05-2024 19:20,2024-05-12 19:20:00,2024,5,12,19,133,46.4
CWPRS campus,18.446944,73.785,12-05-2024 19:25,2024-05-12 19:25:00,2024,5,12,19,133,46.8
CWPRS campus,18.446944,73.785,12-05-2024 19:30,2024-05-12 19:30:00,2024,5,12,19,133,47.6
CWPRS campus,18.446944,73.785,12-05-2024 19:35,2024-05-12 19:35:00,2024,5,12,19,133,48.4
CWPRS campus,18.446944,73.785,12-05-2024 19:40,2024-05-12 19:40:00,2024,5,12,19,133,48.3
CWPRS campus,18.446944,73.785,12-05-2024 19:45,2024-05-12 19:45:00,2024,5,12,19,133,48.8
CWPRS campus,18.446944,73.785,12-05-2024 19:50,2024-05-12 19:50:00,2024,5,12,19,133,49.0
CWPRS campus,18.446944,73.785,12-05-2024 19:55,2024-05-12 19:55:00,2024,5,12,19,133,48.9
CWPRS campus,18.446944,73.785,12-05-2024 20:00,2024-05-12 20:00:00,2024,5,12,20,133,49.4
CWPRS campus,18.446944,73.785,12-05-2024 20:05,2024-05-12 20:05:00,2024,5,12,20,133,49.7
CWPRS campus,18.446944,73.785,12-05-2024 20:10,2024-05-12 20:10:00,2024,5,12,20,133,51.2
CWPRS campus,18.446944,73.785,12-05-2024 20:15,2024-05-12 20:15:00,2024,5,12,20,133,51.9
CWPRS campus,18.446944,73.785,12-05-2024 20:20,2024-05-12 20:20:00,2024,5,12,20,133,51.8
CWPRS campus,18.446944,73.785,12-05-2024 20:25,2024-05-12 20:25:00,2024,5,12,20,133,52.0
CWPRS campus,18.446944,73.785,12-05-2024 20:30,2024-05-12 20:30:00,2024,5,12,20,133,52.9
CWPRS campus,18.446944,73.785,12-05-2024 20:35,2024-05-12 20:35:00,2024,5,12,20,133,54.3
CWPRS campus,18.446944,73.785,12-05-2024 20:40,2024-05-12 20:40:00,2024,5,12,20,133,54.1
CWPRS campus,18.446944,73.785,12-05-2024 20:45,2024-05-12 20:45:00,2024,5,12,20,133,53.8
CWPRS campus,18.446944,73.785,12-05-2024 20:50,2024-05-12 20:50:00,2024,5,12,20,133,55.0
CWPRS campus,18.446944,73.785,12-05-2024 20:55,2024-05-12 20:55:00,2024,5,12,20,133,55.7
CWPRS campus,18.446944,73.785,12-05-2024 21:00,2024-05-12 21:00:00,2024,5,12,21,133,55.8
CWPRS campus,18.446944,73.785,12-05-2024 21:05,2024-05-12 21:05:00,2024,5,12,21,133,56.5
CWPRS campus,18.446944,73.785,12-05-2024 21:10,2024-05-12 21:10:00,2024,5,12,21,133,55.9
CWPRS campus,18.446944,73.785,12-05-2024 21:15,2024-05-12 21:15:00,2024,5,12,21,133,56.4
CWPRS campus,18.446944,73.785,12-05-2024 21:20,2024-05-12 21:20:00,2024,5,12,21,133,57.1
CWPRS campus,18.446944,73.785,12-05-2024 21:25,2024-05-12 21:25:00,2024,5,12,21,133,57.9
CWPRS campus,18.446944,73.785,12-05-2024 21:30,2024-05-12 21:30:00,2024,5,12,21,133,58.0
CWPRS campus,18.446944,73.785,12-05-2024 21:35,2024-05-12 21:35:00,2024,5,12,21,133,58.6
CWPRS campus,18.446944,73.785,12-05-2024 21:40,2024-05-12 21:40:00,2024,5,12,21,133,58.7
CWPRS campus,18.446944,73.785,12-05-2024 21:45,2024-05-12 21:45:00,2024,5,12,21,133,59.3
CWPRS campus,18.446944,73.785,12-05-2024 21:50,2024-05-12 21:50:00,2024,5,12,21,133,59.4
CWPRS campus,18.446944,73.785,12-05-2024 21:55,2024-05-12 21:55:00,2024,5,12,21,133,59.8
CWPRS campus,18.446944,73.785,12-05-2024 22:00,2024-05-12 22:00:00,2024,5,12,22,133,59.9
CWPRS campus,18.446944,73.785,12-05-2024 22:05,2024-05-12 22:05:00,2024,5,12,22,133,60.7
CWPRS campus,18.446944,73.785,12-05-2024 22:10,2024-05-12 22:10:00,2024,5,12,22,133,61.5
CWPRS campus,18.446944,73.785,12-05-2024 22:15,2024-05-12 22:15:00,2024,5,12,22,133,61.9
CWPRS campus,18.446944,73.785,12-05-2024 22:20,2024-05-12 22:20:00,2024,5,12,22,133,62.4
CWPRS campus,18.446944,73.785,12-05-2024 22:25,2024-05-12 22:25:00,2024,5,12,22,133,62.3
CWPRS campus,18.446944,73.785,12-05-2024 22:30,2024-05-12 22:30:00,2024,5,12,22,133,62.7
CWPRS campus,18.446944,73.785,12-05-2024 22:35,2024-05-12 22:35:00,2024,5,12,22,133,63.2
CWPRS campus,18.446944,73.785,12-05-2024 22:40,2024-05-12 22:40:00,2024,5,12,22,133,64.7
CWPRS campus,18.446944,73.785,12-05-2024 22:45,2024-05-12 22:45:00,2024,5,12,22,133,64.7
CWPRS campus,18.446944,73.785,12-05-2024 22:50,2024-05-12 22:50:00,2024,5,12,22,133,65.7
CWPRS campus,18.446944,73.785,12-05-2024 22:55,2024-05-12 22:55:00,2024,5,12,22,133,66.5
CWPRS campus,18.446944,73.785,12-05-2024 23:00,2024-05-12 23:00:00,2024,5,12,23,133,67.0
CWPRS campus,18.446944,73.785,12-05-2024 23:05,2024-05-12 23:05:00,2024,5,12,23,133,68.1
CWPRS campus,18.446944,73.785,12-05-2024 23:10,2024-05-12 23:10:00,2024,5,12,23,133,68.6
CWPRS campus,18.446944,73.785,12-05-2024 23:15,2024-05-12 23:15:00,2024,5,12,23,133,69.0
CWPRS campus,18.446944,73.785,12-05-2024 23:20,2024-05-12 23:20:00,2024,5,12,23,133,69.3
CWPRS campus,18.446944,73.785,12-05-2024 23:25,2024-05-12 23:25:00,2024,5,12,23,133,70.1
CWPRS campus,18.446944,73.785,12-05-2024 23:30,2024-05-12 23:30:00,2024,5,12,23,133,70.8
CWPRS campus,18.446944,73.785,12-05-2024 23:35,2024-05-12 23:35:00,2024,5,12,23,133,70.8
CWPRS campus,18.446944,73.785,12-05-2024 23:40,2024-05-12 23:40:00,2024,5,12,23,133,70.6
CWPRS campus,18.446944,73.785,12-05-2024 23:45,2024-05-12 23:45:00,2024,5,12,23,133,70.8
CWPRS campus,18.446944,73.785,12-05-2024 23:50,2024-05-12 23:50:00,2024,5,12,23,133,70.7
CWPRS campus,18.446944,73.785,12-05-2024 23:55,2024-05-12 23:55:00,2024,5,12,23,133,71.0
CWPRS campus,18.446944,73.785,13-05-2024 00:00,2024-05-13 00:00:00,2024,5,13,0,134,71.8
CWPRS campus,18.446944,73.785,13-05-2024 00:05,2024-05-13 00:05:00,2024,5,13,0,134,71.8
CWPRS campus,18.446944,73.785,13-05-2024 00:10,2024-05-13 00:10:00,2024,5,13,0,134,72.1
CWPRS campus,18.446944,73.785,13-05-2024 00:15,2024-05-13 00:15:00,2024,5,13,0,134,72.4
CWPRS campus,18.446944,73.785,13-05-2024 00:20,2024-05-13 00:20:00,2024,5,13,0,134,72.9
CWPRS campus,18.446944,73.785,13-05-2024 00:25,2024-05-13 00:25:00,2024,5,13,0,134,72.3
CWPRS campus,18.446944,73.785,13-05-2024 00:30,2024-05-13 00:30:00,2024,5,13,0,134,72.3
CWPRS campus,18.446944,73.785,13-05-2024 00:35,2024-05-13 00:35:00,2024,5,13,0,134,72.6
CWPRS campus,18.446944,73.785,13-05-2024 00:40,2024-05-13 00:40:00,2024,5,13,0,134,73.3
CWPRS campus,18.446944,73.785,13-05-2024 00:45,2024-05-13 00:45:00,2024,5,13,0,134,73.4
CWPRS campus,18.446944,73.785,13-05-2024 00:50,2024-05-13 00:50:00,2024,5,13,0,134,72.8
CWPRS campus,18.446944,73.785,13-05-2024 00:55,2024-05-13 00:55:00,2024,5,13,0,134,73.3
CWPRS campus,18.446944,73.785,13-05-2024 01:00,2024-05-13 01:00:00,2024,5,13,1,134,73.3
CWPRS campus,18.446944,73.785,13-05-2024 01:05,2024-05-13 01:05:00,2024,5,13,1,134,73.0
CWPRS campus,18.446944,73.785,13-05-2024 01:10,2024-05-13 01:10:00,2024,5,13,1,134,73.0
CWPRS campus,18.446944,73.785,13-05-2024 01:15,2024-05-13 01:15:00,2024,5,13,1,134,73.2
CWPRS campus,18.446944,73.785,13-05-2024 01:20,2024-05-13 01:20:00,2024,5,13,1,134,73.2
CWPRS campus,18.446944,73.785,13-05-2024 01:25,2024-05-13 01:25:00,2024,5,13,1,134,72.5
CWPRS campus,18.446944,73.785,13-05-2024 01:30,2024-05-13 01:30:00,2024,5,13,1,134,73.1
CWPRS campus,18.446944,73.785,13-05-2024 01:35,2024-05-13 01:35:00,2024,5,13,1,134,73.8
CWPRS campus,18.446944,73.785,13-05-2024 01:40,2024-05-13 01:40:00,2024,5,13,1,134,74.3
CWPRS campus,18.446944,73.785,13-05-2024 01:45,2024-05-13 01:45:00,2024,5,13,1,134,74.0
CWPRS campus,18.446944,73.785,13-05-2024 01:50,2024-05-13 01:50:00,2024,5,13,1,134,74.1
CWPRS campus,18.446944,73.785,13-05-2024 01:55,2024-05-13 01:55:00,2024,5,13,1,134,74.2
CWPRS campus,18.446944,73.785,13-05-2024 02:00,2024-05-13 02:00:00,2024,5,13,2,134,74.6
CWPRS campus,18.446944,73.785,13-05-2024 02:05,2024-05-13 02:05:00,2024,5,13,2,134,75.0
CWPRS campus,18.446944,73.785,13-05-2024 02:10,2024-05-13 02:10:00,2024,5,13,2,134,74.8
CWPRS campus,18.446944,73.785,13-05-2024 02:15,2024-05-13 02:15:00,2024,5,13,2,134,74.9
CWPRS campus,18.446944,73.785,13-05-2024 02:20,2024-05-13 02:20:00,2024,5,13,2,134,75.2
CWPRS campus,18.446944,73.785,13-05-2024 02:25,2024-05-13 02:25:00,2024,5,13,2,134,75.8
CWPRS campus,18.446944,73.785,13-05-2024 02:30,2024-05-13 02:30:00,2024,5,13,2,134,76.1
CWPRS campus,18.446944,73.785,13-05-2024 02:35,2024-05-13 02:35:00,2024,5,13,2,134,76.4
CWPRS campus,18.446944,73.785,13-05-2024 02:40,2024-05-13 02:40:00,2024,5,13,2,134,76.4
CWPRS campus,18.446944,73.785,13-05-2024 02:45,2024-05-13 02:45:00,2024,5,13,2,134,77.0
CWPRS campus,18.446944,73.785,13-05-2024 02:50,2024-05-13 02:50:00,2024,5,13,2,134,77.0
CWPRS campus,18.446944,73.785,13-05-2024 02:55,2024-05-13 02:55:00,2024,5,13,2,134,76.6
CWPRS campus,18.446944,73.785,13-05-2024 03:00,2024-05-13 03:00:00,2024,5,13,3,134,77.1
CWPRS campus,18.446944,73.785,13-05-2024 03:05,2024-05-13 03:05:00,2024,5,13,3,134,77.2
CWPRS campus,18.446944,73.785,13-05-2024 03:10,2024-05-13 03:10:00,2024,5,13,3,134,76.9
CWPRS campus,18.446944,73.785,13-05-2024 03:15,2024-05-13 03:15:00,2024,5,13,3,134,76.6
CWPRS campus,18.446944,73.785,13-05-2024 03:20,2024-05-13 03:20:00,2024,5,13,3,134,76.6
CWPRS campus,18.446944,73.785,13-05-2024 03:25,2024-05-13 03:25:00,2024,5,13,3,134,76.6
CWPRS campus,18.446944,73.785,13-05-2024 03:30,2024-05-13 03:30:00,2024,5,13,3,134,76.5
CWPRS campus,18.446944,73.785,13-05-2024 03:35,2024-05-13 03:35:00,2024,5,13,3,134,76.4
CWPRS campus,18.446944,73.785,13-05-2024 03:40,2024-05-13 03:40:00,2024,5,13,3,134,76.9
CWPRS campus,18.446944,73.785,13-05-2024 03:45,2024-05-13 03:45:00,2024,5,13,3,134,77.1
CWPRS campus,18.446944,73.785,13-05-2024 03:50,2024-05-13 03:50:00,2024,5,13,3,134,76.9
CWPRS campus,18.446944,73.785,13-05-2024 03:55,2024-05-13 03:55:00,2024,5,13,3,134,77.0
CWPRS campus,18.446944,73.785,13-05-2024 04:00,2024-05-13 04:00:00,2024,5,13,4,134,76.3
CWPRS campus,18.446944,73.785,13-05-2024 04:05,2024-05-13 04:05:00,2024,5,13,4,134,76.2
CWPRS campus,18.446944,73.785,13-05-2024 04:10,2024-05-13 04:10:00,2024,5,13,4,134,76.7
CWPRS campus,18.446944,73.785,13-05-2024 04:15,2024-05-13 04:15:00,2024,5,13,4,134,76.3
CWPRS campus,18.446944,73.785,13-05-2024 04:20,2024-05-13 04:20:00,2024,5,13,4,134,75.6
CWPRS campus,18.446944,73.785,13-05-2024 04:25,2024-05-13 04:25:00,2024,5,13,4,134,75.0
CWPRS campus,18.446944,73.785,13-05-2024 04:30,2024-05-13 04:30:00,2024,5,13,4,134,74.3
CWPRS campus,18.446944,73.785,13-05-2024 04:35,2024-05-13 04:35:00,2024,5,13,4,134,73.7
CWPRS campus,18.446944,73.785,13-05-2024 04:40,2024-05-13 04:40:00,2024,5,13,4,134,73.3
CWPRS campus,18.446944,73.785,13-05-2024 04:45,2024-05-13 04:45:00,2024,5,13,4,134,72.4
CWPRS campus,18.446944,73.785,13-05-2024 04:50,2024-05-13 04:50:00,2024,5,13,4,134,72.2
CWPRS campus,18.446944,73.785,13-05-2024 04:55,2024-05-13 04:55:00,2024,5,13,4,134,72.3
CWPRS campus,18.446944,73.785,13-05-2024 05:00,2024-05-13 05:00:00,2024,5,13,5,134,71.6
CWPRS campus,18.446944,73.785,13-05-2024 05:05,2024-05-13 05:05:00,2024,5,13,5,134,71.9
CWPRS campus,18.446944,73.785,13-05-2024 05:10,2024-05-13 05:10:00,2024,5,13,5,134,71.8
CWPRS campus,18.446944,73.785,13-05-2024 05:15,2024-05-13 05:15:00,2024,5,13,5,134,71.9
CWPRS campus,18.446944,73.785,13-05-2024 05:20,2024-05-13 05:20:00,2024,5,13,5,134,71.3
CWPRS campus,18.446944,73.785,13-05-2024 05:25,2024-05-13 05:25:00,2024,5,13,5,134,71.2
CWPRS campus,18.446944,73.785,13-05-2024 05:30,2024-05-13 05:30:00,2024,5,13,5,134,70.4
CWPRS campus,18.446944,73.785,13-05-2024 05:35,2024-05-13 05:35:00,2024,5,13,5,134,70.4
CWPRS campus,18.446944,73.785,13-05-2024 05:40,2024-05-13 05:40:00,2024,5,13,5,134,70.1
CWPRS campus,18.446944,73.785,13-05-2024 05:45,2024-05-13 05:45:00,2024,5,13,5,134,69.9
CWPRS campus,18.446944,73.785,13-05-2024 05:50,2024-05-13 05:50:00,2024,5,13,5,134,69.1
CWPRS campus,18.446944,73.785,13-05-2024 05:55,2024-05-13 05:55:00,2024,5,13,5,134,68.3
CWPRS campus,18.446944,73.785,13-05-2024 06:00,2024-05-13 06:00:00,2024,5,13,6,134,68.2
CWPRS campus,18.446944,73.785,13-05-2024 06:05,2024-05-13 06:05:00,2024,5,13,6,134,67.4
CWPRS campus,18.446944,73.785,13-05-2024 06:10,2024-05-13 06:10:00,2024,5,13,6,134,67.2
CWPRS campus,18.446944,73.785,13-05-2024 06:15,2024-05-13 06:15:00,2024,5,13,6,134,66.3
CWPRS campus,18.446944,73.785,13-05-2024 06:20,2024-05-13 06:20:00,2024,5,13,6,134,66.2
CWPRS campus,18.446944,73.785,13-05-2024 06:25,2024-05-13 06:25:00,2024,5,13,6,134,65.3
CWPRS campus,18.446944,73.785,13-05-2024 06:30,2024-05-13 06:30:00,2024,5,13,6,134,65.2
CWPRS campus,18.446944,73.785,13-05-2024 06:35,2024-05-13 06:35:00,2024,5,13,6,134,65.0
CWPRS campus,18.446944,73.785,13-05-2024 06:40,2024-05-13 06:40:00,2024,5,13,6,134,64.3
CWPRS campus,18.446944,73.785,13-05-2024 06:45,2024-05-13 06:45:00,2024,5,13,6,134,64.2
CWPRS campus,18.446944,73.785,13-05-2024 06:50,2024-05-13 06:50:00,2024,5,13,6,134,63.9
CWPRS campus,18.446944,73.785,13-05-2024 06:55,2024-05-13 06:55:00,2024,5,13,6,134,63.2
CWPRS campus,18.446944,73.785,13-05-2024 07:00,2024-05-13 07:00:00,2024,5,13,7,134,62.4
CWPRS campus,18.446944,73.785,13-05-2024 07:05,2024-05-13 07:05:00,2024,5,13,7,134,61.2
CWPRS campus,18.446944,73.785,13-05-2024 07:10,2024-05-13 07:10:00,2024,5,13,7,134,61.0
CWPRS campus,18.446944,73.785,13-05-2024 07:15,2024-05-13 07:15:00,2024,5,13,7,134,59.9
CWPRS campus,18.446944,73.785,13-05-2024 07:20,2024-05-13 07:20:00,2024,5,13,7,134,59.6
CWPRS campus,18.446944,73.785,13-05-2024 07:25,2024-05-13 07:25:00,2024,5,13,7,134,59.1
CWPRS campus,18.446944,73.785,13-05-2024 07:30,2024-05-13 07:30:00,2024,5,13,7,134,59.0
CWPRS campus,18.446944,73.785,13-05-2024 07:35,2024-05-13 07:35:00,2024,5,13,7,134,58.5
CWPRS campus,18.446944,73.785,13-05-2024 07:40,2024-05-13 07:40:00,2024,5,13,7,134,58.0
CWPRS campus,18.446944,73.785,13-05-2024 07:45,2024-05-13 07:45:00,2024,5,13,7,134,57.9
CWPRS campus,18.446944,73.785,13-05-2024 07:50,2024-05-13 07:50:00,2024,5,13,7,134,57.6
CWPRS campus,18.446944,73.785,13-05-2024 07:55,2024-05-13 07:55:00,2024,5,13,7,134,57.3
CWPRS campus,18.446944,73.785,13-05-2024 08:00,2024-05-13 08:00:00,2024,5,13,8,134,57.1
CWPRS campus,18.446944,73.785,13-05-2024 08:05,2024-05-13 08:05:00,2024,5,13,8,134,56.0
CWPRS campus,18.446944,73.785,13-05-2024 08:10,2024-05-13 08:10:00,2024,5,13,8,134,55.9
CWPRS campus,18.446944,73.785,13-05-2024 08:15,2024-05-13 08:15:00,2024,5,13,8,134,55.7
CWPRS campus,18.446944,73.785,13-05-2024 08:20,2024-05-13 08:20:00,2024,5,13,8,134,54.8
CWPRS campus,18.446944,73.785,13-05-2024 08:25,2024-05-13 08:25:00,2024,5,13,8,134,54.3
CWPRS campus,18.446944,73.785,13-05-2024 08:30,2024-05-13 08:30:00,2024,5,13,8,134,53.9
CWPRS campus,18.446944,73.785,13-05-2024 08:35,2024-05-13 08:35:00,2024,5,13,8,134,53.4
CWPRS campus,18.446944,73.785,13-05-2024 08:40,2024-05-13 08:40:00,2024,5,13,8,134,53.1
CWPRS campus,18.446944,73.785,13-05-2024 08:45,2024-05-13 08:45:00,2024,5,13,8,134,53.2
CWPRS campus,18.446944,73.785,13-05-2024 08:50,2024-05-13 08:50:00,2024,5,13,8,134,53.2
CWPRS campus,18.446944,73.785,13-05-2024 08:55,2024-05-13 08:55:00,2024,5,13,8,134,52.2
CWPRS campus,18.446944,73.785,13-05-2024 09:00,2024-05-13 09:00:00,2024,5,13,9,134,51.9
CWPRS campus,18.446944,73.785,13-05-2024 09:05,2024-05-13 09:05:00,2024,5,13,9,134,52.0
CWPRS campus,18.446944,73.785,13-05-2024 09:10,2024-05-13 09:10:00,2024,5,13,9,134,51.7
CWPRS campus,18.446944,73.785,13-05-2024 09:15,2024-05-13 09:15:00,2024,5,13,9,134,51.6
CWPRS campus,18.446944,73.785,13-05-2024 09:20,2024-05-13 09:20:00,2024,5,13,9,134,51.9
CWPRS campus,18.446944,73.785,13-05-2024 09:25,2024-05-13 09:25:00,2024,5,13,9,134,51.7
CWPRS campus,18.446944,73.785,13-05-2024 09:30,2024-05-13 09:30:00,2024,5,13,9,134,51.3
CWPRS campus,18.446944,73.785,13-05-2024 09:35,2024-05-13 09:35:00,2024,5,13,9,134,51.1
CWPRS campus,18.446944,73.785,13-05-2024 09:40,2024-05-13 09:40:00,2024,5,13,9,134,50.6
CWPRS campus,18.446944,73.785,13-05-2024 09:45,2024-05-13 09:45:00,2024,5,13,9,134,50.0
CWPRS campus,18.446944,73.785,13-05-2024 09:50,2024-05-13 09:50:00,2024,5,13,9,134,49.3
CWPRS campus,18.446944,73.785,13-05-2024 09:55,2024-05-13 09:55:00,2024,5,13,9,134,49.4
CWPRS campus,18.446944,73.785,13-05-2024 10:00,2024-05-13 10:00:00,2024,5,13,10,134,48.5
CWPRS campus,18.446944,73.785,13-05-2024 10:05,2024-05-13 10:05:00,2024,5,13,10,134,48.6
CWPRS campus,18.446944,73.785,13-05-2024 10:10,2024-05-13 10:10:00,2024,5,13,10,134,48.2
CWPRS campus,18.446944,73.785,13-05-2024 10:15,2024-05-13 10:15:00,2024,5,13,10,134,47.1
CWPRS campus,18.446944,73.785,13-05-2024 10:20,2024-05-13 10:20:00,2024,5,13,10,134,46.7
CWPRS campus,18.446944,73.785,13-05-2024 10:25,2024-05-13 10:25:00,2024,5,13,10,134,45.4
CWPRS campus,18.446944,73.785,13-05-2024 10:30,2024-05-13 10:30:00,2024,5,13,10,134,45.2
CWPRS campus,18.446944,73.785,13-05-2024 10:35,2024-05-13 10:35:00,2024,5,13,10,134,45.0
CWPRS campus,18.446944,73.785,13-05-2024 10:40,2024-05-13 10:40:00,2024,5,13,10,134,44.3
CWPRS campus,18.446944,73.785,13-05-2024 10:45,2024-05-13 10:45:00,2024,5,13,10,134,43.9
CWPRS campus,18.446944,73.785,13-05-2024 10:50,2024-05-13 10:50:00,2024,5,13,10,134,44.2
CWPRS campus,18.446944,73.785,13-05-2024 10:55,2024-05-13 10:55:00,2024,5,13,10,134,43.5
CWPRS campus,18.446944,73.785,13-05-2024 11:00,2024-05-13 11:00:00,2024,5,13,11,134,42.7
CWPRS campus,18.446944,73.785,13-05-2024 11:05,2024-05-13 11:05:00,2024,5,13,11,134,42.8
CWPRS campus,18.446944,73.785,13-05-2024 11:10,2024-05-13 11:10:00,2024,5,13,11,134,43.2
CWPRS campus,18.446944,73.785,13-05-2024 11:15,2024-05-13 11:15:00,2024,5,13,11,134,42.7
CWPRS campus,18.446944,73.785,13-05-2024 11:20,2024-05-13 11:20:00,2024,5,13,11,134,42.6
CWPRS campus,18.446944,73.785,13-05-2024 11:25,2024-05-13 11:25:00,2024,5,13,11,134,42.7
CWPRS campus,18.446944,73.785,13-05-2024 11:30,2024-05-13 11:30:00,2024,5,13,11,134,41.9
CWPRS campus,18.446944,73.785,13-05-2024 11:35,2024-05-13 11:35:00,2024,5,13,11,134,41.2
CWPRS campus,18.446944,73.785,13-05-2024 11:40,2024-05-13 11:40:00,2024,5,13,11,134,41.3
CWPRS campus,18.446944,73.785,13-05-2024 11:45,2024-05-13 11:45:00,2024,5,13,11,134,41.5
CWPRS campus,18.446944,73.785,13-05-2024 11:50,2024-05-13 11:50:00,2024,5,13,11,134,41.3
CWPRS campus,18.446944,73.785,13-05-2024 11:55,2024-05-13 11:55:00,2024,5,13,11,134,40.5
CWPRS campus,18.446944,73.785,13-05-2024 12:00,2024-05-13 12:00:00,2024,5,13,12,134,40.8
CWPRS campus,18.446944,73.785,13-05-2024 12:05,2024-05-13 12:05:00,2024,5,13,12,134,40.2
CWPRS campus,18.446944,73.785,13-05-2024 12:10,2024-05-13 12:10:00,2024,5,13,12,134,39.6
CWPRS campus,18.446944,73.785,13-05-2024 12:15,2024-05-13 12:15:00,2024,5,13,12,134,39.3
CWPRS campus,18.446944,73.785,13-05-2024 12:20,2024-05-13 12:20:00,2024,5,13,12,134,39.6
CWPRS campus,18.446944,73.785,13-05-2024 12:25,2024-05-13 12:25:00,2024,5,13,12,134,39.5
CWPRS campus,18.446944,73.785,13-05-2024 12:30,2024-05-13 12:30:00,2024,5,13,12,134,39.3
CWPRS campus,18.446944,73.785,13-05-2024 12:35,2024-05-13 12:35:00,2024,5,13,12,134,39.0
CWPRS campus,18.446944,73.785,13-05-2024 12:40,2024-05-13 12:40:00,2024,5,13,12,134,38.7
CWPRS campus,18.446944,73.785,13-05-2024 12:45,2024-05-13 12:45:00,2024,5,13,12,134,38.5
CWPRS campus,18.446944,73.785,13-05-2024 12:50,2024-05-13 12:50:00,2024,5,13,12,134,37.1
CWPRS campus,18.446944,73.785,13-05-2024 12:55,2024-05-13 12:55:00,2024,5,13,12,134,36.7
CWPRS campus,18.446944,73.785,13-05-2024 13:00,2024-05-13 13:00:00,2024,5,13,13,134,36.5
CWPRS campus,18.446944,73.785,13-05-2024 13:05,2024-05-13 13:05:00,2024,5,13,13,134,35.8
CWPRS campus,18.446944,73.785,13-05-2024 13:10,2024-05-13 13:10:00,2024,5,13,13,134,35.7
CWPRS campus,18.446944,73.785,13-05-2024 13:15,2024-05-13 13:15:00,2024,5,13,13,134,35.4
CWPRS campus,18.446944,73.785,13-05-2024 13:20,2024-05-13 13:20:00,2024,5,13,13,134,35.9
CWPRS campus,18.446944,73.785,13-05-2024 13:25,2024-05-13 13:25:00,2024,5,13,13,134,36.3
CWPRS campus,18.446944,73.785,13-05-2024 13:30,2024-05-13 13:30:00,2024,5,13,13,134,35.9
CWPRS campus,18.446944,73.785,13-05-2024 13:35,2024-05-13 13:35:00,2024,5,13,13,134,35.6
CWPRS campus,18.446944,73.785,13-05-2024 13:40,2024-05-13 13:40:00,2024,5,13,13,134,35.3
CWPRS campus,18.446944,73.785,13-05-2024 13:45,2024-05-13 13:45:00,2024,5,13,13,134,35.0
CWPRS campus,18.446944,73.785,13-05-2024 13:50,2024-05-13 13:50:00,2024,5,13,13,134,34.9
CWPRS campus,18.446944,73.785,13-05-2024 13:55,2024-05-13 13:55:00,2024,5,13,13,134,34.4
CWPRS campus,18.446944,73.785,13-05-2024 14:00,2024-05-13 14:00:00,2024,5,13,14,134,33.9
CWPRS campus,18.446944,73.785,13-05-2024 14:05,2024-05-13 14:05:00,2024,5,13,14,134,34.0
CWPRS campus,18.446944,73.785,13-05-2024 14:10,2024-05-13 14:10:00,2024,5,13,14,134,34.2
CWPRS campus,18.446944,73.785,13-05-2024 14:15,2024-05-13 14:15:00,2024,5,13,14,134,33.8
CWPRS campus,18.446944,73.785,13-05-2024 14:20,2024-05-13 14:20:00,2024,5,13,14,134,34.1
CWPRS campus,18.446944,73.785,13-05-2024 14:25,2024-05-13 14:25:00,2024,5,13,14,134,33.7
CWPRS campus,18.446944,73.785,13-05-2024 14:30,2024-05-13 14:30:00,2024,5,13,14,134,33.8
CWPRS campus,18.446944,73.785,13-05-2024 14:35,2024-05-13 14:35:00,2024,5,13,14,134,34.1
CWPRS campus,18.446944,73.785,13-05-2024 14:40,2024-05-13 14:40:00,2024,5,13,14,134,34.0
CWPRS campus,18.446944,73.785,13-05-2024 14:45,2024-05-13 14:45:00,2024,5,13,14,134,34.2
CWPRS campus,18.446944,73.785,13-05-2024 14:50,2024-05-13 14:50:00,2024,5,13,14,134,34.0
CWPRS campus,18.446944,73.785,13-05-2024 14:55,2024-05-13 14:55:00,2024,5,13,14,134,33.9
CWPRS campus,18.446944,73.785,13-05-2024 15:00,2024-05-13 15:00:00,2024,5,13,15,134,33.8
CWPRS campus,18.446944,73.785,13-05-2024 15:05,2024-05-13 15:05:00,2024,5,13,15,134,33.6
CWPRS campus,18.446944,73.785,13-05-2024 15:10,2024-05-13 15:10:00,2024,5,13,15,134,33.6
CWPRS campus,18.446944,73.785,13-05-2024 15:15,2024-05-13 15:15:00,2024,5,13,15,134,33.0
CWPRS campus,18.446944,73.785,13-05-2024 15:20,2024-05-13 15:20:00,2024,5,13,15,134,32.9
CWPRS campus,18.446944,73.785,13-05-2024 15:25,2024-05-13 15:25:00,2024,5,13,15,134,33.0
CWPRS campus,18.446944,73.785,13-05-2024 15:30,2024-05-13 15:30:00,2024,5,13,15,134,33.0
CWPRS campus,18.446944,73.785,13-05-2024 15:35,2024-05-13 15:35:00,2024,5,13,15,134,33.1
CWPRS campus,18.446944,73.785,13-05-2024 15:40,2024-05-13 15:40:00,2024,5,13,15,134,33.2
CWPRS campus,18.446944,73.785,13-05-2024 15:45,2024-05-13 15:45:00,2024,5,13,15,134,33.6
CWPRS campus,18.446944,73.785,13-05-2024 15:50,2024-05-13 15:50:00,2024,5,13,15,134,34.2
CWPRS campus,18.446944,73.785,13-05-2024 15:55,2024-05-13 15:55:00,2024,5,13,15,134,34.1
CWPRS campus,18.446944,73.785,13-05-2024 16:00,2024-05-13 16:00:00,2024,5,13,16,134,33.8
CWPRS campus,18.446944,73.785,13-05-2024 16:05,2024-05-13 16:05:00,2024,5,13,16,134,33.6
CWPRS campus,18.446944,73.785,13-05-2024 16:10,2024-05-13 16:10:00,2024,5,13,16,134,33.7
CWPRS campus,18.446944,73.785,13-05-2024 16:15,2024-05-13 16:15:00,2024,5,13,16,134,33.8
CWPRS campus,18.446944,73.785,13-05-2024 16:20,2024-05-13 16:20:00,2024,5,13,16,134,33.8
CWPRS campus,18.446944,73.785,13-05-2024 16:25,2024-05-13 16:25:00,2024,5,13,16,134,33.6
CWPRS campus,18.446944,73.785,13-05-2024 16:30,2024-05-13 16:30:00,2024,5,13,16,134,33.7
CWPRS campus,18.446944,73.785,13-05-2024 16:35,2024-05-13 16:35:00,2024,5,13,16,134,34.2
CWPRS campus,18.446944,73.785,13-05-2024 16:40,2024-05-13 16:40:00,2024,5,13,16,134,34.7
CWPRS campus,18.446944,73.785,13-05-2024 16:45,2024-05-13 16:45:00,2024,5,13,16,134,34.9
CWPRS campus,18.446944,73.785,13-05-2024 16:50,2024-05-13 16:50:00,2024,5,13,16,134,35.1
CWPRS campus,18.446944,73.785,13-05-2024 16:55,2024-05-13 16:55:00,2024,5,13,16,134,35.1
CWPRS campus,18.446944,73.785,13-05-2024 17:00,2024-05-13 17:00:00,2024,5,13,17,134,35.4
CWPRS campus,18.446944,73.785,13-05-2024 17:05,2024-05-13 17:05:00,2024,5,13,17,134,35.5
CWPRS campus,18.446944,73.785,13-05-2024 17:10,2024-05-13 17:10:00,2024,5,13,17,134,36.1
CWPRS campus,18.446944,73.785,13-05-2024 17:15,2024-05-13 17:15:00,2024,5,13,17,134,35.8
CWPRS campus,18.446944,73.785,13-05-2024 17:20,2024-05-13 17:20:00,2024,5,13,17,134,36.1
CWPRS campus,18.446944,73.785,13-05-2024 17:25,2024-05-13 17:25:00,2024,5,13,17,134,36.7
CWPRS campus,18.446944,73.785,13-05-2024 17:30,2024-05-13 17:30:00,2024,5,13,17,134,37.2
CWPRS campus,18.446944,73.785,13-05-2024 17:35,2024-05-13 17:35:00,2024,5,13,17,134,38.8
CWPRS campus,18.446944,73.785,13-05-2024 17:40,2024-05-13 17:40:00,2024,5,13,17,134,39.3
CWPRS campus,18.446944,73.785,13-05-2024 17:45,2024-05-13 17:45:00,2024,5,13,17,134,39.3
CWPRS campus,18.446944,73.785,13-05-2024 17:50,2024-05-13 17:50:00,2024,5,13,17,134,39.7
CWPRS campus,18.446944,73.785,13-05-2024 17:55,2024-05-13 17:55:00,2024,5,13,17,134,39.4
CWPRS campus,18.446944,73.785,13-05-2024 18:00,2024-05-13 18:00:00,2024,5,13,18,134,39.8
CWPRS campus,18.446944,73.785,13-05-2024 18:05,2024-05-13 18:05:00,2024,5,13,18,134,39.9
CWPRS campus,18.446944,73.785,13-05-2024 18:10,2024-05-13 18:10:00,2024,5,13,18,134,40.8
CWPRS campus,18.446944,73.785,13-05-2024 18:15,2024-05-13 18:15:00,2024,5,13,18,134,41.0
CWPRS campus,18.446944,73.785,13-05-2024 18:20,2024-05-13 18:20:00,2024,5,13,18,134,41.5
CWPRS campus,18.446944,73.785,13-05-2024 18:25,2024-05-13 18:25:00,2024,5,13,18,134,41.7
CWPRS campus,18.446944,73.785,13-05-2024 18:30,2024-05-13 18:30:00,2024,5,13,18,134,42.9
CWPRS campus,18.446944,73.785,13-05-2024 18:35,2024-05-13 18:35:00,2024,5,13,18,134,43.2
CWPRS campus,18.446944,73.785,13-05-2024 18:40,2024-05-13 18:40:00,2024,5,13,18,134,44.4
CWPRS campus,18.446944,73.785,13-05-2024 18:45,2024-05-13 18:45:00,2024,5,13,18,134,45.2
CWPRS campus,18.446944,73.785,13-05-2024 18:50,2024-05-13 18:50:00,2024,5,13,18,134,45.8
CWPRS campus,18.446944,73.785,13-05-2024 18:55,2024-05-13 18:55:00,2024,5,13,18,134,46.4
CWPRS campus,18.446944,73.785,13-05-2024 19:00,2024-05-13 19:00:00,2024,5,13,19,134,47.0
CWPRS campus,18.446944,73.785,13-05-2024 19:05,2024-05-13 19:05:00,2024,5,13,19,134,46.6
CWPRS campus,18.446944,73.785,13-05-2024 19:10,2024-05-13 19:10:00,2024,5,13,19,134,46.9
CWPRS campus,18.446944,73.785,13-05-2024 19:15,2024-05-13 19:15:00,2024,5,13,19,134,47.8
CWPRS campus,18.446944,73.785,13-05-2024 19:20,2024-05-13 19:20:00,2024,5,13,19,134,48.2
CWPRS campus,18.446944,73.785,13-05-2024 19:25,2024-05-13 19:25:00,2024,5,13,19,134,48.1
CWPRS campus,18.446944,73.785,13-05-2024 19:30,2024-05-13 19:30:00,2024,5,13,19,134,48.5
CWPRS campus,18.446944,73.785,13-05-2024 19:35,2024-05-13 19:35:00,2024,5,13,19,134,49.7
CWPRS campus,18.446944,73.785,13-05-2024 19:40,2024-05-13 19:40:00,2024,5,13,19,134,50.7
CWPRS campus,18.446944,73.785,13-05-2024 19:45,2024-05-13 19:45:00,2024,5,13,19,134,51.1
CWPRS campus,18.446944,73.785,13-05-2024 19:50,2024-05-13 19:50:00,2024,5,13,19,134,51.9
CWPRS campus,18.446944,73.785,13-05-2024 19:55,2024-05-13 19:55:00,2024,5,13,19,134,52.2
CWPRS campus,18.446944,73.785,13-05-2024 20:00,2024-05-13 20:00:00,2024,5,13,20,134,51.9
CWPRS campus,18.446944,73.785,13-05-2024 20:05,2024-05-13 20:05:00,2024,5,13,20,134,52.0
CWPRS campus,18.446944,73.785,13-05-2024 20:10,2024-05-13 20:10:00,2024,5,13,20,134,53.1
CWPRS campus,18.446944,73.785,13-05-2024 20:15,2024-05-13 20:15:00,2024,5,13,20,134,53.5
CWPRS campus,18.446944,73.785,13-05-2024 20:20,2024-05-13 20:20:00,2024,5,13,20,134,53.8
CWPRS campus,18.446944,73.785,13-05-2024 20:25,2024-05-13 20:25:00,2024,5,13,20,134,54.2
CWPRS campus,18.446944,73.785,13-05-2024 20:30,2024-05-13 20:30:00,2024,5,13,20,134,55.4
CWPRS campus,18.446944,73.785,13-05-2024 20:35,2024-05-13 20:35:00,2024,5,13,20,134,56.5
CWPRS campus,18.446944,73.785,13-05-2024 20:40,2024-05-13 20:40:00,2024,5,13,20,134,57.8
CWPRS campus,18.446944,73.785,13-05-2024 20:45,2024-05-13 20:45:00,2024,5,13,20,134,58.1
CWPRS campus,18.446944,73.785,13-05-2024 20:50,2024-05-13 20:50:00,2024,5,13,20,134,58.6
CWPRS campus,18.446944,73.785,13-05-2024 20:55,2024-05-13 20:55:00,2024,5,13,20,134,58.4
CWPRS campus,18.446944,73.785,13-05-2024 21:00,2024-05-13 21:00:00,2024,5,13,21,134,59.4
CWPRS campus,18.446944,73.785,13-05-2024 21:05,2024-05-13 21:05:00,2024,5,13,21,134,59.3
CWPRS campus,18.446944,73.785,13-05-2024 21:10,2024-05-13 21:10:00,2024,5,13,21,134,59.8
CWPRS campus,18.446944,73.785,13-05-2024 21:15,2024-05-13 21:15:00,2024,5,13,21,134,59.7
CWPRS campus,18.446944,73.785,13-05-2024 21:20,2024-05-13 21:20:00,2024,5,13,21,134,59.9
CWPRS campus,18.446944,73.785,13-05-2024 21:25,2024-05-13 21:25:00,2024,5,13,21,134,60.0
CWPRS campus,18.446944,73.785,13-05-2024 21:30,2024-05-13 21:30:00,2024,5,13,21,134,60.2
CWPRS campus,18.446944,73.785,13-05-2024 21:35,2024-05-13 21:35:00,2024,5,13,21,134,60.5
CWPRS campus,18.446944,73.785,13-05-2024 21:40,2024-05-13 21:40:00,2024,5,13,21,134,60.7
CWPRS campus,18.446944,73.785,13-05-2024 21:45,2024-05-13 21:45:00,2024,5,13,21,134,61.5
CWPRS campus,18.446944,73.785,13-05-2024 21:50,2024-05-13 21:50:00,2024,5,13,21,134,61.5
CWPRS campus,18.446944,73.785,13-05-2024 21:55,2024-05-13 21:55:00,2024,5,13,21,134,62.1
CWPRS campus,18.446944,73.785,13-05-2024 22:00,2024-05-13 22:00:00,2024,5,13,22,134,63.0
CWPRS campus,18.446944,73.785,13-05-2024 22:05,2024-05-13 22:05:00,2024,5,13,22,134,63.3
CWPRS campus,18.446944,73.785,13-05-2024 22:10,2024-05-13 22:10:00,2024,5,13,22,134,63.4
CWPRS campus,18.446944,73.785,13-05-2024 22:15,2024-05-13 22:15:00,2024,5,13,22,134,63.8
CWPRS campus,18.446944,73.785,13-05-2024 22:20,2024-05-13 22:20:00,2024,5,13,22,134,64.7
CWPRS campus,18.446944,73.785,13-05-2024 22:25,2024-05-13 22:25:00,2024,5,13,22,134,65.2
CWPRS campus,18.446944,73.785,13-05-2024 22:30,2024-05-13 22:30:00,2024,5,13,22,134,65.4
CWPRS campus,18.446944,73.785,13-05-2024 22:35,2024-05-13 22:35:00,2024,5,13,22,134,66.0
CWPRS campus,18.446944,73.785,13-05-2024 22:40,2024-05-13 22:40:00,2024,5,13,22,134,65.9
CWPRS campus,18.446944,73.785,13-05-2024 22:45,2024-05-13 22:45:00,2024,5,13,22,134,66.6
CWPRS campus,18.446944,73.785,13-05-2024 22:50,2024-05-13 22:50:00,2024,5,13,22,134,67.2
CWPRS campus,18.446944,73.785,13-05-2024 22:55,2024-05-13 22:55:00,2024,5,13,22,134,67.4
CWPRS campus,18.446944,73.785,13-05-2024 23:00,2024-05-13 23:00:00,2024,5,13,23,134,67.5
CWPRS campus,18.446944,73.785,13-05-2024 23:05,2024-05-13 23:05:00,2024,5,13,23,134,67.5
CWPRS campus,18.446944,73.785,13-05-2024 23:10,2024-05-13 23:10:00,2024,5,13,23,134,68.1
CWPRS campus,18.446944,73.785,13-05-2024 23:15,2024-05-13 23:15:00,2024,5,13,23,134,69.0
CWPRS campus,18.446944,73.785,13-05-2024 23:20,2024-05-13 23:20:00,2024,5,13,23,134,69.1
CWPRS campus,18.446944,73.785,13-05-2024 23:25,2024-05-13 23:25:00,2024,5,13,23,134,69.6
CWPRS campus,18.446944,73.785,13-05-2024 23:30,2024-05-13 23:30:00,2024,5,13,23,134,69.1
CWPRS campus,18.446944,73.785,13-05-2024 23:35,2024-05-13 23:35:00,2024,5,13,23,134,69.2
CWPRS campus,18.446944,73.785,13-05-2024 23:40,2024-05-13 23:40:00,2024,5,13,23,134,69.6
CWPRS campus,18.446944,73.785,13-05-2024 23:45,2024-05-13 23:45:00,2024,5,13,23,134,69.6
CWPRS campus,18.446944,73.785,13-05-2024 23:50,2024-05-13 23:50:00,2024,5,13,23,134,69.6
CWPRS campus,18.446944,73.785,13-05-2024 23:55,2024-05-13 23:55:00,2024,5,13,23,134,69.7
CWPRS campus,18.446944,73.785,14-05-2024 00:00,2024-05-14 00:00:00,2024,5,14,0,135,70.2
CWPRS campus,18.446944,73.785,14-05-2024 00:05,2024-05-14 00:05:00,2024,5,14,0,135,70.5
CWPRS campus,18.446944,73.785,14-05-2024 00:10,2024-05-14 00:10:00,2024,5,14,0,135,69.9
CWPRS campus,18.446944,73.785,14-05-2024 00:15,2024-05-14 00:15:00,2024,5,14,0,135,69.5
CWPRS campus,18.446944,73.785,14-05-2024 00:20,2024-05-14 00:20:00,2024,5,14,0,135,69.6
CWPRS campus,18.446944,73.785,14-05-2024 00:25,2024-05-14 00:25:00,2024,5,14,0,135,70.2
CWPRS campus,18.446944,73.785,14-05-2024 00:30,2024-05-14 00:30:00,2024,5,14,0,135,69.5
CWPRS campus,18.446944,73.785,14-05-2024 00:35,2024-05-14 00:35:00,2024,5,14,0,135,69.7
CWPRS campus,18.446944,73.785,14-05-2024 00:40,2024-05-14 00:40:00,2024,5,14,0,135,69.9
CWPRS campus,18.446944,73.785,14-05-2024 00:45,2024-05-14 00:45:00,2024,5,14,0,135,70.8
CWPRS campus,18.446944,73.785,14-05-2024 00:50,2024-05-14 00:50:00,2024,5,14,0,135,71.0
CWPRS campus,18.446944,73.785,14-05-2024 00:55,2024-05-14 00:55:00,2024,5,14,0,135,71.5
CWPRS campus,18.446944,73.785,14-05-2024 01:00,2024-05-14 01:00:00,2024,5,14,1,135,71.9
CWPRS campus,18.446944,73.785,14-05-2024 01:05,2024-05-14 01:05:00,2024,5,14,1,135,71.4
CWPRS campus,18.446944,73.785,14-05-2024 01:10,2024-05-14 01:10:00,2024,5,14,1,135,72.0
CWPRS campus,18.446944,73.785,14-05-2024 01:15,2024-05-14 01:15:00,2024,5,14,1,135,72.4
CWPRS campus,18.446944,73.785,14-05-2024 01:20,2024-05-14 01:20:00,2024,5,14,1,135,72.8
CWPRS campus,18.446944,73.785,14-05-2024 01:25,2024-05-14 01:25:00,2024,5,14,1,135,74.6
CWPRS campus,18.446944,73.785,14-05-2024 01:30,2024-05-14 01:30:00,2024,5,14,1,135,74.0
CWPRS campus,18.446944,73.785,14-05-2024 01:35,2024-05-14 01:35:00,2024,5,14,1,135,74.8
CWPRS campus,18.446944,73.785,14-05-2024 01:40,2024-05-14 01:40:00,2024,5,14,1,135,74.8
CWPRS campus,18.446944,73.785,14-05-2024 01:45,2024-05-14 01:45:00,2024,5,14,1,135,75.1
CWPRS campus,18.446944,73.785,14-05-2024 01:50,2024-05-14 01:50:00,2024,5,14,1,135,75.2
CWPRS campus,18.446944,73.785,14-05-2024 01:55,2024-05-14 01:55:00,2024,5,14,1,135,75.1
CWPRS campus,18.446944,73.785,14-05-2024 02:00,2024-05-14 02:00:00,2024,5,14,2,135,74.9
CWPRS campus,18.446944,73.785,14-05-2024 02:05,2024-05-14 02:05:00,2024,5,14,2,135,75.2
CWPRS campus,18.446944,73.785,14-05-2024 02:10,2024-05-14 02:10:00,2024,5,14,2,135,74.6
CWPRS campus,18.446944,73.785,14-05-2024 02:15,2024-05-14 02:15:00,2024,5,14,2,135,75.0
CWPRS campus,18.446944,73.785,14-05-2024 02:20,2024-05-14 02:20:00,2024,5,14,2,135,74.9
CWPRS campus,18.446944,73.785,14-05-2024 02:25,2024-05-14 02:25:00,2024,5,14,2,135,74.5
CWPRS campus,18.446944,73.785,14-05-2024 02:30,2024-05-14 02:30:00,2024,5,14,2,135,74.4
CWPRS campus,18.446944,73.785,14-05-2024 02:35,2024-05-14 02:35:00,2024,5,14,2,135,75.0
CWPRS campus,18.446944,73.785,14-05-2024 02:40,2024-05-14 02:40:00,2024,5,14,2,135,74.8
CWPRS campus,18.446944,73.785,14-05-2024 02:45,2024-05-14 02:45:00,2024,5,14,2,135,74.9
CWPRS campus,18.446944,73.785,14-05-2024 02:50,2024-05-14 02:50:00,2024,5,14,2,135,74.6
CWPRS campus,18.446944,73.785,14-05-2024 02:55,2024-05-14 02:55:00,2024,5,14,2,135,74.9
CWPRS campus,18.446944,73.785,14-05-2024 03:00,2024-05-14 03:00:00,2024,5,14,3,135,75.2
CWPRS campus,18.446944,73.785,14-05-2024 03:05,2024-05-14 03:05:00,2024,5,14,3,135,75.9
CWPRS campus,18.446944,73.785,14-05-2024 03:10,2024-05-14 03:10:00,2024,5,14,3,135,75.7
CWPRS campus,18.446944,73.785,14-05-2024 03:15,2024-05-14 03:15:00,2024,5,14,3,135,75.8
CWPRS campus,18.446944,73.785,14-05-2024 03:20,2024-05-14 03:20:00,2024,5,14,3,135,75.7
CWPRS campus,18.446944,73.785,14-05-2024 03:25,2024-05-14 03:25:00,2024,5,14,3,135,76.1
CWPRS campus,18.446944,73.785,14-05-2024 03:30,2024-05-14 03:30:00,2024,5,14,3,135,75.6
CWPRS campus,18.446944,73.785,14-05-2024 03:35,2024-05-14 03:35:00,2024,5,14,3,135,75.8
CWPRS campus,18.446944,73.785,14-05-2024 03:40,2024-05-14 03:40:00,2024,5,14,3,135,75.5
CWPRS campus,18.446944,73.785,14-05-2024 03:45,2024-05-14 03:45:00,2024,5,14,3,135,75.3
CWPRS campus,18.446944,73.785,14-05-2024 03:50,2024-05-14 03:50:00,2024,5,14,3,135,75.1
CWPRS campus,18.446944,73.785,14-05-2024 03:55,2024-05-14 03:55:00,2024,5,14,3,135,75.0
CWPRS campus,18.446944,73.785,14-05-2024 04:00,2024-05-14 04:00:00,2024,5,14,4,135,74.7
CWPRS campus,18.446944,73.785,14-05-2024 04:05,2024-05-14 04:05:00,2024,5,14,4,135,74.5
CWPRS campus,18.446944,73.785,14-05-2024 04:10,2024-05-14 04:10:00,2024,5,14,4,135,74.9
CWPRS campus,18.446944,73.785,14-05-2024 04:15,2024-05-14 04:15:00,2024,5,14,4,135,75.0
CWPRS campus,18.446944,73.785,14-05-2024 04:20,2024-05-14 04:20:00,2024,5,14,4,135,75.1
CWPRS campus,18.446944,73.785,14-05-2024 04:25,2024-05-14 04:25:00,2024,5,14,4,135,74.5
CWPRS campus,18.446944,73.785,14-05-2024 04:30,2024-05-14 04:30:00,2024,5,14,4,135,73.8
CWPRS campus,18.446944,73.785,14-05-2024 04:35,2024-05-14 04:35:00,2024,5,14,4,135,73.9
CWPRS campus,18.446944,73.785,14-05-2024 04:40,2024-05-14 04:40:00,2024,5,14,4,135,73.9
CWPRS campus,18.446944,73.785,14-05-2024 04:45,2024-05-14 04:45:00,2024,5,14,4,135,74.1
CWPRS campus,18.446944,73.785,14-05-2024 04:50,2024-05-14 04:50:00,2024,5,14,4,135,73.5
CWPRS campus,18.446944,73.785,14-05-2024 04:55,2024-05-14 04:55:00,2024,5,14,4,135,73.0
CWPRS campus,18.446944,73.785,14-05-2024 05:00,2024-05-14 05:00:00,2024,5,14,5,135,72.0
CWPRS campus,18.446944,73.785,14-05-2024 05:05,2024-05-14 05:05:00,2024,5,14,5,135,71.4
CWPRS campus,18.446944,73.785,14-05-2024 05:10,2024-05-14 05:10:00,2024,5,14,5,135,71.5
CWPRS campus,18.446944,73.785,14-05-2024 05:15,2024-05-14 05:15:00,2024,5,14,5,135,70.9
CWPRS campus,18.446944,73.785,14-05-2024 05:20,2024-05-14 05:20:00,2024,5,14,5,135,70.8
CWPRS campus,18.446944,73.785,14-05-2024 05:25,2024-05-14 05:25:00,2024,5,14,5,135,70.3
CWPRS campus,18.446944,73.785,14-05-2024 05:30,2024-05-14 05:30:00,2024,5,14,5,135,70.0
CWPRS campus,18.446944,73.785,14-05-2024 05:35,2024-05-14 05:35:00,2024,5,14,5,135,69.2
CWPRS campus,18.446944,73.785,14-05-2024 05:40,2024-05-14 05:40:00,2024,5,14,5,135,68.8
CWPRS campus,18.446944,73.785,14-05-2024 05:45,2024-05-14 05:45:00,2024,5,14,5,135,67.2
CWPRS campus,18.446944,73.785,14-05-2024 05:50,2024-05-14 05:50:00,2024,5,14,5,135,66.8
CWPRS campus,18.446944,73.785,14-05-2024 05:55,2024-05-14 05:55:00,2024,5,14,5,135,65.8
CWPRS campus,18.446944,73.785,14-05-2024 06:00,2024-05-14 06:00:00,2024,5,14,6,135,65.9
CWPRS campus,18.446944,73.785,14-05-2024 06:05,2024-05-14 06:05:00,2024,5,14,6,135,65.9
CWPRS campus,18.446944,73.785,14-05-2024 06:10,2024-05-14 06:10:00,2024,5,14,6,135,65.7
CWPRS campus,18.446944,73.785,14-05-2024 06:15,2024-05-14 06:15:00,2024,5,14,6,135,65.9
CWPRS campus,18.446944,73.785,14-05-2024 06:20,2024-05-14 06:20:00,2024,5,14,6,135,65.1
CWPRS campus,18.446944,73.785,14-05-2024 06:25,2024-05-14 06:25:00,2024,5,14,6,135,65.3
CWPRS campus,18.446944,73.785,14-05-2024 06:30,2024-05-14 06:30:00,2024,5,14,6,135,65.2
CWPRS campus,18.446944,73.785,14-05-2024 06:35,2024-05-14 06:35:00,2024,5,14,6,135,64.7
CWPRS campus,18.446944,73.785,14-05-2024 06:40,2024-05-14 06:40:00,2024,5,14,6,135,64.6
CWPRS campus,18.446944,73.785,14-05-2024 06:45,2024-05-14 06:45:00,2024,5,14,6,135,63.7
CWPRS campus,18.446944,73.785,14-05-2024 06:50,2024-05-14 06:50:00,2024,5,14,6,135,62.9
CWPRS campus,18.446944,73.785,14-05-2024 06:55,2024-05-14 06:55:00,2024,5,14,6,135,62.1
CWPRS campus,18.446944,73.785,14-05-2024 07:00,2024-05-14 07:00:00,2024,5,14,7,135,61.5
CWPRS campus,18.446944,73.785,14-05-2024 07:05,2024-05-14 07:05:00,2024,5,14,7,135,60.6
CWPRS campus,18.446944,73.785,14-05-2024 07:10,2024-05-14 07:10:00,2024,5,14,7,135,60.6
CWPRS campus,18.446944,73.785,14-05-2024 07:15,2024-05-14 07:15:00,2024,5,14,7,135,60.0
CWPRS campus,18.446944,73.785,14-05-2024 07:20,2024-05-14 07:20:00,2024,5,14,7,135,59.7
CWPRS campus,18.446944,73.785,14-05-2024 07:25,2024-05-14 07:25:00,2024,5,14,7,135,59.0
CWPRS campus,18.446944,73.785,14-05-2024 07:30,2024-05-14 07:30:00,2024,5,14,7,135,57.8
CWPRS campus,18.446944,73.785,14-05-2024 07:35,2024-05-14 07:35:00,2024,5,14,7,135,57.5
CWPRS campus,18.446944,73.785,14-05-2024 07:40,2024-05-14 07:40:00,2024,5,14,7,135,56.3
CWPRS campus,18.446944,73.785,14-05-2024 07:45,2024-05-14 07:45:00,2024,5,14,7,135,55.8
CWPRS campus,18.446944,73.785,14-05-2024 07:50,2024-05-14 07:50:00,2024,5,14,7,135,54.9
CWPRS campus,18.446944,73.785,14-05-2024 07:55,2024-05-14 07:55:00,2024,5,14,7,135,55.3
CWPRS campus,18.446944,73.785,14-05-2024 08:00,2024-05-14 08:00:00,2024,5,14,8,135,55.2
CWPRS campus,18.446944,73.785,14-05-2024 08:05,2024-05-14 08:05:00,2024,5,14,8,135,54.8
CWPRS campus,18.446944,73.785,14-05-2024 08:10,2024-05-14 08:10:00,2024,5,14,8,135,54.8
CWPRS campus,18.446944,73.785,14-05-2024 08:15,2024-05-14 08:15:00,2024,5,14,8,135,54.0
CWPRS campus,18.446944,73.785,14-05-2024 08:20,2024-05-14 08:20:00,2024,5,14,8,135,53.7
CWPRS campus,18.446944,73.785,14-05-2024 08:25,2024-05-14 08:25:00,2024,5,14,8,135,53.3
CWPRS campus,18.446944,73.785,14-05-2024 08:30,2024-05-14 08:30:00,2024,5,14,8,135,52.9
CWPRS campus,18.446944,73.785,14-05-2024 08:35,2024-05-14 08:35:00,2024,5,14,8,135,52.9
CWPRS campus,18.446944,73.785,14-05-2024 08:40,2024-05-14 08:40:00,2024,5,14,8,135,52.7
CWPRS campus,18.446944,73.785,14-05-2024 08:45,2024-05-14 08:45:00,2024,5,14,8,135,52.2
CWPRS campus,18.446944,73.785,14-05-2024 08:50,2024-05-14 08:50:00,2024,5,14,8,135,51.0
CWPRS campus,18.446944,73.785,14-05-2024 08:55,2024-05-14 08:55:00,2024,5,14,8,135,50.1
CWPRS campus,18.446944,73.785,14-05-2024 09:00,2024-05-14 09:00:00,2024,5,14,9,135,49.6
CWPRS campus,18.446944,73.785,14-05-2024 09:05,2024-05-14 09:05:00,2024,5,14,9,135,49.1
CWPRS campus,18.446944,73.785,14-05-2024 09:10,2024-05-14 09:10:00,2024,5,14,9,135,48.2
CWPRS campus,18.446944,73.785,14-05-2024 09:15,2024-05-14 09:15:00,2024,5,14,9,135,48.7
CWPRS campus,18.446944,73.785,14-05-2024 09:20,2024-05-14 09:20:00,2024,5,14,9,135,48.8
CWPRS campus,18.446944,73.785,14-05-2024 09:25,2024-05-14 09:25:00,2024,5,14,9,135,48.5
CWPRS campus,18.446944,73.785,14-05-2024 09:30,2024-05-14 09:30:00,2024,5,14,9,135,48.0
CWPRS campus,18.446944,73.785,14-05-2024 09:35,2024-05-14 09:35:00,2024,5,14,9,135,47.4
CWPRS campus,18.446944,73.785,14-05-2024 09:40,2024-05-14 09:40:00,2024,5,14,9,135,46.5
CWPRS campus,18.446944,73.785,14-05-2024 09:45,2024-05-14 09:45:00,2024,5,14,9,135,46.0
CWPRS campus,18.446944,73.785,14-05-2024 09:50,2024-05-14 09:50:00,2024,5,14,9,135,45.6
CWPRS campus,18.446944,73.785,14-05-2024 09:55,2024-05-14 09:55:00,2024,5,14,9,135,44.6
CWPRS campus,18.446944,73.785,14-05-2024 10:00,2024-05-14 10:00:00,2024,5,14,10,135,44.3
CWPRS campus,18.446944,73.785,14-05-2024 10:05,2024-05-14 10:05:00,2024,5,14,10,135,43.7
CWPRS campus,18.446944,73.785,14-05-2024 10:10,2024-05-14 10:10:00,2024,5,14,10,135,42.5
CWPRS campus,18.446944,73.785,14-05-2024 10:15,2024-05-14 10:15:00,2024,5,14,10,135,41.7
CWPRS campus,18.446944,73.785,14-05-2024 10:20,2024-05-14 10:20:00,2024,5,14,10,135,41.2
CWPRS campus,18.446944,73.785,14-05-2024 10:25,2024-05-14 10:25:00,2024,5,14,10,135,41.5
CWPRS campus,18.446944,73.785,14-05-2024 10:30,2024-05-14 10:30:00,2024,5,14,10,135,41.3
CWPRS campus,18.446944,73.785,14-05-2024 10:35,2024-05-14 10:35:00,2024,5,14,10,135,40.4
CWPRS campus,18.446944,73.785,14-05-2024 10:40,2024-05-14 10:40:00,2024,5,14,10,135,40.2
CWPRS campus,18.446944,73.785,14-05-2024 10:45,2024-05-14 10:45:00,2024,5,14,10,135,39.1
CWPRS campus,18.446944,73.785,14-05-2024 10:50,2024-05-14 10:50:00,2024,5,14,10,135,39.2
CWPRS campus,18.446944,73.785,14-05-2024 10:55,2024-05-14 10:55:00,2024,5,14,10,135,38.6
CWPRS campus,18.446944,73.785,14-05-2024 11:00,2024-05-14 11:00:00,2024,5,14,11,135,38.2
CWPRS campus,18.446944,73.785,14-05-2024 11:05,2024-05-14 11:05:00,2024,5,14,11,135,38.4
CWPRS campus,18.446944,73.785,14-05-2024 11:10,2024-05-14 11:10:00,2024,5,14,11,135,37.5
CWPRS campus,18.446944,73.785,14-05-2024 11:15,2024-05-14 11:15:00,2024,5,14,11,135,36.6
CWPRS campus,18.446944,73.785,14-05-2024 11:20,2024-05-14 11:20:00,2024,5,14,11,135,36.0
CWPRS campus,18.446944,73.785,14-05-2024 11:25,2024-05-14 11:25:00,2024,5,14,11,135,36.1
CWPRS campus,18.446944,73.785,14-05-2024 11:30,2024-05-14 11:30:00,2024,5,14,11,135,35.2
CWPRS campus,18.446944,73.785,14-05-2024 11:35,2024-05-14 11:35:00,2024,5,14,11,135,33.8
CWPRS campus,18.446944,73.785,14-05-2024 11:40,2024-05-14 11:40:00,2024,5,14,11,135,33.4
CWPRS campus,18.446944,73.785,14-05-2024 11:45,2024-05-14 11:45:00,2024,5,14,11,135,33.4
CWPRS campus,18.446944,73.785,14-05-2024 11:50,2024-05-14 11:50:00,2024,5,14,11,135,33.6
CWPRS campus,18.446944,73.785,14-05-2024 11:55,2024-05-14 11:55:00,2024,5,14,11,135,33.2
CWPRS campus,18.446944,73.785,14-05-2024 12:00,2024-05-14 12:00:00,2024,5,14,12,135,32.8
CWPRS campus,18.446944,73.785,14-05-2024 12:05,2024-05-14 12:05:00,2024,5,14,12,135,33.0
CWPRS campus,18.446944,73.785,14-05-2024 12:10,2024-05-14 12:10:00,2024,5,14,12,135,32.1
CWPRS campus,18.446944,73.785,14-05-2024 12:15,2024-05-14 12:15:00,2024,5,14,12,135,31.7
CWPRS campus,18.446944,73.785,14-05-2024 12:20,2024-05-14 12:20:00,2024,5,14,12,135,31.6
CWPRS campus,18.446944,73.785,14-05-2024 12:25,2024-05-14 12:25:00,2024,5,14,12,135,31.6
CWPRS campus,18.446944,73.785,14-05-2024 12:30,2024-05-14 12:30:00,2024,5,14,12,135,31.2
CWPRS campus,18.446944,73.785,14-05-2024 12:35,2024-05-14 12:35:00,2024,5,14,12,135,31.0
CWPRS campus,18.446944,73.785,14-05-2024 12:40,2024-05-14 12:40:00,2024,5,14,12,135,29.9
CWPRS campus,18.446944,73.785,14-05-2024 12:45,2024-05-14 12:45:00,2024,5,14,12,135,29.5
CWPRS campus,18.446944,73.785,14-05-2024 12:50,2024-05-14 12:50:00,2024,5,14,12,135,29.6
CWPRS campus,18.446944,73.785,14-05-2024 12:55,2024-05-14 12:55:00,2024,5,14,12,135,29.1
CWPRS campus,18.446944,73.785,14-05-2024 13:00,2024-05-14 13:00:00,2024,5,14,13,135,29.0
CWPRS campus,18.446944,73.785,14-05-2024 13:05,2024-05-14 13:05:00,2024,5,14,13,135,29.1
CWPRS campus,18.446944,73.785,14-05-2024 13:10,2024-05-14 13:10:00,2024,5,14,13,135,28.9
CWPRS campus,18.446944,73.785,14-05-2024 13:15,2024-05-14 13:15:00,2024,5,14,13,135,28.9
CWPRS campus,18.446944,73.785,14-05-2024 13:20,2024-05-14 13:20:00,2024,5,14,13,135,28.5
CWPRS campus,18.446944,73.785,14-05-2024 13:25,2024-05-14 13:25:00,2024,5,14,13,135,28.3
CWPRS campus,18.446944,73.785,14-05-2024 13:30,2024-05-14 13:30:00,2024,5,14,13,135,28.5
CWPRS campus,18.446944,73.785,14-05-2024 13:35,2024-05-14 13:35:00,2024,5,14,13,135,28.6
CWPRS campus,18.446944,73.785,14-05-2024 13:40,2024-05-14 13:40:00,2024,5,14,13,135,28.3
CWPRS campus,18.446944,73.785,14-05-2024 13:45,2024-05-14 13:45:00,2024,5,14,13,135,28.4
CWPRS campus,18.446944,73.785,14-05-2024 13:50,2024-05-14 13:50:00,2024,5,14,13,135,28.6
CWPRS campus,18.446944,73.785,14-05-2024 13:55,2024-05-14 13:55:00,2024,5,14,13,135,27.8
CWPRS campus,18.446944,73.785,14-05-2024 14:00,2024-05-14 14:00:00,2024,5,14,14,135,28.2
CWPRS campus,18.446944,73.785,14-05-2024 14:05,2024-05-14 14:05:00,2024,5,14,14,135,28.1
CWPRS campus,18.446944,73.785,14-05-2024 14:10,2024-05-14 14:10:00,2024,5,14,14,135,28.3
CWPRS campus,18.446944,73.785,14-05-2024 14:15,2024-05-14 14:15:00,2024,5,14,14,135,28.8
CWPRS campus,18.446944,73.785,14-05-2024 14:20,2024-05-14 14:20:00,2024,5,14,14,135,28.2
CWPRS campus,18.446944,73.785,14-05-2024 14:25,2024-05-14 14:25:00,2024,5,14,14,135,28.0
CWPRS campus,18.446944,73.785,14-05-2024 14:30,2024-05-14 14:30:00,2024,5,14,14,135,27.9
CWPRS campus,18.446944,73.785,14-05-2024 14:35,2024-05-14 14:35:00,2024,5,14,14,135,27.7
CWPRS campus,18.446944,73.785,14-05-2024 14:40,2024-05-14 14:40:00,2024,5,14,14,135,28.4
CWPRS campus,18.446944,73.785,14-05-2024 14:45,2024-05-14 14:45:00,2024,5,14,14,135,28.2
CWPRS campus,18.446944,73.785,14-05-2024 14:50,2024-05-14 14:50:00,2024,5,14,14,135,28.0
CWPRS campus,18.446944,73.785,14-05-2024 14:55,2024-05-14 14:55:00,2024,5,14,14,135,28.2
CWPRS campus,18.446944,73.785,14-05-2024 15:00,2024-05-14 15:00:00,2024,5,14,15,135,27.8
CWPRS campus,18.446944,73.785,14-05-2024 15:05,2024-05-14 15:05:00,2024,5,14,15,135,27.8
CWPRS campus,18.446944,73.785,14-05-2024 15:10,2024-05-14 15:10:00,2024,5,14,15,135,28.1
CWPRS campus,18.446944,73.785,14-05-2024 15:15,2024-05-14 15:15:00,2024,5,14,15,135,28.1
CWPRS campus,18.446944,73.785,14-05-2024 15:20,2024-05-14 15:20:00,2024,5,14,15,135,28.2
CWPRS campus,18.446944,73.785,14-05-2024 15:25,2024-05-14 15:25:00,2024,5,14,15,135,28.2
CWPRS campus,18.446944,73.785,14-05-2024 15:30,2024-05-14 15:30:00,2024,5,14,15,135,27.7
CWPRS campus,18.446944,73.785,14-05-2024 15:35,2024-05-14 15:35:00,2024,5,14,15,135,28.1
CWPRS campus,18.446944,73.785,14-05-2024 15:40,2024-05-14 15:40:00,2024,5,14,15,135,29.0
CWPRS campus,18.446944,73.785,14-05-2024 15:45,2024-05-14 15:45:00,2024,5,14,15,135,29.2
CWPRS campus,18.446944,73.785,14-05-2024 15:50,2024-05-14 15:50:00,2024,5,14,15,135,29.5
CWPRS campus,18.446944,73.785,14-05-2024 15:55,2024-05-14 15:55:00,2024,5,14,15,135,30.0
CWPRS campus,18.446944,73.785,14-05-2024 16:00,2024-05-14 16:00:00,2024,5,14,16,135,29.7
CWPRS campus,18.446944,73.785,14-05-2024 16:05,2024-05-14 16:05:00,2024,5,14,16,135,30.6
CWPRS campus,18.446944,73.785,14-05-2024 16:10,2024-05-14 16:10:00,2024,5,14,16,135,30.9
CWPRS campus,18.446944,73.785,14-05-2024 16:15,2024-05-14 16:15:00,2024,5,14,16,135,31.7
CWPRS campus,18.446944,73.785,14-05-2024 16:20,2024-05-14 16:20:00,2024,5,14,16,135,31.6
CWPRS campus,18.446944,73.785,14-05-2024 16:25,2024-05-14 16:25:00,2024,5,14,16,135,32.5
CWPRS campus,18.446944,73.785,14-05-2024 16:30,2024-05-14 16:30:00,2024,5,14,16,135,33.0
CWPRS campus,18.446944,73.785,14-05-2024 16:35,2024-05-14 16:35:00,2024,5,14,16,135,33.4
CWPRS campus,18.446944,73.785,14-05-2024 16:40,2024-05-14 16:40:00,2024,5,14,16,135,33.7
CWPRS campus,18.446944,73.785,14-05-2024 16:45,2024-05-14 16:45:00,2024,5,14,16,135,33.8
CWPRS campus,18.446944,73.785,14-05-2024 16:50,2024-05-14 16:50:00,2024,5,14,16,135,34.4
CWPRS campus,18.446944,73.785,14-05-2024 16:55,2024-05-14 16:55:00,2024,5,14,16,135,34.7
CWPRS campus,18.446944,73.785,14-05-2024 17:00,2024-05-14 17:00:00,2024,5,14,17,135,34.1
CWPRS campus,18.446944,73.785,14-05-2024 17:05,2024-05-14 17:05:00,2024,5,14,17,135,33.9
CWPRS campus,18.446944,73.785,14-05-2024 17:10,2024-05-14 17:10:00,2024,5,14,17,135,34.1
CWPRS campus,18.446944,73.785,14-05-2024 17:15,2024-05-14 17:15:00,2024,5,14,17,135,34.5
CWPRS campus,18.446944,73.785,14-05-2024 17:20,2024-05-14 17:20:00,2024,5,14,17,135,34.8
CWPRS campus,18.446944,73.785,14-05-2024 17:25,2024-05-14 17:25:00,2024,5,14,17,135,35.6
CWPRS campus,18.446944,73.785,14-05-2024 17:30,2024-05-14 17:30:00,2024,5,14,17,135,35.1
CWPRS campus,18.446944,73.785,14-05-2024 17:35,2024-05-14 17:35:00,2024,5,14,17,135,35.5
CWPRS campus,18.446944,73.785,14-05-2024 17:40,2024-05-14 17:40:00,2024,5,14,17,135,35.1
CWPRS campus,18.446944,73.785,14-05-2024 17:45,2024-05-14 17:45:00,2024,5,14,17,135,35.8
CWPRS campus,18.446944,73.785,14-05-2024 17:50,2024-05-14 17:50:00,2024,5,14,17,135,36.1
CWPRS campus,18.446944,73.785,14-05-2024 17:55,2024-05-14 17:55:00,2024,5,14,17,135,36.6
CWPRS campus,18.446944,73.785,14-05-2024 18:00,2024-05-14 18:00:00,2024,5,14,18,135,36.7
CWPRS campus,18.446944,73.785,14-05-2024 18:05,2024-05-14 18:05:00,2024,5,14,18,135,37.6
CWPRS campus,18.446944,73.785,14-05-2024 18:10,2024-05-14 18:10:00,2024,5,14,18,135,38.4
CWPRS campus,18.446944,73.785,14-05-2024 18:15,2024-05-14 18:15:00,2024,5,14,18,135,39.0
CWPRS campus,18.446944,73.785,14-05-2024 18:20,2024-05-14 18:20:00,2024,5,14,18,135,39.3
CWPRS campus,18.446944,73.785,14-05-2024 18:25,2024-05-14 18:25:00,2024,5,14,18,135,39.9
CWPRS campus,18.446944,73.785,14-05-2024 18:30,2024-05-14 18:30:00,2024,5,14,18,135,40.0
CWPRS campus,18.446944,73.785,14-05-2024 18:35,2024-05-14 18:35:00,2024,5,14,18,135,40.7
CWPRS campus,18.446944,73.785,14-05-2024 18:40,2024-05-14 18:40:00,2024,5,14,18,135,41.7
CWPRS campus,18.446944,73.785,14-05-2024 18:45,2024-05-14 18:45:00,2024,5,14,18,135,42.5
CWPRS campus,18.446944,73.785,14-05-2024 18:50,2024-05-14 18:50:00,2024,5,14,18,135,42.5
CWPRS campus,18.446944,73.785,14-05-2024 18:55,2024-05-14 18:55:00,2024,5,14,18,135,43.0
CWPRS campus,18.446944,73.785,14-05-2024 19:00,2024-05-14 19:00:00,2024,5,14,19,135,42.9
CWPRS campus,18.446944,73.785,14-05-2024 19:05,2024-05-14 19:05:00,2024,5,14,19,135,43.5
CWPRS campus,18.446944,73.785,14-05-2024 19:10,2024-05-14 19:10:00,2024,5,14,19,135,44.1
CWPRS campus,18.446944,73.785,14-05-2024 19:15,2024-05-14 19:15:00,2024,5,14,19,135,43.7
CWPRS campus,18.446944,73.785,14-05-2024 19:20,2024-05-14 19:20:00,2024,5,14,19,135,43.7
CWPRS campus,18.446944,73.785,14-05-2024 19:25,2024-05-14 19:25:00,2024,5,14,19,135,44.0
CWPRS campus,18.446944,73.785,14-05-2024 19:30,2024-05-14 19:30:00,2024,5,14,19,135,44.3
CWPRS campus,18.446944,73.785,14-05-2024 19:35,2024-05-14 19:35:00,2024,5,14,19,135,44.3
CWPRS campus,18.446944,73.785,14-05-2024 19:40,2024-05-14 19:40:00,2024,5,14,19,135,45.0
CWPRS campus,18.446944,73.785,14-05-2024 19:45,2024-05-14 19:45:00,2024,5,14,19,135,45.5
CWPRS campus,18.446944,73.785,14-05-2024 19:50,2024-05-14 19:50:00,2024,5,14,19,135,46.0
CWPRS campus,18.446944,73.785,14-05-2024 19:55,2024-05-14 19:55:00,2024,5,14,19,135,46.1
CWPRS campus,18.446944,73.785,14-05-2024 20:00,2024-05-14 20:00:00,2024,5,14,20,135,47.1
CWPRS campus,18.446944,73.785,14-05-2024 20:05,2024-05-14 20:05:00,2024,5,14,20,135,48.2
CWPRS campus,18.446944,73.785,14-05-2024 20:10,2024-05-14 20:10:00,2024,5,14,20,135,48.5
CWPRS campus,18.446944,73.785,14-05-2024 20:15,2024-05-14 20:15:00,2024,5,14,20,135,48.7
CWPRS campus,18.446944,73.785,14-05-2024 20:20,2024-05-14 20:20:00,2024,5,14,20,135,49.3
CWPRS campus,18.446944,73.785,14-05-2024 20:25,2024-05-14 20:25:00,2024,5,14,20,135,49.7
CWPRS campus,18.446944,73.785,14-05-2024 20:30,2024-05-14 20:30:00,2024,5,14,20,135,50.1
CWPRS campus,18.446944,73.785,14-05-2024 20:35,2024-05-14 20:35:00,2024,5,14,20,135,50.8
CWPRS campus,18.446944,73.785,14-05-2024 20:40,2024-05-14 20:40:00,2024,5,14,20,135,50.5
CWPRS campus,18.446944,73.785,14-05-2024 20:45,2024-05-14 20:45:00,2024,5,14,20,135,51.6
CWPRS campus,18.446944,73.785,14-05-2024 20:50,2024-05-14 20:50:00,2024,5,14,20,135,52.0
CWPRS campus,18.446944,73.785,14-05-2024 20:55,2024-05-14 20:55:00,2024,5,14,20,135,52.3
CWPRS campus,18.446944,73.785,14-05-2024 21:00,2024-05-14 21:00:00,2024,5,14,21,135,52.8
CWPRS campus,18.446944,73.785,14-05-2024 21:05,2024-05-14 21:05:00,2024,5,14,21,135,53.2
CWPRS campus,18.446944,73.785,14-05-2024 21:10,2024-05-14 21:10:00,2024,5,14,21,135,53.0
CWPRS campus,18.446944,73.785,14-05-2024 21:15,2024-05-14 21:15:00,2024,5,14,21,135,54.1
CWPRS campus,18.446944,73.785,14-05-2024 21:20,2024-05-14 21:20:00,2024,5,14,21,135,54.6
CWPRS campus,18.446944,73.785,14-05-2024 21:25,2024-05-14 21:25:00,2024,5,14,21,135,55.2
CWPRS campus,18.446944,73.785,14-05-2024 21:30,2024-05-14 21:30:00,2024,5,14,21,135,56.1
CWPRS campus,18.446944,73.785,14-05-2024 21:35,2024-05-14 21:35:00,2024,5,14,21,135,56.1
CWPRS campus,18.446944,73.785,14-05-2024 21:40,2024-05-14 21:40:00,2024,5,14,21,135,56.7
CWPRS campus,18.446944,73.785,14-05-2024 21:45,2024-05-14 21:45:00,2024,5,14,21,135,57.1
CWPRS campus,18.446944,73.785,14-05-2024 21:50,2024-05-14 21:50:00,2024,5,14,21,135,57.8
CWPRS campus,18.446944,73.785,14-05-2024 21:55,2024-05-14 21:55:00,2024,5,14,21,135,57.4
CWPRS campus,18.446944,73.785,14-05-2024 22:00,2024-05-14 22:00:00,2024,5,14,22,135,57.8
CWPRS campus,18.446944,73.785,14-05-2024 22:05,2024-05-14 22:05:00,2024,5,14,22,135,58.0
CWPRS campus,18.446944,73.785,14-05-2024 22:10,2024-05-14 22:10:00,2024,5,14,22,135,58.7
CWPRS campus,18.446944,73.785,14-05-2024 22:15,2024-05-14 22:15:00,2024,5,14,22,135,59.3
CWPRS campus,18.446944,73.785,14-05-2024 22:20,2024-05-14 22:20:00,2024,5,14,22,135,59.5
CWPRS campus,18.446944,73.785,14-05-2024 22:25,2024-05-14 22:25:00,2024,5,14,22,135,59.6
CWPRS campus,18.446944,73.785,14-05-2024 22:30,2024-05-14 22:30:00,2024,5,14,22,135,60.0
CWPRS campus,18.446944,73.785,14-05-2024 22:35,2024-05-14 22:35:00,2024,5,14,22,135,60.1
CWPRS campus,18.446944,73.785,14-05-2024 22:40,2024-05-14 22:40:00,2024,5,14,22,135,60.9
CWPRS campus,18.446944,73.785,14-05-2024 22:45,2024-05-14 22:45:00,2024,5,14,22,135,61.2
CWPRS campus,18.446944,73.785,14-05-2024 22:50,2024-05-14 22:50:00,2024,5,14,22,135,60.4
CWPRS campus,18.446944,73.785,14-05-2024 22:55,2024-05-14 22:55:00,2024,5,14,22,135,60.8
CWPRS campus,18.446944,73.785,14-05-2024 23:00,2024-05-14 23:00:00,2024,5,14,23,135,60.8
CWPRS campus,18.446944,73.785,14-05-2024 23:05,2024-05-14 23:05:00,2024,5,14,23,135,60.7
CWPRS campus,18.446944,73.785,14-05-2024 23:10,2024-05-14 23:10:00,2024,5,14,23,135,60.7
CWPRS campus,18.446944,73.785,14-05-2024 23:15,2024-05-14 23:15:00,2024,5,14,23,135,61.2
CWPRS campus,18.446944,73.785,14-05-2024 23:20,2024-05-14 23:20:00,2024,5,14,23,135,62.3
CWPRS campus,18.446944,73.785,14-05-2024 23:25,2024-05-14 23:25:00,2024,5,14,23,135,62.8
CWPRS campus,18.446944,73.785,14-05-2024 23:30,2024-05-14 23:30:00,2024,5,14,23,135,63.0
CWPRS campus,18.446944,73.785,14-05-2024 23:35,2024-05-14 23:35:00,2024,5,14,23,135,63.6
CWPRS campus,18.446944,73.785,14-05-2024 23:40,2024-05-14 23:40:00,2024,5,14,23,135,63.9
CWPRS campus,18.446944,73.785,14-05-2024 23:45,2024-05-14 23:45:00,2024,5,14,23,135,64.0
CWPRS campus,18.446944,73.785,14-05-2024 23:50,2024-05-14 23:50:00,2024,5,14,23,135,64.0
CWPRS campus,18.446944,73.785,14-05-2024 23:55,2024-05-14 23:55:00,2024,5,14,23,135,63.7
CWPRS campus,18.446944,73.785,15-05-2024 00:00,2024-05-15 00:00:00,2024,5,15,0,136,64.0
CWPRS campus,18.446944,73.785,15-05-2024 00:05,2024-05-15 00:05:00,2024,5,15,0,136,64.5
CWPRS campus,18.446944,73.785,15-05-2024 00:10,2024-05-15 00:10:00,2024,5,15,0,136,64.8
CWPRS campus,18.446944,73.785,15-05-2024 00:15,2024-05-15 00:15:00,2024,5,15,0,136,65.1
CWPRS campus,18.446944,73.785,15-05-2024 00:20,2024-05-15 00:20:00,2024,5,15,0,136,65.1
CWPRS campus,18.446944,73.785,15-05-2024 00:25,2024-05-15 00:25:00,2024,5,15,0,136,65.7
CWPRS campus,18.446944,73.785,15-05-2024 00:30,2024-05-15 00:30:00,2024,5,15,0,136,65.6
CWPRS campus,18.446944,73.785,15-05-2024 00:35,2024-05-15 00:35:00,2024,5,15,0,136,66.3
CWPRS campus,18.446944,73.785,15-05-2024 00:40,2024-05-15 00:40:00,2024,5,15,0,136,66.2
CWPRS campus,18.446944,73.785,15-05-2024 00:45,2024-05-15 00:45:00,2024,5,15,0,136,66.2
CWPRS campus,18.446944,73.785,15-05-2024 00:50,2024-05-15 00:50:00,2024,5,15,0,136,66.0
CWPRS campus,18.446944,73.785,15-05-2024 00:55,2024-05-15 00:55:00,2024,5,15,0,136,66.2
CWPRS campus,18.446944,73.785,15-05-2024 01:00,2024-05-15 01:00:00,2024,5,15,1,136,66.9
CWPRS campus,18.446944,73.785,15-05-2024 01:05,2024-05-15 01:05:00,2024,5,15,1,136,67.4
CWPRS campus,18.446944,73.785,15-05-2024 01:10,2024-05-15 01:10:00,2024,5,15,1,136,68.1
CWPRS campus,18.446944,73.785,15-05-2024 01:15,2024-05-15 01:15:00,2024,5,15,1,136,68.6
CWPRS campus,18.446944,73.785,15-05-2024 01:20,2024-05-15 01:20:00,2024,5,15,1,136,68.4
CWPRS campus,18.446944,73.785,15-05-2024 01:25,2024-05-15 01:25:00,2024,5,15,1,136,68.5
CWPRS campus,18.446944,73.785,15-05-2024 01:30,2024-05-15 01:30:00,2024,5,15,1,136,68.4
CWPRS campus,18.446944,73.785,15-05-2024 01:35,2024-05-15 01:35:00,2024,5,15,1,136,69.1
CWPRS campus,18.446944,73.785,15-05-2024 01:40,2024-05-15 01:40:00,2024,5,15,1,136,68.8
CWPRS campus,18.446944,73.785,15-05-2024 01:45,2024-05-15 01:45:00,2024,5,15,1,136,69.4
CWPRS campus,18.446944,73.785,15-05-2024 01:50,2024-05-15 01:50:00,2024,5,15,1,136,69.9
CWPRS campus,18.446944,73.785,15-05-2024 01:55,2024-05-15 01:55:00,2024,5,15,1,136,70.8
CWPRS campus,18.446944,73.785,15-05-2024 02:00,2024-05-15 02:00:00,2024,5,15,2,136,70.7
CWPRS campus,18.446944,73.785,15-05-2024 02:05,2024-05-15 02:05:00,2024,5,15,2,136,71.0
CWPRS campus,18.446944,73.785,15-05-2024 02:10,2024-05-15 02:10:00,2024,5,15,2,136,72.0
CWPRS campus,18.446944,73.785,15-05-2024 02:15,2024-05-15 02:15:00,2024,5,15,2,136,71.7
CWPRS campus,18.446944,73.785,15-05-2024 02:20,2024-05-15 02:20:00,2024,5,15,2,136,71.1
CWPRS campus,18.446944,73.785,15-05-2024 02:25,2024-05-15 02:25:00,2024,5,15,2,136,70.4
CWPRS campus,18.446944,73.785,15-05-2024 02:30,2024-05-15 02:30:00,2024,5,15,2,136,70.7
CWPRS campus,18.446944,73.785,15-05-2024 02:35,2024-05-15 02:35:00,2024,5,15,2,136,70.0
CWPRS campus,18.446944,73.785,15-05-2024 02:40,2024-05-15 02:40:00,2024,5,15,2,136,69.9
CWPRS campus,18.446944,73.785,15-05-2024 02:45,2024-05-15 02:45:00,2024,5,15,2,136,70.1
CWPRS campus,18.446944,73.785,15-05-2024 02:50,2024-05-15 02:50:00,2024,5,15,2,136,70.2
CWPRS campus,18.446944,73.785,15-05-2024 02:55,2024-05-15 02:55:00,2024,5,15,2,136,70.3
CWPRS campus,18.446944,73.785,15-05-2024 03:00,2024-05-15 03:00:00,2024,5,15,3,136,70.4
CWPRS campus,18.446944,73.785,15-05-2024 03:05,2024-05-15 03:05:00,2024,5,15,3,136,70.9
CWPRS campus,18.446944,73.785,15-05-2024 03:10,2024-05-15 03:10:00,2024,5,15,3,136,70.4
CWPRS campus,18.446944,73.785,15-05-2024 03:15,2024-05-15 03:15:00,2024,5,15,3,136,70.1
CWPRS campus,18.446944,73.785,15-05-2024 03:20,2024-05-15 03:20:00,2024,5,15,3,136,69.7
CWPRS campus,18.446944,73.785,15-05-2024 03:25,2024-05-15 03:25:00,2024,5,15,3,136,70.0
CWPRS campus,18.446944,73.785,15-05-2024 03:30,2024-05-15 03:30:00,2024,5,15,3,136,70.2
CWPRS campus,18.446944,73.785,15-05-2024 03:35,2024-05-15 03:35:00,2024,5,15,3,136,70.3
CWPRS campus,18.446944,73.785,15-05-2024 03:40,2024-05-15 03:40:00,2024,5,15,3,136,70.6
CWPRS campus,18.446944,73.785,15-05-2024 03:45,2024-05-15 03:45:00,2024,5,15,3,136,70.0
CWPRS campus,18.446944,73.785,15-05-2024 03:50,2024-05-15 03:50:00,2024,5,15,3,136,70.5
CWPRS campus,18.446944,73.785,15-05-2024 03:55,2024-05-15 03:55:00,2024,5,15,3,136,70.9
CWPRS campus,18.446944,73.785,15-05-2024 04:00,2024-05-15 04:00:00,2024,5,15,4,136,70.9
CWPRS campus,18.446944,73.785,15-05-2024 04:05,2024-05-15 04:05:00,2024,5,15,4,136,71.4
CWPRS campus,18.446944,73.785,15-05-2024 04:10,2024-05-15 04:10:00,2024,5,15,4,136,70.4
CWPRS campus,18.446944,73.785,15-05-2024 04:15,2024-05-15 04:15:00,2024,5,15,4,136,69.9
CWPRS campus,18.446944,73.785,15-05-2024 04:20,2024-05-15 04:20:00,2024,5,15,4,136,69.4
CWPRS campus,18.446944,73.785,15-05-2024 04:25,2024-05-15 04:25:00,2024,5,15,4,136,69.4
CWPRS campus,18.446944,73.785,15-05-2024 04:30,2024-05-15 04:30:00,2024,5,15,4,136,68.7
CWPRS campus,18.446944,73.785,15-05-2024 04:35,2024-05-15 04:35:00,2024,5,15,4,136,68.7
CWPRS campus,18.446944,73.785,15-05-2024 04:40,2024-05-15 04:40:00,2024,5,15,4,136,69.0
CWPRS campus,18.446944,73.785,15-05-2024 04:45,2024-05-15 04:45:00,2024,5,15,4,136,68.9
CWPRS campus,18.446944,73.785,15-05-2024 04:50,2024-05-15 04:50:00,2024,5,15,4,136,68.7
CWPRS campus,18.446944,73.785,15-05-2024 04:55,2024-05-15 04:55:00,2024,5,15,4,136,67.9
CWPRS campus,18.446944,73.785,15-05-2024 05:00,2024-05-15 05:00:00,2024,5,15,5,136,67.2
CWPRS campus,18.446944,73.785,15-05-2024 05:05,2024-05-15 05:05:00,2024,5,15,5,136,67.4
CWPRS campus,18.446944,73.785,15-05-2024 05:10,2024-05-15 05:10:00,2024,5,15,5,136,67.3
CWPRS campus,18.446944,73.785,15-05-2024 05:15,2024-05-15 05:15:00,2024,5,15,5,136,66.9
CWPRS campus,18.446944,73.785,15-05-2024 05:20,2024-05-15 05:20:00,2024,5,15,5,136,66.4
CWPRS campus,18.446944,73.785,15-05-2024 05:25,2024-05-15 05:25:00,2024,5,15,5,136,65.2
CWPRS campus,18.446944,73.785,15-05-2024 05:30,2024-05-15 05:30:00,2024,5,15,5,136,64.4
CWPRS campus,18.446944,73.785,15-05-2024 05:35,2024-05-15 05:35:00,2024,5,15,5,136,64.8
CWPRS campus,18.446944,73.785,15-05-2024 05:40,2024-05-15 05:40:00,2024,5,15,5,136,63.9
CWPRS campus,18.446944,73.785,15-05-2024 05:45,2024-05-15 05:45:00,2024,5,15,5,136,63.7
CWPRS campus,18.446944,73.785,15-05-2024 05:50,2024-05-15 05:50:00,2024,5,15,5,136,63.7
CWPRS campus,18.446944,73.785,15-05-2024 05:55,2024-05-15 05:55:00,2024,5,15,5,136,62.8
CWPRS campus,18.446944,73.785,15-05-2024 06:00,2024-05-15 06:00:00,2024,5,15,6,136,62.5
CWPRS campus,18.446944,73.785,15-05-2024 06:05,2024-05-15 06:05:00,2024,5,15,6,136,62.5
CWPRS campus,18.446944,73.785,15-05-2024 06:10,2024-05-15 06:10:00,2024,5,15,6,136,62.1
CWPRS campus,18.446944,73.785,15-05-2024 06:15,2024-05-15 06:15:00,2024,5,15,6,136,62.8
CWPRS campus,18.446944,73.785,15-05-2024 06:20,2024-05-15 06:20:00,2024,5,15,6,136,61.6
CWPRS campus,18.446944,73.785,15-05-2024 06:25,2024-05-15 06:25:00,2024,5,15,6,136,61.6
CWPRS campus,18.446944,73.785,15-05-2024 06:30,2024-05-15 06:30:00,2024,5,15,6,136,61.1
CWPRS campus,18.446944,73.785,15-05-2024 06:35,2024-05-15 06:35:00,2024,5,15,6,136,60.9
CWPRS campus,18.446944,73.785,15-05-2024 06:40,2024-05-15 06:40:00,2024,5,15,6,136,60.6
CWPRS campus,18.446944,73.785,15-05-2024 06:45,2024-05-15 06:45:00,2024,5,15,6,136,59.8
CWPRS campus,18.446944,73.785,15-05-2024 06:50,2024-05-15 06:50:00,2024,5,15,6,136,59.4
CWPRS campus,18.446944,73.785,15-05-2024 06:55,2024-05-15 06:55:00,2024,5,15,6,136,58.2
CWPRS campus,18.446944,73.785,15-05-2024 07:00,2024-05-15 07:00:00,2024,5,15,7,136,58.0
CWPRS campus,18.446944,73.785,15-05-2024 07:05,2024-05-15 07:05:00,2024,5,15,7,136,57.6
CWPRS campus,18.446944,73.785,15-05-2024 07:10,2024-05-15 07:10:00,2024,5,15,7,136,57.4
CWPRS campus,18.446944,73.785,15-05-2024 07:15,2024-05-15 07:15:00,2024,5,15,7,136,57.3
CWPRS campus,18.446944,73.785,15-05-2024 07:20,2024-05-15 07:20:00,2024,5,15,7,136,56.9
CWPRS campus,18.446944,73.785,15-05-2024 07:25,2024-05-15 07:25:00,2024,5,15,7,136,56.5
CWPRS campus,18.446944,73.785,15-05-2024 07:30,2024-05-15 07:30:00,2024,5,15,7,136,55.6
CWPRS campus,18.446944,73.785,15-05-2024 07:35,2024-05-15 07:35:00,2024,5,15,7,136,54.8
CWPRS campus,18.446944,73.785,15-05-2024 07:40,2024-05-15 07:40:00,2024,5,15,7,136,54.8
CWPRS campus,18.446944,73.785,15-05-2024 07:45,2024-05-15 07:45:00,2024,5,15,7,136,54.8
CWPRS campus,18.446944,73.785,15-05-2024 07:50,2024-05-15 07:50:00,2024,5,15,7,136,54.2
CWPRS campus,18.446944,73.785,15-05-2024 07:55,2024-05-15 07:55:00,2024,5,15,7,136,53.6
CWPRS campus,18.446944,73.785,15-05-2024 08:00,2024-05-15 08:00:00,2024,5,15,8,136,52.7
CWPRS campus,18.446944,73.785,15-05-2024 08:05,2024-05-15 08:05:00,2024,5,15,8,136,52.7
CWPRS campus,18.446944,73.785,15-05-2024 08:10,2024-05-15 08:10:00,2024,5,15,8,136,52.4
CWPRS campus,18.446944,73.785,15-05-2024 08:15,2024-05-15 08:15:00,2024,5,15,8,136,52.6
CWPRS campus,18.446944,73.785,15-05-2024 08:20,2024-05-15 08:20:00,2024,5,15,8,136,51.7
CWPRS campus,18.446944,73.785,15-05-2024 08:25,2024-05-15 08:25:00,2024,5,15,8,136,51.0
CWPRS campus,18.446944,73.785,15-05-2024 08:30,2024-05-15 08:30:00,2024,5,15,8,136,50.5
CWPRS campus,18.446944,73.785,15-05-2024 08:35,2024-05-15 08:35:00,2024,5,15,8,136,50.2
CWPRS campus,18.446944,73.785,15-05-2024 08:40,2024-05-15 08:40:00,2024,5,15,8,136,49.6
CWPRS campus,18.446944,73.785,15-05-2024 08:45,2024-05-15 08:45:00,2024,5,15,8,136,48.7
CWPRS campus,18.446944,73.785,15-05-2024 08:50,2024-05-15 08:50:00,2024,5,15,8,136,48.5
CWPRS campus,18.446944,73.785,15-05-2024 08:55,2024-05-15 08:55:00,2024,5,15,8,136,48.2
CWPRS campus,18.446944,73.785,15-05-2024 09:00,2024-05-15 09:00:00,2024,5,15,9,136,47.3
CWPRS campus,18.446944,73.785,15-05-2024 09:05,2024-05-15 09:05:00,2024,5,15,9,136,47.3
CWPRS campus,18.446944,73.785,15-05-2024 09:10,2024-05-15 09:10:00,2024,5,15,9,136,47.2
CWPRS campus,18.446944,73.785,15-05-2024 09:15,2024-05-15 09:15:00,2024,5,15,9,136,46.7
CWPRS campus,18.446944,73.785,15-05-2024 09:20,2024-05-15 09:20:00,2024,5,15,9,136,46.2
CWPRS campus,18.446944,73.785,15-05-2024 09:25,2024-05-15 09:25:00,2024,5,15,9,136,45.8
CWPRS campus,18.446944,73.785,15-05-2024 09:30,2024-05-15 09:30:00,2024,5,15,9,136,44.9
CWPRS campus,18.446944,73.785,15-05-2024 09:35,2024-05-15 09:35:00,2024,5,15,9,136,44.4
CWPRS campus,18.446944,73.785,15-05-2024 09:40,2024-05-15 09:40:00,2024,5,15,9,136,43.0
CWPRS campus,18.446944,73.785,15-05-2024 09:45,2024-05-15 09:45:00,2024,5,15,9,136,42.8
CWPRS campus,18.446944,73.785,15-05-2024 09:50,2024-05-15 09:50:00,2024,5,15,9,136,41.7
CWPRS campus,18.446944,73.785,15-05-2024 09:55,2024-05-15 09:55:00,2024,5,15,9,136,41.9
CWPRS campus,18.446944,73.785,15-05-2024 10:00,2024-05-15 10:00:00,2024,5,15,10,136,41.3
CWPRS campus,18.446944,73.785,15-05-2024 10:05,2024-05-15 10:05:00,2024,5,15,10,136,40.7
CWPRS campus,18.446944,73.785,15-05-2024 10:10,2024-05-15 10:10:00,2024,5,15,10,136,40.0
CWPRS campus,18.446944,73.785,15-05-2024 10:15,2024-05-15 10:15:00,2024,5,15,10,136,39.4
CWPRS campus,18.446944,73.785,15-05-2024 10:20,2024-05-15 10:20:00,2024,5,15,10,136,39.6
CWPRS campus,18.446944,73.785,15-05-2024 10:25,2024-05-15 10:25:00,2024,5,15,10,136,38.1
CWPRS campus,18.446944,73.785,15-05-2024 10:30,2024-05-15 10:30:00,2024,5,15,10,136,38.2
CWPRS campus,18.446944,73.785,15-05-2024 10:35,2024-05-15 10:35:00,2024,5,15,10,136,37.9
CWPRS campus,18.446944,73.785,15-05-2024 10:40,2024-05-15 10:40:00,2024,5,15,10,136,37.0
CWPRS campus,18.446944,73.785,15-05-2024 10:45,2024-05-15 10:45:00,2024,5,15,10,136,36.2
CWPRS campus,18.446944,73.785,15-05-2024 10:50,2024-05-15 10:50:00,2024,5,15,10,136,36.5
CWPRS campus,18.446944,73.785,15-05-2024 10:55,2024-05-15 10:55:00,2024,5,15,10,136,35.7
CWPRS campus,18.446944,73.785,15-05-2024 11:00,2024-05-15 11:00:00,2024,5,15,11,136,34.9
CWPRS campus,18.446944,73.785,15-05-2024 11:05,2024-05-15 11:05:00,2024,5,15,11,136,35.0
CWPRS campus,18.446944,73.785,15-05-2024 11:10,2024-05-15 11:10:00,2024,5,15,11,136,34.8
CWPRS campus,18.446944,73.785,15-05-2024 11:15,2024-05-15 11:15:00,2024,5,15,11,136,34.1
CWPRS campus,18.446944,73.785,15-05-2024 11:20,2024-05-15 11:20:00,2024,5,15,11,136,33.8
CWPRS campus,18.446944,73.785,15-05-2024 11:25,2024-05-15 11:25:00,2024,5,15,11,136,33.1
CWPRS campus,18.446944,73.785,15-05-2024 11:30,2024-05-15 11:30:00,2024,5,15,11,136,33.2
CWPRS campus,18.446944,73.785,15-05-2024 11:35,2024-05-15 11:35:00,2024,5,15,11,136,33.3
CWPRS campus,18.446944,73.785,15-05-2024 11:40,2024-05-15 11:40:00,2024,5,15,11,136,33.2
CWPRS campus,18.446944,73.785,15-05-2024 11:45,2024-05-15 11:45:00,2024,5,15,11,136,33.0
CWPRS campus,18.446944,73.785,15-05-2024 11:50,2024-05-15 11:50:00,2024,5,15,11,136,33.4
CWPRS campus,18.446944,73.785,15-05-2024 11:55,2024-05-15 11:55:00,2024,5,15,11,136,33.0
CWPRS campus,18.446944,73.785,15-05-2024 12:00,2024-05-15 12:00:00,2024,5,15,12,136,32.2
CWPRS campus,18.446944,73.785,15-05-2024 12:05,2024-05-15 12:05:00,2024,5,15,12,136,32.1
CWPRS campus,18.446944,73.785,15-05-2024 12:10,2024-05-15 12:10:00,2024,5,15,12,136,32.6
CWPRS campus,18.446944,73.785,15-05-2024 12:15,2024-05-15 12:15:00,2024,5,15,12,136,31.9
CWPRS campus,18.446944,73.785,15-05-2024 12:20,2024-05-15 12:20:00,2024,5,15,12,136,31.4
CWPRS campus,18.446944,73.785,15-05-2024 12:25,2024-05-15 12:25:00,2024,5,15,12,136,31.3
CWPRS campus,18.446944,73.785,15-05-2024 12:30,2024-05-15 12:30:00,2024,5,15,12,136,31.0
CWPRS campus,18.446944,73.785,15-05-2024 12:35,2024-05-15 12:35:00,2024,5,15,12,136,30.3
CWPRS campus,18.446944,73.785,15-05-2024 12:40,2024-05-15 12:40:00,2024,5,15,12,136,30.5
CWPRS campus,18.446944,73.785,15-05-2024 12:45,2024-05-15 12:45:00,2024,5,15,12,136,31.2
CWPRS campus,18.446944,73.785,15-05-2024 12:50,2024-05-15 12:50:00,2024,5,15,12,136,31.0
CWPRS campus,18.446944,73.785,15-05-2024 12:55,2024-05-15 12:55:00,2024,5,15,12,136,30.3
CWPRS campus,18.446944,73.785,15-05-2024 13:00,2024-05-15 13:00:00,2024,5,15,13,136,29.4
CWPRS campus,18.446944,73.785,15-05-2024 13:05,2024-05-15 13:05:00,2024,5,15,13,136,29.3
CWPRS campus,18.446944,73.785,15-05-2024 13:10,2024-05-15 13:10:00,2024,5,15,13,136,29.6
CWPRS campus,18.446944,73.785,15-05-2024 13:15,2024-05-15 13:15:00,2024,5,15,13,136,29.6
CWPRS campus,18.446944,73.785,15-05-2024 13:20,2024-05-15 13:20:00,2024,5,15,13,136,29.4
CWPRS campus,18.446944,73.785,15-05-2024 13:25,2024-05-15 13:25:00,2024,5,15,13,136,28.9
CWPRS campus,18.446944,73.785,15-05-2024 13:30,2024-05-15 13:30:00,2024,5,15,13,136,28.3
CWPRS campus,18.446944,73.785,15-05-2024 13:35,2024-05-15 13:35:00,2024,5,15,13,136,28.5
CWPRS campus,18.446944,73.785,15-05-2024 13:40,2024-05-15 13:40:00,2024,5,15,13,136,28.8
CWPRS campus,18.446944,73.785,15-05-2024 13:45,2024-05-15 13:45:00,2024,5,15,13,136,28.0
CWPRS campus,18.446944,73.785,15-05-2024 13:50,2024-05-15 13:50:00,2024,5,15,13,136,28.5
CWPRS campus,18.446944,73.785,15-05-2024 13:55,2024-05-15 13:55:00,2024,5,15,13,136,28.6
CWPRS campus,18.446944,73.785,15-05-2024 14:00,2024-05-15 14:00:00,2024,5,15,14,136,29.1
CWPRS campus,18.446944,73.785,15-05-2024 14:05,2024-05-15 14:05:00,2024,5,15,14,136,28.4
CWPRS campus,18.446944,73.785,15-05-2024 14:10,2024-05-15 14:10:00,2024,5,15,14,136,27.8
CWPRS campus,18.446944,73.785,15-05-2024 14:15,2024-05-15 14:15:00,2024,5,15,14,136,27.7
CWPRS campus,18.446944,73.785,15-05-2024 14:20,2024-05-15 14:20:00,2024,5,15,14,136,27.8
CWPRS campus,18.446944,73.785,15-05-2024 14:25,2024-05-15 14:25:00,2024,5,15,14,136,28.5
CWPRS campus,18.446944,73.785,15-05-2024 14:30,2024-05-15 14:30:00,2024,5,15,14,136,28.7
CWPRS campus,18.446944,73.785,15-05-2024 14:35,2024-05-15 14:35:00,2024,5,15,14,136,28.6
CWPRS campus,18.446944,73.785,15-05-2024 14:40,2024-05-15 14:40:00,2024,5,15,14,136,28.1
CWPRS campus,18.446944,73.785,15-05-2024 14:45,2024-05-15 14:45:00,2024,5,15,14,136,28.6
CWPRS campus,18.446944,73.785,15-05-2024 14:50,2024-05-15 14:50:00,2024,5,15,14,136,28.2
CWPRS campus,18.446944,73.785,15-05-2024 14:55,2024-05-15 14:55:00,2024,5,15,14,136,28.9
CWPRS campus,18.446944,73.785,15-05-2024 15:00,2024-05-15 15:00:00,2024,5,15,15,136,28.7
CWPRS campus,18.446944,73.785,15-05-2024 15:05,2024-05-15 15:05:00,2024,5,15,15,136,29.4
CWPRS campus,18.446944,73.785,15-05-2024 15:10,2024-05-15 15:10:00,2024,5,15,15,136,29.7
CWPRS campus,18.446944,73.785,15-05-2024 15:15,2024-05-15 15:15:00,2024,5,15,15,136,29.6
CWPRS campus,18.446944,73.785,15-05-2024 15:20,2024-05-15 15:20:00,2024,5,15,15,136,29.4
CWPRS campus,18.446944,73.785,15-05-2024 15:25,2024-05-15 15:25:00,2024,5,15,15,136,29.3
CWPRS campus,18.446944,73.785,15-05-2024 15:30,2024-05-15 15:30:00,2024,5,15,15,136,29.5
CWPRS campus,18.446944,73.785,15-05-2024 15:35,2024-05-15 15:35:00,2024,5,15,15,136,29.6
CWPRS campus,18.446944,73.785,15-05-2024 15:40,2024-05-15 15:40:00,2024,5,15,15,136,29.5
CWPRS campus,18.446944,73.785,15-05-2024 15:45,2024-05-15 15:45:00,2024,5,15,15,136,29.5
CWPRS campus,18.446944,73.785,15-05-2024 15:50,2024-05-15 15:50:00,2024,5,15,15,136,29.7
CWPRS campus,18.446944,73.785,15-05-2024 15:55,2024-05-15 15:55:00,2024,5,15,15,136,28.9
CWPRS campus,18.446944,73.785,15-05-2024 16:00,2024-05-15 16:00:00,2024,5,15,16,136,29.3
CWPRS campus,18.446944,73.785,15-05-2024 16:05,2024-05-15 16:05:00,2024,5,15,16,136,29.1
CWPRS campus,18.446944,73.785,15-05-2024 16:10,2024-05-15 16:10:00,2024,5,15,16,136,28.9
CWPRS campus,18.446944,73.785,15-05-2024 16:15,2024-05-15 16:15:00,2024,5,15,16,136,28.4
CWPRS campus,18.446944,73.785,15-05-2024 16:20,2024-05-15 16:20:00,2024,5,15,16,136,28.0
CWPRS campus,18.446944,73.785,15-05-2024 16:25,2024-05-15 16:25:00,2024,5,15,16,136,27.8
CWPRS campus,18.446944,73.785,15-05-2024 16:30,2024-05-15 16:30:00,2024,5,15,16,136,27.9
CWPRS campus,18.446944,73.785,15-05-2024 16:35,2024-05-15 16:35:00,2024,5,15,16,136,29.0
CWPRS campus,18.446944,73.785,15-05-2024 16:40,2024-05-15 16:40:00,2024,5,15,16,136,29.2
CWPRS campus,18.446944,73.785,15-05-2024 16:45,2024-05-15 16:45:00,2024,5,15,16,136,29.6
CWPRS campus,18.446944,73.785,15-05-2024 16:50,2024-05-15 16:50:00,2024,5,15,16,136,30.1
CWPRS campus,18.446944,73.785,15-05-2024 16:55,2024-05-15 16:55:00,2024,5,15,16,136,30.5
CWPRS campus,18.446944,73.785,15-05-2024 17:00,2024-05-15 17:00:00,2024,5,15,17,136,30.9
CWPRS campus,18.446944,73.785,15-05-2024 17:05,2024-05-15 17:05:00,2024,5,15,17,136,30.8
CWPRS campus,18.446944,73.785,15-05-2024 17:10,2024-05-15 17:10:00,2024,5,15,17,136,31.7
CWPRS campus,18.446944,73.785,15-05-2024 17:15,2024-05-15 17:15:00,2024,5,15,17,136,32.8
CWPRS campus,18.446944,73.785,15-05-2024 17:20,2024-05-15 17:20:00,2024,5,15,17,136,32.5
CWPRS campus,18.446944,73.785,15-05-2024 17:25,2024-05-15 17:25:00,2024,5,15,17,136,32.5
CWPRS campus,18.446944,73.785,15-05-2024 17:30,2024-05-15 17:30:00,2024,5,15,17,136,32.8
CWPRS campus,18.446944,73.785,15-05-2024 17:35,2024-05-15 17:35:00,2024,5,15,17,136,32.8
CWPRS campus,18.446944,73.785,15-05-2024 17:40,2024-05-15 17:40:00,2024,5,15,17,136,33.4
CWPRS campus,18.446944,73.785,15-05-2024 17:45,2024-05-15 17:45:00,2024,5,15,17,136,33.6
CWPRS campus,18.446944,73.785,15-05-2024 17:50,2024-05-15 17:50:00,2024,5,15,17,136,34.9
CWPRS campus,18.446944,73.785,15-05-2024 17:55,2024-05-15 17:55:00,2024,5,15,17,136,35.8
CWPRS campus,18.446944,73.785,15-05-2024 18:00,2024-05-15 18:00:00,2024,5,15,18,136,36.3
CWPRS campus,18.446944,73.785,15-05-2024 18:05,2024-05-15 18:05:00,2024,5,15,18,136,37.1
CWPRS campus,18.446944,73.785,15-05-2024 18:10,2024-05-15 18:10:00,2024,5,15,18,136,37.9
CWPRS campus,18.446944,73.785,15-05-2024 18:15,2024-05-15 18:15:00,2024,5,15,18,136,38.0
CWPRS campus,18.446944,73.785,15-05-2024 18:20,2024-05-15 18:20:00,2024,5,15,18,136,38.1
CWPRS campus,18.446944,73.785,15-05-2024 18:25,2024-05-15 18:25:00,2024,5,15,18,136,38.5
CWPRS campus,18.446944,73.785,15-05-2024 18:30,2024-05-15 18:30:00,2024,5,15,18,136,39.3
CWPRS campus,18.446944,73.785,15-05-2024 18:35,2024-05-15 18:35:00,2024,5,15,18,136,39.7
CWPRS campus,18.446944,73.785,15-05-2024 18:40,2024-05-15 18:40:00,2024,5,15,18,136,39.5
CWPRS campus,18.446944,73.785,15-05-2024 18:45,2024-05-15 18:45:00,2024,5,15,18,136,39.6
CWPRS campus,18.446944,73.785,15-05-2024 18:50,2024-05-15 18:50:00,2024,5,15,18,136,40.1
CWPRS campus,18.446944,73.785,15-05-2024 18:55,2024-05-15 18:55:00,2024,5,15,18,136,40.5
CWPRS campus,18.446944,73.785,15-05-2024 19:00,2024-05-15 19:00:00,2024,5,15,19,136,41.8
CWPRS campus,18.446944,73.785,15-05-2024 19:05,2024-05-15 19:05:00,2024,5,15,19,136,41.7
CWPRS campus,18.446944,73.785,15-05-2024 19:10,2024-05-15 19:10:00,2024,5,15,19,136,42.3
CWPRS campus,18.446944,73.785,15-05-2024 19:15,2024-05-15 19:15:00,2024,5,15,19,136,43.4
CWPRS campus,18.446944,73.785,15-05-2024 19:20,2024-05-15 19:20:00,2024,5,15,19,136,44.7
CWPRS campus,18.446944,73.785,15-05-2024 19:25,2024-05-15 19:25:00,2024,5,15,19,136,45.0
CWPRS campus,18.446944,73.785,15-05-2024 19:30,2024-05-15 19:30:00,2024,5,15,19,136,45.6
CWPRS campus,18.446944,73.785,15-05-2024 19:35,2024-05-15 19:35:00,2024,5,15,19,136,46.2
CWPRS campus,18.446944,73.785,15-05-2024 19:40,2024-05-15 19:40:00,2024,5,15,19,136,46.7
CWPRS campus,18.446944,73.785,15-05-2024 19:45,2024-05-15 19:45:00,2024,5,15,19,136,47.1
CWPRS campus,18.446944,73.785,15-05-2024 19:50,2024-05-15 19:50:00,2024,5,15,19,136,47.7
CWPRS campus,18.446944,73.785,15-05-2024 19:55,2024-05-15 19:55:00,2024,5,15,19,136,47.1
CWPRS campus,18.446944,73.785,15-05-2024 20:00,2024-05-15 20:00:00,2024,5,15,20,136,47.8
CWPRS campus,18.446944,73.785,15-05-2024 20:05,2024-05-15 20:05:00,2024,5,15,20,136,48.3
CWPRS campus,18.446944,73.785,15-05-2024 20:10,2024-05-15 20:10:00,2024,5,15,20,136,48.7
CWPRS campus,18.446944,73.785,15-05-2024 20:15,2024-05-15 20:15:00,2024,5,15,20,136,49.9
CWPRS campus,18.446944,73.785,15-05-2024 20:20,2024-05-15 20:20:00,2024,5,15,20,136,50.1
CWPRS campus,18.446944,73.785,15-05-2024 20:25,2024-05-15 20:25:00,2024,5,15,20,136,50.4
CWPRS campus,18.446944,73.785,15-05-2024 20:30,2024-05-15 20:30:00,2024,5,15,20,136,51.6
CWPRS campus,18.446944,73.785,15-05-2024 20:35,2024-05-15 20:35:00,2024,5,15,20,136,51.7
CWPRS campus,18.446944,73.785,15-05-2024 20:40,2024-05-15 20:40:00,2024,5,15,20,136,51.9
CWPRS campus,18.446944,73.785,15-05-2024 20:45,2024-05-15 20:45:00,2024,5,15,20,136,52.3
CWPRS campus,18.446944,73.785,15-05-2024 20:50,2024-05-15 20:50:00,2024,5,15,20,136,53.1
CWPRS campus,18.446944,73.785,15-05-2024 20:55,2024-05-15 20:55:00,2024,5,15,20,136,53.6
CWPRS campus,18.446944,73.785,15-05-2024 21:00,2024-05-15 21:00:00,2024,5,15,21,136,53.5
CWPRS campus,18.446944,73.785,15-05-2024 21:05,2024-05-15 21:05:00,2024,5,15,21,136,53.8
CWPRS campus,18.446944,73.785,15-05-2024 21:10,2024-05-15 21:10:00,2024,5,15,21,136,54.0
CWPRS campus,18.446944,73.785,15-05-2024 21:15,2024-05-15 21:15:00,2024,5,15,21,136,54.5
CWPRS campus,18.446944,73.785,15-05-2024 21:20,2024-05-15 21:20:00,2024,5,15,21,136,55.1
CWPRS campus,18.446944,73.785,15-05-2024 21:25,2024-05-15 21:25:00,2024,5,15,21,136,55.8
CWPRS campus,18.446944,73.785,15-05-2024 21:30,2024-05-15 21:30:00,2024,5,15,21,136,55.5
CWPRS campus,18.446944,73.785,15-05-2024 21:35,2024-05-15 21:35:00,2024,5,15,21,136,56.4
CWPRS campus,18.446944,73.785,15-05-2024 21:40,2024-05-15 21:40:00,2024,5,15,21,136,57.0
CWPRS campus,18.446944,73.785,15-05-2024 21:45,2024-05-15 21:45:00,2024,5,15,21,136,58.0
CWPRS campus,18.446944,73.785,15-05-2024 21:50,2024-05-15 21:50:00,2024,5,15,21,136,58.6
CWPRS campus,18.446944,73.785,15-05-2024 21:55,2024-05-15 21:55:00,2024,5,15,21,136,59.5
CWPRS campus,18.446944,73.785,15-05-2024 22:00,2024-05-15 22:00:00,2024,5,15,22,136,60.1
CWPRS campus,18.446944,73.785,15-05-2024 22:05,2024-05-15 22:05:00,2024,5,15,22,136,61.0
CWPRS campus,18.446944,73.785,15-05-2024 22:10,2024-05-15 22:10:00,2024,5,15,22,136,61.6
CWPRS campus,18.446944,73.785,15-05-2024 22:15,2024-05-15 22:15:00,2024,5,15,22,136,61.9
CWPRS campus,18.446944,73.785,15-05-2024 22:20,2024-05-15 22:20:00,2024,5,15,22,136,63.2
CWPRS campus,18.446944,73.785,15-05-2024 22:25,2024-05-15 22:25:00,2024,5,15,22,136,63.8
CWPRS campus,18.446944,73.785,15-05-2024 22:30,2024-05-15 22:30:00,2024,5,15,22,136,64.4
CWPRS campus,18.446944,73.785,15-05-2024 22:35,2024-05-15 22:35:00,2024,5,15,22,136,64.1
CWPRS campus,18.446944,73.785,15-05-2024 22:40,2024-05-15 22:40:00,2024,5,15,22,136,63.9
CWPRS campus,18.446944,73.785,15-05-2024 22:45,2024-05-15 22:45:00,2024,5,15,22,136,64.4
CWPRS campus,18.446944,73.785,15-05-2024 22:50,2024-05-15 22:50:00,2024,5,15,22,136,64.8
CWPRS campus,18.446944,73.785,15-05-2024 22:55,2024-05-15 22:55:00,2024,5,15,22,136,64.8
CWPRS campus,18.446944,73.785,15-05-2024 23:00,2024-05-15 23:00:00,2024,5,15,23,136,65.2
CWPRS campus,18.446944,73.785,15-05-2024 23:05,2024-05-15 23:05:00,2024,5,15,23,136,66.2
CWPRS campus,18.446944,73.785,15-05-2024 23:10,2024-05-15 23:10:00,2024,5,15,23,136,66.8
CWPRS campus,18.446944,73.785,15-05-2024 23:15,2024-05-15 23:15:00,2024,5,15,23,136,66.6
CWPRS campus,18.446944,73.785,15-05-2024 23:20,2024-05-15 23:20:00,2024,5,15,23,136,66.8
CWPRS campus,18.446944,73.785,15-05-2024 23:25,2024-05-15 23:25:00,2024,5,15,23,136,66.8
CWPRS campus,18.446944,73.785,15-05-2024 23:30,2024-05-15 23:30:00,2024,5,15,23,136,67.0
CWPRS campus,18.446944,73.785,15-05-2024 23:35,2024-05-15 23:35:00,2024,5,15,23,136,67.1
CWPRS campus,18.446944,73.785,15-05-2024 23:40,2024-05-15 23:40:00,2024,5,15,23,136,67.2
CWPRS campus,18.446944,73.785,15-05-2024 23:45,2024-05-15 23:45:00,2024,5,15,23,136,67.0
CWPRS campus,18.446944,73.785,15-05-2024 23:50,2024-05-15 23:50:00,2024,5,15,23,136,67.3
CWPRS campus,18.446944,73.785,15-05-2024 23:55,2024-05-15 23:55:00,2024,5,15,23,136,67.4
CWPRS campus,18.446944,73.785,16-05-2024 00:00,2024-05-16 00:00:00,2024,5,16,0,137,66.6
CWPRS campus,18.446944,73.785,16-05-2024 00:05,2024-05-16 00:05:00,2024,5,16,0,137,67.8
CWPRS campus,18.446944,73.785,16-05-2024 00:10,2024-05-16 00:10:00,2024,5,16,0,137,68.6
CWPRS campus,18.446944,73.785,16-05-2024 00:15,2024-05-16 00:15:00,2024,5,16,0,137,68.7
CWPRS campus,18.446944,73.785,16-05-2024 00:20,2024-05-16 00:20:00,2024,5,16,0,137,69.0
CWPRS campus,18.446944,73.785,16-05-2024 00:25,2024-05-16 00:25:00,2024,5,16,0,137,68.8
CWPRS campus,18.446944,73.785,16-05-2024 00:30,2024-05-16 00:30:00,2024,5,16,0,137,69.8
CWPRS campus,18.446944,73.785,16-05-2024 00:35,2024-05-16 00:35:00,2024,5,16,0,137,70.8
CWPRS campus,18.446944,73.785,16-05-2024 00:40,2024-05-16 00:40:00,2024,5,16,0,137,71.1
CWPRS campus,18.446944,73.785,16-05-2024 00:45,2024-05-16 00:45:00,2024,5,16,0,137,71.7
CWPRS campus,18.446944,73.785,16-05-2024 00:50,2024-05-16 00:50:00,2024,5,16,0,137,96.9
CWPRS campus,18.446944,73.785,16-05-2024 00:55,2024-05-16 00:55:00,2024,5,16,0,137,96.6
CWPRS campus,18.446944,73.785,16-05-2024 01:00,2024-05-16 01:00:00,2024,5,16,1,137,96.6
CWPRS campus,18.446944,73.785,16-05-2024 01:05,2024-05-16 01:05:00,2024,5,16,1,137,96.8
CWPRS campus,18.446944,73.785,16-05-2024 01:10,2024-05-16 01:10:00,2024,5,16,1,137,96.8
CWPRS campus,18.446944,73.785,16-05-2024 01:15,2024-05-16 01:15:00,2024,5,16,1,137,96.9
CWPRS campus,18.446944,73.785,16-05-2024 01:20,2024-05-16 01:20:00,2024,5,16,1,137,72.0
CWPRS campus,18.446944,73.785,16-05-2024 01:25,2024-05-16 01:25:00,2024,5,16,1,137,72.1
CWPRS campus,18.446944,73.785,16-05-2024 01:30,2024-05-16 01:30:00,2024,5,16,1,137,72.3
CWPRS campus,18.446944,73.785,16-05-2024 01:35,2024-05-16 01:35:00,2024,5,16,1,137,72.0
CWPRS campus,18.446944,73.785,16-05-2024 01:40,2024-05-16 01:40:00,2024,5,16,1,137,71.9
CWPRS campus,18.446944,73.785,16-05-2024 01:45,2024-05-16 01:45:00,2024,5,16,1,137,71.5
CWPRS campus,18.446944,73.785,16-05-2024 01:50,2024-05-16 01:50:00,2024,5,16,1,137,72.1
CWPRS campus,18.446944,73.785,16-05-2024 01:55,2024-05-16 01:55:00,2024,5,16,1,137,71.3
CWPRS campus,18.446944,73.785,16-05-2024 02:00,2024-05-16 02:00:00,2024,5,16,2,137,72.0
CWPRS campus,18.446944,73.785,16-05-2024 02:05,2024-05-16 02:05:00,2024,5,16,2,137,72.6
CWPRS campus,18.446944,73.785,16-05-2024 02:10,2024-05-16 02:10:00,2024,5,16,2,137,72.6
CWPRS campus,18.446944,73.785,16-05-2024 02:15,2024-05-16 02:15:00,2024,5,16,2,137,71.6
CWPRS campus,18.446944,73.785,16-05-2024 02:20,2024-05-16 02:20:00,2024,5,16,2,137,71.6
CWPRS campus,18.446944,73.785,16-05-2024 02:25,2024-05-16 02:25:00,2024,5,16,2,137,71.7
CWPRS campus,18.446944,73.785,16-05-2024 02:30,2024-05-16 02:30:00,2024,5,16,2,137,71.4
CWPRS campus,18.446944,73.785,16-05-2024 02:35,2024-05-16 02:35:00,2024,5,16,2,137,71.3
CWPRS campus,18.446944,73.785,16-05-2024 02:40,2024-05-16 02:40:00,2024,5,16,2,137,72.0
CWPRS campus,18.446944,73.785,16-05-2024 02:45,2024-05-16 02:45:00,2024,5,16,2,137,72.3
CWPRS campus,18.446944,73.785,16-05-2024 02:50,2024-05-16 02:50:00,2024,5,16,2,137,72.0
CWPRS campus,18.446944,73.785,16-05-2024 02:55,2024-05-16 02:55:00,2024,5,16,2,137,71.4
CWPRS campus,18.446944,73.785,16-05-2024 03:00,2024-05-16 03:00:00,2024,5,16,3,137,71.3
CWPRS campus,18.446944,73.785,16-05-2024 03:05,2024-05-16 03:05:00,2024,5,16,3,137,71.3
CWPRS campus,18.446944,73.785,16-05-2024 03:10,2024-05-16 03:10:00,2024,5,16,3,137,71.5
CWPRS campus,18.446944,73.785,16-05-2024 03:15,2024-05-16 03:15:00,2024,5,16,3,137,71.3
CWPRS campus,18.446944,73.785,16-05-2024 03:20,2024-05-16 03:20:00,2024,5,16,3,137,71.5
CWPRS campus,18.446944,73.785,16-05-2024 03:25,2024-05-16 03:25:00,2024,5,16,3,137,72.2
CWPRS campus,18.446944,73.785,16-05-2024 03:30,2024-05-16 03:30:00,2024,5,16,3,137,72.5
CWPRS campus,18.446944,73.785,16-05-2024 03:35,2024-05-16 03:35:00,2024,5,16,3,137,72.4
CWPRS campus,18.446944,73.785,16-05-2024 03:40,2024-05-16 03:40:00,2024,5,16,3,137,72.2
CWPRS campus,18.446944,73.785,16-05-2024 03:45,2024-05-16 03:45:00,2024,5,16,3,137,71.9
CWPRS campus,18.446944,73.785,16-05-2024 03:50,2024-05-16 03:50:00,2024,5,16,3,137,72.3
CWPRS campus,18.446944,73.785,16-05-2024 03:55,2024-05-16 03:55:00,2024,5,16,3,137,71.9
CWPRS campus,18.446944,73.785,16-05-2024 04:00,2024-05-16 04:00:00,2024,5,16,4,137,71.7
CWPRS campus,18.446944,73.785,16-05-2024 04:05,2024-05-16 04:05:00,2024,5,16,4,137,71.6
CWPRS campus,18.446944,73.785,16-05-2024 04:10,2024-05-16 04:10:00,2024,5,16,4,137,71.2
CWPRS campus,18.446944,73.785,16-05-2024 04:15,2024-05-16 04:15:00,2024,5,16,4,137,70.5
CWPRS campus,18.446944,73.785,16-05-2024 04:20,2024-05-16 04:20:00,2024,5,16,4,137,70.5
CWPRS campus,18.446944,73.785,16-05-2024 04:25,2024-05-16 04:25:00,2024,5,16,4,137,70.3
CWPRS campus,18.446944,73.785,16-05-2024 04:30,2024-05-16 04:30:00,2024,5,16,4,137,70.3
CWPRS campus,18.446944,73.785,16-05-2024 04:35,2024-05-16 04:35:00,2024,5,16,4,137,69.9
CWPRS campus,18.446944,73.785,16-05-2024 04:40,2024-05-16 04:40:00,2024,5,16,4,137,70.2
CWPRS campus,18.446944,73.785,16-05-2024 04:45,2024-05-16 04:45:00,2024,5,16,4,137,69.6
CWPRS campus,18.446944,73.785,16-05-2024 04:50,2024-05-16 04:50:00,2024,5,16,4,137,70.0
CWPRS campus,18.446944,73.785,16-05-2024 04:55,2024-05-16 04:55:00,2024,5,16,4,137,69.0
CWPRS campus,18.446944,73.785,16-05-2024 05:00,2024-05-16 05:00:00,2024,5,16,5,137,69.0
CWPRS campus,18.446944,73.785,16-05-2024 05:05,2024-05-16 05:05:00,2024,5,16,5,137,68.9
CWPRS campus,18.446944,73.785,16-05-2024 05:10,2024-05-16 05:10:00,2024,5,16,5,137,68.3
CWPRS campus,18.446944,73.785,16-05-2024 05:15,2024-05-16 05:15:00,2024,5,16,5,137,68.2
CWPRS campus,18.446944,73.785,16-05-2024 05:20,2024-05-16 05:20:00,2024,5,16,5,137,68.4
CWPRS campus,18.446944,73.785,16-05-2024 05:25,2024-05-16 05:25:00,2024,5,16,5,137,67.2
CWPRS campus,18.446944,73.785,16-05-2024 05:30,2024-05-16 05:30:00,2024,5,16,5,137,67.1
CWPRS campus,18.446944,73.785,16-05-2024 05:35,2024-05-16 05:35:00,2024,5,16,5,137,65.8
CWPRS campus,18.446944,73.785,16-05-2024 05:40,2024-05-16 05:40:00,2024,5,16,5,137,65.2
CWPRS campus,18.446944,73.785,16-05-2024 05:45,2024-05-16 05:45:00,2024,5,16,5,137,65.5
CWPRS campus,18.446944,73.785,16-05-2024 05:50,2024-05-16 05:50:00,2024,5,16,5,137,65.0
CWPRS campus,18.446944,73.785,16-05-2024 05:55,2024-05-16 05:55:00,2024,5,16,5,137,64.2
CWPRS campus,18.446944,73.785,16-05-2024 06:00,2024-05-16 06:00:00,2024,5,16,6,137,63.9
CWPRS campus,18.446944,73.785,16-05-2024 06:05,2024-05-16 06:05:00,2024,5,16,6,137,64.4
CWPRS campus,18.446944,73.785,16-05-2024 06:10,2024-05-16 06:10:00,2024,5,16,6,137,63.3
CWPRS campus,18.446944,73.785,16-05-2024 06:15,2024-05-16 06:15:00,2024,5,16,6,137,62.6
CWPRS campus,18.446944,73.785,16-05-2024 06:20,2024-05-16 06:20:00,2024,5,16,6,137,62.9
CWPRS campus,18.446944,73.785,16-05-2024 06:25,2024-05-16 06:25:00,2024,5,16,6,137,63.3
CWPRS campus,18.446944,73.785,16-05-2024 06:30,2024-05-16 06:30:00,2024,5,16,6,137,62.9
CWPRS campus,18.446944,73.785,16-05-2024 06:35,2024-05-16 06:35:00,2024,5,16,6,137,62.0
CWPRS campus,18.446944,73.785,16-05-2024 06:40,2024-05-16 06:40:00,2024,5,16,6,137,62.5
CWPRS campus,18.446944,73.785,16-05-2024 06:45,2024-05-16 06:45:00,2024,5,16,6,137,62.7
CWPRS campus,18.446944,73.785,16-05-2024 06:50,2024-05-16 06:50:00,2024,5,16,6,137,62.5
CWPRS campus,18.446944,73.785,16-05-2024 06:55,2024-05-16 06:55:00,2024,5,16,6,137,61.7
CWPRS campus,18.446944,73.785,16-05-2024 07:00,2024-05-16 07:00:00,2024,5,16,7,137,61.2
CWPRS campus,18.446944,73.785,16-05-2024 07:05,2024-05-16 07:05:00,2024,5,16,7,137,60.7
CWPRS campus,18.446944,73.785,16-05-2024 07:10,2024-05-16 07:10:00,2024,5,16,7,137,60.4
CWPRS campus,18.446944,73.785,16-05-2024 07:15,2024-05-16 07:15:00,2024,5,16,7,137,60.5
CWPRS campus,18.446944,73.785,16-05-2024 07:20,2024-05-16 07:20:00,2024,5,16,7,137,60.4
CWPRS campus,18.446944,73.785,16-05-2024 07:25,2024-05-16 07:25:00,2024,5,16,7,137,59.4
CWPRS campus,18.446944,73.785,16-05-2024 07:30,2024-05-16 07:30:00,2024,5,16,7,137,59.5
CWPRS campus,18.446944,73.785,16-05-2024 07:35,2024-05-16 07:35:00,2024,5,16,7,137,59.1
CWPRS campus,18.446944,73.785,16-05-2024 07:40,2024-05-16 07:40:00,2024,5,16,7,137,58.8
CWPRS campus,18.446944,73.785,16-05-2024 07:45,2024-05-16 07:45:00,2024,5,16,7,137,58.9
CWPRS campus,18.446944,73.785,16-05-2024 07:50,2024-05-16 07:50:00,2024,5,16,7,137,57.9
CWPRS campus,18.446944,73.785,16-05-2024 07:55,2024-05-16 07:55:00,2024,5,16,7,137,57.3
CWPRS campus,18.446944,73.785,16-05-2024 08:00,2024-05-16 08:00:00,2024,5,16,8,137,56.6
CWPRS campus,18.446944,73.785,16-05-2024 08:05,2024-05-16 08:05:00,2024,5,16,8,137,55.4
CWPRS campus,18.446944,73.785,16-05-2024 08:10,2024-05-16 08:10:00,2024,5,16,8,137,55.1
CWPRS campus,18.446944,73.785,16-05-2024 08:15,2024-05-16 08:15:00,2024,5,16,8,137,55.6
CWPRS campus,18.446944,73.785,16-05-2024 08:20,2024-05-16 08:20:00,2024,5,16,8,137,54.3
CWPRS campus,18.446944,73.785,16-05-2024 08:25,2024-05-16 08:25:00,2024,5,16,8,137,53.8
CWPRS campus,18.446944,73.785,16-05-2024 08:30,2024-05-16 08:30:00,2024,5,16,8,137,53.6
CWPRS campus,18.446944,73.785,16-05-2024 08:35,2024-05-16 08:35:00,2024,5,16,8,137,53.1
CWPRS campus,18.446944,73.785,16-05-2024 08:40,2024-05-16 08:40:00,2024,5,16,8,137,52.5
CWPRS campus,18.446944,73.785,16-05-2024 08:45,2024-05-16 08:45:00,2024,5,16,8,137,51.5
CWPRS campus,18.446944,73.785,16-05-2024 08:50,2024-05-16 08:50:00,2024,5,16,8,137,51.1
CWPRS campus,18.446944,73.785,16-05-2024 08:55,2024-05-16 08:55:00,2024,5,16,8,137,50.3
CWPRS campus,18.446944,73.785,16-05-2024 09:00,2024-05-16 09:00:00,2024,5,16,9,137,49.0
CWPRS campus,18.446944,73.785,16-05-2024 09:05,2024-05-16 09:05:00,2024,5,16,9,137,49.1
CWPRS campus,18.446944,73.785,16-05-2024 09:10,2024-05-16 09:10:00,2024,5,16,9,137,49.0
CWPRS campus,18.446944,73.785,16-05-2024 09:15,2024-05-16 09:15:00,2024,5,16,9,137,48.6
CWPRS campus,18.446944,73.785,16-05-2024 09:20,2024-05-16 09:20:00,2024,5,16,9,137,48.2
CWPRS campus,18.446944,73.785,16-05-2024 09:25,2024-05-16 09:25:00,2024,5,16,9,137,48.2
CWPRS campus,18.446944,73.785,16-05-2024 09:30,2024-05-16 09:30:00,2024,5,16,9,137,47.8
CWPRS campus,18.446944,73.785,16-05-2024 09:35,2024-05-16 09:35:00,2024,5,16,9,137,47.7
CWPRS campus,18.446944,73.785,16-05-2024 09:40,2024-05-16 09:40:00,2024,5,16,9,137,47.1
CWPRS campus,18.446944,73.785,16-05-2024 09:45,2024-05-16 09:45:00,2024,5,16,9,137,47.1
CWPRS campus,18.446944,73.785,16-05-2024 09:50,2024-05-16 09:50:00,2024,5,16,9,137,46.7
CWPRS campus,18.446944,73.785,16-05-2024 09:55,2024-05-16 09:55:00,2024,5,16,9,137,46.3
CWPRS campus,18.446944,73.785,16-05-2024 10:00,2024-05-16 10:00:00,2024,5,16,10,137,45.3
CWPRS campus,18.446944,73.785,16-05-2024 10:05,2024-05-16 10:05:00,2024,5,16,10,137,44.9
CWPRS campus,18.446944,73.785,16-05-2024 10:10,2024-05-16 10:10:00,2024,5,16,10,137,44.1
CWPRS campus,18.446944,73.785,16-05-2024 10:15,2024-05-16 10:15:00,2024,5,16,10,137,43.5
CWPRS campus,18.446944,73.785,16-05-2024 10:20,2024-05-16 10:20:00,2024,5,16,10,137,42.7
CWPRS campus,18.446944,73.785,16-05-2024 10:25,2024-05-16 10:25:00,2024,5,16,10,137,41.9
CWPRS campus,18.446944,73.785,16-05-2024 10:30,2024-05-16 10:30:00,2024,5,16,10,137,42.3
CWPRS campus,18.446944,73.785,16-05-2024 10:35,2024-05-16 10:35:00,2024,5,16,10,137,42.5
CWPRS campus,18.446944,73.785,16-05-2024 10:40,2024-05-16 10:40:00,2024,5,16,10,137,42.8
CWPRS campus,18.446944,73.785,16-05-2024 10:45,2024-05-16 10:45:00,2024,5,16,10,137,41.8
CWPRS campus,18.446944,73.785,16-05-2024 10:50,2024-05-16 10:50:00,2024,5,16,10,137,41.4
CWPRS campus,18.446944,73.785,16-05-2024 10:55,2024-05-16 10:55:00,2024,5,16,10,137,40.5
CWPRS campus,18.446944,73.785,16-05-2024 11:00,2024-05-16 11:00:00,2024,5,16,11,137,39.8
CWPRS campus,18.446944,73.785,16-05-2024 11:05,2024-05-16 11:05:00,2024,5,16,11,137,39.1
CWPRS campus,18.446944,73.785,16-05-2024 11:10,2024-05-16 11:10:00,2024,5,16,11,137,39.3
CWPRS campus,18.446944,73.785,16-05-2024 11:15,2024-05-16 11:15:00,2024,5,16,11,137,38.7
CWPRS campus,18.446944,73.785,16-05-2024 11:20,2024-05-16 11:20:00,2024,5,16,11,137,38.8
CWPRS campus,18.446944,73.785,16-05-2024 11:25,2024-05-16 11:25:00,2024,5,16,11,137,38.7
CWPRS campus,18.446944,73.785,16-05-2024 11:30,2024-05-16 11:30:00,2024,5,16,11,137,39.3
CWPRS campus,18.446944,73.785,16-05-2024 11:35,2024-05-16 11:35:00,2024,5,16,11,137,38.3
CWPRS campus,18.446944,73.785,16-05-2024 11:40,2024-05-16 11:40:00,2024,5,16,11,137,38.4
CWPRS campus,18.446944,73.785,16-05-2024 11:45,2024-05-16 11:45:00,2024,5,16,11,137,38.5
CWPRS campus,18.446944,73.785,16-05-2024 11:50,2024-05-16 11:50:00,2024,5,16,11,137,37.7
CWPRS campus,18.446944,73.785,16-05-2024 11:55,2024-05-16 11:55:00,2024,5,16,11,137,37.8
CWPRS campus,18.446944,73.785,16-05-2024 12:00,2024-05-16 12:00:00,2024,5,16,12,137,37.6
CWPRS campus,18.446944,73.785,16-05-2024 12:05,2024-05-16 12:05:00,2024,5,16,12,137,37.1
CWPRS campus,18.446944,73.785,16-05-2024 12:10,2024-05-16 12:10:00,2024,5,16,12,137,36.4
CWPRS campus,18.446944,73.785,16-05-2024 12:15,2024-05-16 12:15:00,2024,5,16,12,137,35.8
CWPRS campus,18.446944,73.785,16-05-2024 12:20,2024-05-16 12:20:00,2024,5,16,12,137,36.4
CWPRS campus,18.446944,73.785,16-05-2024 12:25,2024-05-16 12:25:00,2024,5,16,12,137,36.1
CWPRS campus,18.446944,73.785,16-05-2024 12:30,2024-05-16 12:30:00,2024,5,16,12,137,36.1
CWPRS campus,18.446944,73.785,16-05-2024 12:35,2024-05-16 12:35:00,2024,5,16,12,137,35.4
CWPRS campus,18.446944,73.785,16-05-2024 12:40,2024-05-16 12:40:00,2024,5,16,12,137,34.9
CWPRS campus,18.446944,73.785,16-05-2024 12:45,2024-05-16 12:45:00,2024,5,16,12,137,35.0
CWPRS campus,18.446944,73.785,16-05-2024 12:50,2024-05-16 12:50:00,2024,5,16,12,137,34.2
CWPRS campus,18.446944,73.785,16-05-2024 12:55,2024-05-16 12:55:00,2024,5,16,12,137,33.9
CWPRS campus,18.446944,73.785,16-05-2024 13:00,2024-05-16 13:00:00,2024,5,16,13,137,33.7
CWPRS campus,18.446944,73.785,16-05-2024 13:05,2024-05-16 13:05:00,2024,5,16,13,137,33.5
CWPRS campus,18.446944,73.785,16-05-2024 13:10,2024-05-16 13:10:00,2024,5,16,13,137,33.3
CWPRS campus,18.446944,73.785,16-05-2024 13:15,2024-05-16 13:15:00,2024,5,16,13,137,33.3
CWPRS campus,18.446944,73.785,16-05-2024 13:20,2024-05-16 13:20:00,2024,5,16,13,137,33.4
CWPRS campus,18.446944,73.785,16-05-2024 13:25,2024-05-16 13:25:00,2024,5,16,13,137,33.5
CWPRS campus,18.446944,73.785,16-05-2024 13:30,2024-05-16 13:30:00,2024,5,16,13,137,33.0
CWPRS campus,18.446944,73.785,16-05-2024 13:35,2024-05-16 13:35:00,2024,5,16,13,137,32.7
CWPRS campus,18.446944,73.785,16-05-2024 13:40,2024-05-16 13:40:00,2024,5,16,13,137,33.1
CWPRS campus,18.446944,73.785,16-05-2024 13:45,2024-05-16 13:45:00,2024,5,16,13,137,33.3
CWPRS campus,18.446944,73.785,16-05-2024 13:50,2024-05-16 13:50:00,2024,5,16,13,137,32.6
CWPRS campus,18.446944,73.785,16-05-2024 13:55,2024-05-16 13:55:00,2024,5,16,13,137,32.7
CWPRS campus,18.446944,73.785,16-05-2024 14:00,2024-05-16 14:00:00,2024,5,16,14,137,31.8
CWPRS campus,18.446944,73.785,16-05-2024 14:05,2024-05-16 14:05:00,2024,5,16,14,137,31.8
CWPRS campus,18.446944,73.785,16-05-2024 14:10,2024-05-16 14:10:00,2024,5,16,14,137,32.5
CWPRS campus,18.446944,73.785,16-05-2024 14:15,2024-05-16 14:15:00,2024,5,16,14,137,32.1
CWPRS campus,18.446944,73.785,16-05-2024 14:20,2024-05-16 14:20:00,2024,5,16,14,137,31.7
CWPRS campus,18.446944,73.785,16-05-2024 14:25,2024-05-16 14:25:00,2024,5,16,14,137,32.0
CWPRS campus,18.446944,73.785,16-05-2024 14:30,2024-05-16 14:30:00,2024,5,16,14,137,31.4
CWPRS campus,18.446944,73.785,16-05-2024 14:35,2024-05-16 14:35:00,2024,5,16,14,137,31.2
CWPRS campus,18.446944,73.785,16-05-2024 14:40,2024-05-16 14:40:00,2024,5,16,14,137,31.5
CWPRS campus,18.446944,73.785,16-05-2024 14:45,2024-05-16 14:45:00,2024,5,16,14,137,31.3
CWPRS campus,18.446944,73.785,16-05-2024 14:50,2024-05-16 14:50:00,2024,5,16,14,137,31.3
CWPRS campus,18.446944,73.785,16-05-2024 14:55,2024-05-16 14:55:00,2024,5,16,14,137,31.7
CWPRS campus,18.446944,73.785,16-05-2024 15:00,2024-05-16 15:00:00,2024,5,16,15,137,31.9
CWPRS campus,18.446944,73.785,16-05-2024 15:05,2024-05-16 15:05:00,2024,5,16,15,137,32.1
CWPRS campus,18.446944,73.785,16-05-2024 15:10,2024-05-16 15:10:00,2024,5,16,15,137,32.1
CWPRS campus,18.446944,73.785,16-05-2024 15:15,2024-05-16 15:15:00,2024,5,16,15,137,32.3
CWPRS campus,18.446944,73.785,16-05-2024 15:20,2024-05-16 15:20:00,2024,5,16,15,137,32.4
CWPRS campus,18.446944,73.785,16-05-2024 15:25,2024-05-16 15:25:00,2024,5,16,15,137,32.7
CWPRS campus,18.446944,73.785,16-05-2024 15:30,2024-05-16 15:30:00,2024,5,16,15,137,32.6
CWPRS campus,18.446944,73.785,16-05-2024 15:35,2024-05-16 15:35:00,2024,5,16,15,137,32.7
CWPRS campus,18.446944,73.785,16-05-2024 15:40,2024-05-16 15:40:00,2024,5,16,15,137,32.5
CWPRS campus,18.446944,73.785,16-05-2024 15:45,2024-05-16 15:45:00,2024,5,16,15,137,32.6
CWPRS campus,18.446944,73.785,16-05-2024 15:50,2024-05-16 15:50:00,2024,5,16,15,137,32.5
CWPRS campus,18.446944,73.785,16-05-2024 15:55,2024-05-16 15:55:00,2024,5,16,15,137,32.3
CWPRS campus,18.446944,73.785,16-05-2024 16:00,2024-05-16 16:00:00,2024,5,16,16,137,32.7
CWPRS campus,18.446944,73.785,16-05-2024 16:05,2024-05-16 16:05:00,2024,5,16,16,137,33.0
CWPRS campus,18.446944,73.785,16-05-2024 16:10,2024-05-16 16:10:00,2024,5,16,16,137,33.6
CWPRS campus,18.446944,73.785,16-05-2024 16:15,2024-05-16 16:15:00,2024,5,16,16,137,33.6
CWPRS campus,18.446944,73.785,16-05-2024 16:20,2024-05-16 16:20:00,2024,5,16,16,137,34.1
CWPRS campus,18.446944,73.785,16-05-2024 16:25,2024-05-16 16:25:00,2024,5,16,16,137,34.6
CWPRS campus,18.446944,73.785,16-05-2024 16:30,2024-05-16 16:30:00,2024,5,16,16,137,35.0
CWPRS campus,18.446944,73.785,16-05-2024 16:35,2024-05-16 16:35:00,2024,5,16,16,137,34.9
CWPRS campus,18.446944,73.785,16-05-2024 16:40,2024-05-16 16:40:00,2024,5,16,16,137,35.3
CWPRS campus,18.446944,73.785,16-05-2024 16:45,2024-05-16 16:45:00,2024,5,16,16,137,35.7
CWPRS campus,18.446944,73.785,16-05-2024 16:50,2024-05-16 16:50:00,2024,5,16,16,137,36.0
CWPRS campus,18.446944,73.785,16-05-2024 16:55,2024-05-16 16:55:00,2024,5,16,16,137,35.5
CWPRS campus,18.446944,73.785,16-05-2024 17:00,2024-05-16 17:00:00,2024,5,16,17,137,35.9
CWPRS campus,18.446944,73.785,16-05-2024 17:05,2024-05-16 17:05:00,2024,5,16,17,137,37.1
CWPRS campus,18.446944,73.785,16-05-2024 17:10,2024-05-16 17:10:00,2024,5,16,17,137,37.3
CWPRS campus,18.446944,73.785,16-05-2024 17:15,2024-05-16 17:15:00,2024,5,16,17,137,37.3
CWPRS campus,18.446944,73.785,16-05-2024 17:20,2024-05-16 17:20:00,2024,5,16,17,137,37.8
CWPRS campus,18.446944,73.785,16-05-2024 17:25,2024-05-16 17:25:00,2024,5,16,17,137,38.3
CWPRS campus,18.446944,73.785,16-05-2024 17:30,2024-05-16 17:30:00,2024,5,16,17,137,39.1
CWPRS campus,18.446944,73.785,16-05-2024 17:35,2024-05-16 17:35:00,2024,5,16,17,137,39.0
CWPRS campus,18.446944,73.785,16-05-2024 17:40,2024-05-16 17:40:00,2024,5,16,17,137,39.6
CWPRS campus,18.446944,73.785,16-05-2024 17:45,2024-05-16 17:45:00,2024,5,16,17,137,40.2
CWPRS campus,18.446944,73.785,16-05-2024 17:50,2024-05-16 17:50:00,2024,5,16,17,137,40.5
CWPRS campus,18.446944,73.785,16-05-2024 17:55,2024-05-16 17:55:00,2024,5,16,17,137,41.0
CWPRS campus,18.446944,73.785,16-05-2024 18:00,2024-05-16 18:00:00,2024,5,16,18,137,41.8
CWPRS campus,18.446944,73.785,16-05-2024 18:05,2024-05-16 18:05:00,2024,5,16,18,137,42.5
CWPRS campus,18.446944,73.785,16-05-2024 18:10,2024-05-16 18:10:00,2024,5,16,18,137,42.4
CWPRS campus,18.446944,73.785,16-05-2024 18:15,2024-05-16 18:15:00,2024,5,16,18,137,43.1
CWPRS campus,18.446944,73.785,16-05-2024 18:20,2024-05-16 18:20:00,2024,5,16,18,137,43.4
CWPRS campus,18.446944,73.785,16-05-2024 18:25,2024-05-16 18:25:00,2024,5,16,18,137,43.8
CWPRS campus,18.446944,73.785,16-05-2024 18:30,2024-05-16 18:30:00,2024,5,16,18,137,44.2
CWPRS campus,18.446944,73.785,16-05-2024 18:35,2024-05-16 18:35:00,2024,5,16,18,137,44.6
CWPRS campus,18.446944,73.785,16-05-2024 18:40,2024-05-16 18:40:00,2024,5,16,18,137,45.5
CWPRS campus,18.446944,73.785,16-05-2024 18:45,2024-05-16 18:45:00,2024,5,16,18,137,45.8
CWPRS campus,18.446944,73.785,16-05-2024 18:50,2024-05-16 18:50:00,2024,5,16,18,137,45.7
CWPRS campus,18.446944,73.785,16-05-2024 18:55,2024-05-16 18:55:00,2024,5,16,18,137,46.0
CWPRS campus,18.446944,73.785,16-05-2024 19:00,2024-05-16 19:00:00,2024,5,16,19,137,46.5
CWPRS campus,18.446944,73.785,16-05-2024 19:05,2024-05-16 19:05:00,2024,5,16,19,137,47.4
CWPRS campus,18.446944,73.785,16-05-2024 19:10,2024-05-16 19:10:00,2024,5,16,19,137,48.1
CWPRS campus,18.446944,73.785,16-05-2024 19:15,2024-05-16 19:15:00,2024,5,16,19,137,48.2
CWPRS campus,18.446944,73.785,16-05-2024 19:20,2024-05-16 19:20:00,2024,5,16,19,137,49.6
CWPRS campus,18.446944,73.785,16-05-2024 19:25,2024-05-16 19:25:00,2024,5,16,19,137,50.1
CWPRS campus,18.446944,73.785,16-05-2024 19:30,2024-05-16 19:30:00,2024,5,16,19,137,51.0
CWPRS campus,18.446944,73.785,16-05-2024 19:35,2024-05-16 19:35:00,2024,5,16,19,137,51.3
CWPRS campus,18.446944,73.785,16-05-2024 19:40,2024-05-16 19:40:00,2024,5,16,19,137,51.9
CWPRS campus,18.446944,73.785,16-05-2024 19:45,2024-05-16 19:45:00,2024,5,16,19,137,52.6
CWPRS campus,18.446944,73.785,16-05-2024 19:50,2024-05-16 19:50:00,2024,5,16,19,137,53.4
CWPRS campus,18.446944,73.785,16-05-2024 19:55,2024-05-16 19:55:00,2024,5,16,19,137,54.2
CWPRS campus,18.446944,73.785,16-05-2024 20:00,2024-05-16 20:00:00,2024,5,16,20,137,54.9
CWPRS campus,18.446944,73.785,16-05-2024 20:05,2024-05-16 20:05:00,2024,5,16,20,137,55.1
CWPRS campus,18.446944,73.785,16-05-2024 20:10,2024-05-16 20:10:00,2024,5,16,20,137,55.2
CWPRS campus,18.446944,73.785,16-05-2024 20:15,2024-05-16 20:15:00,2024,5,16,20,137,55.7
CWPRS campus,18.446944,73.785,16-05-2024 20:20,2024-05-16 20:20:00,2024,5,16,20,137,56.4
CWPRS campus,18.446944,73.785,16-05-2024 20:25,2024-05-16 20:25:00,2024,5,16,20,137,56.7
CWPRS campus,18.446944,73.785,16-05-2024 20:30,2024-05-16 20:30:00,2024,5,16,20,137,57.5
CWPRS campus,18.446944,73.785,16-05-2024 20:35,2024-05-16 20:35:00,2024,5,16,20,137,58.4
CWPRS campus,18.446944,73.785,16-05-2024 20:40,2024-05-16 20:40:00,2024,5,16,20,137,58.4
CWPRS campus,18.446944,73.785,16-05-2024 20:45,2024-05-16 20:45:00,2024,5,16,20,137,58.4
CWPRS campus,18.446944,73.785,16-05-2024 20:50,2024-05-16 20:50:00,2024,5,16,20,137,58.7
CWPRS campus,18.446944,73.785,16-05-2024 20:55,2024-05-16 20:55:00,2024,5,16,20,137,59.2
CWPRS campus,18.446944,73.785,16-05-2024 21:00,2024-05-16 21:00:00,2024,5,16,21,137,59.4
CWPRS campus,18.446944,73.785,16-05-2024 21:05,2024-05-16 21:05:00,2024,5,16,21,137,60.3
CWPRS campus,18.446944,73.785,16-05-2024 21:10,2024-05-16 21:10:00,2024,5,16,21,137,60.9
CWPRS campus,18.446944,73.785,16-05-2024 21:15,2024-05-16 21:15:00,2024,5,16,21,137,61.2
CWPRS campus,18.446944,73.785,16-05-2024 21:20,2024-05-16 21:20:00,2024,5,16,21,137,61.0
CWPRS campus,18.446944,73.785,16-05-2024 21:25,2024-05-16 21:25:00,2024,5,16,21,137,60.9
CWPRS campus,18.446944,73.785,16-05-2024 21:30,2024-05-16 21:30:00,2024,5,16,21,137,61.4
CWPRS campus,18.446944,73.785,16-05-2024 21:35,2024-05-16 21:35:00,2024,5,16,21,137,61.0
CWPRS campus,18.446944,73.785,16-05-2024 21:40,2024-05-16 21:40:00,2024,5,16,21,137,61.9
CWPRS campus,18.446944,73.785,16-05-2024 21:45,2024-05-16 21:45:00,2024,5,16,21,137,62.2
CWPRS campus,18.446944,73.785,16-05-2024 21:50,2024-05-16 21:50:00,2024,5,16,21,137,64.0
CWPRS campus,18.446944,73.785,16-05-2024 21:55,2024-05-16 21:55:00,2024,5,16,21,137,65.3
CWPRS campus,18.446944,73.785,16-05-2024 22:00,2024-05-16 22:00:00,2024,5,16,22,137,65.5
CWPRS campus,18.446944,73.785,16-05-2024 22:05,2024-05-16 22:05:00,2024,5,16,22,137,65.8
CWPRS campus,18.446944,73.785,16-05-2024 22:10,2024-05-16 22:10:00,2024,5,16,22,137,66.6
CWPRS campus,18.446944,73.785,16-05-2024 22:15,2024-05-16 22:15:00,2024,5,16,22,137,67.6
CWPRS campus,18.446944,73.785,16-05-2024 22:20,2024-05-16 22:20:00,2024,5,16,22,137,67.2
CWPRS campus,18.446944,73.785,16-05-2024 22:25,2024-05-16 22:25:00,2024,5,16,22,137,66.8
CWPRS campus,18.446944,73.785,16-05-2024 22:30,2024-05-16 22:30:00,2024,5,16,22,137,66.9
CWPRS campus,18.446944,73.785,16-05-2024 22:35,2024-05-16 22:35:00,2024,5,16,22,137,67.5
CWPRS campus,18.446944,73.785,16-05-2024 22:40,2024-05-16 22:40:00,2024,5,16,22,137,68.0
CWPRS campus,18.446944,73.785,16-05-2024 22:45,2024-05-16 22:45:00,2024,5,16,22,137,68.8
CWPRS campus,18.446944,73.785,16-05-2024 22:50,2024-05-16 22:50:00,2024,5,16,22,137,68.6
CWPRS campus,18.446944,73.785,16-05-2024 22:55,2024-05-16 22:55:00,2024,5,16,22,137,68.1
CWPRS campus,18.446944,73.785,16-05-2024 23:00,2024-05-16 23:00:00,2024,5,16,23,137,68.8
CWPRS campus,18.446944,73.785,16-05-2024 23:05,2024-05-16 23:05:00,2024,5,16,23,137,68.8
CWPRS campus,18.446944,73.785,16-05-2024 23:10,2024-05-16 23:10:00,2024,5,16,23,137,68.4
CWPRS campus,18.446944,73.785,16-05-2024 23:15,2024-05-16 23:15:00,2024,5,16,23,137,68.8
CWPRS campus,18.446944,73.785,16-05-2024 23:20,2024-05-16 23:20:00,2024,5,16,23,137,69.5
CWPRS campus,18.446944,73.785,16-05-2024 23:25,2024-05-16 23:25:00,2024,5,16,23,137,69.9
CWPRS campus,18.446944,73.785,16-05-2024 23:30,2024-05-16 23:30:00,2024,5,16,23,137,70.0
CWPRS campus,18.446944,73.785,16-05-2024 23:35,2024-05-16 23:35:00,2024,5,16,23,137,70.3
CWPRS campus,18.446944,73.785,16-05-2024 23:40,2024-05-16 23:40:00,2024,5,16,23,137,70.5
CWPRS campus,18.446944,73.785,16-05-2024 23:45,2024-05-16 23:45:00,2024,5,16,23,137,70.3
CWPRS campus,18.446944,73.785,16-05-2024 23:50,2024-05-16 23:50:00,2024,5,16,23,137,70.4
CWPRS campus,18.446944,73.785,16-05-2024 23:55,2024-05-16 23:55:00,2024,5,16,23,137,71.0
CWPRS campus,18.446944,73.785,17-05-2024 00:00,2024-05-17 00:00:00,2024,5,17,0,138,71.5
CWPRS campus,18.446944,73.785,17-05-2024 00:05,2024-05-17 00:05:00,2024,5,17,0,138,71.9
CWPRS campus,18.446944,73.785,17-05-2024 00:10,2024-05-17 00:10:00,2024,5,17,0,138,71.8
CWPRS campus,18.446944,73.785,17-05-2024 00:15,2024-05-17 00:15:00,2024,5,17,0,138,72.1
CWPRS campus,18.446944,73.785,17-05-2024 00:20,2024-05-17 00:20:00,2024,5,17,0,138,71.5
CWPRS campus,18.446944,73.785,17-05-2024 00:25,2024-05-17 00:25:00,2024,5,17,0,138,72.0
CWPRS campus,18.446944,73.785,17-05-2024 00:30,2024-05-17 00:30:00,2024,5,17,0,138,72.9
CWPRS campus,18.446944,73.785,17-05-2024 00:35,2024-05-17 00:35:00,2024,5,17,0,138,72.6
CWPRS campus,18.446944,73.785,17-05-2024 00:40,2024-05-17 00:40:00,2024,5,17,0,138,72.7
CWPRS campus,18.446944,73.785,17-05-2024 00:45,2024-05-17 00:45:00,2024,5,17,0,138,73.1
CWPRS campus,18.446944,73.785,17-05-2024 00:50,2024-05-17 00:50:00,2024,5,17,0,138,73.9
CWPRS campus,18.446944,73.785,17-05-2024 00:55,2024-05-17 00:55:00,2024,5,17,0,138,74.0
CWPRS campus,18.446944,73.785,17-05-2024 01:00,2024-05-17 01:00:00,2024,5,17,1,138,73.9
CWPRS campus,18.446944,73.785,17-05-2024 01:05,2024-05-17 01:05:00,2024,5,17,1,138,73.4
CWPRS campus,18.446944,73.785,17-05-2024 01:10,2024-05-17 01:10:00,2024,5,17,1,138,73.7
CWPRS campus,18.446944,73.785,17-05-2024 01:15,2024-05-17 01:15:00,2024,5,17,1,138,74.8
CWPRS campus,18.446944,73.785,17-05-2024 01:20,2024-05-17 01:20:00,2024,5,17,1,138,75.1
CWPRS campus,18.446944,73.785,17-05-2024 01:25,2024-05-17 01:25:00,2024,5,17,1,138,75.3
CWPRS campus,18.446944,73.785,17-05-2024 01:30,2024-05-17 01:30:00,2024,5,17,1,138,75.6
CWPRS campus,18.446944,73.785,17-05-2024 01:35,2024-05-17 01:35:00,2024,5,17,1,138,75.7
CWPRS campus,18.446944,73.785,17-05-2024 01:40,2024-05-17 01:40:00,2024,5,17,1,138,75.5
CWPRS campus,18.446944,73.785,17-05-2024 01:45,2024-05-17 01:45:00,2024,5,17,1,138,76.0
CWPRS campus,18.446944,73.785,17-05-2024 01:50,2024-05-17 01:50:00,2024,5,17,1,138,76.2
CWPRS campus,18.446944,73.785,17-05-2024 01:55,2024-05-17 01:55:00,2024,5,17,1,138,76.3
CWPRS campus,18.446944,73.785,17-05-2024 02:00,2024-05-17 02:00:00,2024,5,17,2,138,76.0
CWPRS campus,18.446944,73.785,17-05-2024 02:05,2024-05-17 02:05:00,2024,5,17,2,138,76.7
CWPRS campus,18.446944,73.785,17-05-2024 02:10,2024-05-17 02:10:00,2024,5,17,2,138,77.0
CWPRS campus,18.446944,73.785,17-05-2024 02:15,2024-05-17 02:15:00,2024,5,17,2,138,76.8
CWPRS campus,18.446944,73.785,17-05-2024 02:20,2024-05-17 02:20:00,2024,5,17,2,138,77.2
CWPRS campus,18.446944,73.785,17-05-2024 02:25,2024-05-17 02:25:00,2024,5,17,2,138,77.0
CWPRS campus,18.446944,73.785,17-05-2024 02:30,2024-05-17 02:30:00,2024,5,17,2,138,76.7
CWPRS campus,18.446944,73.785,17-05-2024 02:35,2024-05-17 02:35:00,2024,5,17,2,138,76.4
CWPRS campus,18.446944,73.785,17-05-2024 02:40,2024-05-17 02:40:00,2024,5,17,2,138,75.7
CWPRS campus,18.446944,73.785,17-05-2024 02:45,2024-05-17 02:45:00,2024,5,17,2,138,76.0
CWPRS campus,18.446944,73.785,17-05-2024 02:50,2024-05-17 02:50:00,2024,5,17,2,138,75.2
CWPRS campus,18.446944,73.785,17-05-2024 02:55,2024-05-17 02:55:00,2024,5,17,2,138,74.8
CWPRS campus,18.446944,73.785,17-05-2024 03:00,2024-05-17 03:00:00,2024,5,17,3,138,74.0
CWPRS campus,18.446944,73.785,17-05-2024 03:05,2024-05-17 03:05:00,2024,5,17,3,138,74.0
CWPRS campus,18.446944,73.785,17-05-2024 03:10,2024-05-17 03:10:00,2024,5,17,3,138,74.0
CWPRS campus,18.446944,73.785,17-05-2024 03:15,2024-05-17 03:15:00,2024,5,17,3,138,73.9
CWPRS campus,18.446944,73.785,17-05-2024 03:20,2024-05-17 03:20:00,2024,5,17,3,138,73.6
CWPRS campus,18.446944,73.785,17-05-2024 03:25,2024-05-17 03:25:00,2024,5,17,3,138,73.1
CWPRS campus,18.446944,73.785,17-05-2024 03:30,2024-05-17 03:30:00,2024,5,17,3,138,73.4
CWPRS campus,18.446944,73.785,17-05-2024 03:35,2024-05-17 03:35:00,2024,5,17,3,138,73.2
CWPRS campus,18.446944,73.785,17-05-2024 03:40,2024-05-17 03:40:00,2024,5,17,3,138,73.3
CWPRS campus,18.446944,73.785,17-05-2024 03:45,2024-05-17 03:45:00,2024,5,17,3,138,72.9
CWPRS campus,18.446944,73.785,17-05-2024 03:50,2024-05-17 03:50:00,2024,5,17,3,138,73.0
CWPRS campus,18.446944,73.785,17-05-2024 03:55,2024-05-17 03:55:00,2024,5,17,3,138,73.5
CWPRS campus,18.446944,73.785,17-05-2024 04:00,2024-05-17 04:00:00,2024,5,17,4,138,73.6
CWPRS campus,18.446944,73.785,17-05-2024 04:05,2024-05-17 04:05:00,2024,5,17,4,138,73.3
CWPRS campus,18.446944,73.785,17-05-2024 04:10,2024-05-17 04:10:00,2024,5,17,4,138,73.3
CWPRS campus,18.446944,73.785,17-05-2024 04:15,2024-05-17 04:15:00,2024,5,17,4,138,73.1
CWPRS campus,18.446944,73.785,17-05-2024 04:20,2024-05-17 04:20:00,2024,5,17,4,138,73.0
CWPRS campus,18.446944,73.785,17-05-2024 04:25,2024-05-17 04:25:00,2024,5,17,4,138,72.7
CWPRS campus,18.446944,73.785,17-05-2024 04:30,2024-05-17 04:30:00,2024,5,17,4,138,72.5
CWPRS campus,18.446944,73.785,17-05-2024 04:35,2024-05-17 04:35:00,2024,5,17,4,138,72.4
CWPRS campus,18.446944,73.785,17-05-2024 04:40,2024-05-17 04:40:00,2024,5,17,4,138,71.8
CWPRS campus,18.446944,73.785,17-05-2024 04:45,2024-05-17 04:45:00,2024,5,17,4,138,71.2
CWPRS campus,18.446944,73.785,17-05-2024 04:50,2024-05-17 04:50:00,2024,5,17,4,138,70.5
CWPRS campus,18.446944,73.785,17-05-2024 04:55,2024-05-17 04:55:00,2024,5,17,4,138,69.7
CWPRS campus,18.446944,73.785,17-05-2024 05:00,2024-05-17 05:00:00,2024,5,17,5,138,69.1
CWPRS campus,18.446944,73.785,17-05-2024 05:05,2024-05-17 05:05:00,2024,5,17,5,138,69.0
CWPRS campus,18.446944,73.785,17-05-2024 05:10,2024-05-17 05:10:00,2024,5,17,5,138,68.5
CWPRS campus,18.446944,73.785,17-05-2024 05:15,2024-05-17 05:15:00,2024,5,17,5,138,68.5
CWPRS campus,18.446944,73.785,17-05-2024 05:20,2024-05-17 05:20:00,2024,5,17,5,138,68.4
CWPRS campus,18.446944,73.785,17-05-2024 05:25,2024-05-17 05:25:00,2024,5,17,5,138,67.4
CWPRS campus,18.446944,73.785,17-05-2024 05:30,2024-05-17 05:30:00,2024,5,17,5,138,67.5
CWPRS campus,18.446944,73.785,17-05-2024 05:35,2024-05-17 05:35:00,2024,5,17,5,138,67.6
CWPRS campus,18.446944,73.785,17-05-2024 05:40,2024-05-17 05:40:00,2024,5,17,5,138,67.0
CWPRS campus,18.446944,73.785,17-05-2024 05:45,2024-05-17 05:45:00,2024,5,17,5,138,67.0
CWPRS campus,18.446944,73.785,17-05-2024 05:50,2024-05-17 05:50:00,2024,5,17,5,138,66.4
CWPRS campus,18.446944,73.785,17-05-2024 05:55,2024-05-17 05:55:00,2024,5,17,5,138,66.2
CWPRS campus,18.446944,73.785,17-05-2024 06:00,2024-05-17 06:00:00,2024,5,17,6,138,65.4
CWPRS campus,18.446944,73.785,17-05-2024 06:05,2024-05-17 06:05:00,2024,5,17,6,138,64.4
CWPRS campus,18.446944,73.785,17-05-2024 06:10,2024-05-17 06:10:00,2024,5,17,6,138,64.1
CWPRS campus,18.446944,73.785,17-05-2024 06:15,2024-05-17 06:15:00,2024,5,17,6,138,63.8
CWPRS campus,18.446944,73.785,17-05-2024 06:20,2024-05-17 06:20:00,2024,5,17,6,138,63.4
CWPRS campus,18.446944,73.785,17-05-2024 06:25,2024-05-17 06:25:00,2024,5,17,6,138,62.7
CWPRS campus,18.446944,73.785,17-05-2024 06:30,2024-05-17 06:30:00,2024,5,17,6,138,62.3
CWPRS campus,18.446944,73.785,17-05-2024 06:35,2024-05-17 06:35:00,2024,5,17,6,138,62.1
CWPRS campus,18.446944,73.785,17-05-2024 06:40,2024-05-17 06:40:00,2024,5,17,6,138,61.9
CWPRS campus,18.446944,73.785,17-05-2024 06:45,2024-05-17 06:45:00,2024,5,17,6,138,61.7
CWPRS campus,18.446944,73.785,17-05-2024 06:50,2024-05-17 06:50:00,2024,5,17,6,138,61.1
CWPRS campus,18.446944,73.785,17-05-2024 06:55,2024-05-17 06:55:00,2024,5,17,6,138,61.3
CWPRS campus,18.446944,73.785,17-05-2024 07:00,2024-05-17 07:00:00,2024,5,17,7,138,60.5
CWPRS campus,18.446944,73.785,17-05-2024 07:05,2024-05-17 07:05:00,2024,5,17,7,138,60.4
CWPRS campus,18.446944,73.785,17-05-2024 07:10,2024-05-17 07:10:00,2024,5,17,7,138,60.5
CWPRS campus,18.446944,73.785,17-05-2024 07:15,2024-05-17 07:15:00,2024,5,17,7,138,60.3
CWPRS campus,18.446944,73.785,17-05-2024 07:20,2024-05-17 07:20:00,2024,5,17,7,138,59.9
CWPRS campus,18.446944,73.785,17-05-2024 07:25,2024-05-17 07:25:00,2024,5,17,7,138,59.3
CWPRS campus,18.446944,73.785,17-05-2024 07:30,2024-05-17 07:30:00,2024,5,17,7,138,59.3
CWPRS campus,18.446944,73.785,17-05-2024 07:35,2024-05-17 07:35:00,2024,5,17,7,138,58.3
CWPRS campus,18.446944,73.785,17-05-2024 07:40,2024-05-17 07:40:00,2024,5,17,7,138,57.6
CWPRS campus,18.446944,73.785,17-05-2024 07:45,2024-05-17 07:45:00,2024,5,17,7,138,57.0
CWPRS campus,18.446944,73.785,17-05-2024 07:50,2024-05-17 07:50:00,2024,5,17,7,138,57.1
CWPRS campus,18.446944,73.785,17-05-2024 07:55,2024-05-17 07:55:00,2024,5,17,7,138,56.9
CWPRS campus,18.446944,73.785,17-05-2024 08:00,2024-05-17 08:00:00,2024,5,17,8,138,56.1
CWPRS campus,18.446944,73.785,17-05-2024 08:05,2024-05-17 08:05:00,2024,5,17,8,138,55.6
CWPRS campus,18.446944,73.785,17-05-2024 08:10,2024-05-17 08:10:00,2024,5,17,8,138,54.9
CWPRS campus,18.446944,73.785,17-05-2024 08:15,2024-05-17 08:15:00,2024,5,17,8,138,54.2
CWPRS campus,18.446944,73.785,17-05-2024 08:20,2024-05-17 08:20:00,2024,5,17,8,138,54.2
CWPRS campus,18.446944,73.785,17-05-2024 08:25,2024-05-17 08:25:00,2024,5,17,8,138,53.3
CWPRS campus,18.446944,73.785,17-05-2024 08:30,2024-05-17 08:30:00,2024,5,17,8,138,53.5
CWPRS campus,18.446944,73.785,17-05-2024 08:35,2024-05-17 08:35:00,2024,5,17,8,138,53.4
CWPRS campus,18.446944,73.785,17-05-2024 08:40,2024-05-17 08:40:00,2024,5,17,8,138,53.4
CWPRS campus,18.446944,73.785,17-05-2024 08:45,2024-05-17 08:45:00,2024,5,17,8,138,52.8
CWPRS campus,18.446944,73.785,17-05-2024 08:50,2024-05-17 08:50:00,2024,5,17,8,138,52.2
CWPRS campus,18.446944,73.785,17-05-2024 08:55,2024-05-17 08:55:00,2024,5,17,8,138,51.2
CWPRS campus,18.446944,73.785,17-05-2024 09:00,2024-05-17 09:00:00,2024,5,17,9,138,50.6
CWPRS campus,18.446944,73.785,17-05-2024 09:05,2024-05-17 09:05:00,2024,5,17,9,138,50.4
CWPRS campus,18.446944,73.785,17-05-2024 09:10,2024-05-17 09:10:00,2024,5,17,9,138,50.4
CWPRS campus,18.446944,73.785,17-05-2024 09:15,2024-05-17 09:15:00,2024,5,17,9,138,49.5
CWPRS campus,18.446944,73.785,17-05-2024 09:20,2024-05-17 09:20:00,2024,5,17,9,138,49.0
CWPRS campus,18.446944,73.785,17-05-2024 09:25,2024-05-17 09:25:00,2024,5,17,9,138,48.5
CWPRS campus,18.446944,73.785,17-05-2024 09:30,2024-05-17 09:30:00,2024,5,17,9,138,47.5
CWPRS campus,18.446944,73.785,17-05-2024 09:35,2024-05-17 09:35:00,2024,5,17,9,138,47.3
CWPRS campus,18.446944,73.785,17-05-2024 09:40,2024-05-17 09:40:00,2024,5,17,9,138,46.6
CWPRS campus,18.446944,73.785,17-05-2024 09:45,2024-05-17 09:45:00,2024,5,17,9,138,46.1
CWPRS campus,18.446944,73.785,17-05-2024 09:50,2024-05-17 09:50:00,2024,5,17,9,138,45.6
CWPRS campus,18.446944,73.785,17-05-2024 09:55,2024-05-17 09:55:00,2024,5,17,9,138,44.9
CWPRS campus,18.446944,73.785,17-05-2024 10:00,2024-05-17 10:00:00,2024,5,17,10,138,44.5
CWPRS campus,18.446944,73.785,17-05-2024 10:05,2024-05-17 10:05:00,2024,5,17,10,138,44.1
CWPRS campus,18.446944,73.785,17-05-2024 10:10,2024-05-17 10:10:00,2024,5,17,10,138,43.5
CWPRS campus,18.446944,73.785,17-05-2024 10:15,2024-05-17 10:15:00,2024,5,17,10,138,42.9
CWPRS campus,18.446944,73.785,17-05-2024 10:20,2024-05-17 10:20:00,2024,5,17,10,138,42.7
CWPRS campus,18.446944,73.785,17-05-2024 10:25,2024-05-17 10:25:00,2024,5,17,10,138,43.0
CWPRS campus,18.446944,73.785,17-05-2024 10:30,2024-05-17 10:30:00,2024,5,17,10,138,42.7
CWPRS campus,18.446944,73.785,17-05-2024 10:35,2024-05-17 10:35:00,2024,5,17,10,138,42.7
CWPRS campus,18.446944,73.785,17-05-2024 10:40,2024-05-17 10:40:00,2024,5,17,10,138,41.7
CWPRS campus,18.446944,73.785,17-05-2024 10:45,2024-05-17 10:45:00,2024,5,17,10,138,41.4
CWPRS campus,18.446944,73.785,17-05-2024 10:50,2024-05-17 10:50:00,2024,5,17,10,138,40.6
CWPRS campus,18.446944,73.785,17-05-2024 10:55,2024-05-17 10:55:00,2024,5,17,10,138,39.7
CWPRS campus,18.446944,73.785,17-05-2024 11:00,2024-05-17 11:00:00,2024,5,17,11,138,39.1
CWPRS campus,18.446944,73.785,17-05-2024 11:05,2024-05-17 11:05:00,2024,5,17,11,138,39.3
CWPRS campus,18.446944,73.785,17-05-2024 11:10,2024-05-17 11:10:00,2024,5,17,11,138,39.4
CWPRS campus,18.446944,73.785,17-05-2024 11:15,2024-05-17 11:15:00,2024,5,17,11,138,39.1
CWPRS campus,18.446944,73.785,17-05-2024 11:20,2024-05-17 11:20:00,2024,5,17,11,138,38.2
CWPRS campus,18.446944,73.785,17-05-2024 11:25,2024-05-17 11:25:00,2024,5,17,11,138,37.8
CWPRS campus,18.446944,73.785,17-05-2024 11:30,2024-05-17 11:30:00,2024,5,17,11,138,37.7
CWPRS campus,18.446944,73.785,17-05-2024 11:35,2024-05-17 11:35:00,2024,5,17,11,138,37.4
CWPRS campus,18.446944,73.785,17-05-2024 11:40,2024-05-17 11:40:00,2024,5,17,11,138,36.4
CWPRS campus,18.446944,73.785,17-05-2024 11:45,2024-05-17 11:45:00,2024,5,17,11,138,35.8
CWPRS campus,18.446944,73.785,17-05-2024 11:50,2024-05-17 11:50:00,2024,5,17,11,138,35.6
CWPRS campus,18.446944,73.785,17-05-2024 11:55,2024-05-17 11:55:00,2024,5,17,11,138,35.6
CWPRS campus,18.446944,73.785,17-05-2024 12:00,2024-05-17 12:00:00,2024,5,17,12,138,34.5
CWPRS campus,18.446944,73.785,17-05-2024 12:05,2024-05-17 12:05:00,2024,5,17,12,138,34.2
CWPRS campus,18.446944,73.785,17-05-2024 12:10,2024-05-17 12:10:00,2024,5,17,12,138,34.1
CWPRS campus,18.446944,73.785,17-05-2024 12:15,2024-05-17 12:15:00,2024,5,17,12,138,34.3
CWPRS campus,18.446944,73.785,17-05-2024 12:20,2024-05-17 12:20:00,2024,5,17,12,138,34.4
CWPRS campus,18.446944,73.785,17-05-2024 12:25,2024-05-17 12:25:00,2024,5,17,12,138,34.4
CWPRS campus,18.446944,73.785,17-05-2024 12:30,2024-05-17 12:30:00,2024,5,17,12,138,33.9
CWPRS campus,18.446944,73.785,17-05-2024 12:35,2024-05-17 12:35:00,2024,5,17,12,138,32.9
CWPRS campus,18.446944,73.785,17-05-2024 12:40,2024-05-17 12:40:00,2024,5,17,12,138,32.6
CWPRS campus,18.446944,73.785,17-05-2024 12:45,2024-05-17 12:45:00,2024,5,17,12,138,32.9
CWPRS campus,18.446944,73.785,17-05-2024 12:50,2024-05-17 12:50:00,2024,5,17,12,138,33.3
CWPRS campus,18.446944,73.785,17-05-2024 12:55,2024-05-17 12:55:00,2024,5,17,12,138,33.5
CWPRS campus,18.446944,73.785,17-05-2024 13:00,2024-05-17 13:00:00,2024,5,17,13,138,33.5
CWPRS campus,18.446944,73.785,17-05-2024 13:05,2024-05-17 13:05:00,2024,5,17,13,138,33.4
CWPRS campus,18.446944,73.785,17-05-2024 13:10,2024-05-17 13:10:00,2024,5,17,13,138,33.0
CWPRS campus,18.446944,73.785,17-05-2024 13:15,2024-05-17 13:15:00,2024,5,17,13,138,32.8
CWPRS campus,18.446944,73.785,17-05-2024 13:20,2024-05-17 13:20:00,2024,5,17,13,138,33.4
CWPRS campus,18.446944,73.785,17-05-2024 13:25,2024-05-17 13:25:00,2024,5,17,13,138,32.8
CWPRS campus,18.446944,73.785,17-05-2024 13:30,2024-05-17 13:30:00,2024,5,17,13,138,33.3
CWPRS campus,18.446944,73.785,17-05-2024 13:35,2024-05-17 13:35:00,2024,5,17,13,138,33.1
CWPRS campus,18.446944,73.785,17-05-2024 13:40,2024-05-17 13:40:00,2024,5,17,13,138,33.4
CWPRS campus,18.446944,73.785,17-05-2024 13:45,2024-05-17 13:45:00,2024,5,17,13,138,32.7
CWPRS campus,18.446944,73.785,17-05-2024 13:50,2024-05-17 13:50:00,2024,5,17,13,138,32.9
CWPRS campus,18.446944,73.785,17-05-2024 13:55,2024-05-17 13:55:00,2024,5,17,13,138,32.4
CWPRS campus,18.446944,73.785,17-05-2024 14:00,2024-05-17 14:00:00,2024,5,17,14,138,31.8
CWPRS campus,18.446944,73.785,17-05-2024 14:05,2024-05-17 14:05:00,2024,5,17,14,138,31.8
CWPRS campus,18.446944,73.785,17-05-2024 14:10,2024-05-17 14:10:00,2024,5,17,14,138,32.2
CWPRS campus,18.446944,73.785,17-05-2024 14:15,2024-05-17 14:15:00,2024,5,17,14,138,31.8
CWPRS campus,18.446944,73.785,17-05-2024 14:20,2024-05-17 14:20:00,2024,5,17,14,138,31.2
CWPRS campus,18.446944,73.785,17-05-2024 14:25,2024-05-17 14:25:00,2024,5,17,14,138,31.1
CWPRS campus,18.446944,73.785,17-05-2024 14:30,2024-05-17 14:30:00,2024,5,17,14,138,31.1
CWPRS campus,18.446944,73.785,17-05-2024 14:35,2024-05-17 14:35:00,2024,5,17,14,138,31.4
CWPRS campus,18.446944,73.785,17-05-2024 14:40,2024-05-17 14:40:00,2024,5,17,14,138,31.8
CWPRS campus,18.446944,73.785,17-05-2024 14:45,2024-05-17 14:45:00,2024,5,17,14,138,31.8
CWPRS campus,18.446944,73.785,17-05-2024 14:50,2024-05-17 14:50:00,2024,5,17,14,138,32.6
CWPRS campus,18.446944,73.785,17-05-2024 14:55,2024-05-17 14:55:00,2024,5,17,14,138,32.7
CWPRS campus,18.446944,73.785,17-05-2024 15:00,2024-05-17 15:00:00,2024,5,17,15,138,32.5
CWPRS campus,18.446944,73.785,17-05-2024 15:05,2024-05-17 15:05:00,2024,5,17,15,138,31.9
CWPRS campus,18.446944,73.785,17-05-2024 15:10,2024-05-17 15:10:00,2024,5,17,15,138,31.9
CWPRS campus,18.446944,73.785,17-05-2024 15:15,2024-05-17 15:15:00,2024,5,17,15,138,31.8
CWPRS campus,18.446944,73.785,17-05-2024 15:20,2024-05-17 15:20:00,2024,5,17,15,138,32.3
CWPRS campus,18.446944,73.785,17-05-2024 15:25,2024-05-17 15:25:00,2024,5,17,15,138,32.6
CWPRS campus,18.446944,73.785,17-05-2024 15:30,2024-05-17 15:30:00,2024,5,17,15,138,32.2
CWPRS campus,18.446944,73.785,17-05-2024 15:35,2024-05-17 15:35:00,2024,5,17,15,138,32.4
CWPRS campus,18.446944,73.785,17-05-2024 15:40,2024-05-17 15:40:00,2024,5,17,15,138,32.8
CWPRS campus,18.446944,73.785,17-05-2024 15:45,2024-05-17 15:45:00,2024,5,17,15,138,33.6
CWPRS campus,18.446944,73.785,17-05-2024 15:50,2024-05-17 15:50:00,2024,5,17,15,138,34.0
CWPRS campus,18.446944,73.785,17-05-2024 15:55,2024-05-17 15:55:00,2024,5,17,15,138,34.4
CWPRS campus,18.446944,73.785,17-05-2024 16:00,2024-05-17 16:00:00,2024,5,17,16,138,34.6
CWPRS campus,18.446944,73.785,17-05-2024 16:05,2024-05-17 16:05:00,2024,5,17,16,138,34.8
CWPRS campus,18.446944,73.785,17-05-2024 16:10,2024-05-17 16:10:00,2024,5,17,16,138,35.5
CWPRS campus,18.446944,73.785,17-05-2024 16:15,2024-05-17 16:15:00,2024,5,17,16,138,35.0
CWPRS campus,18.446944,73.785,17-05-2024 16:20,2024-05-17 16:20:00,2024,5,17,16,138,35.0
CWPRS campus,18.446944,73.785,17-05-2024 16:25,2024-05-17 16:25:00,2024,5,17,16,138,34.9
CWPRS campus,18.446944,73.785,17-05-2024 16:30,2024-05-17 16:30:00,2024,5,17,16,138,35.2
CWPRS campus,18.446944,73.785,17-05-2024 16:35,2024-05-17 16:35:00,2024,5,17,16,138,35.9
CWPRS campus,18.446944,73.785,17-05-2024 16:40,2024-05-17 16:40:00,2024,5,17,16,138,35.9
CWPRS campus,18.446944,73.785,17-05-2024 16:45,2024-05-17 16:45:00,2024,5,17,16,138,35.1
CWPRS campus,18.446944,73.785,17-05-2024 16:50,2024-05-17 16:50:00,2024,5,17,16,138,35.2
CWPRS campus,18.446944,73.785,17-05-2024 16:55,2024-05-17 16:55:00,2024,5,17,16,138,35.8
CWPRS campus,18.446944,73.785,17-05-2024 17:00,2024-05-17 17:00:00,2024,5,17,17,138,36.3
CWPRS campus,18.446944,73.785,17-05-2024 17:05,2024-05-17 17:05:00,2024,5,17,17,138,36.8
CWPRS campus,18.446944,73.785,17-05-2024 17:10,2024-05-17 17:10:00,2024,5,17,17,138,36.9
CWPRS campus,18.446944,73.785,17-05-2024 17:15,2024-05-17 17:15:00,2024,5,17,17,138,36.7
CWPRS campus,18.446944,73.785,17-05-2024 17:20,2024-05-17 17:20:00,2024,5,17,17,138,37.2
CWPRS campus,18.446944,73.785,17-05-2024 17:25,2024-05-17 17:25:00,2024,5,17,17,138,37.2
CWPRS campus,18.446944,73.785,17-05-2024 17:30,2024-05-17 17:30:00,2024,5,17,17,138,38.4
CWPRS campus,18.446944,73.785,17-05-2024 17:35,2024-05-17 17:35:00,2024,5,17,17,138,38.9
CWPRS campus,18.446944,73.785,17-05-2024 17:40,2024-05-17 17:40:00,2024,5,17,17,138,39.0
CWPRS campus,18.446944,73.785,17-05-2024 17:45,2024-05-17 17:45:00,2024,5,17,17,138,39.1
CWPRS campus,18.446944,73.785,17-05-2024 17:50,2024-05-17 17:50:00,2024,5,17,17,138,39.4
CWPRS campus,18.446944,73.785,17-05-2024 17:55,2024-05-17 17:55:00,2024,5,17,17,138,39.6
CWPRS campus,18.446944,73.785,17-05-2024 18:00,2024-05-17 18:00:00,2024,5,17,18,138,40.4
CWPRS campus,18.446944,73.785,17-05-2024 18:05,2024-05-17 18:05:00,2024,5,17,18,138,40.8
CWPRS campus,18.446944,73.785,17-05-2024 18:10,2024-05-17 18:10:00,2024,5,17,18,138,40.9
CWPRS campus,18.446944,73.785,17-05-2024 18:15,2024-05-17 18:15:00,2024,5,17,18,138,42.0
CWPRS campus,18.446944,73.785,17-05-2024 18:20,2024-05-17 18:20:00,2024,5,17,18,138,42.4
CWPRS campus,18.446944,73.785,17-05-2024 18:25,2024-05-17 18:25:00,2024,5,17,18,138,43.0
CWPRS campus,18.446944,73.785,17-05-2024 18:30,2024-05-17 18:30:00,2024,5,17,18,138,43.1
CWPRS campus,18.446944,73.785,17-05-2024 18:35,2024-05-17 18:35:00,2024,5,17,18,138,43.6
CWPRS campus,18.446944,73.785,17-05-2024 18:40,2024-05-17 18:40:00,2024,5,17,18,138,44.1
CWPRS campus,18.446944,73.785,17-05-2024 18:45,2024-05-17 18:45:00,2024,5,17,18,138,43.7
CWPRS campus,18.446944,73.785,17-05-2024 18:50,2024-05-17 18:50:00,2024,5,17,18,138,44.9
CWPRS campus,18.446944,73.785,17-05-2024 18:55,2024-05-17 18:55:00,2024,5,17,18,138,45.8
CWPRS campus,18.446944,73.785,17-05-2024 19:00,2024-05-17 19:00:00,2024,5,17,19,138,46.0
CWPRS campus,18.446944,73.785,17-05-2024 19:05,2024-05-17 19:05:00,2024,5,17,19,138,45.9
CWPRS campus,18.446944,73.785,17-05-2024 19:10,2024-05-17 19:10:00,2024,5,17,19,138,46.4
CWPRS campus,18.446944,73.785,17-05-2024 19:15,2024-05-17 19:15:00,2024,5,17,19,138,46.8
CWPRS campus,18.446944,73.785,17-05-2024 19:20,2024-05-17 19:20:00,2024,5,17,19,138,47.4
CWPRS campus,18.446944,73.785,17-05-2024 19:25,2024-05-17 19:25:00,2024,5,17,19,138,47.9
CWPRS campus,18.446944,73.785,17-05-2024 19:30,2024-05-17 19:30:00,2024,5,17,19,138,48.5
CWPRS campus,18.446944,73.785,17-05-2024 19:35,2024-05-17 19:35:00,2024,5,17,19,138,49.4
CWPRS campus,18.446944,73.785,17-05-2024 19:40,2024-05-17 19:40:00,2024,5,17,19,138,50.0
CWPRS campus,18.446944,73.785,17-05-2024 19:45,2024-05-17 19:45:00,2024,5,17,19,138,50.0
CWPRS campus,18.446944,73.785,17-05-2024 19:50,2024-05-17 19:50:00,2024,5,17,19,138,50.9
CWPRS campus,18.446944,73.785,17-05-2024 19:55,2024-05-17 19:55:00,2024,5,17,19,138,51.9
CWPRS campus,18.446944,73.785,17-05-2024 20:00,2024-05-17 20:00:00,2024,5,17,20,138,53.5
CWPRS campus,18.446944,73.785,17-05-2024 20:05,2024-05-17 20:05:00,2024,5,17,20,138,53.3
CWPRS campus,18.446944,73.785,17-05-2024 20:10,2024-05-17 20:10:00,2024,5,17,20,138,53.8
CWPRS campus,18.446944,73.785,17-05-2024 20:15,2024-05-17 20:15:00,2024,5,17,20,138,53.2
CWPRS campus,18.446944,73.785,17-05-2024 20:20,2024-05-17 20:20:00,2024,5,17,20,138,53.8
CWPRS campus,18.446944,73.785,17-05-2024 20:25,2024-05-17 20:25:00,2024,5,17,20,138,54.0
CWPRS campus,18.446944,73.785,17-05-2024 20:30,2024-05-17 20:30:00,2024,5,17,20,138,55.1
CWPRS campus,18.446944,73.785,17-05-2024 20:35,2024-05-17 20:35:00,2024,5,17,20,138,55.2
CWPRS campus,18.446944,73.785,17-05-2024 20:40,2024-05-17 20:40:00,2024,5,17,20,138,54.9
CWPRS campus,18.446944,73.785,17-05-2024 20:45,2024-05-17 20:45:00,2024,5,17,20,138,55.1
CWPRS campus,18.446944,73.785,17-05-2024 20:50,2024-05-17 20:50:00,2024,5,17,20,138,54.7
CWPRS campus,18.446944,73.785,17-05-2024 20:55,2024-05-17 20:55:00,2024,5,17,20,138,55.4
CWPRS campus,18.446944,73.785,17-05-2024 21:00,2024-05-17 21:00:00,2024,5,17,21,138,55.1
CWPRS campus,18.446944,73.785,17-05-2024 21:05,2024-05-17 21:05:00,2024,5,17,21,138,55.6
CWPRS campus,18.446944,73.785,17-05-2024 21:10,2024-05-17 21:10:00,2024,5,17,21,138,55.2
CWPRS campus,18.446944,73.785,17-05-2024 21:15,2024-05-17 21:15:00,2024,5,17,21,138,55.6
CWPRS campus,18.446944,73.785,17-05-2024 21:20,2024-05-17 21:20:00,2024,5,17,21,138,56.8
CWPRS campus,18.446944,73.785,17-05-2024 21:25,2024-05-17 21:25:00,2024,5,17,21,138,57.4
CWPRS campus,18.446944,73.785,17-05-2024 21:30,2024-05-17 21:30:00,2024,5,17,21,138,57.5
CWPRS campus,18.446944,73.785,17-05-2024 21:35,2024-05-17 21:35:00,2024,5,17,21,138,58.0
CWPRS campus,18.446944,73.785,17-05-2024 21:40,2024-05-17 21:40:00,2024,5,17,21,138,58.5
CWPRS campus,18.446944,73.785,17-05-2024 21:45,2024-05-17 21:45:00,2024,5,17,21,138,59.1
CWPRS campus,18.446944,73.785,17-05-2024 21:50,2024-05-17 21:50:00,2024,5,17,21,138,59.0
CWPRS campus,18.446944,73.785,17-05-2024 21:55,2024-05-17 21:55:00,2024,5,17,21,138,59.7
CWPRS campus,18.446944,73.785,17-05-2024 22:00,2024-05-17 22:00:00,2024,5,17,22,138,59.1
CWPRS campus,18.446944,73.785,17-05-2024 22:05,2024-05-17 22:05:00,2024,5,17,22,138,59.4
CWPRS campus,18.446944,73.785,17-05-2024 22:10,2024-05-17 22:10:00,2024,5,17,22,138,59.7
CWPRS campus,18.446944,73.785,17-05-2024 22:15,2024-05-17 22:15:00,2024,5,17,22,138,60.5
CWPRS campus,18.446944,73.785,17-05-2024 22:20,2024-05-17 22:20:00,2024,5,17,22,138,61.0
CWPRS campus,18.446944,73.785,17-05-2024 22:25,2024-05-17 22:25:00,2024,5,17,22,138,60.9
CWPRS campus,18.446944,73.785,17-05-2024 22:30,2024-05-17 22:30:00,2024,5,17,22,138,61.0
CWPRS campus,18.446944,73.785,17-05-2024 22:35,2024-05-17 22:35:00,2024,5,17,22,138,61.6
CWPRS campus,18.446944,73.785,17-05-2024 22:40,2024-05-17 22:40:00,2024,5,17,22,138,62.1
CWPRS campus,18.446944,73.785,17-05-2024 22:45,2024-05-17 22:45:00,2024,5,17,22,138,62.3
CWPRS campus,18.446944,73.785,17-05-2024 22:50,2024-05-17 22:50:00,2024,5,17,22,138,62.6
CWPRS campus,18.446944,73.785,17-05-2024 22:55,2024-05-17 22:55:00,2024,5,17,22,138,63.4
CWPRS campus,18.446944,73.785,17-05-2024 23:00,2024-05-17 23:00:00,2024,5,17,23,138,63.6
CWPRS campus,18.446944,73.785,17-05-2024 23:05,2024-05-17 23:05:00,2024,5,17,23,138,64.0
CWPRS campus,18.446944,73.785,17-05-2024 23:10,2024-05-17 23:10:00,2024,5,17,23,138,65.4
CWPRS campus,18.446944,73.785,17-05-2024 23:15,2024-05-17 23:15:00,2024,5,17,23,138,65.2
CWPRS campus,18.446944,73.785,17-05-2024 23:20,2024-05-17 23:20:00,2024,5,17,23,138,64.9
CWPRS campus,18.446944,73.785,17-05-2024 23:25,2024-05-17 23:25:00,2024,5,17,23,138,65.6
CWPRS campus,18.446944,73.785,17-05-2024 23:30,2024-05-17 23:30:00,2024,5,17,23,138,65.8
CWPRS campus,18.446944,73.785,17-05-2024 23:35,2024-05-17 23:35:00,2024,5,17,23,138,66.0
CWPRS campus,18.446944,73.785,17-05-2024 23:40,2024-05-17 23:40:00,2024,5,17,23,138,66.1
CWPRS campus,18.446944,73.785,17-05-2024 23:45,2024-05-17 23:45:00,2024,5,17,23,138,66.4
CWPRS campus,18.446944,73.785,17-05-2024 23:50,2024-05-17 23:50:00,2024,5,17,23,138,67.5
CWPRS campus,18.446944,73.785,17-05-2024 23:55,2024-05-17 23:55:00,2024,5,17,23,138,68.2
Pashan AWS,18.5362,73.7928,11-05-2024 00:00,2024-05-11 00:00:00,2024,5,11,0,132,69.1
Pashan AWS,18.5362,73.7928,11-05-2024 00:05,2024-05-11 00:05:00,2024,5,11,0,132,69.4
Pashan AWS,18.5362,73.7928,11-05-2024 00:10,2024-05-11 00:10:00,2024,5,11,0,132,69.7
Pashan AWS,18.5362,73.7928,11-05-2024 00:15,2024-05-11 00:15:00,2024,5,11,0,132,69.3
Pashan AWS,18.5362,73.7928,11-05-2024 00:20,2024-05-11 00:20:00,2024,5,11,0,132,70.0
Pashan AWS,18.5362,73.7928,11-05-2024 00:25,2024-05-11 00:25:00,2024,5,11,0,132,69.9
Pashan AWS,18.5362,73.7928,11-05-2024 00:30,2024-05-11 00:30:00,2024,5,11,0,132,70.2
Pashan AWS,18.5362,73.7928,11-05-2024 00:35,2024-05-11 00:35:00,2024,5,11,0,132,70.9
Pashan AWS,18.5362,73.7928,11-05-2024 00:40,2024-05-11 00:40:00,2024,5,11,0,132,71.4
Pashan AWS,18.5362,73.7928,11-05-2024 00:45,2024-05-11 00:45:00,2024,5,11,0,132,71.6
Pashan AWS,18.5362,73.7928,11-05-2024 00:50,2024-05-11 00:50:00,2024,5,11,0,132,71.6
Pashan AWS,18.5362,73.7928,11-05-2024 00:55,2024-05-11 00:55:00,2024,5,11,0,132,72.2
Pashan AWS,18.5362,73.7928,11-05-2024 01:00,2024-05-11 01:00:00,2024,5,11,1,132,72.6
Pashan AWS,18.5362,73.7928,11-05-2024 01:05,2024-05-11 01:05:00,2024,5,11,1,132,72.5
Pashan AWS,18.5362,73.7928,11-05-2024 01:10,2024-05-11 01:10:00,2024,5,11,1,132,72.3
Pashan AWS,18.5362,73.7928,11-05-2024 01:15,2024-05-11 01:15:00,2024,5,11,1,132,71.6
Pashan AWS,18.5362,73.7928,11-05-2024 01:20,2024-05-11 01:20:00,2024,5,11,1,132,71.8
Pashan AWS,18.5362,73.7928,11-05-2024 01:25,2024-05-11 01:25:00,2024,5,11,1,132,71.9
Pashan AWS,18.5362,73.7928,11-05-2024 01:30,2024-05-11 01:30:00,2024,5,11,1,132,72.5
Pashan AWS,18.5362,73.7928,11-05-2024 01:35,2024-05-11 01:35:00,2024,5,11,1,132,72.7
Pashan AWS,18.5362,73.7928,11-05-2024 01:40,2024-05-11 01:40:00,2024,5,11,1,132,73.4
Pashan AWS,18.5362,73.7928,11-05-2024 01:45,2024-05-11 01:45:00,2024,5,11,1,132,73.1
Pashan AWS,18.5362,73.7928,11-05-2024 01:50,2024-05-11 01:50:00,2024,5,11,1,132,73.6
Pashan AWS,18.5362,73.7928,11-05-2024 01:55,2024-05-11 01:55:00,2024,5,11,1,132,73.4
Pashan AWS,18.5362,73.7928,11-05-2024 02:00,2024-05-11 02:00:00,2024,5,11,2,132,73.8
Pashan AWS,18.5362,73.7928,11-05-2024 02:05,2024-05-11 02:05:00,2024,5,11,2,132,73.2
Pashan AWS,18.5362,73.7928,11-05-2024 02:10,2024-05-11 02:10:00,2024,5,11,2,132,73.3
Pashan AWS,18.5362,73.7928,11-05-2024 02:15,2024-05-11 02:15:00,2024,5,11,2,132,72.5
Pashan AWS,18.5362,73.7928,11-05-2024 02:20,2024-05-11 02:20:00,2024,5,11,2,132,72.4
Pashan AWS,18.5362,73.7928,11-05-2024 02:25,2024-05-11 02:25:00,2024,5,11,2,132,72.6
Pashan AWS,18.5362,73.7928,11-05-2024 02:30,2024-05-11 02:30:00,2024,5,11,2,132,72.4
Pashan AWS,18.5362,73.7928,11-05-2024 02:35,2024-05-11 02:35:00,2024,5,11,2,132,72.0
Pashan AWS,18.5362,73.7928,11-05-2024 02:40,2024-05-11 02:40:00,2024,5,11,2,132,72.4
Pashan AWS,18.5362,73.7928,11-05-2024 02:45,2024-05-11 02:45:00,2024,5,11,2,132,72.3
Pashan AWS,18.5362,73.7928,11-05-2024 02:50,2024-05-11 02:50:00,2024,5,11,2,132,72.1
Pashan AWS,18.5362,73.7928,11-05-2024 02:55,2024-05-11 02:55:00,2024,5,11,2,132,72.1
Pashan AWS,18.5362,73.7928,11-05-2024 03:00,2024-05-11 03:00:00,2024,5,11,3,132,73.1
Pashan AWS,18.5362,73.7928,11-05-2024 03:05,2024-05-11 03:05:00,2024,5,11,3,132,73.5
Pashan AWS,18.5362,73.7928,11-05-2024 03:10,2024-05-11 03:10:00,2024,5,11,3,132,73.8
Pashan AWS,18.5362,73.7928,11-05-2024 03:15,2024-05-11 03:15:00,2024,5,11,3,132,73.8
Pashan AWS,18.5362,73.7928,11-05-2024 03:20,2024-05-11 03:20:00,2024,5,11,3,132,73.7
Pashan AWS,18.5362,73.7928,11-05-2024 03:25,2024-05-11 03:25:00,2024,5,11,3,132,72.5
Pashan AWS,18.5362,73.7928,11-05-2024 03:30,2024-05-11 03:30:00,2024,5,11,3,132,72.1
Pashan AWS,18.5362,73.7928,11-05-2024 03:35,2024-05-11 03:35:00,2024,5,11,3,132,71.8
Pashan AWS,18.5362,73.7928,11-05-2024 03:40,2024-05-11 03:40:00,2024,5,11,3,132,70.9
Pashan AWS,18.5362,73.7928,11-05-2024 03:45,2024-05-11 03:45:00,2024,5,11,3,132,70.3
Pashan AWS,18.5362,73.7928,11-05-2024 03:50,2024-05-11 03:50:00,2024,5,11,3,132,69.4
Pashan AWS,18.5362,73.7928,11-05-2024 03:55,2024-05-11 03:55:00,2024,5,11,3,132,69.3
Pashan AWS,18.5362,73.7928,11-05-2024 04:00,2024-05-11 04:00:00,2024,5,11,4,132,69.5
Pashan AWS,18.5362,73.7928,11-05-2024 04:05,2024-05-11 04:05:00,2024,5,11,4,132,69.8
Pashan AWS,18.5362,73.7928,11-05-2024 04:10,2024-05-11 04:10:00,2024,5,11,4,132,69.8
Pashan AWS,18.5362,73.7928,11-05-2024 04:15,2024-05-11 04:15:00,2024,5,11,4,132,69.3
Pashan AWS,18.5362,73.7928,11-05-2024 04:20,2024-05-11 04:20:00,2024,5,11,4,132,68.3
Pashan AWS,18.5362,73.7928,11-05-2024 04:25,2024-05-11 04:25:00,2024,5,11,4,132,67.4
Pashan AWS,18.5362,73.7928,11-05-2024 04:30,2024-05-11 04:30:00,2024,5,11,4,132,66.8
Pashan AWS,18.5362,73.7928,11-05-2024 04:35,2024-05-11 04:35:00,2024,5,11,4,132,66.3
Pashan AWS,18.5362,73.7928,11-05-2024 04:40,2024-05-11 04:40:00,2024,5,11,4,132,66.2
Pashan AWS,18.5362,73.7928,11-05-2024 04:45,2024-05-11 04:45:00,2024,5,11,4,132,65.6
Pashan AWS,18.5362,73.7928,11-05-2024 04:50,2024-05-11 04:50:00,2024,5,11,4,132,65.6
Pashan AWS,18.5362,73.7928,11-05-2024 04:55,2024-05-11 04:55:00,2024,5,11,4,132,65.4
Pashan AWS,18.5362,73.7928,11-05-2024 05:00,2024-05-11 05:00:00,2024,5,11,5,132,65.2
Pashan AWS,18.5362,73.7928,11-05-2024 05:05,2024-05-11 05:05:00,2024,5,11,5,132,65.5
Pashan AWS,18.5362,73.7928,11-05-2024 05:10,2024-05-11 05:10:00,2024,5,11,5,132,64.8
Pashan AWS,18.5362,73.7928,11-05-2024 05:15,2024-05-11 05:15:00,2024,5,11,5,132,64.8
Pashan AWS,18.5362,73.7928,11-05-2024 05:20,2024-05-11 05:20:00,2024,5,11,5,132,64.5
Pashan AWS,18.5362,73.7928,11-05-2024 05:25,2024-05-11 05:25:00,2024,5,11,5,132,64.2
Pashan AWS,18.5362,73.7928,11-05-2024 05:30,2024-05-11 05:30:00,2024,5,11,5,132,64.3
Pashan AWS,18.5362,73.7928,11-05-2024 05:35,2024-05-11 05:35:00,2024,5,11,5,132,64.4
Pashan AWS,18.5362,73.7928,11-05-2024 05:40,2024-05-11 05:40:00,2024,5,11,5,132,63.7
Pashan AWS,18.5362,73.7928,11-05-2024 05:45,2024-05-11 05:45:00,2024,5,11,5,132,63.3
Pashan AWS,18.5362,73.7928,11-05-2024 05:50,2024-05-11 05:50:00,2024,5,11,5,132,63.1
Pashan AWS,18.5362,73.7928,11-05-2024 05:55,2024-05-11 05:55:00,2024,5,11,5,132,62.7
Pashan AWS,18.5362,73.7928,11-05-2024 06:00,2024-05-11 06:00:00,2024,5,11,6,132,62.6
Pashan AWS,18.5362,73.7928,11-05-2024 06:05,2024-05-11 06:05:00,2024,5,11,6,132,62.4
Pashan AWS,18.5362,73.7928,11-05-2024 06:10,2024-05-11 06:10:00,2024,5,11,6,132,62.7
Pashan AWS,18.5362,73.7928,11-05-2024 06:15,2024-05-11 06:15:00,2024,5,11,6,132,61.7
Pashan AWS,18.5362,73.7928,11-05-2024 06:20,2024-05-11 06:20:00,2024,5,11,6,132,61.3
Pashan AWS,18.5362,73.7928,11-05-2024 06:25,2024-05-11 06:25:00,2024,5,11,6,132,60.5
Pashan AWS,18.5362,73.7928,11-05-2024 06:30,2024-05-11 06:30:00,2024,5,11,6,132,60.4
Pashan AWS,18.5362,73.7928,11-05-2024 06:35,2024-05-11 06:35:00,2024,5,11,6,132,59.4
Pashan AWS,18.5362,73.7928,11-05-2024 06:40,2024-05-11 06:40:00,2024,5,11,6,132,59.1
Pashan AWS,18.5362,73.7928,11-05-2024 06:45,2024-05-11 06:45:00,2024,5,11,6,132,58.5
Pashan AWS,18.5362,73.7928,11-05-2024 06:50,2024-05-11 06:50:00,2024,5,11,6,132,57.8
Pashan AWS,18.5362,73.7928,11-05-2024 06:55,2024-05-11 06:55:00,2024,5,11,6,132,56.9
Pashan AWS,18.5362,73.7928,11-05-2024 07:00,2024-05-11 07:00:00,2024,5,11,7,132,56.3
Pashan AWS,18.5362,73.7928,11-05-2024 07:05,2024-05-11 07:05:00,2024,5,11,7,132,56.4
Pashan AWS,18.5362,73.7928,11-05-2024 07:10,2024-05-11 07:10:00,2024,5,11,7,132,56.0
Pashan AWS,18.5362,73.7928,11-05-2024 07:15,2024-05-11 07:15:00,2024,5,11,7,132,55.9
Pashan AWS,18.5362,73.7928,11-05-2024 07:20,2024-05-11 07:20:00,2024,5,11,7,132,56.1
Pashan AWS,18.5362,73.7928,11-05-2024 07:25,2024-05-11 07:25:00,2024,5,11,7,132,55.8
Pashan AWS,18.5362,73.7928,11-05-2024 07:30,2024-05-11 07:30:00,2024,5,11,7,132,55.1
Pashan AWS,18.5362,73.7928,11-05-2024 07:35,2024-05-11 07:35:00,2024,5,11,7,132,54.8
Pashan AWS,18.5362,73.7928,11-05-2024 07:40,2024-05-11 07:40:00,2024,5,11,7,132,54.2
Pashan AWS,18.5362,73.7928,11-05-2024 07:45,2024-05-11 07:45:00,2024,5,11,7,132,53.5
Pashan AWS,18.5362,73.7928,11-05-2024 07:50,2024-05-11 07:50:00,2024,5,11,7,132,52.4
Pashan AWS,18.5362,73.7928,11-05-2024 07:55,2024-05-11 07:55:00,2024,5,11,7,132,52.4
Pashan AWS,18.5362,73.7928,11-05-2024 08:00,2024-05-11 08:00:00,2024,5,11,8,132,51.8
Pashan AWS,18.5362,73.7928,11-05-2024 08:05,2024-05-11 08:05:00,2024,5,11,8,132,51.4
Pashan AWS,18.5362,73.7928,11-05-2024 08:10,2024-05-11 08:10:00,2024,5,11,8,132,50.6
Pashan AWS,18.5362,73.7928,11-05-2024 08:15,2024-05-11 08:15:00,2024,5,11,8,132,50.3
Pashan AWS,18.5362,73.7928,11-05-2024 08:20,2024-05-11 08:20:00,2024,5,11,8,132,49.6
Pashan AWS,18.5362,73.7928,11-05-2024 08:25,2024-05-11 08:25:00,2024,5,11,8,132,49.1
Pashan AWS,18.5362,73.7928,11-05-2024 08:30,2024-05-11 08:30:00,2024,5,11,8,132,49.0
Pashan AWS,18.5362,73.7928,11-05-2024 08:35,2024-05-11 08:35:00,2024,5,11,8,132,48.8
Pashan AWS,18.5362,73.7928,11-05-2024 08:40,2024-05-11 08:40:00,2024,5,11,8,132,48.4
Pashan AWS,18.5362,73.7928,11-05-2024 08:45,2024-05-11 08:45:00,2024,5,11,8,132,47.2
Pashan AWS,18.5362,73.7928,11-05-2024 08:50,2024-05-11 08:50:00,2024,5,11,8,132,47.9
Pashan AWS,18.5362,73.7928,11-05-2024 08:55,2024-05-11 08:55:00,2024,5,11,8,132,48.1
Pashan AWS,18.5362,73.7928,11-05-2024 09:00,2024-05-11 09:00:00,2024,5,11,9,132,47.9
Pashan AWS,18.5362,73.7928,11-05-2024 09:05,2024-05-11 09:05:00,2024,5,11,9,132,47.1
Pashan AWS,18.5362,73.7928,11-05-2024 09:10,2024-05-11 09:10:00,2024,5,11,9,132,46.5
Pashan AWS,18.5362,73.7928,11-05-2024 09:15,2024-05-11 09:15:00,2024,5,11,9,132,45.8
Pashan AWS,18.5362,73.7928,11-05-2024 09:20,2024-05-11 09:20:00,2024,5,11,9,132,45.8
Pashan AWS,18.5362,73.7928,11-05-2024 09:25,2024-05-11 09:25:00,2024,5,11,9,132,45.3
Pashan AWS,18.5362,73.7928,11-05-2024 09:30,2024-05-11 09:30:00,2024,5,11,9,132,44.5
Pashan AWS,18.5362,73.7928,11-05-2024 09:35,2024-05-11 09:35:00,2024,5,11,9,132,43.8
Pashan AWS,18.5362,73.7928,11-05-2024 09:40,2024-05-11 09:40:00,2024,5,11,9,132,43.8
Pashan AWS,18.5362,73.7928,11-05-2024 09:45,2024-05-11 09:45:00,2024,5,11,9,132,43.9
Pashan AWS,18.5362,73.7928,11-05-2024 09:50,2024-05-11 09:50:00,2024,5,11,9,132,44.0
Pashan AWS,18.5362,73.7928,11-05-2024 09:55,2024-05-11 09:55:00,2024,5,11,9,132,43.7
Pashan AWS,18.5362,73.7928,11-05-2024 10:00,2024-05-11 10:00:00,2024,5,11,10,132,43.1
Pashan AWS,18.5362,73.7928,11-05-2024 10:05,2024-05-11 10:05:00,2024,5,11,10,132,41.2
Pashan AWS,18.5362,73.7928,11-05-2024 10:10,2024-05-11 10:10:00,2024,5,11,10,132,40.9
Pashan AWS,18.5362,73.7928,11-05-2024 10:15,2024-05-11 10:15:00,2024,5,11,10,132,40.4
Pashan AWS,18.5362,73.7928,11-05-2024 10:20,2024-05-11 10:20:00,2024,5,11,10,132,40.0
Pashan AWS,18.5362,73.7928,11-05-2024 10:25,2024-05-11 10:25:00,2024,5,11,10,132,39.5
Pashan AWS,18.5362,73.7928,11-05-2024 10:30,2024-05-11 10:30:00,2024,5,11,10,132,38.5
Pashan AWS,18.5362,73.7928,11-05-2024 10:35,2024-05-11 10:35:00,2024,5,11,10,132,38.3
Pashan AWS,18.5362,73.7928,11-05-2024 10:40,2024-05-11 10:40:00,2024,5,11,10,132,38.1
Pashan AWS,18.5362,73.7928,11-05-2024 10:45,2024-05-11 10:45:00,2024,5,11,10,132,38.0
Pashan AWS,18.5362,73.7928,11-05-2024 10:50,2024-05-11 10:50:00,2024,5,11,10,132,37.9
Pashan AWS,18.5362,73.7928,11-05-2024 10:55,2024-05-11 10:55:00,2024,5,11,10,132,37.7
Pashan AWS,18.5362,73.7928,11-05-2024 11:00,2024-05-11 11:00:00,2024,5,11,11,132,37.1
Pashan AWS,18.5362,73.7928,11-05-2024 11:05,2024-05-11 11:05:00,2024,5,11,11,132,36.6
Pashan AWS,18.5362,73.7928,11-05-2024 11:10,2024-05-11 11:10:00,2024,5,11,11,132,36.2
Pashan AWS,18.5362,73.7928,11-05-2024 11:15,2024-05-11 11:15:00,2024,5,11,11,132,35.8
Pashan AWS,18.5362,73.7928,11-05-2024 11:20,2024-05-11 11:20:00,2024,5,11,11,132,35.8
Pashan AWS,18.5362,73.7928,11-05-2024 11:25,2024-05-11 11:25:00,2024,5,11,11,132,35.6
Pashan AWS,18.5362,73.7928,11-05-2024 11:30,2024-05-11 11:30:00,2024,5,11,11,132,36.0
Pashan AWS,18.5362,73.7928,11-05-2024 11:35,2024-05-11 11:35:00,2024,5,11,11,132,36.4
Pashan AWS,18.5362,73.7928,11-05-2024 11:40,2024-05-11 11:40:00,2024,5,11,11,132,36.0
Pashan AWS,18.5362,73.7928,11-05-2024 11:45,2024-05-11 11:45:00,2024,5,11,11,132,34.0
Pashan AWS,18.5362,73.7928,11-05-2024 11:50,2024-05-11 11:50:00,2024,5,11,11,132,34.1
Pashan AWS,18.5362,73.7928,11-05-2024 11:55,2024-05-11 11:55:00,2024,5,11,11,132,33.5
Pashan AWS,18.5362,73.7928,11-05-2024 12:00,2024-05-11 12:00:00,2024,5,11,12,132,32.8
Pashan AWS,18.5362,73.7928,11-05-2024 12:05,2024-05-11 12:05:00,2024,5,11,12,132,32.3
Pashan AWS,18.5362,73.7928,11-05-2024 12:10,2024-05-11 12:10:00,2024,5,11,12,132,31.8
Pashan AWS,18.5362,73.7928,11-05-2024 12:15,2024-05-11 12:15:00,2024,5,11,12,132,31.7
Pashan AWS,18.5362,73.7928,11-05-2024 12:20,2024-05-11 12:20:00,2024,5,11,12,132,30.8
Pashan AWS,18.5362,73.7928,11-05-2024 12:25,2024-05-11 12:25:00,2024,5,11,12,132,30.1
Pashan AWS,18.5362,73.7928,11-05-2024 12:30,2024-05-11 12:30:00,2024,5,11,12,132,30.0
Pashan AWS,18.5362,73.7928,11-05-2024 12:35,2024-05-11 12:35:00,2024,5,11,12,132,30.0
Pashan AWS,18.5362,73.7928,11-05-2024 12:40,2024-05-11 12:40:00,2024,5,11,12,132,30.0
Pashan AWS,18.5362,73.7928,11-05-2024 12:45,2024-05-11 12:45:00,2024,5,11,12,132,29.4
Pashan AWS,18.5362,73.7928,11-05-2024 12:50,2024-05-11 12:50:00,2024,5,11,12,132,28.8
Pashan AWS,18.5362,73.7928,11-05-2024 12:55,2024-05-11 12:55:00,2024,5,11,12,132,28.4
Pashan AWS,18.5362,73.7928,11-05-2024 13:00,2024-05-11 13:00:00,2024,5,11,13,132,28.3
Pashan AWS,18.5362,73.7928,11-05-2024 13:05,2024-05-11 13:05:00,2024,5,11,13,132,28.8
Pashan AWS,18.5362,73.7928,11-05-2024 13:10,2024-05-11 13:10:00,2024,5,11,13,132,27.8
Pashan AWS,18.5362,73.7928,11-05-2024 13:15,2024-05-11 13:15:00,2024,5,11,13,132,27.5
Pashan AWS,18.5362,73.7928,11-05-2024 13:20,2024-05-11 13:20:00,2024,5,11,13,132,26.9
Pashan AWS,18.5362,73.7928,11-05-2024 13:25,2024-05-11 13:25:00,2024,5,11,13,132,26.1
Pashan AWS,18.5362,73.7928,11-05-2024 13:30,2024-05-11 13:30:00,2024,5,11,13,132,26.5
Pashan AWS,18.5362,73.7928,11-05-2024 13:35,2024-05-11 13:35:00,2024,5,11,13,132,26.6
Pashan AWS,18.5362,73.7928,11-05-2024 13:40,2024-05-11 13:40:00,2024,5,11,13,132,26.7
Pashan AWS,18.5362,73.7928,11-05-2024 13:45,2024-05-11 13:45:00,2024,5,11,13,132,27.0
Pashan AWS,18.5362,73.7928,11-05-2024 13:50,2024-05-11 13:50:00,2024,5,11,13,132,26.8
Pashan AWS,18.5362,73.7928,11-05-2024 13:55,2024-05-11 13:55:00,2024,5,11,13,132,26.5
Pashan AWS,18.5362,73.7928,11-05-2024 14:00,2024-05-11 14:00:00,2024,5,11,14,132,27.4
Pashan AWS,18.5362,73.7928,11-05-2024 14:05,2024-05-11 14:05:00,2024,5,11,14,132,27.2
Pashan AWS,18.5362,73.7928,11-05-2024 14:10,2024-05-11 14:10:00,2024,5,11,14,132,27.4
Pashan AWS,18.5362,73.7928,11-05-2024 14:15,2024-05-11 14:15:00,2024,5,11,14,132,27.4
Pashan AWS,18.5362,73.7928,11-05-2024 14:20,2024-05-11 14:20:00,2024,5,11,14,132,26.6
Pashan AWS,18.5362,73.7928,11-05-2024 14:25,2024-05-11 14:25:00,2024,5,11,14,132,25.8
Pashan AWS,18.5362,73.7928,11-05-2024 14:30,2024-05-11 14:30:00,2024,5,11,14,132,25.6
Pashan AWS,18.5362,73.7928,11-05-2024 14:35,2024-05-11 14:35:00,2024,5,11,14,132,26.1
Pashan AWS,18.5362,73.7928,11-05-2024 14:40,2024-05-11 14:40:00,2024,5,11,14,132,26.4
Pashan AWS,18.5362,73.7928,11-05-2024 14:45,2024-05-11 14:45:00,2024,5,11,14,132,26.8
Pashan AWS,18.5362,73.7928,11-05-2024 14:50,2024-05-11 14:50:00,2024,5,11,14,132,26.5
Pashan AWS,18.5362,73.7928,11-05-2024 14:55,2024-05-11 14:55:00,2024,5,11,14,132,27.2
Pashan AWS,18.5362,73.7928,11-05-2024 15:00,2024-05-11 15:00:00,2024,5,11,15,132,26.8
Pashan AWS,18.5362,73.7928,11-05-2024 15:05,2024-05-11 15:05:00,2024,5,11,15,132,27.0
Pashan AWS,18.5362,73.7928,11-05-2024 15:10,2024-05-11 15:10:00,2024,5,11,15,132,27.1
Pashan AWS,18.5362,73.7928,11-05-2024 15:15,2024-05-11 15:15:00,2024,5,11,15,132,27.1
Pashan AWS,18.5362,73.7928,11-05-2024 15:20,2024-05-11 15:20:00,2024,5,11,15,132,27.7
Pashan AWS,18.5362,73.7928,11-05-2024 15:25,2024-05-11 15:25:00,2024,5,11,15,132,27.5
Pashan AWS,18.5362,73.7928,11-05-2024 15:30,2024-05-11 15:30:00,2024,5,11,15,132,27.1
Pashan AWS,18.5362,73.7928,11-05-2024 15:35,2024-05-11 15:35:00,2024,5,11,15,132,27.3
Pashan AWS,18.5362,73.7928,11-05-2024 15:40,2024-05-11 15:40:00,2024,5,11,15,132,27.3
Pashan AWS,18.5362,73.7928,11-05-2024 15:45,2024-05-11 15:45:00,2024,5,11,15,132,28.8
Pashan AWS,18.5362,73.7928,11-05-2024 15:50,2024-05-11 15:50:00,2024,5,11,15,132,29.2
Pashan AWS,18.5362,73.7928,11-05-2024 15:55,2024-05-11 15:55:00,2024,5,11,15,132,29.1
Pashan AWS,18.5362,73.7928,11-05-2024 16:00,2024-05-11 16:00:00,2024,5,11,16,132,28.8
Pashan AWS,18.5362,73.7928,11-05-2024 16:05,2024-05-11 16:05:00,2024,5,11,16,132,28.2
Pashan AWS,18.5362,73.7928,11-05-2024 16:10,2024-05-11 16:10:00,2024,5,11,16,132,28.0
Pashan AWS,18.5362,73.7928,11-05-2024 16:15,2024-05-11 16:15:00,2024,5,11,16,132,28.3
Pashan AWS,18.5362,73.7928,11-05-2024 16:20,2024-05-11 16:20:00,2024,5,11,16,132,29.1
Pashan AWS,18.5362,73.7928,11-05-2024 16:25,2024-05-11 16:25:00,2024,5,11,16,132,29.8
Pashan AWS,18.5362,73.7928,11-05-2024 16:30,2024-05-11 16:30:00,2024,5,11,16,132,30.1
Pashan AWS,18.5362,73.7928,11-05-2024 16:35,2024-05-11 16:35:00,2024,5,11,16,132,30.2
Pashan AWS,18.5362,73.7928,11-05-2024 16:40,2024-05-11 16:40:00,2024,5,11,16,132,30.5
Pashan AWS,18.5362,73.7928,11-05-2024 16:45,2024-05-11 16:45:00,2024,5,11,16,132,30.6
Pashan AWS,18.5362,73.7928,11-05-2024 16:50,2024-05-11 16:50:00,2024,5,11,16,132,31.5
Pashan AWS,18.5362,73.7928,11-05-2024 16:55,2024-05-11 16:55:00,2024,5,11,16,132,31.7
Pashan AWS,18.5362,73.7928,11-05-2024 17:00,2024-05-11 17:00:00,2024,5,11,17,132,31.9
Pashan AWS,18.5362,73.7928,11-05-2024 17:05,2024-05-11 17:05:00,2024,5,11,17,132,31.3
Pashan AWS,18.5362,73.7928,11-05-2024 17:10,2024-05-11 17:10:00,2024,5,11,17,132,31.5
Pashan AWS,18.5362,73.7928,11-05-2024 17:15,2024-05-11 17:15:00,2024,5,11,17,132,32.2
Pashan AWS,18.5362,73.7928,11-05-2024 17:20,2024-05-11 17:20:00,2024,5,11,17,132,32.1
Pashan AWS,18.5362,73.7928,11-05-2024 17:25,2024-05-11 17:25:00,2024,5,11,17,132,32.1
Pashan AWS,18.5362,73.7928,11-05-2024 17:30,2024-05-11 17:30:00,2024,5,11,17,132,32.8
Pashan AWS,18.5362,73.7928,11-05-2024 17:35,2024-05-11 17:35:00,2024,5,11,17,132,32.6
Pashan AWS,18.5362,73.7928,11-05-2024 17:40,2024-05-11 17:40:00,2024,5,11,17,132,33.4
Pashan AWS,18.5362,73.7928,11-05-2024 17:45,2024-05-11 17:45:00,2024,5,11,17,132,33.5
Pashan AWS,18.5362,73.7928,11-05-2024 17:50,2024-05-11 17:50:00,2024,5,11,17,132,33.8
Pashan AWS,18.5362,73.7928,11-05-2024 17:55,2024-05-11 17:55:00,2024,5,11,17,132,33.7
Pashan AWS,18.5362,73.7928,11-05-2024 18:00,2024-05-11 18:00:00,2024,5,11,18,132,34.3
Pashan AWS,18.5362,73.7928,11-05-2024 18:05,2024-05-11 18:05:00,2024,5,11,18,132,35.7
Pashan AWS,18.5362,73.7928,11-05-2024 18:10,2024-05-11 18:10:00,2024,5,11,18,132,36.4
Pashan AWS,18.5362,73.7928,11-05-2024 18:15,2024-05-11 18:15:00,2024,5,11,18,132,36.4
Pashan AWS,18.5362,73.7928,11-05-2024 18:20,2024-05-11 18:20:00,2024,5,11,18,132,37.3
Pashan AWS,18.5362,73.7928,11-05-2024 18:25,2024-05-11 18:25:00,2024,5,11,18,132,37.5
Pashan AWS,18.5362,73.7928,11-05-2024 18:30,2024-05-11 18:30:00,2024,5,11,18,132,38.5
Pashan AWS,18.5362,73.7928,11-05-2024 18:35,2024-05-11 18:35:00,2024,5,11,18,132,39.2
Pashan AWS,18.5362,73.7928,11-05-2024 18:40,2024-05-11 18:40:00,2024,5,11,18,132,38.4
Pashan AWS,18.5362,73.7928,11-05-2024 18:45,2024-05-11 18:45:00,2024,5,11,18,132,38.4
Pashan AWS,18.5362,73.7928,11-05-2024 18:50,2024-05-11 18:50:00,2024,5,11,18,132,39.2
Pashan AWS,18.5362,73.7928,11-05-2024 18:55,2024-05-11 18:55:00,2024,5,11,18,132,39.7
Pashan AWS,18.5362,73.7928,11-05-2024 19:00,2024-05-11 19:00:00,2024,5,11,19,132,39.8
Pashan AWS,18.5362,73.7928,11-05-2024 19:05,2024-05-11 19:05:00,2024,5,11,19,132,40.0
Pashan AWS,18.5362,73.7928,11-05-2024 19:10,2024-05-11 19:10:00,2024,5,11,19,132,39.7
Pashan AWS,18.5362,73.7928,11-05-2024 19:15,2024-05-11 19:15:00,2024,5,11,19,132,40.2
Pashan AWS,18.5362,73.7928,11-05-2024 19:20,2024-05-11 19:20:00,2024,5,11,19,132,41.6
Pashan AWS,18.5362,73.7928,11-05-2024 19:25,2024-05-11 19:25:00,2024,5,11,19,132,42.4
Pashan AWS,18.5362,73.7928,11-05-2024 19:30,2024-05-11 19:30:00,2024,5,11,19,132,43.7
Pashan AWS,18.5362,73.7928,11-05-2024 19:35,2024-05-11 19:35:00,2024,5,11,19,132,44.5
Pashan AWS,18.5362,73.7928,11-05-2024 19:40,2024-05-11 19:40:00,2024,5,11,19,132,45.3
Pashan AWS,18.5362,73.7928,11-05-2024 19:45,2024-05-11 19:45:00,2024,5,11,19,132,46.5
Pashan AWS,18.5362,73.7928,11-05-2024 19:50,2024-05-11 19:50:00,2024,5,11,19,132,47.0
Pashan AWS,18.5362,73.7928,11-05-2024 19:55,2024-05-11 19:55:00,2024,5,11,19,132,47.3
Pashan AWS,18.5362,73.7928,11-05-2024 20:00,2024-05-11 20:00:00,2024,5,11,20,132,48.1
Pashan AWS,18.5362,73.7928,11-05-2024 20:05,2024-05-11 20:05:00,2024,5,11,20,132,49.0
Pashan AWS,18.5362,73.7928,11-05-2024 20:10,2024-05-11 20:10:00,2024,5,11,20,132,49.2
Pashan AWS,18.5362,73.7928,11-05-2024 20:15,2024-05-11 20:15:00,2024,5,11,20,132,49.2
Pashan AWS,18.5362,73.7928,11-05-2024 20:20,2024-05-11 20:20:00,2024,5,11,20,132,49.7
Pashan AWS,18.5362,73.7928,11-05-2024 20:25,2024-05-11 20:25:00,2024,5,11,20,132,50.4
Pashan AWS,18.5362,73.7928,11-05-2024 20:30,2024-05-11 20:30:00,2024,5,11,20,132,51.1
Pashan AWS,18.5362,73.7928,11-05-2024 20:35,2024-05-11 20:35:00,2024,5,11,20,132,50.9
Pashan AWS,18.5362,73.7928,11-05-2024 20:40,2024-05-11 20:40:00,2024,5,11,20,132,52.0
Pashan AWS,18.5362,73.7928,11-05-2024 20:45,2024-05-11 20:45:00,2024,5,11,20,132,52.1
Pashan AWS,18.5362,73.7928,11-05-2024 20:50,2024-05-11 20:50:00,2024,5,11,20,132,52.4
Pashan AWS,18.5362,73.7928,11-05-2024 20:55,2024-05-11 20:55:00,2024,5,11,20,132,52.4
Pashan AWS,18.5362,73.7928,11-05-2024 21:00,2024-05-11 21:00:00,2024,5,11,21,132,53.9
Pashan AWS,18.5362,73.7928,11-05-2024 21:05,2024-05-11 21:05:00,2024,5,11,21,132,54.3
Pashan AWS,18.5362,73.7928,11-05-2024 21:10,2024-05-11 21:10:00,2024,5,11,21,132,54.3
Pashan AWS,18.5362,73.7928,11-05-2024 21:15,2024-05-11 21:15:00,2024,5,11,21,132,55.1
Pashan AWS,18.5362,73.7928,11-05-2024 21:20,2024-05-11 21:20:00,2024,5,11,21,132,55.7
Pashan AWS,18.5362,73.7928,11-05-2024 21:25,2024-05-11 21:25:00,2024,5,11,21,132,56.0
Pashan AWS,18.5362,73.7928,11-05-2024 21:30,2024-05-11 21:30:00,2024,5,11,21,132,56.7
Pashan AWS,18.5362,73.7928,11-05-2024 21:35,2024-05-11 21:35:00,2024,5,11,21,132,56.7
Pashan AWS,18.5362,73.7928,11-05-2024 21:40,2024-05-11 21:40:00,2024,5,11,21,132,56.9
Pashan AWS,18.5362,73.7928,11-05-2024 21:45,2024-05-11 21:45:00,2024,5,11,21,132,56.5
Pashan AWS,18.5362,73.7928,11-05-2024 21:50,2024-05-11 21:50:00,2024,5,11,21,132,56.3
Pashan AWS,18.5362,73.7928,11-05-2024 21:55,2024-05-11 21:55:00,2024,5,11,21,132,57.5
Pashan AWS,18.5362,73.7928,11-05-2024 22:00,2024-05-11 22:00:00,2024,5,11,22,132,58.6
Pashan AWS,18.5362,73.7928,11-05-2024 22:05,2024-05-11 22:05:00,2024,5,11,22,132,59.0
Pashan AWS,18.5362,73.7928,11-05-2024 22:10,2024-05-11 22:10:00,2024,5,11,22,132,60.0
Pashan AWS,18.5362,73.7928,11-05-2024 22:15,2024-05-11 22:15:00,2024,5,11,22,132,60.2
Pashan AWS,18.5362,73.7928,11-05-2024 22:20,2024-05-11 22:20:00,2024,5,11,22,132,60.5
Pashan AWS,18.5362,73.7928,11-05-2024 22:25,2024-05-11 22:25:00,2024,5,11,22,132,60.8
Pashan AWS,18.5362,73.7928,11-05-2024 22:30,2024-05-11 22:30:00,2024,5,11,22,132,61.1
Pashan AWS,18.5362,73.7928,11-05-2024 22:35,2024-05-11 22:35:00,2024,5,11,22,132,61.4
Pashan AWS,18.5362,73.7928,11-05-2024 22:40,2024-05-11 22:40:00,2024,5,11,22,132,62.2
Pashan AWS,18.5362,73.7928,11-05-2024 22:45,2024-05-11 22:45:00,2024,5,11,22,132,62.6
Pashan AWS,18.5362,73.7928,11-05-2024 22:50,2024-05-11 22:50:00,2024,5,11,22,132,63.2
Pashan AWS,18.5362,73.7928,11-05-2024 22:55,2024-05-11 22:55:00,2024,5,11,22,132,63.9
Pashan AWS,18.5362,73.7928,11-05-2024 23:00,2024-05-11 23:00:00,2024,5,11,23,132,64.3
Pashan AWS,18.5362,73.7928,11-05-2024 23:05,2024-05-11 23:05:00,2024,5,11,23,132,64.2
Pashan AWS,18.5362,73.7928,11-05-2024 23:10,2024-05-11 23:10:00,2024,5,11,23,132,63.9
Pashan AWS,18.5362,73.7928,11-05-2024 23:15,2024-05-11 23:15:00,2024,5,11,23,132,64.3
Pashan AWS,18.5362,73.7928,11-05-2024 23:20,2024-05-11 23:20:00,2024,5,11,23,132,64.5
Pashan AWS,18.5362,73.7928,11-05-2024 23:25,2024-05-11 23:25:00,2024,5,11,23,132,64.9
Pashan AWS,18.5362,73.7928,11-05-2024 23:30,2024-05-11 23:30:00,2024,5,11,23,132,65.2
Pashan AWS,18.5362,73.7928,11-05-2024 23:35,2024-05-11 23:35:00,2024,5,11,23,132,66.5
Pashan AWS,18.5362,73.7928,11-05-2024 23:40,2024-05-11 23:40:00,2024,5,11,23,132,66.2
Pashan AWS,18.5362,73.7928,11-05-2024 23:45,2024-05-11 23:45:00,2024,5,11,23,132,65.6
Pashan AWS,18.5362,73.7928,11-05-2024 23:50,2024-05-11 23:50:00,2024,5,11,23,132,66.1
Pashan AWS,18.5362,73.7928,11-05-2024 23:55,2024-05-11 23:55:00,2024,5,11,23,132,66.2
Pashan AWS,18.5362,73.7928,12-05-2024 00:00,2024-05-12 00:00:00,2024,5,12,0,133,66.6
Pashan AWS,18.5362,73.7928,12-05-2024 00:05,2024-05-12 00:05:00,2024,5,12,0,133,67.1
Pashan AWS,18.5362,73.7928,12-05-2024 00:10,2024-05-12 00:10:00,2024,5,12,0,133,67.9
Pashan AWS,18.5362,73.7928,12-05-2024 00:15,2024-05-12 00:15:00,2024,5,12,0,133,67.5
Pashan AWS,18.5362,73.7928,12-05-2024 00:20,2024-05-12 00:20:00,2024,5,12,0,133,67.5
Pashan AWS,18.5362,73.7928,12-05-2024 00:25,2024-05-12 00:25:00,2024,5,12,0,133,67.9
Pashan AWS,18.5362,73.7928,12-05-2024 00:30,2024-05-12 00:30:00,2024,5,12,0,133,68.5
Pashan AWS,18.5362,73.7928,12-05-2024 00:35,2024-05-12 00:35:00,2024,5,12,0,133,69.5
Pashan AWS,18.5362,73.7928,12-05-2024 00:40,2024-05-12 00:40:00,2024,5,12,0,133,70.1
Pashan AWS,18.5362,73.7928,12-05-2024 00:45,2024-05-12 00:45:00,2024,5,12,0,133,70.2
Pashan AWS,18.5362,73.7928,12-05-2024 00:50,2024-05-12 00:50:00,2024,5,12,0,133,70.0
Pashan AWS,18.5362,73.7928,12-05-2024 00:55,2024-05-12 00:55:00,2024,5,12,0,133,69.9
Pashan AWS,18.5362,73.7928,12-05-2024 01:00,2024-05-12 01:00:00,2024,5,12,1,133,69.8
Pashan AWS,18.5362,73.7928,12-05-2024 01:05,2024-05-12 01:05:00,2024,5,12,1,133,70.2
Pashan AWS,18.5362,73.7928,12-05-2024 01:10,2024-05-12 01:10:00,2024,5,12,1,133,70.4
Pashan AWS,18.5362,73.7928,12-05-2024 01:15,2024-05-12 01:15:00,2024,5,12,1,133,70.0
Pashan AWS,18.5362,73.7928,12-05-2024 01:20,2024-05-12 01:20:00,2024,5,12,1,133,70.0
Pashan AWS,18.5362,73.7928,12-05-2024 01:25,2024-05-12 01:25:00,2024,5,12,1,133,70.4
Pashan AWS,18.5362,73.7928,12-05-2024 01:30,2024-05-12 01:30:00,2024,5,12,1,133,70.7
Pashan AWS,18.5362,73.7928,12-05-2024 01:35,2024-05-12 01:35:00,2024,5,12,1,133,71.0
Pashan AWS,18.5362,73.7928,12-05-2024 01:40,2024-05-12 01:40:00,2024,5,12,1,133,71.2
Pashan AWS,18.5362,73.7928,12-05-2024 01:45,2024-05-12 01:45:00,2024,5,12,1,133,71.9
Pashan AWS,18.5362,73.7928,12-05-2024 01:50,2024-05-12 01:50:00,2024,5,12,1,133,72.1
Pashan AWS,18.5362,73.7928,12-05-2024 01:55,2024-05-12 01:55:00,2024,5,12,1,133,71.9
Pashan AWS,18.5362,73.7928,12-05-2024 02:00,2024-05-12 02:00:00,2024,5,12,2,133,71.5
Pashan AWS,18.5362,73.7928,12-05-2024 02:05,2024-05-12 02:05:00,2024,5,12,2,133,71.7
Pashan AWS,18.5362,73.7928,12-05-2024 02:10,2024-05-12 02:10:00,2024,5,12,2,133,70.7
Pashan AWS,18.5362,73.7928,12-05-2024 02:15,2024-05-12 02:15:00,2024,5,12,2,133,70.7
Pashan AWS,18.5362,73.7928,12-05-2024 02:20,2024-05-12 02:20:00,2024,5,12,2,133,70.6
Pashan AWS,18.5362,73.7928,12-05-2024 02:25,2024-05-12 02:25:00,2024,5,12,2,133,70.1
Pashan AWS,18.5362,73.7928,12-05-2024 02:30,2024-05-12 02:30:00,2024,5,12,2,133,69.8
Pashan AWS,18.5362,73.7928,12-05-2024 02:35,2024-05-12 02:35:00,2024,5,12,2,133,70.2
Pashan AWS,18.5362,73.7928,12-05-2024 02:40,2024-05-12 02:40:00,2024,5,12,2,133,70.3
Pashan AWS,18.5362,73.7928,12-05-2024 02:45,2024-05-12 02:45:00,2024,5,12,2,133,70.3
Pashan AWS,18.5362,73.7928,12-05-2024 02:50,2024-05-12 02:50:00,2024,5,12,2,133,70.5
Pashan AWS,18.5362,73.7928,12-05-2024 02:55,2024-05-12 02:55:00,2024,5,12,2,133,70.5
Pashan AWS,18.5362,73.7928,12-05-2024 03:00,2024-05-12 03:00:00,2024,5,12,3,133,70.9
Pashan AWS,18.5362,73.7928,12-05-2024 03:05,2024-05-12 03:05:00,2024,5,12,3,133,70.9
Pashan AWS,18.5362,73.7928,12-05-2024 03:10,2024-05-12 03:10:00,2024,5,12,3,133,70.2
Pashan AWS,18.5362,73.7928,12-05-2024 03:15,2024-05-12 03:15:00,2024,5,12,3,133,70.8
Pashan AWS,18.5362,73.7928,12-05-2024 03:20,2024-05-12 03:20:00,2024,5,12,3,133,70.9
Pashan AWS,18.5362,73.7928,12-05-2024 03:25,2024-05-12 03:25:00,2024,5,12,3,133,70.5
Pashan AWS,18.5362,73.7928,12-05-2024 03:30,2024-05-12 03:30:00,2024,5,12,3,133,69.9
Pashan AWS,18.5362,73.7928,12-05-2024 03:35,2024-05-12 03:35:00,2024,5,12,3,133,69.9
Pashan AWS,18.5362,73.7928,12-05-2024 03:40,2024-05-12 03:40:00,2024,5,12,3,133,69.8
Pashan AWS,18.5362,73.7928,12-05-2024 03:45,2024-05-12 03:45:00,2024,5,12,3,133,70.3
Pashan AWS,18.5362,73.7928,12-05-2024 03:50,2024-05-12 03:50:00,2024,5,12,3,133,70.0
Pashan AWS,18.5362,73.7928,12-05-2024 03:55,2024-05-12 03:55:00,2024,5,12,3,133,69.5
Pashan AWS,18.5362,73.7928,12-05-2024 04:00,2024-05-12 04:00:00,2024,5,12,4,133,69.6
Pashan AWS,18.5362,73.7928,12-05-2024 04:05,2024-05-12 04:05:00,2024,5,12,4,133,69.8
Pashan AWS,18.5362,73.7928,12-05-2024 04:10,2024-05-12 04:10:00,2024,5,12,4,133,69.7
Pashan AWS,18.5362,73.7928,12-05-2024 04:15,2024-05-12 04:15:00,2024,5,12,4,133,69.7
Pashan AWS,18.5362,73.7928,12-05-2024 04:20,2024-05-12 04:20:00,2024,5,12,4,133,69.4
Pashan AWS,18.5362,73.7928,12-05-2024 04:25,2024-05-12 04:25:00,2024,5,12,4,133,69.3
Pashan AWS,18.5362,73.7928,12-05-2024 04:30,2024-05-12 04:30:00,2024,5,12,4,133,69.5
Pashan AWS,18.5362,73.7928,12-05-2024 04:35,2024-05-12 04:35:00,2024,5,12,4,133,69.4
Pashan AWS,18.5362,73.7928,12-05-2024 04:40,2024-05-12 04:40:00,2024,5,12,4,133,69.0
Pashan AWS,18.5362,73.7928,12-05-2024 04:45,2024-05-12 04:45:00,2024,5,12,4,133,69.2
Pashan AWS,18.5362,73.7928,12-05-2024 04:50,2024-05-12 04:50:00,2024,5,12,4,133,67.9
Pashan AWS,18.5362,73.7928,12-05-2024 04:55,2024-05-12 04:55:00,2024,5,12,4,133,68.5
Pashan AWS,18.5362,73.7928,12-05-2024 05:00,2024-05-12 05:00:00,2024,5,12,5,133,67.4
Pashan AWS,18.5362,73.7928,12-05-2024 05:05,2024-05-12 05:05:00,2024,5,12,5,133,66.8
Pashan AWS,18.5362,73.7928,12-05-2024 05:10,2024-05-12 05:10:00,2024,5,12,5,133,66.5
Pashan AWS,18.5362,73.7928,12-05-2024 05:15,2024-05-12 05:15:00,2024,5,12,5,133,66.1
Pashan AWS,18.5362,73.7928,12-05-2024 05:20,2024-05-12 05:20:00,2024,5,12,5,133,66.2
Pashan AWS,18.5362,73.7928,12-05-2024 05:25,2024-05-12 05:25:00,2024,5,12,5,133,65.4
Pashan AWS,18.5362,73.7928,12-05-2024 05:30,2024-05-12 05:30:00,2024,5,12,5,133,65.2
Pashan AWS,18.5362,73.7928,12-05-2024 05:35,2024-05-12 05:35:00,2024,5,12,5,133,64.6
Pashan AWS,18.5362,73.7928,12-05-2024 05:40,2024-05-12 05:40:00,2024,5,12,5,133,64.4
Pashan AWS,18.5362,73.7928,12-05-2024 05:45,2024-05-12 05:45:00,2024,5,12,5,133,64.0
Pashan AWS,18.5362,73.7928,12-05-2024 05:50,2024-05-12 05:50:00,2024,5,12,5,133,63.6
Pashan AWS,18.5362,73.7928,12-05-2024 05:55,2024-05-12 05:55:00,2024,5,12,5,133,63.0
Pashan AWS,18.5362,73.7928,12-05-2024 06:00,2024-05-12 06:00:00,2024,5,12,6,133,62.5
Pashan AWS,18.5362,73.7928,12-05-2024 06:05,2024-05-12 06:05:00,2024,5,12,6,133,62.2
Pashan AWS,18.5362,73.7928,12-05-2024 06:10,2024-05-12 06:10:00,2024,5,12,6,133,62.2
Pashan AWS,18.5362,73.7928,12-05-2024 06:15,2024-05-12 06:15:00,2024,5,12,6,133,61.6
Pashan AWS,18.5362,73.7928,12-05-2024 06:20,2024-05-12 06:20:00,2024,5,12,6,133,60.8
Pashan AWS,18.5362,73.7928,12-05-2024 06:25,2024-05-12 06:25:00,2024,5,12,6,133,60.7
Pashan AWS,18.5362,73.7928,12-05-2024 06:30,2024-05-12 06:30:00,2024,5,12,6,133,60.3
Pashan AWS,18.5362,73.7928,12-05-2024 06:35,2024-05-12 06:35:00,2024,5,12,6,133,60.2
Pashan AWS,18.5362,73.7928,12-05-2024 06:40,2024-05-12 06:40:00,2024,5,12,6,133,59.4
Pashan AWS,18.5362,73.7928,12-05-2024 06:45,2024-05-12 06:45:00,2024,5,12,6,133,58.3
Pashan AWS,18.5362,73.7928,12-05-2024 06:50,2024-05-12 06:50:00,2024,5,12,6,133,57.7
Pashan AWS,18.5362,73.7928,12-05-2024 06:55,2024-05-12 06:55:00,2024,5,12,6,133,57.0
Pashan AWS,18.5362,73.7928,12-05-2024 07:00,2024-05-12 07:00:00,2024,5,12,7,133,56.6
Pashan AWS,18.5362,73.7928,12-05-2024 07:05,2024-05-12 07:05:00,2024,5,12,7,133,56.0
Pashan AWS,18.5362,73.7928,12-05-2024 07:10,2024-05-12 07:10:00,2024,5,12,7,133,55.9
Pashan AWS,18.5362,73.7928,12-05-2024 07:15,2024-05-12 07:15:00,2024,5,12,7,133,55.4
Pashan AWS,18.5362,73.7928,12-05-2024 07:20,2024-05-12 07:20:00,2024,5,12,7,133,55.1
Pashan AWS,18.5362,73.7928,12-05-2024 07:25,2024-05-12 07:25:00,2024,5,12,7,133,54.8
Pashan AWS,18.5362,73.7928,12-05-2024 07:30,2024-05-12 07:30:00,2024,5,12,7,133,54.4
Pashan AWS,18.5362,73.7928,12-05-2024 07:35,2024-05-12 07:35:00,2024,5,12,7,133,54.0
Pashan AWS,18.5362,73.7928,12-05-2024 07:40,2024-05-12 07:40:00,2024,5,12,7,133,53.8
Pashan AWS,18.5362,73.7928,12-05-2024 07:45,2024-05-12 07:45:00,2024,5,12,7,133,53.0
Pashan AWS,18.5362,73.7928,12-05-2024 07:50,2024-05-12 07:50:00,2024,5,12,7,133,53.2
Pashan AWS,18.5362,73.7928,12-05-2024 07:55,2024-05-12 07:55:00,2024,5,12,7,133,52.6
Pashan AWS,18.5362,73.7928,12-05-2024 08:00,2024-05-12 08:00:00,2024,5,12,8,133,51.7
Pashan AWS,18.5362,73.7928,12-05-2024 08:05,2024-05-12 08:05:00,2024,5,12,8,133,51.3
Pashan AWS,18.5362,73.7928,12-05-2024 08:10,2024-05-12 08:10:00,2024,5,12,8,133,50.5
Pashan AWS,18.5362,73.7928,12-05-2024 08:15,2024-05-12 08:15:00,2024,5,12,8,133,50.4
Pashan AWS,18.5362,73.7928,12-05-2024 08:20,2024-05-12 08:20:00,2024,5,12,8,133,50.8
Pashan AWS,18.5362,73.7928,12-05-2024 08:25,2024-05-12 08:25:00,2024,5,12,8,133,50.1
Pashan AWS,18.5362,73.7928,12-05-2024 08:30,2024-05-12 08:30:00,2024,5,12,8,133,49.7
Pashan AWS,18.5362,73.7928,12-05-2024 08:35,2024-05-12 08:35:00,2024,5,12,8,133,48.6
Pashan AWS,18.5362,73.7928,12-05-2024 08:40,2024-05-12 08:40:00,2024,5,12,8,133,48.3
Pashan AWS,18.5362,73.7928,12-05-2024 08:45,2024-05-12 08:45:00,2024,5,12,8,133,47.5
Pashan AWS,18.5362,73.7928,12-05-2024 08:50,2024-05-12 08:50:00,2024,5,12,8,133,46.8
Pashan AWS,18.5362,73.7928,12-05-2024 08:55,2024-05-12 08:55:00,2024,5,12,8,133,46.0
Pashan AWS,18.5362,73.7928,12-05-2024 09:00,2024-05-12 09:00:00,2024,5,12,9,133,45.9
Pashan AWS,18.5362,73.7928,12-05-2024 09:05,2024-05-12 09:05:00,2024,5,12,9,133,45.9
Pashan AWS,18.5362,73.7928,12-05-2024 09:10,2024-05-12 09:10:00,2024,5,12,9,133,45.4
Pashan AWS,18.5362,73.7928,12-05-2024 09:15,2024-05-12 09:15:00,2024,5,12,9,133,44.7
Pashan AWS,18.5362,73.7928,12-05-2024 09:20,2024-05-12 09:20:00,2024,5,12,9,133,44.9
Pashan AWS,18.5362,73.7928,12-05-2024 09:25,2024-05-12 09:25:00,2024,5,12,9,133,44.1
Pashan AWS,18.5362,73.7928,12-05-2024 09:30,2024-05-12 09:30:00,2024,5,12,9,133,42.8
Pashan AWS,18.5362,73.7928,12-05-2024 09:35,2024-05-12 09:35:00,2024,5,12,9,133,42.6
Pashan AWS,18.5362,73.7928,12-05-2024 09:40,2024-05-12 09:40:00,2024,5,12,9,133,41.8
Pashan AWS,18.5362,73.7928,12-05-2024 09:45,2024-05-12 09:45:00,2024,5,12,9,133,41.8
Pashan AWS,18.5362,73.7928,12-05-2024 09:50,2024-05-12 09:50:00,2024,5,12,9,133,41.3
Pashan AWS,18.5362,73.7928,12-05-2024 09:55,2024-05-12 09:55:00,2024,5,12,9,133,41.2
Pashan AWS,18.5362,73.7928,12-05-2024 10:00,2024-05-12 10:00:00,2024,5,12,10,133,41.3
Pashan AWS,18.5362,73.7928,12-05-2024 10:05,2024-05-12 10:05:00,2024,5,12,10,133,40.4
Pashan AWS,18.5362,73.7928,12-05-2024 10:10,2024-05-12 10:10:00,2024,5,12,10,133,39.8
Pashan AWS,18.5362,73.7928,12-05-2024 10:15,2024-05-12 10:15:00,2024,5,12,10,133,39.4
Pashan AWS,18.5362,73.7928,12-05-2024 10:20,2024-05-12 10:20:00,2024,5,12,10,133,39.6
Pashan AWS,18.5362,73.7928,12-05-2024 10:25,2024-05-12 10:25:00,2024,5,12,10,133,39.0
Pashan AWS,18.5362,73.7928,12-05-2024 10:30,2024-05-12 10:30:00,2024,5,12,10,133,38.4
Pashan AWS,18.5362,73.7928,12-05-2024 10:35,2024-05-12 10:35:00,2024,5,12,10,133,38.2
Pashan AWS,18.5362,73.7928,12-05-2024 10:40,2024-05-12 10:40:00,2024,5,12,10,133,37.6
Pashan AWS,18.5362,73.7928,12-05-2024 10:45,2024-05-12 10:45:00,2024,5,12,10,133,37.3
Pashan AWS,18.5362,73.7928,12-05-2024 10:50,2024-05-12 10:50:00,2024,5,12,10,133,36.3
Pashan AWS,18.5362,73.7928,12-05-2024 10:55,2024-05-12 10:55:00,2024,5,12,10,133,36.9
Pashan AWS,18.5362,73.7928,12-05-2024 11:00,2024-05-12 11:00:00,2024,5,12,11,133,36.0
Pashan AWS,18.5362,73.7928,12-05-2024 11:05,2024-05-12 11:05:00,2024,5,12,11,133,35.5
Pashan AWS,18.5362,73.7928,12-05-2024 11:10,2024-05-12 11:10:00,2024,5,12,11,133,35.2
Pashan AWS,18.5362,73.7928,12-05-2024 11:15,2024-05-12 11:15:00,2024,5,12,11,133,35.7
Pashan AWS,18.5362,73.7928,12-05-2024 11:20,2024-05-12 11:20:00,2024,5,12,11,133,34.8
Pashan AWS,18.5362,73.7928,12-05-2024 11:25,2024-05-12 11:25:00,2024,5,12,11,133,35.3
Pashan AWS,18.5362,73.7928,12-05-2024 11:30,2024-05-12 11:30:00,2024,5,12,11,133,35.2
Pashan AWS,18.5362,73.7928,12-05-2024 11:35,2024-05-12 11:35:00,2024,5,12,11,133,35.1
Pashan AWS,18.5362,73.7928,12-05-2024 11:40,2024-05-12 11:40:00,2024,5,12,11,133,34.3
Pashan AWS,18.5362,73.7928,12-05-2024 11:45,2024-05-12 11:45:00,2024,5,12,11,133,34.2
Pashan AWS,18.5362,73.7928,12-05-2024 11:50,2024-05-12 11:50:00,2024,5,12,11,133,33.6
Pashan AWS,18.5362,73.7928,12-05-2024 11:55,2024-05-12 11:55:00,2024,5,12,11,133,33.8
Pashan AWS,18.5362,73.7928,12-05-2024 12:00,2024-05-12 12:00:00,2024,5,12,12,133,33.1
Pashan AWS,18.5362,73.7928,12-05-2024 12:05,2024-05-12 12:05:00,2024,5,12,12,133,32.8
Pashan AWS,18.5362,73.7928,12-05-2024 12:10,2024-05-12 12:10:00,2024,5,12,12,133,32.3
Pashan AWS,18.5362,73.7928,12-05-2024 12:15,2024-05-12 12:15:00,2024,5,12,12,133,31.6
Pashan AWS,18.5362,73.7928,12-05-2024 12:20,2024-05-12 12:20:00,2024,5,12,12,133,31.7
Pashan AWS,18.5362,73.7928,12-05-2024 12:25,2024-05-12 12:25:00,2024,5,12,12,133,31.7
Pashan AWS,18.5362,73.7928,12-05-2024 12:30,2024-05-12 12:30:00,2024,5,12,12,133,31.9
Pashan AWS,18.5362,73.7928,12-05-2024 12:35,2024-05-12 12:35:00,2024,5,12,12,133,31.0
Pashan AWS,18.5362,73.7928,12-05-2024 12:40,2024-05-12 12:40:00,2024,5,12,12,133,31.2
Pashan AWS,18.5362,73.7928,12-05-2024 12:45,2024-05-12 12:45:00,2024,5,12,12,133,32.0
Pashan AWS,18.5362,73.7928,12-05-2024 12:50,2024-05-12 12:50:00,2024,5,12,12,133,31.6
Pashan AWS,18.5362,73.7928,12-05-2024 12:55,2024-05-12 12:55:00,2024,5,12,12,133,32.1
Pashan AWS,18.5362,73.7928,12-05-2024 13:00,2024-05-12 13:00:00,2024,5,12,13,133,31.7
Pashan AWS,18.5362,73.7928,12-05-2024 13:05,2024-05-12 13:05:00,2024,5,12,13,133,30.9
Pashan AWS,18.5362,73.7928,12-05-2024 13:10,2024-05-12 13:10:00,2024,5,12,13,133,30.6
Pashan AWS,18.5362,73.7928,12-05-2024 13:15,2024-05-12 13:15:00,2024,5,12,13,133,30.9
Pashan AWS,18.5362,73.7928,12-05-2024 13:20,2024-05-12 13:20:00,2024,5,12,13,133,30.3
Pashan AWS,18.5362,73.7928,12-05-2024 13:25,2024-05-12 13:25:00,2024,5,12,13,133,29.9
Pashan AWS,18.5362,73.7928,12-05-2024 13:30,2024-05-12 13:30:00,2024,5,12,13,133,30.0
Pashan AWS,18.5362,73.7928,12-05-2024 13:35,2024-05-12 13:35:00,2024,5,12,13,133,29.9
Pashan AWS,18.5362,73.7928,12-05-2024 13:40,2024-05-12 13:40:00,2024,5,12,13,133,30.0
Pashan AWS,18.5362,73.7928,12-05-2024 13:45,2024-05-12 13:45:00,2024,5,12,13,133,30.0
Pashan AWS,18.5362,73.7928,12-05-2024 13:50,2024-05-12 13:50:00,2024,5,12,13,133,30.1
Pashan AWS,18.5362,73.7928,12-05-2024 13:55,2024-05-12 13:55:00,2024,5,12,13,133,29.8
Pashan AWS,18.5362,73.7928,12-05-2024 14:00,2024-05-12 14:00:00,2024,5,12,14,133,29.8
Pashan AWS,18.5362,73.7928,12-05-2024 14:05,2024-05-12 14:05:00,2024,5,12,14,133,29.3
Pashan AWS,18.5362,73.7928,12-05-2024 14:10,2024-05-12 14:10:00,2024,5,12,14,133,29.8
Pashan AWS,18.5362,73.7928,12-05-2024 14:15,2024-05-12 14:15:00,2024,5,12,14,133,29.5
Pashan AWS,18.5362,73.7928,12-05-2024 14:20,2024-05-12 14:20:00,2024,5,12,14,133,29.9
Pashan AWS,18.5362,73.7928,12-05-2024 14:25,2024-05-12 14:25:00,2024,5,12,14,133,29.7
Pashan AWS,18.5362,73.7928,12-05-2024 14:30,2024-05-12 14:30:00,2024,5,12,14,133,29.8
Pashan AWS,18.5362,73.7928,12-05-2024 14:35,2024-05-12 14:35:00,2024,5,12,14,133,29.6
Pashan AWS,18.5362,73.7928,12-05-2024 14:40,2024-05-12 14:40:00,2024,5,12,14,133,29.2
Pashan AWS,18.5362,73.7928,12-05-2024 14:45,2024-05-12 14:45:00,2024,5,12,14,133,28.5
Pashan AWS,18.5362,73.7928,12-05-2024 14:50,2024-05-12 14:50:00,2024,5,12,14,133,28.1
Pashan AWS,18.5362,73.7928,12-05-2024 14:55,2024-05-12 14:55:00,2024,5,12,14,133,28.1
Pashan AWS,18.5362,73.7928,12-05-2024 15:00,2024-05-12 15:00:00,2024,5,12,15,133,28.3
Pashan AWS,18.5362,73.7928,12-05-2024 15:05,2024-05-12 15:05:00,2024,5,12,15,133,28.9
Pashan AWS,18.5362,73.7928,12-05-2024 15:10,2024-05-12 15:10:00,2024,5,12,15,133,28.8
Pashan AWS,18.5362,73.7928,12-05-2024 15:15,2024-05-12 15:15:00,2024,5,12,15,133,28.6
Pashan AWS,18.5362,73.7928,12-05-2024 15:20,2024-05-12 15:20:00,2024,5,12,15,133,28.2
Pashan AWS,18.5362,73.7928,12-05-2024 15:25,2024-05-12 15:25:00,2024,5,12,15,133,28.5
Pashan AWS,18.5362,73.7928,12-05-2024 15:30,2024-05-12 15:30:00,2024,5,12,15,133,29.3
Pashan AWS,18.5362,73.7928,12-05-2024 15:35,2024-05-12 15:35:00,2024,5,12,15,133,30.0
Pashan AWS,18.5362,73.7928,12-05-2024 15:40,2024-05-12 15:40:00,2024,5,12,15,133,30.4
Pashan AWS,18.5362,73.7928,12-05-2024 15:45,2024-05-12 15:45:00,2024,5,12,15,133,30.8
Pashan AWS,18.5362,73.7928,12-05-2024 15:50,2024-05-12 15:50:00,2024,5,12,15,133,31.6
Pashan AWS,18.5362,73.7928,12-05-2024 15:55,2024-05-12 15:55:00,2024,5,12,15,133,31.9
Pashan AWS,18.5362,73.7928,12-05-2024 16:00,2024-05-12 16:00:00,2024,5,12,16,133,32.3
Pashan AWS,18.5362,73.7928,12-05-2024 16:05,2024-05-12 16:05:00,2024,5,12,16,133,32.3
Pashan AWS,18.5362,73.7928,12-05-2024 16:10,2024-05-12 16:10:00,2024,5,12,16,133,31.9
Pashan AWS,18.5362,73.7928,12-05-2024 16:15,2024-05-12 16:15:00,2024,5,12,16,133,31.8
Pashan AWS,18.5362,73.7928,12-05-2024 16:20,2024-05-12 16:20:00,2024,5,12,16,133,32.0
Pashan AWS,18.5362,73.7928,12-05-2024 16:25,2024-05-12 16:25:00,2024,5,12,16,133,32.3
Pashan AWS,18.5362,73.7928,12-05-2024 16:30,2024-05-12 16:30:00,2024,5,12,16,133,33.3
Pashan AWS,18.5362,73.7928,12-05-2024 16:35,2024-05-12 16:35:00,2024,5,12,16,133,33.5
Pashan AWS,18.5362,73.7928,12-05-2024 16:40,2024-05-12 16:40:00,2024,5,12,16,133,34.2
Pashan AWS,18.5362,73.7928,12-05-2024 16:45,2024-05-12 16:45:00,2024,5,12,16,133,34.3
Pashan AWS,18.5362,73.7928,12-05-2024 16:50,2024-05-12 16:50:00,2024,5,12,16,133,34.4
Pashan AWS,18.5362,73.7928,12-05-2024 16:55,2024-05-12 16:55:00,2024,5,12,16,133,34.1
Pashan AWS,18.5362,73.7928,12-05-2024 17:00,2024-05-12 17:00:00,2024,5,12,17,133,34.1
Pashan AWS,18.5362,73.7928,12-05-2024 17:05,2024-05-12 17:05:00,2024,5,12,17,133,34.6
Pashan AWS,18.5362,73.7928,12-05-2024 17:10,2024-05-12 17:10:00,2024,5,12,17,133,34.9
Pashan AWS,18.5362,73.7928,12-05-2024 17:15,2024-05-12 17:15:00,2024,5,12,17,133,35.6
Pashan AWS,18.5362,73.7928,12-05-2024 17:20,2024-05-12 17:20:00,2024,5,12,17,133,36.0
Pashan AWS,18.5362,73.7928,12-05-2024 17:25,2024-05-12 17:25:00,2024,5,12,17,133,36.1
Pashan AWS,18.5362,73.7928,12-05-2024 17:30,2024-05-12 17:30:00,2024,5,12,17,133,37.3
Pashan AWS,18.5362,73.7928,12-05-2024 17:35,2024-05-12 17:35:00,2024,5,12,17,133,37.6
Pashan AWS,18.5362,73.7928,12-05-2024 17:40,2024-05-12 17:40:00,2024,5,12,17,133,38.3
Pashan AWS,18.5362,73.7928,12-05-2024 17:45,2024-05-12 17:45:00,2024,5,12,17,133,38.5
Pashan AWS,18.5362,73.7928,12-05-2024 17:50,2024-05-12 17:50:00,2024,5,12,17,133,39.1
Pashan AWS,18.5362,73.7928,12-05-2024 17:55,2024-05-12 17:55:00,2024,5,12,17,133,39.7
Pashan AWS,18.5362,73.7928,12-05-2024 18:00,2024-05-12 18:00:00,2024,5,12,18,133,40.1
Pashan AWS,18.5362,73.7928,12-05-2024 18:05,2024-05-12 18:05:00,2024,5,12,18,133,39.5
Pashan AWS,18.5362,73.7928,12-05-2024 18:10,2024-05-12 18:10:00,2024,5,12,18,133,39.9
Pashan AWS,18.5362,73.7928,12-05-2024 18:15,2024-05-12 18:15:00,2024,5,12,18,133,40.7
Pashan AWS,18.5362,73.7928,12-05-2024 18:20,2024-05-12 18:20:00,2024,5,12,18,133,41.3
Pashan AWS,18.5362,73.7928,12-05-2024 18:25,2024-05-12 18:25:00,2024,5,12,18,133,41.8
Pashan AWS,18.5362,73.7928,12-05-2024 18:30,2024-05-12 18:30:00,2024,5,12,18,133,41.5
Pashan AWS,18.5362,73.7928,12-05-2024 18:35,2024-05-12 18:35:00,2024,5,12,18,133,41.6
Pashan AWS,18.5362,73.7928,12-05-2024 18:40,2024-05-12 18:40:00,2024,5,12,18,133,42.2
Pashan AWS,18.5362,73.7928,12-05-2024 18:45,2024-05-12 18:45:00,2024,5,12,18,133,42.8
Pashan AWS,18.5362,73.7928,12-05-2024 18:50,2024-05-12 18:50:00,2024,5,12,18,133,43.7
Pashan AWS,18.5362,73.7928,12-05-2024 18:55,2024-05-12 18:55:00,2024,5,12,18,133,44.0
Pashan AWS,18.5362,73.7928,12-05-2024 19:00,2024-05-12 19:00:00,2024,5,12,19,133,44.6
Pashan AWS,18.5362,73.7928,12-05-2024 19:05,2024-05-12 19:05:00,2024,5,12,19,133,45.0
Pashan AWS,18.5362,73.7928,12-05-2024 19:10,2024-05-12 19:10:00,2024,5,12,19,133,45.0
Pashan AWS,18.5362,73.7928,12-05-2024 19:15,2024-05-12 19:15:00,2024,5,12,19,133,44.5
Pashan AWS,18.5362,73.7928,12-05-2024 19:20,2024-05-12 19:20:00,2024,5,12,19,133,45.2
Pashan AWS,18.5362,73.7928,12-05-2024 19:25,2024-05-12 19:25:00,2024,5,12,19,133,45.8
Pashan AWS,18.5362,73.7928,12-05-2024 19:30,2024-05-12 19:30:00,2024,5,12,19,133,46.0
Pashan AWS,18.5362,73.7928,12-05-2024 19:35,2024-05-12 19:35:00,2024,5,12,19,133,45.8
Pashan AWS,18.5362,73.7928,12-05-2024 19:40,2024-05-12 19:40:00,2024,5,12,19,133,46.6
Pashan AWS,18.5362,73.7928,12-05-2024 19:45,2024-05-12 19:45:00,2024,5,12,19,133,47.0
Pashan AWS,18.5362,73.7928,12-05-2024 19:50,2024-05-12 19:50:00,2024,5,12,19,133,47.8
Pashan AWS,18.5362,73.7928,12-05-2024 19:55,2024-05-12 19:55:00,2024,5,12,19,133,49.0
Pashan AWS,18.5362,73.7928,12-05-2024 20:00,2024-05-12 20:00:00,2024,5,12,20,133,48.7
Pashan AWS,18.5362,73.7928,12-05-2024 20:05,2024-05-12 20:05:00,2024,5,12,20,133,48.9
Pashan AWS,18.5362,73.7928,12-05-2024 20:10,2024-05-12 20:10:00,2024,5,12,20,133,49.3
Pashan AWS,18.5362,73.7928,12-05-2024 20:15,2024-05-12 20:15:00,2024,5,12,20,133,50.5
Pashan AWS,18.5362,73.7928,12-05-2024 20:20,2024-05-12 20:20:00,2024,5,12,20,133,50.3
Pashan AWS,18.5362,73.7928,12-05-2024 20:25,2024-05-12 20:25:00,2024,5,12,20,133,51.6
Pashan AWS,18.5362,73.7928,12-05-2024 20:30,2024-05-12 20:30:00,2024,5,12,20,133,52.2
Pashan AWS,18.5362,73.7928,12-05-2024 20:35,2024-05-12 20:35:00,2024,5,12,20,133,52.6
Pashan AWS,18.5362,73.7928,12-05-2024 20:40,2024-05-12 20:40:00,2024,5,12,20,133,53.1
Pashan AWS,18.5362,73.7928,12-05-2024 20:45,2024-05-12 20:45:00,2024,5,12,20,133,53.4
Pashan AWS,18.5362,73.7928,12-05-2024 20:50,2024-05-12 20:50:00,2024,5,12,20,133,54.3
Pashan AWS,18.5362,73.7928,12-05-2024 20:55,2024-05-12 20:55:00,2024,5,12,20,133,54.4
Pashan AWS,18.5362,73.7928,12-05-2024 21:00,2024-05-12 21:00:00,2024,5,12,21,133,55.0
Pashan AWS,18.5362,73.7928,12-05-2024 21:05,2024-05-12 21:05:00,2024,5,12,21,133,55.4
Pashan AWS,18.5362,73.7928,12-05-2024 21:10,2024-05-12 21:10:00,2024,5,12,21,133,55.6
Pashan AWS,18.5362,73.7928,12-05-2024 21:15,2024-05-12 21:15:00,2024,5,12,21,133,57.1
Pashan AWS,18.5362,73.7928,12-05-2024 21:20,2024-05-12 21:20:00,2024,5,12,21,133,57.8
Pashan AWS,18.5362,73.7928,12-05-2024 21:25,2024-05-12 21:25:00,2024,5,12,21,133,58.5
Pashan AWS,18.5362,73.7928,12-05-2024 21:30,2024-05-12 21:30:00,2024,5,12,21,133,59.3
Pashan AWS,18.5362,73.7928,12-05-2024 21:35,2024-05-12 21:35:00,2024,5,12,21,133,59.2
Pashan AWS,18.5362,73.7928,12-05-2024 21:40,2024-05-12 21:40:00,2024,5,12,21,133,60.3
Pashan AWS,18.5362,73.7928,12-05-2024 21:45,2024-05-12 21:45:00,2024,5,12,21,133,59.7
Pashan AWS,18.5362,73.7928,12-05-2024 21:50,2024-05-12 21:50:00,2024,5,12,21,133,59.9
Pashan AWS,18.5362,73.7928,12-05-2024 21:55,2024-05-12 21:55:00,2024,5,12,21,133,60.2
Pashan AWS,18.5362,73.7928,12-05-2024 22:00,2024-05-12 22:00:00,2024,5,12,22,133,60.9
Pashan AWS,18.5362,73.7928,12-05-2024 22:05,2024-05-12 22:05:00,2024,5,12,22,133,61.4
Pashan AWS,18.5362,73.7928,12-05-2024 22:10,2024-05-12 22:10:00,2024,5,12,22,133,61.8
Pashan AWS,18.5362,73.7928,12-05-2024 22:15,2024-05-12 22:15:00,2024,5,12,22,133,62.3
Pashan AWS,18.5362,73.7928,12-05-2024 22:20,2024-05-12 22:20:00,2024,5,12,22,133,62.3
Pashan AWS,18.5362,73.7928,12-05-2024 22:25,2024-05-12 22:25:00,2024,5,12,22,133,62.2
Pashan AWS,18.5362,73.7928,12-05-2024 22:30,2024-05-12 22:30:00,2024,5,12,22,133,63.0
Pashan AWS,18.5362,73.7928,12-05-2024 22:35,2024-05-12 22:35:00,2024,5,12,22,133,63.7
Pashan AWS,18.5362,73.7928,12-05-2024 22:40,2024-05-12 22:40:00,2024,5,12,22,133,64.8
Pashan AWS,18.5362,73.7928,12-05-2024 22:45,2024-05-12 22:45:00,2024,5,12,22,133,64.9
Pashan AWS,18.5362,73.7928,12-05-2024 22:50,2024-05-12 22:50:00,2024,5,12,22,133,65.6
Pashan AWS,18.5362,73.7928,12-05-2024 22:55,2024-05-12 22:55:00,2024,5,12,22,133,65.8
Pashan AWS,18.5362,73.7928,12-05-2024 23:00,2024-05-12 23:00:00,2024,5,12,23,133,66.7
Pashan AWS,18.5362,73.7928,12-05-2024 23:05,2024-05-12 23:05:00,2024,5,12,23,133,67.5
Pashan AWS,18.5362,73.7928,12-05-2024 23:10,2024-05-12 23:10:00,2024,5,12,23,133,67.9
Pashan AWS,18.5362,73.7928,12-05-2024 23:15,2024-05-12 23:15:00,2024,5,12,23,133,68.1
Pashan AWS,18.5362,73.7928,12-05-2024 23:20,2024-05-12 23:20:00,2024,5,12,23,133,68.8
Pashan AWS,18.5362,73.7928,12-05-2024 23:25,2024-05-12 23:25:00,2024,5,12,23,133,69.4
Pashan AWS,18.5362,73.7928,12-05-2024 23:30,2024-05-12 23:30:00,2024,5,12,23,133,69.4
Pashan AWS,18.5362,73.7928,12-05-2024 23:35,2024-05-12 23:35:00,2024,5,12,23,133,69.2
Pashan AWS,18.5362,73.7928,12-05-2024 23:40,2024-05-12 23:40:00,2024,5,12,23,133,69.4
Pashan AWS,18.5362,73.7928,12-05-2024 23:45,2024-05-12 23:45:00,2024,5,12,23,133,70.3
Pashan AWS,18.5362,73.7928,12-05-2024 23:50,2024-05-12 23:50:00,2024,5,12,23,133,71.0
Pashan AWS,18.5362,73.7928,12-05-2024 23:55,2024-05-12 23:55:00,2024,5,12,23,133,70.9
Pashan AWS,18.5362,73.7928,13-05-2024 00:00,2024-05-13 00:00:00,2024,5,13,0,134,70.7
Pashan AWS,18.5362,73.7928,13-05-2024 00:05,2024-05-13 00:05:00,2024,5,13,0,134,71.5
Pashan AWS,18.5362,73.7928,13-05-2024 00:10,2024-05-13 00:10:00,2024,5,13,0,134,71.3
Pashan AWS,18.5362,73.7928,13-05-2024 00:15,2024-05-13 00:15:00,2024,5,13,0,134,71.7
Pashan AWS,18.5362,73.7928,13-05-2024 00:20,2024-05-13 00:20:00,2024,5,13,0,134,71.7
Pashan AWS,18.5362,73.7928,13-05-2024 00:25,2024-05-13 00:25:00,2024,5,13,0,134,72.7
Pashan AWS,18.5362,73.7928,13-05-2024 00:30,2024-05-13 00:30:00,2024,5,13,0,134,72.6
Pashan AWS,18.5362,73.7928,13-05-2024 00:35,2024-05-13 00:35:00,2024,5,13,0,134,73.2
Pashan AWS,18.5362,73.7928,13-05-2024 00:40,2024-05-13 00:40:00,2024,5,13,0,134,73.5
Pashan AWS,18.5362,73.7928,13-05-2024 00:45,2024-05-13 00:45:00,2024,5,13,0,134,73.8
Pashan AWS,18.5362,73.7928,13-05-2024 00:50,2024-05-13 00:50:00,2024,5,13,0,134,73.2
Pashan AWS,18.5362,73.7928,13-05-2024 00:55,2024-05-13 00:55:00,2024,5,13,0,134,72.5
Pashan AWS,18.5362,73.7928,13-05-2024 01:00,2024-05-13 01:00:00,2024,5,13,1,134,72.7
Pashan AWS,18.5362,73.7928,13-05-2024 01:05,2024-05-13 01:05:00,2024,5,13,1,134,73.0
Pashan AWS,18.5362,73.7928,13-05-2024 01:10,2024-05-13 01:10:00,2024,5,13,1,134,72.8
Pashan AWS,18.5362,73.7928,13-05-2024 01:15,2024-05-13 01:15:00,2024,5,13,1,134,72.6
Pashan AWS,18.5362,73.7928,13-05-2024 01:20,2024-05-13 01:20:00,2024,5,13,1,134,73.0
Pashan AWS,18.5362,73.7928,13-05-2024 01:25,2024-05-13 01:25:00,2024,5,13,1,134,73.5
Pashan AWS,18.5362,73.7928,13-05-2024 01:30,2024-05-13 01:30:00,2024,5,13,1,134,73.6
Pashan AWS,18.5362,73.7928,13-05-2024 01:35,2024-05-13 01:35:00,2024,5,13,1,134,74.1
Pashan AWS,18.5362,73.7928,13-05-2024 01:40,2024-05-13 01:40:00,2024,5,13,1,134,73.8
Pashan AWS,18.5362,73.7928,13-05-2024 01:45,2024-05-13 01:45:00,2024,5,13,1,134,73.8
Pashan AWS,18.5362,73.7928,13-05-2024 01:50,2024-05-13 01:50:00,2024,5,13,1,134,74.6
Pashan AWS,18.5362,73.7928,13-05-2024 01:55,2024-05-13 01:55:00,2024,5,13,1,134,74.7
Pashan AWS,18.5362,73.7928,13-05-2024 02:00,2024-05-13 02:00:00,2024,5,13,2,134,74.9
Pashan AWS,18.5362,73.7928,13-05-2024 02:05,2024-05-13 02:05:00,2024,5,13,2,134,75.9
Pashan AWS,18.5362,73.7928,13-05-2024 02:10,2024-05-13 02:10:00,2024,5,13,2,134,75.3
Pashan AWS,18.5362,73.7928,13-05-2024 02:15,2024-05-13 02:15:00,2024,5,13,2,134,75.7
Pashan AWS,18.5362,73.7928,13-05-2024 02:20,2024-05-13 02:20:00,2024,5,13,2,134,76.4
Pashan AWS,18.5362,73.7928,13-05-2024 02:25,2024-05-13 02:25:00,2024,5,13,2,134,76.2
Pashan AWS,18.5362,73.7928,13-05-2024 02:30,2024-05-13 02:30:00,2024,5,13,2,134,76.6
Pashan AWS,18.5362,73.7928,13-05-2024 02:35,2024-05-13 02:35:00,2024,5,13,2,134,76.1
Pashan AWS,18.5362,73.7928,13-05-2024 02:40,2024-05-13 02:40:00,2024,5,13,2,134,75.8
Pashan AWS,18.5362,73.7928,13-05-2024 02:45,2024-05-13 02:45:00,2024,5,13,2,134,75.9
Pashan AWS,18.5362,73.7928,13-05-2024 02:50,2024-05-13 02:50:00,2024,5,13,2,134,76.2
Pashan AWS,18.5362,73.7928,13-05-2024 02:55,2024-05-13 02:55:00,2024,5,13,2,134,76.6
Pashan AWS,18.5362,73.7928,13-05-2024 03:00,2024-05-13 03:00:00,2024,5,13,3,134,77.1
Pashan AWS,18.5362,73.7928,13-05-2024 03:05,2024-05-13 03:05:00,2024,5,13,3,134,76.9
Pashan AWS,18.5362,73.7928,13-05-2024 03:10,2024-05-13 03:10:00,2024,5,13,3,134,77.3
Pashan AWS,18.5362,73.7928,13-05-2024 03:15,2024-05-13 03:15:00,2024,5,13,3,134,76.9
Pashan AWS,18.5362,73.7928,13-05-2024 03:20,2024-05-13 03:20:00,2024,5,13,3,134,77.1
Pashan AWS,18.5362,73.7928,13-05-2024 03:25,2024-05-13 03:25:00,2024,5,13,3,134,77.0
Pashan AWS,18.5362,73.7928,13-05-2024 03:30,2024-05-13 03:30:00,2024,5,13,3,134,77.0
Pashan AWS,18.5362,73.7928,13-05-2024 03:35,2024-05-13 03:35:00,2024,5,13,3,134,76.9
Pashan AWS,18.5362,73.7928,13-05-2024 03:40,2024-05-13 03:40:00,2024,5,13,3,134,76.0
Pashan AWS,18.5362,73.7928,13-05-2024 03:45,2024-05-13 03:45:00,2024,5,13,3,134,75.4
Pashan AWS,18.5362,73.7928,13-05-2024 03:50,2024-05-13 03:50:00,2024,5,13,3,134,75.2
Pashan AWS,18.5362,73.7928,13-05-2024 03:55,2024-05-13 03:55:00,2024,5,13,3,134,74.4
Pashan AWS,18.5362,73.7928,13-05-2024 04:00,2024-05-13 04:00:00,2024,5,13,4,134,74.5
Pashan AWS,18.5362,73.7928,13-05-2024 04:05,2024-05-13 04:05:00,2024,5,13,4,134,74.7
Pashan AWS,18.5362,73.7928,13-05-2024 04:10,2024-05-13 04:10:00,2024,5,13,4,134,74.6
Pashan AWS,18.5362,73.7928,13-05-2024 04:15,2024-05-13 04:15:00,2024,5,13,4,134,73.9
Pashan AWS,18.5362,73.7928,13-05-2024 04:20,2024-05-13 04:20:00,2024,5,13,4,134,74.2
Pashan AWS,18.5362,73.7928,13-05-2024 04:25,2024-05-13 04:25:00,2024,5,13,4,134,74.7
Pashan AWS,18.5362,73.7928,13-05-2024 04:30,2024-05-13 04:30:00,2024,5,13,4,134,74.5
Pashan AWS,18.5362,73.7928,13-05-2024 04:35,2024-05-13 04:35:00,2024,5,13,4,134,74.4
Pashan AWS,18.5362,73.7928,13-05-2024 04:40,2024-05-13 04:40:00,2024,5,13,4,134,74.1
Pashan AWS,18.5362,73.7928,13-05-2024 04:45,2024-05-13 04:45:00,2024,5,13,4,134,74.0
Pashan AWS,18.5362,73.7928,13-05-2024 04:50,2024-05-13 04:50:00,2024,5,13,4,134,73.6
Pashan AWS,18.5362,73.7928,13-05-2024 04:55,2024-05-13 04:55:00,2024,5,13,4,134,73.2
Pashan AWS,18.5362,73.7928,13-05-2024 05:00,2024-05-13 05:00:00,2024,5,13,5,134,73.2
Pashan AWS,18.5362,73.7928,13-05-2024 05:05,2024-05-13 05:05:00,2024,5,13,5,134,73.8
Pashan AWS,18.5362,73.7928,13-05-2024 05:10,2024-05-13 05:10:00,2024,5,13,5,134,72.8
Pashan AWS,18.5362,73.7928,13-05-2024 05:15,2024-05-13 05:15:00,2024,5,13,5,134,72.3
Pashan AWS,18.5362,73.7928,13-05-2024 05:20,2024-05-13 05:20:00,2024,5,13,5,134,71.5
Pashan AWS,18.5362,73.7928,13-05-2024 05:25,2024-05-13 05:25:00,2024,5,13,5,134,71.7
Pashan AWS,18.5362,73.7928,13-05-2024 05:30,2024-05-13 05:30:00,2024,5,13,5,134,71.1
Pashan AWS,18.5362,73.7928,13-05-2024 05:35,2024-05-13 05:35:00,2024,5,13,5,134,70.1
Pashan AWS,18.5362,73.7928,13-05-2024 05:40,2024-05-13 05:40:00,2024,5,13,5,134,69.9
Pashan AWS,18.5362,73.7928,13-05-2024 05:45,2024-05-13 05:45:00,2024,5,13,5,134,70.2
Pashan AWS,18.5362,73.7928,13-05-2024 05:50,2024-05-13 05:50:00,2024,5,13,5,134,70.1
Pashan AWS,18.5362,73.7928,13-05-2024 05:55,2024-05-13 05:55:00,2024,5,13,5,134,69.7
Pashan AWS,18.5362,73.7928,13-05-2024 06:00,2024-05-13 06:00:00,2024,5,13,6,134,69.4
Pashan AWS,18.5362,73.7928,13-05-2024 06:05,2024-05-13 06:05:00,2024,5,13,6,134,69.5
Pashan AWS,18.5362,73.7928,13-05-2024 06:10,2024-05-13 06:10:00,2024,5,13,6,134,68.6
Pashan AWS,18.5362,73.7928,13-05-2024 06:15,2024-05-13 06:15:00,2024,5,13,6,134,68.1
Pashan AWS,18.5362,73.7928,13-05-2024 06:20,2024-05-13 06:20:00,2024,5,13,6,134,67.4
Pashan AWS,18.5362,73.7928,13-05-2024 06:25,2024-05-13 06:25:00,2024,5,13,6,134,66.5
Pashan AWS,18.5362,73.7928,13-05-2024 06:30,2024-05-13 06:30:00,2024,5,13,6,134,65.9
Pashan AWS,18.5362,73.7928,13-05-2024 06:35,2024-05-13 06:35:00,2024,5,13,6,134,65.9
Pashan AWS,18.5362,73.7928,13-05-2024 06:40,2024-05-13 06:40:00,2024,5,13,6,134,65.6
Pashan AWS,18.5362,73.7928,13-05-2024 06:45,2024-05-13 06:45:00,2024,5,13,6,134,65.4
Pashan AWS,18.5362,73.7928,13-05-2024 06:50,2024-05-13 06:50:00,2024,5,13,6,134,65.0
Pashan AWS,18.5362,73.7928,13-05-2024 06:55,2024-05-13 06:55:00,2024,5,13,6,134,64.7
Pashan AWS,18.5362,73.7928,13-05-2024 07:00,2024-05-13 07:00:00,2024,5,13,7,134,63.8
Pashan AWS,18.5362,73.7928,13-05-2024 07:05,2024-05-13 07:05:00,2024,5,13,7,134,63.2
Pashan AWS,18.5362,73.7928,13-05-2024 07:10,2024-05-13 07:10:00,2024,5,13,7,134,62.8
Pashan AWS,18.5362,73.7928,13-05-2024 07:15,2024-05-13 07:15:00,2024,5,13,7,134,62.4
Pashan AWS,18.5362,73.7928,13-05-2024 07:20,2024-05-13 07:20:00,2024,5,13,7,134,62.0
Pashan AWS,18.5362,73.7928,13-05-2024 07:25,2024-05-13 07:25:00,2024,5,13,7,134,61.4
Pashan AWS,18.5362,73.7928,13-05-2024 07:30,2024-05-13 07:30:00,2024,5,13,7,134,60.8
Pashan AWS,18.5362,73.7928,13-05-2024 07:35,2024-05-13 07:35:00,2024,5,13,7,134,61.5
Pashan AWS,18.5362,73.7928,13-05-2024 07:40,2024-05-13 07:40:00,2024,5,13,7,134,61.3
Pashan AWS,18.5362,73.7928,13-05-2024 07:45,2024-05-13 07:45:00,2024,5,13,7,134,60.9
Pashan AWS,18.5362,73.7928,13-05-2024 07:50,2024-05-13 07:50:00,2024,5,13,7,134,60.2
Pashan AWS,18.5362,73.7928,13-05-2024 07:55,2024-05-13 07:55:00,2024,5,13,7,134,59.5
Pashan AWS,18.5362,73.7928,13-05-2024 08:00,2024-05-13 08:00:00,2024,5,13,8,134,58.9
Pashan AWS,18.5362,73.7928,13-05-2024 08:05,2024-05-13 08:05:00,2024,5,13,8,134,58.4
Pashan AWS,18.5362,73.7928,13-05-2024 08:10,2024-05-13 08:10:00,2024,5,13,8,134,57.1
Pashan AWS,18.5362,73.7928,13-05-2024 08:15,2024-05-13 08:15:00,2024,5,13,8,134,56.0
Pashan AWS,18.5362,73.7928,13-05-2024 08:20,2024-05-13 08:20:00,2024,5,13,8,134,55.2
Pashan AWS,18.5362,73.7928,13-05-2024 08:25,2024-05-13 08:25:00,2024,5,13,8,134,54.8
Pashan AWS,18.5362,73.7928,13-05-2024 08:30,2024-05-13 08:30:00,2024,5,13,8,134,54.3
Pashan AWS,18.5362,73.7928,13-05-2024 08:35,2024-05-13 08:35:00,2024,5,13,8,134,54.4
Pashan AWS,18.5362,73.7928,13-05-2024 08:40,2024-05-13 08:40:00,2024,5,13,8,134,53.3
Pashan AWS,18.5362,73.7928,13-05-2024 08:45,2024-05-13 08:45:00,2024,5,13,8,134,52.5
Pashan AWS,18.5362,73.7928,13-05-2024 08:50,2024-05-13 08:50:00,2024,5,13,8,134,52.7
Pashan AWS,18.5362,73.7928,13-05-2024 08:55,2024-05-13 08:55:00,2024,5,13,8,134,52.2
Pashan AWS,18.5362,73.7928,13-05-2024 09:00,2024-05-13 09:00:00,2024,5,13,9,134,52.1
Pashan AWS,18.5362,73.7928,13-05-2024 09:05,2024-05-13 09:05:00,2024,5,13,9,134,52.4
Pashan AWS,18.5362,73.7928,13-05-2024 09:10,2024-05-13 09:10:00,2024,5,13,9,134,51.6
Pashan AWS,18.5362,73.7928,13-05-2024 09:15,2024-05-13 09:15:00,2024,5,13,9,134,51.1
Pashan AWS,18.5362,73.7928,13-05-2024 09:20,2024-05-13 09:20:00,2024,5,13,9,134,50.4
Pashan AWS,18.5362,73.7928,13-05-2024 09:25,2024-05-13 09:25:00,2024,5,13,9,134,49.2
Pashan AWS,18.5362,73.7928,13-05-2024 09:30,2024-05-13 09:30:00,2024,5,13,9,134,48.6
Pashan AWS,18.5362,73.7928,13-05-2024 09:35,2024-05-13 09:35:00,2024,5,13,9,134,48.5
Pashan AWS,18.5362,73.7928,13-05-2024 09:40,2024-05-13 09:40:00,2024,5,13,9,134,48.2
Pashan AWS,18.5362,73.7928,13-05-2024 09:45,2024-05-13 09:45:00,2024,5,13,9,134,48.0
Pashan AWS,18.5362,73.7928,13-05-2024 09:50,2024-05-13 09:50:00,2024,5,13,9,134,47.4
Pashan AWS,18.5362,73.7928,13-05-2024 09:55,2024-05-13 09:55:00,2024,5,13,9,134,46.6
Pashan AWS,18.5362,73.7928,13-05-2024 10:00,2024-05-13 10:00:00,2024,5,13,10,134,46.7
Pashan AWS,18.5362,73.7928,13-05-2024 10:05,2024-05-13 10:05:00,2024,5,13,10,134,46.0
Pashan AWS,18.5362,73.7928,13-05-2024 10:10,2024-05-13 10:10:00,2024,5,13,10,134,45.7
Pashan AWS,18.5362,73.7928,13-05-2024 10:15,2024-05-13 10:15:00,2024,5,13,10,134,45.3
Pashan AWS,18.5362,73.7928,13-05-2024 10:20,2024-05-13 10:20:00,2024,5,13,10,134,45.4
Pashan AWS,18.5362,73.7928,13-05-2024 10:25,2024-05-13 10:25:00,2024,5,13,10,134,45.3
Pashan AWS,18.5362,73.7928,13-05-2024 10:30,2024-05-13 10:30:00,2024,5,13,10,134,44.3
Pashan AWS,18.5362,73.7928,13-05-2024 10:35,2024-05-13 10:35:00,2024,5,13,10,134,43.4
Pashan AWS,18.5362,73.7928,13-05-2024 10:40,2024-05-13 10:40:00,2024,5,13,10,134,43.2
Pashan AWS,18.5362,73.7928,13-05-2024 10:45,2024-05-13 10:45:00,2024,5,13,10,134,42.8
Pashan AWS,18.5362,73.7928,13-05-2024 10:50,2024-05-13 10:50:00,2024,5,13,10,134,42.2
Pashan AWS,18.5362,73.7928,13-05-2024 10:55,2024-05-13 10:55:00,2024,5,13,10,134,42.2
Pashan AWS,18.5362,73.7928,13-05-2024 11:00,2024-05-13 11:00:00,2024,5,13,11,134,41.8
Pashan AWS,18.5362,73.7928,13-05-2024 11:05,2024-05-13 11:05:00,2024,5,13,11,134,41.4
Pashan AWS,18.5362,73.7928,13-05-2024 11:10,2024-05-13 11:10:00,2024,5,13,11,134,41.4
Pashan AWS,18.5362,73.7928,13-05-2024 11:15,2024-05-13 11:15:00,2024,5,13,11,134,40.8
Pashan AWS,18.5362,73.7928,13-05-2024 11:20,2024-05-13 11:20:00,2024,5,13,11,134,41.0
Pashan AWS,18.5362,73.7928,13-05-2024 11:25,2024-05-13 11:25:00,2024,5,13,11,134,40.3
Pashan AWS,18.5362,73.7928,13-05-2024 11:30,2024-05-13 11:30:00,2024,5,13,11,134,40.2
Pashan AWS,18.5362,73.7928,13-05-2024 11:35,2024-05-13 11:35:00,2024,5,13,11,134,40.4
Pashan AWS,18.5362,73.7928,13-05-2024 11:40,2024-05-13 11:40:00,2024,5,13,11,134,39.4
Pashan AWS,18.5362,73.7928,13-05-2024 11:45,2024-05-13 11:45:00,2024,5,13,11,134,38.9
Pashan AWS,18.5362,73.7928,13-05-2024 11:50,2024-05-13 11:50:00,2024,5,13,11,134,39.0
Pashan AWS,18.5362,73.7928,13-05-2024 11:55,2024-05-13 11:55:00,2024,5,13,11,134,39.1
Pashan AWS,18.5362,73.7928,13-05-2024 12:00,2024-05-13 12:00:00,2024,5,13,12,134,38.6
Pashan AWS,18.5362,73.7928,13-05-2024 12:05,2024-05-13 12:05:00,2024,5,13,12,134,38.0
Pashan AWS,18.5362,73.7928,13-05-2024 12:10,2024-05-13 12:10:00,2024,5,13,12,134,38.0
Pashan AWS,18.5362,73.7928,13-05-2024 12:15,2024-05-13 12:15:00,2024,5,13,12,134,38.2
Pashan AWS,18.5362,73.7928,13-05-2024 12:20,2024-05-13 12:20:00,2024,5,13,12,134,37.3
Pashan AWS,18.5362,73.7928,13-05-2024 12:25,2024-05-13 12:25:00,2024,5,13,12,134,36.5
Pashan AWS,18.5362,73.7928,13-05-2024 12:30,2024-05-13 12:30:00,2024,5,13,12,134,36.3
Pashan AWS,18.5362,73.7928,13-05-2024 12:35,2024-05-13 12:35:00,2024,5,13,12,134,36.3
Pashan AWS,18.5362,73.7928,13-05-2024 12:40,2024-05-13 12:40:00,2024,5,13,12,134,35.9
Pashan AWS,18.5362,73.7928,13-05-2024 12:45,2024-05-13 12:45:00,2024,5,13,12,134,35.9
Pashan AWS,18.5362,73.7928,13-05-2024 12:50,2024-05-13 12:50:00,2024,5,13,12,134,35.4
Pashan AWS,18.5362,73.7928,13-05-2024 12:55,2024-05-13 12:55:00,2024,5,13,12,134,34.3
Pashan AWS,18.5362,73.7928,13-05-2024 13:00,2024-05-13 13:00:00,2024,5,13,13,134,34.0
Pashan AWS,18.5362,73.7928,13-05-2024 13:05,2024-05-13 13:05:00,2024,5,13,13,134,33.8
Pashan AWS,18.5362,73.7928,13-05-2024 13:10,2024-05-13 13:10:00,2024,5,13,13,134,33.6
Pashan AWS,18.5362,73.7928,13-05-2024 13:15,2024-05-13 13:15:00,2024,5,13,13,134,33.0
Pashan AWS,18.5362,73.7928,13-05-2024 13:20,2024-05-13 13:20:00,2024,5,13,13,134,32.1
Pashan AWS,18.5362,73.7928,13-05-2024 13:25,2024-05-13 13:25:00,2024,5,13,13,134,31.9
Pashan AWS,18.5362,73.7928,13-05-2024 13:30,2024-05-13 13:30:00,2024,5,13,13,134,32.2
Pashan AWS,18.5362,73.7928,13-05-2024 13:35,2024-05-13 13:35:00,2024,5,13,13,134,32.6
Pashan AWS,18.5362,73.7928,13-05-2024 13:40,2024-05-13 13:40:00,2024,5,13,13,134,33.0
Pashan AWS,18.5362,73.7928,13-05-2024 13:45,2024-05-13 13:45:00,2024,5,13,13,134,32.6
Pashan AWS,18.5362,73.7928,13-05-2024 13:50,2024-05-13 13:50:00,2024,5,13,13,134,32.1
Pashan AWS,18.5362,73.7928,13-05-2024 13:55,2024-05-13 13:55:00,2024,5,13,13,134,32.2
Pashan AWS,18.5362,73.7928,13-05-2024 14:00,2024-05-13 14:00:00,2024,5,13,14,134,32.4
Pashan AWS,18.5362,73.7928,13-05-2024 14:05,2024-05-13 14:05:00,2024,5,13,14,134,32.6
Pashan AWS,18.5362,73.7928,13-05-2024 14:10,2024-05-13 14:10:00,2024,5,13,14,134,31.7
Pashan AWS,18.5362,73.7928,13-05-2024 14:15,2024-05-13 14:15:00,2024,5,13,14,134,31.4
Pashan AWS,18.5362,73.7928,13-05-2024 14:20,2024-05-13 14:20:00,2024,5,13,14,134,31.4
Pashan AWS,18.5362,73.7928,13-05-2024 14:25,2024-05-13 14:25:00,2024,5,13,14,134,31.7
Pashan AWS,18.5362,73.7928,13-05-2024 14:30,2024-05-13 14:30:00,2024,5,13,14,134,32.0
Pashan AWS,18.5362,73.7928,13-05-2024 14:35,2024-05-13 14:35:00,2024,5,13,14,134,32.1
Pashan AWS,18.5362,73.7928,13-05-2024 14:40,2024-05-13 14:40:00,2024,5,13,14,134,32.3
Pashan AWS,18.5362,73.7928,13-05-2024 14:45,2024-05-13 14:45:00,2024,5,13,14,134,32.4
Pashan AWS,18.5362,73.7928,13-05-2024 14:50,2024-05-13 14:50:00,2024,5,13,14,134,32.7
Pashan AWS,18.5362,73.7928,13-05-2024 14:55,2024-05-13 14:55:00,2024,5,13,14,134,32.9
Pashan AWS,18.5362,73.7928,13-05-2024 15:00,2024-05-13 15:00:00,2024,5,13,15,134,32.9
Pashan AWS,18.5362,73.7928,13-05-2024 15:05,2024-05-13 15:05:00,2024,5,13,15,134,32.9
Pashan AWS,18.5362,73.7928,13-05-2024 15:10,2024-05-13 15:10:00,2024,5,13,15,134,33.0
Pashan AWS,18.5362,73.7928,13-05-2024 15:15,2024-05-13 15:15:00,2024,5,13,15,134,33.3
Pashan AWS,18.5362,73.7928,13-05-2024 15:20,2024-05-13 15:20:00,2024,5,13,15,134,33.5
Pashan AWS,18.5362,73.7928,13-05-2024 15:25,2024-05-13 15:25:00,2024,5,13,15,134,33.7
Pashan AWS,18.5362,73.7928,13-05-2024 15:30,2024-05-13 15:30:00,2024,5,13,15,134,34.3
Pashan AWS,18.5362,73.7928,13-05-2024 15:35,2024-05-13 15:35:00,2024,5,13,15,134,34.5
Pashan AWS,18.5362,73.7928,13-05-2024 15:40,2024-05-13 15:40:00,2024,5,13,15,134,34.3
Pashan AWS,18.5362,73.7928,13-05-2024 15:45,2024-05-13 15:45:00,2024,5,13,15,134,34.8
Pashan AWS,18.5362,73.7928,13-05-2024 15:50,2024-05-13 15:50:00,2024,5,13,15,134,34.4
Pashan AWS,18.5362,73.7928,13-05-2024 15:55,2024-05-13 15:55:00,2024,5,13,15,134,34.1
Pashan AWS,18.5362,73.7928,13-05-2024 16:00,2024-05-13 16:00:00,2024,5,13,16,134,34.4
Pashan AWS,18.5362,73.7928,13-05-2024 16:05,2024-05-13 16:05:00,2024,5,13,16,134,34.8
Pashan AWS,18.5362,73.7928,13-05-2024 16:10,2024-05-13 16:10:00,2024,5,13,16,134,34.5
Pashan AWS,18.5362,73.7928,13-05-2024 16:15,2024-05-13 16:15:00,2024,5,13,16,134,34.5
Pashan AWS,18.5362,73.7928,13-05-2024 16:20,2024-05-13 16:20:00,2024,5,13,16,134,34.5
Pashan AWS,18.5362,73.7928,13-05-2024 16:25,2024-05-13 16:25:00,2024,5,13,16,134,34.6
Pashan AWS,18.5362,73.7928,13-05-2024 16:30,2024-05-13 16:30:00,2024,5,13,16,134,35.2
Pashan AWS,18.5362,73.7928,13-05-2024 16:35,2024-05-13 16:35:00,2024,5,13,16,134,35.8
Pashan AWS,18.5362,73.7928,13-05-2024 16:40,2024-05-13 16:40:00,2024,5,13,16,134,36.0
Pashan AWS,18.5362,73.7928,13-05-2024 16:45,2024-05-13 16:45:00,2024,5,13,16,134,36.0
Pashan AWS,18.5362,73.7928,13-05-2024 16:50,2024-05-13 16:50:00,2024,5,13,16,134,35.8
Pashan AWS,18.5362,73.7928,13-05-2024 16:55,2024-05-13 16:55:00,2024,5,13,16,134,36.7
Pashan AWS,18.5362,73.7928,13-05-2024 17:00,2024-05-13 17:00:00,2024,5,13,17,134,37.2
Pashan AWS,18.5362,73.7928,13-05-2024 17:05,2024-05-13 17:05:00,2024,5,13,17,134,37.2
Pashan AWS,18.5362,73.7928,13-05-2024 17:10,2024-05-13 17:10:00,2024,5,13,17,134,37.8
Pashan AWS,18.5362,73.7928,13-05-2024 17:15,2024-05-13 17:15:00,2024,5,13,17,134,38.1
Pashan AWS,18.5362,73.7928,13-05-2024 17:20,2024-05-13 17:20:00,2024,5,13,17,134,38.3
Pashan AWS,18.5362,73.7928,13-05-2024 17:25,2024-05-13 17:25:00,2024,5,13,17,134,38.8
Pashan AWS,18.5362,73.7928,13-05-2024 17:30,2024-05-13 17:30:00,2024,5,13,17,134,38.8
Pashan AWS,18.5362,73.7928,13-05-2024 17:35,2024-05-13 17:35:00,2024,5,13,17,134,39.0
Pashan AWS,18.5362,73.7928,13-05-2024 17:40,2024-05-13 17:40:00,2024,5,13,17,134,39.4
Pashan AWS,18.5362,73.7928,13-05-2024 17:45,2024-05-13 17:45:00,2024,5,13,17,134,39.6
Pashan AWS,18.5362,73.7928,13-05-2024 17:50,2024-05-13 17:50:00,2024,5,13,17,134,40.3
Pashan AWS,18.5362,73.7928,13-05-2024 17:55,2024-05-13 17:55:00,2024,5,13,17,134,41.4
Pashan AWS,18.5362,73.7928,13-05-2024 18:00,2024-05-13 18:00:00,2024,5,13,18,134,41.4
Pashan AWS,18.5362,73.7928,13-05-2024 18:05,2024-05-13 18:05:00,2024,5,13,18,134,41.1
Pashan AWS,18.5362,73.7928,13-05-2024 18:10,2024-05-13 18:10:00,2024,5,13,18,134,40.7
Pashan AWS,18.5362,73.7928,13-05-2024 18:15,2024-05-13 18:15:00,2024,5,13,18,134,41.1
Pashan AWS,18.5362,73.7928,13-05-2024 18:20,2024-05-13 18:20:00,2024,5,13,18,134,41.3
Pashan AWS,18.5362,73.7928,13-05-2024 18:25,2024-05-13 18:25:00,2024,5,13,18,134,41.9
Pashan AWS,18.5362,73.7928,13-05-2024 18:30,2024-05-13 18:30:00,2024,5,13,18,134,42.4
Pashan AWS,18.5362,73.7928,13-05-2024 18:35,2024-05-13 18:35:00,2024,5,13,18,134,42.2
Pashan AWS,18.5362,73.7928,13-05-2024 18:40,2024-05-13 18:40:00,2024,5,13,18,134,42.0
Pashan AWS,18.5362,73.7928,13-05-2024 18:45,2024-05-13 18:45:00,2024,5,13,18,134,42.6
Pashan AWS,18.5362,73.7928,13-05-2024 18:50,2024-05-13 18:50:00,2024,5,13,18,134,43.2
Pashan AWS,18.5362,73.7928,13-05-2024 18:55,2024-05-13 18:55:00,2024,5,13,18,134,43.6
Pashan AWS,18.5362,73.7928,13-05-2024 19:00,2024-05-13 19:00:00,2024,5,13,19,134,43.5
Pashan AWS,18.5362,73.7928,13-05-2024 19:05,2024-05-13 19:05:00,2024,5,13,19,134,44.2
Pashan AWS,18.5362,73.7928,13-05-2024 19:10,2024-05-13 19:10:00,2024,5,13,19,134,45.3
Pashan AWS,18.5362,73.7928,13-05-2024 19:15,2024-05-13 19:15:00,2024,5,13,19,134,45.9
Pashan AWS,18.5362,73.7928,13-05-2024 19:20,2024-05-13 19:20:00,2024,5,13,19,134,46.1
Pashan AWS,18.5362,73.7928,13-05-2024 19:25,2024-05-13 19:25:00,2024,5,13,19,134,46.7
Pashan AWS,18.5362,73.7928,13-05-2024 19:30,2024-05-13 19:30:00,2024,5,13,19,134,46.7
Pashan AWS,18.5362,73.7928,13-05-2024 19:35,2024-05-13 19:35:00,2024,5,13,19,134,47.6
Pashan AWS,18.5362,73.7928,13-05-2024 19:40,2024-05-13 19:40:00,2024,5,13,19,134,48.2
Pashan AWS,18.5362,73.7928,13-05-2024 19:45,2024-05-13 19:45:00,2024,5,13,19,134,48.0
Pashan AWS,18.5362,73.7928,13-05-2024 19:50,2024-05-13 19:50:00,2024,5,13,19,134,48.5
Pashan AWS,18.5362,73.7928,13-05-2024 19:55,2024-05-13 19:55:00,2024,5,13,19,134,49.2
Pashan AWS,18.5362,73.7928,13-05-2024 20:00,2024-05-13 20:00:00,2024,5,13,20,134,49.7
Pashan AWS,18.5362,73.7928,13-05-2024 20:05,2024-05-13 20:05:00,2024,5,13,20,134,50.1
Pashan AWS,18.5362,73.7928,13-05-2024 20:10,2024-05-13 20:10:00,2024,5,13,20,134,50.2
Pashan AWS,18.5362,73.7928,13-05-2024 20:15,2024-05-13 20:15:00,2024,5,13,20,134,51.0
Pashan AWS,18.5362,73.7928,13-05-2024 20:20,2024-05-13 20:20:00,2024,5,13,20,134,51.3
Pashan AWS,18.5362,73.7928,13-05-2024 20:25,2024-05-13 20:25:00,2024,5,13,20,134,51.0
Pashan AWS,18.5362,73.7928,13-05-2024 20:30,2024-05-13 20:30:00,2024,5,13,20,134,51.5
Pashan AWS,18.5362,73.7928,13-05-2024 20:35,2024-05-13 20:35:00,2024,5,13,20,134,52.5
Pashan AWS,18.5362,73.7928,13-05-2024 20:40,2024-05-13 20:40:00,2024,5,13,20,134,52.9
Pashan AWS,18.5362,73.7928,13-05-2024 20:45,2024-05-13 20:45:00,2024,5,13,20,134,54.2
Pashan AWS,18.5362,73.7928,13-05-2024 20:50,2024-05-13 20:50:00,2024,5,13,20,134,54.9
Pashan AWS,18.5362,73.7928,13-05-2024 20:55,2024-05-13 20:55:00,2024,5,13,20,134,55.6
Pashan AWS,18.5362,73.7928,13-05-2024 21:00,2024-05-13 21:00:00,2024,5,13,21,134,56.1
Pashan AWS,18.5362,73.7928,13-05-2024 21:05,2024-05-13 21:05:00,2024,5,13,21,134,56.6
Pashan AWS,18.5362,73.7928,13-05-2024 21:10,2024-05-13 21:10:00,2024,5,13,21,134,57.0
Pashan AWS,18.5362,73.7928,13-05-2024 21:15,2024-05-13 21:15:00,2024,5,13,21,134,57.4
Pashan AWS,18.5362,73.7928,13-05-2024 21:20,2024-05-13 21:20:00,2024,5,13,21,134,58.1
Pashan AWS,18.5362,73.7928,13-05-2024 21:25,2024-05-13 21:25:00,2024,5,13,21,134,58.3
Pashan AWS,18.5362,73.7928,13-05-2024 21:30,2024-05-13 21:30:00,2024,5,13,21,134,58.3
Pashan AWS,18.5362,73.7928,13-05-2024 21:35,2024-05-13 21:35:00,2024,5,13,21,134,58.4
Pashan AWS,18.5362,73.7928,13-05-2024 21:40,2024-05-13 21:40:00,2024,5,13,21,134,59.8
Pashan AWS,18.5362,73.7928,13-05-2024 21:45,2024-05-13 21:45:00,2024,5,13,21,134,60.5
Pashan AWS,18.5362,73.7928,13-05-2024 21:50,2024-05-13 21:50:00,2024,5,13,21,134,61.1
Pashan AWS,18.5362,73.7928,13-05-2024 21:55,2024-05-13 21:55:00,2024,5,13,21,134,61.2
Pashan AWS,18.5362,73.7928,13-05-2024 22:00,2024-05-13 22:00:00,2024,5,13,22,134,61.9
Pashan AWS,18.5362,73.7928,13-05-2024 22:05,2024-05-13 22:05:00,2024,5,13,22,134,62.3
Pashan AWS,18.5362,73.7928,13-05-2024 22:10,2024-05-13 22:10:00,2024,5,13,22,134,62.9
Pashan AWS,18.5362,73.7928,13-05-2024 22:15,2024-05-13 22:15:00,2024,5,13,22,134,62.9
Pashan AWS,18.5362,73.7928,13-05-2024 22:20,2024-05-13 22:20:00,2024,5,13,22,134,63.5
Pashan AWS,18.5362,73.7928,13-05-2024 22:25,2024-05-13 22:25:00,2024,5,13,22,134,63.7
Pashan AWS,18.5362,73.7928,13-05-2024 22:30,2024-05-13 22:30:00,2024,5,13,22,134,63.9
Pashan AWS,18.5362,73.7928,13-05-2024 22:35,2024-05-13 22:35:00,2024,5,13,22,134,64.7
Pashan AWS,18.5362,73.7928,13-05-2024 22:40,2024-05-13 22:40:00,2024,5,13,22,134,64.5
Pashan AWS,18.5362,73.7928,13-05-2024 22:45,2024-05-13 22:45:00,2024,5,13,22,134,65.2
Pashan AWS,18.5362,73.7928,13-05-2024 22:50,2024-05-13 22:50:00,2024,5,13,22,134,65.9
Pashan AWS,18.5362,73.7928,13-05-2024 22:55,2024-05-13 22:55:00,2024,5,13,22,134,66.0
Pashan AWS,18.5362,73.7928,13-05-2024 23:00,2024-05-13 23:00:00,2024,5,13,23,134,66.1
Pashan AWS,18.5362,73.7928,13-05-2024 23:05,2024-05-13 23:05:00,2024,5,13,23,134,66.4
Pashan AWS,18.5362,73.7928,13-05-2024 23:10,2024-05-13 23:10:00,2024,5,13,23,134,67.0
Pashan AWS,18.5362,73.7928,13-05-2024 23:15,2024-05-13 23:15:00,2024,5,13,23,134,67.3
Pashan AWS,18.5362,73.7928,13-05-2024 23:20,2024-05-13 23:20:00,2024,5,13,23,134,67.9
Pashan AWS,18.5362,73.7928,13-05-2024 23:25,2024-05-13 23:25:00,2024,5,13,23,134,69.0
Pashan AWS,18.5362,73.7928,13-05-2024 23:30,2024-05-13 23:30:00,2024,5,13,23,134,69.1
Pashan AWS,18.5362,73.7928,13-05-2024 23:35,2024-05-13 23:35:00,2024,5,13,23,134,68.8
Pashan AWS,18.5362,73.7928,13-05-2024 23:40,2024-05-13 23:40:00,2024,5,13,23,134,69.5
Pashan AWS,18.5362,73.7928,13-05-2024 23:45,2024-05-13 23:45:00,2024,5,13,23,134,70.5
Pashan AWS,18.5362,73.7928,13-05-2024 23:50,2024-05-13 23:50:00,2024,5,13,23,134,71.0
Pashan AWS,18.5362,73.7928,13-05-2024 23:55,2024-05-13 23:55:00,2024,5,13,23,134,70.8
Pashan AWS,18.5362,73.7928,14-05-2024 00:00,2024-05-14 00:00:00,2024,5,14,0,135,71.1
Pashan AWS,18.5362,73.7928,14-05-2024 00:05,2024-05-14 00:05:00,2024,5,14,0,135,70.9
Pashan AWS,18.5362,73.7928,14-05-2024 00:10,2024-05-14 00:10:00,2024,5,14,0,135,71.5
Pashan AWS,18.5362,73.7928,14-05-2024 00:15,2024-05-14 00:15:00,2024,5,14,0,135,71.2
Pashan AWS,18.5362,73.7928,14-05-2024 00:20,2024-05-14 00:20:00,2024,5,14,0,135,71.4
Pashan AWS,18.5362,73.7928,14-05-2024 00:25,2024-05-14 00:25:00,2024,5,14,0,135,71.3
Pashan AWS,18.5362,73.7928,14-05-2024 00:30,2024-05-14 00:30:00,2024,5,14,0,135,71.6
Pashan AWS,18.5362,73.7928,14-05-2024 00:35,2024-05-14 00:35:00,2024,5,14,0,135,71.8
Pashan AWS,18.5362,73.7928,14-05-2024 00:40,2024-05-14 00:40:00,2024,5,14,0,135,72.1
Pashan AWS,18.5362,73.7928,14-05-2024 00:45,2024-05-14 00:45:00,2024,5,14,0,135,72.4
Pashan AWS,18.5362,73.7928,14-05-2024 00:50,2024-05-14 00:50:00,2024,5,14,0,135,72.3
Pashan AWS,18.5362,73.7928,14-05-2024 00:55,2024-05-14 00:55:00,2024,5,14,0,135,72.8
Pashan AWS,18.5362,73.7928,14-05-2024 01:00,2024-05-14 01:00:00,2024,5,14,1,135,73.0
Pashan AWS,18.5362,73.7928,14-05-2024 01:05,2024-05-14 01:05:00,2024,5,14,1,135,72.8
Pashan AWS,18.5362,73.7928,14-05-2024 01:10,2024-05-14 01:10:00,2024,5,14,1,135,73.9
Pashan AWS,18.5362,73.7928,14-05-2024 01:15,2024-05-14 01:15:00,2024,5,14,1,135,74.3
Pashan AWS,18.5362,73.7928,14-05-2024 01:20,2024-05-14 01:20:00,2024,5,14,1,135,74.4
Pashan AWS,18.5362,73.7928,14-05-2024 01:25,2024-05-14 01:25:00,2024,5,14,1,135,75.1
Pashan AWS,18.5362,73.7928,14-05-2024 01:30,2024-05-14 01:30:00,2024,5,14,1,135,75.9
Pashan AWS,18.5362,73.7928,14-05-2024 01:35,2024-05-14 01:35:00,2024,5,14,1,135,75.9
Pashan AWS,18.5362,73.7928,14-05-2024 01:40,2024-05-14 01:40:00,2024,5,14,1,135,76.1
Pashan AWS,18.5362,73.7928,14-05-2024 01:45,2024-05-14 01:45:00,2024,5,14,1,135,75.8
Pashan AWS,18.5362,73.7928,14-05-2024 01:50,2024-05-14 01:50:00,2024,5,14,1,135,75.8
Pashan AWS,18.5362,73.7928,14-05-2024 01:55,2024-05-14 01:55:00,2024,5,14,1,135,75.7
Pashan AWS,18.5362,73.7928,14-05-2024 02:00,2024-05-14 02:00:00,2024,5,14,2,135,75.8
Pashan AWS,18.5362,73.7928,14-05-2024 02:05,2024-05-14 02:05:00,2024,5,14,2,135,76.0
Pashan AWS,18.5362,73.7928,14-05-2024 02:10,2024-05-14 02:10:00,2024,5,14,2,135,76.2
Pashan AWS,18.5362,73.7928,14-05-2024 02:15,2024-05-14 02:15:00,2024,5,14,2,135,76.3
Pashan AWS,18.5362,73.7928,14-05-2024 02:20,2024-05-14 02:20:00,2024,5,14,2,135,75.8
Pashan AWS,18.5362,73.7928,14-05-2024 02:25,2024-05-14 02:25:00,2024,5,14,2,135,75.4
Pashan AWS,18.5362,73.7928,14-05-2024 02:30,2024-05-14 02:30:00,2024,5,14,2,135,75.2
Pashan AWS,18.5362,73.7928,14-05-2024 02:35,2024-05-14 02:35:00,2024,5,14,2,135,75.1
Pashan AWS,18.5362,73.7928,14-05-2024 02:40,2024-05-14 02:40:00,2024,5,14,2,135,75.5
Pashan AWS,18.5362,73.7928,14-05-2024 02:45,2024-05-14 02:45:00,2024,5,14,2,135,75.0
Pashan AWS,18.5362,73.7928,14-05-2024 02:50,2024-05-14 02:50:00,2024,5,14,2,135,74.8
Pashan AWS,18.5362,73.7928,14-05-2024 02:55,2024-05-14 02:55:00,2024,5,14,2,135,75.2
Pashan AWS,18.5362,73.7928,14-05-2024 03:00,2024-05-14 03:00:00,2024,5,14,3,135,75.0
Pashan AWS,18.5362,73.7928,14-05-2024 03:05,2024-05-14 03:05:00,2024,5,14,3,135,75.1
Pashan AWS,18.5362,73.7928,14-05-2024 03:10,2024-05-14 03:10:00,2024,5,14,3,135,75.0
Pashan AWS,18.5362,73.7928,14-05-2024 03:15,2024-05-14 03:15:00,2024,5,14,3,135,75.0
Pashan AWS,18.5362,73.7928,14-05-2024 03:20,2024-05-14 03:20:00,2024,5,14,3,135,74.8
Pashan AWS,18.5362,73.7928,14-05-2024 03:25,2024-05-14 03:25:00,2024,5,14,3,135,74.9
Pashan AWS,18.5362,73.7928,14-05-2024 03:30,2024-05-14 03:30:00,2024,5,14,3,135,74.2
Pashan AWS,18.5362,73.7928,14-05-2024 03:35,2024-05-14 03:35:00,2024,5,14,3,135,73.9
Pashan AWS,18.5362,73.7928,14-05-2024 03:40,2024-05-14 03:40:00,2024,5,14,3,135,73.9
Pashan AWS,18.5362,73.7928,14-05-2024 03:45,2024-05-14 03:45:00,2024,5,14,3,135,74.0
Pashan AWS,18.5362,73.7928,14-05-2024 03:50,2024-05-14 03:50:00,2024,5,14,3,135,74.4
Pashan AWS,18.5362,73.7928,14-05-2024 03:55,2024-05-14 03:55:00,2024,5,14,3,135,74.0
Pashan AWS,18.5362,73.7928,14-05-2024 04:00,2024-05-14 04:00:00,2024,5,14,4,135,74.4
Pashan AWS,18.5362,73.7928,14-05-2024 04:05,2024-05-14 04:05:00,2024,5,14,4,135,73.9
Pashan AWS,18.5362,73.7928,14-05-2024 04:10,2024-05-14 04:10:00,2024,5,14,4,135,74.2
Pashan AWS,18.5362,73.7928,14-05-2024 04:15,2024-05-14 04:15:00,2024,5,14,4,135,74.3
Pashan AWS,18.5362,73.7928,14-05-2024 04:20,2024-05-14 04:20:00,2024,5,14,4,135,73.6
Pashan AWS,18.5362,73.7928,14-05-2024 04:25,2024-05-14 04:25:00,2024,5,14,4,135,73.4
Pashan AWS,18.5362,73.7928,14-05-2024 04:30,2024-05-14 04:30:00,2024,5,14,4,135,73.1
Pashan AWS,18.5362,73.7928,14-05-2024 04:35,2024-05-14 04:35:00,2024,5,14,4,135,73.1
Pashan AWS,18.5362,73.7928,14-05-2024 04:40,2024-05-14 04:40:00,2024,5,14,4,135,72.6
Pashan AWS,18.5362,73.7928,14-05-2024 04:45,2024-05-14 04:45:00,2024,5,14,4,135,72.2
Pashan AWS,18.5362,73.7928,14-05-2024 04:50,2024-05-14 04:50:00,2024,5,14,4,135,72.4
Pashan AWS,18.5362,73.7928,14-05-2024 04:55,2024-05-14 04:55:00,2024,5,14,4,135,72.0
Pashan AWS,18.5362,73.7928,14-05-2024 05:00,2024-05-14 05:00:00,2024,5,14,5,135,72.0
Pashan AWS,18.5362,73.7928,14-05-2024 05:05,2024-05-14 05:05:00,2024,5,14,5,135,71.5
Pashan AWS,18.5362,73.7928,14-05-2024 05:10,2024-05-14 05:10:00,2024,5,14,5,135,71.8
Pashan AWS,18.5362,73.7928,14-05-2024 05:15,2024-05-14 05:15:00,2024,5,14,5,135,71.1
Pashan AWS,18.5362,73.7928,14-05-2024 05:20,2024-05-14 05:20:00,2024,5,14,5,135,70.4
Pashan AWS,18.5362,73.7928,14-05-2024 05:25,2024-05-14 05:25:00,2024,5,14,5,135,70.7
Pashan AWS,18.5362,73.7928,14-05-2024 05:30,2024-05-14 05:30:00,2024,5,14,5,135,70.0
Pashan AWS,18.5362,73.7928,14-05-2024 05:35,2024-05-14 05:35:00,2024,5,14,5,135,70.2
Pashan AWS,18.5362,73.7928,14-05-2024 05:40,2024-05-14 05:40:00,2024,5,14,5,135,70.1
Pashan AWS,18.5362,73.7928,14-05-2024 05:45,2024-05-14 05:45:00,2024,5,14,5,135,69.6
Pashan AWS,18.5362,73.7928,14-05-2024 05:50,2024-05-14 05:50:00,2024,5,14,5,135,68.4
Pashan AWS,18.5362,73.7928,14-05-2024 05:55,2024-05-14 05:55:00,2024,5,14,5,135,67.9
Pashan AWS,18.5362,73.7928,14-05-2024 06:00,2024-05-14 06:00:00,2024,5,14,6,135,67.5
Pashan AWS,18.5362,73.7928,14-05-2024 06:05,2024-05-14 06:05:00,2024,5,14,6,135,67.5
Pashan AWS,18.5362,73.7928,14-05-2024 06:10,2024-05-14 06:10:00,2024,5,14,6,135,67.6
Pashan AWS,18.5362,73.7928,14-05-2024 06:15,2024-05-14 06:15:00,2024,5,14,6,135,66.9
Pashan AWS,18.5362,73.7928,14-05-2024 06:20,2024-05-14 06:20:00,2024,5,14,6,135,66.7
Pashan AWS,18.5362,73.7928,14-05-2024 06:25,2024-05-14 06:25:00,2024,5,14,6,135,66.4
Pashan AWS,18.5362,73.7928,14-05-2024 06:30,2024-05-14 06:30:00,2024,5,14,6,135,66.3
Pashan AWS,18.5362,73.7928,14-05-2024 06:35,2024-05-14 06:35:00,2024,5,14,6,135,66.0
Pashan AWS,18.5362,73.7928,14-05-2024 06:40,2024-05-14 06:40:00,2024,5,14,6,135,64.6
Pashan AWS,18.5362,73.7928,14-05-2024 06:45,2024-05-14 06:45:00,2024,5,14,6,135,64.0
Pashan AWS,18.5362,73.7928,14-05-2024 06:50,2024-05-14 06:50:00,2024,5,14,6,135,63.0
Pashan AWS,18.5362,73.7928,14-05-2024 06:55,2024-05-14 06:55:00,2024,5,14,6,135,62.5
Pashan AWS,18.5362,73.7928,14-05-2024 07:00,2024-05-14 07:00:00,2024,5,14,7,135,62.3
Pashan AWS,18.5362,73.7928,14-05-2024 07:05,2024-05-14 07:05:00,2024,5,14,7,135,61.9
Pashan AWS,18.5362,73.7928,14-05-2024 07:10,2024-05-14 07:10:00,2024,5,14,7,135,61.9
Pashan AWS,18.5362,73.7928,14-05-2024 07:15,2024-05-14 07:15:00,2024,5,14,7,135,61.5
Pashan AWS,18.5362,73.7928,14-05-2024 07:20,2024-05-14 07:20:00,2024,5,14,7,135,60.4
Pashan AWS,18.5362,73.7928,14-05-2024 07:25,2024-05-14 07:25:00,2024,5,14,7,135,58.8
Pashan AWS,18.5362,73.7928,14-05-2024 07:30,2024-05-14 07:30:00,2024,5,14,7,135,58.4
Pashan AWS,18.5362,73.7928,14-05-2024 07:35,2024-05-14 07:35:00,2024,5,14,7,135,57.8
Pashan AWS,18.5362,73.7928,14-05-2024 07:40,2024-05-14 07:40:00,2024,5,14,7,135,57.0
Pashan AWS,18.5362,73.7928,14-05-2024 07:45,2024-05-14 07:45:00,2024,5,14,7,135,55.8
Pashan AWS,18.5362,73.7928,14-05-2024 07:50,2024-05-14 07:50:00,2024,5,14,7,135,55.1
Pashan AWS,18.5362,73.7928,14-05-2024 07:55,2024-05-14 07:55:00,2024,5,14,7,135,54.6
Pashan AWS,18.5362,73.7928,14-05-2024 08:00,2024-05-14 08:00:00,2024,5,14,8,135,54.4
Pashan AWS,18.5362,73.7928,14-05-2024 08:05,2024-05-14 08:05:00,2024,5,14,8,135,54.0
Pashan AWS,18.5362,73.7928,14-05-2024 08:10,2024-05-14 08:10:00,2024,5,14,8,135,54.2
Pashan AWS,18.5362,73.7928,14-05-2024 08:15,2024-05-14 08:15:00,2024,5,14,8,135,53.3
Pashan AWS,18.5362,73.7928,14-05-2024 08:20,2024-05-14 08:20:00,2024,5,14,8,135,53.2
Pashan AWS,18.5362,73.7928,14-05-2024 08:25,2024-05-14 08:25:00,2024,5,14,8,135,52.7
Pashan AWS,18.5362,73.7928,14-05-2024 08:30,2024-05-14 08:30:00,2024,5,14,8,135,52.5
Pashan AWS,18.5362,73.7928,14-05-2024 08:35,2024-05-14 08:35:00,2024,5,14,8,135,51.8
Pashan AWS,18.5362,73.7928,14-05-2024 08:40,2024-05-14 08:40:00,2024,5,14,8,135,51.8
Pashan AWS,18.5362,73.7928,14-05-2024 08:45,2024-05-14 08:45:00,2024,5,14,8,135,51.4
Pashan AWS,18.5362,73.7928,14-05-2024 08:50,2024-05-14 08:50:00,2024,5,14,8,135,50.6
Pashan AWS,18.5362,73.7928,14-05-2024 08:55,2024-05-14 08:55:00,2024,5,14,8,135,50.1
Pashan AWS,18.5362,73.7928,14-05-2024 09:00,2024-05-14 09:00:00,2024,5,14,9,135,49.5
Pashan AWS,18.5362,73.7928,14-05-2024 09:05,2024-05-14 09:05:00,2024,5,14,9,135,49.2
Pashan AWS,18.5362,73.7928,14-05-2024 09:10,2024-05-14 09:10:00,2024,5,14,9,135,48.2
Pashan AWS,18.5362,73.7928,14-05-2024 09:15,2024-05-14 09:15:00,2024,5,14,9,135,47.7
Pashan AWS,18.5362,73.7928,14-05-2024 09:20,2024-05-14 09:20:00,2024,5,14,9,135,47.4
Pashan AWS,18.5362,73.7928,14-05-2024 09:25,2024-05-14 09:25:00,2024,5,14,9,135,46.9
Pashan AWS,18.5362,73.7928,14-05-2024 09:30,2024-05-14 09:30:00,2024,5,14,9,135,47.0
Pashan AWS,18.5362,73.7928,14-05-2024 09:35,2024-05-14 09:35:00,2024,5,14,9,135,46.8
Pashan AWS,18.5362,73.7928,14-05-2024 09:40,2024-05-14 09:40:00,2024,5,14,9,135,46.3
Pashan AWS,18.5362,73.7928,14-05-2024 09:45,2024-05-14 09:45:00,2024,5,14,9,135,45.8
Pashan AWS,18.5362,73.7928,14-05-2024 09:50,2024-05-14 09:50:00,2024,5,14,9,135,45.4
Pashan AWS,18.5362,73.7928,14-05-2024 09:55,2024-05-14 09:55:00,2024,5,14,9,135,45.1
Pashan AWS,18.5362,73.7928,14-05-2024 10:00,2024-05-14 10:00:00,2024,5,14,10,135,43.8
Pashan AWS,18.5362,73.7928,14-05-2024 10:05,2024-05-14 10:05:00,2024,5,14,10,135,43.2
Pashan AWS,18.5362,73.7928,14-05-2024 10:10,2024-05-14 10:10:00,2024,5,14,10,135,42.2
Pashan AWS,18.5362,73.7928,14-05-2024 10:15,2024-05-14 10:15:00,2024,5,14,10,135,42.3
Pashan AWS,18.5362,73.7928,14-05-2024 10:20,2024-05-14 10:20:00,2024,5,14,10,135,41.8
Pashan AWS,18.5362,73.7928,14-05-2024 10:25,2024-05-14 10:25:00,2024,5,14,10,135,41.3
Pashan AWS,18.5362,73.7928,14-05-2024 10:30,2024-05-14 10:30:00,2024,5,14,10,135,41.2
Pashan AWS,18.5362,73.7928,14-05-2024 10:35,2024-05-14 10:35:00,2024,5,14,10,135,40.9
Pashan AWS,18.5362,73.7928,14-05-2024 10:40,2024-05-14 10:40:00,2024,5,14,10,135,40.0
Pashan AWS,18.5362,73.7928,14-05-2024 10:45,2024-05-14 10:45:00,2024,5,14,10,135,39.6
Pashan AWS,18.5362,73.7928,14-05-2024 10:50,2024-05-14 10:50:00,2024,5,14,10,135,39.0
Pashan AWS,18.5362,73.7928,14-05-2024 10:55,2024-05-14 10:55:00,2024,5,14,10,135,38.0
Pashan AWS,18.5362,73.7928,14-05-2024 11:00,2024-05-14 11:00:00,2024,5,14,11,135,37.3
Pashan AWS,18.5362,73.7928,14-05-2024 11:05,2024-05-14 11:05:00,2024,5,14,11,135,36.9
Pashan AWS,18.5362,73.7928,14-05-2024 11:10,2024-05-14 11:10:00,2024,5,14,11,135,36.5
Pashan AWS,18.5362,73.7928,14-05-2024 11:15,2024-05-14 11:15:00,2024,5,14,11,135,35.6
Pashan AWS,18.5362,73.7928,14-05-2024 11:20,2024-05-14 11:20:00,2024,5,14,11,135,35.8
Pashan AWS,18.5362,73.7928,14-05-2024 11:25,2024-05-14 11:25:00,2024,5,14,11,135,35.4
Pashan AWS,18.5362,73.7928,14-05-2024 11:30,2024-05-14 11:30:00,2024,5,14,11,135,35.1
Pashan AWS,18.5362,73.7928,14-05-2024 11:35,2024-05-14 11:35:00,2024,5,14,11,135,35.0
Pashan AWS,18.5362,73.7928,14-05-2024 11:40,2024-05-14 11:40:00,2024,5,14,11,135,34.4
Pashan AWS,18.5362,73.7928,14-05-2024 11:45,2024-05-14 11:45:00,2024,5,14,11,135,34.3
Pashan AWS,18.5362,73.7928,14-05-2024 11:50,2024-05-14 11:50:00,2024,5,14,11,135,33.8
Pashan AWS,18.5362,73.7928,14-05-2024 11:55,2024-05-14 11:55:00,2024,5,14,11,135,33.2
Pashan AWS,18.5362,73.7928,14-05-2024 12:00,2024-05-14 12:00:00,2024,5,14,12,135,33.2
Pashan AWS,18.5362,73.7928,14-05-2024 12:05,2024-05-14 12:05:00,2024,5,14,12,135,33.5
Pashan AWS,18.5362,73.7928,14-05-2024 12:10,2024-05-14 12:10:00,2024,5,14,12,135,33.5
Pashan AWS,18.5362,73.7928,14-05-2024 12:15,2024-05-14 12:15:00,2024,5,14,12,135,33.6
Pashan AWS,18.5362,73.7928,14-05-2024 12:20,2024-05-14 12:20:00,2024,5,14,12,135,33.1
Pashan AWS,18.5362,73.7928,14-05-2024 12:25,2024-05-14 12:25:00,2024,5,14,12,135,32.2
Pashan AWS,18.5362,73.7928,14-05-2024 12:30,2024-05-14 12:30:00,2024,5,14,12,135,32.5
Pashan AWS,18.5362,73.7928,14-05-2024 12:35,2024-05-14 12:35:00,2024,5,14,12,135,33.1
Pashan AWS,18.5362,73.7928,14-05-2024 12:40,2024-05-14 12:40:00,2024,5,14,12,135,33.4
Pashan AWS,18.5362,73.7928,14-05-2024 12:45,2024-05-14 12:45:00,2024,5,14,12,135,33.0
Pashan AWS,18.5362,73.7928,14-05-2024 12:50,2024-05-14 12:50:00,2024,5,14,12,135,32.2
Pashan AWS,18.5362,73.7928,14-05-2024 12:55,2024-05-14 12:55:00,2024,5,14,12,135,31.5
Pashan AWS,18.5362,73.7928,14-05-2024 13:00,2024-05-14 13:00:00,2024,5,14,13,135,30.6
Pashan AWS,18.5362,73.7928,14-05-2024 13:05,2024-05-14 13:05:00,2024,5,14,13,135,30.4
Pashan AWS,18.5362,73.7928,14-05-2024 13:10,2024-05-14 13:10:00,2024,5,14,13,135,30.9
Pashan AWS,18.5362,73.7928,14-05-2024 13:15,2024-05-14 13:15:00,2024,5,14,13,135,30.7
Pashan AWS,18.5362,73.7928,14-05-2024 13:20,2024-05-14 13:20:00,2024,5,14,13,135,30.6
Pashan AWS,18.5362,73.7928,14-05-2024 13:25,2024-05-14 13:25:00,2024,5,14,13,135,31.0
Pashan AWS,18.5362,73.7928,14-05-2024 13:30,2024-05-14 13:30:00,2024,5,14,13,135,30.6
Pashan AWS,18.5362,73.7928,14-05-2024 13:35,2024-05-14 13:35:00,2024,5,14,13,135,31.3
Pashan AWS,18.5362,73.7928,14-05-2024 13:40,2024-05-14 13:40:00,2024,5,14,13,135,31.9
Pashan AWS,18.5362,73.7928,14-05-2024 13:45,2024-05-14 13:45:00,2024,5,14,13,135,31.6
Pashan AWS,18.5362,73.7928,14-05-2024 13:50,2024-05-14 13:50:00,2024,5,14,13,135,31.2
Pashan AWS,18.5362,73.7928,14-05-2024 13:55,2024-05-14 13:55:00,2024,5,14,13,135,31.3
Pashan AWS,18.5362,73.7928,14-05-2024 14:00,2024-05-14 14:00:00,2024,5,14,14,135,30.9
Pashan AWS,18.5362,73.7928,14-05-2024 14:05,2024-05-14 14:05:00,2024,5,14,14,135,30.3
Pashan AWS,18.5362,73.7928,14-05-2024 14:10,2024-05-14 14:10:00,2024,5,14,14,135,30.7
Pashan AWS,18.5362,73.7928,14-05-2024 14:15,2024-05-14 14:15:00,2024,5,14,14,135,31.1
Pashan AWS,18.5362,73.7928,14-05-2024 14:20,2024-05-14 14:20:00,2024,5,14,14,135,31.0
Pashan AWS,18.5362,73.7928,14-05-2024 14:25,2024-05-14 14:25:00,2024,5,14,14,135,30.4
Pashan AWS,18.5362,73.7928,14-05-2024 14:30,2024-05-14 14:30:00,2024,5,14,14,135,29.8
Pashan AWS,18.5362,73.7928,14-05-2024 14:35,2024-05-14 14:35:00,2024,5,14,14,135,29.8
Pashan AWS,18.5362,73.7928,14-05-2024 14:40,2024-05-14 14:40:00,2024,5,14,14,135,29.5
Pashan AWS,18.5362,73.7928,14-05-2024 14:45,2024-05-14 14:45:00,2024,5,14,14,135,29.4
Pashan AWS,18.5362,73.7928,14-05-2024 14:50,2024-05-14 14:50:00,2024,5,14,14,135,29.8
Pashan AWS,18.5362,73.7928,14-05-2024 14:55,2024-05-14 14:55:00,2024,5,14,14,135,30.1
Pashan AWS,18.5362,73.7928,14-05-2024 15:00,2024-05-14 15:00:00,2024,5,14,15,135,30.6
Pashan AWS,18.5362,73.7928,14-05-2024 15:05,2024-05-14 15:05:00,2024,5,14,15,135,30.2
Pashan AWS,18.5362,73.7928,14-05-2024 15:10,2024-05-14 15:10:00,2024,5,14,15,135,30.1
Pashan AWS,18.5362,73.7928,14-05-2024 15:15,2024-05-14 15:15:00,2024,5,14,15,135,30.4
Pashan AWS,18.5362,73.7928,14-05-2024 15:20,2024-05-14 15:20:00,2024,5,14,15,135,30.6
Pashan AWS,18.5362,73.7928,14-05-2024 15:25,2024-05-14 15:25:00,2024,5,14,15,135,31.2
Pashan AWS,18.5362,73.7928,14-05-2024 15:30,2024-05-14 15:30:00,2024,5,14,15,135,31.4
Pashan AWS,18.5362,73.7928,14-05-2024 15:35,2024-05-14 15:35:00,2024,5,14,15,135,32.2
Pashan AWS,18.5362,73.7928,14-05-2024 15:40,2024-05-14 15:40:00,2024,5,14,15,135,32.4
Pashan AWS,18.5362,73.7928,14-05-2024 15:45,2024-05-14 15:45:00,2024,5,14,15,135,32.8
Pashan AWS,18.5362,73.7928,14-05-2024 15:50,2024-05-14 15:50:00,2024,5,14,15,135,32.7
Pashan AWS,18.5362,73.7928,14-05-2024 15:55,2024-05-14 15:55:00,2024,5,14,15,135,32.7
Pashan AWS,18.5362,73.7928,14-05-2024 16:00,2024-05-14 16:00:00,2024,5,14,16,135,33.1
Pashan AWS,18.5362,73.7928,14-05-2024 16:05,2024-05-14 16:05:00,2024,5,14,16,135,33.8
Pashan AWS,18.5362,73.7928,14-05-2024 16:10,2024-05-14 16:10:00,2024,5,14,16,135,34.1
Pashan AWS,18.5362,73.7928,14-05-2024 16:15,2024-05-14 16:15:00,2024,5,14,16,135,34.1
Pashan AWS,18.5362,73.7928,14-05-2024 16:20,2024-05-14 16:20:00,2024,5,14,16,135,34.7
Pashan AWS,18.5362,73.7928,14-05-2024 16:25,2024-05-14 16:25:00,2024,5,14,16,135,33.8
Pashan AWS,18.5362,73.7928,14-05-2024 16:30,2024-05-14 16:30:00,2024,5,14,16,135,33.4
Pashan AWS,18.5362,73.7928,14-05-2024 16:35,2024-05-14 16:35:00,2024,5,14,16,135,33.8
Pashan AWS,18.5362,73.7928,14-05-2024 16:40,2024-05-14 16:40:00,2024,5,14,16,135,33.9
Pashan AWS,18.5362,73.7928,14-05-2024 16:45,2024-05-14 16:45:00,2024,5,14,16,135,34.3
Pashan AWS,18.5362,73.7928,14-05-2024 16:50,2024-05-14 16:50:00,2024,5,14,16,135,34.5
Pashan AWS,18.5362,73.7928,14-05-2024 16:55,2024-05-14 16:55:00,2024,5,14,16,135,34.9
Pashan AWS,18.5362,73.7928,14-05-2024 17:00,2024-05-14 17:00:00,2024,5,14,17,135,34.7
Pashan AWS,18.5362,73.7928,14-05-2024 17:05,2024-05-14 17:05:00,2024,5,14,17,135,35.1
Pashan AWS,18.5362,73.7928,14-05-2024 17:10,2024-05-14 17:10:00,2024,5,14,17,135,35.7
Pashan AWS,18.5362,73.7928,14-05-2024 17:15,2024-05-14 17:15:00,2024,5,14,17,135,36.4
Pashan AWS,18.5362,73.7928,14-05-2024 17:20,2024-05-14 17:20:00,2024,5,14,17,135,37.4
Pashan AWS,18.5362,73.7928,14-05-2024 17:25,2024-05-14 17:25:00,2024,5,14,17,135,37.6
Pashan AWS,18.5362,73.7928,14-05-2024 17:30,2024-05-14 17:30:00,2024,5,14,17,135,37.9
Pashan AWS,18.5362,73.7928,14-05-2024 17:35,2024-05-14 17:35:00,2024,5,14,17,135,37.5
Pashan AWS,18.5362,73.7928,14-05-2024 17:40,2024-05-14 17:40:00,2024,5,14,17,135,37.5
Pashan AWS,18.5362,73.7928,14-05-2024 17:45,2024-05-14 17:45:00,2024,5,14,17,135,37.7
Pashan AWS,18.5362,73.7928,14-05-2024 17:50,2024-05-14 17:50:00,2024,5,14,17,135,38.3
Pashan AWS,18.5362,73.7928,14-05-2024 17:55,2024-05-14 17:55:00,2024,5,14,17,135,38.3
Pashan AWS,18.5362,73.7928,14-05-2024 18:00,2024-05-14 18:00:00,2024,5,14,18,135,38.9
Pashan AWS,18.5362,73.7928,14-05-2024 18:05,2024-05-14 18:05:00,2024,5,14,18,135,39.2
Pashan AWS,18.5362,73.7928,14-05-2024 18:10,2024-05-14 18:10:00,2024,5,14,18,135,39.4
Pashan AWS,18.5362,73.7928,14-05-2024 18:15,2024-05-14 18:15:00,2024,5,14,18,135,39.8
Pashan AWS,18.5362,73.7928,14-05-2024 18:20,2024-05-14 18:20:00,2024,5,14,18,135,39.9
Pashan AWS,18.5362,73.7928,14-05-2024 18:25,2024-05-14 18:25:00,2024,5,14,18,135,40.1
Pashan AWS,18.5362,73.7928,14-05-2024 18:30,2024-05-14 18:30:00,2024,5,14,18,135,39.7
Pashan AWS,18.5362,73.7928,14-05-2024 18:35,2024-05-14 18:35:00,2024,5,14,18,135,40.0
Pashan AWS,18.5362,73.7928,14-05-2024 18:40,2024-05-14 18:40:00,2024,5,14,18,135,40.2
Pashan AWS,18.5362,73.7928,14-05-2024 18:45,2024-05-14 18:45:00,2024,5,14,18,135,40.4
Pashan AWS,18.5362,73.7928,14-05-2024 18:50,2024-05-14 18:50:00,2024,5,14,18,135,41.0
Pashan AWS,18.5362,73.7928,14-05-2024 18:55,2024-05-14 18:55:00,2024,5,14,18,135,41.6
Pashan AWS,18.5362,73.7928,14-05-2024 19:00,2024-05-14 19:00:00,2024,5,14,19,135,42.1
Pashan AWS,18.5362,73.7928,14-05-2024 19:05,2024-05-14 19:05:00,2024,5,14,19,135,43.0
Pashan AWS,18.5362,73.7928,14-05-2024 19:10,2024-05-14 19:10:00,2024,5,14,19,135,43.6
Pashan AWS,18.5362,73.7928,14-05-2024 19:15,2024-05-14 19:15:00,2024,5,14,19,135,43.8
Pashan AWS,18.5362,73.7928,14-05-2024 19:20,2024-05-14 19:20:00,2024,5,14,19,135,44.1
Pashan AWS,18.5362,73.7928,14-05-2024 19:25,2024-05-14 19:25:00,2024,5,14,19,135,44.6
Pashan AWS,18.5362,73.7928,14-05-2024 19:30,2024-05-14 19:30:00,2024,5,14,19,135,45.2
Pashan AWS,18.5362,73.7928,14-05-2024 19:35,2024-05-14 19:35:00,2024,5,14,19,135,46.2
Pashan AWS,18.5362,73.7928,14-05-2024 19:40,2024-05-14 19:40:00,2024,5,14,19,135,47.0
Pashan AWS,18.5362,73.7928,14-05-2024 19:45,2024-05-14 19:45:00,2024,5,14,19,135,47.2
Pashan AWS,18.5362,73.7928,14-05-2024 19:50,2024-05-14 19:50:00,2024,5,14,19,135,47.5
Pashan AWS,18.5362,73.7928,14-05-2024 19:55,2024-05-14 19:55:00,2024,5,14,19,135,48.2
Pashan AWS,18.5362,73.7928,14-05-2024 20:00,2024-05-14 20:00:00,2024,5,14,20,135,49.0
Pashan AWS,18.5362,73.7928,14-05-2024 20:05,2024-05-14 20:05:00,2024,5,14,20,135,49.7
Pashan AWS,18.5362,73.7928,14-05-2024 20:10,2024-05-14 20:10:00,2024,5,14,20,135,50.1
Pashan AWS,18.5362,73.7928,14-05-2024 20:15,2024-05-14 20:15:00,2024,5,14,20,135,49.9
Pashan AWS,18.5362,73.7928,14-05-2024 20:20,2024-05-14 20:20:00,2024,5,14,20,135,49.9
Pashan AWS,18.5362,73.7928,14-05-2024 20:25,2024-05-14 20:25:00,2024,5,14,20,135,50.4
Pashan AWS,18.5362,73.7928,14-05-2024 20:30,2024-05-14 20:30:00,2024,5,14,20,135,51.0
Pashan AWS,18.5362,73.7928,14-05-2024 20:35,2024-05-14 20:35:00,2024,5,14,20,135,50.9
Pashan AWS,18.5362,73.7928,14-05-2024 20:40,2024-05-14 20:40:00,2024,5,14,20,135,51.4
Pashan AWS,18.5362,73.7928,14-05-2024 20:45,2024-05-14 20:45:00,2024,5,14,20,135,52.1
Pashan AWS,18.5362,73.7928,14-05-2024 20:50,2024-05-14 20:50:00,2024,5,14,20,135,52.0
Pashan AWS,18.5362,73.7928,14-05-2024 20:55,2024-05-14 20:55:00,2024,5,14,20,135,52.9
Pashan AWS,18.5362,73.7928,14-05-2024 21:00,2024-05-14 21:00:00,2024,5,14,21,135,53.2
Pashan AWS,18.5362,73.7928,14-05-2024 21:05,2024-05-14 21:05:00,2024,5,14,21,135,54.1
Pashan AWS,18.5362,73.7928,14-05-2024 21:10,2024-05-14 21:10:00,2024,5,14,21,135,54.3
Pashan AWS,18.5362,73.7928,14-05-2024 21:15,2024-05-14 21:15:00,2024,5,14,21,135,54.3
Pashan AWS,18.5362,73.7928,14-05-2024 21:20,2024-05-14 21:20:00,2024,5,14,21,135,54.6
Pashan AWS,18.5362,73.7928,14-05-2024 21:25,2024-05-14 21:25:00,2024,5,14,21,135,55.0
Pashan AWS,18.5362,73.7928,14-05-2024 21:30,2024-05-14 21:30:00,2024,5,14,21,135,55.3
Pashan AWS,18.5362,73.7928,14-05-2024 21:35,2024-05-14 21:35:00,2024,5,14,21,135,55.6
Pashan AWS,18.5362,73.7928,14-05-2024 21:40,2024-05-14 21:40:00,2024,5,14,21,135,56.2
Pashan AWS,18.5362,73.7928,14-05-2024 21:45,2024-05-14 21:45:00,2024,5,14,21,135,56.6
Pashan AWS,18.5362,73.7928,14-05-2024 21:50,2024-05-14 21:50:00,2024,5,14,21,135,57.0
Pashan AWS,18.5362,73.7928,14-05-2024 21:55,2024-05-14 21:55:00,2024,5,14,21,135,56.8
Pashan AWS,18.5362,73.7928,14-05-2024 22:00,2024-05-14 22:00:00,2024,5,14,22,135,57.4
Pashan AWS,18.5362,73.7928,14-05-2024 22:05,2024-05-14 22:05:00,2024,5,14,22,135,57.8
Pashan AWS,18.5362,73.7928,14-05-2024 22:10,2024-05-14 22:10:00,2024,5,14,22,135,58.9
Pashan AWS,18.5362,73.7928,14-05-2024 22:15,2024-05-14 22:15:00,2024,5,14,22,135,59.0
Pashan AWS,18.5362,73.7928,14-05-2024 22:20,2024-05-14 22:20:00,2024,5,14,22,135,58.7
Pashan AWS,18.5362,73.7928,14-05-2024 22:25,2024-05-14 22:25:00,2024,5,14,22,135,59.4
Pashan AWS,18.5362,73.7928,14-05-2024 22:30,2024-05-14 22:30:00,2024,5,14,22,135,60.0
Pashan AWS,18.5362,73.7928,14-05-2024 22:35,2024-05-14 22:35:00,2024,5,14,22,135,60.0
Pashan AWS,18.5362,73.7928,14-05-2024 22:40,2024-05-14 22:40:00,2024,5,14,22,135,59.8
Pashan AWS,18.5362,73.7928,14-05-2024 22:45,2024-05-14 22:45:00,2024,5,14,22,135,60.9
Pashan AWS,18.5362,73.7928,14-05-2024 22:50,2024-05-14 22:50:00,2024,5,14,22,135,61.9
Pashan AWS,18.5362,73.7928,14-05-2024 22:55,2024-05-14 22:55:00,2024,5,14,22,135,61.3
Pashan AWS,18.5362,73.7928,14-05-2024 23:00,2024-05-14 23:00:00,2024,5,14,23,135,61.5
Pashan AWS,18.5362,73.7928,14-05-2024 23:05,2024-05-14 23:05:00,2024,5,14,23,135,62.6
Pashan AWS,18.5362,73.7928,14-05-2024 23:10,2024-05-14 23:10:00,2024,5,14,23,135,62.8
Pashan AWS,18.5362,73.7928,14-05-2024 23:15,2024-05-14 23:15:00,2024,5,14,23,135,63.0
Pashan AWS,18.5362,73.7928,14-05-2024 23:20,2024-05-14 23:20:00,2024,5,14,23,135,63.3
Pashan AWS,18.5362,73.7928,14-05-2024 23:25,2024-05-14 23:25:00,2024,5,14,23,135,63.2
Pashan AWS,18.5362,73.7928,14-05-2024 23:30,2024-05-14 23:30:00,2024,5,14,23,135,62.9
Pashan AWS,18.5362,73.7928,14-05-2024 23:35,2024-05-14 23:35:00,2024,5,14,23,135,63.8
Pashan AWS,18.5362,73.7928,14-05-2024 23:40,2024-05-14 23:40:00,2024,5,14,23,135,63.4
Pashan AWS,18.5362,73.7928,14-05-2024 23:45,2024-05-14 23:45:00,2024,5,14,23,135,63.9
Pashan AWS,18.5362,73.7928,14-05-2024 23:50,2024-05-14 23:50:00,2024,5,14,23,135,64.7
Pashan AWS,18.5362,73.7928,14-05-2024 23:55,2024-05-14 23:55:00,2024,5,14,23,135,64.5
Pashan AWS,18.5362,73.7928,15-05-2024 00:00,2024-05-15 00:00:00,2024,5,15,0,136,64.5
Pashan AWS,18.5362,73.7928,15-05-2024 00:05,2024-05-15 00:05:00,2024,5,15,0,136,65.3
Pashan AWS,18.5362,73.7928,15-05-2024 00:10,2024-05-15 00:10:00,2024,5,15,0,136,65.9
Pashan AWS,18.5362,73.7928,15-05-2024 00:15,2024-05-15 00:15:00,2024,5,15,0,136,66.0
Pashan AWS,18.5362,73.7928,15-05-2024 00:20,2024-05-15 00:20:00,2024,5,15,0,136,66.8
Pashan AWS,18.5362,73.7928,15-05-2024 00:25,2024-05-15 00:25:00,2024,5,15,0,136,67.6
Pashan AWS,18.5362,73.7928,15-05-2024 00:30,2024-05-15 00:30:00,2024,5,15,0,136,67.9
Pashan AWS,18.5362,73.7928,15-05-2024 00:35,2024-05-15 00:35:00,2024,5,15,0,136,67.8
Pashan AWS,18.5362,73.7928,15-05-2024 00:40,2024-05-15 00:40:00,2024,5,15,0,136,67.9
Pashan AWS,18.5362,73.7928,15-05-2024 00:45,2024-05-15 00:45:00,2024,5,15,0,136,68.3
Pashan AWS,18.5362,73.7928,15-05-2024 00:50,2024-05-15 00:50:00,2024,5,15,0,136,68.4
Pashan AWS,18.5362,73.7928,15-05-2024 00:55,2024-05-15 00:55:00,2024,5,15,0,136,69.0
Pashan AWS,18.5362,73.7928,15-05-2024 01:00,2024-05-15 01:00:00,2024,5,15,1,136,68.6
Pashan AWS,18.5362,73.7928,15-05-2024 01:05,2024-05-15 01:05:00,2024,5,15,1,136,68.2
Pashan AWS,18.5362,73.7928,15-05-2024 01:10,2024-05-15 01:10:00,2024,5,15,1,136,68.5
Pashan AWS,18.5362,73.7928,15-05-2024 01:15,2024-05-15 01:15:00,2024,5,15,1,136,68.5
Pashan AWS,18.5362,73.7928,15-05-2024 01:20,2024-05-15 01:20:00,2024,5,15,1,136,68.5
Pashan AWS,18.5362,73.7928,15-05-2024 01:25,2024-05-15 01:25:00,2024,5,15,1,136,68.0
Pashan AWS,18.5362,73.7928,15-05-2024 01:30,2024-05-15 01:30:00,2024,5,15,1,136,68.2
Pashan AWS,18.5362,73.7928,15-05-2024 01:35,2024-05-15 01:35:00,2024,5,15,1,136,68.4
Pashan AWS,18.5362,73.7928,15-05-2024 01:40,2024-05-15 01:40:00,2024,5,15,1,136,68.9
Pashan AWS,18.5362,73.7928,15-05-2024 01:45,2024-05-15 01:45:00,2024,5,15,1,136,69.1
Pashan AWS,18.5362,73.7928,15-05-2024 01:50,2024-05-15 01:50:00,2024,5,15,1,136,69.2
Pashan AWS,18.5362,73.7928,15-05-2024 01:55,2024-05-15 01:55:00,2024,5,15,1,136,69.8
Pashan AWS,18.5362,73.7928,15-05-2024 02:00,2024-05-15 02:00:00,2024,5,15,2,136,69.4
Pashan AWS,18.5362,73.7928,15-05-2024 02:05,2024-05-15 02:05:00,2024,5,15,2,136,69.7
Pashan AWS,18.5362,73.7928,15-05-2024 02:10,2024-05-15 02:10:00,2024,5,15,2,136,69.1
Pashan AWS,18.5362,73.7928,15-05-2024 02:15,2024-05-15 02:15:00,2024,5,15,2,136,68.9
Pashan AWS,18.5362,73.7928,15-05-2024 02:20,2024-05-15 02:20:00,2024,5,15,2,136,68.5
Pashan AWS,18.5362,73.7928,15-05-2024 02:25,2024-05-15 02:25:00,2024,5,15,2,136,69.0
Pashan AWS,18.5362,73.7928,15-05-2024 02:30,2024-05-15 02:30:00,2024,5,15,2,136,69.1
Pashan AWS,18.5362,73.7928,15-05-2024 02:35,2024-05-15 02:35:00,2024,5,15,2,136,69.1
Pashan AWS,18.5362,73.7928,15-05-2024 02:40,2024-05-15 02:40:00,2024,5,15,2,136,68.8
Pashan AWS,18.5362,73.7928,15-05-2024 02:45,2024-05-15 02:45:00,2024,5,15,2,136,68.7
Pashan AWS,18.5362,73.7928,15-05-2024 02:50,2024-05-15 02:50:00,2024,5,15,2,136,68.5
Pashan AWS,18.5362,73.7928,15-05-2024 02:55,2024-05-15 02:55:00,2024,5,15,2,136,68.7
Pashan AWS,18.5362,73.7928,15-05-2024 03:00,2024-05-15 03:00:00,2024,5,15,3,136,68.3
Pashan AWS,18.5362,73.7928,15-05-2024 03:05,2024-05-15 03:05:00,2024,5,15,3,136,68.9
Pashan AWS,18.5362,73.7928,15-05-2024 03:10,2024-05-15 03:10:00,2024,5,15,3,136,68.2
Pashan AWS,18.5362,73.7928,15-05-2024 03:15,2024-05-15 03:15:00,2024,5,15,3,136,67.9
Pashan AWS,18.5362,73.7928,15-05-2024 03:20,2024-05-15 03:20:00,2024,5,15,3,136,68.6
Pashan AWS,18.5362,73.7928,15-05-2024 03:25,2024-05-15 03:25:00,2024,5,15,3,136,68.4
Pashan AWS,18.5362,73.7928,15-05-2024 03:30,2024-05-15 03:30:00,2024,5,15,3,136,67.8
Pashan AWS,18.5362,73.7928,15-05-2024 03:35,2024-05-15 03:35:00,2024,5,15,3,136,67.9
Pashan AWS,18.5362,73.7928,15-05-2024 03:40,2024-05-15 03:40:00,2024,5,15,3,136,67.7
Pashan AWS,18.5362,73.7928,15-05-2024 03:45,2024-05-15 03:45:00,2024,5,15,3,136,67.3
Pashan AWS,18.5362,73.7928,15-05-2024 03:50,2024-05-15 03:50:00,2024,5,15,3,136,66.8
Pashan AWS,18.5362,73.7928,15-05-2024 03:55,2024-05-15 03:55:00,2024,5,15,3,136,67.9
Pashan AWS,18.5362,73.7928,15-05-2024 04:00,2024-05-15 04:00:00,2024,5,15,4,136,67.7
Pashan AWS,18.5362,73.7928,15-05-2024 04:05,2024-05-15 04:05:00,2024,5,15,4,136,66.8
Pashan AWS,18.5362,73.7928,15-05-2024 04:10,2024-05-15 04:10:00,2024,5,15,4,136,67.3
Pashan AWS,18.5362,73.7928,15-05-2024 04:15,2024-05-15 04:15:00,2024,5,15,4,136,67.4
Pashan AWS,18.5362,73.7928,15-05-2024 04:20,2024-05-15 04:20:00,2024,5,15,4,136,66.9
Pashan AWS,18.5362,73.7928,15-05-2024 04:25,2024-05-15 04:25:00,2024,5,15,4,136,66.4
Pashan AWS,18.5362,73.7928,15-05-2024 04:30,2024-05-15 04:30:00,2024,5,15,4,136,66.5
Pashan AWS,18.5362,73.7928,15-05-2024 04:35,2024-05-15 04:35:00,2024,5,15,4,136,66.2
Pashan AWS,18.5362,73.7928,15-05-2024 04:40,2024-05-15 04:40:00,2024,5,15,4,136,65.2
Pashan AWS,18.5362,73.7928,15-05-2024 04:45,2024-05-15 04:45:00,2024,5,15,4,136,65.8
Pashan AWS,18.5362,73.7928,15-05-2024 04:50,2024-05-15 04:50:00,2024,5,15,4,136,65.4
Pashan AWS,18.5362,73.7928,15-05-2024 04:55,2024-05-15 04:55:00,2024,5,15,4,136,65.8
Pashan AWS,18.5362,73.7928,15-05-2024 05:00,2024-05-15 05:00:00,2024,5,15,5,136,66.0
Pashan AWS,18.5362,73.7928,15-05-2024 05:05,2024-05-15 05:05:00,2024,5,15,5,136,65.3
Pashan AWS,18.5362,73.7928,15-05-2024 05:10,2024-05-15 05:10:00,2024,5,15,5,136,65.5
Pashan AWS,18.5362,73.7928,15-05-2024 05:15,2024-05-15 05:15:00,2024,5,15,5,136,64.9
Pashan AWS,18.5362,73.7928,15-05-2024 05:20,2024-05-15 05:20:00,2024,5,15,5,136,63.8
Pashan AWS,18.5362,73.7928,15-05-2024 05:25,2024-05-15 05:25:00,2024,5,15,5,136,63.4
Pashan AWS,18.5362,73.7928,15-05-2024 05:30,2024-05-15 05:30:00,2024,5,15,5,136,63.3
Pashan AWS,18.5362,73.7928,15-05-2024 05:35,2024-05-15 05:35:00,2024,5,15,5,136,62.8
Pashan AWS,18.5362,73.7928,15-05-2024 05:40,2024-05-15 05:40:00,2024,5,15,5,136,62.4
Pashan AWS,18.5362,73.7928,15-05-2024 05:45,2024-05-15 05:45:00,2024,5,15,5,136,62.5
Pashan AWS,18.5362,73.7928,15-05-2024 05:50,2024-05-15 05:50:00,2024,5,15,5,136,62.2
Pashan AWS,18.5362,73.7928,15-05-2024 05:55,2024-05-15 05:55:00,2024,5,15,5,136,61.5
Pashan AWS,18.5362,73.7928,15-05-2024 06:00,2024-05-15 06:00:00,2024,5,15,6,136,61.5
Pashan AWS,18.5362,73.7928,15-05-2024 06:05,2024-05-15 06:05:00,2024,5,15,6,136,61.2
Pashan AWS,18.5362,73.7928,15-05-2024 06:10,2024-05-15 06:10:00,2024,5,15,6,136,59.8
Pashan AWS,18.5362,73.7928,15-05-2024 06:15,2024-05-15 06:15:00,2024,5,15,6,136,59.7
Pashan AWS,18.5362,73.7928,15-05-2024 06:20,2024-05-15 06:20:00,2024,5,15,6,136,59.5
Pashan AWS,18.5362,73.7928,15-05-2024 06:25,2024-05-15 06:25:00,2024,5,15,6,136,59.1
Pashan AWS,18.5362,73.7928,15-05-2024 06:30,2024-05-15 06:30:00,2024,5,15,6,136,59.1
Pashan AWS,18.5362,73.7928,15-05-2024 06:35,2024-05-15 06:35:00,2024,5,15,6,136,58.5
Pashan AWS,18.5362,73.7928,15-05-2024 06:40,2024-05-15 06:40:00,2024,5,15,6,136,58.2
Pashan AWS,18.5362,73.7928,15-05-2024 06:45,2024-05-15 06:45:00,2024,5,15,6,136,57.2
Pashan AWS,18.5362,73.7928,15-05-2024 06:50,2024-05-15 06:50:00,2024,5,15,6,136,57.0
Pashan AWS,18.5362,73.7928,15-05-2024 06:55,2024-05-15 06:55:00,2024,5,15,6,136,57.4
Pashan AWS,18.5362,73.7928,15-05-2024 07:00,2024-05-15 07:00:00,2024,5,15,7,136,56.5
Pashan AWS,18.5362,73.7928,15-05-2024 07:05,2024-05-15 07:05:00,2024,5,15,7,136,55.8
Pashan AWS,18.5362,73.7928,15-05-2024 07:10,2024-05-15 07:10:00,2024,5,15,7,136,55.1
Pashan AWS,18.5362,73.7928,15-05-2024 07:15,2024-05-15 07:15:00,2024,5,15,7,136,54.7
Pashan AWS,18.5362,73.7928,15-05-2024 07:20,2024-05-15 07:20:00,2024,5,15,7,136,53.9
Pashan AWS,18.5362,73.7928,15-05-2024 07:25,2024-05-15 07:25:00,2024,5,15,7,136,53.7
Pashan AWS,18.5362,73.7928,15-05-2024 07:30,2024-05-15 07:30:00,2024,5,15,7,136,53.6
Pashan AWS,18.5362,73.7928,15-05-2024 07:35,2024-05-15 07:35:00,2024,5,15,7,136,53.4
Pashan AWS,18.5362,73.7928,15-05-2024 07:40,2024-05-15 07:40:00,2024,5,15,7,136,52.2
Pashan AWS,18.5362,73.7928,15-05-2024 07:45,2024-05-15 07:45:00,2024,5,15,7,136,52.2
Pashan AWS,18.5362,73.7928,15-05-2024 07:50,2024-05-15 07:50:00,2024,5,15,7,136,52.2
Pashan AWS,18.5362,73.7928,15-05-2024 07:55,2024-05-15 07:55:00,2024,5,15,7,136,52.0
Pashan AWS,18.5362,73.7928,15-05-2024 08:00,2024-05-15 08:00:00,2024,5,15,8,136,51.7
Pashan AWS,18.5362,73.7928,15-05-2024 08:05,2024-05-15 08:05:00,2024,5,15,8,136,51.3
Pashan AWS,18.5362,73.7928,15-05-2024 08:10,2024-05-15 08:10:00,2024,5,15,8,136,51.2
Pashan AWS,18.5362,73.7928,15-05-2024 08:15,2024-05-15 08:15:00,2024,5,15,8,136,51.5
Pashan AWS,18.5362,73.7928,15-05-2024 08:20,2024-05-15 08:20:00,2024,5,15,8,136,50.5
Pashan AWS,18.5362,73.7928,15-05-2024 08:25,2024-05-15 08:25:00,2024,5,15,8,136,50.4
Pashan AWS,18.5362,73.7928,15-05-2024 08:30,2024-05-15 08:30:00,2024,5,15,8,136,49.9
Pashan AWS,18.5362,73.7928,15-05-2024 08:35,2024-05-15 08:35:00,2024,5,15,8,136,49.3
Pashan AWS,18.5362,73.7928,15-05-2024 08:40,2024-05-15 08:40:00,2024,5,15,8,136,48.1
Pashan AWS,18.5362,73.7928,15-05-2024 08:45,2024-05-15 08:45:00,2024,5,15,8,136,47.5
Pashan AWS,18.5362,73.7928,15-05-2024 08:50,2024-05-15 08:50:00,2024,5,15,8,136,46.6
Pashan AWS,18.5362,73.7928,15-05-2024 08:55,2024-05-15 08:55:00,2024,5,15,8,136,45.9
Pashan AWS,18.5362,73.7928,15-05-2024 09:00,2024-05-15 09:00:00,2024,5,15,9,136,45.0
Pashan AWS,18.5362,73.7928,15-05-2024 09:05,2024-05-15 09:05:00,2024,5,15,9,136,44.4
Pashan AWS,18.5362,73.7928,15-05-2024 09:10,2024-05-15 09:10:00,2024,5,15,9,136,43.8
Pashan AWS,18.5362,73.7928,15-05-2024 09:15,2024-05-15 09:15:00,2024,5,15,9,136,43.4
Pashan AWS,18.5362,73.7928,15-05-2024 09:20,2024-05-15 09:20:00,2024,5,15,9,136,42.4
Pashan AWS,18.5362,73.7928,15-05-2024 09:25,2024-05-15 09:25:00,2024,5,15,9,136,41.4
Pashan AWS,18.5362,73.7928,15-05-2024 09:30,2024-05-15 09:30:00,2024,5,15,9,136,41.2
Pashan AWS,18.5362,73.7928,15-05-2024 09:35,2024-05-15 09:35:00,2024,5,15,9,136,40.5
Pashan AWS,18.5362,73.7928,15-05-2024 09:40,2024-05-15 09:40:00,2024,5,15,9,136,40.6
Pashan AWS,18.5362,73.7928,15-05-2024 09:45,2024-05-15 09:45:00,2024,5,15,9,136,40.3
Pashan AWS,18.5362,73.7928,15-05-2024 09:50,2024-05-15 09:50:00,2024,5,15,9,136,40.1
Pashan AWS,18.5362,73.7928,15-05-2024 09:55,2024-05-15 09:55:00,2024,5,15,9,136,40.3
Pashan AWS,18.5362,73.7928,15-05-2024 10:00,2024-05-15 10:00:00,2024,5,15,10,136,39.7
Pashan AWS,18.5362,73.7928,15-05-2024 10:05,2024-05-15 10:05:00,2024,5,15,10,136,39.1
Pashan AWS,18.5362,73.7928,15-05-2024 10:10,2024-05-15 10:10:00,2024,5,15,10,136,39.0
Pashan AWS,18.5362,73.7928,15-05-2024 10:15,2024-05-15 10:15:00,2024,5,15,10,136,38.8
Pashan AWS,18.5362,73.7928,15-05-2024 10:20,2024-05-15 10:20:00,2024,5,15,10,136,38.3
Pashan AWS,18.5362,73.7928,15-05-2024 10:25,2024-05-15 10:25:00,2024,5,15,10,136,38.5
Pashan AWS,18.5362,73.7928,15-05-2024 10:30,2024-05-15 10:30:00,2024,5,15,10,136,37.9
Pashan AWS,18.5362,73.7928,15-05-2024 10:35,2024-05-15 10:35:00,2024,5,15,10,136,37.5
Pashan AWS,18.5362,73.7928,15-05-2024 10:40,2024-05-15 10:40:00,2024,5,15,10,136,37.1
Pashan AWS,18.5362,73.7928,15-05-2024 10:45,2024-05-15 10:45:00,2024,5,15,10,136,36.3
Pashan AWS,18.5362,73.7928,15-05-2024 10:50,2024-05-15 10:50:00,2024,5,15,10,136,36.0
Pashan AWS,18.5362,73.7928,15-05-2024 10:55,2024-05-15 10:55:00,2024,5,15,10,136,36.1
Pashan AWS,18.5362,73.7928,15-05-2024 11:00,2024-05-15 11:00:00,2024,5,15,11,136,35.9
Pashan AWS,18.5362,73.7928,15-05-2024 11:05,2024-05-15 11:05:00,2024,5,15,11,136,35.5
Pashan AWS,18.5362,73.7928,15-05-2024 11:10,2024-05-15 11:10:00,2024,5,15,11,136,35.0
Pashan AWS,18.5362,73.7928,15-05-2024 11:15,2024-05-15 11:15:00,2024,5,15,11,136,34.8
Pashan AWS,18.5362,73.7928,15-05-2024 11:20,2024-05-15 11:20:00,2024,5,15,11,136,34.7
Pashan AWS,18.5362,73.7928,15-05-2024 11:25,2024-05-15 11:25:00,2024,5,15,11,136,34.6
Pashan AWS,18.5362,73.7928,15-05-2024 11:30,2024-05-15 11:30:00,2024,5,15,11,136,34.0
Pashan AWS,18.5362,73.7928,15-05-2024 11:35,2024-05-15 11:35:00,2024,5,15,11,136,33.8
Pashan AWS,18.5362,73.7928,15-05-2024 11:40,2024-05-15 11:40:00,2024,5,15,11,136,33.6
Pashan AWS,18.5362,73.7928,15-05-2024 11:45,2024-05-15 11:45:00,2024,5,15,11,136,32.8
Pashan AWS,18.5362,73.7928,15-05-2024 11:50,2024-05-15 11:50:00,2024,5,15,11,136,32.5
Pashan AWS,18.5362,73.7928,15-05-2024 11:55,2024-05-15 11:55:00,2024,5,15,11,136,31.3
Pashan AWS,18.5362,73.7928,15-05-2024 12:00,2024-05-15 12:00:00,2024,5,15,12,136,31.2
Pashan AWS,18.5362,73.7928,15-05-2024 12:05,2024-05-15 12:05:00,2024,5,15,12,136,31.2
Pashan AWS,18.5362,73.7928,15-05-2024 12:10,2024-05-15 12:10:00,2024,5,15,12,136,31.2
Pashan AWS,18.5362,73.7928,15-05-2024 12:15,2024-05-15 12:15:00,2024,5,15,12,136,30.8
Pashan AWS,18.5362,73.7928,15-05-2024 12:20,2024-05-15 12:20:00,2024,5,15,12,136,30.6
Pashan AWS,18.5362,73.7928,15-05-2024 12:25,2024-05-15 12:25:00,2024,5,15,12,136,30.9
Pashan AWS,18.5362,73.7928,15-05-2024 12:30,2024-05-15 12:30:00,2024,5,15,12,136,31.2
Pashan AWS,18.5362,73.7928,15-05-2024 12:35,2024-05-15 12:35:00,2024,5,15,12,136,30.9
Pashan AWS,18.5362,73.7928,15-05-2024 12:40,2024-05-15 12:40:00,2024,5,15,12,136,30.6
Pashan AWS,18.5362,73.7928,15-05-2024 12:45,2024-05-15 12:45:00,2024,5,15,12,136,30.8
Pashan AWS,18.5362,73.7928,15-05-2024 12:50,2024-05-15 12:50:00,2024,5,15,12,136,29.9
Pashan AWS,18.5362,73.7928,15-05-2024 12:55,2024-05-15 12:55:00,2024,5,15,12,136,29.5
Pashan AWS,18.5362,73.7928,15-05-2024 13:00,2024-05-15 13:00:00,2024,5,15,13,136,29.8
Pashan AWS,18.5362,73.7928,15-05-2024 13:05,2024-05-15 13:05:00,2024,5,15,13,136,30.0
Pashan AWS,18.5362,73.7928,15-05-2024 13:10,2024-05-15 13:10:00,2024,5,15,13,136,29.9
Pashan AWS,18.5362,73.7928,15-05-2024 13:15,2024-05-15 13:15:00,2024,5,15,13,136,29.0
Pashan AWS,18.5362,73.7928,15-05-2024 13:20,2024-05-15 13:20:00,2024,5,15,13,136,28.8
Pashan AWS,18.5362,73.7928,15-05-2024 13:25,2024-05-15 13:25:00,2024,5,15,13,136,28.4
Pashan AWS,18.5362,73.7928,15-05-2024 13:30,2024-05-15 13:30:00,2024,5,15,13,136,28.4
Pashan AWS,18.5362,73.7928,15-05-2024 13:35,2024-05-15 13:35:00,2024,5,15,13,136,27.9
Pashan AWS,18.5362,73.7928,15-05-2024 13:40,2024-05-15 13:40:00,2024,5,15,13,136,27.3
Pashan AWS,18.5362,73.7928,15-05-2024 13:45,2024-05-15 13:45:00,2024,5,15,13,136,26.4
Pashan AWS,18.5362,73.7928,15-05-2024 13:50,2024-05-15 13:50:00,2024,5,15,13,136,26.9
Pashan AWS,18.5362,73.7928,15-05-2024 13:55,2024-05-15 13:55:00,2024,5,15,13,136,26.7
Pashan AWS,18.5362,73.7928,15-05-2024 14:00,2024-05-15 14:00:00,2024,5,15,14,136,26.7
Pashan AWS,18.5362,73.7928,15-05-2024 14:05,2024-05-15 14:05:00,2024,5,15,14,136,26.6
Pashan AWS,18.5362,73.7928,15-05-2024 14:10,2024-05-15 14:10:00,2024,5,15,14,136,26.2
Pashan AWS,18.5362,73.7928,15-05-2024 14:15,2024-05-15 14:15:00,2024,5,15,14,136,25.7
Pashan AWS,18.5362,73.7928,15-05-2024 14:20,2024-05-15 14:20:00,2024,5,15,14,136,25.3
Pashan AWS,18.5362,73.7928,15-05-2024 14:25,2024-05-15 14:25:00,2024,5,15,14,136,25.1
Pashan AWS,18.5362,73.7928,15-05-2024 14:30,2024-05-15 14:30:00,2024,5,15,14,136,25.3
Pashan AWS,18.5362,73.7928,15-05-2024 14:35,2024-05-15 14:35:00,2024,5,15,14,136,25.1
Pashan AWS,18.5362,73.7928,15-05-2024 14:40,2024-05-15 14:40:00,2024,5,15,14,136,25.9
Pashan AWS,18.5362,73.7928,15-05-2024 14:45,2024-05-15 14:45:00,2024,5,15,14,136,26.4
Pashan AWS,18.5362,73.7928,15-05-2024 14:50,2024-05-15 14:50:00,2024,5,15,14,136,26.8
Pashan AWS,18.5362,73.7928,15-05-2024 14:55,2024-05-15 14:55:00,2024,5,15,14,136,26.8
Pashan AWS,18.5362,73.7928,15-05-2024 15:00,2024-05-15 15:00:00,2024,5,15,15,136,27.5
Pashan AWS,18.5362,73.7928,15-05-2024 15:05,2024-05-15 15:05:00,2024,5,15,15,136,27.5
Pashan AWS,18.5362,73.7928,15-05-2024 15:10,2024-05-15 15:10:00,2024,5,15,15,136,27.5
Pashan AWS,18.5362,73.7928,15-05-2024 15:15,2024-05-15 15:15:00,2024,5,15,15,136,27.7
Pashan AWS,18.5362,73.7928,15-05-2024 15:20,2024-05-15 15:20:00,2024,5,15,15,136,28.1
Pashan AWS,18.5362,73.7928,15-05-2024 15:25,2024-05-15 15:25:00,2024,5,15,15,136,28.4
Pashan AWS,18.5362,73.7928,15-05-2024 15:30,2024-05-15 15:30:00,2024,5,15,15,136,28.3
Pashan AWS,18.5362,73.7928,15-05-2024 15:35,2024-05-15 15:35:00,2024,5,15,15,136,28.2
Pashan AWS,18.5362,73.7928,15-05-2024 15:40,2024-05-15 15:40:00,2024,5,15,15,136,28.6
Pashan AWS,18.5362,73.7928,15-05-2024 15:45,2024-05-15 15:45:00,2024,5,15,15,136,29.0
Pashan AWS,18.5362,73.7928,15-05-2024 15:50,2024-05-15 15:50:00,2024,5,15,15,136,29.0
Pashan AWS,18.5362,73.7928,15-05-2024 15:55,2024-05-15 15:55:00,2024,5,15,15,136,28.5
Pashan AWS,18.5362,73.7928,15-05-2024 16:00,2024-05-15 16:00:00,2024,5,15,16,136,28.6
Pashan AWS,18.5362,73.7928,15-05-2024 16:05,2024-05-15 16:05:00,2024,5,15,16,136,29.0
Pashan AWS,18.5362,73.7928,15-05-2024 16:10,2024-05-15 16:10:00,2024,5,15,16,136,29.9
Pashan AWS,18.5362,73.7928,15-05-2024 16:15,2024-05-15 16:15:00,2024,5,15,16,136,29.6
Pashan AWS,18.5362,73.7928,15-05-2024 16:20,2024-05-15 16:20:00,2024,5,15,16,136,29.7
Pashan AWS,18.5362,73.7928,15-05-2024 16:25,2024-05-15 16:25:00,2024,5,15,16,136,29.8
Pashan AWS,18.5362,73.7928,15-05-2024 16:30,2024-05-15 16:30:00,2024,5,15,16,136,30.5
Pashan AWS,18.5362,73.7928,15-05-2024 16:35,2024-05-15 16:35:00,2024,5,15,16,136,30.8
Pashan AWS,18.5362,73.7928,15-05-2024 16:40,2024-05-15 16:40:00,2024,5,15,16,136,30.6
Pashan AWS,18.5362,73.7928,15-05-2024 16:45,2024-05-15 16:45:00,2024,5,15,16,136,31.1
Pashan AWS,18.5362,73.7928,15-05-2024 16:50,2024-05-15 16:50:00,2024,5,15,16,136,31.2
Pashan AWS,18.5362,73.7928,15-05-2024 16:55,2024-05-15 16:55:00,2024,5,15,16,136,31.0
Pashan AWS,18.5362,73.7928,15-05-2024 17:00,2024-05-15 17:00:00,2024,5,15,17,136,31.0
Pashan AWS,18.5362,73.7928,15-05-2024 17:05,2024-05-15 17:05:00,2024,5,15,17,136,32.0
Pashan AWS,18.5362,73.7928,15-05-2024 17:10,2024-05-15 17:10:00,2024,5,15,17,136,32.5
Pashan AWS,18.5362,73.7928,15-05-2024 17:15,2024-05-15 17:15:00,2024,5,15,17,136,32.8
Pashan AWS,18.5362,73.7928,15-05-2024 17:20,2024-05-15 17:20:00,2024,5,15,17,136,33.1
Pashan AWS,18.5362,73.7928,15-05-2024 17:25,2024-05-15 17:25:00,2024,5,15,17,136,33.5
Pashan AWS,18.5362,73.7928,15-05-2024 17:30,2024-05-15 17:30:00,2024,5,15,17,136,34.0
Pashan AWS,18.5362,73.7928,15-05-2024 17:35,2024-05-15 17:35:00,2024,5,15,17,136,34.4
Pashan AWS,18.5362,73.7928,15-05-2024 17:40,2024-05-15 17:40:00,2024,5,15,17,136,34.8
Pashan AWS,18.5362,73.7928,15-05-2024 17:45,2024-05-15 17:45:00,2024,5,15,17,136,35.5
Pashan AWS,18.5362,73.7928,15-05-2024 17:50,2024-05-15 17:50:00,2024,5,15,17,136,35.8
Pashan AWS,18.5362,73.7928,15-05-2024 17:55,2024-05-15 17:55:00,2024,5,15,17,136,35.8
Pashan AWS,18.5362,73.7928,15-05-2024 18:00,2024-05-15 18:00:00,2024,5,15,18,136,35.9
Pashan AWS,18.5362,73.7928,15-05-2024 18:05,2024-05-15 18:05:00,2024,5,15,18,136,35.5
Pashan AWS,18.5362,73.7928,15-05-2024 18:10,2024-05-15 18:10:00,2024,5,15,18,136,36.8
Pashan AWS,18.5362,73.7928,15-05-2024 18:15,2024-05-15 18:15:00,2024,5,15,18,136,37.5
Pashan AWS,18.5362,73.7928,15-05-2024 18:20,2024-05-15 18:20:00,2024,5,15,18,136,37.6
Pashan AWS,18.5362,73.7928,15-05-2024 18:25,2024-05-15 18:25:00,2024,5,15,18,136,37.9
Pashan AWS,18.5362,73.7928,15-05-2024 18:30,2024-05-15 18:30:00,2024,5,15,18,136,38.0
Pashan AWS,18.5362,73.7928,15-05-2024 18:35,2024-05-15 18:35:00,2024,5,15,18,136,39.1
Pashan AWS,18.5362,73.7928,15-05-2024 18:40,2024-05-15 18:40:00,2024,5,15,18,136,39.0
Pashan AWS,18.5362,73.7928,15-05-2024 18:45,2024-05-15 18:45:00,2024,5,15,18,136,39.5
Pashan AWS,18.5362,73.7928,15-05-2024 18:50,2024-05-15 18:50:00,2024,5,15,18,136,39.9
Pashan AWS,18.5362,73.7928,15-05-2024 18:55,2024-05-15 18:55:00,2024,5,15,18,136,40.7
Pashan AWS,18.5362,73.7928,15-05-2024 19:00,2024-05-15 19:00:00,2024,5,15,19,136,41.1
Pashan AWS,18.5362,73.7928,15-05-2024 19:05,2024-05-15 19:05:00,2024,5,15,19,136,40.8
Pashan AWS,18.5362,73.7928,15-05-2024 19:10,2024-05-15 19:10:00,2024,5,15,19,136,41.2
Pashan AWS,18.5362,73.7928,15-05-2024 19:15,2024-05-15 19:15:00,2024,5,15,19,136,41.3
Pashan AWS,18.5362,73.7928,15-05-2024 19:20,2024-05-15 19:20:00,2024,5,15,19,136,41.9
Pashan AWS,18.5362,73.7928,15-05-2024 19:25,2024-05-15 19:25:00,2024,5,15,19,136,43.0
Pashan AWS,18.5362,73.7928,15-05-2024 19:30,2024-05-15 19:30:00,2024,5,15,19,136,42.8
Pashan AWS,18.5362,73.7928,15-05-2024 19:35,2024-05-15 19:35:00,2024,5,15,19,136,43.0
Pashan AWS,18.5362,73.7928,15-05-2024 19:40,2024-05-15 19:40:00,2024,5,15,19,136,43.3
Pashan AWS,18.5362,73.7928,15-05-2024 19:45,2024-05-15 19:45:00,2024,5,15,19,136,43.7
Pashan AWS,18.5362,73.7928,15-05-2024 19:50,2024-05-15 19:50:00,2024,5,15,19,136,44.6
Pashan AWS,18.5362,73.7928,15-05-2024 19:55,2024-05-15 19:55:00,2024,5,15,19,136,45.0
Pashan AWS,18.5362,73.7928,15-05-2024 20:00,2024-05-15 20:00:00,2024,5,15,20,136,45.7
Pashan AWS,18.5362,73.7928,15-05-2024 20:05,2024-05-15 20:05:00,2024,5,15,20,136,46.0
Pashan AWS,18.5362,73.7928,15-05-2024 20:10,2024-05-15 20:10:00,2024,5,15,20,136,46.7
Pashan AWS,18.5362,73.7928,15-05-2024 20:15,2024-05-15 20:15:00,2024,5,15,20,136,47.5
Pashan AWS,18.5362,73.7928,15-05-2024 20:20,2024-05-15 20:20:00,2024,5,15,20,136,47.8
Pashan AWS,18.5362,73.7928,15-05-2024 20:25,2024-05-15 20:25:00,2024,5,15,20,136,48.6
Pashan AWS,18.5362,73.7928,15-05-2024 20:30,2024-05-15 20:30:00,2024,5,15,20,136,49.2
Pashan AWS,18.5362,73.7928,15-05-2024 20:35,2024-05-15 20:35:00,2024,5,15,20,136,50.1
Pashan AWS,18.5362,73.7928,15-05-2024 20:40,2024-05-15 20:40:00,2024,5,15,20,136,50.5
Pashan AWS,18.5362,73.7928,15-05-2024 20:45,2024-05-15 20:45:00,2024,5,15,20,136,51.2
Pashan AWS,18.5362,73.7928,15-05-2024 20:50,2024-05-15 20:50:00,2024,5,15,20,136,51.6
Pashan AWS,18.5362,73.7928,15-05-2024 20:55,2024-05-15 20:55:00,2024,5,15,20,136,52.1
Pashan AWS,18.5362,73.7928,15-05-2024 21:00,2024-05-15 21:00:00,2024,5,15,21,136,52.7
Pashan AWS,18.5362,73.7928,15-05-2024 21:05,2024-05-15 21:05:00,2024,5,15,21,136,53.4
Pashan AWS,18.5362,73.7928,15-05-2024 21:10,2024-05-15 21:10:00,2024,5,15,21,136,53.4
Pashan AWS,18.5362,73.7928,15-05-2024 21:15,2024-05-15 21:15:00,2024,5,15,21,136,54.4
Pashan AWS,18.5362,73.7928,15-05-2024 21:20,2024-05-15 21:20:00,2024,5,15,21,136,54.2
Pashan AWS,18.5362,73.7928,15-05-2024 21:25,2024-05-15 21:25:00,2024,5,15,21,136,54.4
Pashan AWS,18.5362,73.7928,15-05-2024 21:30,2024-05-15 21:30:00,2024,5,15,21,136,54.9
Pashan AWS,18.5362,73.7928,15-05-2024 21:35,2024-05-15 21:35:00,2024,5,15,21,136,55.5
Pashan AWS,18.5362,73.7928,15-05-2024 21:40,2024-05-15 21:40:00,2024,5,15,21,136,56.7
Pashan AWS,18.5362,73.7928,15-05-2024 21:45,2024-05-15 21:45:00,2024,5,15,21,136,56.4
Pashan AWS,18.5362,73.7928,15-05-2024 21:50,2024-05-15 21:50:00,2024,5,15,21,136,56.7
Pashan AWS,18.5362,73.7928,15-05-2024 21:55,2024-05-15 21:55:00,2024,5,15,21,136,56.3
Pashan AWS,18.5362,73.7928,15-05-2024 22:00,2024-05-15 22:00:00,2024,5,15,22,136,56.9
Pashan AWS,18.5362,73.7928,15-05-2024 22:05,2024-05-15 22:05:00,2024,5,15,22,136,57.5
Pashan AWS,18.5362,73.7928,15-05-2024 22:10,2024-05-15 22:10:00,2024,5,15,22,136,58.7
Pashan AWS,18.5362,73.7928,15-05-2024 22:15,2024-05-15 22:15:00,2024,5,15,22,136,59.2
Pashan AWS,18.5362,73.7928,15-05-2024 22:20,2024-05-15 22:20:00,2024,5,15,22,136,60.1
Pashan AWS,18.5362,73.7928,15-05-2024 22:25,2024-05-15 22:25:00,2024,5,15,22,136,60.7
Pashan AWS,18.5362,73.7928,15-05-2024 22:30,2024-05-15 22:30:00,2024,5,15,22,136,61.0
Pashan AWS,18.5362,73.7928,15-05-2024 22:35,2024-05-15 22:35:00,2024,5,15,22,136,60.9
Pashan AWS,18.5362,73.7928,15-05-2024 22:40,2024-05-15 22:40:00,2024,5,15,22,136,61.4
Pashan AWS,18.5362,73.7928,15-05-2024 22:45,2024-05-15 22:45:00,2024,5,15,22,136,61.3
Pashan AWS,18.5362,73.7928,15-05-2024 22:50,2024-05-15 22:50:00,2024,5,15,22,136,62.2
Pashan AWS,18.5362,73.7928,15-05-2024 22:55,2024-05-15 22:55:00,2024,5,15,22,136,62.6
Pashan AWS,18.5362,73.7928,15-05-2024 23:00,2024-05-15 23:00:00,2024,5,15,23,136,63.5
Pashan AWS,18.5362,73.7928,15-05-2024 23:05,2024-05-15 23:05:00,2024,5,15,23,136,63.7
Pashan AWS,18.5362,73.7928,15-05-2024 23:10,2024-05-15 23:10:00,2024,5,15,23,136,64.2
Pashan AWS,18.5362,73.7928,15-05-2024 23:15,2024-05-15 23:15:00,2024,5,15,23,136,64.7
Pashan AWS,18.5362,73.7928,15-05-2024 23:20,2024-05-15 23:20:00,2024,5,15,23,136,65.0
Pashan AWS,18.5362,73.7928,15-05-2024 23:25,2024-05-15 23:25:00,2024,5,15,23,136,65.2
Pashan AWS,18.5362,73.7928,15-05-2024 23:30,2024-05-15 23:30:00,2024,5,15,23,136,65.8
Pashan AWS,18.5362,73.7928,15-05-2024 23:35,2024-05-15 23:35:00,2024,5,15,23,136,65.7
Pashan AWS,18.5362,73.7928,15-05-2024 23:40,2024-05-15 23:40:00,2024,5,15,23,136,65.6
Pashan AWS,18.5362,73.7928,15-05-2024 23:45,2024-05-15 23:45:00,2024,5,15,23,136,66.5
Pashan AWS,18.5362,73.7928,15-05-2024 23:50,2024-05-15 23:50:00,2024,5,15,23,136,67.1
Pashan AWS,18.5362,73.7928,15-05-2024 23:55,2024-05-15 23:55:00,2024,5,15,23,136,67.5
Pashan AWS,18.5362,73.7928,16-05-2024 00:00,2024-05-16 00:00:00,2024,5,16,0,137,68.5
Pashan AWS,18.5362,73.7928,16-05-2024 00:05,2024-05-16 00:05:00,2024,5,16,0,137,68.6
Pashan AWS,18.5362,73.7928,16-05-2024 00:10,2024-05-16 00:10:00,2024,5,16,0,137,69.4
Pashan AWS,18.5362,73.7928,16-05-2024 00:15,2024-05-16 00:15:00,2024,5,16,0,137,69.7
Pashan AWS,18.5362,73.7928,16-05-2024 00:20,2024-05-16 00:20:00,2024,5,16,0,137,69.5
Pashan AWS,18.5362,73.7928,16-05-2024 00:25,2024-05-16 00:25:00,2024,5,16,0,137,70.5
Pashan AWS,18.5362,73.7928,16-05-2024 00:30,2024-05-16 00:30:00,2024,5,16,0,137,71.1
Pashan AWS,18.5362,73.7928,16-05-2024 00:35,2024-05-16 00:35:00,2024,5,16,0,137,71.2
Pashan AWS,18.5362,73.7928,16-05-2024 00:40,2024-05-16 00:40:00,2024,5,16,0,137,71.7
Pashan AWS,18.5362,73.7928,16-05-2024 00:45,2024-05-16 00:45:00,2024,5,16,0,137,71.7
Pashan AWS,18.5362,73.7928,16-05-2024 00:50,2024-05-16 00:50:00,2024,5,16,0,137,72.2
Pashan AWS,18.5362,73.7928,16-05-2024 00:55,2024-05-16 00:55:00,2024,5,16,0,137,71.3
Pashan AWS,18.5362,73.7928,16-05-2024 01:00,2024-05-16 01:00:00,2024,5,16,1,137,71.1
Pashan AWS,18.5362,73.7928,16-05-2024 01:05,2024-05-16 01:05:00,2024,5,16,1,137,71.7
Pashan AWS,18.5362,73.7928,16-05-2024 01:10,2024-05-16 01:10:00,2024,5,16,1,137,71.7
Pashan AWS,18.5362,73.7928,16-05-2024 01:15,2024-05-16 01:15:00,2024,5,16,1,137,72.0
Pashan AWS,18.5362,73.7928,16-05-2024 01:20,2024-05-16 01:20:00,2024,5,16,1,137,71.6
Pashan AWS,18.5362,73.7928,16-05-2024 01:25,2024-05-16 01:25:00,2024,5,16,1,137,72.4
Pashan AWS,18.5362,73.7928,16-05-2024 01:30,2024-05-16 01:30:00,2024,5,16,1,137,73.0
Pashan AWS,18.5362,73.7928,16-05-2024 01:35,2024-05-16 01:35:00,2024,5,16,1,137,73.0
Pashan AWS,18.5362,73.7928,16-05-2024 01:40,2024-05-16 01:40:00,2024,5,16,1,137,72.9
Pashan AWS,18.5362,73.7928,16-05-2024 01:45,2024-05-16 01:45:00,2024,5,16,1,137,73.4
Pashan AWS,18.5362,73.7928,16-05-2024 01:50,2024-05-16 01:50:00,2024,5,16,1,137,74.3
Pashan AWS,18.5362,73.7928,16-05-2024 01:55,2024-05-16 01:55:00,2024,5,16,1,137,74.7
Pashan AWS,18.5362,73.7928,16-05-2024 02:00,2024-05-16 02:00:00,2024,5,16,2,137,75.5
Pashan AWS,18.5362,73.7928,16-05-2024 02:05,2024-05-16 02:05:00,2024,5,16,2,137,75.1
Pashan AWS,18.5362,73.7928,16-05-2024 02:10,2024-05-16 02:10:00,2024,5,16,2,137,74.7
Pashan AWS,18.5362,73.7928,16-05-2024 02:15,2024-05-16 02:15:00,2024,5,16,2,137,74.1
Pashan AWS,18.5362,73.7928,16-05-2024 02:20,2024-05-16 02:20:00,2024,5,16,2,137,74.3
Pashan AWS,18.5362,73.7928,16-05-2024 02:25,2024-05-16 02:25:00,2024,5,16,2,137,74.3
Pashan AWS,18.5362,73.7928,16-05-2024 02:30,2024-05-16 02:30:00,2024,5,16,2,137,74.2
Pashan AWS,18.5362,73.7928,16-05-2024 02:35,2024-05-16 02:35:00,2024,5,16,2,137,74.5
Pashan AWS,18.5362,73.7928,16-05-2024 02:40,2024-05-16 02:40:00,2024,5,16,2,137,74.9
Pashan AWS,18.5362,73.7928,16-05-2024 02:45,2024-05-16 02:45:00,2024,5,16,2,137,74.2
Pashan AWS,18.5362,73.7928,16-05-2024 02:50,2024-05-16 02:50:00,2024,5,16,2,137,73.8
Pashan AWS,18.5362,73.7928,16-05-2024 02:55,2024-05-16 02:55:00,2024,5,16,2,137,74.1
Pashan AWS,18.5362,73.7928,16-05-2024 03:00,2024-05-16 03:00:00,2024,5,16,3,137,73.8
Pashan AWS,18.5362,73.7928,16-05-2024 03:05,2024-05-16 03:05:00,2024,5,16,3,137,73.4
Pashan AWS,18.5362,73.7928,16-05-2024 03:10,2024-05-16 03:10:00,2024,5,16,3,137,73.7
Pashan AWS,18.5362,73.7928,16-05-2024 03:15,2024-05-16 03:15:00,2024,5,16,3,137,73.1
Pashan AWS,18.5362,73.7928,16-05-2024 03:20,2024-05-16 03:20:00,2024,5,16,3,137,72.8
Pashan AWS,18.5362,73.7928,16-05-2024 03:25,2024-05-16 03:25:00,2024,5,16,3,137,72.9
Pashan AWS,18.5362,73.7928,16-05-2024 03:30,2024-05-16 03:30:00,2024,5,16,3,137,72.5
Pashan AWS,18.5362,73.7928,16-05-2024 03:35,2024-05-16 03:35:00,2024,5,16,3,137,72.7
Pashan AWS,18.5362,73.7928,16-05-2024 03:40,2024-05-16 03:40:00,2024,5,16,3,137,72.3
Pashan AWS,18.5362,73.7928,16-05-2024 03:45,2024-05-16 03:45:00,2024,5,16,3,137,72.7
Pashan AWS,18.5362,73.7928,16-05-2024 03:50,2024-05-16 03:50:00,2024,5,16,3,137,72.5
Pashan AWS,18.5362,73.7928,16-05-2024 03:55,2024-05-16 03:55:00,2024,5,16,3,137,72.6
Pashan AWS,18.5362,73.7928,16-05-2024 04:00,2024-05-16 04:00:00,2024,5,16,4,137,72.7
Pashan AWS,18.5362,73.7928,16-05-2024 04:05,2024-05-16 04:05:00,2024,5,16,4,137,72.2
Pashan AWS,18.5362,73.7928,16-05-2024 04:10,2024-05-16 04:10:00,2024,5,16,4,137,71.2
Pashan AWS,18.5362,73.7928,16-05-2024 04:15,2024-05-16 04:15:00,2024,5,16,4,137,71.1
Pashan AWS,18.5362,73.7928,16-05-2024 04:20,2024-05-16 04:20:00,2024,5,16,4,137,70.9
Pashan AWS,18.5362,73.7928,16-05-2024 04:25,2024-05-16 04:25:00,2024,5,16,4,137,70.9
Pashan AWS,18.5362,73.7928,16-05-2024 04:30,2024-05-16 04:30:00,2024,5,16,4,137,70.6
Pashan AWS,18.5362,73.7928,16-05-2024 04:35,2024-05-16 04:35:00,2024,5,16,4,137,70.2
Pashan AWS,18.5362,73.7928,16-05-2024 04:40,2024-05-16 04:40:00,2024,5,16,4,137,70.8
Pashan AWS,18.5362,73.7928,16-05-2024 04:45,2024-05-16 04:45:00,2024,5,16,4,137,69.9
Pashan AWS,18.5362,73.7928,16-05-2024 04:50,2024-05-16 04:50:00,2024,5,16,4,137,69.9
Pashan AWS,18.5362,73.7928,16-05-2024 04:55,2024-05-16 04:55:00,2024,5,16,4,137,69.4
Pashan AWS,18.5362,73.7928,16-05-2024 05:00,2024-05-16 05:00:00,2024,5,16,5,137,69.0
Pashan AWS,18.5362,73.7928,16-05-2024 05:05,2024-05-16 05:05:00,2024,5,16,5,137,68.6
Pashan AWS,18.5362,73.7928,16-05-2024 05:10,2024-05-16 05:10:00,2024,5,16,5,137,68.0
Pashan AWS,18.5362,73.7928,16-05-2024 05:15,2024-05-16 05:15:00,2024,5,16,5,137,67.9
Pashan AWS,18.5362,73.7928,16-05-2024 05:20,2024-05-16 05:20:00,2024,5,16,5,137,68.2
Pashan AWS,18.5362,73.7928,16-05-2024 05:25,2024-05-16 05:25:00,2024,5,16,5,137,68.0
Pashan AWS,18.5362,73.7928,16-05-2024 05:30,2024-05-16 05:30:00,2024,5,16,5,137,67.7
Pashan AWS,18.5362,73.7928,16-05-2024 05:35,2024-05-16 05:35:00,2024,5,16,5,137,67.0
Pashan AWS,18.5362,73.7928,16-05-2024 05:40,2024-05-16 05:40:00,2024,5,16,5,137,66.8
Pashan AWS,18.5362,73.7928,16-05-2024 05:45,2024-05-16 05:45:00,2024,5,16,5,137,67.3
Pashan AWS,18.5362,73.7928,16-05-2024 05:50,2024-05-16 05:50:00,2024,5,16,5,137,66.8
Pashan AWS,18.5362,73.7928,16-05-2024 05:55,2024-05-16 05:55:00,2024,5,16,5,137,66.2
Pashan AWS,18.5362,73.7928,16-05-2024 06:00,2024-05-16 06:00:00,2024,5,16,6,137,65.6
Pashan AWS,18.5362,73.7928,16-05-2024 06:05,2024-05-16 06:05:00,2024,5,16,6,137,65.0
Pashan AWS,18.5362,73.7928,16-05-2024 06:10,2024-05-16 06:10:00,2024,5,16,6,137,63.5
Pashan AWS,18.5362,73.7928,16-05-2024 06:15,2024-05-16 06:15:00,2024,5,16,6,137,63.3
Pashan AWS,18.5362,73.7928,16-05-2024 06:20,2024-05-16 06:20:00,2024,5,16,6,137,62.6
Pashan AWS,18.5362,73.7928,16-05-2024 06:25,2024-05-16 06:25:00,2024,5,16,6,137,61.6
Pashan AWS,18.5362,73.7928,16-05-2024 06:30,2024-05-16 06:30:00,2024,5,16,6,137,61.6
Pashan AWS,18.5362,73.7928,16-05-2024 06:35,2024-05-16 06:35:00,2024,5,16,6,137,60.8
Pashan AWS,18.5362,73.7928,16-05-2024 06:40,2024-05-16 06:40:00,2024,5,16,6,137,60.4
Pashan AWS,18.5362,73.7928,16-05-2024 06:45,2024-05-16 06:45:00,2024,5,16,6,137,60.6
Pashan AWS,18.5362,73.7928,16-05-2024 06:50,2024-05-16 06:50:00,2024,5,16,6,137,59.7
Pashan AWS,18.5362,73.7928,16-05-2024 06:55,2024-05-16 06:55:00,2024,5,16,6,137,58.7
Pashan AWS,18.5362,73.7928,16-05-2024 07:00,2024-05-16 07:00:00,2024,5,16,7,137,58.5
Pashan AWS,18.5362,73.7928,16-05-2024 07:05,2024-05-16 07:05:00,2024,5,16,7,137,58.6
Pashan AWS,18.5362,73.7928,16-05-2024 07:10,2024-05-16 07:10:00,2024,5,16,7,137,57.6
Pashan AWS,18.5362,73.7928,16-05-2024 07:15,2024-05-16 07:15:00,2024,5,16,7,137,57.4
Pashan AWS,18.5362,73.7928,16-05-2024 07:20,2024-05-16 07:20:00,2024,5,16,7,137,57.3
Pashan AWS,18.5362,73.7928,16-05-2024 07:25,2024-05-16 07:25:00,2024,5,16,7,137,56.1
Pashan AWS,18.5362,73.7928,16-05-2024 07:30,2024-05-16 07:30:00,2024,5,16,7,137,56.1
Pashan AWS,18.5362,73.7928,16-05-2024 07:35,2024-05-16 07:35:00,2024,5,16,7,137,56.1
Pashan AWS,18.5362,73.7928,16-05-2024 07:40,2024-05-16 07:40:00,2024,5,16,7,137,55.6
Pashan AWS,18.5362,73.7928,16-05-2024 07:45,2024-05-16 07:45:00,2024,5,16,7,137,55.7
Pashan AWS,18.5362,73.7928,16-05-2024 07:50,2024-05-16 07:50:00,2024,5,16,7,137,55.7
Pashan AWS,18.5362,73.7928,16-05-2024 07:55,2024-05-16 07:55:00,2024,5,16,7,137,55.3
Pashan AWS,18.5362,73.7928,16-05-2024 08:00,2024-05-16 08:00:00,2024,5,16,8,137,54.7
Pashan AWS,18.5362,73.7928,16-05-2024 08:05,2024-05-16 08:05:00,2024,5,16,8,137,53.8
Pashan AWS,18.5362,73.7928,16-05-2024 08:10,2024-05-16 08:10:00,2024,5,16,8,137,53.4
Pashan AWS,18.5362,73.7928,16-05-2024 08:15,2024-05-16 08:15:00,2024,5,16,8,137,53.2
Pashan AWS,18.5362,73.7928,16-05-2024 08:20,2024-05-16 08:20:00,2024,5,16,8,137,52.6
Pashan AWS,18.5362,73.7928,16-05-2024 08:25,2024-05-16 08:25:00,2024,5,16,8,137,51.3
Pashan AWS,18.5362,73.7928,16-05-2024 08:30,2024-05-16 08:30:00,2024,5,16,8,137,51.4
Pashan AWS,18.5362,73.7928,16-05-2024 08:35,2024-05-16 08:35:00,2024,5,16,8,137,51.1
Pashan AWS,18.5362,73.7928,16-05-2024 08:40,2024-05-16 08:40:00,2024,5,16,8,137,50.5
Pashan AWS,18.5362,73.7928,16-05-2024 08:45,2024-05-16 08:45:00,2024,5,16,8,137,50.4
Pashan AWS,18.5362,73.7928,16-05-2024 08:50,2024-05-16 08:50:00,2024,5,16,8,137,50.6
Pashan AWS,18.5362,73.7928,16-05-2024 08:55,2024-05-16 08:55:00,2024,5,16,8,137,49.0
Pashan AWS,18.5362,73.7928,16-05-2024 09:00,2024-05-16 09:00:00,2024,5,16,9,137,48.7
Pashan AWS,18.5362,73.7928,16-05-2024 09:05,2024-05-16 09:05:00,2024,5,16,9,137,47.7
Pashan AWS,18.5362,73.7928,16-05-2024 09:10,2024-05-16 09:10:00,2024,5,16,9,137,47.5
Pashan AWS,18.5362,73.7928,16-05-2024 09:15,2024-05-16 09:15:00,2024,5,16,9,137,47.2
Pashan AWS,18.5362,73.7928,16-05-2024 09:20,2024-05-16 09:20:00,2024,5,16,9,137,47.0
Pashan AWS,18.5362,73.7928,16-05-2024 09:25,2024-05-16 09:25:00,2024,5,16,9,137,46.4
Pashan AWS,18.5362,73.7928,16-05-2024 09:30,2024-05-16 09:30:00,2024,5,16,9,137,45.2
Pashan AWS,18.5362,73.7928,16-05-2024 09:35,2024-05-16 09:35:00,2024,5,16,9,137,44.7
Pashan AWS,18.5362,73.7928,16-05-2024 09:40,2024-05-16 09:40:00,2024,5,16,9,137,44.5
Pashan AWS,18.5362,73.7928,16-05-2024 09:45,2024-05-16 09:45:00,2024,5,16,9,137,44.5
Pashan AWS,18.5362,73.7928,16-05-2024 09:50,2024-05-16 09:50:00,2024,5,16,9,137,43.7
Pashan AWS,18.5362,73.7928,16-05-2024 09:55,2024-05-16 09:55:00,2024,5,16,9,137,43.7
Pashan AWS,18.5362,73.7928,16-05-2024 10:00,2024-05-16 10:00:00,2024,5,16,10,137,43.1
Pashan AWS,18.5362,73.7928,16-05-2024 10:05,2024-05-16 10:05:00,2024,5,16,10,137,42.8
Pashan AWS,18.5362,73.7928,16-05-2024 10:10,2024-05-16 10:10:00,2024,5,16,10,137,42.2
Pashan AWS,18.5362,73.7928,16-05-2024 10:15,2024-05-16 10:15:00,2024,5,16,10,137,42.0
Pashan AWS,18.5362,73.7928,16-05-2024 10:20,2024-05-16 10:20:00,2024,5,16,10,137,41.9
Pashan AWS,18.5362,73.7928,16-05-2024 10:25,2024-05-16 10:25:00,2024,5,16,10,137,41.1
Pashan AWS,18.5362,73.7928,16-05-2024 10:30,2024-05-16 10:30:00,2024,5,16,10,137,40.4
Pashan AWS,18.5362,73.7928,16-05-2024 10:35,2024-05-16 10:35:00,2024,5,16,10,137,40.2
Pashan AWS,18.5362,73.7928,16-05-2024 10:40,2024-05-16 10:40:00,2024,5,16,10,137,40.8
Pashan AWS,18.5362,73.7928,16-05-2024 10:45,2024-05-16 10:45:00,2024,5,16,10,137,40.1
Pashan AWS,18.5362,73.7928,16-05-2024 10:50,2024-05-16 10:50:00,2024,5,16,10,137,40.5
Pashan AWS,18.5362,73.7928,16-05-2024 10:55,2024-05-16 10:55:00,2024,5,16,10,137,40.9
Pashan AWS,18.5362,73.7928,16-05-2024 11:00,2024-05-16 11:00:00,2024,5,16,11,137,40.5
Pashan AWS,18.5362,73.7928,16-05-2024 11:05,2024-05-16 11:05:00,2024,5,16,11,137,39.9
Pashan AWS,18.5362,73.7928,16-05-2024 11:10,2024-05-16 11:10:00,2024,5,16,11,137,39.2
Pashan AWS,18.5362,73.7928,16-05-2024 11:15,2024-05-16 11:15:00,2024,5,16,11,137,38.8
Pashan AWS,18.5362,73.7928,16-05-2024 11:20,2024-05-16 11:20:00,2024,5,16,11,137,37.9
Pashan AWS,18.5362,73.7928,16-05-2024 11:25,2024-05-16 11:25:00,2024,5,16,11,137,37.5
Pashan AWS,18.5362,73.7928,16-05-2024 11:30,2024-05-16 11:30:00,2024,5,16,11,137,37.8
Pashan AWS,18.5362,73.7928,16-05-2024 11:35,2024-05-16 11:35:00,2024,5,16,11,137,37.2
Pashan AWS,18.5362,73.7928,16-05-2024 11:40,2024-05-16 11:40:00,2024,5,16,11,137,36.8
Pashan AWS,18.5362,73.7928,16-05-2024 11:45,2024-05-16 11:45:00,2024,5,16,11,137,35.8
Pashan AWS,18.5362,73.7928,16-05-2024 11:50,2024-05-16 11:50:00,2024,5,16,11,137,35.7
Pashan AWS,18.5362,73.7928,16-05-2024 11:55,2024-05-16 11:55:00,2024,5,16,11,137,35.5
Pashan AWS,18.5362,73.7928,16-05-2024 12:00,2024-05-16 12:00:00,2024,5,16,12,137,35.3
Pashan AWS,18.5362,73.7928,16-05-2024 12:05,2024-05-16 12:05:00,2024,5,16,12,137,34.9
Pashan AWS,18.5362,73.7928,16-05-2024 12:10,2024-05-16 12:10:00,2024,5,16,12,137,34.6
Pashan AWS,18.5362,73.7928,16-05-2024 12:15,2024-05-16 12:15:00,2024,5,16,12,137,34.5
Pashan AWS,18.5362,73.7928,16-05-2024 12:20,2024-05-16 12:20:00,2024,5,16,12,137,34.3
Pashan AWS,18.5362,73.7928,16-05-2024 12:25,2024-05-16 12:25:00,2024,5,16,12,137,34.2
Pashan AWS,18.5362,73.7928,16-05-2024 12:30,2024-05-16 12:30:00,2024,5,16,12,137,34.0
Pashan AWS,18.5362,73.7928,16-05-2024 12:35,2024-05-16 12:35:00,2024,5,16,12,137,34.3
Pashan AWS,18.5362,73.7928,16-05-2024 12:40,2024-05-16 12:40:00,2024,5,16,12,137,34.3
Pashan AWS,18.5362,73.7928,16-05-2024 12:45,2024-05-16 12:45:00,2024,5,16,12,137,34.1
Pashan AWS,18.5362,73.7928,16-05-2024 12:50,2024-05-16 12:50:00,2024,5,16,12,137,34.5
Pashan AWS,18.5362,73.7928,16-05-2024 12:55,2024-05-16 12:55:00,2024,5,16,12,137,34.4
Pashan AWS,18.5362,73.7928,16-05-2024 13:00,2024-05-16 13:00:00,2024,5,16,13,137,34.7
Pashan AWS,18.5362,73.7928,16-05-2024 13:05,2024-05-16 13:05:00,2024,5,16,13,137,34.7
Pashan AWS,18.5362,73.7928,16-05-2024 13:10,2024-05-16 13:10:00,2024,5,16,13,137,33.7
Pashan AWS,18.5362,73.7928,16-05-2024 13:15,2024-05-16 13:15:00,2024,5,16,13,137,34.0
Pashan AWS,18.5362,73.7928,16-05-2024 13:20,2024-05-16 13:20:00,2024,5,16,13,137,33.8
Pashan AWS,18.5362,73.7928,16-05-2024 13:25,2024-05-16 13:25:00,2024,5,16,13,137,33.6
Pashan AWS,18.5362,73.7928,16-05-2024 13:30,2024-05-16 13:30:00,2024,5,16,13,137,33.5
Pashan AWS,18.5362,73.7928,16-05-2024 13:35,2024-05-16 13:35:00,2024,5,16,13,137,33.2
Pashan AWS,18.5362,73.7928,16-05-2024 13:40,2024-05-16 13:40:00,2024,5,16,13,137,33.1
Pashan AWS,18.5362,73.7928,16-05-2024 13:45,2024-05-16 13:45:00,2024,5,16,13,137,32.8
Pashan AWS,18.5362,73.7928,16-05-2024 13:50,2024-05-16 13:50:00,2024,5,16,13,137,33.1
Pashan AWS,18.5362,73.7928,16-05-2024 13:55,2024-05-16 13:55:00,2024,5,16,13,137,33.0
Pashan AWS,18.5362,73.7928,16-05-2024 14:00,2024-05-16 14:00:00,2024,5,16,14,137,32.7
Pashan AWS,18.5362,73.7928,16-05-2024 14:05,2024-05-16 14:05:00,2024,5,16,14,137,32.2
Pashan AWS,18.5362,73.7928,16-05-2024 14:10,2024-05-16 14:10:00,2024,5,16,14,137,32.2
Pashan AWS,18.5362,73.7928,16-05-2024 14:15,2024-05-16 14:15:00,2024,5,16,14,137,32.3
Pashan AWS,18.5362,73.7928,16-05-2024 14:20,2024-05-16 14:20:00,2024,5,16,14,137,32.4
Pashan AWS,18.5362,73.7928,16-05-2024 14:25,2024-05-16 14:25:00,2024,5,16,14,137,31.9
Pashan AWS,18.5362,73.7928,16-05-2024 14:30,2024-05-16 14:30:00,2024,5,16,14,137,31.2
Pashan AWS,18.5362,73.7928,16-05-2024 14:35,2024-05-16 14:35:00,2024,5,16,14,137,31.5
Pashan AWS,18.5362,73.7928,16-05-2024 14:40,2024-05-16 14:40:00,2024,5,16,14,137,32.1
Pashan AWS,18.5362,73.7928,16-05-2024 14:45,2024-05-16 14:45:00,2024,5,16,14,137,31.7
Pashan AWS,18.5362,73.7928,16-05-2024 14:50,2024-05-16 14:50:00,2024,5,16,14,137,32.4
Pashan AWS,18.5362,73.7928,16-05-2024 14:55,2024-05-16 14:55:00,2024,5,16,14,137,32.5
Pashan AWS,18.5362,73.7928,16-05-2024 15:00,2024-05-16 15:00:00,2024,5,16,15,137,32.6
Pashan AWS,18.5362,73.7928,16-05-2024 15:05,2024-05-16 15:05:00,2024,5,16,15,137,32.4
Pashan AWS,18.5362,73.7928,16-05-2024 15:10,2024-05-16 15:10:00,2024,5,16,15,137,31.9
Pashan AWS,18.5362,73.7928,16-05-2024 15:15,2024-05-16 15:15:00,2024,5,16,15,137,32.4
Pashan AWS,18.5362,73.7928,16-05-2024 15:20,2024-05-16 15:20:00,2024,5,16,15,137,32.2
Pashan AWS,18.5362,73.7928,16-05-2024 15:25,2024-05-16 15:25:00,2024,5,16,15,137,32.0
Pashan AWS,18.5362,73.7928,16-05-2024 15:30,2024-05-16 15:30:00,2024,5,16,15,137,32.6
Pashan AWS,18.5362,73.7928,16-05-2024 15:35,2024-05-16 15:35:00,2024,5,16,15,137,31.9
Pashan AWS,18.5362,73.7928,16-05-2024 15:40,2024-05-16 15:40:00,2024,5,16,15,137,31.5
Pashan AWS,18.5362,73.7928,16-05-2024 15:45,2024-05-16 15:45:00,2024,5,16,15,137,31.7
Pashan AWS,18.5362,73.7928,16-05-2024 15:50,2024-05-16 15:50:00,2024,5,16,15,137,32.1
Pashan AWS,18.5362,73.7928,16-05-2024 15:55,2024-05-16 15:55:00,2024,5,16,15,137,32.5
Pashan AWS,18.5362,73.7928,16-05-2024 16:00,2024-05-16 16:00:00,2024,5,16,16,137,32.6
Pashan AWS,18.5362,73.7928,16-05-2024 16:05,2024-05-16 16:05:00,2024,5,16,16,137,33.8
Pashan AWS,18.5362,73.7928,16-05-2024 16:10,2024-05-16 16:10:00,2024,5,16,16,137,33.9
Pashan AWS,18.5362,73.7928,16-05-2024 16:15,2024-05-16 16:15:00,2024,5,16,16,137,34.1
Pashan AWS,18.5362,73.7928,16-05-2024 16:20,2024-05-16 16:20:00,2024,5,16,16,137,34.0
Pashan AWS,18.5362,73.7928,16-05-2024 16:25,2024-05-16 16:25:00,2024,5,16,16,137,34.3
Pashan AWS,18.5362,73.7928,16-05-2024 16:30,2024-05-16 16:30:00,2024,5,16,16,137,34.8
Pashan AWS,18.5362,73.7928,16-05-2024 16:35,2024-05-16 16:35:00,2024,5,16,16,137,35.5
Pashan AWS,18.5362,73.7928,16-05-2024 16:40,2024-05-16 16:40:00,2024,5,16,16,137,35.1
Pashan AWS,18.5362,73.7928,16-05-2024 16:45,2024-05-16 16:45:00,2024,5,16,16,137,35.3
Pashan AWS,18.5362,73.7928,16-05-2024 16:50,2024-05-16 16:50:00,2024,5,16,16,137,35.8
Pashan AWS,18.5362,73.7928,16-05-2024 16:55,2024-05-16 16:55:00,2024,5,16,16,137,36.3
Pashan AWS,18.5362,73.7928,16-05-2024 17:00,2024-05-16 17:00:00,2024,5,16,17,137,36.6
Pashan AWS,18.5362,73.7928,16-05-2024 17:05,2024-05-16 17:05:00,2024,5,16,17,137,37.1
Pashan AWS,18.5362,73.7928,16-05-2024 17:10,2024-05-16 17:10:00,2024,5,16,17,137,37.1
Pashan AWS,18.5362,73.7928,16-05-2024 17:15,2024-05-16 17:15:00,2024,5,16,17,137,38.0
Pashan AWS,18.5362,73.7928,16-05-2024 17:20,2024-05-16 17:20:00,2024,5,16,17,137,38.7
Pashan AWS,18.5362,73.7928,16-05-2024 17:25,2024-05-16 17:25:00,2024,5,16,17,137,38.5
Pashan AWS,18.5362,73.7928,16-05-2024 17:30,2024-05-16 17:30:00,2024,5,16,17,137,38.4
Pashan AWS,18.5362,73.7928,16-05-2024 17:35,2024-05-16 17:35:00,2024,5,16,17,137,38.3
Pashan AWS,18.5362,73.7928,16-05-2024 17:40,2024-05-16 17:40:00,2024,5,16,17,137,39.0
Pashan AWS,18.5362,73.7928,16-05-2024 17:45,2024-05-16 17:45:00,2024,5,16,17,137,38.8
Pashan AWS,18.5362,73.7928,16-05-2024 17:50,2024-05-16 17:50:00,2024,5,16,17,137,39.1
Pashan AWS,18.5362,73.7928,16-05-2024 17:55,2024-05-16 17:55:00,2024,5,16,17,137,39.7
Pashan AWS,18.5362,73.7928,16-05-2024 18:00,2024-05-16 18:00:00,2024,5,16,18,137,40.1
Pashan AWS,18.5362,73.7928,16-05-2024 18:05,2024-05-16 18:05:00,2024,5,16,18,137,40.6
Pashan AWS,18.5362,73.7928,16-05-2024 18:10,2024-05-16 18:10:00,2024,5,16,18,137,40.6
Pashan AWS,18.5362,73.7928,16-05-2024 18:15,2024-05-16 18:15:00,2024,5,16,18,137,41.3
Pashan AWS,18.5362,73.7928,16-05-2024 18:20,2024-05-16 18:20:00,2024,5,16,18,137,41.5
Pashan AWS,18.5362,73.7928,16-05-2024 18:25,2024-05-16 18:25:00,2024,5,16,18,137,41.8
Pashan AWS,18.5362,73.7928,16-05-2024 18:30,2024-05-16 18:30:00,2024,5,16,18,137,42.3
Pashan AWS,18.5362,73.7928,16-05-2024 18:35,2024-05-16 18:35:00,2024,5,16,18,137,42.9
Pashan AWS,18.5362,73.7928,16-05-2024 18:40,2024-05-16 18:40:00,2024,5,16,18,137,43.3
Pashan AWS,18.5362,73.7928,16-05-2024 18:45,2024-05-16 18:45:00,2024,5,16,18,137,43.5
Pashan AWS,18.5362,73.7928,16-05-2024 18:50,2024-05-16 18:50:00,2024,5,16,18,137,43.9
Pashan AWS,18.5362,73.7928,16-05-2024 18:55,2024-05-16 18:55:00,2024,5,16,18,137,44.3
Pashan AWS,18.5362,73.7928,16-05-2024 19:00,2024-05-16 19:00:00,2024,5,16,19,137,44.3
Pashan AWS,18.5362,73.7928,16-05-2024 19:05,2024-05-16 19:05:00,2024,5,16,19,137,44.6
Pashan AWS,18.5362,73.7928,16-05-2024 19:10,2024-05-16 19:10:00,2024,5,16,19,137,45.3
Pashan AWS,18.5362,73.7928,16-05-2024 19:15,2024-05-16 19:15:00,2024,5,16,19,137,45.3
Pashan AWS,18.5362,73.7928,16-05-2024 19:20,2024-05-16 19:20:00,2024,5,16,19,137,46.4
Pashan AWS,18.5362,73.7928,16-05-2024 19:25,2024-05-16 19:25:00,2024,5,16,19,137,47.4
Pashan AWS,18.5362,73.7928,16-05-2024 19:30,2024-05-16 19:30:00,2024,5,16,19,137,47.4
Pashan AWS,18.5362,73.7928,16-05-2024 19:35,2024-05-16 19:35:00,2024,5,16,19,137,48.5
Pashan AWS,18.5362,73.7928,16-05-2024 19:40,2024-05-16 19:40:00,2024,5,16,19,137,48.9
Pashan AWS,18.5362,73.7928,16-05-2024 19:45,2024-05-16 19:45:00,2024,5,16,19,137,49.6
Pashan AWS,18.5362,73.7928,16-05-2024 19:50,2024-05-16 19:50:00,2024,5,16,19,137,49.9
Pashan AWS,18.5362,73.7928,16-05-2024 19:55,2024-05-16 19:55:00,2024,5,16,19,137,50.7
Pashan AWS,18.5362,73.7928,16-05-2024 20:00,2024-05-16 20:00:00,2024,5,16,20,137,51.4
Pashan AWS,18.5362,73.7928,16-05-2024 20:05,2024-05-16 20:05:00,2024,5,16,20,137,51.6
Pashan AWS,18.5362,73.7928,16-05-2024 20:10,2024-05-16 20:10:00,2024,5,16,20,137,51.6
Pashan AWS,18.5362,73.7928,16-05-2024 20:15,2024-05-16 20:15:00,2024,5,16,20,137,51.5
Pashan AWS,18.5362,73.7928,16-05-2024 20:20,2024-05-16 20:20:00,2024,5,16,20,137,52.2
Pashan AWS,18.5362,73.7928,16-05-2024 20:25,2024-05-16 20:25:00,2024,5,16,20,137,52.9
Pashan AWS,18.5362,73.7928,16-05-2024 20:30,2024-05-16 20:30:00,2024,5,16,20,137,53.7
Pashan AWS,18.5362,73.7928,16-05-2024 20:35,2024-05-16 20:35:00,2024,5,16,20,137,54.2
Pashan AWS,18.5362,73.7928,16-05-2024 20:40,2024-05-16 20:40:00,2024,5,16,20,137,54.2
Pashan AWS,18.5362,73.7928,16-05-2024 20:45,2024-05-16 20:45:00,2024,5,16,20,137,54.5
Pashan AWS,18.5362,73.7928,16-05-2024 20:50,2024-05-16 20:50:00,2024,5,16,20,137,55.5
Pashan AWS,18.5362,73.7928,16-05-2024 20:55,2024-05-16 20:55:00,2024,5,16,20,137,55.8
Pashan AWS,18.5362,73.7928,16-05-2024 21:00,2024-05-16 21:00:00,2024,5,16,21,137,56.4
Pashan AWS,18.5362,73.7928,16-05-2024 21:05,2024-05-16 21:05:00,2024,5,16,21,137,56.5
Pashan AWS,18.5362,73.7928,16-05-2024 21:10,2024-05-16 21:10:00,2024,5,16,21,137,57.2
Pashan AWS,18.5362,73.7928,16-05-2024 21:15,2024-05-16 21:15:00,2024,5,16,21,137,57.5
Pashan AWS,18.5362,73.7928,16-05-2024 21:20,2024-05-16 21:20:00,2024,5,16,21,137,58.5
Pashan AWS,18.5362,73.7928,16-05-2024 21:25,2024-05-16 21:25:00,2024,5,16,21,137,59.3
Pashan AWS,18.5362,73.7928,16-05-2024 21:30,2024-05-16 21:30:00,2024,5,16,21,137,59.6
Pashan AWS,18.5362,73.7928,16-05-2024 21:35,2024-05-16 21:35:00,2024,5,16,21,137,60.0
Pashan AWS,18.5362,73.7928,16-05-2024 21:40,2024-05-16 21:40:00,2024,5,16,21,137,60.3
Pashan AWS,18.5362,73.7928,16-05-2024 21:45,2024-05-16 21:45:00,2024,5,16,21,137,60.2
Pashan AWS,18.5362,73.7928,16-05-2024 21:50,2024-05-16 21:50:00,2024,5,16,21,137,60.4
Pashan AWS,18.5362,73.7928,16-05-2024 21:55,2024-05-16 21:55:00,2024,5,16,21,137,61.0
Pashan AWS,18.5362,73.7928,16-05-2024 22:00,2024-05-16 22:00:00,2024,5,16,22,137,61.7
Pashan AWS,18.5362,73.7928,16-05-2024 22:05,2024-05-16 22:05:00,2024,5,16,22,137,62.2
Pashan AWS,18.5362,73.7928,16-05-2024 22:10,2024-05-16 22:10:00,2024,5,16,22,137,62.6
Pashan AWS,18.5362,73.7928,16-05-2024 22:15,2024-05-16 22:15:00,2024,5,16,22,137,63.5
Pashan AWS,18.5362,73.7928,16-05-2024 22:20,2024-05-16 22:20:00,2024,5,16,22,137,64.0
Pashan AWS,18.5362,73.7928,16-05-2024 22:25,2024-05-16 22:25:00,2024,5,16,22,137,64.7
Pashan AWS,18.5362,73.7928,16-05-2024 22:30,2024-05-16 22:30:00,2024,5,16,22,137,64.4
Pashan AWS,18.5362,73.7928,16-05-2024 22:35,2024-05-16 22:35:00,2024,5,16,22,137,63.3
Pashan AWS,18.5362,73.7928,16-05-2024 22:40,2024-05-16 22:40:00,2024,5,16,22,137,64.0
Pashan AWS,18.5362,73.7928,16-05-2024 22:45,2024-05-16 22:45:00,2024,5,16,22,137,63.9
Pashan AWS,18.5362,73.7928,16-05-2024 22:50,2024-05-16 22:50:00,2024,5,16,22,137,64.4
Pashan AWS,18.5362,73.7928,16-05-2024 22:55,2024-05-16 22:55:00,2024,5,16,22,137,64.8
Pashan AWS,18.5362,73.7928,16-05-2024 23:00,2024-05-16 23:00:00,2024,5,16,23,137,66.0
Pashan AWS,18.5362,73.7928,16-05-2024 23:05,2024-05-16 23:05:00,2024,5,16,23,137,66.6
Pashan AWS,18.5362,73.7928,16-05-2024 23:10,2024-05-16 23:10:00,2024,5,16,23,137,67.1
Pashan AWS,18.5362,73.7928,16-05-2024 23:15,2024-05-16 23:15:00,2024,5,16,23,137,67.9
Pashan AWS,18.5362,73.7928,16-05-2024 23:20,2024-05-16 23:20:00,2024,5,16,23,137,68.5
Pashan AWS,18.5362,73.7928,16-05-2024 23:25,2024-05-16 23:25:00,2024,5,16,23,137,68.7
Pashan AWS,18.5362,73.7928,16-05-2024 23:30,2024-05-16 23:30:00,2024,5,16,23,137,69.5
Pashan AWS,18.5362,73.7928,16-05-2024 23:35,2024-05-16 23:35:00,2024,5,16,23,137,69.4
Pashan AWS,18.5362,73.7928,16-05-2024 23:40,2024-05-16 23:40:00,2024,5,16,23,137,69.9
Pashan AWS,18.5362,73.7928,16-05-2024 23:45,2024-05-16 23:45:00,2024,5,16,23,137,69.7
Pashan AWS,18.5362,73.7928,16-05-2024 23:50,2024-05-16 23:50:00,2024,5,16,23,137,70.2
Pashan AWS,18.5362,73.7928,16-05-2024 23:55,2024-05-16 23:55:00,2024,5,16,23,137,70.6
Pashan AWS,18.5362,73.7928,17-05-2024 00:00,2024-05-17 00:00:00,2024,5,17,0,138,71.6
Pashan AWS,18.5362,73.7928,17-05-2024 00:05,2024-05-17 00:05:00,2024,5,17,0,138,71.3
Pashan AWS,18.5362,73.7928,17-05-2024 00:10,2024-05-17 00:10:00,2024,5,17,0,138,71.4
Pashan AWS,18.5362,73.7928,17-05-2024 00:15,2024-05-17 00:15:00,2024,5,17,0,138,72.1
Pashan AWS,18.5362,73.7928,17-05-2024 00:20,2024-05-17 00:20:00,2024,5,17,0,138,72.5
Pashan AWS,18.5362,73.7928,17-05-2024 00:25,2024-05-17 00:25:00,2024,5,17,0,138,72.9
Pashan AWS,18.5362,73.7928,17-05-2024 00:30,2024-05-17 00:30:00,2024,5,17,0,138,72.8
Pashan AWS,18.5362,73.7928,17-05-2024 00:35,2024-05-17 00:35:00,2024,5,17,0,138,72.8
Pashan AWS,18.5362,73.7928,17-05-2024 00:40,2024-05-17 00:40:00,2024,5,17,0,138,73.6
Pashan AWS,18.5362,73.7928,17-05-2024 00:45,2024-05-17 00:45:00,2024,5,17,0,138,73.8
Pashan AWS,18.5362,73.7928,17-05-2024 00:50,2024-05-17 00:50:00,2024,5,17,0,138,74.2
Pashan AWS,18.5362,73.7928,17-05-2024 00:55,2024-05-17 00:55:00,2024,5,17,0,138,74.4
Pashan AWS,18.5362,73.7928,17-05-2024 01:00,2024-05-17 01:00:00,2024,5,17,1,138,74.1
Pashan AWS,18.5362,73.7928,17-05-2024 01:05,2024-05-17 01:05:00,2024,5,17,1,138,74.7
Pashan AWS,18.5362,73.7928,17-05-2024 01:10,2024-05-17 01:10:00,2024,5,17,1,138,75.1
Pashan AWS,18.5362,73.7928,17-05-2024 01:15,2024-05-17 01:15:00,2024,5,17,1,138,76.2
Pashan AWS,18.5362,73.7928,17-05-2024 01:20,2024-05-17 01:20:00,2024,5,17,1,138,75.9
Pashan AWS,18.5362,73.7928,17-05-2024 01:25,2024-05-17 01:25:00,2024,5,17,1,138,76.3
Pashan AWS,18.5362,73.7928,17-05-2024 01:30,2024-05-17 01:30:00,2024,5,17,1,138,75.9
Pashan AWS,18.5362,73.7928,17-05-2024 01:35,2024-05-17 01:35:00,2024,5,17,1,138,76.1
Pashan AWS,18.5362,73.7928,17-05-2024 01:40,2024-05-17 01:40:00,2024,5,17,1,138,76.6
Pashan AWS,18.5362,73.7928,17-05-2024 01:45,2024-05-17 01:45:00,2024,5,17,1,138,75.8
Pashan AWS,18.5362,73.7928,17-05-2024 01:50,2024-05-17 01:50:00,2024,5,17,1,138,75.9
Pashan AWS,18.5362,73.7928,17-05-2024 01:55,2024-05-17 01:55:00,2024,5,17,1,138,75.7
Pashan AWS,18.5362,73.7928,17-05-2024 02:00,2024-05-17 02:00:00,2024,5,17,2,138,75.5
Pashan AWS,18.5362,73.7928,17-05-2024 02:05,2024-05-17 02:05:00,2024,5,17,2,138,75.8
Pashan AWS,18.5362,73.7928,17-05-2024 02:10,2024-05-17 02:10:00,2024,5,17,2,138,76.3
Pashan AWS,18.5362,73.7928,17-05-2024 02:15,2024-05-17 02:15:00,2024,5,17,2,138,76.3
Pashan AWS,18.5362,73.7928,17-05-2024 02:20,2024-05-17 02:20:00,2024,5,17,2,138,76.4
Pashan AWS,18.5362,73.7928,17-05-2024 02:25,2024-05-17 02:25:00,2024,5,17,2,138,76.5
Pashan AWS,18.5362,73.7928,17-05-2024 02:30,2024-05-17 02:30:00,2024,5,17,2,138,76.5
Pashan AWS,18.5362,73.7928,17-05-2024 02:35,2024-05-17 02:35:00,2024,5,17,2,138,76.1
Pashan AWS,18.5362,73.7928,17-05-2024 02:40,2024-05-17 02:40:00,2024,5,17,2,138,76.5
Pashan AWS,18.5362,73.7928,17-05-2024 02:45,2024-05-17 02:45:00,2024,5,17,2,138,76.6
Pashan AWS,18.5362,73.7928,17-05-2024 02:50,2024-05-17 02:50:00,2024,5,17,2,138,76.8
Pashan AWS,18.5362,73.7928,17-05-2024 02:55,2024-05-17 02:55:00,2024,5,17,2,138,76.4
Pashan AWS,18.5362,73.7928,17-05-2024 03:00,2024-05-17 03:00:00,2024,5,17,3,138,76.1
Pashan AWS,18.5362,73.7928,17-05-2024 03:05,2024-05-17 03:05:00,2024,5,17,3,138,76.0
Pashan AWS,18.5362,73.7928,17-05-2024 03:10,2024-05-17 03:10:00,2024,5,17,3,138,75.3
Pashan AWS,18.5362,73.7928,17-05-2024 03:15,2024-05-17 03:15:00,2024,5,17,3,138,74.6
Pashan AWS,18.5362,73.7928,17-05-2024 03:20,2024-05-17 03:20:00,2024,5,17,3,138,74.4
Pashan AWS,18.5362,73.7928,17-05-2024 03:25,2024-05-17 03:25:00,2024,5,17,3,138,74.5
Pashan AWS,18.5362,73.7928,17-05-2024 03:30,2024-05-17 03:30:00,2024,5,17,3,138,74.2
Pashan AWS,18.5362,73.7928,17-05-2024 03:35,2024-05-17 03:35:00,2024,5,17,3,138,73.8
Pashan AWS,18.5362,73.7928,17-05-2024 03:40,2024-05-17 03:40:00,2024,5,17,3,138,73.4
Pashan AWS,18.5362,73.7928,17-05-2024 03:45,2024-05-17 03:45:00,2024,5,17,3,138,73.2
Pashan AWS,18.5362,73.7928,17-05-2024 03:50,2024-05-17 03:50:00,2024,5,17,3,138,73.0
Pashan AWS,18.5362,73.7928,17-05-2024 03:55,2024-05-17 03:55:00,2024,5,17,3,138,73.8
Pashan AWS,18.5362,73.7928,17-05-2024 04:00,2024-05-17 04:00:00,2024,5,17,4,138,74.1
Pashan AWS,18.5362,73.7928,17-05-2024 04:05,2024-05-17 04:05:00,2024,5,17,4,138,74.4
Pashan AWS,18.5362,73.7928,17-05-2024 04:10,2024-05-17 04:10:00,2024,5,17,4,138,74.7
Pashan AWS,18.5362,73.7928,17-05-2024 04:15,2024-05-17 04:15:00,2024,5,17,4,138,74.0
Pashan AWS,18.5362,73.7928,17-05-2024 04:20,2024-05-17 04:20:00,2024,5,17,4,138,73.3
Pashan AWS,18.5362,73.7928,17-05-2024 04:25,2024-05-17 04:25:00,2024,5,17,4,138,72.7
Pashan AWS,18.5362,73.7928,17-05-2024 04:30,2024-05-17 04:30:00,2024,5,17,4,138,73.1
Pashan AWS,18.5362,73.7928,17-05-2024 04:35,2024-05-17 04:35:00,2024,5,17,4,138,72.6
Pashan AWS,18.5362,73.7928,17-05-2024 04:40,2024-05-17 04:40:00,2024,5,17,4,138,71.9
Pashan AWS,18.5362,73.7928,17-05-2024 04:45,2024-05-17 04:45:00,2024,5,17,4,138,71.5
Pashan AWS,18.5362,73.7928,17-05-2024 04:50,2024-05-17 04:50:00,2024,5,17,4,138,71.2
Pashan AWS,18.5362,73.7928,17-05-2024 04:55,2024-05-17 04:55:00,2024,5,17,4,138,71.1
Pashan AWS,18.5362,73.7928,17-05-2024 05:00,2024-05-17 05:00:00,2024,5,17,5,138,71.0
Pashan AWS,18.5362,73.7928,17-05-2024 05:05,2024-05-17 05:05:00,2024,5,17,5,138,70.4
Pashan AWS,18.5362,73.7928,17-05-2024 05:10,2024-05-17 05:10:00,2024,5,17,5,138,70.4
Pashan AWS,18.5362,73.7928,17-05-2024 05:15,2024-05-17 05:15:00,2024,5,17,5,138,69.9
Pashan AWS,18.5362,73.7928,17-05-2024 05:20,2024-05-17 05:20:00,2024,5,17,5,138,69.6
Pashan AWS,18.5362,73.7928,17-05-2024 05:25,2024-05-17 05:25:00,2024,5,17,5,138,69.6
Pashan AWS,18.5362,73.7928,17-05-2024 05:30,2024-05-17 05:30:00,2024,5,17,5,138,69.0
Pashan AWS,18.5362,73.7928,17-05-2024 05:35,2024-05-17 05:35:00,2024,5,17,5,138,68.5
Pashan AWS,18.5362,73.7928,17-05-2024 05:40,2024-05-17 05:40:00,2024,5,17,5,138,68.5
Pashan AWS,18.5362,73.7928,17-05-2024 05:45,2024-05-17 05:45:00,2024,5,17,5,138,67.8
Pashan AWS,18.5362,73.7928,17-05-2024 05:50,2024-05-17 05:50:00,2024,5,17,5,138,67.4
Pashan AWS,18.5362,73.7928,17-05-2024 05:55,2024-05-17 05:55:00,2024,5,17,5,138,67.3
Pashan AWS,18.5362,73.7928,17-05-2024 06:00,2024-05-17 06:00:00,2024,5,17,6,138,67.8
Pashan AWS,18.5362,73.7928,17-05-2024 06:05,2024-05-17 06:05:00,2024,5,17,6,138,67.6
Pashan AWS,18.5362,73.7928,17-05-2024 06:10,2024-05-17 06:10:00,2024,5,17,6,138,67.4
Pashan AWS,18.5362,73.7928,17-05-2024 06:15,2024-05-17 06:15:00,2024,5,17,6,138,67.2
Pashan AWS,18.5362,73.7928,17-05-2024 06:20,2024-05-17 06:20:00,2024,5,17,6,138,66.3
Pashan AWS,18.5362,73.7928,17-05-2024 06:25,2024-05-17 06:25:00,2024,5,17,6,138,66.0
Pashan AWS,18.5362,73.7928,17-05-2024 06:30,2024-05-17 06:30:00,2024,5,17,6,138,65.5
Pashan AWS,18.5362,73.7928,17-05-2024 06:35,2024-05-17 06:35:00,2024,5,17,6,138,65.3
Pashan AWS,18.5362,73.7928,17-05-2024 06:40,2024-05-17 06:40:00,2024,5,17,6,138,64.9
Pashan AWS,18.5362,73.7928,17-05-2024 06:45,2024-05-17 06:45:00,2024,5,17,6,138,64.6
Pashan AWS,18.5362,73.7928,17-05-2024 06:50,2024-05-17 06:50:00,2024,5,17,6,138,64.0
Pashan AWS,18.5362,73.7928,17-05-2024 06:55,2024-05-17 06:55:00,2024,5,17,6,138,63.6
Pashan AWS,18.5362,73.7928,17-05-2024 07:00,2024-05-17 07:00:00,2024,5,17,7,138,62.6
Pashan AWS,18.5362,73.7928,17-05-2024 07:05,2024-05-17 07:05:00,2024,5,17,7,138,62.0
Pashan AWS,18.5362,73.7928,17-05-2024 07:10,2024-05-17 07:10:00,2024,5,17,7,138,62.2
Pashan AWS,18.5362,73.7928,17-05-2024 07:15,2024-05-17 07:15:00,2024,5,17,7,138,61.8
Pashan AWS,18.5362,73.7928,17-05-2024 07:20,2024-05-17 07:20:00,2024,5,17,7,138,61.3
Pashan AWS,18.5362,73.7928,17-05-2024 07:25,2024-05-17 07:25:00,2024,5,17,7,138,61.6
Pashan AWS,18.5362,73.7928,17-05-2024 07:30,2024-05-17 07:30:00,2024,5,17,7,138,60.6
Pashan AWS,18.5362,73.7928,17-05-2024 07:35,2024-05-17 07:35:00,2024,5,17,7,138,59.6
Pashan AWS,18.5362,73.7928,17-05-2024 07:40,2024-05-17 07:40:00,2024,5,17,7,138,59.8
Pashan AWS,18.5362,73.7928,17-05-2024 07:45,2024-05-17 07:45:00,2024,5,17,7,138,59.3
Pashan AWS,18.5362,73.7928,17-05-2024 07:50,2024-05-17 07:50:00,2024,5,17,7,138,58.7
Pashan AWS,18.5362,73.7928,17-05-2024 07:55,2024-05-17 07:55:00,2024,5,17,7,138,57.7
Pashan AWS,18.5362,73.7928,17-05-2024 08:00,2024-05-17 08:00:00,2024,5,17,8,138,57.4
Pashan AWS,18.5362,73.7928,17-05-2024 08:05,2024-05-17 08:05:00,2024,5,17,8,138,57.2
Pashan AWS,18.5362,73.7928,17-05-2024 08:10,2024-05-17 08:10:00,2024,5,17,8,138,56.2
Pashan AWS,18.5362,73.7928,17-05-2024 08:15,2024-05-17 08:15:00,2024,5,17,8,138,55.7
Pashan AWS,18.5362,73.7928,17-05-2024 08:20,2024-05-17 08:20:00,2024,5,17,8,138,55.1
Pashan AWS,18.5362,73.7928,17-05-2024 08:25,2024-05-17 08:25:00,2024,5,17,8,138,54.7
Pashan AWS,18.5362,73.7928,17-05-2024 08:30,2024-05-17 08:30:00,2024,5,17,8,138,53.8
Pashan AWS,18.5362,73.7928,17-05-2024 08:35,2024-05-17 08:35:00,2024,5,17,8,138,53.8
Pashan AWS,18.5362,73.7928,17-05-2024 08:40,2024-05-17 08:40:00,2024,5,17,8,138,53.7
Pashan AWS,18.5362,73.7928,17-05-2024 08:45,2024-05-17 08:45:00,2024,5,17,8,138,53.0
Pashan AWS,18.5362,73.7928,17-05-2024 08:50,2024-05-17 08:50:00,2024,5,17,8,138,52.5
Pashan AWS,18.5362,73.7928,17-05-2024 08:55,2024-05-17 08:55:00,2024,5,17,8,138,51.9
Pashan AWS,18.5362,73.7928,17-05-2024 09:00,2024-05-17 09:00:00,2024,5,17,9,138,51.1
Pashan AWS,18.5362,73.7928,17-05-2024 09:05,2024-05-17 09:05:00,2024,5,17,9,138,50.5
Pashan AWS,18.5362,73.7928,17-05-2024 09:10,2024-05-17 09:10:00,2024,5,17,9,138,49.9
Pashan AWS,18.5362,73.7928,17-05-2024 09:15,2024-05-17 09:15:00,2024,5,17,9,138,50.1
Pashan AWS,18.5362,73.7928,17-05-2024 09:20,2024-05-17 09:20:00,2024,5,17,9,138,50.0
Pashan AWS,18.5362,73.7928,17-05-2024 09:25,2024-05-17 09:25:00,2024,5,17,9,138,49.9
Pashan AWS,18.5362,73.7928,17-05-2024 09:30,2024-05-17 09:30:00,2024,5,17,9,138,49.5
Pashan AWS,18.5362,73.7928,17-05-2024 09:35,2024-05-17 09:35:00,2024,5,17,9,138,48.5
Pashan AWS,18.5362,73.7928,17-05-2024 09:40,2024-05-17 09:40:00,2024,5,17,9,138,48.0
Pashan AWS,18.5362,73.7928,17-05-2024 09:45,2024-05-17 09:45:00,2024,5,17,9,138,47.9
Pashan AWS,18.5362,73.7928,17-05-2024 09:50,2024-05-17 09:50:00,2024,5,17,9,138,46.9
Pashan AWS,18.5362,73.7928,17-05-2024 09:55,2024-05-17 09:55:00,2024,5,17,9,138,46.7
Pashan AWS,18.5362,73.7928,17-05-2024 10:00,2024-05-17 10:00:00,2024,5,17,10,138,47.2
Pashan AWS,18.5362,73.7928,17-05-2024 10:05,2024-05-17 10:05:00,2024,5,17,10,138,47.1
Pashan AWS,18.5362,73.7928,17-05-2024 10:10,2024-05-17 10:10:00,2024,5,17,10,138,47.1
Pashan AWS,18.5362,73.7928,17-05-2024 10:15,2024-05-17 10:15:00,2024,5,17,10,138,46.6
Pashan AWS,18.5362,73.7928,17-05-2024 10:20,2024-05-17 10:20:00,2024,5,17,10,138,46.5
Pashan AWS,18.5362,73.7928,17-05-2024 10:25,2024-05-17 10:25:00,2024,5,17,10,138,45.6
Pashan AWS,18.5362,73.7928,17-05-2024 10:30,2024-05-17 10:30:00,2024,5,17,10,138,45.4
Pashan AWS,18.5362,73.7928,17-05-2024 10:35,2024-05-17 10:35:00,2024,5,17,10,138,45.1
Pashan AWS,18.5362,73.7928,17-05-2024 10:40,2024-05-17 10:40:00,2024,5,17,10,138,44.7
Pashan AWS,18.5362,73.7928,17-05-2024 10:45,2024-05-17 10:45:00,2024,5,17,10,138,44.7
Pashan AWS,18.5362,73.7928,17-05-2024 10:50,2024-05-17 10:50:00,2024,5,17,10,138,44.0
Pashan AWS,18.5362,73.7928,17-05-2024 10:55,2024-05-17 10:55:00,2024,5,17,10,138,43.4
Pashan AWS,18.5362,73.7928,17-05-2024 11:00,2024-05-17 11:00:00,2024,5,17,11,138,42.9
Pashan AWS,18.5362,73.7928,17-05-2024 11:05,2024-05-17 11:05:00,2024,5,17,11,138,42.0
Pashan AWS,18.5362,73.7928,17-05-2024 11:10,2024-05-17 11:10:00,2024,5,17,11,138,41.6
Pashan AWS,18.5362,73.7928,17-05-2024 11:15,2024-05-17 11:15:00,2024,5,17,11,138,40.5
Pashan AWS,18.5362,73.7928,17-05-2024 11:20,2024-05-17 11:20:00,2024,5,17,11,138,40.5
Pashan AWS,18.5362,73.7928,17-05-2024 11:25,2024-05-17 11:25:00,2024,5,17,11,138,40.0
Pashan AWS,18.5362,73.7928,17-05-2024 11:30,2024-05-17 11:30:00,2024,5,17,11,138,39.4
Pashan AWS,18.5362,73.7928,17-05-2024 11:35,2024-05-17 11:35:00,2024,5,17,11,138,38.7
Pashan AWS,18.5362,73.7928,17-05-2024 11:40,2024-05-17 11:40:00,2024,5,17,11,138,38.2
Pashan AWS,18.5362,73.7928,17-05-2024 11:45,2024-05-17 11:45:00,2024,5,17,11,138,38.2
Pashan AWS,18.5362,73.7928,17-05-2024 11:50,2024-05-17 11:50:00,2024,5,17,11,138,38.0
Pashan AWS,18.5362,73.7928,17-05-2024 11:55,2024-05-17 11:55:00,2024,5,17,11,138,37.4
Pashan AWS,18.5362,73.7928,17-05-2024 12:00,2024-05-17 12:00:00,2024,5,17,12,138,36.7
Pashan AWS,18.5362,73.7928,17-05-2024 12:05,2024-05-17 12:05:00,2024,5,17,12,138,36.6
Pashan AWS,18.5362,73.7928,17-05-2024 12:10,2024-05-17 12:10:00,2024,5,17,12,138,36.0
Pashan AWS,18.5362,73.7928,17-05-2024 12:15,2024-05-17 12:15:00,2024,5,17,12,138,35.8
Pashan AWS,18.5362,73.7928,17-05-2024 12:20,2024-05-17 12:20:00,2024,5,17,12,138,35.5
Pashan AWS,18.5362,73.7928,17-05-2024 12:25,2024-05-17 12:25:00,2024,5,17,12,138,35.4
Pashan AWS,18.5362,73.7928,17-05-2024 12:30,2024-05-17 12:30:00,2024,5,17,12,138,35.5
Pashan AWS,18.5362,73.7928,17-05-2024 12:35,2024-05-17 12:35:00,2024,5,17,12,138,34.7
Pashan AWS,18.5362,73.7928,17-05-2024 12:40,2024-05-17 12:40:00,2024,5,17,12,138,33.7
Pashan AWS,18.5362,73.7928,17-05-2024 12:45,2024-05-17 12:45:00,2024,5,17,12,138,33.2
Pashan AWS,18.5362,73.7928,17-05-2024 12:50,2024-05-17 12:50:00,2024,5,17,12,138,33.8
Pashan AWS,18.5362,73.7928,17-05-2024 12:55,2024-05-17 12:55:00,2024,5,17,12,138,34.4
Pashan AWS,18.5362,73.7928,17-05-2024 13:00,2024-05-17 13:00:00,2024,5,17,13,138,34.9
Pashan AWS,18.5362,73.7928,17-05-2024 13:05,2024-05-17 13:05:00,2024,5,17,13,138,34.6
Pashan AWS,18.5362,73.7928,17-05-2024 13:10,2024-05-17 13:10:00,2024,5,17,13,138,33.6
Pashan AWS,18.5362,73.7928,17-05-2024 13:15,2024-05-17 13:15:00,2024,5,17,13,138,32.5
Pashan AWS,18.5362,73.7928,17-05-2024 13:20,2024-05-17 13:20:00,2024,5,17,13,138,32.1
Pashan AWS,18.5362,73.7928,17-05-2024 13:25,2024-05-17 13:25:00,2024,5,17,13,138,31.9
Pashan AWS,18.5362,73.7928,17-05-2024 13:30,2024-05-17 13:30:00,2024,5,17,13,138,32.3
Pashan AWS,18.5362,73.7928,17-05-2024 13:35,2024-05-17 13:35:00,2024,5,17,13,138,32.5
Pashan AWS,18.5362,73.7928,17-05-2024 13:40,2024-05-17 13:40:00,2024,5,17,13,138,32.5
Pashan AWS,18.5362,73.7928,17-05-2024 13:45,2024-05-17 13:45:00,2024,5,17,13,138,32.0
Pashan AWS,18.5362,73.7928,17-05-2024 13:50,2024-05-17 13:50:00,2024,5,17,13,138,31.5
Pashan AWS,18.5362,73.7928,17-05-2024 13:55,2024-05-17 13:55:00,2024,5,17,13,138,31.5
Pashan AWS,18.5362,73.7928,17-05-2024 14:00,2024-05-17 14:00:00,2024,5,17,14,138,31.8
Pashan AWS,18.5362,73.7928,17-05-2024 14:05,2024-05-17 14:05:00,2024,5,17,14,138,31.9
Pashan AWS,18.5362,73.7928,17-05-2024 14:10,2024-05-17 14:10:00,2024,5,17,14,138,31.4
Pashan AWS,18.5362,73.7928,17-05-2024 14:15,2024-05-17 14:15:00,2024,5,17,14,138,31.6
Pashan AWS,18.5362,73.7928,17-05-2024 14:20,2024-05-17 14:20:00,2024,5,17,14,138,31.7
Pashan AWS,18.5362,73.7928,17-05-2024 14:25,2024-05-17 14:25:00,2024,5,17,14,138,31.3
Pashan AWS,18.5362,73.7928,17-05-2024 14:30,2024-05-17 14:30:00,2024,5,17,14,138,30.9
Pashan AWS,18.5362,73.7928,17-05-2024 14:35,2024-05-17 14:35:00,2024,5,17,14,138,31.2
Pashan AWS,18.5362,73.7928,17-05-2024 14:40,2024-05-17 14:40:00,2024,5,17,14,138,31.2
Pashan AWS,18.5362,73.7928,17-05-2024 14:45,2024-05-17 14:45:00,2024,5,17,14,138,31.8
Pashan AWS,18.5362,73.7928,17-05-2024 14:50,2024-05-17 14:50:00,2024,5,17,14,138,32.0
Pashan AWS,18.5362,73.7928,17-05-2024 14:55,2024-05-17 14:55:00,2024,5,17,14,138,31.9
Pashan AWS,18.5362,73.7928,17-05-2024 15:00,2024-05-17 15:00:00,2024,5,17,15,138,31.9
Pashan AWS,18.5362,73.7928,17-05-2024 15:05,2024-05-17 15:05:00,2024,5,17,15,138,32.0
Pashan AWS,18.5362,73.7928,17-05-2024 15:10,2024-05-17 15:10:00,2024,5,17,15,138,31.7
Pashan AWS,18.5362,73.7928,17-05-2024 15:15,2024-05-17 15:15:00,2024,5,17,15,138,31.4
Pashan AWS,18.5362,73.7928,17-05-2024 15:20,2024-05-17 15:20:00,2024,5,17,15,138,31.8
Pashan AWS,18.5362,73.7928,17-05-2024 15:25,2024-05-17 15:25:00,2024,5,17,15,138,32.2
Pashan AWS,18.5362,73.7928,17-05-2024 15:30,2024-05-17 15:30:00,2024,5,17,15,138,32.6
Pashan AWS,18.5362,73.7928,17-05-2024 15:35,2024-05-17 15:35:00,2024,5,17,15,138,33.3
Pashan AWS,18.5362,73.7928,17-05-2024 15:40,2024-05-17 15:40:00,2024,5,17,15,138,33.1
Pashan AWS,18.5362,73.7928,17-05-2024 15:45,2024-05-17 15:45:00,2024,5,17,15,138,33.9
Pashan AWS,18.5362,73.7928,17-05-2024 15:50,2024-05-17 15:50:00,2024,5,17,15,138,33.6
Pashan AWS,18.5362,73.7928,17-05-2024 15:55,2024-05-17 15:55:00,2024,5,17,15,138,33.3
Pashan AWS,18.5362,73.7928,17-05-2024 16:00,2024-05-17 16:00:00,2024,5,17,16,138,32.7
Pashan AWS,18.5362,73.7928,17-05-2024 16:05,2024-05-17 16:05:00,2024,5,17,16,138,32.8
Pashan AWS,18.5362,73.7928,17-05-2024 16:10,2024-05-17 16:10:00,2024,5,17,16,138,32.8
Pashan AWS,18.5362,73.7928,17-05-2024 16:15,2024-05-17 16:15:00,2024,5,17,16,138,33.2
Pashan AWS,18.5362,73.7928,17-05-2024 16:20,2024-05-17 16:20:00,2024,5,17,16,138,33.5
Pashan AWS,18.5362,73.7928,17-05-2024 16:25,2024-05-17 16:25:00,2024,5,17,16,138,33.2
Pashan AWS,18.5362,73.7928,17-05-2024 16:30,2024-05-17 16:30:00,2024,5,17,16,138,33.3
Pashan AWS,18.5362,73.7928,17-05-2024 16:35,2024-05-17 16:35:00,2024,5,17,16,138,33.5
Pashan AWS,18.5362,73.7928,17-05-2024 16:40,2024-05-17 16:40:00,2024,5,17,16,138,33.0
Pashan AWS,18.5362,73.7928,17-05-2024 16:45,2024-05-17 16:45:00,2024,5,17,16,138,33.0
Pashan AWS,18.5362,73.7928,17-05-2024 16:50,2024-05-17 16:50:00,2024,5,17,16,138,33.0
Pashan AWS,18.5362,73.7928,17-05-2024 16:55,2024-05-17 16:55:00,2024,5,17,16,138,34.0
Pashan AWS,18.5362,73.7928,17-05-2024 17:00,2024-05-17 17:00:00,2024,5,17,17,138,34.4
Pashan AWS,18.5362,73.7928,17-05-2024 17:05,2024-05-17 17:05:00,2024,5,17,17,138,35.0
Pashan AWS,18.5362,73.7928,17-05-2024 17:10,2024-05-17 17:10:00,2024,5,17,17,138,34.7
Pashan AWS,18.5362,73.7928,17-05-2024 17:15,2024-05-17 17:15:00,2024,5,17,17,138,35.6
Pashan AWS,18.5362,73.7928,17-05-2024 17:20,2024-05-17 17:20:00,2024,5,17,17,138,36.4
Pashan AWS,18.5362,73.7928,17-05-2024 17:25,2024-05-17 17:25:00,2024,5,17,17,138,36.0
Pashan AWS,18.5362,73.7928,17-05-2024 17:30,2024-05-17 17:30:00,2024,5,17,17,138,36.1
Pashan AWS,18.5362,73.7928,17-05-2024 17:35,2024-05-17 17:35:00,2024,5,17,17,138,36.7
Pashan AWS,18.5362,73.7928,17-05-2024 17:40,2024-05-17 17:40:00,2024,5,17,17,138,37.3
Pashan AWS,18.5362,73.7928,17-05-2024 17:45,2024-05-17 17:45:00,2024,5,17,17,138,37.4
Pashan AWS,18.5362,73.7928,17-05-2024 17:50,2024-05-17 17:50:00,2024,5,17,17,138,37.7
Pashan AWS,18.5362,73.7928,17-05-2024 17:55,2024-05-17 17:55:00,2024,5,17,17,138,37.9
Pashan AWS,18.5362,73.7928,17-05-2024 18:00,2024-05-17 18:00:00,2024,5,17,18,138,38.3
Pashan AWS,18.5362,73.7928,17-05-2024 18:05,2024-05-17 18:05:00,2024,5,17,18,138,39.2
Pashan AWS,18.5362,73.7928,17-05-2024 18:10,2024-05-17 18:10:00,2024,5,17,18,138,39.3
Pashan AWS,18.5362,73.7928,17-05-2024 18:15,2024-05-17 18:15:00,2024,5,17,18,138,40.2
Pashan AWS,18.5362,73.7928,17-05-2024 18:20,2024-05-17 18:20:00,2024,5,17,18,138,40.3
Pashan AWS,18.5362,73.7928,17-05-2024 18:25,2024-05-17 18:25:00,2024,5,17,18,138,40.3
Pashan AWS,18.5362,73.7928,17-05-2024 18:30,2024-05-17 18:30:00,2024,5,17,18,138,41.1
Pashan AWS,18.5362,73.7928,17-05-2024 18:35,2024-05-17 18:35:00,2024,5,17,18,138,41.9
Pashan AWS,18.5362,73.7928,17-05-2024 18:40,2024-05-17 18:40:00,2024,5,17,18,138,42.7
Pashan AWS,18.5362,73.7928,17-05-2024 18:45,2024-05-17 18:45:00,2024,5,17,18,138,42.6
Pashan AWS,18.5362,73.7928,17-05-2024 18:50,2024-05-17 18:50:00,2024,5,17,18,138,42.8
Pashan AWS,18.5362,73.7928,17-05-2024 18:55,2024-05-17 18:55:00,2024,5,17,18,138,43.6
Pashan AWS,18.5362,73.7928,17-05-2024 19:00,2024-05-17 19:00:00,2024,5,17,19,138,44.0
Pashan AWS,18.5362,73.7928,17-05-2024 19:05,2024-05-17 19:05:00,2024,5,17,19,138,44.1
Pashan AWS,18.5362,73.7928,17-05-2024 19:10,2024-05-17 19:10:00,2024,5,17,19,138,44.7
Pashan AWS,18.5362,73.7928,17-05-2024 19:15,2024-05-17 19:15:00,2024,5,17,19,138,44.9
Pashan AWS,18.5362,73.7928,17-05-2024 19:20,2024-05-17 19:20:00,2024,5,17,19,138,46.1
Pashan AWS,18.5362,73.7928,17-05-2024 19:25,2024-05-17 19:25:00,2024,5,17,19,138,47.1
Pashan AWS,18.5362,73.7928,17-05-2024 19:30,2024-05-17 19:30:00,2024,5,17,19,138,47.8
Pashan AWS,18.5362,73.7928,17-05-2024 19:35,2024-05-17 19:35:00,2024,5,17,19,138,48.7
Pashan AWS,18.5362,73.7928,17-05-2024 19:40,2024-05-17 19:40:00,2024,5,17,19,138,49.1
Pashan AWS,18.5362,73.7928,17-05-2024 19:45,2024-05-17 19:45:00,2024,5,17,19,138,49.8
Pashan AWS,18.5362,73.7928,17-05-2024 19:50,2024-05-17 19:50:00,2024,5,17,19,138,50.8
Pashan AWS,18.5362,73.7928,17-05-2024 19:55,2024-05-17 19:55:00,2024,5,17,19,138,51.2
Pashan AWS,18.5362,73.7928,17-05-2024 20:00,2024-05-17 20:00:00,2024,5,17,20,138,51.5
Pashan AWS,18.5362,73.7928,17-05-2024 20:05,2024-05-17 20:05:00,2024,5,17,20,138,51.2
Pashan AWS,18.5362,73.7928,17-05-2024 20:10,2024-05-17 20:10:00,2024,5,17,20,138,51.5
Pashan AWS,18.5362,73.7928,17-05-2024 20:15,2024-05-17 20:15:00,2024,5,17,20,138,52.3
Pashan AWS,18.5362,73.7928,17-05-2024 20:20,2024-05-17 20:20:00,2024,5,17,20,138,53.1
Pashan AWS,18.5362,73.7928,17-05-2024 20:25,2024-05-17 20:25:00,2024,5,17,20,138,53.6
Pashan AWS,18.5362,73.7928,17-05-2024 20:30,2024-05-17 20:30:00,2024,5,17,20,138,53.8
Pashan AWS,18.5362,73.7928,17-05-2024 20:35,2024-05-17 20:35:00,2024,5,17,20,138,53.4
Pashan AWS,18.5362,73.7928,17-05-2024 20:40,2024-05-17 20:40:00,2024,5,17,20,138,53.6
Pashan AWS,18.5362,73.7928,17-05-2024 20:45,2024-05-17 20:45:00,2024,5,17,20,138,54.0
Pashan AWS,18.5362,73.7928,17-05-2024 20:50,2024-05-17 20:50:00,2024,5,17,20,138,54.3
Pashan AWS,18.5362,73.7928,17-05-2024 20:55,2024-05-17 20:55:00,2024,5,17,20,138,55.0
Pashan AWS,18.5362,73.7928,17-05-2024 21:00,2024-05-17 21:00:00,2024,5,17,21,138,56.2
Pashan AWS,18.5362,73.7928,17-05-2024 21:05,2024-05-17 21:05:00,2024,5,17,21,138,56.7
Pashan AWS,18.5362,73.7928,17-05-2024 21:10,2024-05-17 21:10:00,2024,5,17,21,138,57.0
Pashan AWS,18.5362,73.7928,17-05-2024 21:15,2024-05-17 21:15:00,2024,5,17,21,138,57.3
Pashan AWS,18.5362,73.7928,17-05-2024 21:20,2024-05-17 21:20:00,2024,5,17,21,138,57.8
Pashan AWS,18.5362,73.7928,17-05-2024 21:25,2024-05-17 21:25:00,2024,5,17,21,138,57.8
Pashan AWS,18.5362,73.7928,17-05-2024 21:30,2024-05-17 21:30:00,2024,5,17,21,138,58.3
Pashan AWS,18.5362,73.7928,17-05-2024 21:35,2024-05-17 21:35:00,2024,5,17,21,138,58.9
Pashan AWS,18.5362,73.7928,17-05-2024 21:40,2024-05-17 21:40:00,2024,5,17,21,138,59.4
Pashan AWS,18.5362,73.7928,17-05-2024 21:45,2024-05-17 21:45:00,2024,5,17,21,138,60.0
Pashan AWS,18.5362,73.7928,17-05-2024 21:50,2024-05-17 21:50:00,2024,5,17,21,138,60.6
Pashan AWS,18.5362,73.7928,17-05-2024 21:55,2024-05-17 21:55:00,2024,5,17,21,138,60.2
Pashan AWS,18.5362,73.7928,17-05-2024 22:00,2024-05-17 22:00:00,2024,5,17,22,138,60.9
Pashan AWS,18.5362,73.7928,17-05-2024 22:05,2024-05-17 22:05:00,2024,5,17,22,138,61.0
Pashan AWS,18.5362,73.7928,17-05-2024 22:10,2024-05-17 22:10:00,2024,5,17,22,138,61.0
Pashan AWS,18.5362,73.7928,17-05-2024 22:15,2024-05-17 22:15:00,2024,5,17,22,138,61.0
Pashan AWS,18.5362,73.7928,17-05-2024 22:20,2024-05-17 22:20:00,2024,5,17,22,138,61.6
Pashan AWS,18.5362,73.7928,17-05-2024 22:25,2024-05-17 22:25:00,2024,5,17,22,138,62.0
Pashan AWS,18.5362,73.7928,17-05-2024 22:30,2024-05-17 22:30:00,2024,5,17,22,138,61.7
Pashan AWS,18.5362,73.7928,17-05-2024 22:35,2024-05-17 22:35:00,2024,5,17,22,138,62.4
Pashan AWS,18.5362,73.7928,17-05-2024 22:40,2024-05-17 22:40:00,2024,5,17,22,138,62.2
Pashan AWS,18.5362,73.7928,17-05-2024 22:45,2024-05-17 22:45:00,2024,5,17,22,138,62.7
Pashan AWS,18.5362,73.7928,17-05-2024 22:50,2024-05-17 22:50:00,2024,5,17,22,138,63.3
Pashan AWS,18.5362,73.7928,17-05-2024 22:55,2024-05-17 22:55:00,2024,5,17,22,138,64.1
Pashan AWS,18.5362,73.7928,17-05-2024 23:00,2024-05-17 23:00:00,2024,5,17,23,138,65.2
Pashan AWS,18.5362,73.7928,17-05-2024 23:05,2024-05-17 23:05:00,2024,5,17,23,138,65.0
Pashan AWS,18.5362,73.7928,17-05-2024 23:10,2024-05-17 23:10:00,2024,5,17,23,138,65.4
Pashan AWS,18.5362,73.7928,17-05-2024 23:15,2024-05-17 23:15:00,2024,5,17,23,138,65.6
Pashan AWS,18.5362,73.7928,17-05-2024 23:20,2024-05-17 23:20:00,2024,5,17,23,138,66.2
Pashan AWS,18.5362,73.7928,17-05-2024 23:25,2024-05-17 23:25:00,2024,5,17,23,138,66.6
Pashan AWS,18.5362,73.7928,17-05-2024 23:30,2024-05-17 23:30:00,2024,5,17,23,138,66.8
Pashan AWS,18.5362,73.7928,17-05-2024 23:35,2024-05-17 23:35:00,2024,5,17,23,138,67.0
Pashan AWS,18.5362,73.7928,17-05-2024 23:40,2024-05-17 23:40:00,2024,5,17,23,138,66.9
Pashan AWS,18.5362,73.7928,17-05-2024 23:45,2024-05-17 23:45:00,2024,5,17,23,138,67.6
Pashan AWS,18.5362,73.7928,17-05-2024 23:50,2024-05-17 23:50:00,2024,5,17,23,138,68.1
Pashan AWS,18.5362,73.7928,17-05-2024 23:55,2024-05-17 23:55:00,2024,5,17,23,138,68.8
Shivajinagar AWS,18.5308,73.8474,11-05-2024 00:00,2024-05-11 00:00:00,2024,5,11,0,132,70.1
Shivajinagar AWS,18.5308,73.8474,11-05-2024 00:05,2024-05-11 00:05:00,2024,5,11,0,132,71.2
Shivajinagar AWS,18.5308,73.8474,11-05-2024 00:10,2024-05-11 00:10:00,2024,5,11,0,132,72.2
Shivajinagar AWS,18.5308,73.8474,11-05-2024 00:15,2024-05-11 00:15:00,2024,5,11,0,132,72.5
Shivajinagar AWS,18.5308,73.8474,11-05-2024 00:20,2024-05-11 00:20:00,2024,5,11,0,132,73.2
Shivajinagar AWS,18.5308,73.8474,11-05-2024 00:25,2024-05-11 00:25:00,2024,5,11,0,132,72.4
Shivajinagar AWS,18.5308,73.8474,11-05-2024 00:30,2024-05-11 00:30:00,2024,5,11,0,132,72.2
Shivajinagar AWS,18.5308,73.8474,11-05-2024 00:35,2024-05-11 00:35:00,2024,5,11,0,132,72.2
Shivajinagar AWS,18.5308,73.8474,11-05-2024 00:40,2024-05-11 00:40:00,2024,5,11,0,132,72.3
Shivajinagar AWS,18.5308,73.8474,11-05-2024 00:45,2024-05-11 00:45:00,2024,5,11,0,132,72.3
Shivajinagar AWS,18.5308,73.8474,11-05-2024 00:50,2024-05-11 00:50:00,2024,5,11,0,132,71.5
Shivajinagar AWS,18.5308,73.8474,11-05-2024 00:55,2024-05-11 00:55:00,2024,5,11,0,132,71.9
Shivajinagar AWS,18.5308,73.8474,11-05-2024 01:00,2024-05-11 01:00:00,2024,5,11,1,132,72.3
Shivajinagar AWS,18.5308,73.8474,11-05-2024 01:05,2024-05-11 01:05:00,2024,5,11,1,132,73.1
Shivajinagar AWS,18.5308,73.8474,11-05-2024 01:10,2024-05-11 01:10:00,2024,5,11,1,132,72.9
Shivajinagar AWS,18.5308,73.8474,11-05-2024 01:15,2024-05-11 01:15:00,2024,5,11,1,132,72.7
Shivajinagar AWS,18.5308,73.8474,11-05-2024 01:20,2024-05-11 01:20:00,2024,5,11,1,132,71.8
Shivajinagar AWS,18.5308,73.8474,11-05-2024 01:25,2024-05-11 01:25:00,2024,5,11,1,132,71.9
Shivajinagar AWS,18.5308,73.8474,11-05-2024 01:30,2024-05-11 01:30:00,2024,5,11,1,132,72.4
Shivajinagar AWS,18.5308,73.8474,11-05-2024 01:35,2024-05-11 01:35:00,2024,5,11,1,132,72.3
Shivajinagar AWS,18.5308,73.8474,11-05-2024 01:40,2024-05-11 01:40:00,2024,5,11,1,132,73.3
Shivajinagar AWS,18.5308,73.8474,11-05-2024 01:45,2024-05-11 01:45:00,2024,5,11,1,132,73.3
Shivajinagar AWS,18.5308,73.8474,11-05-2024 01:50,2024-05-11 01:50:00,2024,5,11,1,132,73.5
Shivajinagar AWS,18.5308,73.8474,11-05-2024 01:55,2024-05-11 01:55:00,2024,5,11,1,132,73.0
Shivajinagar AWS,18.5308,73.8474,11-05-2024 02:00,2024-05-11 02:00:00,2024,5,11,2,132,73.2
Shivajinagar AWS,18.5308,73.8474,11-05-2024 02:05,2024-05-11 02:05:00,2024,5,11,2,132,72.5
Shivajinagar AWS,18.5308,73.8474,11-05-2024 02:10,2024-05-11 02:10:00,2024,5,11,2,132,72.9
Shivajinagar AWS,18.5308,73.8474,11-05-2024 02:15,2024-05-11 02:15:00,2024,5,11,2,132,73.3
Shivajinagar AWS,18.5308,73.8474,11-05-2024 02:20,2024-05-11 02:20:00,2024,5,11,2,132,73.9
Shivajinagar AWS,18.5308,73.8474,11-05-2024 02:25,2024-05-11 02:25:00,2024,5,11,2,132,73.5
Shivajinagar AWS,18.5308,73.8474,11-05-2024 02:30,2024-05-11 02:30:00,2024,5,11,2,132,73.5
Shivajinagar AWS,18.5308,73.8474,11-05-2024 02:35,2024-05-11 02:35:00,2024,5,11,2,132,73.8
Shivajinagar AWS,18.5308,73.8474,11-05-2024 02:40,2024-05-11 02:40:00,2024,5,11,2,132,73.9
Shivajinagar AWS,18.5308,73.8474,11-05-2024 02:45,2024-05-11 02:45:00,2024,5,11,2,132,73.5
Shivajinagar AWS,18.5308,73.8474,11-05-2024 02:50,2024-05-11 02:50:00,2024,5,11,2,132,72.5
Shivajinagar AWS,18.5308,73.8474,11-05-2024 02:55,2024-05-11 02:55:00,2024,5,11,2,132,72.7
Shivajinagar AWS,18.5308,73.8474,11-05-2024 03:00,2024-05-11 03:00:00,2024,5,11,3,132,72.6
Shivajinagar AWS,18.5308,73.8474,11-05-2024 03:05,2024-05-11 03:05:00,2024,5,11,3,132,72.3
Shivajinagar AWS,18.5308,73.8474,11-05-2024 03:10,2024-05-11 03:10:00,2024,5,11,3,132,72.6
Shivajinagar AWS,18.5308,73.8474,11-05-2024 03:15,2024-05-11 03:15:00,2024,5,11,3,132,72.5
Shivajinagar AWS,18.5308,73.8474,11-05-2024 03:20,2024-05-11 03:20:00,2024,5,11,3,132,71.9
Shivajinagar AWS,18.5308,73.8474,11-05-2024 03:25,2024-05-11 03:25:00,2024,5,11,3,132,71.1
Shivajinagar AWS,18.5308,73.8474,11-05-2024 03:30,2024-05-11 03:30:00,2024,5,11,3,132,70.6
Shivajinagar AWS,18.5308,73.8474,11-05-2024 03:35,2024-05-11 03:35:00,2024,5,11,3,132,71.6
Shivajinagar AWS,18.5308,73.8474,11-05-2024 03:40,2024-05-11 03:40:00,2024,5,11,3,132,71.8
Shivajinagar AWS,18.5308,73.8474,11-05-2024 03:45,2024-05-11 03:45:00,2024,5,11,3,132,71.7
Shivajinagar AWS,18.5308,73.8474,11-05-2024 03:50,2024-05-11 03:50:00,2024,5,11,3,132,71.5
Shivajinagar AWS,18.5308,73.8474,11-05-2024 03:55,2024-05-11 03:55:00,2024,5,11,3,132,71.3
Shivajinagar AWS,18.5308,73.8474,11-05-2024 04:00,2024-05-11 04:00:00,2024,5,11,4,132,71.6
Shivajinagar AWS,18.5308,73.8474,11-05-2024 04:05,2024-05-11 04:05:00,2024,5,11,4,132,71.2
Shivajinagar AWS,18.5308,73.8474,11-05-2024 04:10,2024-05-11 04:10:00,2024,5,11,4,132,71.3
Shivajinagar AWS,18.5308,73.8474,11-05-2024 04:15,2024-05-11 04:15:00,2024,5,11,4,132,70.9
Shivajinagar AWS,18.5308,73.8474,11-05-2024 04:20,2024-05-11 04:20:00,2024,5,11,4,132,71.5
Shivajinagar AWS,18.5308,73.8474,11-05-2024 04:25,2024-05-11 04:25:00,2024,5,11,4,132,71.5
Shivajinagar AWS,18.5308,73.8474,11-05-2024 04:30,2024-05-11 04:30:00,2024,5,11,4,132,71.7
Shivajinagar AWS,18.5308,73.8474,11-05-2024 04:35,2024-05-11 04:35:00,2024,5,11,4,132,71.2
Shivajinagar AWS,18.5308,73.8474,11-05-2024 04:40,2024-05-11 04:40:00,2024,5,11,4,132,71.3
Shivajinagar AWS,18.5308,73.8474,11-05-2024 04:45,2024-05-11 04:45:00,2024,5,11,4,132,70.8
Shivajinagar AWS,18.5308,73.8474,11-05-2024 04:50,2024-05-11 04:50:00,2024,5,11,4,132,70.5
Shivajinagar AWS,18.5308,73.8474,11-05-2024 04:55,2024-05-11 04:55:00,2024,5,11,4,132,70.8
Shivajinagar AWS,18.5308,73.8474,11-05-2024 05:00,2024-05-11 05:00:00,2024,5,11,5,132,70.0
Shivajinagar AWS,18.5308,73.8474,11-05-2024 05:05,2024-05-11 05:05:00,2024,5,11,5,132,69.8
Shivajinagar AWS,18.5308,73.8474,11-05-2024 05:10,2024-05-11 05:10:00,2024,5,11,5,132,69.6
Shivajinagar AWS,18.5308,73.8474,11-05-2024 05:15,2024-05-11 05:15:00,2024,5,11,5,132,69.4
Shivajinagar AWS,18.5308,73.8474,11-05-2024 05:20,2024-05-11 05:20:00,2024,5,11,5,132,68.8
Shivajinagar AWS,18.5308,73.8474,11-05-2024 05:25,2024-05-11 05:25:00,2024,5,11,5,132,69.2
Shivajinagar AWS,18.5308,73.8474,11-05-2024 05:30,2024-05-11 05:30:00,2024,5,11,5,132,68.3
Shivajinagar AWS,18.5308,73.8474,11-05-2024 05:35,2024-05-11 05:35:00,2024,5,11,5,132,68.4
Shivajinagar AWS,18.5308,73.8474,11-05-2024 05:40,2024-05-11 05:40:00,2024,5,11,5,132,68.4
Shivajinagar AWS,18.5308,73.8474,11-05-2024 05:45,2024-05-11 05:45:00,2024,5,11,5,132,68.7
Shivajinagar AWS,18.5308,73.8474,11-05-2024 05:50,2024-05-11 05:50:00,2024,5,11,5,132,67.6
Shivajinagar AWS,18.5308,73.8474,11-05-2024 05:55,2024-05-11 05:55:00,2024,5,11,5,132,66.7
Shivajinagar AWS,18.5308,73.8474,11-05-2024 06:00,2024-05-11 06:00:00,2024,5,11,6,132,66.8
Shivajinagar AWS,18.5308,73.8474,11-05-2024 06:05,2024-05-11 06:05:00,2024,5,11,6,132,65.6
Shivajinagar AWS,18.5308,73.8474,11-05-2024 06:10,2024-05-11 06:10:00,2024,5,11,6,132,64.5
Shivajinagar AWS,18.5308,73.8474,11-05-2024 06:15,2024-05-11 06:15:00,2024,5,11,6,132,63.8
Shivajinagar AWS,18.5308,73.8474,11-05-2024 06:20,2024-05-11 06:20:00,2024,5,11,6,132,63.5
Shivajinagar AWS,18.5308,73.8474,11-05-2024 06:25,2024-05-11 06:25:00,2024,5,11,6,132,63.7
Shivajinagar AWS,18.5308,73.8474,11-05-2024 06:30,2024-05-11 06:30:00,2024,5,11,6,132,63.1
Shivajinagar AWS,18.5308,73.8474,11-05-2024 06:35,2024-05-11 06:35:00,2024,5,11,6,132,62.4
Shivajinagar AWS,18.5308,73.8474,11-05-2024 06:40,2024-05-11 06:40:00,2024,5,11,6,132,62.0
Shivajinagar AWS,18.5308,73.8474,11-05-2024 06:45,2024-05-11 06:45:00,2024,5,11,6,132,61.7
Shivajinagar AWS,18.5308,73.8474,11-05-2024 06:50,2024-05-11 06:50:00,2024,5,11,6,132,61.4
Shivajinagar AWS,18.5308,73.8474,11-05-2024 06:55,2024-05-11 06:55:00,2024,5,11,6,132,60.9
Shivajinagar AWS,18.5308,73.8474,11-05-2024 07:00,2024-05-11 07:00:00,2024,5,11,7,132,59.6
Shivajinagar AWS,18.5308,73.8474,11-05-2024 07:05,2024-05-11 07:05:00,2024,5,11,7,132,58.7
Shivajinagar AWS,18.5308,73.8474,11-05-2024 07:10,2024-05-11 07:10:00,2024,5,11,7,132,58.9
Shivajinagar AWS,18.5308,73.8474,11-05-2024 07:15,2024-05-11 07:15:00,2024,5,11,7,132,58.4
Shivajinagar AWS,18.5308,73.8474,11-05-2024 07:20,2024-05-11 07:20:00,2024,5,11,7,132,57.8
Shivajinagar AWS,18.5308,73.8474,11-05-2024 07:25,2024-05-11 07:25:00,2024,5,11,7,132,57.8
Shivajinagar AWS,18.5308,73.8474,11-05-2024 07:30,2024-05-11 07:30:00,2024,5,11,7,132,56.8
Shivajinagar AWS,18.5308,73.8474,11-05-2024 07:35,2024-05-11 07:35:00,2024,5,11,7,132,56.3
Shivajinagar AWS,18.5308,73.8474,11-05-2024 07:40,2024-05-11 07:40:00,2024,5,11,7,132,55.8
Shivajinagar AWS,18.5308,73.8474,11-05-2024 07:45,2024-05-11 07:45:00,2024,5,11,7,132,55.2
Shivajinagar AWS,18.5308,73.8474,11-05-2024 07:50,2024-05-11 07:50:00,2024,5,11,7,132,54.7
Shivajinagar AWS,18.5308,73.8474,11-05-2024 07:55,2024-05-11 07:55:00,2024,5,11,7,132,54.2
Shivajinagar AWS,18.5308,73.8474,11-05-2024 08:00,2024-05-11 08:00:00,2024,5,11,8,132,53.1
Shivajinagar AWS,18.5308,73.8474,11-05-2024 08:05,2024-05-11 08:05:00,2024,5,11,8,132,52.7
Shivajinagar AWS,18.5308,73.8474,11-05-2024 08:10,2024-05-11 08:10:00,2024,5,11,8,132,51.7
Shivajinagar AWS,18.5308,73.8474,11-05-2024 08:15,2024-05-11 08:15:00,2024,5,11,8,132,51.4
Shivajinagar AWS,18.5308,73.8474,11-05-2024 08:20,2024-05-11 08:20:00,2024,5,11,8,132,51.5
Shivajinagar AWS,18.5308,73.8474,11-05-2024 08:25,2024-05-11 08:25:00,2024,5,11,8,132,50.9
Shivajinagar AWS,18.5308,73.8474,11-05-2024 08:30,2024-05-11 08:30:00,2024,5,11,8,132,49.9
Shivajinagar AWS,18.5308,73.8474,11-05-2024 08:35,2024-05-11 08:35:00,2024,5,11,8,132,49.4
Shivajinagar AWS,18.5308,73.8474,11-05-2024 08:40,2024-05-11 08:40:00,2024,5,11,8,132,48.6
Shivajinagar AWS,18.5308,73.8474,11-05-2024 08:45,2024-05-11 08:45:00,2024,5,11,8,132,48.4
Shivajinagar AWS,18.5308,73.8474,11-05-2024 08:50,2024-05-11 08:50:00,2024,5,11,8,132,47.9
Shivajinagar AWS,18.5308,73.8474,11-05-2024 08:55,2024-05-11 08:55:00,2024,5,11,8,132,48.2
Shivajinagar AWS,18.5308,73.8474,11-05-2024 09:00,2024-05-11 09:00:00,2024,5,11,9,132,48.2
Shivajinagar AWS,18.5308,73.8474,11-05-2024 09:05,2024-05-11 09:05:00,2024,5,11,9,132,47.6
Shivajinagar AWS,18.5308,73.8474,11-05-2024 09:10,2024-05-11 09:10:00,2024,5,11,9,132,47.4
Shivajinagar AWS,18.5308,73.8474,11-05-2024 09:15,2024-05-11 09:15:00,2024,5,11,9,132,46.7
Shivajinagar AWS,18.5308,73.8474,11-05-2024 09:20,2024-05-11 09:20:00,2024,5,11,9,132,46.2
Shivajinagar AWS,18.5308,73.8474,11-05-2024 09:25,2024-05-11 09:25:00,2024,5,11,9,132,45.6
Shivajinagar AWS,18.5308,73.8474,11-05-2024 09:30,2024-05-11 09:30:00,2024,5,11,9,132,45.4
Shivajinagar AWS,18.5308,73.8474,11-05-2024 09:35,2024-05-11 09:35:00,2024,5,11,9,132,45.5
Shivajinagar AWS,18.5308,73.8474,11-05-2024 09:40,2024-05-11 09:40:00,2024,5,11,9,132,45.3
Shivajinagar AWS,18.5308,73.8474,11-05-2024 09:45,2024-05-11 09:45:00,2024,5,11,9,132,45.1
Shivajinagar AWS,18.5308,73.8474,11-05-2024 09:50,2024-05-11 09:50:00,2024,5,11,9,132,44.9
Shivajinagar AWS,18.5308,73.8474,11-05-2024 09:55,2024-05-11 09:55:00,2024,5,11,9,132,44.6
Shivajinagar AWS,18.5308,73.8474,11-05-2024 10:00,2024-05-11 10:00:00,2024,5,11,10,132,43.6
Shivajinagar AWS,18.5308,73.8474,11-05-2024 10:05,2024-05-11 10:05:00,2024,5,11,10,132,43.7
Shivajinagar AWS,18.5308,73.8474,11-05-2024 10:10,2024-05-11 10:10:00,2024,5,11,10,132,43.9
Shivajinagar AWS,18.5308,73.8474,11-05-2024 10:15,2024-05-11 10:15:00,2024,5,11,10,132,43.2
Shivajinagar AWS,18.5308,73.8474,11-05-2024 10:20,2024-05-11 10:20:00,2024,5,11,10,132,42.5
Shivajinagar AWS,18.5308,73.8474,11-05-2024 10:25,2024-05-11 10:25:00,2024,5,11,10,132,42.2
Shivajinagar AWS,18.5308,73.8474,11-05-2024 10:30,2024-05-11 10:30:00,2024,5,11,10,132,41.9
Shivajinagar AWS,18.5308,73.8474,11-05-2024 10:35,2024-05-11 10:35:00,2024,5,11,10,132,41.3
Shivajinagar AWS,18.5308,73.8474,11-05-2024 10:40,2024-05-11 10:40:00,2024,5,11,10,132,40.2
Shivajinagar AWS,18.5308,73.8474,11-05-2024 10:45,2024-05-11 10:45:00,2024,5,11,10,132,39.9
Shivajinagar AWS,18.5308,73.8474,11-05-2024 10:50,2024-05-11 10:50:00,2024,5,11,10,132,39.6
Shivajinagar AWS,18.5308,73.8474,11-05-2024 10:55,2024-05-11 10:55:00,2024,5,11,10,132,39.4
Shivajinagar AWS,18.5308,73.8474,11-05-2024 11:00,2024-05-11 11:00:00,2024,5,11,11,132,39.0
Shivajinagar AWS,18.5308,73.8474,11-05-2024 11:05,2024-05-11 11:05:00,2024,5,11,11,132,38.4
Shivajinagar AWS,18.5308,73.8474,11-05-2024 11:10,2024-05-11 11:10:00,2024,5,11,11,132,38.4
Shivajinagar AWS,18.5308,73.8474,11-05-2024 11:15,2024-05-11 11:15:00,2024,5,11,11,132,37.9
Shivajinagar AWS,18.5308,73.8474,11-05-2024 11:20,2024-05-11 11:20:00,2024,5,11,11,132,37.2
Shivajinagar AWS,18.5308,73.8474,11-05-2024 11:25,2024-05-11 11:25:00,2024,5,11,11,132,36.7
Shivajinagar AWS,18.5308,73.8474,11-05-2024 11:30,2024-05-11 11:30:00,2024,5,11,11,132,35.6
Shivajinagar AWS,18.5308,73.8474,11-05-2024 11:35,2024-05-11 11:35:00,2024,5,11,11,132,35.1
Shivajinagar AWS,18.5308,73.8474,11-05-2024 11:40,2024-05-11 11:40:00,2024,5,11,11,132,35.0
Shivajinagar AWS,18.5308,73.8474,11-05-2024 11:45,2024-05-11 11:45:00,2024,5,11,11,132,34.8
Shivajinagar AWS,18.5308,73.8474,11-05-2024 11:50,2024-05-11 11:50:00,2024,5,11,11,132,35.0
Shivajinagar AWS,18.5308,73.8474,11-05-2024 11:55,2024-05-11 11:55:00,2024,5,11,11,132,34.5
Shivajinagar AWS,18.5308,73.8474,11-05-2024 12:00,2024-05-11 12:00:00,2024,5,11,12,132,34.3
Shivajinagar AWS,18.5308,73.8474,11-05-2024 12:05,2024-05-11 12:05:00,2024,5,11,12,132,34.3
Shivajinagar AWS,18.5308,73.8474,11-05-2024 12:10,2024-05-11 12:10:00,2024,5,11,12,132,34.8
Shivajinagar AWS,18.5308,73.8474,11-05-2024 12:15,2024-05-11 12:15:00,2024,5,11,12,132,34.5
Shivajinagar AWS,18.5308,73.8474,11-05-2024 12:20,2024-05-11 12:20:00,2024,5,11,12,132,33.7
Shivajinagar AWS,18.5308,73.8474,11-05-2024 12:25,2024-05-11 12:25:00,2024,5,11,12,132,33.6
Shivajinagar AWS,18.5308,73.8474,11-05-2024 12:30,2024-05-11 12:30:00,2024,5,11,12,132,34.0
Shivajinagar AWS,18.5308,73.8474,11-05-2024 12:35,2024-05-11 12:35:00,2024,5,11,12,132,33.5
Shivajinagar AWS,18.5308,73.8474,11-05-2024 12:40,2024-05-11 12:40:00,2024,5,11,12,132,33.5
Shivajinagar AWS,18.5308,73.8474,11-05-2024 12:45,2024-05-11 12:45:00,2024,5,11,12,132,33.6
Shivajinagar AWS,18.5308,73.8474,11-05-2024 12:50,2024-05-11 12:50:00,2024,5,11,12,132,33.6
Shivajinagar AWS,18.5308,73.8474,11-05-2024 12:55,2024-05-11 12:55:00,2024,5,11,12,132,33.3
Shivajinagar AWS,18.5308,73.8474,11-05-2024 13:00,2024-05-11 13:00:00,2024,5,11,13,132,32.6
Shivajinagar AWS,18.5308,73.8474,11-05-2024 13:05,2024-05-11 13:05:00,2024,5,11,13,132,32.3
Shivajinagar AWS,18.5308,73.8474,11-05-2024 13:10,2024-05-11 13:10:00,2024,5,11,13,132,32.1
Shivajinagar AWS,18.5308,73.8474,11-05-2024 13:15,2024-05-11 13:15:00,2024,5,11,13,132,32.2
Shivajinagar AWS,18.5308,73.8474,11-05-2024 13:20,2024-05-11 13:20:00,2024,5,11,13,132,32.0
Shivajinagar AWS,18.5308,73.8474,11-05-2024 13:25,2024-05-11 13:25:00,2024,5,11,13,132,31.6
Shivajinagar AWS,18.5308,73.8474,11-05-2024 13:30,2024-05-11 13:30:00,2024,5,11,13,132,31.5
Shivajinagar AWS,18.5308,73.8474,11-05-2024 13:35,2024-05-11 13:35:00,2024,5,11,13,132,31.6
Shivajinagar AWS,18.5308,73.8474,11-05-2024 13:40,2024-05-11 13:40:00,2024,5,11,13,132,31.5
Shivajinagar AWS,18.5308,73.8474,11-05-2024 13:45,2024-05-11 13:45:00,2024,5,11,13,132,30.9
Shivajinagar AWS,18.5308,73.8474,11-05-2024 13:50,2024-05-11 13:50:00,2024,5,11,13,132,30.6
Shivajinagar AWS,18.5308,73.8474,11-05-2024 13:55,2024-05-11 13:55:00,2024,5,11,13,132,30.8
Shivajinagar AWS,18.5308,73.8474,11-05-2024 14:00,2024-05-11 14:00:00,2024,5,11,14,132,30.0
Shivajinagar AWS,18.5308,73.8474,11-05-2024 14:05,2024-05-11 14:05:00,2024,5,11,14,132,29.0
Shivajinagar AWS,18.5308,73.8474,11-05-2024 14:10,2024-05-11 14:10:00,2024,5,11,14,132,29.5
Shivajinagar AWS,18.5308,73.8474,11-05-2024 14:15,2024-05-11 14:15:00,2024,5,11,14,132,29.6
Shivajinagar AWS,18.5308,73.8474,11-05-2024 14:20,2024-05-11 14:20:00,2024,5,11,14,132,29.8
Shivajinagar AWS,18.5308,73.8474,11-05-2024 14:25,2024-05-11 14:25:00,2024,5,11,14,132,29.2
Shivajinagar AWS,18.5308,73.8474,11-05-2024 14:30,2024-05-11 14:30:00,2024,5,11,14,132,29.4
Shivajinagar AWS,18.5308,73.8474,11-05-2024 14:35,2024-05-11 14:35:00,2024,5,11,14,132,29.5
Shivajinagar AWS,18.5308,73.8474,11-05-2024 14:40,2024-05-11 14:40:00,2024,5,11,14,132,28.8
Shivajinagar AWS,18.5308,73.8474,11-05-2024 14:45,2024-05-11 14:45:00,2024,5,11,14,132,29.3
Shivajinagar AWS,18.5308,73.8474,11-05-2024 14:50,2024-05-11 14:50:00,2024,5,11,14,132,29.3
Shivajinagar AWS,18.5308,73.8474,11-05-2024 14:55,2024-05-11 14:55:00,2024,5,11,14,132,29.1
Shivajinagar AWS,18.5308,73.8474,11-05-2024 15:00,2024-05-11 15:00:00,2024,5,11,15,132,29.0
Shivajinagar AWS,18.5308,73.8474,11-05-2024 15:05,2024-05-11 15:05:00,2024,5,11,15,132,28.2
Shivajinagar AWS,18.5308,73.8474,11-05-2024 15:10,2024-05-11 15:10:00,2024,5,11,15,132,28.5
Shivajinagar AWS,18.5308,73.8474,11-05-2024 15:15,2024-05-11 15:15:00,2024,5,11,15,132,28.7
Shivajinagar AWS,18.5308,73.8474,11-05-2024 15:20,2024-05-11 15:20:00,2024,5,11,15,132,28.7
Shivajinagar AWS,18.5308,73.8474,11-05-2024 15:25,2024-05-11 15:25:00,2024,5,11,15,132,29.3
Shivajinagar AWS,18.5308,73.8474,11-05-2024 15:30,2024-05-11 15:30:00,2024,5,11,15,132,28.8
Shivajinagar AWS,18.5308,73.8474,11-05-2024 15:35,2024-05-11 15:35:00,2024,5,11,15,132,28.7
Shivajinagar AWS,18.5308,73.8474,11-05-2024 15:40,2024-05-11 15:40:00,2024,5,11,15,132,28.5
Shivajinagar AWS,18.5308,73.8474,11-05-2024 15:45,2024-05-11 15:45:00,2024,5,11,15,132,28.5
Shivajinagar AWS,18.5308,73.8474,11-05-2024 15:50,2024-05-11 15:50:00,2024,5,11,15,132,28.7
Shivajinagar AWS,18.5308,73.8474,11-05-2024 15:55,2024-05-11 15:55:00,2024,5,11,15,132,29.1
Shivajinagar AWS,18.5308,73.8474,11-05-2024 16:00,2024-05-11 16:00:00,2024,5,11,16,132,29.1
Shivajinagar AWS,18.5308,73.8474,11-05-2024 16:05,2024-05-11 16:05:00,2024,5,11,16,132,29.0
Shivajinagar AWS,18.5308,73.8474,11-05-2024 16:10,2024-05-11 16:10:00,2024,5,11,16,132,29.9
Shivajinagar AWS,18.5308,73.8474,11-05-2024 16:15,2024-05-11 16:15:00,2024,5,11,16,132,31.0
Shivajinagar AWS,18.5308,73.8474,11-05-2024 16:20,2024-05-11 16:20:00,2024,5,11,16,132,31.2
Shivajinagar AWS,18.5308,73.8474,11-05-2024 16:25,2024-05-11 16:25:00,2024,5,11,16,132,31.1
Shivajinagar AWS,18.5308,73.8474,11-05-2024 16:30,2024-05-11 16:30:00,2024,5,11,16,132,31.9
Shivajinagar AWS,18.5308,73.8474,11-05-2024 16:35,2024-05-11 16:35:00,2024,5,11,16,132,31.5
Shivajinagar AWS,18.5308,73.8474,11-05-2024 16:40,2024-05-11 16:40:00,2024,5,11,16,132,31.6
Shivajinagar AWS,18.5308,73.8474,11-05-2024 16:45,2024-05-11 16:45:00,2024,5,11,16,132,31.5
Shivajinagar AWS,18.5308,73.8474,11-05-2024 16:50,2024-05-11 16:50:00,2024,5,11,16,132,31.3
Shivajinagar AWS,18.5308,73.8474,11-05-2024 16:55,2024-05-11 16:55:00,2024,5,11,16,132,31.5
Shivajinagar AWS,18.5308,73.8474,11-05-2024 17:00,2024-05-11 17:00:00,2024,5,11,17,132,31.5
Shivajinagar AWS,18.5308,73.8474,11-05-2024 17:05,2024-05-11 17:05:00,2024,5,11,17,132,31.8
Shivajinagar AWS,18.5308,73.8474,11-05-2024 17:10,2024-05-11 17:10:00,2024,5,11,17,132,32.2
Shivajinagar AWS,18.5308,73.8474,11-05-2024 17:15,2024-05-11 17:15:00,2024,5,11,17,132,32.3
Shivajinagar AWS,18.5308,73.8474,11-05-2024 17:20,2024-05-11 17:20:00,2024,5,11,17,132,32.5
Shivajinagar AWS,18.5308,73.8474,11-05-2024 17:25,2024-05-11 17:25:00,2024,5,11,17,132,32.8
Shivajinagar AWS,18.5308,73.8474,11-05-2024 17:30,2024-05-11 17:30:00,2024,5,11,17,132,33.5
Shivajinagar AWS,18.5308,73.8474,11-05-2024 17:35,2024-05-11 17:35:00,2024,5,11,17,132,33.8
Shivajinagar AWS,18.5308,73.8474,11-05-2024 17:40,2024-05-11 17:40:00,2024,5,11,17,132,34.5
Shivajinagar AWS,18.5308,73.8474,11-05-2024 17:45,2024-05-11 17:45:00,2024,5,11,17,132,35.1
Shivajinagar AWS,18.5308,73.8474,11-05-2024 17:50,2024-05-11 17:50:00,2024,5,11,17,132,35.7
Shivajinagar AWS,18.5308,73.8474,11-05-2024 17:55,2024-05-11 17:55:00,2024,5,11,17,132,36.6
Shivajinagar AWS,18.5308,73.8474,11-05-2024 18:00,2024-05-11 18:00:00,2024,5,11,18,132,36.5
Shivajinagar AWS,18.5308,73.8474,11-05-2024 18:05,2024-05-11 18:05:00,2024,5,11,18,132,36.7
Shivajinagar AWS,18.5308,73.8474,11-05-2024 18:10,2024-05-11 18:10:00,2024,5,11,18,132,37.8
Shivajinagar AWS,18.5308,73.8474,11-05-2024 18:15,2024-05-11 18:15:00,2024,5,11,18,132,38.0
Shivajinagar AWS,18.5308,73.8474,11-05-2024 18:20,2024-05-11 18:20:00,2024,5,11,18,132,37.3
Shivajinagar AWS,18.5308,73.8474,11-05-2024 18:25,2024-05-11 18:25:00,2024,5,11,18,132,37.6
Shivajinagar AWS,18.5308,73.8474,11-05-2024 18:30,2024-05-11 18:30:00,2024,5,11,18,132,38.1
Shivajinagar AWS,18.5308,73.8474,11-05-2024 18:35,2024-05-11 18:35:00,2024,5,11,18,132,37.5
Shivajinagar AWS,18.5308,73.8474,11-05-2024 18:40,2024-05-11 18:40:00,2024,5,11,18,132,38.5
Shivajinagar AWS,18.5308,73.8474,11-05-2024 18:45,2024-05-11 18:45:00,2024,5,11,18,132,38.7
Shivajinagar AWS,18.5308,73.8474,11-05-2024 18:50,2024-05-11 18:50:00,2024,5,11,18,132,39.3
Shivajinagar AWS,18.5308,73.8474,11-05-2024 18:55,2024-05-11 18:55:00,2024,5,11,18,132,39.7
Shivajinagar AWS,18.5308,73.8474,11-05-2024 19:00,2024-05-11 19:00:00,2024,5,11,19,132,39.7
Shivajinagar AWS,18.5308,73.8474,11-05-2024 19:05,2024-05-11 19:05:00,2024,5,11,19,132,39.8
Shivajinagar AWS,18.5308,73.8474,11-05-2024 19:10,2024-05-11 19:10:00,2024,5,11,19,132,40.0
Shivajinagar AWS,18.5308,73.8474,11-05-2024 19:15,2024-05-11 19:15:00,2024,5,11,19,132,41.0
Shivajinagar AWS,18.5308,73.8474,11-05-2024 19:20,2024-05-11 19:20:00,2024,5,11,19,132,41.4
Shivajinagar AWS,18.5308,73.8474,11-05-2024 19:25,2024-05-11 19:25:00,2024,5,11,19,132,41.8
Shivajinagar AWS,18.5308,73.8474,11-05-2024 19:30,2024-05-11 19:30:00,2024,5,11,19,132,41.9
Shivajinagar AWS,18.5308,73.8474,11-05-2024 19:35,2024-05-11 19:35:00,2024,5,11,19,132,43.0
Shivajinagar AWS,18.5308,73.8474,11-05-2024 19:40,2024-05-11 19:40:00,2024,5,11,19,132,44.1
Shivajinagar AWS,18.5308,73.8474,11-05-2024 19:45,2024-05-11 19:45:00,2024,5,11,19,132,45.1
Shivajinagar AWS,18.5308,73.8474,11-05-2024 19:50,2024-05-11 19:50:00,2024,5,11,19,132,45.8
Shivajinagar AWS,18.5308,73.8474,11-05-2024 19:55,2024-05-11 19:55:00,2024,5,11,19,132,46.3
Shivajinagar AWS,18.5308,73.8474,11-05-2024 20:00,2024-05-11 20:00:00,2024,5,11,20,132,46.3
Shivajinagar AWS,18.5308,73.8474,11-05-2024 20:05,2024-05-11 20:05:00,2024,5,11,20,132,46.7
Shivajinagar AWS,18.5308,73.8474,11-05-2024 20:10,2024-05-11 20:10:00,2024,5,11,20,132,47.0
Shivajinagar AWS,18.5308,73.8474,11-05-2024 20:15,2024-05-11 20:15:00,2024,5,11,20,132,46.7
Shivajinagar AWS,18.5308,73.8474,11-05-2024 20:20,2024-05-11 20:20:00,2024,5,11,20,132,47.7
Shivajinagar AWS,18.5308,73.8474,11-05-2024 20:25,2024-05-11 20:25:00,2024,5,11,20,132,48.0
Shivajinagar AWS,18.5308,73.8474,11-05-2024 20:30,2024-05-11 20:30:00,2024,5,11,20,132,49.0
Shivajinagar AWS,18.5308,73.8474,11-05-2024 20:35,2024-05-11 20:35:00,2024,5,11,20,132,49.8
Shivajinagar AWS,18.5308,73.8474,11-05-2024 20:40,2024-05-11 20:40:00,2024,5,11,20,132,50.5
Shivajinagar AWS,18.5308,73.8474,11-05-2024 20:45,2024-05-11 20:45:00,2024,5,11,20,132,51.3
Shivajinagar AWS,18.5308,73.8474,11-05-2024 20:50,2024-05-11 20:50:00,2024,5,11,20,132,51.5
Shivajinagar AWS,18.5308,73.8474,11-05-2024 20:55,2024-05-11 20:55:00,2024,5,11,20,132,52.7
Shivajinagar AWS,18.5308,73.8474,11-05-2024 21:00,2024-05-11 21:00:00,2024,5,11,21,132,53.2
Shivajinagar AWS,18.5308,73.8474,11-05-2024 21:05,2024-05-11 21:05:00,2024,5,11,21,132,53.7
Shivajinagar AWS,18.5308,73.8474,11-05-2024 21:10,2024-05-11 21:10:00,2024,5,11,21,132,53.9
Shivajinagar AWS,18.5308,73.8474,11-05-2024 21:15,2024-05-11 21:15:00,2024,5,11,21,132,54.0
Shivajinagar AWS,18.5308,73.8474,11-05-2024 21:20,2024-05-11 21:20:00,2024,5,11,21,132,54.6
Shivajinagar AWS,18.5308,73.8474,11-05-2024 21:25,2024-05-11 21:25:00,2024,5,11,21,132,55.2
Shivajinagar AWS,18.5308,73.8474,11-05-2024 21:30,2024-05-11 21:30:00,2024,5,11,21,132,55.3
Shivajinagar AWS,18.5308,73.8474,11-05-2024 21:35,2024-05-11 21:35:00,2024,5,11,21,132,55.2
Shivajinagar AWS,18.5308,73.8474,11-05-2024 21:40,2024-05-11 21:40:00,2024,5,11,21,132,55.2
Shivajinagar AWS,18.5308,73.8474,11-05-2024 21:45,2024-05-11 21:45:00,2024,5,11,21,132,56.2
Shivajinagar AWS,18.5308,73.8474,11-05-2024 21:50,2024-05-11 21:50:00,2024,5,11,21,132,56.4
Shivajinagar AWS,18.5308,73.8474,11-05-2024 21:55,2024-05-11 21:55:00,2024,5,11,21,132,56.8
Shivajinagar AWS,18.5308,73.8474,11-05-2024 22:00,2024-05-11 22:00:00,2024,5,11,22,132,57.8
Shivajinagar AWS,18.5308,73.8474,11-05-2024 22:05,2024-05-11 22:05:00,2024,5,11,22,132,57.8
Shivajinagar AWS,18.5308,73.8474,11-05-2024 22:10,2024-05-11 22:10:00,2024,5,11,22,132,58.0
Shivajinagar AWS,18.5308,73.8474,11-05-2024 22:15,2024-05-11 22:15:00,2024,5,11,22,132,58.2
Shivajinagar AWS,18.5308,73.8474,11-05-2024 22:20,2024-05-11 22:20:00,2024,5,11,22,132,59.3
Shivajinagar AWS,18.5308,73.8474,11-05-2024 22:25,2024-05-11 22:25:00,2024,5,11,22,132,60.6
Shivajinagar AWS,18.5308,73.8474,11-05-2024 22:30,2024-05-11 22:30:00,2024,5,11,22,132,61.3
Shivajinagar AWS,18.5308,73.8474,11-05-2024 22:35,2024-05-11 22:35:00,2024,5,11,22,132,62.0
Shivajinagar AWS,18.5308,73.8474,11-05-2024 22:40,2024-05-11 22:40:00,2024,5,11,22,132,62.1
Shivajinagar AWS,18.5308,73.8474,11-05-2024 22:45,2024-05-11 22:45:00,2024,5,11,22,132,63.2
Shivajinagar AWS,18.5308,73.8474,11-05-2024 22:50,2024-05-11 22:50:00,2024,5,11,22,132,63.7
Shivajinagar AWS,18.5308,73.8474,11-05-2024 22:55,2024-05-11 22:55:00,2024,5,11,22,132,64.3
Shivajinagar AWS,18.5308,73.8474,11-05-2024 23:00,2024-05-11 23:00:00,2024,5,11,23,132,64.6
Shivajinagar AWS,18.5308,73.8474,11-05-2024 23:05,2024-05-11 23:05:00,2024,5,11,23,132,64.8
Shivajinagar AWS,18.5308,73.8474,11-05-2024 23:10,2024-05-11 23:10:00,2024,5,11,23,132,65.8
Shivajinagar AWS,18.5308,73.8474,11-05-2024 23:15,2024-05-11 23:15:00,2024,5,11,23,132,66.2
Shivajinagar AWS,18.5308,73.8474,11-05-2024 23:20,2024-05-11 23:20:00,2024,5,11,23,132,67.1
Shivajinagar AWS,18.5308,73.8474,11-05-2024 23:25,2024-05-11 23:25:00,2024,5,11,23,132,67.4
Shivajinagar AWS,18.5308,73.8474,11-05-2024 23:30,2024-05-11 23:30:00,2024,5,11,23,132,67.3
Shivajinagar AWS,18.5308,73.8474,11-05-2024 23:35,2024-05-11 23:35:00,2024,5,11,23,132,67.3
Shivajinagar AWS,18.5308,73.8474,11-05-2024 23:40,2024-05-11 23:40:00,2024,5,11,23,132,67.6
Shivajinagar AWS,18.5308,73.8474,11-05-2024 23:45,2024-05-11 23:45:00,2024,5,11,23,132,67.6
Shivajinagar AWS,18.5308,73.8474,11-05-2024 23:50,2024-05-11 23:50:00,2024,5,11,23,132,67.4
Shivajinagar AWS,18.5308,73.8474,11-05-2024 23:55,2024-05-11 23:55:00,2024,5,11,23,132,68.1
Shivajinagar AWS,18.5308,73.8474,12-05-2024 00:00,2024-05-12 00:00:00,2024,5,12,0,133,68.1
Shivajinagar AWS,18.5308,73.8474,12-05-2024 00:05,2024-05-12 00:05:00,2024,5,12,0,133,68.4
Shivajinagar AWS,18.5308,73.8474,12-05-2024 00:10,2024-05-12 00:10:00,2024,5,12,0,133,68.8
Shivajinagar AWS,18.5308,73.8474,12-05-2024 00:15,2024-05-12 00:15:00,2024,5,12,0,133,68.8
Shivajinagar AWS,18.5308,73.8474,12-05-2024 00:20,2024-05-12 00:20:00,2024,5,12,0,133,69.6
Shivajinagar AWS,18.5308,73.8474,12-05-2024 00:25,2024-05-12 00:25:00,2024,5,12,0,133,69.3
Shivajinagar AWS,18.5308,73.8474,12-05-2024 00:30,2024-05-12 00:30:00,2024,5,12,0,133,69.6
Shivajinagar AWS,18.5308,73.8474,12-05-2024 00:35,2024-05-12 00:35:00,2024,5,12,0,133,69.9
Shivajinagar AWS,18.5308,73.8474,12-05-2024 00:40,2024-05-12 00:40:00,2024,5,12,0,133,70.1
Shivajinagar AWS,18.5308,73.8474,12-05-2024 00:45,2024-05-12 00:45:00,2024,5,12,0,133,69.8
Shivajinagar AWS,18.5308,73.8474,12-05-2024 00:50,2024-05-12 00:50:00,2024,5,12,0,133,70.3
Shivajinagar AWS,18.5308,73.8474,12-05-2024 00:55,2024-05-12 00:55:00,2024,5,12,0,133,70.8
Shivajinagar AWS,18.5308,73.8474,12-05-2024 01:00,2024-05-12 01:00:00,2024,5,12,1,133,70.6
Shivajinagar AWS,18.5308,73.8474,12-05-2024 01:05,2024-05-12 01:05:00,2024,5,12,1,133,71.1
Shivajinagar AWS,18.5308,73.8474,12-05-2024 01:10,2024-05-12 01:10:00,2024,5,12,1,133,71.4
Shivajinagar AWS,18.5308,73.8474,12-05-2024 01:15,2024-05-12 01:15:00,2024,5,12,1,133,71.0
Shivajinagar AWS,18.5308,73.8474,12-05-2024 01:20,2024-05-12 01:20:00,2024,5,12,1,133,70.8
Shivajinagar AWS,18.5308,73.8474,12-05-2024 01:25,2024-05-12 01:25:00,2024,5,12,1,133,71.4
Shivajinagar AWS,18.5308,73.8474,12-05-2024 01:30,2024-05-12 01:30:00,2024,5,12,1,133,71.6
Shivajinagar AWS,18.5308,73.8474,12-05-2024 01:35,2024-05-12 01:35:00,2024,5,12,1,133,71.5
Shivajinagar AWS,18.5308,73.8474,12-05-2024 01:40,2024-05-12 01:40:00,2024,5,12,1,133,71.2
Shivajinagar AWS,18.5308,73.8474,12-05-2024 01:45,2024-05-12 01:45:00,2024,5,12,1,133,71.1
Shivajinagar AWS,18.5308,73.8474,12-05-2024 01:50,2024-05-12 01:50:00,2024,5,12,1,133,71.1
Shivajinagar AWS,18.5308,73.8474,12-05-2024 01:55,2024-05-12 01:55:00,2024,5,12,1,133,70.8
Shivajinagar AWS,18.5308,73.8474,12-05-2024 02:00,2024-05-12 02:00:00,2024,5,12,2,133,70.2
Shivajinagar AWS,18.5308,73.8474,12-05-2024 02:05,2024-05-12 02:05:00,2024,5,12,2,133,70.8
Shivajinagar AWS,18.5308,73.8474,12-05-2024 02:10,2024-05-12 02:10:00,2024,5,12,2,133,71.3
Shivajinagar AWS,18.5308,73.8474,12-05-2024 02:15,2024-05-12 02:15:00,2024,5,12,2,133,70.9
Shivajinagar AWS,18.5308,73.8474,12-05-2024 02:20,2024-05-12 02:20:00,2024,5,12,2,133,71.0
Shivajinagar AWS,18.5308,73.8474,12-05-2024 02:25,2024-05-12 02:25:00,2024,5,12,2,133,70.7
Shivajinagar AWS,18.5308,73.8474,12-05-2024 02:30,2024-05-12 02:30:00,2024,5,12,2,133,70.7
Shivajinagar AWS,18.5308,73.8474,12-05-2024 02:35,2024-05-12 02:35:00,2024,5,12,2,133,70.6
Shivajinagar AWS,18.5308,73.8474,12-05-2024 02:40,2024-05-12 02:40:00,2024,5,12,2,133,70.5
Shivajinagar AWS,18.5308,73.8474,12-05-2024 02:45,2024-05-12 02:45:00,2024,5,12,2,133,71.3
Shivajinagar AWS,18.5308,73.8474,12-05-2024 02:50,2024-05-12 02:50:00,2024,5,12,2,133,71.1
Shivajinagar AWS,18.5308,73.8474,12-05-2024 02:55,2024-05-12 02:55:00,2024,5,12,2,133,70.8
Shivajinagar AWS,18.5308,73.8474,12-05-2024 03:00,2024-05-12 03:00:00,2024,5,12,3,133,70.5
Shivajinagar AWS,18.5308,73.8474,12-05-2024 03:05,2024-05-12 03:05:00,2024,5,12,3,133,70.9
Shivajinagar AWS,18.5308,73.8474,12-05-2024 03:10,2024-05-12 03:10:00,2024,5,12,3,133,70.2
Shivajinagar AWS,18.5308,73.8474,12-05-2024 03:15,2024-05-12 03:15:00,2024,5,12,3,133,69.9
Shivajinagar AWS,18.5308,73.8474,12-05-2024 03:20,2024-05-12 03:20:00,2024,5,12,3,133,70.5
Shivajinagar AWS,18.5308,73.8474,12-05-2024 03:25,2024-05-12 03:25:00,2024,5,12,3,133,70.5
Shivajinagar AWS,18.5308,73.8474,12-05-2024 03:30,2024-05-12 03:30:00,2024,5,12,3,133,70.5
Shivajinagar AWS,18.5308,73.8474,12-05-2024 03:35,2024-05-12 03:35:00,2024,5,12,3,133,71.3
Shivajinagar AWS,18.5308,73.8474,12-05-2024 03:40,2024-05-12 03:40:00,2024,5,12,3,133,71.3
Shivajinagar AWS,18.5308,73.8474,12-05-2024 03:45,2024-05-12 03:45:00,2024,5,12,3,133,70.8
Shivajinagar AWS,18.5308,73.8474,12-05-2024 03:50,2024-05-12 03:50:00,2024,5,12,3,133,70.6
Shivajinagar AWS,18.5308,73.8474,12-05-2024 03:55,2024-05-12 03:55:00,2024,5,12,3,133,69.9
Shivajinagar AWS,18.5308,73.8474,12-05-2024 04:00,2024-05-12 04:00:00,2024,5,12,4,133,70.3
Shivajinagar AWS,18.5308,73.8474,12-05-2024 04:05,2024-05-12 04:05:00,2024,5,12,4,133,70.4
Shivajinagar AWS,18.5308,73.8474,12-05-2024 04:10,2024-05-12 04:10:00,2024,5,12,4,133,70.6
Shivajinagar AWS,18.5308,73.8474,12-05-2024 04:15,2024-05-12 04:15:00,2024,5,12,4,133,70.9
Shivajinagar AWS,18.5308,73.8474,12-05-2024 04:20,2024-05-12 04:20:00,2024,5,12,4,133,70.4
Shivajinagar AWS,18.5308,73.8474,12-05-2024 04:25,2024-05-12 04:25:00,2024,5,12,4,133,69.8
Shivajinagar AWS,18.5308,73.8474,12-05-2024 04:30,2024-05-12 04:30:00,2024,5,12,4,133,69.5
Shivajinagar AWS,18.5308,73.8474,12-05-2024 04:35,2024-05-12 04:35:00,2024,5,12,4,133,68.9
Shivajinagar AWS,18.5308,73.8474,12-05-2024 04:40,2024-05-12 04:40:00,2024,5,12,4,133,68.7
Shivajinagar AWS,18.5308,73.8474,12-05-2024 04:45,2024-05-12 04:45:00,2024,5,12,4,133,68.9
Shivajinagar AWS,18.5308,73.8474,12-05-2024 04:50,2024-05-12 04:50:00,2024,5,12,4,133,68.6
Shivajinagar AWS,18.5308,73.8474,12-05-2024 04:55,2024-05-12 04:55:00,2024,5,12,4,133,68.3
Shivajinagar AWS,18.5308,73.8474,12-05-2024 05:00,2024-05-12 05:00:00,2024,5,12,5,133,68.0
Shivajinagar AWS,18.5308,73.8474,12-05-2024 05:05,2024-05-12 05:05:00,2024,5,12,5,133,68.0
Shivajinagar AWS,18.5308,73.8474,12-05-2024 05:10,2024-05-12 05:10:00,2024,5,12,5,133,67.4
Shivajinagar AWS,18.5308,73.8474,12-05-2024 05:15,2024-05-12 05:15:00,2024,5,12,5,133,66.2
Shivajinagar AWS,18.5308,73.8474,12-05-2024 05:20,2024-05-12 05:20:00,2024,5,12,5,133,66.1
Shivajinagar AWS,18.5308,73.8474,12-05-2024 05:25,2024-05-12 05:25:00,2024,5,12,5,133,66.2
Shivajinagar AWS,18.5308,73.8474,12-05-2024 05:30,2024-05-12 05:30:00,2024,5,12,5,133,66.1
Shivajinagar AWS,18.5308,73.8474,12-05-2024 05:35,2024-05-12 05:35:00,2024,5,12,5,133,65.5
Shivajinagar AWS,18.5308,73.8474,12-05-2024 05:40,2024-05-12 05:40:00,2024,5,12,5,133,64.7
Shivajinagar AWS,18.5308,73.8474,12-05-2024 05:45,2024-05-12 05:45:00,2024,5,12,5,133,64.5
Shivajinagar AWS,18.5308,73.8474,12-05-2024 05:50,2024-05-12 05:50:00,2024,5,12,5,133,64.2
Shivajinagar AWS,18.5308,73.8474,12-05-2024 05:55,2024-05-12 05:55:00,2024,5,12,5,133,63.8
Shivajinagar AWS,18.5308,73.8474,12-05-2024 06:00,2024-05-12 06:00:00,2024,5,12,6,133,64.2
Shivajinagar AWS,18.5308,73.8474,12-05-2024 06:05,2024-05-12 06:05:00,2024,5,12,6,133,63.4
Shivajinagar AWS,18.5308,73.8474,12-05-2024 06:10,2024-05-12 06:10:00,2024,5,12,6,133,63.8
Shivajinagar AWS,18.5308,73.8474,12-05-2024 06:15,2024-05-12 06:15:00,2024,5,12,6,133,63.3
Shivajinagar AWS,18.5308,73.8474,12-05-2024 06:20,2024-05-12 06:20:00,2024,5,12,6,133,62.2
Shivajinagar AWS,18.5308,73.8474,12-05-2024 06:25,2024-05-12 06:25:00,2024,5,12,6,133,61.7
Shivajinagar AWS,18.5308,73.8474,12-05-2024 06:30,2024-05-12 06:30:00,2024,5,12,6,133,61.7
Shivajinagar AWS,18.5308,73.8474,12-05-2024 06:35,2024-05-12 06:35:00,2024,5,12,6,133,61.1
Shivajinagar AWS,18.5308,73.8474,12-05-2024 06:40,2024-05-12 06:40:00,2024,5,12,6,133,60.1
Shivajinagar AWS,18.5308,73.8474,12-05-2024 06:45,2024-05-12 06:45:00,2024,5,12,6,133,59.7
Shivajinagar AWS,18.5308,73.8474,12-05-2024 06:50,2024-05-12 06:50:00,2024,5,12,6,133,58.9
Shivajinagar AWS,18.5308,73.8474,12-05-2024 06:55,2024-05-12 06:55:00,2024,5,12,6,133,58.7
Shivajinagar AWS,18.5308,73.8474,12-05-2024 07:00,2024-05-12 07:00:00,2024,5,12,7,133,58.6
Shivajinagar AWS,18.5308,73.8474,12-05-2024 07:05,2024-05-12 07:05:00,2024,5,12,7,133,57.8
Shivajinagar AWS,18.5308,73.8474,12-05-2024 07:10,2024-05-12 07:10:00,2024,5,12,7,133,57.1
Shivajinagar AWS,18.5308,73.8474,12-05-2024 07:15,2024-05-12 07:15:00,2024,5,12,7,133,57.0
Shivajinagar AWS,18.5308,73.8474,12-05-2024 07:20,2024-05-12 07:20:00,2024,5,12,7,133,56.2
Shivajinagar AWS,18.5308,73.8474,12-05-2024 07:25,2024-05-12 07:25:00,2024,5,12,7,133,55.4
Shivajinagar AWS,18.5308,73.8474,12-05-2024 07:30,2024-05-12 07:30:00,2024,5,12,7,133,54.5
Shivajinagar AWS,18.5308,73.8474,12-05-2024 07:35,2024-05-12 07:35:00,2024,5,12,7,133,54.3
Shivajinagar AWS,18.5308,73.8474,12-05-2024 07:40,2024-05-12 07:40:00,2024,5,12,7,133,54.1
Shivajinagar AWS,18.5308,73.8474,12-05-2024 07:45,2024-05-12 07:45:00,2024,5,12,7,133,53.4
Shivajinagar AWS,18.5308,73.8474,12-05-2024 07:50,2024-05-12 07:50:00,2024,5,12,7,133,53.0
Shivajinagar AWS,18.5308,73.8474,12-05-2024 07:55,2024-05-12 07:55:00,2024,5,12,7,133,53.2
Shivajinagar AWS,18.5308,73.8474,12-05-2024 08:00,2024-05-12 08:00:00,2024,5,12,8,133,52.4
Shivajinagar AWS,18.5308,73.8474,12-05-2024 08:05,2024-05-12 08:05:00,2024,5,12,8,133,51.2
Shivajinagar AWS,18.5308,73.8474,12-05-2024 08:10,2024-05-12 08:10:00,2024,5,12,8,133,51.0
Shivajinagar AWS,18.5308,73.8474,12-05-2024 08:15,2024-05-12 08:15:00,2024,5,12,8,133,50.6
Shivajinagar AWS,18.5308,73.8474,12-05-2024 08:20,2024-05-12 08:20:00,2024,5,12,8,133,49.9
Shivajinagar AWS,18.5308,73.8474,12-05-2024 08:25,2024-05-12 08:25:00,2024,5,12,8,133,49.8
Shivajinagar AWS,18.5308,73.8474,12-05-2024 08:30,2024-05-12 08:30:00,2024,5,12,8,133,49.7
Shivajinagar AWS,18.5308,73.8474,12-05-2024 08:35,2024-05-12 08:35:00,2024,5,12,8,133,48.4
Shivajinagar AWS,18.5308,73.8474,12-05-2024 08:40,2024-05-12 08:40:00,2024,5,12,8,133,47.8
Shivajinagar AWS,18.5308,73.8474,12-05-2024 08:45,2024-05-12 08:45:00,2024,5,12,8,133,48.3
Shivajinagar AWS,18.5308,73.8474,12-05-2024 08:50,2024-05-12 08:50:00,2024,5,12,8,133,48.2
Shivajinagar AWS,18.5308,73.8474,12-05-2024 08:55,2024-05-12 08:55:00,2024,5,12,8,133,48.0
Shivajinagar AWS,18.5308,73.8474,12-05-2024 09:00,2024-05-12 09:00:00,2024,5,12,9,133,48.0
Shivajinagar AWS,18.5308,73.8474,12-05-2024 09:05,2024-05-12 09:05:00,2024,5,12,9,133,47.6
Shivajinagar AWS,18.5308,73.8474,12-05-2024 09:10,2024-05-12 09:10:00,2024,5,12,9,133,47.4
Shivajinagar AWS,18.5308,73.8474,12-05-2024 09:15,2024-05-12 09:15:00,2024,5,12,9,133,47.2
Shivajinagar AWS,18.5308,73.8474,12-05-2024 09:20,2024-05-12 09:20:00,2024,5,12,9,133,46.9
Shivajinagar AWS,18.5308,73.8474,12-05-2024 09:25,2024-05-12 09:25:00,2024,5,12,9,133,46.3
Shivajinagar AWS,18.5308,73.8474,12-05-2024 09:30,2024-05-12 09:30:00,2024,5,12,9,133,45.9
Shivajinagar AWS,18.5308,73.8474,12-05-2024 09:35,2024-05-12 09:35:00,2024,5,12,9,133,45.2
Shivajinagar AWS,18.5308,73.8474,12-05-2024 09:40,2024-05-12 09:40:00,2024,5,12,9,133,44.7
Shivajinagar AWS,18.5308,73.8474,12-05-2024 09:45,2024-05-12 09:45:00,2024,5,12,9,133,43.8
Shivajinagar AWS,18.5308,73.8474,12-05-2024 09:50,2024-05-12 09:50:00,2024,5,12,9,133,43.0
Shivajinagar AWS,18.5308,73.8474,12-05-2024 09:55,2024-05-12 09:55:00,2024,5,12,9,133,42.5
Shivajinagar AWS,18.5308,73.8474,12-05-2024 10:00,2024-05-12 10:00:00,2024,5,12,10,133,41.7
Shivajinagar AWS,18.5308,73.8474,12-05-2024 10:05,2024-05-12 10:05:00,2024,5,12,10,133,41.1
Shivajinagar AWS,18.5308,73.8474,12-05-2024 10:10,2024-05-12 10:10:00,2024,5,12,10,133,40.7
Shivajinagar AWS,18.5308,73.8474,12-05-2024 10:15,2024-05-12 10:15:00,2024,5,12,10,133,40.5
Shivajinagar AWS,18.5308,73.8474,12-05-2024 10:20,2024-05-12 10:20:00,2024,5,12,10,133,40.5
Shivajinagar AWS,18.5308,73.8474,12-05-2024 10:25,2024-05-12 10:25:00,2024,5,12,10,133,39.9
Shivajinagar AWS,18.5308,73.8474,12-05-2024 10:30,2024-05-12 10:30:00,2024,5,12,10,133,40.1
Shivajinagar AWS,18.5308,73.8474,12-05-2024 10:35,2024-05-12 10:35:00,2024,5,12,10,133,40.0
Shivajinagar AWS,18.5308,73.8474,12-05-2024 10:40,2024-05-12 10:40:00,2024,5,12,10,133,39.8
Shivajinagar AWS,18.5308,73.8474,12-05-2024 10:45,2024-05-12 10:45:00,2024,5,12,10,133,39.5
Shivajinagar AWS,18.5308,73.8474,12-05-2024 10:50,2024-05-12 10:50:00,2024,5,12,10,133,39.2
Shivajinagar AWS,18.5308,73.8474,12-05-2024 10:55,2024-05-12 10:55:00,2024,5,12,10,133,39.2
Shivajinagar AWS,18.5308,73.8474,12-05-2024 11:00,2024-05-12 11:00:00,2024,5,12,11,133,39.3
Shivajinagar AWS,18.5308,73.8474,12-05-2024 11:05,2024-05-12 11:05:00,2024,5,12,11,133,39.4
Shivajinagar AWS,18.5308,73.8474,12-05-2024 11:10,2024-05-12 11:10:00,2024,5,12,11,133,39.0
Shivajinagar AWS,18.5308,73.8474,12-05-2024 11:15,2024-05-12 11:15:00,2024,5,12,11,133,38.7
Shivajinagar AWS,18.5308,73.8474,12-05-2024 11:20,2024-05-12 11:20:00,2024,5,12,11,133,38.8
Shivajinagar AWS,18.5308,73.8474,12-05-2024 11:25,2024-05-12 11:25:00,2024,5,12,11,133,38.1
Shivajinagar AWS,18.5308,73.8474,12-05-2024 11:30,2024-05-12 11:30:00,2024,5,12,11,133,37.6
Shivajinagar AWS,18.5308,73.8474,12-05-2024 11:35,2024-05-12 11:35:00,2024,5,12,11,133,37.1
Shivajinagar AWS,18.5308,73.8474,12-05-2024 11:40,2024-05-12 11:40:00,2024,5,12,11,133,37.1
Shivajinagar AWS,18.5308,73.8474,12-05-2024 11:45,2024-05-12 11:45:00,2024,5,12,11,133,37.1
Shivajinagar AWS,18.5308,73.8474,12-05-2024 11:50,2024-05-12 11:50:00,2024,5,12,11,133,36.6
Shivajinagar AWS,18.5308,73.8474,12-05-2024 11:55,2024-05-12 11:55:00,2024,5,12,11,133,35.6
Shivajinagar AWS,18.5308,73.8474,12-05-2024 12:00,2024-05-12 12:00:00,2024,5,12,12,133,35.3
Shivajinagar AWS,18.5308,73.8474,12-05-2024 12:05,2024-05-12 12:05:00,2024,5,12,12,133,34.6
Shivajinagar AWS,18.5308,73.8474,12-05-2024 12:10,2024-05-12 12:10:00,2024,5,12,12,133,33.7
Shivajinagar AWS,18.5308,73.8474,12-05-2024 12:15,2024-05-12 12:15:00,2024,5,12,12,133,32.9
Shivajinagar AWS,18.5308,73.8474,12-05-2024 12:20,2024-05-12 12:20:00,2024,5,12,12,133,32.8
Shivajinagar AWS,18.5308,73.8474,12-05-2024 12:25,2024-05-12 12:25:00,2024,5,12,12,133,33.1
Shivajinagar AWS,18.5308,73.8474,12-05-2024 12:30,2024-05-12 12:30:00,2024,5,12,12,133,32.9
Shivajinagar AWS,18.5308,73.8474,12-05-2024 12:35,2024-05-12 12:35:00,2024,5,12,12,133,32.7
Shivajinagar AWS,18.5308,73.8474,12-05-2024 12:40,2024-05-12 12:40:00,2024,5,12,12,133,32.9
Shivajinagar AWS,18.5308,73.8474,12-05-2024 12:45,2024-05-12 12:45:00,2024,5,12,12,133,32.1
Shivajinagar AWS,18.5308,73.8474,12-05-2024 12:50,2024-05-12 12:50:00,2024,5,12,12,133,32.1
Shivajinagar AWS,18.5308,73.8474,12-05-2024 12:55,2024-05-12 12:55:00,2024,5,12,12,133,31.9
Shivajinagar AWS,18.5308,73.8474,12-05-2024 13:00,2024-05-12 13:00:00,2024,5,12,13,133,31.9
Shivajinagar AWS,18.5308,73.8474,12-05-2024 13:05,2024-05-12 13:05:00,2024,5,12,13,133,31.5
Shivajinagar AWS,18.5308,73.8474,12-05-2024 13:10,2024-05-12 13:10:00,2024,5,12,13,133,31.0
Shivajinagar AWS,18.5308,73.8474,12-05-2024 13:15,2024-05-12 13:15:00,2024,5,12,13,133,30.9
Shivajinagar AWS,18.5308,73.8474,12-05-2024 13:20,2024-05-12 13:20:00,2024,5,12,13,133,31.4
Shivajinagar AWS,18.5308,73.8474,12-05-2024 13:25,2024-05-12 13:25:00,2024,5,12,13,133,31.6
Shivajinagar AWS,18.5308,73.8474,12-05-2024 13:30,2024-05-12 13:30:00,2024,5,12,13,133,31.2
Shivajinagar AWS,18.5308,73.8474,12-05-2024 13:35,2024-05-12 13:35:00,2024,5,12,13,133,30.6
Shivajinagar AWS,18.5308,73.8474,12-05-2024 13:40,2024-05-12 13:40:00,2024,5,12,13,133,29.8
Shivajinagar AWS,18.5308,73.8474,12-05-2024 13:45,2024-05-12 13:45:00,2024,5,12,13,133,30.2
Shivajinagar AWS,18.5308,73.8474,12-05-2024 13:50,2024-05-12 13:50:00,2024,5,12,13,133,29.8
Shivajinagar AWS,18.5308,73.8474,12-05-2024 13:55,2024-05-12 13:55:00,2024,5,12,13,133,29.6
Shivajinagar AWS,18.5308,73.8474,12-05-2024 14:00,2024-05-12 14:00:00,2024,5,12,14,133,30.1
Shivajinagar AWS,18.5308,73.8474,12-05-2024 14:05,2024-05-12 14:05:00,2024,5,12,14,133,29.4
Shivajinagar AWS,18.5308,73.8474,12-05-2024 14:10,2024-05-12 14:10:00,2024,5,12,14,133,30.0
Shivajinagar AWS,18.5308,73.8474,12-05-2024 14:15,2024-05-12 14:15:00,2024,5,12,14,133,29.9
Shivajinagar AWS,18.5308,73.8474,12-05-2024 14:20,2024-05-12 14:20:00,2024,5,12,14,133,29.4
Shivajinagar AWS,18.5308,73.8474,12-05-2024 14:25,2024-05-12 14:25:00,2024,5,12,14,133,29.3
Shivajinagar AWS,18.5308,73.8474,12-05-2024 14:30,2024-05-12 14:30:00,2024,5,12,14,133,29.1
Shivajinagar AWS,18.5308,73.8474,12-05-2024 14:35,2024-05-12 14:35:00,2024,5,12,14,133,29.3
Shivajinagar AWS,18.5308,73.8474,12-05-2024 14:40,2024-05-12 14:40:00,2024,5,12,14,133,29.1
Shivajinagar AWS,18.5308,73.8474,12-05-2024 14:45,2024-05-12 14:45:00,2024,5,12,14,133,28.4
Shivajinagar AWS,18.5308,73.8474,12-05-2024 14:50,2024-05-12 14:50:00,2024,5,12,14,133,28.5
Shivajinagar AWS,18.5308,73.8474,12-05-2024 14:55,2024-05-12 14:55:00,2024,5,12,14,133,28.1
Shivajinagar AWS,18.5308,73.8474,12-05-2024 15:00,2024-05-12 15:00:00,2024,5,12,15,133,28.3
Shivajinagar AWS,18.5308,73.8474,12-05-2024 15:05,2024-05-12 15:05:00,2024,5,12,15,133,28.0
Shivajinagar AWS,18.5308,73.8474,12-05-2024 15:10,2024-05-12 15:10:00,2024,5,12,15,133,28.0
Shivajinagar AWS,18.5308,73.8474,12-05-2024 15:15,2024-05-12 15:15:00,2024,5,12,15,133,28.3
Shivajinagar AWS,18.5308,73.8474,12-05-2024 15:20,2024-05-12 15:20:00,2024,5,12,15,133,28.5
Shivajinagar AWS,18.5308,73.8474,12-05-2024 15:25,2024-05-12 15:25:00,2024,5,12,15,133,28.8
Shivajinagar AWS,18.5308,73.8474,12-05-2024 15:30,2024-05-12 15:30:00,2024,5,12,15,133,29.3
Shivajinagar AWS,18.5308,73.8474,12-05-2024 15:35,2024-05-12 15:35:00,2024,5,12,15,133,29.1
Shivajinagar AWS,18.5308,73.8474,12-05-2024 15:40,2024-05-12 15:40:00,2024,5,12,15,133,29.3
Shivajinagar AWS,18.5308,73.8474,12-05-2024 15:45,2024-05-12 15:45:00,2024,5,12,15,133,28.2
Shivajinagar AWS,18.5308,73.8474,12-05-2024 15:50,2024-05-12 15:50:00,2024,5,12,15,133,28.6
Shivajinagar AWS,18.5308,73.8474,12-05-2024 15:55,2024-05-12 15:55:00,2024,5,12,15,133,28.8
Shivajinagar AWS,18.5308,73.8474,12-05-2024 16:00,2024-05-12 16:00:00,2024,5,12,16,133,28.8
Shivajinagar AWS,18.5308,73.8474,12-05-2024 16:05,2024-05-12 16:05:00,2024,5,12,16,133,29.3
Shivajinagar AWS,18.5308,73.8474,12-05-2024 16:10,2024-05-12 16:10:00,2024,5,12,16,133,30.1
Shivajinagar AWS,18.5308,73.8474,12-05-2024 16:15,2024-05-12 16:15:00,2024,5,12,16,133,30.2
Shivajinagar AWS,18.5308,73.8474,12-05-2024 16:20,2024-05-12 16:20:00,2024,5,12,16,133,30.2
Shivajinagar AWS,18.5308,73.8474,12-05-2024 16:25,2024-05-12 16:25:00,2024,5,12,16,133,30.6
Shivajinagar AWS,18.5308,73.8474,12-05-2024 16:30,2024-05-12 16:30:00,2024,5,12,16,133,30.5
Shivajinagar AWS,18.5308,73.8474,12-05-2024 16:35,2024-05-12 16:35:00,2024,5,12,16,133,30.6
Shivajinagar AWS,18.5308,73.8474,12-05-2024 16:40,2024-05-12 16:40:00,2024,5,12,16,133,31.5
Shivajinagar AWS,18.5308,73.8474,12-05-2024 16:45,2024-05-12 16:45:00,2024,5,12,16,133,31.9
Shivajinagar AWS,18.5308,73.8474,12-05-2024 16:50,2024-05-12 16:50:00,2024,5,12,16,133,31.6
Shivajinagar AWS,18.5308,73.8474,12-05-2024 16:55,2024-05-12 16:55:00,2024,5,12,16,133,31.3
Shivajinagar AWS,18.5308,73.8474,12-05-2024 17:00,2024-05-12 17:00:00,2024,5,12,17,133,31.8
Shivajinagar AWS,18.5308,73.8474,12-05-2024 17:05,2024-05-12 17:05:00,2024,5,12,17,133,32.6
Shivajinagar AWS,18.5308,73.8474,12-05-2024 17:10,2024-05-12 17:10:00,2024,5,12,17,133,32.5
Shivajinagar AWS,18.5308,73.8474,12-05-2024 17:15,2024-05-12 17:15:00,2024,5,12,17,133,33.1
Shivajinagar AWS,18.5308,73.8474,12-05-2024 17:20,2024-05-12 17:20:00,2024,5,12,17,133,34.1
Shivajinagar AWS,18.5308,73.8474,12-05-2024 17:25,2024-05-12 17:25:00,2024,5,12,17,133,35.3
Shivajinagar AWS,18.5308,73.8474,12-05-2024 17:30,2024-05-12 17:30:00,2024,5,12,17,133,35.9
Shivajinagar AWS,18.5308,73.8474,12-05-2024 17:35,2024-05-12 17:35:00,2024,5,12,17,133,36.5
Shivajinagar AWS,18.5308,73.8474,12-05-2024 17:40,2024-05-12 17:40:00,2024,5,12,17,133,36.1
Shivajinagar AWS,18.5308,73.8474,12-05-2024 17:45,2024-05-12 17:45:00,2024,5,12,17,133,37.4
Shivajinagar AWS,18.5308,73.8474,12-05-2024 17:50,2024-05-12 17:50:00,2024,5,12,17,133,37.5
Shivajinagar AWS,18.5308,73.8474,12-05-2024 17:55,2024-05-12 17:55:00,2024,5,12,17,133,37.6
Shivajinagar AWS,18.5308,73.8474,12-05-2024 18:00,2024-05-12 18:00:00,2024,5,12,18,133,38.0
Shivajinagar AWS,18.5308,73.8474,12-05-2024 18:05,2024-05-12 18:05:00,2024,5,12,18,133,39.0
Shivajinagar AWS,18.5308,73.8474,12-05-2024 18:10,2024-05-12 18:10:00,2024,5,12,18,133,40.3
Shivajinagar AWS,18.5308,73.8474,12-05-2024 18:15,2024-05-12 18:15:00,2024,5,12,18,133,40.8
Shivajinagar AWS,18.5308,73.8474,12-05-2024 18:20,2024-05-12 18:20:00,2024,5,12,18,133,41.6
Shivajinagar AWS,18.5308,73.8474,12-05-2024 18:25,2024-05-12 18:25:00,2024,5,12,18,133,42.0
Shivajinagar AWS,18.5308,73.8474,12-05-2024 18:30,2024-05-12 18:30:00,2024,5,12,18,133,42.0
Shivajinagar AWS,18.5308,73.8474,12-05-2024 18:35,2024-05-12 18:35:00,2024,5,12,18,133,43.0
Shivajinagar AWS,18.5308,73.8474,12-05-2024 18:40,2024-05-12 18:40:00,2024,5,12,18,133,43.1
Shivajinagar AWS,18.5308,73.8474,12-05-2024 18:45,2024-05-12 18:45:00,2024,5,12,18,133,44.2
Shivajinagar AWS,18.5308,73.8474,12-05-2024 18:50,2024-05-12 18:50:00,2024,5,12,18,133,45.1
Shivajinagar AWS,18.5308,73.8474,12-05-2024 18:55,2024-05-12 18:55:00,2024,5,12,18,133,45.7
Shivajinagar AWS,18.5308,73.8474,12-05-2024 19:00,2024-05-12 19:00:00,2024,5,12,19,133,46.8
Shivajinagar AWS,18.5308,73.8474,12-05-2024 19:05,2024-05-12 19:05:00,2024,5,12,19,133,48.1
Shivajinagar AWS,18.5308,73.8474,12-05-2024 19:10,2024-05-12 19:10:00,2024,5,12,19,133,48.3
Shivajinagar AWS,18.5308,73.8474,12-05-2024 19:15,2024-05-12 19:15:00,2024,5,12,19,133,48.3
Shivajinagar AWS,18.5308,73.8474,12-05-2024 19:20,2024-05-12 19:20:00,2024,5,12,19,133,47.9
Shivajinagar AWS,18.5308,73.8474,12-05-2024 19:25,2024-05-12 19:25:00,2024,5,12,19,133,49.2
Shivajinagar AWS,18.5308,73.8474,12-05-2024 19:30,2024-05-12 19:30:00,2024,5,12,19,133,49.4
Shivajinagar AWS,18.5308,73.8474,12-05-2024 19:35,2024-05-12 19:35:00,2024,5,12,19,133,50.2
Shivajinagar AWS,18.5308,73.8474,12-05-2024 19:40,2024-05-12 19:40:00,2024,5,12,19,133,50.3
Shivajinagar AWS,18.5308,73.8474,12-05-2024 19:45,2024-05-12 19:45:00,2024,5,12,19,133,51.3
Shivajinagar AWS,18.5308,73.8474,12-05-2024 19:50,2024-05-12 19:50:00,2024,5,12,19,133,51.4
Shivajinagar AWS,18.5308,73.8474,12-05-2024 19:55,2024-05-12 19:55:00,2024,5,12,19,133,51.3
Shivajinagar AWS,18.5308,73.8474,12-05-2024 20:00,2024-05-12 20:00:00,2024,5,12,20,133,51.6
Shivajinagar AWS,18.5308,73.8474,12-05-2024 20:05,2024-05-12 20:05:00,2024,5,12,20,133,51.8
Shivajinagar AWS,18.5308,73.8474,12-05-2024 20:10,2024-05-12 20:10:00,2024,5,12,20,133,52.5
Shivajinagar AWS,18.5308,73.8474,12-05-2024 20:15,2024-05-12 20:15:00,2024,5,12,20,133,52.9
Shivajinagar AWS,18.5308,73.8474,12-05-2024 20:20,2024-05-12 20:20:00,2024,5,12,20,133,53.6
Shivajinagar AWS,18.5308,73.8474,12-05-2024 20:25,2024-05-12 20:25:00,2024,5,12,20,133,53.9
Shivajinagar AWS,18.5308,73.8474,12-05-2024 20:30,2024-05-12 20:30:00,2024,5,12,20,133,54.1
Shivajinagar AWS,18.5308,73.8474,12-05-2024 20:35,2024-05-12 20:35:00,2024,5,12,20,133,54.3
Shivajinagar AWS,18.5308,73.8474,12-05-2024 20:40,2024-05-12 20:40:00,2024,5,12,20,133,55.6
Shivajinagar AWS,18.5308,73.8474,12-05-2024 20:45,2024-05-12 20:45:00,2024,5,12,20,133,56.1
Shivajinagar AWS,18.5308,73.8474,12-05-2024 20:50,2024-05-12 20:50:00,2024,5,12,20,133,55.7
Shivajinagar AWS,18.5308,73.8474,12-05-2024 20:55,2024-05-12 20:55:00,2024,5,12,20,133,56.0
Shivajinagar AWS,18.5308,73.8474,12-05-2024 21:00,2024-05-12 21:00:00,2024,5,12,21,133,56.5
Shivajinagar AWS,18.5308,73.8474,12-05-2024 21:05,2024-05-12 21:05:00,2024,5,12,21,133,57.7
Shivajinagar AWS,18.5308,73.8474,12-05-2024 21:10,2024-05-12 21:10:00,2024,5,12,21,133,58.6
Shivajinagar AWS,18.5308,73.8474,12-05-2024 21:15,2024-05-12 21:15:00,2024,5,12,21,133,58.6
Shivajinagar AWS,18.5308,73.8474,12-05-2024 21:20,2024-05-12 21:20:00,2024,5,12,21,133,60.0
Shivajinagar AWS,18.5308,73.8474,12-05-2024 21:25,2024-05-12 21:25:00,2024,5,12,21,133,60.4
Shivajinagar AWS,18.5308,73.8474,12-05-2024 21:30,2024-05-12 21:30:00,2024,5,12,21,133,61.3
Shivajinagar AWS,18.5308,73.8474,12-05-2024 21:35,2024-05-12 21:35:00,2024,5,12,21,133,61.2
Shivajinagar AWS,18.5308,73.8474,12-05-2024 21:40,2024-05-12 21:40:00,2024,5,12,21,133,60.6
Shivajinagar AWS,18.5308,73.8474,12-05-2024 21:45,2024-05-12 21:45:00,2024,5,12,21,133,60.5
Shivajinagar AWS,18.5308,73.8474,12-05-2024 21:50,2024-05-12 21:50:00,2024,5,12,21,133,59.7
Shivajinagar AWS,18.5308,73.8474,12-05-2024 21:55,2024-05-12 21:55:00,2024,5,12,21,133,61.1
Shivajinagar AWS,18.5308,73.8474,12-05-2024 22:00,2024-05-12 22:00:00,2024,5,12,22,133,61.6
Shivajinagar AWS,18.5308,73.8474,12-05-2024 22:05,2024-05-12 22:05:00,2024,5,12,22,133,61.7
Shivajinagar AWS,18.5308,73.8474,12-05-2024 22:10,2024-05-12 22:10:00,2024,5,12,22,133,62.4
Shivajinagar AWS,18.5308,73.8474,12-05-2024 22:15,2024-05-12 22:15:00,2024,5,12,22,133,62.9
Shivajinagar AWS,18.5308,73.8474,12-05-2024 22:20,2024-05-12 22:20:00,2024,5,12,22,133,63.7
Shivajinagar AWS,18.5308,73.8474,12-05-2024 22:25,2024-05-12 22:25:00,2024,5,12,22,133,64.6
Shivajinagar AWS,18.5308,73.8474,12-05-2024 22:30,2024-05-12 22:30:00,2024,5,12,22,133,64.9
Shivajinagar AWS,18.5308,73.8474,12-05-2024 22:35,2024-05-12 22:35:00,2024,5,12,22,133,64.9
Shivajinagar AWS,18.5308,73.8474,12-05-2024 22:40,2024-05-12 22:40:00,2024,5,12,22,133,65.7
Shivajinagar AWS,18.5308,73.8474,12-05-2024 22:45,2024-05-12 22:45:00,2024,5,12,22,133,66.4
Shivajinagar AWS,18.5308,73.8474,12-05-2024 22:50,2024-05-12 22:50:00,2024,5,12,22,133,66.9
Shivajinagar AWS,18.5308,73.8474,12-05-2024 22:55,2024-05-12 22:55:00,2024,5,12,22,133,68.1
Shivajinagar AWS,18.5308,73.8474,12-05-2024 23:00,2024-05-12 23:00:00,2024,5,12,23,133,68.3
Shivajinagar AWS,18.5308,73.8474,12-05-2024 23:05,2024-05-12 23:05:00,2024,5,12,23,133,68.2
Shivajinagar AWS,18.5308,73.8474,12-05-2024 23:10,2024-05-12 23:10:00,2024,5,12,23,133,68.8
Shivajinagar AWS,18.5308,73.8474,12-05-2024 23:15,2024-05-12 23:15:00,2024,5,12,23,133,68.8
Shivajinagar AWS,18.5308,73.8474,12-05-2024 23:20,2024-05-12 23:20:00,2024,5,12,23,133,69.4
Shivajinagar AWS,18.5308,73.8474,12-05-2024 23:25,2024-05-12 23:25:00,2024,5,12,23,133,69.4
Shivajinagar AWS,18.5308,73.8474,12-05-2024 23:30,2024-05-12 23:30:00,2024,5,12,23,133,69.5
Shivajinagar AWS,18.5308,73.8474,12-05-2024 23:35,2024-05-12 23:35:00,2024,5,12,23,133,70.6
Shivajinagar AWS,18.5308,73.8474,12-05-2024 23:40,2024-05-12 23:40:00,2024,5,12,23,133,70.8
Shivajinagar AWS,18.5308,73.8474,12-05-2024 23:45,2024-05-12 23:45:00,2024,5,12,23,133,70.8
Shivajinagar AWS,18.5308,73.8474,12-05-2024 23:50,2024-05-12 23:50:00,2024,5,12,23,133,71.5
Shivajinagar AWS,18.5308,73.8474,12-05-2024 23:55,2024-05-12 23:55:00,2024,5,12,23,133,71.4
Shivajinagar AWS,18.5308,73.8474,13-05-2024 00:00,2024-05-13 00:00:00,2024,5,13,0,134,71.4
Shivajinagar AWS,18.5308,73.8474,13-05-2024 00:05,2024-05-13 00:05:00,2024,5,13,0,134,72.0
Shivajinagar AWS,18.5308,73.8474,13-05-2024 00:10,2024-05-13 00:10:00,2024,5,13,0,134,72.6
Shivajinagar AWS,18.5308,73.8474,13-05-2024 00:15,2024-05-13 00:15:00,2024,5,13,0,134,73.4
Shivajinagar AWS,18.5308,73.8474,13-05-2024 00:20,2024-05-13 00:20:00,2024,5,13,0,134,73.3
Shivajinagar AWS,18.5308,73.8474,13-05-2024 00:25,2024-05-13 00:25:00,2024,5,13,0,134,73.7
Shivajinagar AWS,18.5308,73.8474,13-05-2024 00:30,2024-05-13 00:30:00,2024,5,13,0,134,73.8
Shivajinagar AWS,18.5308,73.8474,13-05-2024 00:35,2024-05-13 00:35:00,2024,5,13,0,134,73.7
Shivajinagar AWS,18.5308,73.8474,13-05-2024 00:40,2024-05-13 00:40:00,2024,5,13,0,134,74.5
Shivajinagar AWS,18.5308,73.8474,13-05-2024 00:45,2024-05-13 00:45:00,2024,5,13,0,134,74.4
Shivajinagar AWS,18.5308,73.8474,13-05-2024 00:50,2024-05-13 00:50:00,2024,5,13,0,134,74.7
Shivajinagar AWS,18.5308,73.8474,13-05-2024 00:55,2024-05-13 00:55:00,2024,5,13,0,134,75.0
Shivajinagar AWS,18.5308,73.8474,13-05-2024 01:00,2024-05-13 01:00:00,2024,5,13,1,134,74.7
Shivajinagar AWS,18.5308,73.8474,13-05-2024 01:05,2024-05-13 01:05:00,2024,5,13,1,134,75.3
Shivajinagar AWS,18.5308,73.8474,13-05-2024 01:10,2024-05-13 01:10:00,2024,5,13,1,134,75.6
Shivajinagar AWS,18.5308,73.8474,13-05-2024 01:15,2024-05-13 01:15:00,2024,5,13,1,134,75.0
Shivajinagar AWS,18.5308,73.8474,13-05-2024 01:20,2024-05-13 01:20:00,2024,5,13,1,134,75.3
Shivajinagar AWS,18.5308,73.8474,13-05-2024 01:25,2024-05-13 01:25:00,2024,5,13,1,134,75.1
Shivajinagar AWS,18.5308,73.8474,13-05-2024 01:30,2024-05-13 01:30:00,2024,5,13,1,134,75.7
Shivajinagar AWS,18.5308,73.8474,13-05-2024 01:35,2024-05-13 01:35:00,2024,5,13,1,134,75.2
Shivajinagar AWS,18.5308,73.8474,13-05-2024 01:40,2024-05-13 01:40:00,2024,5,13,1,134,75.2
Shivajinagar AWS,18.5308,73.8474,13-05-2024 01:45,2024-05-13 01:45:00,2024,5,13,1,134,75.5
Shivajinagar AWS,18.5308,73.8474,13-05-2024 01:50,2024-05-13 01:50:00,2024,5,13,1,134,75.7
Shivajinagar AWS,18.5308,73.8474,13-05-2024 01:55,2024-05-13 01:55:00,2024,5,13,1,134,76.1
Shivajinagar AWS,18.5308,73.8474,13-05-2024 02:00,2024-05-13 02:00:00,2024,5,13,2,134,75.5
Shivajinagar AWS,18.5308,73.8474,13-05-2024 02:05,2024-05-13 02:05:00,2024,5,13,2,134,76.3
Shivajinagar AWS,18.5308,73.8474,13-05-2024 02:10,2024-05-13 02:10:00,2024,5,13,2,134,76.6
Shivajinagar AWS,18.5308,73.8474,13-05-2024 02:15,2024-05-13 02:15:00,2024,5,13,2,134,77.2
Shivajinagar AWS,18.5308,73.8474,13-05-2024 02:20,2024-05-13 02:20:00,2024,5,13,2,134,77.5
Shivajinagar AWS,18.5308,73.8474,13-05-2024 02:25,2024-05-13 02:25:00,2024,5,13,2,134,77.5
Shivajinagar AWS,18.5308,73.8474,13-05-2024 02:30,2024-05-13 02:30:00,2024,5,13,2,134,76.9
Shivajinagar AWS,18.5308,73.8474,13-05-2024 02:35,2024-05-13 02:35:00,2024,5,13,2,134,76.7
Shivajinagar AWS,18.5308,73.8474,13-05-2024 02:40,2024-05-13 02:40:00,2024,5,13,2,134,77.3
Shivajinagar AWS,18.5308,73.8474,13-05-2024 02:45,2024-05-13 02:45:00,2024,5,13,2,134,77.8
Shivajinagar AWS,18.5308,73.8474,13-05-2024 02:50,2024-05-13 02:50:00,2024,5,13,2,134,77.5
Shivajinagar AWS,18.5308,73.8474,13-05-2024 02:55,2024-05-13 02:55:00,2024,5,13,2,134,76.2
Shivajinagar AWS,18.5308,73.8474,13-05-2024 03:00,2024-05-13 03:00:00,2024,5,13,3,134,76.1
Shivajinagar AWS,18.5308,73.8474,13-05-2024 03:05,2024-05-13 03:05:00,2024,5,13,3,134,76.0
Shivajinagar AWS,18.5308,73.8474,13-05-2024 03:10,2024-05-13 03:10:00,2024,5,13,3,134,75.8
Shivajinagar AWS,18.5308,73.8474,13-05-2024 03:15,2024-05-13 03:15:00,2024,5,13,3,134,76.0
Shivajinagar AWS,18.5308,73.8474,13-05-2024 03:20,2024-05-13 03:20:00,2024,5,13,3,134,76.2
Shivajinagar AWS,18.5308,73.8474,13-05-2024 03:25,2024-05-13 03:25:00,2024,5,13,3,134,76.5
Shivajinagar AWS,18.5308,73.8474,13-05-2024 03:30,2024-05-13 03:30:00,2024,5,13,3,134,76.6
Shivajinagar AWS,18.5308,73.8474,13-05-2024 03:35,2024-05-13 03:35:00,2024,5,13,3,134,75.7
Shivajinagar AWS,18.5308,73.8474,13-05-2024 03:40,2024-05-13 03:40:00,2024,5,13,3,134,75.4
Shivajinagar AWS,18.5308,73.8474,13-05-2024 03:45,2024-05-13 03:45:00,2024,5,13,3,134,76.2
Shivajinagar AWS,18.5308,73.8474,13-05-2024 03:50,2024-05-13 03:50:00,2024,5,13,3,134,76.2
Shivajinagar AWS,18.5308,73.8474,13-05-2024 03:55,2024-05-13 03:55:00,2024,5,13,3,134,76.1
Shivajinagar AWS,18.5308,73.8474,13-05-2024 04:00,2024-05-13 04:00:00,2024,5,13,4,134,76.1
Shivajinagar AWS,18.5308,73.8474,13-05-2024 04:05,2024-05-13 04:05:00,2024,5,13,4,134,76.0
Shivajinagar AWS,18.5308,73.8474,13-05-2024 04:10,2024-05-13 04:10:00,2024,5,13,4,134,74.8
Shivajinagar AWS,18.5308,73.8474,13-05-2024 04:15,2024-05-13 04:15:00,2024,5,13,4,134,74.5
Shivajinagar AWS,18.5308,73.8474,13-05-2024 04:20,2024-05-13 04:20:00,2024,5,13,4,134,74.3
Shivajinagar AWS,18.5308,73.8474,13-05-2024 04:25,2024-05-13 04:25:00,2024,5,13,4,134,74.6
Shivajinagar AWS,18.5308,73.8474,13-05-2024 04:30,2024-05-13 04:30:00,2024,5,13,4,134,74.3
Shivajinagar AWS,18.5308,73.8474,13-05-2024 04:35,2024-05-13 04:35:00,2024,5,13,4,134,73.4
Shivajinagar AWS,18.5308,73.8474,13-05-2024 04:40,2024-05-13 04:40:00,2024,5,13,4,134,73.4
Shivajinagar AWS,18.5308,73.8474,13-05-2024 04:45,2024-05-13 04:45:00,2024,5,13,4,134,72.8
Shivajinagar AWS,18.5308,73.8474,13-05-2024 04:50,2024-05-13 04:50:00,2024,5,13,4,134,72.1
Shivajinagar AWS,18.5308,73.8474,13-05-2024 04:55,2024-05-13 04:55:00,2024,5,13,4,134,71.5
Shivajinagar AWS,18.5308,73.8474,13-05-2024 05:00,2024-05-13 05:00:00,2024,5,13,5,134,71.5
Shivajinagar AWS,18.5308,73.8474,13-05-2024 05:05,2024-05-13 05:05:00,2024,5,13,5,134,71.7
Shivajinagar AWS,18.5308,73.8474,13-05-2024 05:10,2024-05-13 05:10:00,2024,5,13,5,134,71.7
Shivajinagar AWS,18.5308,73.8474,13-05-2024 05:15,2024-05-13 05:15:00,2024,5,13,5,134,71.6
Shivajinagar AWS,18.5308,73.8474,13-05-2024 05:20,2024-05-13 05:20:00,2024,5,13,5,134,71.5
Shivajinagar AWS,18.5308,73.8474,13-05-2024 05:25,2024-05-13 05:25:00,2024,5,13,5,134,71.2
Shivajinagar AWS,18.5308,73.8474,13-05-2024 05:30,2024-05-13 05:30:00,2024,5,13,5,134,71.1
Shivajinagar AWS,18.5308,73.8474,13-05-2024 05:35,2024-05-13 05:35:00,2024,5,13,5,134,69.8
Shivajinagar AWS,18.5308,73.8474,13-05-2024 05:40,2024-05-13 05:40:00,2024,5,13,5,134,69.5
Shivajinagar AWS,18.5308,73.8474,13-05-2024 05:45,2024-05-13 05:45:00,2024,5,13,5,134,68.8
Shivajinagar AWS,18.5308,73.8474,13-05-2024 05:50,2024-05-13 05:50:00,2024,5,13,5,134,68.9
Shivajinagar AWS,18.5308,73.8474,13-05-2024 05:55,2024-05-13 05:55:00,2024,5,13,5,134,68.5
Shivajinagar AWS,18.5308,73.8474,13-05-2024 06:00,2024-05-13 06:00:00,2024,5,13,6,134,68.2
Shivajinagar AWS,18.5308,73.8474,13-05-2024 06:05,2024-05-13 06:05:00,2024,5,13,6,134,67.2
Shivajinagar AWS,18.5308,73.8474,13-05-2024 06:10,2024-05-13 06:10:00,2024,5,13,6,134,67.3
Shivajinagar AWS,18.5308,73.8474,13-05-2024 06:15,2024-05-13 06:15:00,2024,5,13,6,134,67.1
Shivajinagar AWS,18.5308,73.8474,13-05-2024 06:20,2024-05-13 06:20:00,2024,5,13,6,134,67.0
Shivajinagar AWS,18.5308,73.8474,13-05-2024 06:25,2024-05-13 06:25:00,2024,5,13,6,134,66.2
Shivajinagar AWS,18.5308,73.8474,13-05-2024 06:30,2024-05-13 06:30:00,2024,5,13,6,134,65.5
Shivajinagar AWS,18.5308,73.8474,13-05-2024 06:35,2024-05-13 06:35:00,2024,5,13,6,134,65.2
Shivajinagar AWS,18.5308,73.8474,13-05-2024 06:40,2024-05-13 06:40:00,2024,5,13,6,134,64.6
Shivajinagar AWS,18.5308,73.8474,13-05-2024 06:45,2024-05-13 06:45:00,2024,5,13,6,134,64.4
Shivajinagar AWS,18.5308,73.8474,13-05-2024 06:50,2024-05-13 06:50:00,2024,5,13,6,134,63.1
Shivajinagar AWS,18.5308,73.8474,13-05-2024 06:55,2024-05-13 06:55:00,2024,5,13,6,134,62.5
Shivajinagar AWS,18.5308,73.8474,13-05-2024 07:00,2024-05-13 07:00:00,2024,5,13,7,134,62.9
Shivajinagar AWS,18.5308,73.8474,13-05-2024 07:05,2024-05-13 07:05:00,2024,5,13,7,134,62.7
Shivajinagar AWS,18.5308,73.8474,13-05-2024 07:10,2024-05-13 07:10:00,2024,5,13,7,134,62.3
Shivajinagar AWS,18.5308,73.8474,13-05-2024 07:15,2024-05-13 07:15:00,2024,5,13,7,134,62.7
Shivajinagar AWS,18.5308,73.8474,13-05-2024 07:20,2024-05-13 07:20:00,2024,5,13,7,134,61.3
Shivajinagar AWS,18.5308,73.8474,13-05-2024 07:25,2024-05-13 07:25:00,2024,5,13,7,134,60.5
Shivajinagar AWS,18.5308,73.8474,13-05-2024 07:30,2024-05-13 07:30:00,2024,5,13,7,134,59.9
Shivajinagar AWS,18.5308,73.8474,13-05-2024 07:35,2024-05-13 07:35:00,2024,5,13,7,134,59.9
Shivajinagar AWS,18.5308,73.8474,13-05-2024 07:40,2024-05-13 07:40:00,2024,5,13,7,134,59.8
Shivajinagar AWS,18.5308,73.8474,13-05-2024 07:45,2024-05-13 07:45:00,2024,5,13,7,134,59.0
Shivajinagar AWS,18.5308,73.8474,13-05-2024 07:50,2024-05-13 07:50:00,2024,5,13,7,134,59.0
Shivajinagar AWS,18.5308,73.8474,13-05-2024 07:55,2024-05-13 07:55:00,2024,5,13,7,134,58.3
Shivajinagar AWS,18.5308,73.8474,13-05-2024 08:00,2024-05-13 08:00:00,2024,5,13,8,134,58.4
Shivajinagar AWS,18.5308,73.8474,13-05-2024 08:05,2024-05-13 08:05:00,2024,5,13,8,134,57.5
Shivajinagar AWS,18.5308,73.8474,13-05-2024 08:10,2024-05-13 08:10:00,2024,5,13,8,134,57.0
Shivajinagar AWS,18.5308,73.8474,13-05-2024 08:15,2024-05-13 08:15:00,2024,5,13,8,134,56.3
Shivajinagar AWS,18.5308,73.8474,13-05-2024 08:20,2024-05-13 08:20:00,2024,5,13,8,134,56.3
Shivajinagar AWS,18.5308,73.8474,13-05-2024 08:25,2024-05-13 08:25:00,2024,5,13,8,134,55.6
Shivajinagar AWS,18.5308,73.8474,13-05-2024 08:30,2024-05-13 08:30:00,2024,5,13,8,134,55.1
Shivajinagar AWS,18.5308,73.8474,13-05-2024 08:35,2024-05-13 08:35:00,2024,5,13,8,134,54.8
Shivajinagar AWS,18.5308,73.8474,13-05-2024 08:40,2024-05-13 08:40:00,2024,5,13,8,134,54.6
Shivajinagar AWS,18.5308,73.8474,13-05-2024 08:45,2024-05-13 08:45:00,2024,5,13,8,134,54.5
Shivajinagar AWS,18.5308,73.8474,13-05-2024 08:50,2024-05-13 08:50:00,2024,5,13,8,134,54.0
Shivajinagar AWS,18.5308,73.8474,13-05-2024 08:55,2024-05-13 08:55:00,2024,5,13,8,134,53.4
Shivajinagar AWS,18.5308,73.8474,13-05-2024 09:00,2024-05-13 09:00:00,2024,5,13,9,134,52.7
Shivajinagar AWS,18.5308,73.8474,13-05-2024 09:05,2024-05-13 09:05:00,2024,5,13,9,134,52.3
Shivajinagar AWS,18.5308,73.8474,13-05-2024 09:10,2024-05-13 09:10:00,2024,5,13,9,134,51.9
Shivajinagar AWS,18.5308,73.8474,13-05-2024 09:15,2024-05-13 09:15:00,2024,5,13,9,134,51.3
Shivajinagar AWS,18.5308,73.8474,13-05-2024 09:20,2024-05-13 09:20:00,2024,5,13,9,134,50.9
Shivajinagar AWS,18.5308,73.8474,13-05-2024 09:25,2024-05-13 09:25:00,2024,5,13,9,134,49.8
Shivajinagar AWS,18.5308,73.8474,13-05-2024 09:30,2024-05-13 09:30:00,2024,5,13,9,134,49.6
Shivajinagar AWS,18.5308,73.8474,13-05-2024 09:35,2024-05-13 09:35:00,2024,5,13,9,134,49.2
Shivajinagar AWS,18.5308,73.8474,13-05-2024 09:40,2024-05-13 09:40:00,2024,5,13,9,134,49.2
Shivajinagar AWS,18.5308,73.8474,13-05-2024 09:45,2024-05-13 09:45:00,2024,5,13,9,134,48.7
Shivajinagar AWS,18.5308,73.8474,13-05-2024 09:50,2024-05-13 09:50:00,2024,5,13,9,134,47.6
Shivajinagar AWS,18.5308,73.8474,13-05-2024 09:55,2024-05-13 09:55:00,2024,5,13,9,134,47.0
Shivajinagar AWS,18.5308,73.8474,13-05-2024 10:00,2024-05-13 10:00:00,2024,5,13,10,134,46.5
Shivajinagar AWS,18.5308,73.8474,13-05-2024 10:05,2024-05-13 10:05:00,2024,5,13,10,134,46.4
Shivajinagar AWS,18.5308,73.8474,13-05-2024 10:10,2024-05-13 10:10:00,2024,5,13,10,134,45.1
Shivajinagar AWS,18.5308,73.8474,13-05-2024 10:15,2024-05-13 10:15:00,2024,5,13,10,134,44.8
Shivajinagar AWS,18.5308,73.8474,13-05-2024 10:20,2024-05-13 10:20:00,2024,5,13,10,134,44.6
Shivajinagar AWS,18.5308,73.8474,13-05-2024 10:25,2024-05-13 10:25:00,2024,5,13,10,134,43.9
Shivajinagar AWS,18.5308,73.8474,13-05-2024 10:30,2024-05-13 10:30:00,2024,5,13,10,134,43.6
Shivajinagar AWS,18.5308,73.8474,13-05-2024 10:35,2024-05-13 10:35:00,2024,5,13,10,134,43.0
Shivajinagar AWS,18.5308,73.8474,13-05-2024 10:40,2024-05-13 10:40:00,2024,5,13,10,134,42.3
Shivajinagar AWS,18.5308,73.8474,13-05-2024 10:45,2024-05-13 10:45:00,2024,5,13,10,134,41.9
Shivajinagar AWS,18.5308,73.8474,13-05-2024 10:50,2024-05-13 10:50:00,2024,5,13,10,134,41.2
Shivajinagar AWS,18.5308,73.8474,13-05-2024 10:55,2024-05-13 10:55:00,2024,5,13,10,134,41.2
Shivajinagar AWS,18.5308,73.8474,13-05-2024 11:00,2024-05-13 11:00:00,2024,5,13,11,134,40.6
Shivajinagar AWS,18.5308,73.8474,13-05-2024 11:05,2024-05-13 11:05:00,2024,5,13,11,134,39.9
Shivajinagar AWS,18.5308,73.8474,13-05-2024 11:10,2024-05-13 11:10:00,2024,5,13,11,134,40.4
Shivajinagar AWS,18.5308,73.8474,13-05-2024 11:15,2024-05-13 11:15:00,2024,5,13,11,134,40.4
Shivajinagar AWS,18.5308,73.8474,13-05-2024 11:20,2024-05-13 11:20:00,2024,5,13,11,134,39.4
Shivajinagar AWS,18.5308,73.8474,13-05-2024 11:25,2024-05-13 11:25:00,2024,5,13,11,134,38.8
Shivajinagar AWS,18.5308,73.8474,13-05-2024 11:30,2024-05-13 11:30:00,2024,5,13,11,134,38.6
Shivajinagar AWS,18.5308,73.8474,13-05-2024 11:35,2024-05-13 11:35:00,2024,5,13,11,134,38.5
Shivajinagar AWS,18.5308,73.8474,13-05-2024 11:40,2024-05-13 11:40:00,2024,5,13,11,134,37.6
Shivajinagar AWS,18.5308,73.8474,13-05-2024 11:45,2024-05-13 11:45:00,2024,5,13,11,134,37.9
Shivajinagar AWS,18.5308,73.8474,13-05-2024 11:50,2024-05-13 11:50:00,2024,5,13,11,134,37.9
Shivajinagar AWS,18.5308,73.8474,13-05-2024 11:55,2024-05-13 11:55:00,2024,5,13,11,134,37.9
Shivajinagar AWS,18.5308,73.8474,13-05-2024 12:00,2024-05-13 12:00:00,2024,5,13,12,134,38.1
Shivajinagar AWS,18.5308,73.8474,13-05-2024 12:05,2024-05-13 12:05:00,2024,5,13,12,134,38.0
Shivajinagar AWS,18.5308,73.8474,13-05-2024 12:10,2024-05-13 12:10:00,2024,5,13,12,134,37.9
Shivajinagar AWS,18.5308,73.8474,13-05-2024 12:15,2024-05-13 12:15:00,2024,5,13,12,134,38.3
Shivajinagar AWS,18.5308,73.8474,13-05-2024 12:20,2024-05-13 12:20:00,2024,5,13,12,134,38.4
Shivajinagar AWS,18.5308,73.8474,13-05-2024 12:25,2024-05-13 12:25:00,2024,5,13,12,134,37.7
Shivajinagar AWS,18.5308,73.8474,13-05-2024 12:30,2024-05-13 12:30:00,2024,5,13,12,134,37.7
Shivajinagar AWS,18.5308,73.8474,13-05-2024 12:35,2024-05-13 12:35:00,2024,5,13,12,134,37.1
Shivajinagar AWS,18.5308,73.8474,13-05-2024 12:40,2024-05-13 12:40:00,2024,5,13,12,134,37.1
Shivajinagar AWS,18.5308,73.8474,13-05-2024 12:45,2024-05-13 12:45:00,2024,5,13,12,134,37.0
Shivajinagar AWS,18.5308,73.8474,13-05-2024 12:50,2024-05-13 12:50:00,2024,5,13,12,134,36.2
Shivajinagar AWS,18.5308,73.8474,13-05-2024 12:55,2024-05-13 12:55:00,2024,5,13,12,134,35.9
Shivajinagar AWS,18.5308,73.8474,13-05-2024 13:00,2024-05-13 13:00:00,2024,5,13,13,134,35.8
Shivajinagar AWS,18.5308,73.8474,13-05-2024 13:05,2024-05-13 13:05:00,2024,5,13,13,134,35.4
Shivajinagar AWS,18.5308,73.8474,13-05-2024 13:10,2024-05-13 13:10:00,2024,5,13,13,134,35.4
Shivajinagar AWS,18.5308,73.8474,13-05-2024 13:15,2024-05-13 13:15:00,2024,5,13,13,134,35.5
Shivajinagar AWS,18.5308,73.8474,13-05-2024 13:20,2024-05-13 13:20:00,2024,5,13,13,134,35.3
Shivajinagar AWS,18.5308,73.8474,13-05-2024 13:25,2024-05-13 13:25:00,2024,5,13,13,134,35.2
Shivajinagar AWS,18.5308,73.8474,13-05-2024 13:30,2024-05-13 13:30:00,2024,5,13,13,134,35.6
Shivajinagar AWS,18.5308,73.8474,13-05-2024 13:35,2024-05-13 13:35:00,2024,5,13,13,134,35.6
Shivajinagar AWS,18.5308,73.8474,13-05-2024 13:40,2024-05-13 13:40:00,2024,5,13,13,134,35.5
Shivajinagar AWS,18.5308,73.8474,13-05-2024 13:45,2024-05-13 13:45:00,2024,5,13,13,134,35.0
Shivajinagar AWS,18.5308,73.8474,13-05-2024 13:50,2024-05-13 13:50:00,2024,5,13,13,134,35.1
Shivajinagar AWS,18.5308,73.8474,13-05-2024 13:55,2024-05-13 13:55:00,2024,5,13,13,134,35.1
Shivajinagar AWS,18.5308,73.8474,13-05-2024 14:00,2024-05-13 14:00:00,2024,5,13,14,134,35.5
Shivajinagar AWS,18.5308,73.8474,13-05-2024 14:05,2024-05-13 14:05:00,2024,5,13,14,134,35.4
Shivajinagar AWS,18.5308,73.8474,13-05-2024 14:10,2024-05-13 14:10:00,2024,5,13,14,134,34.5
Shivajinagar AWS,18.5308,73.8474,13-05-2024 14:15,2024-05-13 14:15:00,2024,5,13,14,134,33.8
Shivajinagar AWS,18.5308,73.8474,13-05-2024 14:20,2024-05-13 14:20:00,2024,5,13,14,134,34.0
Shivajinagar AWS,18.5308,73.8474,13-05-2024 14:25,2024-05-13 14:25:00,2024,5,13,14,134,33.8
Shivajinagar AWS,18.5308,73.8474,13-05-2024 14:30,2024-05-13 14:30:00,2024,5,13,14,134,33.9
Shivajinagar AWS,18.5308,73.8474,13-05-2024 14:35,2024-05-13 14:35:00,2024,5,13,14,134,34.0
Shivajinagar AWS,18.5308,73.8474,13-05-2024 14:40,2024-05-13 14:40:00,2024,5,13,14,134,33.9
Shivajinagar AWS,18.5308,73.8474,13-05-2024 14:45,2024-05-13 14:45:00,2024,5,13,14,134,33.9
Shivajinagar AWS,18.5308,73.8474,13-05-2024 14:50,2024-05-13 14:50:00,2024,5,13,14,134,33.5
Shivajinagar AWS,18.5308,73.8474,13-05-2024 14:55,2024-05-13 14:55:00,2024,5,13,14,134,33.6
Shivajinagar AWS,18.5308,73.8474,13-05-2024 15:00,2024-05-13 15:00:00,2024,5,13,15,134,33.4
Shivajinagar AWS,18.5308,73.8474,13-05-2024 15:05,2024-05-13 15:05:00,2024,5,13,15,134,33.4
Shivajinagar AWS,18.5308,73.8474,13-05-2024 15:10,2024-05-13 15:10:00,2024,5,13,15,134,33.3
Shivajinagar AWS,18.5308,73.8474,13-05-2024 15:15,2024-05-13 15:15:00,2024,5,13,15,134,33.4
Shivajinagar AWS,18.5308,73.8474,13-05-2024 15:20,2024-05-13 15:20:00,2024,5,13,15,134,33.9
Shivajinagar AWS,18.5308,73.8474,13-05-2024 15:25,2024-05-13 15:25:00,2024,5,13,15,134,33.9
Shivajinagar AWS,18.5308,73.8474,13-05-2024 15:30,2024-05-13 15:30:00,2024,5,13,15,134,34.5
Shivajinagar AWS,18.5308,73.8474,13-05-2024 15:35,2024-05-13 15:35:00,2024,5,13,15,134,35.2
Shivajinagar AWS,18.5308,73.8474,13-05-2024 15:40,2024-05-13 15:40:00,2024,5,13,15,134,35.7
Shivajinagar AWS,18.5308,73.8474,13-05-2024 15:45,2024-05-13 15:45:00,2024,5,13,15,134,36.0
Shivajinagar AWS,18.5308,73.8474,13-05-2024 15:50,2024-05-13 15:50:00,2024,5,13,15,134,36.2
Shivajinagar AWS,18.5308,73.8474,13-05-2024 15:55,2024-05-13 15:55:00,2024,5,13,15,134,36.6
Shivajinagar AWS,18.5308,73.8474,13-05-2024 16:00,2024-05-13 16:00:00,2024,5,13,16,134,36.8
Shivajinagar AWS,18.5308,73.8474,13-05-2024 16:05,2024-05-13 16:05:00,2024,5,13,16,134,37.3
Shivajinagar AWS,18.5308,73.8474,13-05-2024 16:10,2024-05-13 16:10:00,2024,5,13,16,134,37.6
Shivajinagar AWS,18.5308,73.8474,13-05-2024 16:15,2024-05-13 16:15:00,2024,5,13,16,134,37.6
Shivajinagar AWS,18.5308,73.8474,13-05-2024 16:20,2024-05-13 16:20:00,2024,5,13,16,134,38.1
Shivajinagar AWS,18.5308,73.8474,13-05-2024 16:25,2024-05-13 16:25:00,2024,5,13,16,134,38.2
Shivajinagar AWS,18.5308,73.8474,13-05-2024 16:30,2024-05-13 16:30:00,2024,5,13,16,134,38.3
Shivajinagar AWS,18.5308,73.8474,13-05-2024 16:35,2024-05-13 16:35:00,2024,5,13,16,134,38.3
Shivajinagar AWS,18.5308,73.8474,13-05-2024 16:40,2024-05-13 16:40:00,2024,5,13,16,134,38.5
Shivajinagar AWS,18.5308,73.8474,13-05-2024 16:45,2024-05-13 16:45:00,2024,5,13,16,134,39.1
Shivajinagar AWS,18.5308,73.8474,13-05-2024 16:50,2024-05-13 16:50:00,2024,5,13,16,134,39.7
Shivajinagar AWS,18.5308,73.8474,13-05-2024 16:55,2024-05-13 16:55:00,2024,5,13,16,134,40.0
Shivajinagar AWS,18.5308,73.8474,13-05-2024 17:00,2024-05-13 17:00:00,2024,5,13,17,134,40.4
Shivajinagar AWS,18.5308,73.8474,13-05-2024 17:05,2024-05-13 17:05:00,2024,5,13,17,134,41.1
Shivajinagar AWS,18.5308,73.8474,13-05-2024 17:10,2024-05-13 17:10:00,2024,5,13,17,134,41.2
Shivajinagar AWS,18.5308,73.8474,13-05-2024 17:15,2024-05-13 17:15:00,2024,5,13,17,134,40.9
Shivajinagar AWS,18.5308,73.8474,13-05-2024 17:20,2024-05-13 17:20:00,2024,5,13,17,134,41.7
Shivajinagar AWS,18.5308,73.8474,13-05-2024 17:25,2024-05-13 17:25:00,2024,5,13,17,134,41.7
Shivajinagar AWS,18.5308,73.8474,13-05-2024 17:30,2024-05-13 17:30:00,2024,5,13,17,134,41.6
Shivajinagar AWS,18.5308,73.8474,13-05-2024 17:35,2024-05-13 17:35:00,2024,5,13,17,134,41.2
Shivajinagar AWS,18.5308,73.8474,13-05-2024 17:40,2024-05-13 17:40:00,2024,5,13,17,134,41.7
Shivajinagar AWS,18.5308,73.8474,13-05-2024 17:45,2024-05-13 17:45:00,2024,5,13,17,134,41.3
Shivajinagar AWS,18.5308,73.8474,13-05-2024 17:50,2024-05-13 17:50:00,2024,5,13,17,134,41.4
Shivajinagar AWS,18.5308,73.8474,13-05-2024 17:55,2024-05-13 17:55:00,2024,5,13,17,134,42.0
Shivajinagar AWS,18.5308,73.8474,13-05-2024 18:00,2024-05-13 18:00:00,2024,5,13,18,134,42.6
Shivajinagar AWS,18.5308,73.8474,13-05-2024 18:05,2024-05-13 18:05:00,2024,5,13,18,134,42.7
Shivajinagar AWS,18.5308,73.8474,13-05-2024 18:10,2024-05-13 18:10:00,2024,5,13,18,134,43.1
Shivajinagar AWS,18.5308,73.8474,13-05-2024 18:15,2024-05-13 18:15:00,2024,5,13,18,134,43.1
Shivajinagar AWS,18.5308,73.8474,13-05-2024 18:20,2024-05-13 18:20:00,2024,5,13,18,134,43.3
Shivajinagar AWS,18.5308,73.8474,13-05-2024 18:25,2024-05-13 18:25:00,2024,5,13,18,134,43.8
Shivajinagar AWS,18.5308,73.8474,13-05-2024 18:30,2024-05-13 18:30:00,2024,5,13,18,134,44.0
Shivajinagar AWS,18.5308,73.8474,13-05-2024 18:35,2024-05-13 18:35:00,2024,5,13,18,134,44.4
Shivajinagar AWS,18.5308,73.8474,13-05-2024 19:15,2024-05-13 19:15:00,2024,5,13,19,134,47.6
Shivajinagar AWS,18.5308,73.8474,13-05-2024 19:20,2024-05-13 19:20:00,2024,5,13,19,134,49.4
Shivajinagar AWS,18.5308,73.8474,13-05-2024 19:25,2024-05-13 19:25:00,2024,5,13,19,134,49.7
Shivajinagar AWS,18.5308,73.8474,13-05-2024 19:30,2024-05-13 19:30:00,2024,5,13,19,134,50.6
Shivajinagar AWS,18.5308,73.8474,13-05-2024 19:35,2024-05-13 19:35:00,2024,5,13,19,134,50.5
Shivajinagar AWS,18.5308,73.8474,13-05-2024 19:40,2024-05-13 19:40:00,2024,5,13,19,134,51.3
Shivajinagar AWS,18.5308,73.8474,13-05-2024 19:45,2024-05-13 19:45:00,2024,5,13,19,134,52.5
Shivajinagar AWS,18.5308,73.8474,13-05-2024 19:50,2024-05-13 19:50:00,2024,5,13,19,134,52.9
Shivajinagar AWS,18.5308,73.8474,13-05-2024 19:55,2024-05-13 19:55:00,2024,5,13,19,134,52.9
Shivajinagar AWS,18.5308,73.8474,13-05-2024 20:00,2024-05-13 20:00:00,2024,5,13,20,134,53.3
Shivajinagar AWS,18.5308,73.8474,13-05-2024 20:05,2024-05-13 20:05:00,2024,5,13,20,134,52.8
Shivajinagar AWS,18.5308,73.8474,13-05-2024 20:10,2024-05-13 20:10:00,2024,5,13,20,134,53.3
Shivajinagar AWS,18.5308,73.8474,13-05-2024 20:15,2024-05-13 20:15:00,2024,5,13,20,134,54.1
Shivajinagar AWS,18.5308,73.8474,13-05-2024 20:20,2024-05-13 20:20:00,2024,5,13,20,134,54.5
Shivajinagar AWS,18.5308,73.8474,13-05-2024 20:25,2024-05-13 20:25:00,2024,5,13,20,134,54.9
Shivajinagar AWS,18.5308,73.8474,13-05-2024 20:30,2024-05-13 20:30:00,2024,5,13,20,134,55.6
Shivajinagar AWS,18.5308,73.8474,13-05-2024 20:35,2024-05-13 20:35:00,2024,5,13,20,134,56.3
Shivajinagar AWS,18.5308,73.8474,13-05-2024 20:40,2024-05-13 20:40:00,2024,5,13,20,134,56.0
Shivajinagar AWS,18.5308,73.8474,13-05-2024 20:45,2024-05-13 20:45:00,2024,5,13,20,134,56.6
Shivajinagar AWS,18.5308,73.8474,13-05-2024 20:50,2024-05-13 20:50:00,2024,5,13,20,134,58.0
Shivajinagar AWS,18.5308,73.8474,13-05-2024 20:55,2024-05-13 20:55:00,2024,5,13,20,134,57.9
Shivajinagar AWS,18.5308,73.8474,13-05-2024 21:00,2024-05-13 21:00:00,2024,5,13,21,134,58.3
Shivajinagar AWS,18.5308,73.8474,13-05-2024 21:05,2024-05-13 21:05:00,2024,5,13,21,134,59.6
Shivajinagar AWS,18.5308,73.8474,13-05-2024 21:10,2024-05-13 21:10:00,2024,5,13,21,134,60.4
Shivajinagar AWS,18.5308,73.8474,13-05-2024 21:15,2024-05-13 21:15:00,2024,5,13,21,134,60.6
Shivajinagar AWS,18.5308,73.8474,13-05-2024 21:20,2024-05-13 21:20:00,2024,5,13,21,134,61.1
Shivajinagar AWS,18.5308,73.8474,13-05-2024 21:25,2024-05-13 21:25:00,2024,5,13,21,134,61.5
Shivajinagar AWS,18.5308,73.8474,13-05-2024 21:30,2024-05-13 21:30:00,2024,5,13,21,134,61.6
Shivajinagar AWS,18.5308,73.8474,13-05-2024 21:35,2024-05-13 21:35:00,2024,5,13,21,134,62.0
Shivajinagar AWS,18.5308,73.8474,13-05-2024 21:40,2024-05-13 21:40:00,2024,5,13,21,134,62.3
Shivajinagar AWS,18.5308,73.8474,13-05-2024 21:45,2024-05-13 21:45:00,2024,5,13,21,134,62.8
Shivajinagar AWS,18.5308,73.8474,13-05-2024 21:50,2024-05-13 21:50:00,2024,5,13,21,134,62.9
Shivajinagar AWS,18.5308,73.8474,13-05-2024 21:55,2024-05-13 21:55:00,2024,5,13,21,134,62.8
Shivajinagar AWS,18.5308,73.8474,13-05-2024 22:00,2024-05-13 22:00:00,2024,5,13,22,134,63.3
Shivajinagar AWS,18.5308,73.8474,13-05-2024 22:05,2024-05-13 22:05:00,2024,5,13,22,134,64.4
Shivajinagar AWS,18.5308,73.8474,13-05-2024 22:10,2024-05-13 22:10:00,2024,5,13,22,134,64.8
Shivajinagar AWS,18.5308,73.8474,13-05-2024 22:15,2024-05-13 22:15:00,2024,5,13,22,134,65.1
Shivajinagar AWS,18.5308,73.8474,13-05-2024 22:20,2024-05-13 22:20:00,2024,5,13,22,134,65.8
Shivajinagar AWS,18.5308,73.8474,13-05-2024 22:25,2024-05-13 22:25:00,2024,5,13,22,134,66.2
Shivajinagar AWS,18.5308,73.8474,13-05-2024 22:30,2024-05-13 22:30:00,2024,5,13,22,134,67.3
Shivajinagar AWS,18.5308,73.8474,13-05-2024 22:35,2024-05-13 22:35:00,2024,5,13,22,134,67.6
Shivajinagar AWS,18.5308,73.8474,13-05-2024 22:40,2024-05-13 22:40:00,2024,5,13,22,134,68.3
Shivajinagar AWS,18.5308,73.8474,13-05-2024 22:45,2024-05-13 22:45:00,2024,5,13,22,134,68.3
Shivajinagar AWS,18.5308,73.8474,13-05-2024 22:50,2024-05-13 22:50:00,2024,5,13,22,134,68.8
Shivajinagar AWS,18.5308,73.8474,13-05-2024 22:55,2024-05-13 22:55:00,2024,5,13,22,134,69.3
Shivajinagar AWS,18.5308,73.8474,13-05-2024 23:00,2024-05-13 23:00:00,2024,5,13,23,134,69.5
Shivajinagar AWS,18.5308,73.8474,13-05-2024 23:05,2024-05-13 23:05:00,2024,5,13,23,134,69.7
Shivajinagar AWS,18.5308,73.8474,13-05-2024 23:10,2024-05-13 23:10:00,2024,5,13,23,134,69.7
Shivajinagar AWS,18.5308,73.8474,13-05-2024 23:15,2024-05-13 23:15:00,2024,5,13,23,134,70.2
Shivajinagar AWS,18.5308,73.8474,13-05-2024 23:20,2024-05-13 23:20:00,2024,5,13,23,134,70.7
Shivajinagar AWS,18.5308,73.8474,13-05-2024 23:25,2024-05-13 23:25:00,2024,5,13,23,134,71.0
Shivajinagar AWS,18.5308,73.8474,13-05-2024 23:30,2024-05-13 23:30:00,2024,5,13,23,134,71.4
Shivajinagar AWS,18.5308,73.8474,13-05-2024 23:35,2024-05-13 23:35:00,2024,5,13,23,134,71.7
Shivajinagar AWS,18.5308,73.8474,13-05-2024 23:40,2024-05-13 23:40:00,2024,5,13,23,134,72.0
Shivajinagar AWS,18.5308,73.8474,13-05-2024 23:45,2024-05-13 23:45:00,2024,5,13,23,134,72.2
Shivajinagar AWS,18.5308,73.8474,13-05-2024 23:50,2024-05-13 23:50:00,2024,5,13,23,134,72.4
Shivajinagar AWS,18.5308,73.8474,13-05-2024 23:55,2024-05-13 23:55:00,2024,5,13,23,134,73.8
Shivajinagar AWS,18.5308,73.8474,14-05-2024 00:00,2024-05-14 00:00:00,2024,5,14,0,135,74.1
Shivajinagar AWS,18.5308,73.8474,14-05-2024 00:05,2024-05-14 00:05:00,2024,5,14,0,135,74.6
Shivajinagar AWS,18.5308,73.8474,14-05-2024 00:10,2024-05-14 00:10:00,2024,5,14,0,135,74.9
Shivajinagar AWS,18.5308,73.8474,14-05-2024 00:15,2024-05-14 00:15:00,2024,5,14,0,135,75.0
Shivajinagar AWS,18.5308,73.8474,14-05-2024 00:20,2024-05-14 00:20:00,2024,5,14,0,135,75.6
Shivajinagar AWS,18.5308,73.8474,14-05-2024 00:25,2024-05-14 00:25:00,2024,5,14,0,135,75.7
Shivajinagar AWS,18.5308,73.8474,14-05-2024 00:30,2024-05-14 00:30:00,2024,5,14,0,135,76.2
Shivajinagar AWS,18.5308,73.8474,14-05-2024 00:35,2024-05-14 00:35:00,2024,5,14,0,135,76.2
Shivajinagar AWS,18.5308,73.8474,14-05-2024 00:40,2024-05-14 00:40:00,2024,5,14,0,135,75.9
Shivajinagar AWS,18.5308,73.8474,14-05-2024 00:45,2024-05-14 00:45:00,2024,5,14,0,135,76.2
Shivajinagar AWS,18.5308,73.8474,14-05-2024 00:50,2024-05-14 00:50:00,2024,5,14,0,135,75.9
Shivajinagar AWS,18.5308,73.8474,14-05-2024 00:55,2024-05-14 00:55:00,2024,5,14,0,135,76.2
Shivajinagar AWS,18.5308,73.8474,14-05-2024 01:00,2024-05-14 01:00:00,2024,5,14,1,135,75.8
Shivajinagar AWS,18.5308,73.8474,14-05-2024 01:05,2024-05-14 01:05:00,2024,5,14,1,135,75.8
Shivajinagar AWS,18.5308,73.8474,14-05-2024 01:10,2024-05-14 01:10:00,2024,5,14,1,135,75.4
Shivajinagar AWS,18.5308,73.8474,14-05-2024 01:15,2024-05-14 01:15:00,2024,5,14,1,135,76.7
Shivajinagar AWS,18.5308,73.8474,14-05-2024 01:20,2024-05-14 01:20:00,2024,5,14,1,135,76.1
Shivajinagar AWS,18.5308,73.8474,14-05-2024 01:25,2024-05-14 01:25:00,2024,5,14,1,135,76.2
Shivajinagar AWS,18.5308,73.8474,14-05-2024 01:30,2024-05-14 01:30:00,2024,5,14,1,135,76.8
Shivajinagar AWS,18.5308,73.8474,14-05-2024 01:35,2024-05-14 01:35:00,2024,5,14,1,135,77.2
Shivajinagar AWS,18.5308,73.8474,14-05-2024 01:40,2024-05-14 01:40:00,2024,5,14,1,135,77.6
Shivajinagar AWS,18.5308,73.8474,14-05-2024 01:45,2024-05-14 01:45:00,2024,5,14,1,135,77.5
Shivajinagar AWS,18.5308,73.8474,14-05-2024 01:50,2024-05-14 01:50:00,2024,5,14,1,135,78.1
Shivajinagar AWS,18.5308,73.8474,14-05-2024 01:55,2024-05-14 01:55:00,2024,5,14,1,135,78.4
Shivajinagar AWS,18.5308,73.8474,14-05-2024 02:00,2024-05-14 02:00:00,2024,5,14,2,135,78.4
Shivajinagar AWS,18.5308,73.8474,14-05-2024 02:05,2024-05-14 02:05:00,2024,5,14,2,135,78.5
Shivajinagar AWS,18.5308,73.8474,14-05-2024 02:10,2024-05-14 02:10:00,2024,5,14,2,135,78.3
Shivajinagar AWS,18.5308,73.8474,14-05-2024 02:15,2024-05-14 02:15:00,2024,5,14,2,135,77.9
Shivajinagar AWS,18.5308,73.8474,14-05-2024 02:20,2024-05-14 02:20:00,2024,5,14,2,135,78.3
Shivajinagar AWS,18.5308,73.8474,14-05-2024 02:25,2024-05-14 02:25:00,2024,5,14,2,135,78.7
Shivajinagar AWS,18.5308,73.8474,14-05-2024 02:30,2024-05-14 02:30:00,2024,5,14,2,135,78.3
Shivajinagar AWS,18.5308,73.8474,14-05-2024 02:35,2024-05-14 02:35:00,2024,5,14,2,135,78.1
Shivajinagar AWS,18.5308,73.8474,14-05-2024 02:40,2024-05-14 02:40:00,2024,5,14,2,135,77.9
Shivajinagar AWS,18.5308,73.8474,14-05-2024 02:45,2024-05-14 02:45:00,2024,5,14,2,135,77.8
Shivajinagar AWS,18.5308,73.8474,14-05-2024 02:50,2024-05-14 02:50:00,2024,5,14,2,135,77.7
Shivajinagar AWS,18.5308,73.8474,14-05-2024 02:55,2024-05-14 02:55:00,2024,5,14,2,135,78.0
Shivajinagar AWS,18.5308,73.8474,14-05-2024 03:00,2024-05-14 03:00:00,2024,5,14,3,135,77.5
Shivajinagar AWS,18.5308,73.8474,14-05-2024 03:05,2024-05-14 03:05:00,2024,5,14,3,135,77.0
Shivajinagar AWS,18.5308,73.8474,14-05-2024 03:10,2024-05-14 03:10:00,2024,5,14,3,135,77.4
Shivajinagar AWS,18.5308,73.8474,14-05-2024 03:15,2024-05-14 03:15:00,2024,5,14,3,135,77.0
Shivajinagar AWS,18.5308,73.8474,14-05-2024 03:20,2024-05-14 03:20:00,2024,5,14,3,135,76.4
Shivajinagar AWS,18.5308,73.8474,14-05-2024 03:25,2024-05-14 03:25:00,2024,5,14,3,135,76.0
Shivajinagar AWS,18.5308,73.8474,14-05-2024 03:30,2024-05-14 03:30:00,2024,5,14,3,135,75.8
Shivajinagar AWS,18.5308,73.8474,14-05-2024 03:35,2024-05-14 03:35:00,2024,5,14,3,135,76.2
Shivajinagar AWS,18.5308,73.8474,14-05-2024 03:40,2024-05-14 03:40:00,2024,5,14,3,135,76.4
Shivajinagar AWS,18.5308,73.8474,14-05-2024 03:45,2024-05-14 03:45:00,2024,5,14,3,135,76.6
Shivajinagar AWS,18.5308,73.8474,14-05-2024 03:50,2024-05-14 03:50:00,2024,5,14,3,135,76.7
Shivajinagar AWS,18.5308,73.8474,14-05-2024 03:55,2024-05-14 03:55:00,2024,5,14,3,135,76.8
Shivajinagar AWS,18.5308,73.8474,14-05-2024 04:00,2024-05-14 04:00:00,2024,5,14,4,135,76.3
Shivajinagar AWS,18.5308,73.8474,14-05-2024 04:05,2024-05-14 04:05:00,2024,5,14,4,135,75.9
Shivajinagar AWS,18.5308,73.8474,14-05-2024 04:10,2024-05-14 04:10:00,2024,5,14,4,135,75.2
Shivajinagar AWS,18.5308,73.8474,14-05-2024 04:15,2024-05-14 04:15:00,2024,5,14,4,135,74.9
Shivajinagar AWS,18.5308,73.8474,14-05-2024 04:20,2024-05-14 04:20:00,2024,5,14,4,135,74.9
Shivajinagar AWS,18.5308,73.8474,14-05-2024 04:25,2024-05-14 04:25:00,2024,5,14,4,135,74.6
Shivajinagar AWS,18.5308,73.8474,14-05-2024 04:30,2024-05-14 04:30:00,2024,5,14,4,135,74.8
Shivajinagar AWS,18.5308,73.8474,14-05-2024 04:35,2024-05-14 04:35:00,2024,5,14,4,135,74.0
Shivajinagar AWS,18.5308,73.8474,14-05-2024 04:40,2024-05-14 04:40:00,2024,5,14,4,135,73.9
Shivajinagar AWS,18.5308,73.8474,14-05-2024 04:45,2024-05-14 04:45:00,2024,5,14,4,135,73.1
Shivajinagar AWS,18.5308,73.8474,14-05-2024 04:50,2024-05-14 04:50:00,2024,5,14,4,135,72.8
Shivajinagar AWS,18.5308,73.8474,14-05-2024 04:55,2024-05-14 04:55:00,2024,5,14,4,135,72.8
Shivajinagar AWS,18.5308,73.8474,14-05-2024 05:00,2024-05-14 05:00:00,2024,5,14,5,135,72.3
Shivajinagar AWS,18.5308,73.8474,14-05-2024 05:05,2024-05-14 05:05:00,2024,5,14,5,135,72.2
Shivajinagar AWS,18.5308,73.8474,14-05-2024 05:10,2024-05-14 05:10:00,2024,5,14,5,135,71.4
Shivajinagar AWS,18.5308,73.8474,14-05-2024 05:15,2024-05-14 05:15:00,2024,5,14,5,135,70.4
Shivajinagar AWS,18.5308,73.8474,14-05-2024 05:20,2024-05-14 05:20:00,2024,5,14,5,135,70.3
Shivajinagar AWS,18.5308,73.8474,14-05-2024 05:25,2024-05-14 05:25:00,2024,5,14,5,135,70.7
Shivajinagar AWS,18.5308,73.8474,14-05-2024 05:30,2024-05-14 05:30:00,2024,5,14,5,135,69.9
Shivajinagar AWS,18.5308,73.8474,14-05-2024 05:35,2024-05-14 05:35:00,2024,5,14,5,135,70.0
Shivajinagar AWS,18.5308,73.8474,14-05-2024 05:40,2024-05-14 05:40:00,2024,5,14,5,135,69.6
Shivajinagar AWS,18.5308,73.8474,14-05-2024 05:45,2024-05-14 05:45:00,2024,5,14,5,135,68.7
Shivajinagar AWS,18.5308,73.8474,14-05-2024 05:50,2024-05-14 05:50:00,2024,5,14,5,135,67.8
Shivajinagar AWS,18.5308,73.8474,14-05-2024 05:55,2024-05-14 05:55:00,2024,5,14,5,135,67.4
Shivajinagar AWS,18.5308,73.8474,14-05-2024 06:00,2024-05-14 06:00:00,2024,5,14,6,135,66.9
Shivajinagar AWS,18.5308,73.8474,14-05-2024 06:05,2024-05-14 06:05:00,2024,5,14,6,135,66.0
Shivajinagar AWS,18.5308,73.8474,14-05-2024 06:10,2024-05-14 06:10:00,2024,5,14,6,135,65.0
Shivajinagar AWS,18.5308,73.8474,14-05-2024 06:15,2024-05-14 06:15:00,2024,5,14,6,135,64.3
Shivajinagar AWS,18.5308,73.8474,14-05-2024 06:20,2024-05-14 06:20:00,2024,5,14,6,135,64.0
Shivajinagar AWS,18.5308,73.8474,14-05-2024 06:25,2024-05-14 06:25:00,2024,5,14,6,135,63.7
Shivajinagar AWS,18.5308,73.8474,14-05-2024 06:30,2024-05-14 06:30:00,2024,5,14,6,135,63.1
Shivajinagar AWS,18.5308,73.8474,14-05-2024 06:35,2024-05-14 06:35:00,2024,5,14,6,135,62.9
Shivajinagar AWS,18.5308,73.8474,14-05-2024 06:40,2024-05-14 06:40:00,2024,5,14,6,135,62.9
Shivajinagar AWS,18.5308,73.8474,14-05-2024 06:45,2024-05-14 06:45:00,2024,5,14,6,135,62.7
Shivajinagar AWS,18.5308,73.8474,14-05-2024 06:50,2024-05-14 06:50:00,2024,5,14,6,135,62.2
Shivajinagar AWS,18.5308,73.8474,14-05-2024 06:55,2024-05-14 06:55:00,2024,5,14,6,135,62.2
Shivajinagar AWS,18.5308,73.8474,14-05-2024 07:00,2024-05-14 07:00:00,2024,5,14,7,135,61.3
Shivajinagar AWS,18.5308,73.8474,14-05-2024 07:05,2024-05-14 07:05:00,2024,5,14,7,135,60.8
Shivajinagar AWS,18.5308,73.8474,14-05-2024 07:10,2024-05-14 07:10:00,2024,5,14,7,135,60.3
Shivajinagar AWS,18.5308,73.8474,14-05-2024 07:15,2024-05-14 07:15:00,2024,5,14,7,135,59.4
Shivajinagar AWS,18.5308,73.8474,14-05-2024 07:20,2024-05-14 07:20:00,2024,5,14,7,135,58.8
Shivajinagar AWS,18.5308,73.8474,14-05-2024 07:25,2024-05-14 07:25:00,2024,5,14,7,135,57.6
Shivajinagar AWS,18.5308,73.8474,14-05-2024 07:30,2024-05-14 07:30:00,2024,5,14,7,135,58.0
Shivajinagar AWS,18.5308,73.8474,14-05-2024 07:35,2024-05-14 07:35:00,2024,5,14,7,135,57.2
Shivajinagar AWS,18.5308,73.8474,14-05-2024 07:40,2024-05-14 07:40:00,2024,5,14,7,135,57.4
Shivajinagar AWS,18.5308,73.8474,14-05-2024 07:45,2024-05-14 07:45:00,2024,5,14,7,135,57.0
Shivajinagar AWS,18.5308,73.8474,14-05-2024 07:50,2024-05-14 07:50:00,2024,5,14,7,135,56.8
Shivajinagar AWS,18.5308,73.8474,14-05-2024 07:55,2024-05-14 07:55:00,2024,5,14,7,135,56.1
Shivajinagar AWS,18.5308,73.8474,14-05-2024 08:00,2024-05-14 08:00:00,2024,5,14,8,135,55.7
Shivajinagar AWS,18.5308,73.8474,14-05-2024 08:05,2024-05-14 08:05:00,2024,5,14,8,135,55.5
Shivajinagar AWS,18.5308,73.8474,14-05-2024 08:10,2024-05-14 08:10:00,2024,5,14,8,135,55.3
Shivajinagar AWS,18.5308,73.8474,14-05-2024 08:15,2024-05-14 08:15:00,2024,5,14,8,135,55.1
Shivajinagar AWS,18.5308,73.8474,14-05-2024 08:20,2024-05-14 08:20:00,2024,5,14,8,135,54.5
Shivajinagar AWS,18.5308,73.8474,14-05-2024 08:25,2024-05-14 08:25:00,2024,5,14,8,135,53.8
Shivajinagar AWS,18.5308,73.8474,14-05-2024 08:30,2024-05-14 08:30:00,2024,5,14,8,135,52.7
Shivajinagar AWS,18.5308,73.8474,14-05-2024 08:35,2024-05-14 08:35:00,2024,5,14,8,135,52.4
Shivajinagar AWS,18.5308,73.8474,14-05-2024 08:40,2024-05-14 08:40:00,2024,5,14,8,135,52.4
Shivajinagar AWS,18.5308,73.8474,14-05-2024 08:45,2024-05-14 08:45:00,2024,5,14,8,135,52.5
Shivajinagar AWS,18.5308,73.8474,14-05-2024 08:50,2024-05-14 08:50:00,2024,5,14,8,135,52.1
Shivajinagar AWS,18.5308,73.8474,14-05-2024 08:55,2024-05-14 08:55:00,2024,5,14,8,135,51.3
Shivajinagar AWS,18.5308,73.8474,14-05-2024 09:00,2024-05-14 09:00:00,2024,5,14,9,135,50.1
Shivajinagar AWS,18.5308,73.8474,14-05-2024 09:05,2024-05-14 09:05:00,2024,5,14,9,135,50.0
Shivajinagar AWS,18.5308,73.8474,14-05-2024 09:10,2024-05-14 09:10:00,2024,5,14,9,135,48.8
Shivajinagar AWS,18.5308,73.8474,14-05-2024 09:15,2024-05-14 09:15:00,2024,5,14,9,135,48.2
Shivajinagar AWS,18.5308,73.8474,14-05-2024 09:20,2024-05-14 09:20:00,2024,5,14,9,135,47.7
Shivajinagar AWS,18.5308,73.8474,14-05-2024 09:25,2024-05-14 09:25:00,2024,5,14,9,135,47.2
Shivajinagar AWS,18.5308,73.8474,14-05-2024 09:30,2024-05-14 09:30:00,2024,5,14,9,135,46.8
Shivajinagar AWS,18.5308,73.8474,14-05-2024 09:35,2024-05-14 09:35:00,2024,5,14,9,135,46.4
Shivajinagar AWS,18.5308,73.8474,14-05-2024 09:40,2024-05-14 09:40:00,2024,5,14,9,135,45.0
Shivajinagar AWS,18.5308,73.8474,14-05-2024 09:45,2024-05-14 09:45:00,2024,5,14,9,135,44.6
Shivajinagar AWS,18.5308,73.8474,14-05-2024 09:50,2024-05-14 09:50:00,2024,5,14,9,135,43.3
Shivajinagar AWS,18.5308,73.8474,14-05-2024 09:55,2024-05-14 09:55:00,2024,5,14,9,135,43.2
Shivajinagar AWS,18.5308,73.8474,14-05-2024 10:00,2024-05-14 10:00:00,2024,5,14,10,135,42.6
Shivajinagar AWS,18.5308,73.8474,14-05-2024 10:05,2024-05-14 10:05:00,2024,5,14,10,135,41.4
Shivajinagar AWS,18.5308,73.8474,14-05-2024 10:10,2024-05-14 10:10:00,2024,5,14,10,135,40.8
Shivajinagar AWS,18.5308,73.8474,14-05-2024 10:15,2024-05-14 10:15:00,2024,5,14,10,135,40.2
Shivajinagar AWS,18.5308,73.8474,14-05-2024 10:20,2024-05-14 10:20:00,2024,5,14,10,135,40.4
Shivajinagar AWS,18.5308,73.8474,14-05-2024 10:25,2024-05-14 10:25:00,2024,5,14,10,135,40.2
Shivajinagar AWS,18.5308,73.8474,14-05-2024 10:30,2024-05-14 10:30:00,2024,5,14,10,135,40.0
Shivajinagar AWS,18.5308,73.8474,14-05-2024 10:35,2024-05-14 10:35:00,2024,5,14,10,135,40.1
Shivajinagar AWS,18.5308,73.8474,14-05-2024 10:40,2024-05-14 10:40:00,2024,5,14,10,135,39.7
Shivajinagar AWS,18.5308,73.8474,14-05-2024 10:45,2024-05-14 10:45:00,2024,5,14,10,135,39.7
Shivajinagar AWS,18.5308,73.8474,14-05-2024 10:50,2024-05-14 10:50:00,2024,5,14,10,135,39.6
Shivajinagar AWS,18.5308,73.8474,14-05-2024 10:55,2024-05-14 10:55:00,2024,5,14,10,135,38.7
Shivajinagar AWS,18.5308,73.8474,14-05-2024 11:00,2024-05-14 11:00:00,2024,5,14,11,135,38.9
Shivajinagar AWS,18.5308,73.8474,14-05-2024 11:05,2024-05-14 11:05:00,2024,5,14,11,135,38.0
Shivajinagar AWS,18.5308,73.8474,14-05-2024 11:10,2024-05-14 11:10:00,2024,5,14,11,135,38.0
Shivajinagar AWS,18.5308,73.8474,14-05-2024 11:15,2024-05-14 11:15:00,2024,5,14,11,135,37.1
Shivajinagar AWS,18.5308,73.8474,14-05-2024 11:20,2024-05-14 11:20:00,2024,5,14,11,135,37.0
Shivajinagar AWS,18.5308,73.8474,14-05-2024 11:25,2024-05-14 11:25:00,2024,5,14,11,135,37.4
Shivajinagar AWS,18.5308,73.8474,14-05-2024 11:30,2024-05-14 11:30:00,2024,5,14,11,135,37.0
Shivajinagar AWS,18.5308,73.8474,14-05-2024 11:35,2024-05-14 11:35:00,2024,5,14,11,135,36.5
Shivajinagar AWS,18.5308,73.8474,14-05-2024 11:40,2024-05-14 11:40:00,2024,5,14,11,135,36.4
Shivajinagar AWS,18.5308,73.8474,14-05-2024 11:45,2024-05-14 11:45:00,2024,5,14,11,135,36.0
Shivajinagar AWS,18.5308,73.8474,14-05-2024 11:50,2024-05-14 11:50:00,2024,5,14,11,135,36.4
Shivajinagar AWS,18.5308,73.8474,14-05-2024 11:55,2024-05-14 11:55:00,2024,5,14,11,135,36.1
Shivajinagar AWS,18.5308,73.8474,14-05-2024 12:00,2024-05-14 12:00:00,2024,5,14,12,135,35.6
Shivajinagar AWS,18.5308,73.8474,14-05-2024 12:05,2024-05-14 12:05:00,2024,5,14,12,135,35.1
Shivajinagar AWS,18.5308,73.8474,14-05-2024 12:10,2024-05-14 12:10:00,2024,5,14,12,135,34.4
Shivajinagar AWS,18.5308,73.8474,14-05-2024 12:15,2024-05-14 12:15:00,2024,5,14,12,135,33.9
Shivajinagar AWS,18.5308,73.8474,14-05-2024 12:20,2024-05-14 12:20:00,2024,5,14,12,135,33.5
Shivajinagar AWS,18.5308,73.8474,14-05-2024 12:25,2024-05-14 12:25:00,2024,5,14,12,135,33.0
Shivajinagar AWS,18.5308,73.8474,14-05-2024 12:30,2024-05-14 12:30:00,2024,5,14,12,135,32.5
Shivajinagar AWS,18.5308,73.8474,14-05-2024 12:35,2024-05-14 12:35:00,2024,5,14,12,135,33.1
Shivajinagar AWS,18.5308,73.8474,14-05-2024 12:40,2024-05-14 12:40:00,2024,5,14,12,135,32.5
Shivajinagar AWS,18.5308,73.8474,14-05-2024 12:45,2024-05-14 12:45:00,2024,5,14,12,135,32.3
Shivajinagar AWS,18.5308,73.8474,14-05-2024 12:50,2024-05-14 12:50:00,2024,5,14,12,135,32.4
Shivajinagar AWS,18.5308,73.8474,14-05-2024 12:55,2024-05-14 12:55:00,2024,5,14,12,135,32.4
Shivajinagar AWS,18.5308,73.8474,14-05-2024 13:00,2024-05-14 13:00:00,2024,5,14,13,135,32.2
Shivajinagar AWS,18.5308,73.8474,14-05-2024 13:05,2024-05-14 13:05:00,2024,5,14,13,135,31.9
Shivajinagar AWS,18.5308,73.8474,14-05-2024 13:10,2024-05-14 13:10:00,2024,5,14,13,135,31.9
Shivajinagar AWS,18.5308,73.8474,14-05-2024 13:15,2024-05-14 13:15:00,2024,5,14,13,135,31.8
Shivajinagar AWS,18.5308,73.8474,14-05-2024 13:20,2024-05-14 13:20:00,2024,5,14,13,135,31.5
Shivajinagar AWS,18.5308,73.8474,14-05-2024 13:25,2024-05-14 13:25:00,2024,5,14,13,135,30.7
Shivajinagar AWS,18.5308,73.8474,14-05-2024 13:30,2024-05-14 13:30:00,2024,5,14,13,135,30.4
Shivajinagar AWS,18.5308,73.8474,14-05-2024 13:35,2024-05-14 13:35:00,2024,5,14,13,135,29.8
Shivajinagar AWS,18.5308,73.8474,14-05-2024 13:40,2024-05-14 13:40:00,2024,5,14,13,135,29.5
Shivajinagar AWS,18.5308,73.8474,14-05-2024 13:45,2024-05-14 13:45:00,2024,5,14,13,135,29.4
Shivajinagar AWS,18.5308,73.8474,14-05-2024 13:50,2024-05-14 13:50:00,2024,5,14,13,135,29.5
Shivajinagar AWS,18.5308,73.8474,14-05-2024 13:55,2024-05-14 13:55:00,2024,5,14,13,135,30.2
Shivajinagar AWS,18.5308,73.8474,14-05-2024 14:00,2024-05-14 14:00:00,2024,5,14,14,135,29.9
Shivajinagar AWS,18.5308,73.8474,14-05-2024 14:05,2024-05-14 14:05:00,2024,5,14,14,135,30.2
Shivajinagar AWS,18.5308,73.8474,14-05-2024 14:10,2024-05-14 14:10:00,2024,5,14,14,135,30.2
Shivajinagar AWS,18.5308,73.8474,14-05-2024 14:15,2024-05-14 14:15:00,2024,5,14,14,135,30.7
Shivajinagar AWS,18.5308,73.8474,14-05-2024 14:20,2024-05-14 14:20:00,2024,5,14,14,135,30.9
Shivajinagar AWS,18.5308,73.8474,14-05-2024 14:25,2024-05-14 14:25:00,2024,5,14,14,135,30.4
Shivajinagar AWS,18.5308,73.8474,14-05-2024 14:30,2024-05-14 14:30:00,2024,5,14,14,135,29.6
Shivajinagar AWS,18.5308,73.8474,14-05-2024 14:35,2024-05-14 14:35:00,2024,5,14,14,135,29.8
Shivajinagar AWS,18.5308,73.8474,14-05-2024 14:40,2024-05-14 14:40:00,2024,5,14,14,135,29.6
Shivajinagar AWS,18.5308,73.8474,14-05-2024 14:45,2024-05-14 14:45:00,2024,5,14,14,135,29.2
Shivajinagar AWS,18.5308,73.8474,14-05-2024 14:50,2024-05-14 14:50:00,2024,5,14,14,135,28.8
Shivajinagar AWS,18.5308,73.8474,14-05-2024 14:55,2024-05-14 14:55:00,2024,5,14,14,135,28.9
Shivajinagar AWS,18.5308,73.8474,14-05-2024 15:00,2024-05-14 15:00:00,2024,5,14,15,135,29.6
Shivajinagar AWS,18.5308,73.8474,14-05-2024 15:05,2024-05-14 15:05:00,2024,5,14,15,135,29.5
Shivajinagar AWS,18.5308,73.8474,14-05-2024 15:10,2024-05-14 15:10:00,2024,5,14,15,135,29.9
Shivajinagar AWS,18.5308,73.8474,14-05-2024 15:15,2024-05-14 15:15:00,2024,5,14,15,135,29.9
Shivajinagar AWS,18.5308,73.8474,14-05-2024 15:20,2024-05-14 15:20:00,2024,5,14,15,135,29.5
Shivajinagar AWS,18.5308,73.8474,14-05-2024 15:25,2024-05-14 15:25:00,2024,5,14,15,135,29.9
Shivajinagar AWS,18.5308,73.8474,14-05-2024 15:30,2024-05-14 15:30:00,2024,5,14,15,135,29.6
Shivajinagar AWS,18.5308,73.8474,14-05-2024 15:35,2024-05-14 15:35:00,2024,5,14,15,135,29.8
Shivajinagar AWS,18.5308,73.8474,14-05-2024 15:40,2024-05-14 15:40:00,2024,5,14,15,135,29.8
Shivajinagar AWS,18.5308,73.8474,14-05-2024 15:45,2024-05-14 15:45:00,2024,5,14,15,135,30.4
Shivajinagar AWS,18.5308,73.8474,14-05-2024 15:50,2024-05-14 15:50:00,2024,5,14,15,135,30.1
Shivajinagar AWS,18.5308,73.8474,14-05-2024 15:55,2024-05-14 15:55:00,2024,5,14,15,135,30.5
Shivajinagar AWS,18.5308,73.8474,14-05-2024 16:00,2024-05-14 16:00:00,2024,5,14,16,135,30.3
Shivajinagar AWS,18.5308,73.8474,14-05-2024 16:05,2024-05-14 16:05:00,2024,5,14,16,135,30.3
Shivajinagar AWS,18.5308,73.8474,14-05-2024 16:10,2024-05-14 16:10:00,2024,5,14,16,135,29.1
Shivajinagar AWS,18.5308,73.8474,14-05-2024 16:15,2024-05-14 16:15:00,2024,5,14,16,135,30.3
Shivajinagar AWS,18.5308,73.8474,14-05-2024 16:20,2024-05-14 16:20:00,2024,5,14,16,135,30.8
Shivajinagar AWS,18.5308,73.8474,14-05-2024 16:25,2024-05-14 16:25:00,2024,5,14,16,135,30.8
Shivajinagar AWS,18.5308,73.8474,14-05-2024 16:30,2024-05-14 16:30:00,2024,5,14,16,135,30.6
Shivajinagar AWS,18.5308,73.8474,14-05-2024 16:35,2024-05-14 16:35:00,2024,5,14,16,135,30.7
Shivajinagar AWS,18.5308,73.8474,14-05-2024 16:40,2024-05-14 16:40:00,2024,5,14,16,135,31.4
Shivajinagar AWS,18.5308,73.8474,14-05-2024 16:45,2024-05-14 16:45:00,2024,5,14,16,135,30.9
Shivajinagar AWS,18.5308,73.8474,14-05-2024 16:50,2024-05-14 16:50:00,2024,5,14,16,135,31.2
Shivajinagar AWS,18.5308,73.8474,14-05-2024 16:55,2024-05-14 16:55:00,2024,5,14,16,135,32.3
Shivajinagar AWS,18.5308,73.8474,14-05-2024 17:00,2024-05-14 17:00:00,2024,5,14,17,135,32.2
Shivajinagar AWS,18.5308,73.8474,14-05-2024 17:05,2024-05-14 17:05:00,2024,5,14,17,135,32.6
Shivajinagar AWS,18.5308,73.8474,14-05-2024 17:10,2024-05-14 17:10:00,2024,5,14,17,135,33.9
Shivajinagar AWS,18.5308,73.8474,14-05-2024 17:15,2024-05-14 17:15:00,2024,5,14,17,135,34.5
Shivajinagar AWS,18.5308,73.8474,14-05-2024 17:20,2024-05-14 17:20:00,2024,5,14,17,135,34.8
Shivajinagar AWS,18.5308,73.8474,14-05-2024 17:25,2024-05-14 17:25:00,2024,5,14,17,135,35.4
Shivajinagar AWS,18.5308,73.8474,14-05-2024 17:30,2024-05-14 17:30:00,2024,5,14,17,135,35.5
Shivajinagar AWS,18.5308,73.8474,14-05-2024 17:35,2024-05-14 17:35:00,2024,5,14,17,135,36.4
Shivajinagar AWS,18.5308,73.8474,14-05-2024 17:40,2024-05-14 17:40:00,2024,5,14,17,135,36.6
Shivajinagar AWS,18.5308,73.8474,14-05-2024 17:45,2024-05-14 17:45:00,2024,5,14,17,135,36.1
Shivajinagar AWS,18.5308,73.8474,14-05-2024 17:50,2024-05-14 17:50:00,2024,5,14,17,135,36.3
Shivajinagar AWS,18.5308,73.8474,14-05-2024 17:55,2024-05-14 17:55:00,2024,5,14,17,135,36.3
Shivajinagar AWS,18.5308,73.8474,14-05-2024 18:00,2024-05-14 18:00:00,2024,5,14,18,135,36.7
Shivajinagar AWS,18.5308,73.8474,14-05-2024 18:05,2024-05-14 18:05:00,2024,5,14,18,135,37.0
Shivajinagar AWS,18.5308,73.8474,14-05-2024 18:10,2024-05-14 18:10:00,2024,5,14,18,135,37.9
Shivajinagar AWS,18.5308,73.8474,14-05-2024 18:15,2024-05-14 18:15:00,2024,5,14,18,135,38.6
Shivajinagar AWS,18.5308,73.8474,14-05-2024 18:20,2024-05-14 18:20:00,2024,5,14,18,135,39.1
Shivajinagar AWS,18.5308,73.8474,14-05-2024 18:25,2024-05-14 18:25:00,2024,5,14,18,135,39.5
Shivajinagar AWS,18.5308,73.8474,14-05-2024 18:30,2024-05-14 18:30:00,2024,5,14,18,135,39.5
Shivajinagar AWS,18.5308,73.8474,14-05-2024 18:35,2024-05-14 18:35:00,2024,5,14,18,135,39.1
Shivajinagar AWS,18.5308,73.8474,14-05-2024 18:40,2024-05-14 18:40:00,2024,5,14,18,135,39.6
Shivajinagar AWS,18.5308,73.8474,14-05-2024 18:45,2024-05-14 18:45:00,2024,5,14,18,135,40.4
Shivajinagar AWS,18.5308,73.8474,14-05-2024 18:50,2024-05-14 18:50:00,2024,5,14,18,135,40.8
Shivajinagar AWS,18.5308,73.8474,14-05-2024 18:55,2024-05-14 18:55:00,2024,5,14,18,135,41.1
Shivajinagar AWS,18.5308,73.8474,14-05-2024 19:00,2024-05-14 19:00:00,2024,5,14,19,135,41.7
Shivajinagar AWS,18.5308,73.8474,14-05-2024 19:05,2024-05-14 19:05:00,2024,5,14,19,135,42.2
Shivajinagar AWS,18.5308,73.8474,14-05-2024 19:10,2024-05-14 19:10:00,2024,5,14,19,135,43.3
Shivajinagar AWS,18.5308,73.8474,14-05-2024 19:15,2024-05-14 19:15:00,2024,5,14,19,135,44.3
Shivajinagar AWS,18.5308,73.8474,14-05-2024 19:20,2024-05-14 19:20:00,2024,5,14,19,135,45.1
Shivajinagar AWS,18.5308,73.8474,14-05-2024 19:25,2024-05-14 19:25:00,2024,5,14,19,135,45.8
Shivajinagar AWS,18.5308,73.8474,14-05-2024 19:30,2024-05-14 19:30:00,2024,5,14,19,135,45.7
Shivajinagar AWS,18.5308,73.8474,14-05-2024 19:35,2024-05-14 19:35:00,2024,5,14,19,135,46.4
Shivajinagar AWS,18.5308,73.8474,14-05-2024 19:40,2024-05-14 19:40:00,2024,5,14,19,135,47.0
Shivajinagar AWS,18.5308,73.8474,14-05-2024 19:45,2024-05-14 19:45:00,2024,5,14,19,135,47.6
Shivajinagar AWS,18.5308,73.8474,14-05-2024 19:50,2024-05-14 19:50:00,2024,5,14,19,135,48.2
Shivajinagar AWS,18.5308,73.8474,14-05-2024 19:55,2024-05-14 19:55:00,2024,5,14,19,135,48.8
Shivajinagar AWS,18.5308,73.8474,14-05-2024 20:00,2024-05-14 20:00:00,2024,5,14,20,135,50.3
Shivajinagar AWS,18.5308,73.8474,14-05-2024 20:05,2024-05-14 20:05:00,2024,5,14,20,135,50.6
Shivajinagar AWS,18.5308,73.8474,14-05-2024 20:10,2024-05-14 20:10:00,2024,5,14,20,135,51.3
Shivajinagar AWS,18.5308,73.8474,14-05-2024 20:15,2024-05-14 20:15:00,2024,5,14,20,135,51.5
Shivajinagar AWS,18.5308,73.8474,14-05-2024 20:20,2024-05-14 20:20:00,2024,5,14,20,135,52.2
Shivajinagar AWS,18.5308,73.8474,14-05-2024 20:25,2024-05-14 20:25:00,2024,5,14,20,135,52.9
Shivajinagar AWS,18.5308,73.8474,14-05-2024 20:30,2024-05-14 20:30:00,2024,5,14,20,135,53.4
Shivajinagar AWS,18.5308,73.8474,14-05-2024 20:35,2024-05-14 20:35:00,2024,5,14,20,135,54.4
Shivajinagar AWS,18.5308,73.8474,14-05-2024 20:40,2024-05-14 20:40:00,2024,5,14,20,135,54.3
Shivajinagar AWS,18.5308,73.8474,14-05-2024 20:45,2024-05-14 20:45:00,2024,5,14,20,135,54.5
Shivajinagar AWS,18.5308,73.8474,14-05-2024 20:50,2024-05-14 20:50:00,2024,5,14,20,135,54.9
Shivajinagar AWS,18.5308,73.8474,14-05-2024 20:55,2024-05-14 20:55:00,2024,5,14,20,135,55.6
Shivajinagar AWS,18.5308,73.8474,14-05-2024 21:00,2024-05-14 21:00:00,2024,5,14,21,135,56.0
Shivajinagar AWS,18.5308,73.8474,14-05-2024 21:05,2024-05-14 21:05:00,2024,5,14,21,135,56.9
Shivajinagar AWS,18.5308,73.8474,14-05-2024 21:10,2024-05-14 21:10:00,2024,5,14,21,135,56.9
Shivajinagar AWS,18.5308,73.8474,14-05-2024 21:15,2024-05-14 21:15:00,2024,5,14,21,135,56.8
Shivajinagar AWS,18.5308,73.8474,14-05-2024 21:20,2024-05-14 21:20:00,2024,5,14,21,135,57.3
Shivajinagar AWS,18.5308,73.8474,14-05-2024 21:25,2024-05-14 21:25:00,2024,5,14,21,135,57.6
Shivajinagar AWS,18.5308,73.8474,14-05-2024 21:30,2024-05-14 21:30:00,2024,5,14,21,135,58.2
Shivajinagar AWS,18.5308,73.8474,14-05-2024 21:35,2024-05-14 21:35:00,2024,5,14,21,135,58.6
Shivajinagar AWS,18.5308,73.8474,14-05-2024 21:40,2024-05-14 21:40:00,2024,5,14,21,135,58.8
Shivajinagar AWS,18.5308,73.8474,14-05-2024 21:45,2024-05-14 21:45:00,2024,5,14,21,135,59.1
Shivajinagar AWS,18.5308,73.8474,14-05-2024 21:50,2024-05-14 21:50:00,2024,5,14,21,135,59.5
Shivajinagar AWS,18.5308,73.8474,14-05-2024 21:55,2024-05-14 21:55:00,2024,5,14,21,135,59.7
Shivajinagar AWS,18.5308,73.8474,14-05-2024 22:00,2024-05-14 22:00:00,2024,5,14,22,135,60.0
Shivajinagar AWS,18.5308,73.8474,14-05-2024 22:05,2024-05-14 22:05:00,2024,5,14,22,135,60.2
Shivajinagar AWS,18.5308,73.8474,14-05-2024 22:10,2024-05-14 22:10:00,2024,5,14,22,135,61.0
Shivajinagar AWS,18.5308,73.8474,14-05-2024 22:15,2024-05-14 22:15:00,2024,5,14,22,135,61.4
Shivajinagar AWS,18.5308,73.8474,14-05-2024 22:20,2024-05-14 22:20:00,2024,5,14,22,135,62.7
Shivajinagar AWS,18.5308,73.8474,14-05-2024 22:25,2024-05-14 22:25:00,2024,5,14,22,135,63.0
Shivajinagar AWS,18.5308,73.8474,14-05-2024 22:30,2024-05-14 22:30:00,2024,5,14,22,135,63.1
Shivajinagar AWS,18.5308,73.8474,14-05-2024 22:35,2024-05-14 22:35:00,2024,5,14,22,135,64.5
Shivajinagar AWS,18.5308,73.8474,14-05-2024 22:40,2024-05-14 22:40:00,2024,5,14,22,135,64.9
Shivajinagar AWS,18.5308,73.8474,14-05-2024 22:45,2024-05-14 22:45:00,2024,5,14,22,135,65.6
Shivajinagar AWS,18.5308,73.8474,14-05-2024 22:50,2024-05-14 22:50:00,2024,5,14,22,135,66.1
Shivajinagar AWS,18.5308,73.8474,14-05-2024 22:55,2024-05-14 22:55:00,2024,5,14,22,135,66.5
Shivajinagar AWS,18.5308,73.8474,14-05-2024 23:00,2024-05-14 23:00:00,2024,5,14,23,135,67.0
Shivajinagar AWS,18.5308,73.8474,14-05-2024 23:05,2024-05-14 23:05:00,2024,5,14,23,135,66.7
Shivajinagar AWS,18.5308,73.8474,14-05-2024 23:10,2024-05-14 23:10:00,2024,5,14,23,135,67.1
Shivajinagar AWS,18.5308,73.8474,14-05-2024 23:15,2024-05-14 23:15:00,2024,5,14,23,135,66.8
Shivajinagar AWS,18.5308,73.8474,14-05-2024 23:20,2024-05-14 23:20:00,2024,5,14,23,135,67.0
Shivajinagar AWS,18.5308,73.8474,14-05-2024 23:25,2024-05-14 23:25:00,2024,5,14,23,135,66.9
Shivajinagar AWS,18.5308,73.8474,14-05-2024 23:30,2024-05-14 23:30:00,2024,5,14,23,135,67.3
Shivajinagar AWS,18.5308,73.8474,14-05-2024 23:35,2024-05-14 23:35:00,2024,5,14,23,135,67.7
Shivajinagar AWS,18.5308,73.8474,14-05-2024 23:40,2024-05-14 23:40:00,2024,5,14,23,135,68.2
Shivajinagar AWS,18.5308,73.8474,14-05-2024 23:45,2024-05-14 23:45:00,2024,5,14,23,135,68.5
Shivajinagar AWS,18.5308,73.8474,14-05-2024 23:50,2024-05-14 23:50:00,2024,5,14,23,135,68.5
Shivajinagar AWS,18.5308,73.8474,14-05-2024 23:55,2024-05-14 23:55:00,2024,5,14,23,135,68.6
Shivajinagar AWS,18.5308,73.8474,15-05-2024 00:00,2024-05-15 00:00:00,2024,5,15,0,136,69.2
Shivajinagar AWS,18.5308,73.8474,15-05-2024 00:05,2024-05-15 00:05:00,2024,5,15,0,136,69.8
Shivajinagar AWS,18.5308,73.8474,15-05-2024 00:10,2024-05-15 00:10:00,2024,5,15,0,136,69.5
Shivajinagar AWS,18.5308,73.8474,15-05-2024 00:15,2024-05-15 00:15:00,2024,5,15,0,136,69.1
Shivajinagar AWS,18.5308,73.8474,15-05-2024 00:20,2024-05-15 00:20:00,2024,5,15,0,136,69.1
Shivajinagar AWS,18.5308,73.8474,15-05-2024 00:25,2024-05-15 00:25:00,2024,5,15,0,136,69.7
Shivajinagar AWS,18.5308,73.8474,15-05-2024 00:30,2024-05-15 00:30:00,2024,5,15,0,136,70.4
Shivajinagar AWS,18.5308,73.8474,15-05-2024 00:35,2024-05-15 00:35:00,2024,5,15,0,136,70.2
Shivajinagar AWS,18.5308,73.8474,15-05-2024 00:40,2024-05-15 00:40:00,2024,5,15,0,136,70.5
Shivajinagar AWS,18.5308,73.8474,15-05-2024 00:45,2024-05-15 00:45:00,2024,5,15,0,136,71.4
Shivajinagar AWS,18.5308,73.8474,15-05-2024 00:50,2024-05-15 00:50:00,2024,5,15,0,136,71.7
Shivajinagar AWS,18.5308,73.8474,15-05-2024 00:55,2024-05-15 00:55:00,2024,5,15,0,136,72.3
Shivajinagar AWS,18.5308,73.8474,15-05-2024 01:00,2024-05-15 01:00:00,2024,5,15,1,136,72.8
Shivajinagar AWS,18.5308,73.8474,15-05-2024 01:05,2024-05-15 01:05:00,2024,5,15,1,136,72.5
Shivajinagar AWS,18.5308,73.8474,15-05-2024 01:10,2024-05-15 01:10:00,2024,5,15,1,136,72.5
Shivajinagar AWS,18.5308,73.8474,15-05-2024 01:15,2024-05-15 01:15:00,2024,5,15,1,136,72.6
Shivajinagar AWS,18.5308,73.8474,15-05-2024 01:20,2024-05-15 01:20:00,2024,5,15,1,136,72.7
Shivajinagar AWS,18.5308,73.8474,15-05-2024 01:25,2024-05-15 01:25:00,2024,5,15,1,136,73.1
Shivajinagar AWS,18.5308,73.8474,15-05-2024 01:30,2024-05-15 01:30:00,2024,5,15,1,136,73.3
Shivajinagar AWS,18.5308,73.8474,15-05-2024 01:35,2024-05-15 01:35:00,2024,5,15,1,136,72.1
Shivajinagar AWS,18.5308,73.8474,15-05-2024 01:40,2024-05-15 01:40:00,2024,5,15,1,136,71.6
Shivajinagar AWS,18.5308,73.8474,15-05-2024 01:45,2024-05-15 01:45:00,2024,5,15,1,136,70.9
Shivajinagar AWS,18.5308,73.8474,15-05-2024 01:50,2024-05-15 01:50:00,2024,5,15,1,136,71.0
Shivajinagar AWS,18.5308,73.8474,15-05-2024 01:55,2024-05-15 01:55:00,2024,5,15,1,136,71.2
Shivajinagar AWS,18.5308,73.8474,15-05-2024 02:00,2024-05-15 02:00:00,2024,5,15,2,136,71.4
Shivajinagar AWS,18.5308,73.8474,15-05-2024 02:05,2024-05-15 02:05:00,2024,5,15,2,136,71.1
Shivajinagar AWS,18.5308,73.8474,15-05-2024 02:10,2024-05-15 02:10:00,2024,5,15,2,136,71.5
Shivajinagar AWS,18.5308,73.8474,15-05-2024 02:15,2024-05-15 02:15:00,2024,5,15,2,136,71.8
Shivajinagar AWS,18.5308,73.8474,15-05-2024 02:20,2024-05-15 02:20:00,2024,5,15,2,136,71.3
Shivajinagar AWS,18.5308,73.8474,15-05-2024 02:25,2024-05-15 02:25:00,2024,5,15,2,136,70.8
Shivajinagar AWS,18.5308,73.8474,15-05-2024 02:30,2024-05-15 02:30:00,2024,5,15,2,136,70.8
Shivajinagar AWS,18.5308,73.8474,15-05-2024 02:35,2024-05-15 02:35:00,2024,5,15,2,136,71.6
Shivajinagar AWS,18.5308,73.8474,15-05-2024 02:40,2024-05-15 02:40:00,2024,5,15,2,136,72.3
Shivajinagar AWS,18.5308,73.8474,15-05-2024 02:45,2024-05-15 02:45:00,2024,5,15,2,136,72.4
Shivajinagar AWS,18.5308,73.8474,15-05-2024 02:50,2024-05-15 02:50:00,2024,5,15,2,136,72.1
Shivajinagar AWS,18.5308,73.8474,15-05-2024 02:55,2024-05-15 02:55:00,2024,5,15,2,136,72.4
Shivajinagar AWS,18.5308,73.8474,15-05-2024 03:00,2024-05-15 03:00:00,2024,5,15,3,136,72.1
Shivajinagar AWS,18.5308,73.8474,15-05-2024 03:05,2024-05-15 03:05:00,2024,5,15,3,136,71.7
Shivajinagar AWS,18.5308,73.8474,15-05-2024 03:10,2024-05-15 03:10:00,2024,5,15,3,136,70.7
Shivajinagar AWS,18.5308,73.8474,15-05-2024 03:15,2024-05-15 03:15:00,2024,5,15,3,136,70.7
Shivajinagar AWS,18.5308,73.8474,15-05-2024 03:20,2024-05-15 03:20:00,2024,5,15,3,136,70.4
Shivajinagar AWS,18.5308,73.8474,15-05-2024 03:25,2024-05-15 03:25:00,2024,5,15,3,136,70.4
Shivajinagar AWS,18.5308,73.8474,15-05-2024 03:30,2024-05-15 03:30:00,2024,5,15,3,136,69.4
Shivajinagar AWS,18.5308,73.8474,15-05-2024 03:35,2024-05-15 03:35:00,2024,5,15,3,136,69.4
Shivajinagar AWS,18.5308,73.8474,15-05-2024 03:40,2024-05-15 03:40:00,2024,5,15,3,136,68.3
Shivajinagar AWS,18.5308,73.8474,15-05-2024 03:45,2024-05-15 03:45:00,2024,5,15,3,136,68.7
Shivajinagar AWS,18.5308,73.8474,15-05-2024 03:50,2024-05-15 03:50:00,2024,5,15,3,136,68.9
Shivajinagar AWS,18.5308,73.8474,15-05-2024 03:55,2024-05-15 03:55:00,2024,5,15,3,136,68.7
Shivajinagar AWS,18.5308,73.8474,15-05-2024 04:00,2024-05-15 04:00:00,2024,5,15,4,136,68.8
Shivajinagar AWS,18.5308,73.8474,15-05-2024 04:05,2024-05-15 04:05:00,2024,5,15,4,136,68.3
Shivajinagar AWS,18.5308,73.8474,15-05-2024 04:10,2024-05-15 04:10:00,2024,5,15,4,136,68.2
Shivajinagar AWS,18.5308,73.8474,15-05-2024 04:15,2024-05-15 04:15:00,2024,5,15,4,136,68.4
Shivajinagar AWS,18.5308,73.8474,15-05-2024 04:20,2024-05-15 04:20:00,2024,5,15,4,136,67.0
Shivajinagar AWS,18.5308,73.8474,15-05-2024 04:25,2024-05-15 04:25:00,2024,5,15,4,136,66.7
Shivajinagar AWS,18.5308,73.8474,15-05-2024 04:30,2024-05-15 04:30:00,2024,5,15,4,136,66.5
Shivajinagar AWS,18.5308,73.8474,15-05-2024 04:35,2024-05-15 04:35:00,2024,5,15,4,136,66.3
Shivajinagar AWS,18.5308,73.8474,15-05-2024 04:40,2024-05-15 04:40:00,2024,5,15,4,136,66.8
Shivajinagar AWS,18.5308,73.8474,15-05-2024 04:45,2024-05-15 04:45:00,2024,5,15,4,136,66.1
Shivajinagar AWS,18.5308,73.8474,15-05-2024 04:50,2024-05-15 04:50:00,2024,5,15,4,136,65.7
Shivajinagar AWS,18.5308,73.8474,15-05-2024 04:55,2024-05-15 04:55:00,2024,5,15,4,136,64.7
Shivajinagar AWS,18.5308,73.8474,15-05-2024 05:00,2024-05-15 05:00:00,2024,5,15,5,136,65.2
Shivajinagar AWS,18.5308,73.8474,15-05-2024 05:05,2024-05-15 05:05:00,2024,5,15,5,136,64.9
Shivajinagar AWS,18.5308,73.8474,15-05-2024 05:10,2024-05-15 05:10:00,2024,5,15,5,136,64.5
Shivajinagar AWS,18.5308,73.8474,15-05-2024 05:15,2024-05-15 05:15:00,2024,5,15,5,136,64.3
Shivajinagar AWS,18.5308,73.8474,15-05-2024 05:20,2024-05-15 05:20:00,2024,5,15,5,136,64.3
Shivajinagar AWS,18.5308,73.8474,15-05-2024 05:25,2024-05-15 05:25:00,2024,5,15,5,136,64.2
Shivajinagar AWS,18.5308,73.8474,15-05-2024 05:30,2024-05-15 05:30:00,2024,5,15,5,136,65.0
Shivajinagar AWS,18.5308,73.8474,15-05-2024 05:35,2024-05-15 05:35:00,2024,5,15,5,136,64.8
Shivajinagar AWS,18.5308,73.8474,15-05-2024 05:40,2024-05-15 05:40:00,2024,5,15,5,136,64.3
Shivajinagar AWS,18.5308,73.8474,15-05-2024 05:45,2024-05-15 05:45:00,2024,5,15,5,136,63.7
Shivajinagar AWS,18.5308,73.8474,15-05-2024 05:50,2024-05-15 05:50:00,2024,5,15,5,136,63.2
Shivajinagar AWS,18.5308,73.8474,15-05-2024 05:55,2024-05-15 05:55:00,2024,5,15,5,136,62.3
Shivajinagar AWS,18.5308,73.8474,15-05-2024 06:00,2024-05-15 06:00:00,2024,5,15,6,136,62.0
Shivajinagar AWS,18.5308,73.8474,15-05-2024 06:05,2024-05-15 06:05:00,2024,5,15,6,136,61.9
Shivajinagar AWS,18.5308,73.8474,15-05-2024 06:10,2024-05-15 06:10:00,2024,5,15,6,136,61.3
Shivajinagar AWS,18.5308,73.8474,15-05-2024 06:15,2024-05-15 06:15:00,2024,5,15,6,136,60.7
Shivajinagar AWS,18.5308,73.8474,15-05-2024 06:20,2024-05-15 06:20:00,2024,5,15,6,136,60.9
Shivajinagar AWS,18.5308,73.8474,15-05-2024 06:25,2024-05-15 06:25:00,2024,5,15,6,136,60.0
Shivajinagar AWS,18.5308,73.8474,15-05-2024 06:30,2024-05-15 06:30:00,2024,5,15,6,136,58.8
Shivajinagar AWS,18.5308,73.8474,15-05-2024 06:35,2024-05-15 06:35:00,2024,5,15,6,136,58.0
Shivajinagar AWS,18.5308,73.8474,15-05-2024 06:40,2024-05-15 06:40:00,2024,5,15,6,136,57.1
Shivajinagar AWS,18.5308,73.8474,15-05-2024 06:45,2024-05-15 06:45:00,2024,5,15,6,136,56.9
Shivajinagar AWS,18.5308,73.8474,15-05-2024 06:50,2024-05-15 06:50:00,2024,5,15,6,136,56.5
Shivajinagar AWS,18.5308,73.8474,15-05-2024 06:55,2024-05-15 06:55:00,2024,5,15,6,136,56.1
Shivajinagar AWS,18.5308,73.8474,15-05-2024 07:00,2024-05-15 07:00:00,2024,5,15,7,136,56.2
Shivajinagar AWS,18.5308,73.8474,15-05-2024 07:05,2024-05-15 07:05:00,2024,5,15,7,136,55.6
Shivajinagar AWS,18.5308,73.8474,15-05-2024 07:10,2024-05-15 07:10:00,2024,5,15,7,136,55.5
Shivajinagar AWS,18.5308,73.8474,15-05-2024 07:15,2024-05-15 07:15:00,2024,5,15,7,136,55.8
Shivajinagar AWS,18.5308,73.8474,15-05-2024 07:20,2024-05-15 07:20:00,2024,5,15,7,136,55.2
Shivajinagar AWS,18.5308,73.8474,15-05-2024 07:25,2024-05-15 07:25:00,2024,5,15,7,136,55.0
Shivajinagar AWS,18.5308,73.8474,15-05-2024 07:30,2024-05-15 07:30:00,2024,5,15,7,136,54.5
Shivajinagar AWS,18.5308,73.8474,15-05-2024 07:35,2024-05-15 07:35:00,2024,5,15,7,136,54.5
Shivajinagar AWS,18.5308,73.8474,15-05-2024 07:40,2024-05-15 07:40:00,2024,5,15,7,136,53.4
Shivajinagar AWS,18.5308,73.8474,15-05-2024 07:45,2024-05-15 07:45:00,2024,5,15,7,136,52.3
Shivajinagar AWS,18.5308,73.8474,15-05-2024 07:50,2024-05-15 07:50:00,2024,5,15,7,136,51.8
Shivajinagar AWS,18.5308,73.8474,15-05-2024 07:55,2024-05-15 07:55:00,2024,5,15,7,136,51.0
Shivajinagar AWS,18.5308,73.8474,15-05-2024 08:00,2024-05-15 08:00:00,2024,5,15,8,136,50.4
Shivajinagar AWS,18.5308,73.8474,15-05-2024 08:05,2024-05-15 08:05:00,2024,5,15,8,136,50.0
Shivajinagar AWS,18.5308,73.8474,15-05-2024 08:10,2024-05-15 08:10:00,2024,5,15,8,136,49.9
Shivajinagar AWS,18.5308,73.8474,15-05-2024 08:15,2024-05-15 08:15:00,2024,5,15,8,136,49.3
Shivajinagar AWS,18.5308,73.8474,15-05-2024 08:20,2024-05-15 08:20:00,2024,5,15,8,136,48.6
Shivajinagar AWS,18.5308,73.8474,15-05-2024 08:25,2024-05-15 08:25:00,2024,5,15,8,136,48.1
Shivajinagar AWS,18.5308,73.8474,15-05-2024 08:30,2024-05-15 08:30:00,2024,5,15,8,136,47.4
Shivajinagar AWS,18.5308,73.8474,15-05-2024 08:35,2024-05-15 08:35:00,2024,5,15,8,136,46.6
Shivajinagar AWS,18.5308,73.8474,15-05-2024 08:40,2024-05-15 08:40:00,2024,5,15,8,136,45.6
Shivajinagar AWS,18.5308,73.8474,15-05-2024 08:45,2024-05-15 08:45:00,2024,5,15,8,136,45.3
Shivajinagar AWS,18.5308,73.8474,15-05-2024 08:50,2024-05-15 08:50:00,2024,5,15,8,136,44.8
Shivajinagar AWS,18.5308,73.8474,15-05-2024 08:55,2024-05-15 08:55:00,2024,5,15,8,136,44.8
Shivajinagar AWS,18.5308,73.8474,15-05-2024 09:00,2024-05-15 09:00:00,2024,5,15,9,136,43.9
Shivajinagar AWS,18.5308,73.8474,15-05-2024 09:05,2024-05-15 09:05:00,2024,5,15,9,136,43.3
Shivajinagar AWS,18.5308,73.8474,15-05-2024 09:10,2024-05-15 09:10:00,2024,5,15,9,136,43.7
Shivajinagar AWS,18.5308,73.8474,15-05-2024 09:15,2024-05-15 09:15:00,2024,5,15,9,136,43.0
Shivajinagar AWS,18.5308,73.8474,15-05-2024 09:20,2024-05-15 09:20:00,2024,5,15,9,136,42.5
Shivajinagar AWS,18.5308,73.8474,15-05-2024 09:25,2024-05-15 09:25:00,2024,5,15,9,136,41.7
Shivajinagar AWS,18.5308,73.8474,15-05-2024 09:30,2024-05-15 09:30:00,2024,5,15,9,136,40.8
Shivajinagar AWS,18.5308,73.8474,15-05-2024 09:35,2024-05-15 09:35:00,2024,5,15,9,136,41.1
Shivajinagar AWS,18.5308,73.8474,15-05-2024 09:40,2024-05-15 09:40:00,2024,5,15,9,136,40.9
Shivajinagar AWS,18.5308,73.8474,15-05-2024 09:45,2024-05-15 09:45:00,2024,5,15,9,136,40.6
Shivajinagar AWS,18.5308,73.8474,15-05-2024 09:50,2024-05-15 09:50:00,2024,5,15,9,136,39.5
Shivajinagar AWS,18.5308,73.8474,15-05-2024 09:55,2024-05-15 09:55:00,2024,5,15,9,136,39.4
Shivajinagar AWS,18.5308,73.8474,15-05-2024 10:00,2024-05-15 10:00:00,2024,5,15,10,136,39.5
Shivajinagar AWS,18.5308,73.8474,15-05-2024 10:05,2024-05-15 10:05:00,2024,5,15,10,136,39.6
Shivajinagar AWS,18.5308,73.8474,15-05-2024 10:10,2024-05-15 10:10:00,2024,5,15,10,136,39.5
Shivajinagar AWS,18.5308,73.8474,15-05-2024 10:15,2024-05-15 10:15:00,2024,5,15,10,136,38.6
Shivajinagar AWS,18.5308,73.8474,15-05-2024 10:20,2024-05-15 10:20:00,2024,5,15,10,136,38.4
Shivajinagar AWS,18.5308,73.8474,15-05-2024 10:25,2024-05-15 10:25:00,2024,5,15,10,136,38.3
Shivajinagar AWS,18.5308,73.8474,15-05-2024 10:30,2024-05-15 10:30:00,2024,5,15,10,136,37.2
Shivajinagar AWS,18.5308,73.8474,15-05-2024 10:35,2024-05-15 10:35:00,2024,5,15,10,136,36.4
Shivajinagar AWS,18.5308,73.8474,15-05-2024 10:40,2024-05-15 10:40:00,2024,5,15,10,136,36.5
Shivajinagar AWS,18.5308,73.8474,15-05-2024 10:45,2024-05-15 10:45:00,2024,5,15,10,136,36.5
Shivajinagar AWS,18.5308,73.8474,15-05-2024 10:50,2024-05-15 10:50:00,2024,5,15,10,136,35.5
Shivajinagar AWS,18.5308,73.8474,15-05-2024 10:55,2024-05-15 10:55:00,2024,5,15,10,136,35.5
Shivajinagar AWS,18.5308,73.8474,15-05-2024 11:00,2024-05-15 11:00:00,2024,5,15,11,136,35.2
Shivajinagar AWS,18.5308,73.8474,15-05-2024 11:05,2024-05-15 11:05:00,2024,5,15,11,136,35.2
Shivajinagar AWS,18.5308,73.8474,15-05-2024 11:10,2024-05-15 11:10:00,2024,5,15,11,136,34.6
Shivajinagar AWS,18.5308,73.8474,15-05-2024 11:15,2024-05-15 11:15:00,2024,5,15,11,136,34.6
Shivajinagar AWS,18.5308,73.8474,15-05-2024 11:20,2024-05-15 11:20:00,2024,5,15,11,136,34.6
Shivajinagar AWS,18.5308,73.8474,15-05-2024 11:25,2024-05-15 11:25:00,2024,5,15,11,136,34.1
Shivajinagar AWS,18.5308,73.8474,15-05-2024 11:30,2024-05-15 11:30:00,2024,5,15,11,136,33.8
Shivajinagar AWS,18.5308,73.8474,15-05-2024 11:35,2024-05-15 11:35:00,2024,5,15,11,136,33.2
Shivajinagar AWS,18.5308,73.8474,15-05-2024 11:40,2024-05-15 11:40:00,2024,5,15,11,136,33.6
Shivajinagar AWS,18.5308,73.8474,15-05-2024 11:45,2024-05-15 11:45:00,2024,5,15,11,136,33.2
Shivajinagar AWS,18.5308,73.8474,15-05-2024 11:50,2024-05-15 11:50:00,2024,5,15,11,136,32.5
Shivajinagar AWS,18.5308,73.8474,15-05-2024 11:55,2024-05-15 11:55:00,2024,5,15,11,136,31.9
Shivajinagar AWS,18.5308,73.8474,15-05-2024 12:00,2024-05-15 12:00:00,2024,5,15,12,136,31.7
Shivajinagar AWS,18.5308,73.8474,15-05-2024 12:05,2024-05-15 12:05:00,2024,5,15,12,136,31.8
Shivajinagar AWS,18.5308,73.8474,15-05-2024 12:10,2024-05-15 12:10:00,2024,5,15,12,136,31.0
Shivajinagar AWS,18.5308,73.8474,15-05-2024 12:15,2024-05-15 12:15:00,2024,5,15,12,136,31.5
Shivajinagar AWS,18.5308,73.8474,15-05-2024 12:20,2024-05-15 12:20:00,2024,5,15,12,136,31.3
Shivajinagar AWS,18.5308,73.8474,15-05-2024 12:25,2024-05-15 12:25:00,2024,5,15,12,136,31.3
Shivajinagar AWS,18.5308,73.8474,15-05-2024 12:30,2024-05-15 12:30:00,2024,5,15,12,136,31.0
Shivajinagar AWS,18.5308,73.8474,15-05-2024 12:35,2024-05-15 12:35:00,2024,5,15,12,136,30.7
Shivajinagar AWS,18.5308,73.8474,15-05-2024 12:40,2024-05-15 12:40:00,2024,5,15,12,136,30.4
Shivajinagar AWS,18.5308,73.8474,15-05-2024 12:45,2024-05-15 12:45:00,2024,5,15,12,136,30.6
Shivajinagar AWS,18.5308,73.8474,15-05-2024 12:50,2024-05-15 12:50:00,2024,5,15,12,136,30.4
Shivajinagar AWS,18.5308,73.8474,15-05-2024 12:55,2024-05-15 12:55:00,2024,5,15,12,136,30.5
Shivajinagar AWS,18.5308,73.8474,15-05-2024 13:00,2024-05-15 13:00:00,2024,5,15,13,136,30.1
Shivajinagar AWS,18.5308,73.8474,15-05-2024 13:05,2024-05-15 13:05:00,2024,5,15,13,136,29.9
Shivajinagar AWS,18.5308,73.8474,15-05-2024 13:10,2024-05-15 13:10:00,2024,5,15,13,136,29.4
Shivajinagar AWS,18.5308,73.8474,15-05-2024 13:15,2024-05-15 13:15:00,2024,5,15,13,136,29.7
Shivajinagar AWS,18.5308,73.8474,15-05-2024 13:20,2024-05-15 13:20:00,2024,5,15,13,136,29.2
Shivajinagar AWS,18.5308,73.8474,15-05-2024 13:25,2024-05-15 13:25:00,2024,5,15,13,136,28.9
Shivajinagar AWS,18.5308,73.8474,15-05-2024 13:30,2024-05-15 13:30:00,2024,5,15,13,136,28.7
Shivajinagar AWS,18.5308,73.8474,15-05-2024 13:35,2024-05-15 13:35:00,2024,5,15,13,136,28.4
Shivajinagar AWS,18.5308,73.8474,15-05-2024 13:40,2024-05-15 13:40:00,2024,5,15,13,136,28.6
Shivajinagar AWS,18.5308,73.8474,15-05-2024 13:45,2024-05-15 13:45:00,2024,5,15,13,136,28.4
Shivajinagar AWS,18.5308,73.8474,15-05-2024 13:50,2024-05-15 13:50:00,2024,5,15,13,136,28.8
Shivajinagar AWS,18.5308,73.8474,15-05-2024 13:55,2024-05-15 13:55:00,2024,5,15,13,136,28.4
Shivajinagar AWS,18.5308,73.8474,15-05-2024 14:00,2024-05-15 14:00:00,2024,5,15,14,136,28.4
Shivajinagar AWS,18.5308,73.8474,15-05-2024 14:05,2024-05-15 14:05:00,2024,5,15,14,136,28.0
Shivajinagar AWS,18.5308,73.8474,15-05-2024 14:10,2024-05-15 14:10:00,2024,5,15,14,136,28.1
Shivajinagar AWS,18.5308,73.8474,15-05-2024 14:15,2024-05-15 14:15:00,2024,5,15,14,136,28.1
Shivajinagar AWS,18.5308,73.8474,15-05-2024 14:20,2024-05-15 14:20:00,2024,5,15,14,136,28.0
Shivajinagar AWS,18.5308,73.8474,15-05-2024 14:25,2024-05-15 14:25:00,2024,5,15,14,136,28.5
Shivajinagar AWS,18.5308,73.8474,15-05-2024 14:30,2024-05-15 14:30:00,2024,5,15,14,136,28.2
Shivajinagar AWS,18.5308,73.8474,15-05-2024 14:35,2024-05-15 14:35:00,2024,5,15,14,136,28.4
Shivajinagar AWS,18.5308,73.8474,15-05-2024 14:40,2024-05-15 14:40:00,2024,5,15,14,136,28.1
Shivajinagar AWS,18.5308,73.8474,15-05-2024 14:45,2024-05-15 14:45:00,2024,5,15,14,136,28.2
Shivajinagar AWS,18.5308,73.8474,15-05-2024 14:50,2024-05-15 14:50:00,2024,5,15,14,136,27.7
Shivajinagar AWS,18.5308,73.8474,15-05-2024 14:55,2024-05-15 14:55:00,2024,5,15,14,136,27.5
Shivajinagar AWS,18.5308,73.8474,15-05-2024 15:00,2024-05-15 15:00:00,2024,5,15,15,136,27.6
Shivajinagar AWS,18.5308,73.8474,15-05-2024 15:05,2024-05-15 15:05:00,2024,5,15,15,136,28.4
Shivajinagar AWS,18.5308,73.8474,15-05-2024 15:10,2024-05-15 15:10:00,2024,5,15,15,136,28.5
Shivajinagar AWS,18.5308,73.8474,15-05-2024 15:15,2024-05-15 15:15:00,2024,5,15,15,136,29.3
Shivajinagar AWS,18.5308,73.8474,15-05-2024 15:20,2024-05-15 15:20:00,2024,5,15,15,136,29.4
Shivajinagar AWS,18.5308,73.8474,15-05-2024 15:25,2024-05-15 15:25:00,2024,5,15,15,136,29.3
Shivajinagar AWS,18.5308,73.8474,15-05-2024 15:30,2024-05-15 15:30:00,2024,5,15,15,136,30.0
Shivajinagar AWS,18.5308,73.8474,15-05-2024 15:35,2024-05-15 15:35:00,2024,5,15,15,136,30.3
Shivajinagar AWS,18.5308,73.8474,15-05-2024 15:40,2024-05-15 15:40:00,2024,5,15,15,136,30.1
Shivajinagar AWS,18.5308,73.8474,15-05-2024 15:45,2024-05-15 15:45:00,2024,5,15,15,136,30.4
Shivajinagar AWS,18.5308,73.8474,15-05-2024 15:50,2024-05-15 15:50:00,2024,5,15,15,136,30.4
Shivajinagar AWS,18.5308,73.8474,15-05-2024 15:55,2024-05-15 15:55:00,2024,5,15,15,136,29.7
Shivajinagar AWS,18.5308,73.8474,15-05-2024 16:00,2024-05-15 16:00:00,2024,5,15,16,136,30.3
Shivajinagar AWS,18.5308,73.8474,15-05-2024 16:05,2024-05-15 16:05:00,2024,5,15,16,136,30.9
Shivajinagar AWS,18.5308,73.8474,15-05-2024 16:10,2024-05-15 16:10:00,2024,5,15,16,136,31.8
Shivajinagar AWS,18.5308,73.8474,15-05-2024 16:15,2024-05-15 16:15:00,2024,5,15,16,136,32.1
Shivajinagar AWS,18.5308,73.8474,15-05-2024 16:20,2024-05-15 16:20:00,2024,5,15,16,136,32.1
Shivajinagar AWS,18.5308,73.8474,15-05-2024 16:25,2024-05-15 16:25:00,2024,5,15,16,136,32.6
Shivajinagar AWS,18.5308,73.8474,15-05-2024 16:30,2024-05-15 16:30:00,2024,5,15,16,136,33.1
Shivajinagar AWS,18.5308,73.8474,15-05-2024 16:35,2024-05-15 16:35:00,2024,5,15,16,136,33.9
Shivajinagar AWS,18.5308,73.8474,15-05-2024 16:40,2024-05-15 16:40:00,2024,5,15,16,136,34.0
Shivajinagar AWS,18.5308,73.8474,15-05-2024 16:45,2024-05-15 16:45:00,2024,5,15,16,136,34.1
Shivajinagar AWS,18.5308,73.8474,15-05-2024 16:50,2024-05-15 16:50:00,2024,5,15,16,136,34.0
Shivajinagar AWS,18.5308,73.8474,15-05-2024 16:55,2024-05-15 16:55:00,2024,5,15,16,136,34.4
Shivajinagar AWS,18.5308,73.8474,15-05-2024 17:00,2024-05-15 17:00:00,2024,5,15,17,136,34.0
Shivajinagar AWS,18.5308,73.8474,15-05-2024 17:05,2024-05-15 17:05:00,2024,5,15,17,136,34.5
Shivajinagar AWS,18.5308,73.8474,15-05-2024 17:10,2024-05-15 17:10:00,2024,5,15,17,136,35.0
Shivajinagar AWS,18.5308,73.8474,15-05-2024 17:15,2024-05-15 17:15:00,2024,5,15,17,136,35.5
Shivajinagar AWS,18.5308,73.8474,15-05-2024 17:20,2024-05-15 17:20:00,2024,5,15,17,136,35.7
Shivajinagar AWS,18.5308,73.8474,15-05-2024 17:25,2024-05-15 17:25:00,2024,5,15,17,136,36.6
Shivajinagar AWS,18.5308,73.8474,15-05-2024 17:30,2024-05-15 17:30:00,2024,5,15,17,136,37.2
Shivajinagar AWS,18.5308,73.8474,15-05-2024 17:35,2024-05-15 17:35:00,2024,5,15,17,136,37.2
Shivajinagar AWS,18.5308,73.8474,15-05-2024 17:40,2024-05-15 17:40:00,2024,5,15,17,136,37.2
Shivajinagar AWS,18.5308,73.8474,15-05-2024 17:45,2024-05-15 17:45:00,2024,5,15,17,136,37.1
Shivajinagar AWS,18.5308,73.8474,15-05-2024 17:50,2024-05-15 17:50:00,2024,5,15,17,136,37.6
Shivajinagar AWS,18.5308,73.8474,15-05-2024 17:55,2024-05-15 17:55:00,2024,5,15,17,136,37.5
Shivajinagar AWS,18.5308,73.8474,15-05-2024 18:00,2024-05-15 18:00:00,2024,5,15,18,136,38.3
Shivajinagar AWS,18.5308,73.8474,15-05-2024 18:05,2024-05-15 18:05:00,2024,5,15,18,136,39.2
Shivajinagar AWS,18.5308,73.8474,15-05-2024 18:10,2024-05-15 18:10:00,2024,5,15,18,136,39.1
Shivajinagar AWS,18.5308,73.8474,15-05-2024 18:15,2024-05-15 18:15:00,2024,5,15,18,136,39.4
Shivajinagar AWS,18.5308,73.8474,15-05-2024 18:20,2024-05-15 18:20:00,2024,5,15,18,136,39.7
Shivajinagar AWS,18.5308,73.8474,15-05-2024 18:25,2024-05-15 18:25:00,2024,5,15,18,136,40.4
Shivajinagar AWS,18.5308,73.8474,15-05-2024 18:30,2024-05-15 18:30:00,2024,5,15,18,136,41.4
Shivajinagar AWS,18.5308,73.8474,15-05-2024 18:35,2024-05-15 18:35:00,2024,5,15,18,136,41.1
Shivajinagar AWS,18.5308,73.8474,15-05-2024 18:40,2024-05-15 18:40:00,2024,5,15,18,136,41.3
Shivajinagar AWS,18.5308,73.8474,15-05-2024 18:45,2024-05-15 18:45:00,2024,5,15,18,136,41.6
Shivajinagar AWS,18.5308,73.8474,15-05-2024 18:50,2024-05-15 18:50:00,2024,5,15,18,136,41.4
Shivajinagar AWS,18.5308,73.8474,15-05-2024 18:55,2024-05-15 18:55:00,2024,5,15,18,136,41.7
Shivajinagar AWS,18.5308,73.8474,15-05-2024 19:00,2024-05-15 19:00:00,2024,5,15,19,136,42.3
Shivajinagar AWS,18.5308,73.8474,15-05-2024 19:05,2024-05-15 19:05:00,2024,5,15,19,136,42.6
Shivajinagar AWS,18.5308,73.8474,15-05-2024 19:10,2024-05-15 19:10:00,2024,5,15,19,136,42.5
Shivajinagar AWS,18.5308,73.8474,15-05-2024 19:15,2024-05-15 19:15:00,2024,5,15,19,136,44.1
Shivajinagar AWS,18.5308,73.8474,15-05-2024 19:20,2024-05-15 19:20:00,2024,5,15,19,136,44.6
Shivajinagar AWS,18.5308,73.8474,15-05-2024 19:25,2024-05-15 19:25:00,2024,5,15,19,136,45.1
Shivajinagar AWS,18.5308,73.8474,15-05-2024 19:30,2024-05-15 19:30:00,2024,5,15,19,136,45.1
Shivajinagar AWS,18.5308,73.8474,15-05-2024 19:35,2024-05-15 19:35:00,2024,5,15,19,136,45.7
Shivajinagar AWS,18.5308,73.8474,15-05-2024 19:40,2024-05-15 19:40:00,2024,5,15,19,136,46.1
Shivajinagar AWS,18.5308,73.8474,15-05-2024 19:45,2024-05-15 19:45:00,2024,5,15,19,136,45.8
Shivajinagar AWS,18.5308,73.8474,15-05-2024 19:50,2024-05-15 19:50:00,2024,5,15,19,136,45.9
Shivajinagar AWS,18.5308,73.8474,15-05-2024 19:55,2024-05-15 19:55:00,2024,5,15,19,136,46.7
Shivajinagar AWS,18.5308,73.8474,15-05-2024 20:00,2024-05-15 20:00:00,2024,5,15,20,136,48.0
Shivajinagar AWS,18.5308,73.8474,15-05-2024 20:05,2024-05-15 20:05:00,2024,5,15,20,136,48.6
Shivajinagar AWS,18.5308,73.8474,15-05-2024 20:10,2024-05-15 20:10:00,2024,5,15,20,136,49.5
Shivajinagar AWS,18.5308,73.8474,15-05-2024 20:15,2024-05-15 20:15:00,2024,5,15,20,136,49.9
Shivajinagar AWS,18.5308,73.8474,15-05-2024 20:20,2024-05-15 20:20:00,2024,5,15,20,136,50.3
Shivajinagar AWS,18.5308,73.8474,15-05-2024 20:25,2024-05-15 20:25:00,2024,5,15,20,136,51.2
Shivajinagar AWS,18.5308,73.8474,15-05-2024 20:30,2024-05-15 20:30:00,2024,5,15,20,136,52.3
Shivajinagar AWS,18.5308,73.8474,15-05-2024 20:35,2024-05-15 20:35:00,2024,5,15,20,136,53.3
Shivajinagar AWS,18.5308,73.8474,15-05-2024 20:40,2024-05-15 20:40:00,2024,5,15,20,136,53.2
Shivajinagar AWS,18.5308,73.8474,15-05-2024 20:45,2024-05-15 20:45:00,2024,5,15,20,136,53.6
Shivajinagar AWS,18.5308,73.8474,15-05-2024 20:50,2024-05-15 20:50:00,2024,5,15,20,136,54.1
Shivajinagar AWS,18.5308,73.8474,15-05-2024 20:55,2024-05-15 20:55:00,2024,5,15,20,136,54.5
Shivajinagar AWS,18.5308,73.8474,15-05-2024 21:00,2024-05-15 21:00:00,2024,5,15,21,136,55.0
Shivajinagar AWS,18.5308,73.8474,15-05-2024 21:05,2024-05-15 21:05:00,2024,5,15,21,136,55.8
Shivajinagar AWS,18.5308,73.8474,15-05-2024 21:10,2024-05-15 21:10:00,2024,5,15,21,136,56.6
Shivajinagar AWS,18.5308,73.8474,15-05-2024 21:15,2024-05-15 21:15:00,2024,5,15,21,136,57.7
Shivajinagar AWS,18.5308,73.8474,15-05-2024 21:20,2024-05-15 21:20:00,2024,5,15,21,136,57.9
Shivajinagar AWS,18.5308,73.8474,15-05-2024 21:25,2024-05-15 21:25:00,2024,5,15,21,136,57.7
Shivajinagar AWS,18.5308,73.8474,15-05-2024 21:30,2024-05-15 21:30:00,2024,5,15,21,136,58.2
Shivajinagar AWS,18.5308,73.8474,15-05-2024 21:35,2024-05-15 21:35:00,2024,5,15,21,136,59.4
Shivajinagar AWS,18.5308,73.8474,15-05-2024 21:40,2024-05-15 21:40:00,2024,5,15,21,136,59.5
Shivajinagar AWS,18.5308,73.8474,15-05-2024 21:45,2024-05-15 21:45:00,2024,5,15,21,136,60.2
Shivajinagar AWS,18.5308,73.8474,15-05-2024 21:50,2024-05-15 21:50:00,2024,5,15,21,136,60.8
Shivajinagar AWS,18.5308,73.8474,15-05-2024 21:55,2024-05-15 21:55:00,2024,5,15,21,136,61.2
Shivajinagar AWS,18.5308,73.8474,15-05-2024 22:00,2024-05-15 22:00:00,2024,5,15,22,136,61.6
Shivajinagar AWS,18.5308,73.8474,15-05-2024 22:05,2024-05-15 22:05:00,2024,5,15,22,136,61.6
Shivajinagar AWS,18.5308,73.8474,15-05-2024 22:10,2024-05-15 22:10:00,2024,5,15,22,136,61.0
Shivajinagar AWS,18.5308,73.8474,15-05-2024 22:15,2024-05-15 22:15:00,2024,5,15,22,136,61.0
Shivajinagar AWS,18.5308,73.8474,15-05-2024 22:20,2024-05-15 22:20:00,2024,5,15,22,136,61.2
Shivajinagar AWS,18.5308,73.8474,15-05-2024 22:25,2024-05-15 22:25:00,2024,5,15,22,136,62.1
Shivajinagar AWS,18.5308,73.8474,15-05-2024 22:30,2024-05-15 22:30:00,2024,5,15,22,136,62.5
Shivajinagar AWS,18.5308,73.8474,15-05-2024 22:35,2024-05-15 22:35:00,2024,5,15,22,136,62.7
Shivajinagar AWS,18.5308,73.8474,15-05-2024 22:40,2024-05-15 22:40:00,2024,5,15,22,136,62.7
Shivajinagar AWS,18.5308,73.8474,15-05-2024 22:45,2024-05-15 22:45:00,2024,5,15,22,136,63.4
Shivajinagar AWS,18.5308,73.8474,15-05-2024 22:50,2024-05-15 22:50:00,2024,5,15,22,136,64.4
Shivajinagar AWS,18.5308,73.8474,15-05-2024 22:55,2024-05-15 22:55:00,2024,5,15,22,136,65.2
Shivajinagar AWS,18.5308,73.8474,15-05-2024 23:00,2024-05-15 23:00:00,2024,5,15,23,136,65.8
Shivajinagar AWS,18.5308,73.8474,15-05-2024 23:05,2024-05-15 23:05:00,2024,5,15,23,136,65.5
Shivajinagar AWS,18.5308,73.8474,15-05-2024 23:10,2024-05-15 23:10:00,2024,5,15,23,136,65.7
Shivajinagar AWS,18.5308,73.8474,15-05-2024 23:15,2024-05-15 23:15:00,2024,5,15,23,136,66.9
Shivajinagar AWS,18.5308,73.8474,15-05-2024 23:20,2024-05-15 23:20:00,2024,5,15,23,136,67.6
Shivajinagar AWS,18.5308,73.8474,15-05-2024 23:25,2024-05-15 23:25:00,2024,5,15,23,136,67.3
Shivajinagar AWS,18.5308,73.8474,15-05-2024 23:30,2024-05-15 23:30:00,2024,5,15,23,136,67.6
Shivajinagar AWS,18.5308,73.8474,15-05-2024 23:35,2024-05-15 23:35:00,2024,5,15,23,136,68.0
Shivajinagar AWS,18.5308,73.8474,15-05-2024 23:40,2024-05-15 23:40:00,2024,5,15,23,136,68.0
Shivajinagar AWS,18.5308,73.8474,15-05-2024 23:45,2024-05-15 23:45:00,2024,5,15,23,136,67.4
Shivajinagar AWS,18.5308,73.8474,15-05-2024 23:50,2024-05-15 23:50:00,2024,5,15,23,136,67.8
Shivajinagar AWS,18.5308,73.8474,15-05-2024 23:55,2024-05-15 23:55:00,2024,5,15,23,136,67.8
Shivajinagar AWS,18.5308,73.8474,16-05-2024 00:00,2024-05-16 00:00:00,2024,5,16,0,137,67.9
Shivajinagar AWS,18.5308,73.8474,16-05-2024 00:05,2024-05-16 00:05:00,2024,5,16,0,137,68.1
Shivajinagar AWS,18.5308,73.8474,16-05-2024 00:10,2024-05-16 00:10:00,2024,5,16,0,137,68.4
Shivajinagar AWS,18.5308,73.8474,16-05-2024 00:15,2024-05-16 00:15:00,2024,5,16,0,137,68.7
Shivajinagar AWS,18.5308,73.8474,16-05-2024 00:20,2024-05-16 00:20:00,2024,5,16,0,137,68.7
Shivajinagar AWS,18.5308,73.8474,16-05-2024 00:25,2024-05-16 00:25:00,2024,5,16,0,137,68.9
Shivajinagar AWS,18.5308,73.8474,16-05-2024 00:30,2024-05-16 00:30:00,2024,5,16,0,137,68.5
Shivajinagar AWS,18.5308,73.8474,16-05-2024 00:35,2024-05-16 00:35:00,2024,5,16,0,137,69.0
Shivajinagar AWS,18.5308,73.8474,16-05-2024 00:40,2024-05-16 00:40:00,2024,5,16,0,137,68.2
Shivajinagar AWS,18.5308,73.8474,16-05-2024 00:45,2024-05-16 00:45:00,2024,5,16,0,137,68.4
Shivajinagar AWS,18.5308,73.8474,16-05-2024 00:50,2024-05-16 00:50:00,2024,5,16,0,137,69.2
Shivajinagar AWS,18.5308,73.8474,16-05-2024 00:55,2024-05-16 00:55:00,2024,5,16,0,137,69.1
Shivajinagar AWS,18.5308,73.8474,16-05-2024 01:00,2024-05-16 01:00:00,2024,5,16,1,137,69.7
Shivajinagar AWS,18.5308,73.8474,16-05-2024 01:05,2024-05-16 01:05:00,2024,5,16,1,137,70.5
Shivajinagar AWS,18.5308,73.8474,16-05-2024 01:10,2024-05-16 01:10:00,2024,5,16,1,137,69.4
Shivajinagar AWS,18.5308,73.8474,16-05-2024 01:15,2024-05-16 01:15:00,2024,5,16,1,137,69.7
Shivajinagar AWS,18.5308,73.8474,16-05-2024 01:20,2024-05-16 01:20:00,2024,5,16,1,137,68.8
Shivajinagar AWS,18.5308,73.8474,16-05-2024 01:25,2024-05-16 01:25:00,2024,5,16,1,137,69.1
Shivajinagar AWS,18.5308,73.8474,16-05-2024 01:30,2024-05-16 01:30:00,2024,5,16,1,137,69.4
Shivajinagar AWS,18.5308,73.8474,16-05-2024 01:35,2024-05-16 01:35:00,2024,5,16,1,137,68.8
Shivajinagar AWS,18.5308,73.8474,16-05-2024 01:40,2024-05-16 01:40:00,2024,5,16,1,137,69.9
Shivajinagar AWS,18.5308,73.8474,16-05-2024 01:45,2024-05-16 01:45:00,2024,5,16,1,137,70.3
Shivajinagar AWS,18.5308,73.8474,16-05-2024 01:50,2024-05-16 01:50:00,2024,5,16,1,137,70.2
Shivajinagar AWS,18.5308,73.8474,16-05-2024 01:55,2024-05-16 01:55:00,2024,5,16,1,137,71.0
Shivajinagar AWS,18.5308,73.8474,16-05-2024 02:00,2024-05-16 02:00:00,2024,5,16,2,137,70.5
Shivajinagar AWS,18.5308,73.8474,16-05-2024 02:05,2024-05-16 02:05:00,2024,5,16,2,137,70.2
Shivajinagar AWS,18.5308,73.8474,16-05-2024 02:10,2024-05-16 02:10:00,2024,5,16,2,137,69.5
Shivajinagar AWS,18.5308,73.8474,16-05-2024 02:15,2024-05-16 02:15:00,2024,5,16,2,137,70.5
Shivajinagar AWS,18.5308,73.8474,16-05-2024 02:20,2024-05-16 02:20:00,2024,5,16,2,137,70.9
Shivajinagar AWS,18.5308,73.8474,16-05-2024 02:25,2024-05-16 02:25:00,2024,5,16,2,137,71.3
Shivajinagar AWS,18.5308,73.8474,16-05-2024 02:30,2024-05-16 02:30:00,2024,5,16,2,137,71.6
Shivajinagar AWS,18.5308,73.8474,16-05-2024 02:35,2024-05-16 02:35:00,2024,5,16,2,137,71.9
Shivajinagar AWS,18.5308,73.8474,16-05-2024 02:40,2024-05-16 02:40:00,2024,5,16,2,137,72.1
Shivajinagar AWS,18.5308,73.8474,16-05-2024 02:45,2024-05-16 02:45:00,2024,5,16,2,137,72.2
Shivajinagar AWS,18.5308,73.8474,16-05-2024 02:50,2024-05-16 02:50:00,2024,5,16,2,137,72.4
Shivajinagar AWS,18.5308,73.8474,16-05-2024 02:55,2024-05-16 02:55:00,2024,5,16,2,137,72.2
Shivajinagar AWS,18.5308,73.8474,16-05-2024 03:00,2024-05-16 03:00:00,2024,5,16,3,137,72.2
Shivajinagar AWS,18.5308,73.8474,16-05-2024 03:05,2024-05-16 03:05:00,2024,5,16,3,137,72.3
Shivajinagar AWS,18.5308,73.8474,16-05-2024 03:10,2024-05-16 03:10:00,2024,5,16,3,137,72.4
Shivajinagar AWS,18.5308,73.8474,16-05-2024 03:15,2024-05-16 03:15:00,2024,5,16,3,137,71.8
Shivajinagar AWS,18.5308,73.8474,16-05-2024 03:20,2024-05-16 03:20:00,2024,5,16,3,137,71.2
Shivajinagar AWS,18.5308,73.8474,16-05-2024 03:25,2024-05-16 03:25:00,2024,5,16,3,137,71.7
Shivajinagar AWS,18.5308,73.8474,16-05-2024 03:30,2024-05-16 03:30:00,2024,5,16,3,137,71.6
Shivajinagar AWS,18.5308,73.8474,16-05-2024 03:35,2024-05-16 03:35:00,2024,5,16,3,137,71.8
Shivajinagar AWS,18.5308,73.8474,16-05-2024 03:40,2024-05-16 03:40:00,2024,5,16,3,137,71.3
Shivajinagar AWS,18.5308,73.8474,16-05-2024 03:45,2024-05-16 03:45:00,2024,5,16,3,137,70.6
Shivajinagar AWS,18.5308,73.8474,16-05-2024 03:50,2024-05-16 03:50:00,2024,5,16,3,137,70.3
Shivajinagar AWS,18.5308,73.8474,16-05-2024 03:55,2024-05-16 03:55:00,2024,5,16,3,137,70.2
Shivajinagar AWS,18.5308,73.8474,16-05-2024 04:00,2024-05-16 04:00:00,2024,5,16,4,137,69.9
Shivajinagar AWS,18.5308,73.8474,16-05-2024 04:05,2024-05-16 04:05:00,2024,5,16,4,137,70.3
Shivajinagar AWS,18.5308,73.8474,16-05-2024 04:10,2024-05-16 04:10:00,2024,5,16,4,137,70.3
Shivajinagar AWS,18.5308,73.8474,16-05-2024 04:15,2024-05-16 04:15:00,2024,5,16,4,137,71.0
Shivajinagar AWS,18.5308,73.8474,16-05-2024 04:20,2024-05-16 04:20:00,2024,5,16,4,137,71.0
Shivajinagar AWS,18.5308,73.8474,16-05-2024 04:25,2024-05-16 04:25:00,2024,5,16,4,137,69.9
Shivajinagar AWS,18.5308,73.8474,16-05-2024 04:30,2024-05-16 04:30:00,2024,5,16,4,137,70.1
Shivajinagar AWS,18.5308,73.8474,16-05-2024 04:35,2024-05-16 04:35:00,2024,5,16,4,137,69.4
Shivajinagar AWS,18.5308,73.8474,16-05-2024 04:40,2024-05-16 04:40:00,2024,5,16,4,137,69.3
Shivajinagar AWS,18.5308,73.8474,16-05-2024 04:45,2024-05-16 04:45:00,2024,5,16,4,137,68.8
Shivajinagar AWS,18.5308,73.8474,16-05-2024 04:50,2024-05-16 04:50:00,2024,5,16,4,137,69.5
Shivajinagar AWS,18.5308,73.8474,16-05-2024 04:55,2024-05-16 04:55:00,2024,5,16,4,137,69.9
Shivajinagar AWS,18.5308,73.8474,16-05-2024 05:00,2024-05-16 05:00:00,2024,5,16,5,137,69.3
Shivajinagar AWS,18.5308,73.8474,16-05-2024 05:05,2024-05-16 05:05:00,2024,5,16,5,137,69.0
Shivajinagar AWS,18.5308,73.8474,16-05-2024 05:10,2024-05-16 05:10:00,2024,5,16,5,137,68.9
Shivajinagar AWS,18.5308,73.8474,16-05-2024 05:15,2024-05-16 05:15:00,2024,5,16,5,137,68.9
Shivajinagar AWS,18.5308,73.8474,16-05-2024 05:20,2024-05-16 05:20:00,2024,5,16,5,137,68.7
Shivajinagar AWS,18.5308,73.8474,16-05-2024 05:25,2024-05-16 05:25:00,2024,5,16,5,137,67.9
Shivajinagar AWS,18.5308,73.8474,16-05-2024 05:30,2024-05-16 05:30:00,2024,5,16,5,137,67.3
Shivajinagar AWS,18.5308,73.8474,16-05-2024 05:35,2024-05-16 05:35:00,2024,5,16,5,137,67.1
Shivajinagar AWS,18.5308,73.8474,16-05-2024 05:40,2024-05-16 05:40:00,2024,5,16,5,137,67.3
Shivajinagar AWS,18.5308,73.8474,16-05-2024 05:45,2024-05-16 05:45:00,2024,5,16,5,137,67.1
Shivajinagar AWS,18.5308,73.8474,16-05-2024 05:50,2024-05-16 05:50:00,2024,5,16,5,137,66.4
Shivajinagar AWS,18.5308,73.8474,16-05-2024 05:55,2024-05-16 05:55:00,2024,5,16,5,137,66.4
Shivajinagar AWS,18.5308,73.8474,16-05-2024 06:00,2024-05-16 06:00:00,2024,5,16,6,137,65.8
Shivajinagar AWS,18.5308,73.8474,16-05-2024 06:05,2024-05-16 06:05:00,2024,5,16,6,137,65.8
Shivajinagar AWS,18.5308,73.8474,16-05-2024 06:10,2024-05-16 06:10:00,2024,5,16,6,137,66.5
Shivajinagar AWS,18.5308,73.8474,16-05-2024 06:15,2024-05-16 06:15:00,2024,5,16,6,137,65.9
Shivajinagar AWS,18.5308,73.8474,16-05-2024 06:20,2024-05-16 06:20:00,2024,5,16,6,137,65.8
Shivajinagar AWS,18.5308,73.8474,16-05-2024 06:25,2024-05-16 06:25:00,2024,5,16,6,137,65.0
Shivajinagar AWS,18.5308,73.8474,16-05-2024 06:30,2024-05-16 06:30:00,2024,5,16,6,137,64.5
Shivajinagar AWS,18.5308,73.8474,16-05-2024 06:35,2024-05-16 06:35:00,2024,5,16,6,137,64.1
Shivajinagar AWS,18.5308,73.8474,16-05-2024 06:40,2024-05-16 06:40:00,2024,5,16,6,137,63.6
Shivajinagar AWS,18.5308,73.8474,16-05-2024 06:45,2024-05-16 06:45:00,2024,5,16,6,137,64.1
Shivajinagar AWS,18.5308,73.8474,16-05-2024 06:50,2024-05-16 06:50:00,2024,5,16,6,137,63.5
Shivajinagar AWS,18.5308,73.8474,16-05-2024 06:55,2024-05-16 06:55:00,2024,5,16,6,137,63.3
Shivajinagar AWS,18.5308,73.8474,16-05-2024 07:00,2024-05-16 07:00:00,2024,5,16,7,137,62.0
Shivajinagar AWS,18.5308,73.8474,16-05-2024 07:05,2024-05-16 07:05:00,2024,5,16,7,137,61.7
Shivajinagar AWS,18.5308,73.8474,16-05-2024 07:10,2024-05-16 07:10:00,2024,5,16,7,137,61.7
Shivajinagar AWS,18.5308,73.8474,16-05-2024 07:15,2024-05-16 07:15:00,2024,5,16,7,137,61.0
Shivajinagar AWS,18.5308,73.8474,16-05-2024 07:20,2024-05-16 07:20:00,2024,5,16,7,137,59.5
Shivajinagar AWS,18.5308,73.8474,16-05-2024 07:25,2024-05-16 07:25:00,2024,5,16,7,137,59.0
Shivajinagar AWS,18.5308,73.8474,16-05-2024 07:30,2024-05-16 07:30:00,2024,5,16,7,137,58.6
Shivajinagar AWS,18.5308,73.8474,16-05-2024 07:35,2024-05-16 07:35:00,2024,5,16,7,137,58.4
Shivajinagar AWS,18.5308,73.8474,16-05-2024 07:40,2024-05-16 07:40:00,2024,5,16,7,137,58.8
Shivajinagar AWS,18.5308,73.8474,16-05-2024 07:45,2024-05-16 07:45:00,2024,5,16,7,137,58.1
Shivajinagar AWS,18.5308,73.8474,16-05-2024 07:50,2024-05-16 07:50:00,2024,5,16,7,137,57.3
Shivajinagar AWS,18.5308,73.8474,16-05-2024 07:55,2024-05-16 07:55:00,2024,5,16,7,137,56.3
Shivajinagar AWS,18.5308,73.8474,16-05-2024 08:00,2024-05-16 08:00:00,2024,5,16,8,137,56.0
Shivajinagar AWS,18.5308,73.8474,16-05-2024 08:05,2024-05-16 08:05:00,2024,5,16,8,137,55.7
Shivajinagar AWS,18.5308,73.8474,16-05-2024 08:10,2024-05-16 08:10:00,2024,5,16,8,137,55.0
Shivajinagar AWS,18.5308,73.8474,16-05-2024 08:15,2024-05-16 08:15:00,2024,5,16,8,137,54.9
Shivajinagar AWS,18.5308,73.8474,16-05-2024 08:20,2024-05-16 08:20:00,2024,5,16,8,137,54.6
Shivajinagar AWS,18.5308,73.8474,16-05-2024 08:25,2024-05-16 08:25:00,2024,5,16,8,137,54.1
Shivajinagar AWS,18.5308,73.8474,16-05-2024 08:30,2024-05-16 08:30:00,2024,5,16,8,137,53.2
Shivajinagar AWS,18.5308,73.8474,16-05-2024 08:35,2024-05-16 08:35:00,2024,5,16,8,137,52.6
Shivajinagar AWS,18.5308,73.8474,16-05-2024 08:40,2024-05-16 08:40:00,2024,5,16,8,137,51.2
Shivajinagar AWS,18.5308,73.8474,16-05-2024 08:45,2024-05-16 08:45:00,2024,5,16,8,137,50.8
Shivajinagar AWS,18.5308,73.8474,16-05-2024 08:50,2024-05-16 08:50:00,2024,5,16,8,137,50.4
Shivajinagar AWS,18.5308,73.8474,16-05-2024 08:55,2024-05-16 08:55:00,2024,5,16,8,137,50.1
Shivajinagar AWS,18.5308,73.8474,16-05-2024 09:00,2024-05-16 09:00:00,2024,5,16,9,137,49.9
Shivajinagar AWS,18.5308,73.8474,16-05-2024 09:05,2024-05-16 09:05:00,2024,5,16,9,137,49.6
Shivajinagar AWS,18.5308,73.8474,16-05-2024 09:10,2024-05-16 09:10:00,2024,5,16,9,137,49.1
Shivajinagar AWS,18.5308,73.8474,16-05-2024 09:15,2024-05-16 09:15:00,2024,5,16,9,137,48.7
Shivajinagar AWS,18.5308,73.8474,16-05-2024 09:20,2024-05-16 09:20:00,2024,5,16,9,137,47.7
Shivajinagar AWS,18.5308,73.8474,16-05-2024 09:25,2024-05-16 09:25:00,2024,5,16,9,137,47.1
Shivajinagar AWS,18.5308,73.8474,16-05-2024 09:30,2024-05-16 09:30:00,2024,5,16,9,137,46.7
Shivajinagar AWS,18.5308,73.8474,16-05-2024 09:35,2024-05-16 09:35:00,2024,5,16,9,137,46.0
Shivajinagar AWS,18.5308,73.8474,16-05-2024 09:40,2024-05-16 09:40:00,2024,5,16,9,137,46.0
Shivajinagar AWS,18.5308,73.8474,16-05-2024 09:45,2024-05-16 09:45:00,2024,5,16,9,137,45.3
Shivajinagar AWS,18.5308,73.8474,16-05-2024 09:50,2024-05-16 09:50:00,2024,5,16,9,137,45.0
Shivajinagar AWS,18.5308,73.8474,16-05-2024 09:55,2024-05-16 09:55:00,2024,5,16,9,137,44.7
Shivajinagar AWS,18.5308,73.8474,16-05-2024 10:00,2024-05-16 10:00:00,2024,5,16,10,137,44.6
Shivajinagar AWS,18.5308,73.8474,16-05-2024 10:05,2024-05-16 10:05:00,2024,5,16,10,137,44.6
Shivajinagar AWS,18.5308,73.8474,16-05-2024 10:10,2024-05-16 10:10:00,2024,5,16,10,137,44.4
Shivajinagar AWS,18.5308,73.8474,16-05-2024 10:15,2024-05-16 10:15:00,2024,5,16,10,137,43.1
Shivajinagar AWS,18.5308,73.8474,16-05-2024 10:20,2024-05-16 10:20:00,2024,5,16,10,137,43.2
Shivajinagar AWS,18.5308,73.8474,16-05-2024 10:25,2024-05-16 10:25:00,2024,5,16,10,137,43.5
Shivajinagar AWS,18.5308,73.8474,16-05-2024 10:30,2024-05-16 10:30:00,2024,5,16,10,137,42.8
Shivajinagar AWS,18.5308,73.8474,16-05-2024 10:35,2024-05-16 10:35:00,2024,5,16,10,137,42.5
Shivajinagar AWS,18.5308,73.8474,16-05-2024 10:40,2024-05-16 10:40:00,2024,5,16,10,137,41.8
Shivajinagar AWS,18.5308,73.8474,16-05-2024 10:45,2024-05-16 10:45:00,2024,5,16,10,137,40.6
Shivajinagar AWS,18.5308,73.8474,16-05-2024 10:50,2024-05-16 10:50:00,2024,5,16,10,137,40.0
Shivajinagar AWS,18.5308,73.8474,16-05-2024 10:55,2024-05-16 10:55:00,2024,5,16,10,137,39.4
Shivajinagar AWS,18.5308,73.8474,16-05-2024 11:00,2024-05-16 11:00:00,2024,5,16,11,137,39.0
Shivajinagar AWS,18.5308,73.8474,16-05-2024 11:05,2024-05-16 11:05:00,2024,5,16,11,137,38.3
Shivajinagar AWS,18.5308,73.8474,16-05-2024 11:10,2024-05-16 11:10:00,2024,5,16,11,137,37.7
Shivajinagar AWS,18.5308,73.8474,16-05-2024 11:15,2024-05-16 11:15:00,2024,5,16,11,137,37.5
Shivajinagar AWS,18.5308,73.8474,16-05-2024 11:20,2024-05-16 11:20:00,2024,5,16,11,137,36.9
Shivajinagar AWS,18.5308,73.8474,16-05-2024 11:25,2024-05-16 11:25:00,2024,5,16,11,137,36.9
Shivajinagar AWS,18.5308,73.8474,16-05-2024 11:30,2024-05-16 11:30:00,2024,5,16,11,137,36.9
Shivajinagar AWS,18.5308,73.8474,16-05-2024 11:35,2024-05-16 11:35:00,2024,5,16,11,137,37.6
Shivajinagar AWS,18.5308,73.8474,16-05-2024 11:40,2024-05-16 11:40:00,2024,5,16,11,137,37.8
Shivajinagar AWS,18.5308,73.8474,16-05-2024 11:45,2024-05-16 11:45:00,2024,5,16,11,137,37.6
Shivajinagar AWS,18.5308,73.8474,16-05-2024 11:50,2024-05-16 11:50:00,2024,5,16,11,137,37.0
Shivajinagar AWS,18.5308,73.8474,16-05-2024 11:55,2024-05-16 11:55:00,2024,5,16,11,137,36.8
Shivajinagar AWS,18.5308,73.8474,16-05-2024 12:00,2024-05-16 12:00:00,2024,5,16,12,137,36.7
Shivajinagar AWS,18.5308,73.8474,16-05-2024 12:05,2024-05-16 12:05:00,2024,5,16,12,137,36.2
Shivajinagar AWS,18.5308,73.8474,16-05-2024 12:10,2024-05-16 12:10:00,2024,5,16,12,137,36.3
Shivajinagar AWS,18.5308,73.8474,16-05-2024 12:15,2024-05-16 12:15:00,2024,5,16,12,137,35.4
Shivajinagar AWS,18.5308,73.8474,16-05-2024 12:20,2024-05-16 12:20:00,2024,5,16,12,137,35.1
Shivajinagar AWS,18.5308,73.8474,16-05-2024 12:25,2024-05-16 12:25:00,2024,5,16,12,137,35.1
Shivajinagar AWS,18.5308,73.8474,16-05-2024 12:30,2024-05-16 12:30:00,2024,5,16,12,137,34.8
Shivajinagar AWS,18.5308,73.8474,16-05-2024 12:35,2024-05-16 12:35:00,2024,5,16,12,137,34.5
Shivajinagar AWS,18.5308,73.8474,16-05-2024 12:40,2024-05-16 12:40:00,2024,5,16,12,137,34.2
Shivajinagar AWS,18.5308,73.8474,16-05-2024 12:45,2024-05-16 12:45:00,2024,5,16,12,137,33.7
Shivajinagar AWS,18.5308,73.8474,16-05-2024 12:50,2024-05-16 12:50:00,2024,5,16,12,137,34.0
Shivajinagar AWS,18.5308,73.8474,16-05-2024 12:55,2024-05-16 12:55:00,2024,5,16,12,137,33.4
Shivajinagar AWS,18.5308,73.8474,16-05-2024 13:00,2024-05-16 13:00:00,2024,5,16,13,137,33.4
Shivajinagar AWS,18.5308,73.8474,16-05-2024 13:05,2024-05-16 13:05:00,2024,5,16,13,137,33.4
Shivajinagar AWS,18.5308,73.8474,16-05-2024 13:10,2024-05-16 13:10:00,2024,5,16,13,137,32.9
Shivajinagar AWS,18.5308,73.8474,16-05-2024 13:15,2024-05-16 13:15:00,2024,5,16,13,137,32.8
Shivajinagar AWS,18.5308,73.8474,16-05-2024 13:20,2024-05-16 13:20:00,2024,5,16,13,137,32.3
Shivajinagar AWS,18.5308,73.8474,16-05-2024 13:25,2024-05-16 13:25:00,2024,5,16,13,137,32.8
Shivajinagar AWS,18.5308,73.8474,16-05-2024 13:30,2024-05-16 13:30:00,2024,5,16,13,137,32.3
Shivajinagar AWS,18.5308,73.8474,16-05-2024 13:35,2024-05-16 13:35:00,2024,5,16,13,137,31.9
Shivajinagar AWS,18.5308,73.8474,16-05-2024 13:40,2024-05-16 13:40:00,2024,5,16,13,137,31.4
Shivajinagar AWS,18.5308,73.8474,16-05-2024 13:45,2024-05-16 13:45:00,2024,5,16,13,137,30.8
Shivajinagar AWS,18.5308,73.8474,16-05-2024 13:50,2024-05-16 13:50:00,2024,5,16,13,137,31.5
Shivajinagar AWS,18.5308,73.8474,16-05-2024 13:55,2024-05-16 13:55:00,2024,5,16,13,137,31.7
Shivajinagar AWS,18.5308,73.8474,16-05-2024 14:00,2024-05-16 14:00:00,2024,5,16,14,137,31.7
Shivajinagar AWS,18.5308,73.8474,16-05-2024 14:05,2024-05-16 14:05:00,2024,5,16,14,137,31.5
Shivajinagar AWS,18.5308,73.8474,16-05-2024 14:10,2024-05-16 14:10:00,2024,5,16,14,137,31.9
Shivajinagar AWS,18.5308,73.8474,16-05-2024 14:15,2024-05-16 14:15:00,2024,5,16,14,137,31.5
Shivajinagar AWS,18.5308,73.8474,16-05-2024 14:20,2024-05-16 14:20:00,2024,5,16,14,137,31.9
Shivajinagar AWS,18.5308,73.8474,16-05-2024 14:25,2024-05-16 14:25:00,2024,5,16,14,137,31.6
Shivajinagar AWS,18.5308,73.8474,16-05-2024 14:30,2024-05-16 14:30:00,2024,5,16,14,137,31.3
Shivajinagar AWS,18.5308,73.8474,16-05-2024 14:35,2024-05-16 14:35:00,2024,5,16,14,137,31.7
Shivajinagar AWS,18.5308,73.8474,16-05-2024 14:40,2024-05-16 14:40:00,2024,5,16,14,137,32.1
Shivajinagar AWS,18.5308,73.8474,16-05-2024 14:45,2024-05-16 14:45:00,2024,5,16,14,137,32.4
Shivajinagar AWS,18.5308,73.8474,16-05-2024 14:50,2024-05-16 14:50:00,2024,5,16,14,137,32.1
Shivajinagar AWS,18.5308,73.8474,16-05-2024 14:55,2024-05-16 14:55:00,2024,5,16,14,137,32.0
Shivajinagar AWS,18.5308,73.8474,16-05-2024 15:00,2024-05-16 15:00:00,2024,5,16,15,137,32.1
Shivajinagar AWS,18.5308,73.8474,16-05-2024 15:05,2024-05-16 15:05:00,2024,5,16,15,137,31.9
Shivajinagar AWS,18.5308,73.8474,16-05-2024 15:10,2024-05-16 15:10:00,2024,5,16,15,137,32.6
Shivajinagar AWS,18.5308,73.8474,16-05-2024 15:15,2024-05-16 15:15:00,2024,5,16,15,137,31.7
Shivajinagar AWS,18.5308,73.8474,16-05-2024 15:20,2024-05-16 15:20:00,2024,5,16,15,137,31.6
Shivajinagar AWS,18.5308,73.8474,16-05-2024 15:25,2024-05-16 15:25:00,2024,5,16,15,137,31.6
Shivajinagar AWS,18.5308,73.8474,16-05-2024 15:30,2024-05-16 15:30:00,2024,5,16,15,137,30.7
Shivajinagar AWS,18.5308,73.8474,16-05-2024 15:35,2024-05-16 15:35:00,2024,5,16,15,137,30.4
Shivajinagar AWS,18.5308,73.8474,16-05-2024 15:40,2024-05-16 15:40:00,2024,5,16,15,137,30.9
Shivajinagar AWS,18.5308,73.8474,16-05-2024 15:45,2024-05-16 15:45:00,2024,5,16,15,137,31.3
Shivajinagar AWS,18.5308,73.8474,16-05-2024 15:50,2024-05-16 15:50:00,2024,5,16,15,137,32.2
Shivajinagar AWS,18.5308,73.8474,16-05-2024 15:55,2024-05-16 15:55:00,2024,5,16,15,137,33.1
Shivajinagar AWS,18.5308,73.8474,16-05-2024 16:00,2024-05-16 16:00:00,2024,5,16,16,137,33.5
Shivajinagar AWS,18.5308,73.8474,16-05-2024 16:05,2024-05-16 16:05:00,2024,5,16,16,137,33.9
Shivajinagar AWS,18.5308,73.8474,16-05-2024 16:10,2024-05-16 16:10:00,2024,5,16,16,137,34.1
Shivajinagar AWS,18.5308,73.8474,16-05-2024 16:15,2024-05-16 16:15:00,2024,5,16,16,137,33.3
Shivajinagar AWS,18.5308,73.8474,16-05-2024 16:20,2024-05-16 16:20:00,2024,5,16,16,137,33.1
Shivajinagar AWS,18.5308,73.8474,16-05-2024 16:25,2024-05-16 16:25:00,2024,5,16,16,137,33.5
Shivajinagar AWS,18.5308,73.8474,16-05-2024 16:30,2024-05-16 16:30:00,2024,5,16,16,137,34.0
Shivajinagar AWS,18.5308,73.8474,16-05-2024 16:35,2024-05-16 16:35:00,2024,5,16,16,137,34.5
Shivajinagar AWS,18.5308,73.8474,16-05-2024 16:40,2024-05-16 16:40:00,2024,5,16,16,137,34.5
Shivajinagar AWS,18.5308,73.8474,16-05-2024 16:45,2024-05-16 16:45:00,2024,5,16,16,137,35.2
Shivajinagar AWS,18.5308,73.8474,16-05-2024 16:50,2024-05-16 16:50:00,2024,5,16,16,137,36.2
Shivajinagar AWS,18.5308,73.8474,16-05-2024 16:55,2024-05-16 16:55:00,2024,5,16,16,137,36.9
Shivajinagar AWS,18.5308,73.8474,16-05-2024 17:00,2024-05-16 17:00:00,2024,5,16,17,137,37.6
Shivajinagar AWS,18.5308,73.8474,16-05-2024 17:05,2024-05-16 17:05:00,2024,5,16,17,137,37.6
Shivajinagar AWS,18.5308,73.8474,16-05-2024 17:10,2024-05-16 17:10:00,2024,5,16,17,137,38.4
Shivajinagar AWS,18.5308,73.8474,16-05-2024 17:15,2024-05-16 17:15:00,2024,5,16,17,137,38.7
Shivajinagar AWS,18.5308,73.8474,16-05-2024 17:20,2024-05-16 17:20:00,2024,5,16,17,137,39.3
Shivajinagar AWS,18.5308,73.8474,16-05-2024 17:25,2024-05-16 17:25:00,2024,5,16,17,137,39.7
Shivajinagar AWS,18.5308,73.8474,16-05-2024 17:30,2024-05-16 17:30:00,2024,5,16,17,137,40.0
Shivajinagar AWS,18.5308,73.8474,16-05-2024 17:35,2024-05-16 17:35:00,2024,5,16,17,137,40.0
Shivajinagar AWS,18.5308,73.8474,16-05-2024 17:40,2024-05-16 17:40:00,2024,5,16,17,137,40.3
Shivajinagar AWS,18.5308,73.8474,16-05-2024 17:45,2024-05-16 17:45:00,2024,5,16,17,137,41.0
Shivajinagar AWS,18.5308,73.8474,16-05-2024 17:50,2024-05-16 17:50:00,2024,5,16,17,137,41.2
Shivajinagar AWS,18.5308,73.8474,16-05-2024 17:55,2024-05-16 17:55:00,2024,5,16,17,137,41.9
Shivajinagar AWS,18.5308,73.8474,16-05-2024 18:00,2024-05-16 18:00:00,2024,5,16,18,137,42.6
Shivajinagar AWS,18.5308,73.8474,16-05-2024 18:05,2024-05-16 18:05:00,2024,5,16,18,137,42.8
Shivajinagar AWS,18.5308,73.8474,16-05-2024 18:10,2024-05-16 18:10:00,2024,5,16,18,137,43.7
Shivajinagar AWS,18.5308,73.8474,16-05-2024 18:15,2024-05-16 18:15:00,2024,5,16,18,137,43.9
Shivajinagar AWS,18.5308,73.8474,16-05-2024 18:20,2024-05-16 18:20:00,2024,5,16,18,137,44.9
Shivajinagar AWS,18.5308,73.8474,16-05-2024 18:25,2024-05-16 18:25:00,2024,5,16,18,137,45.4
Shivajinagar AWS,18.5308,73.8474,16-05-2024 18:30,2024-05-16 18:30:00,2024,5,16,18,137,45.7
Shivajinagar AWS,18.5308,73.8474,16-05-2024 18:35,2024-05-16 18:35:00,2024,5,16,18,137,45.7
Shivajinagar AWS,18.5308,73.8474,16-05-2024 18:40,2024-05-16 18:40:00,2024,5,16,18,137,46.0
Shivajinagar AWS,18.5308,73.8474,16-05-2024 18:45,2024-05-16 18:45:00,2024,5,16,18,137,46.3
Shivajinagar AWS,18.5308,73.8474,16-05-2024 18:50,2024-05-16 18:50:00,2024,5,16,18,137,46.2
Shivajinagar AWS,18.5308,73.8474,16-05-2024 18:55,2024-05-16 18:55:00,2024,5,16,18,137,46.6
Shivajinagar AWS,18.5308,73.8474,16-05-2024 19:00,2024-05-16 19:00:00,2024,5,16,19,137,46.7
Shivajinagar AWS,18.5308,73.8474,16-05-2024 19:05,2024-05-16 19:05:00,2024,5,16,19,137,47.4
Shivajinagar AWS,18.5308,73.8474,16-05-2024 19:10,2024-05-16 19:10:00,2024,5,16,19,137,48.3
Shivajinagar AWS,18.5308,73.8474,16-05-2024 19:15,2024-05-16 19:15:00,2024,5,16,19,137,48.3
Shivajinagar AWS,18.5308,73.8474,16-05-2024 19:20,2024-05-16 19:20:00,2024,5,16,19,137,49.4
Shivajinagar AWS,18.5308,73.8474,16-05-2024 19:25,2024-05-16 19:25:00,2024,5,16,19,137,49.8
Shivajinagar AWS,18.5308,73.8474,16-05-2024 19:30,2024-05-16 19:30:00,2024,5,16,19,137,49.8
Shivajinagar AWS,18.5308,73.8474,16-05-2024 19:35,2024-05-16 19:35:00,2024,5,16,19,137,50.6
Shivajinagar AWS,18.5308,73.8474,16-05-2024 19:40,2024-05-16 19:40:00,2024,5,16,19,137,50.8
Shivajinagar AWS,18.5308,73.8474,16-05-2024 19:45,2024-05-16 19:45:00,2024,5,16,19,137,51.3
Shivajinagar AWS,18.5308,73.8474,16-05-2024 19:50,2024-05-16 19:50:00,2024,5,16,19,137,51.6
Shivajinagar AWS,18.5308,73.8474,16-05-2024 19:55,2024-05-16 19:55:00,2024,5,16,19,137,51.7
Shivajinagar AWS,18.5308,73.8474,16-05-2024 20:00,2024-05-16 20:00:00,2024,5,16,20,137,52.5
Shivajinagar AWS,18.5308,73.8474,16-05-2024 20:05,2024-05-16 20:05:00,2024,5,16,20,137,52.9
Shivajinagar AWS,18.5308,73.8474,16-05-2024 20:10,2024-05-16 20:10:00,2024,5,16,20,137,52.8
Shivajinagar AWS,18.5308,73.8474,16-05-2024 20:15,2024-05-16 20:15:00,2024,5,16,20,137,53.5
Shivajinagar AWS,18.5308,73.8474,16-05-2024 20:20,2024-05-16 20:20:00,2024,5,16,20,137,53.5
Shivajinagar AWS,18.5308,73.8474,16-05-2024 20:25,2024-05-16 20:25:00,2024,5,16,20,137,53.6
Shivajinagar AWS,18.5308,73.8474,16-05-2024 20:30,2024-05-16 20:30:00,2024,5,16,20,137,54.6
Shivajinagar AWS,18.5308,73.8474,16-05-2024 20:35,2024-05-16 20:35:00,2024,5,16,20,137,54.7
Shivajinagar AWS,18.5308,73.8474,16-05-2024 20:40,2024-05-16 20:40:00,2024,5,16,20,137,54.3
Shivajinagar AWS,18.5308,73.8474,16-05-2024 20:45,2024-05-16 20:45:00,2024,5,16,20,137,55.1
Shivajinagar AWS,18.5308,73.8474,16-05-2024 20:50,2024-05-16 20:50:00,2024,5,16,20,137,55.5
Shivajinagar AWS,18.5308,73.8474,16-05-2024 20:55,2024-05-16 20:55:00,2024,5,16,20,137,56.0
Shivajinagar AWS,18.5308,73.8474,16-05-2024 21:00,2024-05-16 21:00:00,2024,5,16,21,137,56.5
Shivajinagar AWS,18.5308,73.8474,16-05-2024 21:05,2024-05-16 21:05:00,2024,5,16,21,137,57.1
Shivajinagar AWS,18.5308,73.8474,16-05-2024 21:10,2024-05-16 21:10:00,2024,5,16,21,137,57.4
Shivajinagar AWS,18.5308,73.8474,16-05-2024 21:15,2024-05-16 21:15:00,2024,5,16,21,137,58.5
Shivajinagar AWS,18.5308,73.8474,16-05-2024 21:20,2024-05-16 21:20:00,2024,5,16,21,137,58.5
Shivajinagar AWS,18.5308,73.8474,16-05-2024 21:25,2024-05-16 21:25:00,2024,5,16,21,137,59.2
Shivajinagar AWS,18.5308,73.8474,16-05-2024 21:30,2024-05-16 21:30:00,2024,5,16,21,137,60.0
Shivajinagar AWS,18.5308,73.8474,16-05-2024 21:35,2024-05-16 21:35:00,2024,5,16,21,137,60.2
Shivajinagar AWS,18.5308,73.8474,16-05-2024 21:40,2024-05-16 21:40:00,2024,5,16,21,137,60.4
Shivajinagar AWS,18.5308,73.8474,16-05-2024 21:45,2024-05-16 21:45:00,2024,5,16,21,137,61.3
Shivajinagar AWS,18.5308,73.8474,16-05-2024 21:50,2024-05-16 21:50:00,2024,5,16,21,137,61.4
Shivajinagar AWS,18.5308,73.8474,16-05-2024 21:55,2024-05-16 21:55:00,2024,5,16,21,137,61.7
Shivajinagar AWS,18.5308,73.8474,16-05-2024 22:00,2024-05-16 22:00:00,2024,5,16,22,137,62.6
Shivajinagar AWS,18.5308,73.8474,16-05-2024 22:05,2024-05-16 22:05:00,2024,5,16,22,137,63.1
Shivajinagar AWS,18.5308,73.8474,16-05-2024 22:10,2024-05-16 22:10:00,2024,5,16,22,137,62.9
Shivajinagar AWS,18.5308,73.8474,16-05-2024 22:15,2024-05-16 22:15:00,2024,5,16,22,137,64.1
Shivajinagar AWS,18.5308,73.8474,16-05-2024 22:20,2024-05-16 22:20:00,2024,5,16,22,137,64.4
Shivajinagar AWS,18.5308,73.8474,16-05-2024 22:25,2024-05-16 22:25:00,2024,5,16,22,137,64.7
Shivajinagar AWS,18.5308,73.8474,16-05-2024 22:30,2024-05-16 22:30:00,2024,5,16,22,137,65.3
Shivajinagar AWS,18.5308,73.8474,16-05-2024 22:35,2024-05-16 22:35:00,2024,5,16,22,137,66.1
Shivajinagar AWS,18.5308,73.8474,16-05-2024 22:40,2024-05-16 22:40:00,2024,5,16,22,137,67.3
Shivajinagar AWS,18.5308,73.8474,16-05-2024 22:45,2024-05-16 22:45:00,2024,5,16,22,137,67.0
Shivajinagar AWS,18.5308,73.8474,16-05-2024 22:50,2024-05-16 22:50:00,2024,5,16,22,137,67.8
Shivajinagar AWS,18.5308,73.8474,16-05-2024 22:55,2024-05-16 22:55:00,2024,5,16,22,137,68.5
Shivajinagar AWS,18.5308,73.8474,16-05-2024 23:00,2024-05-16 23:00:00,2024,5,16,23,137,68.8
Shivajinagar AWS,18.5308,73.8474,16-05-2024 23:05,2024-05-16 23:05:00,2024,5,16,23,137,69.5
Shivajinagar AWS,18.5308,73.8474,16-05-2024 23:10,2024-05-16 23:10:00,2024,5,16,23,137,70.3
Shivajinagar AWS,18.5308,73.8474,16-05-2024 23:15,2024-05-16 23:15:00,2024,5,16,23,137,70.1
Shivajinagar AWS,18.5308,73.8474,16-05-2024 23:20,2024-05-16 23:20:00,2024,5,16,23,137,71.1
Shivajinagar AWS,18.5308,73.8474,16-05-2024 23:25,2024-05-16 23:25:00,2024,5,16,23,137,70.8
Shivajinagar AWS,18.5308,73.8474,16-05-2024 23:30,2024-05-16 23:30:00,2024,5,16,23,137,70.7
Shivajinagar AWS,18.5308,73.8474,16-05-2024 23:35,2024-05-16 23:35:00,2024,5,16,23,137,70.9
Shivajinagar AWS,18.5308,73.8474,16-05-2024 23:40,2024-05-16 23:40:00,2024,5,16,23,137,72.1
Shivajinagar AWS,18.5308,73.8474,16-05-2024 23:45,2024-05-16 23:45:00,2024,5,16,23,137,72.3
Shivajinagar AWS,18.5308,73.8474,16-05-2024 23:50,2024-05-16 23:50:00,2024,5,16,23,137,72.6
Shivajinagar AWS,18.5308,73.8474,16-05-2024 23:55,2024-05-16 23:55:00,2024,5,16,23,137,73.4
Shivajinagar AWS,18.5308,73.8474,17-05-2024 00:00,2024-05-17 00:00:00,2024,5,17,0,138,73.6
Shivajinagar AWS,18.5308,73.8474,17-05-2024 00:05,2024-05-17 00:05:00,2024,5,17,0,138,73.4
Shivajinagar AWS,18.5308,73.8474,17-05-2024 00:10,2024-05-17 00:10:00,2024,5,17,0,138,73.5
Shivajinagar AWS,18.5308,73.8474,17-05-2024 00:15,2024-05-17 00:15:00,2024,5,17,0,138,74.3
Shivajinagar AWS,18.5308,73.8474,17-05-2024 00:20,2024-05-17 00:20:00,2024,5,17,0,138,74.6
Shivajinagar AWS,18.5308,73.8474,17-05-2024 00:25,2024-05-17 00:25:00,2024,5,17,0,138,75.6
Shivajinagar AWS,18.5308,73.8474,17-05-2024 00:30,2024-05-17 00:30:00,2024,5,17,0,138,76.1
Shivajinagar AWS,18.5308,73.8474,17-05-2024 00:35,2024-05-17 00:35:00,2024,5,17,0,138,76.0
Shivajinagar AWS,18.5308,73.8474,17-05-2024 00:40,2024-05-17 00:40:00,2024,5,17,0,138,76.2
Shivajinagar AWS,18.5308,73.8474,17-05-2024 00:45,2024-05-17 00:45:00,2024,5,17,0,138,76.0
Shivajinagar AWS,18.5308,73.8474,17-05-2024 00:50,2024-05-17 00:50:00,2024,5,17,0,138,75.9
Shivajinagar AWS,18.5308,73.8474,17-05-2024 00:55,2024-05-17 00:55:00,2024,5,17,0,138,77.9
Shivajinagar AWS,18.5308,73.8474,17-05-2024 01:00,2024-05-17 01:00:00,2024,5,17,1,138,78.4
Shivajinagar AWS,18.5308,73.8474,17-05-2024 01:05,2024-05-17 01:05:00,2024,5,17,1,138,78.8
Shivajinagar AWS,18.5308,73.8474,17-05-2024 01:10,2024-05-17 01:10:00,2024,5,17,1,138,78.5
Shivajinagar AWS,18.5308,73.8474,17-05-2024 01:15,2024-05-17 01:15:00,2024,5,17,1,138,79.2
Shivajinagar AWS,18.5308,73.8474,17-05-2024 01:20,2024-05-17 01:20:00,2024,5,17,1,138,79.7
Shivajinagar AWS,18.5308,73.8474,17-05-2024 01:25,2024-05-17 01:25:00,2024,5,17,1,138,80.4
Shivajinagar AWS,18.5308,73.8474,17-05-2024 01:30,2024-05-17 01:30:00,2024,5,17,1,138,81.1
Shivajinagar AWS,18.5308,73.8474,17-05-2024 01:35,2024-05-17 01:35:00,2024,5,17,1,138,80.4
Shivajinagar AWS,18.5308,73.8474,17-05-2024 01:40,2024-05-17 01:40:00,2024,5,17,1,138,79.9
Shivajinagar AWS,18.5308,73.8474,17-05-2024 01:45,2024-05-17 01:45:00,2024,5,17,1,138,79.5
Shivajinagar AWS,18.5308,73.8474,17-05-2024 01:50,2024-05-17 01:50:00,2024,5,17,1,138,79.1
Shivajinagar AWS,18.5308,73.8474,17-05-2024 01:55,2024-05-17 01:55:00,2024,5,17,1,138,79.2
Shivajinagar AWS,18.5308,73.8474,17-05-2024 02:00,2024-05-17 02:00:00,2024,5,17,2,138,78.9
Shivajinagar AWS,18.5308,73.8474,17-05-2024 02:05,2024-05-17 02:05:00,2024,5,17,2,138,79.7
Shivajinagar AWS,18.5308,73.8474,17-05-2024 02:10,2024-05-17 02:10:00,2024,5,17,2,138,80.4
Shivajinagar AWS,18.5308,73.8474,17-05-2024 02:15,2024-05-17 02:15:00,2024,5,17,2,138,80.3
Shivajinagar AWS,18.5308,73.8474,17-05-2024 02:20,2024-05-17 02:20:00,2024,5,17,2,138,81.0
Shivajinagar AWS,18.5308,73.8474,17-05-2024 02:25,2024-05-17 02:25:00,2024,5,17,2,138,81.4
Shivajinagar AWS,18.5308,73.8474,17-05-2024 02:30,2024-05-17 02:30:00,2024,5,17,2,138,81.1
Shivajinagar AWS,18.5308,73.8474,17-05-2024 02:35,2024-05-17 02:35:00,2024,5,17,2,138,80.1
Shivajinagar AWS,18.5308,73.8474,17-05-2024 02:40,2024-05-17 02:40:00,2024,5,17,2,138,79.9
Shivajinagar AWS,18.5308,73.8474,17-05-2024 02:45,2024-05-17 02:45:00,2024,5,17,2,138,79.5
Shivajinagar AWS,18.5308,73.8474,17-05-2024 02:50,2024-05-17 02:50:00,2024,5,17,2,138,79.4
Shivajinagar AWS,18.5308,73.8474,17-05-2024 02:55,2024-05-17 02:55:00,2024,5,17,2,138,79.3
Shivajinagar AWS,18.5308,73.8474,17-05-2024 03:00,2024-05-17 03:00:00,2024,5,17,3,138,79.2
Shivajinagar AWS,18.5308,73.8474,17-05-2024 03:05,2024-05-17 03:05:00,2024,5,17,3,138,79.2
Shivajinagar AWS,18.5308,73.8474,17-05-2024 03:10,2024-05-17 03:10:00,2024,5,17,3,138,78.6
Shivajinagar AWS,18.5308,73.8474,17-05-2024 03:15,2024-05-17 03:15:00,2024,5,17,3,138,78.6
Shivajinagar AWS,18.5308,73.8474,17-05-2024 03:20,2024-05-17 03:20:00,2024,5,17,3,138,78.2
Shivajinagar AWS,18.5308,73.8474,17-05-2024 03:25,2024-05-17 03:25:00,2024,5,17,3,138,78.2
Shivajinagar AWS,18.5308,73.8474,17-05-2024 03:30,2024-05-17 03:30:00,2024,5,17,3,138,78.4
Shivajinagar AWS,18.5308,73.8474,17-05-2024 03:35,2024-05-17 03:35:00,2024,5,17,3,138,77.7
Shivajinagar AWS,18.5308,73.8474,17-05-2024 03:40,2024-05-17 03:40:00,2024,5,17,3,138,77.4
Shivajinagar AWS,18.5308,73.8474,17-05-2024 03:45,2024-05-17 03:45:00,2024,5,17,3,138,77.1
Shivajinagar AWS,18.5308,73.8474,17-05-2024 03:50,2024-05-17 03:50:00,2024,5,17,3,138,76.7
Shivajinagar AWS,18.5308,73.8474,17-05-2024 03:55,2024-05-17 03:55:00,2024,5,17,3,138,76.9
Shivajinagar AWS,18.5308,73.8474,17-05-2024 04:00,2024-05-17 04:00:00,2024,5,17,4,138,76.4
Shivajinagar AWS,18.5308,73.8474,17-05-2024 04:05,2024-05-17 04:05:00,2024,5,17,4,138,75.9
Shivajinagar AWS,18.5308,73.8474,17-05-2024 04:10,2024-05-17 04:10:00,2024,5,17,4,138,75.5
Shivajinagar AWS,18.5308,73.8474,17-05-2024 04:15,2024-05-17 04:15:00,2024,5,17,4,138,75.7
Shivajinagar AWS,18.5308,73.8474,17-05-2024 04:20,2024-05-17 04:20:00,2024,5,17,4,138,75.3
Shivajinagar AWS,18.5308,73.8474,17-05-2024 04:25,2024-05-17 04:25:00,2024,5,17,4,138,75.2
Shivajinagar AWS,18.5308,73.8474,17-05-2024 04:30,2024-05-17 04:30:00,2024,5,17,4,138,75.7
Shivajinagar AWS,18.5308,73.8474,17-05-2024 04:35,2024-05-17 04:35:00,2024,5,17,4,138,75.4
Shivajinagar AWS,18.5308,73.8474,17-05-2024 04:40,2024-05-17 04:40:00,2024,5,17,4,138,75.5
Shivajinagar AWS,18.5308,73.8474,17-05-2024 04:45,2024-05-17 04:45:00,2024,5,17,4,138,75.9
Shivajinagar AWS,18.5308,73.8474,17-05-2024 04:50,2024-05-17 04:50:00,2024,5,17,4,138,75.9
Shivajinagar AWS,18.5308,73.8474,17-05-2024 04:55,2024-05-17 04:55:00,2024,5,17,4,138,75.5
Shivajinagar AWS,18.5308,73.8474,17-05-2024 05:00,2024-05-17 05:00:00,2024,5,17,5,138,75.4
Shivajinagar AWS,18.5308,73.8474,17-05-2024 05:05,2024-05-17 05:05:00,2024,5,17,5,138,74.4
Shivajinagar AWS,18.5308,73.8474,17-05-2024 05:10,2024-05-17 05:10:00,2024,5,17,5,138,73.7
Shivajinagar AWS,18.5308,73.8474,17-05-2024 05:15,2024-05-17 05:15:00,2024,5,17,5,138,73.1
Shivajinagar AWS,18.5308,73.8474,17-05-2024 05:20,2024-05-17 05:20:00,2024,5,17,5,138,73.6
Shivajinagar AWS,18.5308,73.8474,17-05-2024 05:25,2024-05-17 05:25:00,2024,5,17,5,138,72.9
Shivajinagar AWS,18.5308,73.8474,17-05-2024 05:30,2024-05-17 05:30:00,2024,5,17,5,138,72.1
Shivajinagar AWS,18.5308,73.8474,17-05-2024 05:35,2024-05-17 05:35:00,2024,5,17,5,138,71.3
Shivajinagar AWS,18.5308,73.8474,17-05-2024 05:40,2024-05-17 05:40:00,2024,5,17,5,138,71.2
Shivajinagar AWS,18.5308,73.8474,17-05-2024 05:45,2024-05-17 05:45:00,2024,5,17,5,138,70.8
Shivajinagar AWS,18.5308,73.8474,17-05-2024 05:50,2024-05-17 05:50:00,2024,5,17,5,138,70.8
Shivajinagar AWS,18.5308,73.8474,17-05-2024 05:55,2024-05-17 05:55:00,2024,5,17,5,138,70.7
Shivajinagar AWS,18.5308,73.8474,17-05-2024 06:00,2024-05-17 06:00:00,2024,5,17,6,138,69.7
Shivajinagar AWS,18.5308,73.8474,17-05-2024 06:05,2024-05-17 06:05:00,2024,5,17,6,138,68.9
Shivajinagar AWS,18.5308,73.8474,17-05-2024 06:10,2024-05-17 06:10:00,2024,5,17,6,138,69.1
Shivajinagar AWS,18.5308,73.8474,17-05-2024 06:15,2024-05-17 06:15:00,2024,5,17,6,138,68.5
Shivajinagar AWS,18.5308,73.8474,17-05-2024 06:20,2024-05-17 06:20:00,2024,5,17,6,138,68.6
Shivajinagar AWS,18.5308,73.8474,17-05-2024 06:25,2024-05-17 06:25:00,2024,5,17,6,138,68.0
Shivajinagar AWS,18.5308,73.8474,17-05-2024 06:30,2024-05-17 06:30:00,2024,5,17,6,138,67.2
Shivajinagar AWS,18.5308,73.8474,17-05-2024 06:35,2024-05-17 06:35:00,2024,5,17,6,138,66.6
Shivajinagar AWS,18.5308,73.8474,17-05-2024 06:40,2024-05-17 06:40:00,2024,5,17,6,138,65.7
Shivajinagar AWS,18.5308,73.8474,17-05-2024 06:45,2024-05-17 06:45:00,2024,5,17,6,138,65.1
Shivajinagar AWS,18.5308,73.8474,17-05-2024 06:50,2024-05-17 06:50:00,2024,5,17,6,138,64.7
Shivajinagar AWS,18.5308,73.8474,17-05-2024 06:55,2024-05-17 06:55:00,2024,5,17,6,138,64.5
Shivajinagar AWS,18.5308,73.8474,17-05-2024 07:00,2024-05-17 07:00:00,2024,5,17,7,138,63.4
Shivajinagar AWS,18.5308,73.8474,17-05-2024 07:05,2024-05-17 07:05:00,2024,5,17,7,138,63.0
Shivajinagar AWS,18.5308,73.8474,17-05-2024 07:10,2024-05-17 07:10:00,2024,5,17,7,138,62.3
Shivajinagar AWS,18.5308,73.8474,17-05-2024 07:15,2024-05-17 07:15:00,2024,5,17,7,138,61.6
Shivajinagar AWS,18.5308,73.8474,17-05-2024 07:20,2024-05-17 07:20:00,2024,5,17,7,138,61.3
Shivajinagar AWS,18.5308,73.8474,17-05-2024 07:25,2024-05-17 07:25:00,2024,5,17,7,138,60.6
Shivajinagar AWS,18.5308,73.8474,17-05-2024 07:30,2024-05-17 07:30:00,2024,5,17,7,138,60.7
Shivajinagar AWS,18.5308,73.8474,17-05-2024 07:35,2024-05-17 07:35:00,2024,5,17,7,138,60.8
Shivajinagar AWS,18.5308,73.8474,17-05-2024 07:40,2024-05-17 07:40:00,2024,5,17,7,138,60.8
Shivajinagar AWS,18.5308,73.8474,17-05-2024 07:45,2024-05-17 07:45:00,2024,5,17,7,138,60.1
Shivajinagar AWS,18.5308,73.8474,17-05-2024 07:50,2024-05-17 07:50:00,2024,5,17,7,138,59.2
Shivajinagar AWS,18.5308,73.8474,17-05-2024 07:55,2024-05-17 07:55:00,2024,5,17,7,138,58.7
Shivajinagar AWS,18.5308,73.8474,17-05-2024 08:00,2024-05-17 08:00:00,2024,5,17,8,138,58.2
Shivajinagar AWS,18.5308,73.8474,17-05-2024 08:05,2024-05-17 08:05:00,2024,5,17,8,138,57.5
Shivajinagar AWS,18.5308,73.8474,17-05-2024 08:10,2024-05-17 08:10:00,2024,5,17,8,138,56.5
Shivajinagar AWS,18.5308,73.8474,17-05-2024 08:15,2024-05-17 08:15:00,2024,5,17,8,138,56.1
Shivajinagar AWS,18.5308,73.8474,17-05-2024 08:20,2024-05-17 08:20:00,2024,5,17,8,138,55.5
Shivajinagar AWS,18.5308,73.8474,17-05-2024 08:25,2024-05-17 08:25:00,2024,5,17,8,138,55.3
Shivajinagar AWS,18.5308,73.8474,17-05-2024 08:30,2024-05-17 08:30:00,2024,5,17,8,138,55.1
Shivajinagar AWS,18.5308,73.8474,17-05-2024 08:35,2024-05-17 08:35:00,2024,5,17,8,138,55.1
Shivajinagar AWS,18.5308,73.8474,17-05-2024 08:40,2024-05-17 08:40:00,2024,5,17,8,138,54.1
Shivajinagar AWS,18.5308,73.8474,17-05-2024 08:45,2024-05-17 08:45:00,2024,5,17,8,138,53.7
Shivajinagar AWS,18.5308,73.8474,17-05-2024 08:50,2024-05-17 08:50:00,2024,5,17,8,138,53.0
Shivajinagar AWS,18.5308,73.8474,17-05-2024 08:55,2024-05-17 08:55:00,2024,5,17,8,138,52.0
Shivajinagar AWS,18.5308,73.8474,17-05-2024 09:00,2024-05-17 09:00:00,2024,5,17,9,138,51.4
Shivajinagar AWS,18.5308,73.8474,17-05-2024 09:05,2024-05-17 09:05:00,2024,5,17,9,138,51.4
Shivajinagar AWS,18.5308,73.8474,17-05-2024 09:10,2024-05-17 09:10:00,2024,5,17,9,138,50.8
Shivajinagar AWS,18.5308,73.8474,17-05-2024 09:15,2024-05-17 09:15:00,2024,5,17,9,138,51.0
Shivajinagar AWS,18.5308,73.8474,17-05-2024 09:20,2024-05-17 09:20:00,2024,5,17,9,138,50.7
Shivajinagar AWS,18.5308,73.8474,17-05-2024 09:25,2024-05-17 09:25:00,2024,5,17,9,138,50.1
Shivajinagar AWS,18.5308,73.8474,17-05-2024 09:30,2024-05-17 09:30:00,2024,5,17,9,138,50.1
Shivajinagar AWS,18.5308,73.8474,17-05-2024 09:35,2024-05-17 09:35:00,2024,5,17,9,138,49.7
Shivajinagar AWS,18.5308,73.8474,17-05-2024 09:40,2024-05-17 09:40:00,2024,5,17,9,138,48.9
Shivajinagar AWS,18.5308,73.8474,17-05-2024 09:45,2024-05-17 09:45:00,2024,5,17,9,138,49.1
Shivajinagar AWS,18.5308,73.8474,17-05-2024 09:50,2024-05-17 09:50:00,2024,5,17,9,138,48.7
Shivajinagar AWS,18.5308,73.8474,17-05-2024 09:55,2024-05-17 09:55:00,2024,5,17,9,138,48.2
Shivajinagar AWS,18.5308,73.8474,17-05-2024 10:00,2024-05-17 10:00:00,2024,5,17,10,138,47.4
Shivajinagar AWS,18.5308,73.8474,17-05-2024 10:05,2024-05-17 10:05:00,2024,5,17,10,138,47.4
Shivajinagar AWS,18.5308,73.8474,17-05-2024 10:10,2024-05-17 10:10:00,2024,5,17,10,138,47.1
Shivajinagar AWS,18.5308,73.8474,17-05-2024 10:15,2024-05-17 10:15:00,2024,5,17,10,138,46.8
Shivajinagar AWS,18.5308,73.8474,17-05-2024 10:20,2024-05-17 10:20:00,2024,5,17,10,138,46.1
Shivajinagar AWS,18.5308,73.8474,17-05-2024 10:25,2024-05-17 10:25:00,2024,5,17,10,138,46.0
Shivajinagar AWS,18.5308,73.8474,17-05-2024 10:30,2024-05-17 10:30:00,2024,5,17,10,138,45.8
Shivajinagar AWS,18.5308,73.8474,17-05-2024 10:35,2024-05-17 10:35:00,2024,5,17,10,138,45.1
Shivajinagar AWS,18.5308,73.8474,17-05-2024 10:40,2024-05-17 10:40:00,2024,5,17,10,138,44.0
Shivajinagar AWS,18.5308,73.8474,17-05-2024 10:45,2024-05-17 10:45:00,2024,5,17,10,138,43.8
Shivajinagar AWS,18.5308,73.8474,17-05-2024 10:50,2024-05-17 10:50:00,2024,5,17,10,138,42.7
Shivajinagar AWS,18.5308,73.8474,17-05-2024 10:55,2024-05-17 10:55:00,2024,5,17,10,138,42.4
Shivajinagar AWS,18.5308,73.8474,17-05-2024 11:00,2024-05-17 11:00:00,2024,5,17,11,138,41.8
Shivajinagar AWS,18.5308,73.8474,17-05-2024 11:05,2024-05-17 11:05:00,2024,5,17,11,138,41.9
Shivajinagar AWS,18.5308,73.8474,17-05-2024 11:10,2024-05-17 11:10:00,2024,5,17,11,138,41.3
Shivajinagar AWS,18.5308,73.8474,17-05-2024 11:15,2024-05-17 11:15:00,2024,5,17,11,138,41.3
Shivajinagar AWS,18.5308,73.8474,17-05-2024 11:20,2024-05-17 11:20:00,2024,5,17,11,138,40.7
Shivajinagar AWS,18.5308,73.8474,17-05-2024 11:25,2024-05-17 11:25:00,2024,5,17,11,138,40.7
Shivajinagar AWS,18.5308,73.8474,17-05-2024 11:30,2024-05-17 11:30:00,2024,5,17,11,138,41.2
Shivajinagar AWS,18.5308,73.8474,17-05-2024 11:35,2024-05-17 11:35:00,2024,5,17,11,138,40.3
Shivajinagar AWS,18.5308,73.8474,17-05-2024 11:40,2024-05-17 11:40:00,2024,5,17,11,138,40.0
Shivajinagar AWS,18.5308,73.8474,17-05-2024 11:45,2024-05-17 11:45:00,2024,5,17,11,138,40.7
Shivajinagar AWS,18.5308,73.8474,17-05-2024 11:50,2024-05-17 11:50:00,2024,5,17,11,138,40.3
Shivajinagar AWS,18.5308,73.8474,17-05-2024 11:55,2024-05-17 11:55:00,2024,5,17,11,138,39.9
Shivajinagar AWS,18.5308,73.8474,17-05-2024 12:00,2024-05-17 12:00:00,2024,5,17,12,138,39.8
Shivajinagar AWS,18.5308,73.8474,17-05-2024 12:05,2024-05-17 12:05:00,2024,5,17,12,138,39.4
Shivajinagar AWS,18.5308,73.8474,17-05-2024 12:10,2024-05-17 12:10:00,2024,5,17,12,138,38.3
Shivajinagar AWS,18.5308,73.8474,17-05-2024 12:15,2024-05-17 12:15:00,2024,5,17,12,138,38.4
Shivajinagar AWS,18.5308,73.8474,17-05-2024 12:20,2024-05-17 12:20:00,2024,5,17,12,138,37.3
Shivajinagar AWS,18.5308,73.8474,17-05-2024 12:25,2024-05-17 12:25:00,2024,5,17,12,138,36.8
Shivajinagar AWS,18.5308,73.8474,17-05-2024 12:30,2024-05-17 12:30:00,2024,5,17,12,138,37.0
Shivajinagar AWS,18.5308,73.8474,17-05-2024 12:35,2024-05-17 12:35:00,2024,5,17,12,138,36.5
Shivajinagar AWS,18.5308,73.8474,17-05-2024 12:40,2024-05-17 12:40:00,2024,5,17,12,138,36.0
Shivajinagar AWS,18.5308,73.8474,17-05-2024 12:45,2024-05-17 12:45:00,2024,5,17,12,138,36.1
Shivajinagar AWS,18.5308,73.8474,17-05-2024 12:50,2024-05-17 12:50:00,2024,5,17,12,138,35.4
Shivajinagar AWS,18.5308,73.8474,17-05-2024 12:55,2024-05-17 12:55:00,2024,5,17,12,138,34.7
Shivajinagar AWS,18.5308,73.8474,17-05-2024 13:00,2024-05-17 13:00:00,2024,5,17,13,138,34.6
Shivajinagar AWS,18.5308,73.8474,17-05-2024 13:05,2024-05-17 13:05:00,2024,5,17,13,138,34.4
Shivajinagar AWS,18.5308,73.8474,17-05-2024 13:10,2024-05-17 13:10:00,2024,5,17,13,138,33.7
Shivajinagar AWS,18.5308,73.8474,17-05-2024 13:15,2024-05-17 13:15:00,2024,5,17,13,138,33.8
Shivajinagar AWS,18.5308,73.8474,17-05-2024 13:20,2024-05-17 13:20:00,2024,5,17,13,138,33.8
Shivajinagar AWS,18.5308,73.8474,17-05-2024 13:25,2024-05-17 13:25:00,2024,5,17,13,138,33.5
Shivajinagar AWS,18.5308,73.8474,17-05-2024 13:30,2024-05-17 13:30:00,2024,5,17,13,138,33.3
Shivajinagar AWS,18.5308,73.8474,17-05-2024 13:35,2024-05-17 13:35:00,2024,5,17,13,138,33.3
Shivajinagar AWS,18.5308,73.8474,17-05-2024 13:40,2024-05-17 13:40:00,2024,5,17,13,138,33.7
Shivajinagar AWS,18.5308,73.8474,17-05-2024 13:45,2024-05-17 13:45:00,2024,5,17,13,138,33.4
Shivajinagar AWS,18.5308,73.8474,17-05-2024 13:50,2024-05-17 13:50:00,2024,5,17,13,138,33.6
Shivajinagar AWS,18.5308,73.8474,17-05-2024 13:55,2024-05-17 13:55:00,2024,5,17,13,138,33.7
Shivajinagar AWS,18.5308,73.8474,17-05-2024 14:00,2024-05-17 14:00:00,2024,5,17,14,138,33.9
Shivajinagar AWS,18.5308,73.8474,17-05-2024 14:05,2024-05-17 14:05:00,2024,5,17,14,138,33.8
Shivajinagar AWS,18.5308,73.8474,17-05-2024 14:10,2024-05-17 14:10:00,2024,5,17,14,138,33.3
Shivajinagar AWS,18.5308,73.8474,17-05-2024 14:15,2024-05-17 14:15:00,2024,5,17,14,138,33.1
Shivajinagar AWS,18.5308,73.8474,17-05-2024 14:20,2024-05-17 14:20:00,2024,5,17,14,138,33.1
Shivajinagar AWS,18.5308,73.8474,17-05-2024 14:25,2024-05-17 14:25:00,2024,5,17,14,138,33.8
Shivajinagar AWS,18.5308,73.8474,17-05-2024 14:30,2024-05-17 14:30:00,2024,5,17,14,138,33.5
Shivajinagar AWS,18.5308,73.8474,17-05-2024 14:35,2024-05-17 14:35:00,2024,5,17,14,138,33.8
Shivajinagar AWS,18.5308,73.8474,17-05-2024 14:40,2024-05-17 14:40:00,2024,5,17,14,138,33.6
Shivajinagar AWS,18.5308,73.8474,17-05-2024 14:45,2024-05-17 14:45:00,2024,5,17,14,138,33.6
Shivajinagar AWS,18.5308,73.8474,17-05-2024 14:50,2024-05-17 14:50:00,2024,5,17,14,138,34.2
Shivajinagar AWS,18.5308,73.8474,17-05-2024 14:55,2024-05-17 14:55:00,2024,5,17,14,138,34.4
Shivajinagar AWS,18.5308,73.8474,17-05-2024 15:00,2024-05-17 15:00:00,2024,5,17,15,138,33.9
Shivajinagar AWS,18.5308,73.8474,17-05-2024 15:05,2024-05-17 15:05:00,2024,5,17,15,138,33.7
Shivajinagar AWS,18.5308,73.8474,17-05-2024 15:10,2024-05-17 15:10:00,2024,5,17,15,138,34.2
Shivajinagar AWS,18.5308,73.8474,17-05-2024 15:15,2024-05-17 15:15:00,2024,5,17,15,138,34.2
Shivajinagar AWS,18.5308,73.8474,17-05-2024 15:20,2024-05-17 15:20:00,2024,5,17,15,138,33.8
Shivajinagar AWS,18.5308,73.8474,17-05-2024 15:25,2024-05-17 15:25:00,2024,5,17,15,138,33.5
Shivajinagar AWS,18.5308,73.8474,17-05-2024 15:30,2024-05-17 15:30:00,2024,5,17,15,138,33.9
Shivajinagar AWS,18.5308,73.8474,17-05-2024 15:35,2024-05-17 15:35:00,2024,5,17,15,138,34.4
Shivajinagar AWS,18.5308,73.8474,17-05-2024 15:40,2024-05-17 15:40:00,2024,5,17,15,138,34.4
Shivajinagar AWS,18.5308,73.8474,17-05-2024 15:45,2024-05-17 15:45:00,2024,5,17,15,138,35.5
Shivajinagar AWS,18.5308,73.8474,17-05-2024 15:50,2024-05-17 15:50:00,2024,5,17,15,138,35.9
Shivajinagar AWS,18.5308,73.8474,17-05-2024 15:55,2024-05-17 15:55:00,2024,5,17,15,138,35.8
Shivajinagar AWS,18.5308,73.8474,17-05-2024 16:00,2024-05-17 16:00:00,2024,5,17,16,138,35.6
Shivajinagar AWS,18.5308,73.8474,17-05-2024 16:05,2024-05-17 16:05:00,2024,5,17,16,138,35.3
Shivajinagar AWS,18.5308,73.8474,17-05-2024 16:10,2024-05-17 16:10:00,2024,5,17,16,138,35.5
Shivajinagar AWS,18.5308,73.8474,17-05-2024 16:15,2024-05-17 16:15:00,2024,5,17,16,138,35.5
Shivajinagar AWS,18.5308,73.8474,17-05-2024 16:20,2024-05-17 16:20:00,2024,5,17,16,138,36.3
Shivajinagar AWS,18.5308,73.8474,17-05-2024 16:25,2024-05-17 16:25:00,2024,5,17,16,138,37.0
Shivajinagar AWS,18.5308,73.8474,17-05-2024 16:30,2024-05-17 16:30:00,2024,5,17,16,138,37.4
Shivajinagar AWS,18.5308,73.8474,17-05-2024 16:35,2024-05-17 16:35:00,2024,5,17,16,138,37.0
Shivajinagar AWS,18.5308,73.8474,17-05-2024 16:40,2024-05-17 16:40:00,2024,5,17,16,138,36.9
Shivajinagar AWS,18.5308,73.8474,17-05-2024 16:45,2024-05-17 16:45:00,2024,5,17,16,138,37.6
Shivajinagar AWS,18.5308,73.8474,17-05-2024 16:50,2024-05-17 16:50:00,2024,5,17,16,138,37.5
Shivajinagar AWS,18.5308,73.8474,17-05-2024 16:55,2024-05-17 16:55:00,2024,5,17,16,138,38.2
Shivajinagar AWS,18.5308,73.8474,17-05-2024 17:00,2024-05-17 17:00:00,2024,5,17,17,138,38.5
Shivajinagar AWS,18.5308,73.8474,17-05-2024 17:05,2024-05-17 17:05:00,2024,5,17,17,138,38.7
Shivajinagar AWS,18.5308,73.8474,17-05-2024 17:10,2024-05-17 17:10:00,2024,5,17,17,138,38.7
Shivajinagar AWS,18.5308,73.8474,17-05-2024 17:15,2024-05-17 17:15:00,2024,5,17,17,138,38.8
Shivajinagar AWS,18.5308,73.8474,17-05-2024 17:20,2024-05-17 17:20:00,2024,5,17,17,138,39.2
Shivajinagar AWS,18.5308,73.8474,17-05-2024 17:25,2024-05-17 17:25:00,2024,5,17,17,138,39.8
Shivajinagar AWS,18.5308,73.8474,17-05-2024 17:30,2024-05-17 17:30:00,2024,5,17,17,138,39.7
Shivajinagar AWS,18.5308,73.8474,17-05-2024 17:35,2024-05-17 17:35:00,2024,5,17,17,138,39.9
Shivajinagar AWS,18.5308,73.8474,17-05-2024 17:40,2024-05-17 17:40:00,2024,5,17,17,138,40.2
Shivajinagar AWS,18.5308,73.8474,17-05-2024 17:45,2024-05-17 17:45:00,2024,5,17,17,138,40.7
Shivajinagar AWS,18.5308,73.8474,17-05-2024 17:50,2024-05-17 17:50:00,2024,5,17,17,138,40.6
Shivajinagar AWS,18.5308,73.8474,17-05-2024 17:55,2024-05-17 17:55:00,2024,5,17,17,138,40.4
Shivajinagar AWS,18.5308,73.8474,17-05-2024 18:00,2024-05-17 18:00:00,2024,5,17,18,138,41.0
Shivajinagar AWS,18.5308,73.8474,17-05-2024 18:05,2024-05-17 18:05:00,2024,5,17,18,138,40.8
Shivajinagar AWS,18.5308,73.8474,17-05-2024 18:10,2024-05-17 18:10:00,2024,5,17,18,138,41.7
Shivajinagar AWS,18.5308,73.8474,17-05-2024 18:15,2024-05-17 18:15:00,2024,5,17,18,138,42.0
Shivajinagar AWS,18.5308,73.8474,17-05-2024 18:20,2024-05-17 18:20:00,2024,5,17,18,138,41.7
Shivajinagar AWS,18.5308,73.8474,17-05-2024 18:25,2024-05-17 18:25:00,2024,5,17,18,138,41.9
Shivajinagar AWS,18.5308,73.8474,17-05-2024 18:30,2024-05-17 18:30:00,2024,5,17,18,138,42.5
Shivajinagar AWS,18.5308,73.8474,17-05-2024 18:35,2024-05-17 18:35:00,2024,5,17,18,138,42.7
Shivajinagar AWS,18.5308,73.8474,17-05-2024 18:40,2024-05-17 18:40:00,2024,5,17,18,138,43.1
Shivajinagar AWS,18.5308,73.8474,17-05-2024 18:45,2024-05-17 18:45:00,2024,5,17,18,138,43.9
Shivajinagar AWS,18.5308,73.8474,17-05-2024 18:50,2024-05-17 18:50:00,2024,5,17,18,138,44.2
Shivajinagar AWS,18.5308,73.8474,17-05-2024 18:55,2024-05-17 18:55:00,2024,5,17,18,138,44.3
Shivajinagar AWS,18.5308,73.8474,17-05-2024 19:00,2024-05-17 19:00:00,2024,5,17,19,138,44.6
Shivajinagar AWS,18.5308,73.8474,17-05-2024 19:05,2024-05-17 19:05:00,2024,5,17,19,138,45.6
Shivajinagar AWS,18.5308,73.8474,17-05-2024 19:10,2024-05-17 19:10:00,2024,5,17,19,138,46.7
Shivajinagar AWS,18.5308,73.8474,17-05-2024 19:15,2024-05-17 19:15:00,2024,5,17,19,138,46.3
Shivajinagar AWS,18.5308,73.8474,17-05-2024 19:20,2024-05-17 19:20:00,2024,5,17,19,138,47.2
Shivajinagar AWS,18.5308,73.8474,17-05-2024 19:25,2024-05-17 19:25:00,2024,5,17,19,138,47.7
Shivajinagar AWS,18.5308,73.8474,17-05-2024 19:30,2024-05-17 19:30:00,2024,5,17,19,138,48.5
Shivajinagar AWS,18.5308,73.8474,17-05-2024 19:35,2024-05-17 19:35:00,2024,5,17,19,138,48.7
Shivajinagar AWS,18.5308,73.8474,17-05-2024 19:40,2024-05-17 19:40:00,2024,5,17,19,138,48.5
Shivajinagar AWS,18.5308,73.8474,17-05-2024 19:45,2024-05-17 19:45:00,2024,5,17,19,138,49.2
Shivajinagar AWS,18.5308,73.8474,17-05-2024 19:50,2024-05-17 19:50:00,2024,5,17,19,138,49.2
Shivajinagar AWS,18.5308,73.8474,17-05-2024 19:55,2024-05-17 19:55:00,2024,5,17,19,138,49.2
Shivajinagar AWS,18.5308,73.8474,17-05-2024 20:00,2024-05-17 20:00:00,2024,5,17,20,138,49.2
Shivajinagar AWS,18.5308,73.8474,17-05-2024 20:05,2024-05-17 20:05:00,2024,5,17,20,138,49.9
Shivajinagar AWS,18.5308,73.8474,17-05-2024 20:10,2024-05-17 20:10:00,2024,5,17,20,138,50.5
Shivajinagar AWS,18.5308,73.8474,17-05-2024 20:15,2024-05-17 20:15:00,2024,5,17,20,138,51.3
Shivajinagar AWS,18.5308,73.8474,17-05-2024 20:20,2024-05-17 20:20:00,2024,5,17,20,138,52.1
Shivajinagar AWS,18.5308,73.8474,17-05-2024 20:25,2024-05-17 20:25:00,2024,5,17,20,138,52.4
Shivajinagar AWS,18.5308,73.8474,17-05-2024 20:30,2024-05-17 20:30:00,2024,5,17,20,138,52.9
Shivajinagar AWS,18.5308,73.8474,17-05-2024 20:35,2024-05-17 20:35:00,2024,5,17,20,138,53.1
Shivajinagar AWS,18.5308,73.8474,17-05-2024 20:40,2024-05-17 20:40:00,2024,5,17,20,138,53.6
Shivajinagar AWS,18.5308,73.8474,17-05-2024 20:45,2024-05-17 20:45:00,2024,5,17,20,138,53.7
Shivajinagar AWS,18.5308,73.8474,17-05-2024 20:50,2024-05-17 20:50:00,2024,5,17,20,138,54.3
Shivajinagar AWS,18.5308,73.8474,17-05-2024 20:55,2024-05-17 20:55:00,2024,5,17,20,138,55.3
Shivajinagar AWS,18.5308,73.8474,17-05-2024 21:00,2024-05-17 21:00:00,2024,5,17,21,138,55.4
Shivajinagar AWS,18.5308,73.8474,17-05-2024 21:05,2024-05-17 21:05:00,2024,5,17,21,138,56.4
Shivajinagar AWS,18.5308,73.8474,17-05-2024 21:10,2024-05-17 21:10:00,2024,5,17,21,138,56.9
Shivajinagar AWS,18.5308,73.8474,17-05-2024 21:15,2024-05-17 21:15:00,2024,5,17,21,138,57.5
Shivajinagar AWS,18.5308,73.8474,17-05-2024 21:20,2024-05-17 21:20:00,2024,5,17,21,138,57.3
Shivajinagar AWS,18.5308,73.8474,17-05-2024 21:25,2024-05-17 21:25:00,2024,5,17,21,138,57.0
Shivajinagar AWS,18.5308,73.8474,17-05-2024 21:30,2024-05-17 21:30:00,2024,5,17,21,138,57.6
Shivajinagar AWS,18.5308,73.8474,17-05-2024 21:35,2024-05-17 21:35:00,2024,5,17,21,138,58.4
Shivajinagar AWS,18.5308,73.8474,17-05-2024 21:40,2024-05-17 21:40:00,2024,5,17,21,138,58.6
Shivajinagar AWS,18.5308,73.8474,17-05-2024 21:45,2024-05-17 21:45:00,2024,5,17,21,138,59.8
Shivajinagar AWS,18.5308,73.8474,17-05-2024 21:50,2024-05-17 21:50:00,2024,5,17,21,138,60.5
Shivajinagar AWS,18.5308,73.8474,17-05-2024 21:55,2024-05-17 21:55:00,2024,5,17,21,138,60.6
Shivajinagar AWS,18.5308,73.8474,17-05-2024 22:00,2024-05-17 22:00:00,2024,5,17,22,138,61.1
Shivajinagar AWS,18.5308,73.8474,17-05-2024 22:05,2024-05-17 22:05:00,2024,5,17,22,138,62.5
Shivajinagar AWS,18.5308,73.8474,17-05-2024 22:10,2024-05-17 22:10:00,2024,5,17,22,138,62.4
Shivajinagar AWS,18.5308,73.8474,17-05-2024 22:15,2024-05-17 22:15:00,2024,5,17,22,138,63.0
Shivajinagar AWS,18.5308,73.8474,17-05-2024 22:20,2024-05-17 22:20:00,2024,5,17,22,138,63.3
Shivajinagar AWS,18.5308,73.8474,17-05-2024 22:25,2024-05-17 22:25:00,2024,5,17,22,138,64.0
Shivajinagar AWS,18.5308,73.8474,17-05-2024 22:30,2024-05-17 22:30:00,2024,5,17,22,138,64.9
Shivajinagar AWS,18.5308,73.8474,17-05-2024 22:35,2024-05-17 22:35:00,2024,5,17,22,138,65.0
Shivajinagar AWS,18.5308,73.8474,17-05-2024 22:40,2024-05-17 22:40:00,2024,5,17,22,138,65.8
Shivajinagar AWS,18.5308,73.8474,17-05-2024 22:45,2024-05-17 22:45:00,2024,5,17,22,138,67.1
Shivajinagar AWS,18.5308,73.8474,17-05-2024 22:50,2024-05-17 22:50:00,2024,5,17,22,138,67.4
Shivajinagar AWS,18.5308,73.8474,17-05-2024 22:55,2024-05-17 22:55:00,2024,5,17,22,138,68.0
Shivajinagar AWS,18.5308,73.8474,17-05-2024 23:00,2024-05-17 23:00:00,2024,5,17,23,138,68.0
Shivajinagar AWS,18.5308,73.8474,17-05-2024 23:05,2024-05-17 23:05:00,2024,5,17,23,138,68.3
Shivajinagar AWS,18.5308,73.8474,17-05-2024 23:10,2024-05-17 23:10:00,2024,5,17,23,138,68.5
Shivajinagar AWS,18.5308,73.8474,17-05-2024 23:15,2024-05-17 23:15:00,2024,5,17,23,138,69.0
Shivajinagar AWS,18.5308,73.8474,17-05-2024 23:20,2024-05-17 23:20:00,2024,5,17,23,138,69.8
Shivajinagar AWS,18.5308,73.8474,17-05-2024 23:25,2024-05-17 23:25:00,2024,5,17,23,138,70.0
Shivajinagar AWS,18.5308,73.8474,17-05-2024 23:30,2024-05-17 23:30:00,2024,5,17,23,138,70.8
Shivajinagar AWS,18.5308,73.8474,17-05-2024 23:35,2024-05-17 23:35:00,2024,5,17,23,138,71.6
Shivajinagar AWS,18.5308,73.8474,17-05-2024 23:40,2024-05-17 23:40:00,2024,5,17,23,138,72.1
Shivajinagar AWS,18.5308,73.8474,17-05-2024 23:45,2024-05-17 23:45:00,2024,5,17,23,138,72.0
Shivajinagar AWS,18.5308,73.8474,17-05-2024 23:50,2024-05-17 23:50:00,2024,5,17,23,138,71.9
Shivajinagar AWS,18.5308,73.8474,17-05-2024 23:55,2024-05-17 23:55:00,2024,5,17,23,138,71.8
Lavale AWS,18.5422,73.7389,11-05-2024 00:00,2024-05-11 00:00:00,2024,5,11,0,132,68.5
Lavale AWS,18.5422,73.7389,11-05-2024 00:05,2024-05-11 00:05:00,2024,5,11,0,132,68.5
Lavale AWS,18.5422,73.7389,11-05-2024 00:10,2024-05-11 00:10:00,2024,5,11,0,132,68.1
Lavale AWS,18.5422,73.7389,11-05-2024 00:15,2024-05-11 00:15:00,2024,5,11,0,132,69.0
Lavale AWS,18.5422,73.7389,11-05-2024 00:20,2024-05-11 00:20:00,2024,5,11,0,132,68.9
Lavale AWS,18.5422,73.7389,11-05-2024 00:25,2024-05-11 00:25:00,2024,5,11,0,132,69.8
Lavale AWS,18.5422,73.7389,11-05-2024 00:30,2024-05-11 00:30:00,2024,5,11,0,132,70.5
Lavale AWS,18.5422,73.7389,11-05-2024 00:35,2024-05-11 00:35:00,2024,5,11,0,132,70.4
Lavale AWS,18.5422,73.7389,11-05-2024 00:40,2024-05-11 00:40:00,2024,5,11,0,132,70.2
Lavale AWS,18.5422,73.7389,11-05-2024 00:45,2024-05-11 00:45:00,2024,5,11,0,132,70.3
Lavale AWS,18.5422,73.7389,11-05-2024 00:50,2024-05-11 00:50:00,2024,5,11,0,132,70.5
Lavale AWS,18.5422,73.7389,11-05-2024 00:55,2024-05-11 00:55:00,2024,5,11,0,132,70.8
Lavale AWS,18.5422,73.7389,11-05-2024 01:00,2024-05-11 01:00:00,2024,5,11,1,132,70.7
Lavale AWS,18.5422,73.7389,11-05-2024 01:05,2024-05-11 01:05:00,2024,5,11,1,132,71.2
Lavale AWS,18.5422,73.7389,11-05-2024 01:10,2024-05-11 01:10:00,2024,5,11,1,132,71.4
Lavale AWS,18.5422,73.7389,11-05-2024 01:15,2024-05-11 01:15:00,2024,5,11,1,132,71.4
Lavale AWS,18.5422,73.7389,11-05-2024 01:20,2024-05-11 01:20:00,2024,5,11,1,132,71.3
Lavale AWS,18.5422,73.7389,11-05-2024 01:25,2024-05-11 01:25:00,2024,5,11,1,132,71.3
Lavale AWS,18.5422,73.7389,11-05-2024 01:30,2024-05-11 01:30:00,2024,5,11,1,132,71.2
Lavale AWS,18.5422,73.7389,11-05-2024 01:35,2024-05-11 01:35:00,2024,5,11,1,132,71.3
Lavale AWS,18.5422,73.7389,11-05-2024 01:40,2024-05-11 01:40:00,2024,5,11,1,132,71.5
Lavale AWS,18.5422,73.7389,11-05-2024 01:45,2024-05-11 01:45:00,2024,5,11,1,132,71.7
Lavale AWS,18.5422,73.7389,11-05-2024 01:50,2024-05-11 01:50:00,2024,5,11,1,132,72.5
Lavale AWS,18.5422,73.7389,11-05-2024 01:55,2024-05-11 01:55:00,2024,5,11,1,132,72.5
Lavale AWS,18.5422,73.7389,11-05-2024 02:00,2024-05-11 02:00:00,2024,5,11,2,132,72.9
Lavale AWS,18.5422,73.7389,11-05-2024 02:05,2024-05-11 02:05:00,2024,5,11,2,132,73.0
Lavale AWS,18.5422,73.7389,11-05-2024 02:10,2024-05-11 02:10:00,2024,5,11,2,132,72.9
Lavale AWS,18.5422,73.7389,11-05-2024 02:15,2024-05-11 02:15:00,2024,5,11,2,132,72.9
Lavale AWS,18.5422,73.7389,11-05-2024 02:20,2024-05-11 02:20:00,2024,5,11,2,132,72.8
Lavale AWS,18.5422,73.7389,11-05-2024 02:25,2024-05-11 02:25:00,2024,5,11,2,132,72.9
Lavale AWS,18.5422,73.7389,11-05-2024 02:30,2024-05-11 02:30:00,2024,5,11,2,132,72.5
Lavale AWS,18.5422,73.7389,11-05-2024 02:35,2024-05-11 02:35:00,2024,5,11,2,132,71.9
Lavale AWS,18.5422,73.7389,11-05-2024 02:40,2024-05-11 02:40:00,2024,5,11,2,132,72.2
Lavale AWS,18.5422,73.7389,11-05-2024 02:45,2024-05-11 02:45:00,2024,5,11,2,132,72.5
Lavale AWS,18.5422,73.7389,11-05-2024 02:50,2024-05-11 02:50:00,2024,5,11,2,132,72.7
Lavale AWS,18.5422,73.7389,11-05-2024 02:55,2024-05-11 02:55:00,2024,5,11,2,132,72.7
Lavale AWS,18.5422,73.7389,11-05-2024 03:00,2024-05-11 03:00:00,2024,5,11,3,132,72.9
Lavale AWS,18.5422,73.7389,11-05-2024 03:05,2024-05-11 03:05:00,2024,5,11,3,132,73.1
Lavale AWS,18.5422,73.7389,11-05-2024 03:10,2024-05-11 03:10:00,2024,5,11,3,132,73.2
Lavale AWS,18.5422,73.7389,11-05-2024 03:15,2024-05-11 03:15:00,2024,5,11,3,132,72.7
Lavale AWS,18.5422,73.7389,11-05-2024 03:20,2024-05-11 03:20:00,2024,5,11,3,132,72.1
Lavale AWS,18.5422,73.7389,11-05-2024 03:25,2024-05-11 03:25:00,2024,5,11,3,132,71.8
Lavale AWS,18.5422,73.7389,11-05-2024 03:30,2024-05-11 03:30:00,2024,5,11,3,132,71.7
Lavale AWS,18.5422,73.7389,11-05-2024 03:35,2024-05-11 03:35:00,2024,5,11,3,132,71.4
Lavale AWS,18.5422,73.7389,11-05-2024 03:40,2024-05-11 03:40:00,2024,5,11,3,132,70.5
Lavale AWS,18.5422,73.7389,11-05-2024 03:45,2024-05-11 03:45:00,2024,5,11,3,132,71.0
Lavale AWS,18.5422,73.7389,11-05-2024 03:50,2024-05-11 03:50:00,2024,5,11,3,132,70.8
Lavale AWS,18.5422,73.7389,11-05-2024 03:55,2024-05-11 03:55:00,2024,5,11,3,132,70.6
Lavale AWS,18.5422,73.7389,11-05-2024 04:00,2024-05-11 04:00:00,2024,5,11,4,132,70.9
Lavale AWS,18.5422,73.7389,11-05-2024 04:05,2024-05-11 04:05:00,2024,5,11,4,132,69.8
Lavale AWS,18.5422,73.7389,11-05-2024 04:10,2024-05-11 04:10:00,2024,5,11,4,132,69.4
Lavale AWS,18.5422,73.7389,11-05-2024 04:15,2024-05-11 04:15:00,2024,5,11,4,132,69.0
Lavale AWS,18.5422,73.7389,11-05-2024 04:20,2024-05-11 04:20:00,2024,5,11,4,132,68.7
Lavale AWS,18.5422,73.7389,11-05-2024 04:25,2024-05-11 04:25:00,2024,5,11,4,132,68.4
Lavale AWS,18.5422,73.7389,11-05-2024 04:30,2024-05-11 04:30:00,2024,5,11,4,132,68.8
Lavale AWS,18.5422,73.7389,11-05-2024 04:35,2024-05-11 04:35:00,2024,5,11,4,132,68.8
Lavale AWS,18.5422,73.7389,11-05-2024 04:40,2024-05-11 04:40:00,2024,5,11,4,132,68.9
Lavale AWS,18.5422,73.7389,11-05-2024 04:45,2024-05-11 04:45:00,2024,5,11,4,132,68.6
Lavale AWS,18.5422,73.7389,11-05-2024 04:50,2024-05-11 04:50:00,2024,5,11,4,132,67.8
Lavale AWS,18.5422,73.7389,11-05-2024 04:55,2024-05-11 04:55:00,2024,5,11,4,132,66.7
Lavale AWS,18.5422,73.7389,11-05-2024 05:00,2024-05-11 05:00:00,2024,5,11,5,132,65.8
Lavale AWS,18.5422,73.7389,11-05-2024 05:05,2024-05-11 05:05:00,2024,5,11,5,132,65.7
Lavale AWS,18.5422,73.7389,11-05-2024 05:10,2024-05-11 05:10:00,2024,5,11,5,132,65.5
Lavale AWS,18.5422,73.7389,11-05-2024 05:15,2024-05-11 05:15:00,2024,5,11,5,132,65.1
Lavale AWS,18.5422,73.7389,11-05-2024 05:20,2024-05-11 05:20:00,2024,5,11,5,132,64.7
Lavale AWS,18.5422,73.7389,11-05-2024 05:25,2024-05-11 05:25:00,2024,5,11,5,132,65.2
Lavale AWS,18.5422,73.7389,11-05-2024 05:30,2024-05-11 05:30:00,2024,5,11,5,132,64.6
Lavale AWS,18.5422,73.7389,11-05-2024 05:35,2024-05-11 05:35:00,2024,5,11,5,132,64.6
Lavale AWS,18.5422,73.7389,11-05-2024 05:40,2024-05-11 05:40:00,2024,5,11,5,132,64.3
Lavale AWS,18.5422,73.7389,11-05-2024 05:45,2024-05-11 05:45:00,2024,5,11,5,132,63.9
Lavale AWS,18.5422,73.7389,11-05-2024 05:50,2024-05-11 05:50:00,2024,5,11,5,132,64.0
Lavale AWS,18.5422,73.7389,11-05-2024 05:55,2024-05-11 05:55:00,2024,5,11,5,132,64.2
Lavale AWS,18.5422,73.7389,11-05-2024 06:00,2024-05-11 06:00:00,2024,5,11,6,132,63.7
Lavale AWS,18.5422,73.7389,11-05-2024 06:05,2024-05-11 06:05:00,2024,5,11,6,132,63.5
Lavale AWS,18.5422,73.7389,11-05-2024 06:10,2024-05-11 06:10:00,2024,5,11,6,132,63.2
Lavale AWS,18.5422,73.7389,11-05-2024 06:15,2024-05-11 06:15:00,2024,5,11,6,132,62.8
Lavale AWS,18.5422,73.7389,11-05-2024 06:20,2024-05-11 06:20:00,2024,5,11,6,132,62.4
Lavale AWS,18.5422,73.7389,11-05-2024 06:25,2024-05-11 06:25:00,2024,5,11,6,132,61.7
Lavale AWS,18.5422,73.7389,11-05-2024 06:30,2024-05-11 06:30:00,2024,5,11,6,132,61.1
Lavale AWS,18.5422,73.7389,11-05-2024 06:35,2024-05-11 06:35:00,2024,5,11,6,132,60.4
Lavale AWS,18.5422,73.7389,11-05-2024 06:40,2024-05-11 06:40:00,2024,5,11,6,132,60.3
Lavale AWS,18.5422,73.7389,11-05-2024 06:45,2024-05-11 06:45:00,2024,5,11,6,132,59.8
Lavale AWS,18.5422,73.7389,11-05-2024 06:50,2024-05-11 06:50:00,2024,5,11,6,132,58.8
Lavale AWS,18.5422,73.7389,11-05-2024 06:55,2024-05-11 06:55:00,2024,5,11,6,132,58.0
Lavale AWS,18.5422,73.7389,11-05-2024 07:00,2024-05-11 07:00:00,2024,5,11,7,132,56.3
Lavale AWS,18.5422,73.7389,11-05-2024 07:05,2024-05-11 07:05:00,2024,5,11,7,132,55.7
Lavale AWS,18.5422,73.7389,11-05-2024 07:10,2024-05-11 07:10:00,2024,5,11,7,132,55.4
Lavale AWS,18.5422,73.7389,11-05-2024 07:15,2024-05-11 07:15:00,2024,5,11,7,132,54.9
Lavale AWS,18.5422,73.7389,11-05-2024 07:20,2024-05-11 07:20:00,2024,5,11,7,132,55.3
Lavale AWS,18.5422,73.7389,11-05-2024 07:25,2024-05-11 07:25:00,2024,5,11,7,132,55.1
Lavale AWS,18.5422,73.7389,11-05-2024 07:30,2024-05-11 07:30:00,2024,5,11,7,132,54.9
Lavale AWS,18.5422,73.7389,11-05-2024 07:35,2024-05-11 07:35:00,2024,5,11,7,132,53.8
Lavale AWS,18.5422,73.7389,11-05-2024 07:40,2024-05-11 07:40:00,2024,5,11,7,132,53.2
Lavale AWS,18.5422,73.7389,11-05-2024 07:45,2024-05-11 07:45:00,2024,5,11,7,132,52.5
Lavale AWS,18.5422,73.7389,11-05-2024 07:50,2024-05-11 07:50:00,2024,5,11,7,132,51.8
Lavale AWS,18.5422,73.7389,11-05-2024 07:55,2024-05-11 07:55:00,2024,5,11,7,132,51.1
Lavale AWS,18.5422,73.7389,11-05-2024 08:00,2024-05-11 08:00:00,2024,5,11,8,132,49.9
Lavale AWS,18.5422,73.7389,11-05-2024 08:05,2024-05-11 08:05:00,2024,5,11,8,132,49.0
Lavale AWS,18.5422,73.7389,11-05-2024 08:10,2024-05-11 08:10:00,2024,5,11,8,132,49.0
Lavale AWS,18.5422,73.7389,11-05-2024 08:15,2024-05-11 08:15:00,2024,5,11,8,132,48.6
Lavale AWS,18.5422,73.7389,11-05-2024 08:20,2024-05-11 08:20:00,2024,5,11,8,132,48.0
Lavale AWS,18.5422,73.7389,11-05-2024 08:25,2024-05-11 08:25:00,2024,5,11,8,132,47.6
Lavale AWS,18.5422,73.7389,11-05-2024 08:30,2024-05-11 08:30:00,2024,5,11,8,132,47.7
Lavale AWS,18.5422,73.7389,11-05-2024 08:35,2024-05-11 08:35:00,2024,5,11,8,132,47.3
Lavale AWS,18.5422,73.7389,11-05-2024 08:40,2024-05-11 08:40:00,2024,5,11,8,132,47.1
Lavale AWS,18.5422,73.7389,11-05-2024 08:45,2024-05-11 08:45:00,2024,5,11,8,132,46.3
Lavale AWS,18.5422,73.7389,11-05-2024 08:50,2024-05-11 08:50:00,2024,5,11,8,132,45.6
Lavale AWS,18.5422,73.7389,11-05-2024 08:55,2024-05-11 08:55:00,2024,5,11,8,132,45.3
Lavale AWS,18.5422,73.7389,11-05-2024 09:00,2024-05-11 09:00:00,2024,5,11,9,132,45.7
Lavale AWS,18.5422,73.7389,11-05-2024 09:05,2024-05-11 09:05:00,2024,5,11,9,132,45.8
Lavale AWS,18.5422,73.7389,11-05-2024 09:10,2024-05-11 09:10:00,2024,5,11,9,132,45.5
Lavale AWS,18.5422,73.7389,11-05-2024 09:15,2024-05-11 09:15:00,2024,5,11,9,132,45.1
Lavale AWS,18.5422,73.7389,11-05-2024 09:20,2024-05-11 09:20:00,2024,5,11,9,132,45.2
Lavale AWS,18.5422,73.7389,11-05-2024 09:25,2024-05-11 09:25:00,2024,5,11,9,132,45.0
Lavale AWS,18.5422,73.7389,11-05-2024 09:30,2024-05-11 09:30:00,2024,5,11,9,132,43.5
Lavale AWS,18.5422,73.7389,11-05-2024 09:35,2024-05-11 09:35:00,2024,5,11,9,132,42.6
Lavale AWS,18.5422,73.7389,11-05-2024 09:40,2024-05-11 09:40:00,2024,5,11,9,132,42.3
Lavale AWS,18.5422,73.7389,11-05-2024 09:45,2024-05-11 09:45:00,2024,5,11,9,132,41.1
Lavale AWS,18.5422,73.7389,11-05-2024 09:50,2024-05-11 09:50:00,2024,5,11,9,132,40.3
Lavale AWS,18.5422,73.7389,11-05-2024 09:55,2024-05-11 09:55:00,2024,5,11,9,132,39.6
Lavale AWS,18.5422,73.7389,11-05-2024 10:00,2024-05-11 10:00:00,2024,5,11,10,132,39.1
Lavale AWS,18.5422,73.7389,11-05-2024 10:05,2024-05-11 10:05:00,2024,5,11,10,132,38.6
Lavale AWS,18.5422,73.7389,11-05-2024 10:10,2024-05-11 10:10:00,2024,5,11,10,132,38.1
Lavale AWS,18.5422,73.7389,11-05-2024 10:15,2024-05-11 10:15:00,2024,5,11,10,132,38.1
Lavale AWS,18.5422,73.7389,11-05-2024 10:20,2024-05-11 10:20:00,2024,5,11,10,132,37.6
Lavale AWS,18.5422,73.7389,11-05-2024 10:25,2024-05-11 10:25:00,2024,5,11,10,132,37.1
Lavale AWS,18.5422,73.7389,11-05-2024 10:30,2024-05-11 10:30:00,2024,5,11,10,132,36.2
Lavale AWS,18.5422,73.7389,11-05-2024 10:35,2024-05-11 10:35:00,2024,5,11,10,132,36.2
Lavale AWS,18.5422,73.7389,11-05-2024 10:40,2024-05-11 10:40:00,2024,5,11,10,132,35.6
Lavale AWS,18.5422,73.7389,11-05-2024 10:45,2024-05-11 10:45:00,2024,5,11,10,132,34.8
Lavale AWS,18.5422,73.7389,11-05-2024 10:50,2024-05-11 10:50:00,2024,5,11,10,132,34.6
Lavale AWS,18.5422,73.7389,11-05-2024 10:55,2024-05-11 10:55:00,2024,5,11,10,132,34.0
Lavale AWS,18.5422,73.7389,11-05-2024 11:00,2024-05-11 11:00:00,2024,5,11,11,132,33.4
Lavale AWS,18.5422,73.7389,11-05-2024 11:05,2024-05-11 11:05:00,2024,5,11,11,132,33.3
Lavale AWS,18.5422,73.7389,11-05-2024 11:10,2024-05-11 11:10:00,2024,5,11,11,132,32.8
Lavale AWS,18.5422,73.7389,11-05-2024 11:15,2024-05-11 11:15:00,2024,5,11,11,132,33.5
Lavale AWS,18.5422,73.7389,11-05-2024 11:20,2024-05-11 11:20:00,2024,5,11,11,132,33.1
Lavale AWS,18.5422,73.7389,11-05-2024 11:25,2024-05-11 11:25:00,2024,5,11,11,132,33.0
Lavale AWS,18.5422,73.7389,11-05-2024 11:30,2024-05-11 11:30:00,2024,5,11,11,132,31.9
Lavale AWS,18.5422,73.7389,11-05-2024 11:35,2024-05-11 11:35:00,2024,5,11,11,132,31.3
Lavale AWS,18.5422,73.7389,11-05-2024 11:40,2024-05-11 11:40:00,2024,5,11,11,132,30.6
Lavale AWS,18.5422,73.7389,11-05-2024 11:45,2024-05-11 11:45:00,2024,5,11,11,132,30.0
Lavale AWS,18.5422,73.7389,11-05-2024 11:50,2024-05-11 11:50:00,2024,5,11,11,132,29.9
Lavale AWS,18.5422,73.7389,11-05-2024 11:55,2024-05-11 11:55:00,2024,5,11,11,132,30.1
Lavale AWS,18.5422,73.7389,11-05-2024 12:00,2024-05-11 12:00:00,2024,5,11,12,132,30.0
Lavale AWS,18.5422,73.7389,11-05-2024 12:05,2024-05-11 12:05:00,2024,5,11,12,132,29.7
Lavale AWS,18.5422,73.7389,11-05-2024 12:10,2024-05-11 12:10:00,2024,5,11,12,132,29.2
Lavale AWS,18.5422,73.7389,11-05-2024 12:15,2024-05-11 12:15:00,2024,5,11,12,132,29.4
Lavale AWS,18.5422,73.7389,11-05-2024 12:20,2024-05-11 12:20:00,2024,5,11,12,132,30.0
Lavale AWS,18.5422,73.7389,11-05-2024 12:25,2024-05-11 12:25:00,2024,5,11,12,132,29.8
Lavale AWS,18.5422,73.7389,11-05-2024 12:30,2024-05-11 12:30:00,2024,5,11,12,132,29.9
Lavale AWS,18.5422,73.7389,11-05-2024 12:35,2024-05-11 12:35:00,2024,5,11,12,132,29.8
Lavale AWS,18.5422,73.7389,11-05-2024 12:40,2024-05-11 12:40:00,2024,5,11,12,132,29.9
Lavale AWS,18.5422,73.7389,11-05-2024 12:45,2024-05-11 12:45:00,2024,5,11,12,132,29.1
Lavale AWS,18.5422,73.7389,11-05-2024 12:50,2024-05-11 12:50:00,2024,5,11,12,132,28.7
Lavale AWS,18.5422,73.7389,11-05-2024 12:55,2024-05-11 12:55:00,2024,5,11,12,132,28.6
Lavale AWS,18.5422,73.7389,11-05-2024 13:00,2024-05-11 13:00:00,2024,5,11,13,132,28.9
Lavale AWS,18.5422,73.7389,11-05-2024 13:05,2024-05-11 13:05:00,2024,5,11,13,132,28.4
Lavale AWS,18.5422,73.7389,11-05-2024 13:10,2024-05-11 13:10:00,2024,5,11,13,132,27.3
Lavale AWS,18.5422,73.7389,11-05-2024 13:15,2024-05-11 13:15:00,2024,5,11,13,132,27.0
Lavale AWS,18.5422,73.7389,11-05-2024 13:20,2024-05-11 13:20:00,2024,5,11,13,132,27.3
Lavale AWS,18.5422,73.7389,11-05-2024 13:25,2024-05-11 13:25:00,2024,5,11,13,132,26.5
Lavale AWS,18.5422,73.7389,11-05-2024 13:30,2024-05-11 13:30:00,2024,5,11,13,132,25.9
Lavale AWS,18.5422,73.7389,11-05-2024 13:35,2024-05-11 13:35:00,2024,5,11,13,132,25.9
Lavale AWS,18.5422,73.7389,11-05-2024 13:40,2024-05-11 13:40:00,2024,5,11,13,132,25.8
Lavale AWS,18.5422,73.7389,11-05-2024 13:45,2024-05-11 13:45:00,2024,5,11,13,132,26.0
Lavale AWS,18.5422,73.7389,11-05-2024 13:50,2024-05-11 13:50:00,2024,5,11,13,132,25.5
Lavale AWS,18.5422,73.7389,11-05-2024 13:55,2024-05-11 13:55:00,2024,5,11,13,132,25.3
Lavale AWS,18.5422,73.7389,11-05-2024 14:00,2024-05-11 14:00:00,2024,5,11,14,132,25.8
Lavale AWS,18.5422,73.7389,11-05-2024 14:05,2024-05-11 14:05:00,2024,5,11,14,132,25.3
Lavale AWS,18.5422,73.7389,11-05-2024 14:10,2024-05-11 14:10:00,2024,5,11,14,132,25.9
Lavale AWS,18.5422,73.7389,11-05-2024 14:15,2024-05-11 14:15:00,2024,5,11,14,132,25.4
Lavale AWS,18.5422,73.7389,11-05-2024 14:20,2024-05-11 14:20:00,2024,5,11,14,132,25.8
Lavale AWS,18.5422,73.7389,11-05-2024 14:25,2024-05-11 14:25:00,2024,5,11,14,132,25.6
Lavale AWS,18.5422,73.7389,11-05-2024 14:30,2024-05-11 14:30:00,2024,5,11,14,132,25.2
Lavale AWS,18.5422,73.7389,11-05-2024 14:35,2024-05-11 14:35:00,2024,5,11,14,132,25.1
Lavale AWS,18.5422,73.7389,11-05-2024 14:40,2024-05-11 14:40:00,2024,5,11,14,132,25.4
Lavale AWS,18.5422,73.7389,11-05-2024 14:45,2024-05-11 14:45:00,2024,5,11,14,132,25.4
Lavale AWS,18.5422,73.7389,11-05-2024 14:50,2024-05-11 14:50:00,2024,5,11,14,132,25.9
Lavale AWS,18.5422,73.7389,11-05-2024 14:55,2024-05-11 14:55:00,2024,5,11,14,132,26.6
Lavale AWS,18.5422,73.7389,11-05-2024 15:00,2024-05-11 15:00:00,2024,5,11,15,132,26.1
Lavale AWS,18.5422,73.7389,11-05-2024 15:05,2024-05-11 15:05:00,2024,5,11,15,132,25.7
Lavale AWS,18.5422,73.7389,11-05-2024 15:10,2024-05-11 15:10:00,2024,5,11,15,132,25.3
Lavale AWS,18.5422,73.7389,11-05-2024 15:15,2024-05-11 15:15:00,2024,5,11,15,132,25.1
Lavale AWS,18.5422,73.7389,11-05-2024 15:20,2024-05-11 15:20:00,2024,5,11,15,132,25.7
Lavale AWS,18.5422,73.7389,11-05-2024 15:25,2024-05-11 15:25:00,2024,5,11,15,132,26.1
Lavale AWS,18.5422,73.7389,11-05-2024 15:30,2024-05-11 15:30:00,2024,5,11,15,132,26.0
Lavale AWS,18.5422,73.7389,11-05-2024 15:35,2024-05-11 15:35:00,2024,5,11,15,132,26.2
Lavale AWS,18.5422,73.7389,11-05-2024 15:40,2024-05-11 15:40:00,2024,5,11,15,132,26.9
Lavale AWS,18.5422,73.7389,11-05-2024 15:45,2024-05-11 15:45:00,2024,5,11,15,132,27.8
Lavale AWS,18.5422,73.7389,11-05-2024 15:50,2024-05-11 15:50:00,2024,5,11,15,132,28.1
Lavale AWS,18.5422,73.7389,11-05-2024 15:55,2024-05-11 15:55:00,2024,5,11,15,132,27.2
Lavale AWS,18.5422,73.7389,11-05-2024 16:00,2024-05-11 16:00:00,2024,5,11,16,132,27.5
Lavale AWS,18.5422,73.7389,11-05-2024 16:05,2024-05-11 16:05:00,2024,5,11,16,132,28.0
Lavale AWS,18.5422,73.7389,11-05-2024 16:10,2024-05-11 16:10:00,2024,5,11,16,132,28.3
Lavale AWS,18.5422,73.7389,11-05-2024 16:15,2024-05-11 16:15:00,2024,5,11,16,132,28.8
Lavale AWS,18.5422,73.7389,11-05-2024 16:20,2024-05-11 16:20:00,2024,5,11,16,132,29.2
Lavale AWS,18.5422,73.7389,11-05-2024 16:25,2024-05-11 16:25:00,2024,5,11,16,132,28.9
Lavale AWS,18.5422,73.7389,11-05-2024 16:30,2024-05-11 16:30:00,2024,5,11,16,132,28.7
Lavale AWS,18.5422,73.7389,11-05-2024 16:35,2024-05-11 16:35:00,2024,5,11,16,132,28.9
Lavale AWS,18.5422,73.7389,11-05-2024 16:40,2024-05-11 16:40:00,2024,5,11,16,132,29.6
Lavale AWS,18.5422,73.7389,11-05-2024 16:45,2024-05-11 16:45:00,2024,5,11,16,132,29.5
Lavale AWS,18.5422,73.7389,11-05-2024 16:50,2024-05-11 16:50:00,2024,5,11,16,132,30.0
Lavale AWS,18.5422,73.7389,11-05-2024 16:55,2024-05-11 16:55:00,2024,5,11,16,132,30.4
Lavale AWS,18.5422,73.7389,11-05-2024 17:00,2024-05-11 17:00:00,2024,5,11,17,132,31.3
Lavale AWS,18.5422,73.7389,11-05-2024 17:05,2024-05-11 17:05:00,2024,5,11,17,132,31.5
Lavale AWS,18.5422,73.7389,11-05-2024 17:10,2024-05-11 17:10:00,2024,5,11,17,132,31.1
Lavale AWS,18.5422,73.7389,11-05-2024 17:15,2024-05-11 17:15:00,2024,5,11,17,132,31.7
Lavale AWS,18.5422,73.7389,11-05-2024 17:20,2024-05-11 17:20:00,2024,5,11,17,132,32.8
Lavale AWS,18.5422,73.7389,11-05-2024 17:25,2024-05-11 17:25:00,2024,5,11,17,132,33.4
Lavale AWS,18.5422,73.7389,11-05-2024 17:30,2024-05-11 17:30:00,2024,5,11,17,132,33.4
Lavale AWS,18.5422,73.7389,11-05-2024 17:35,2024-05-11 17:35:00,2024,5,11,17,132,33.2
Lavale AWS,18.5422,73.7389,11-05-2024 17:40,2024-05-11 17:40:00,2024,5,11,17,132,33.2
Lavale AWS,18.5422,73.7389,11-05-2024 17:45,2024-05-11 17:45:00,2024,5,11,17,132,34.3
Lavale AWS,18.5422,73.7389,11-05-2024 17:50,2024-05-11 17:50:00,2024,5,11,17,132,34.5
Lavale AWS,18.5422,73.7389,11-05-2024 17:55,2024-05-11 17:55:00,2024,5,11,17,132,34.6
Lavale AWS,18.5422,73.7389,11-05-2024 18:00,2024-05-11 18:00:00,2024,5,11,18,132,34.9
Lavale AWS,18.5422,73.7389,11-05-2024 18:05,2024-05-11 18:05:00,2024,5,11,18,132,35.1
Lavale AWS,18.5422,73.7389,11-05-2024 18:10,2024-05-11 18:10:00,2024,5,11,18,132,36.1
Lavale AWS,18.5422,73.7389,11-05-2024 18:15,2024-05-11 18:15:00,2024,5,11,18,132,36.1
Lavale AWS,18.5422,73.7389,11-05-2024 18:20,2024-05-11 18:20:00,2024,5,11,18,132,37.0
Lavale AWS,18.5422,73.7389,11-05-2024 18:25,2024-05-11 18:25:00,2024,5,11,18,132,37.4
Lavale AWS,18.5422,73.7389,11-05-2024 18:30,2024-05-11 18:30:00,2024,5,11,18,132,38.2
Lavale AWS,18.5422,73.7389,11-05-2024 18:35,2024-05-11 18:35:00,2024,5,11,18,132,39.2
Lavale AWS,18.5422,73.7389,11-05-2024 18:40,2024-05-11 18:40:00,2024,5,11,18,132,39.6
Lavale AWS,18.5422,73.7389,11-05-2024 18:45,2024-05-11 18:45:00,2024,5,11,18,132,39.8
Lavale AWS,18.5422,73.7389,11-05-2024 18:50,2024-05-11 18:50:00,2024,5,11,18,132,40.2
Lavale AWS,18.5422,73.7389,11-05-2024 18:55,2024-05-11 18:55:00,2024,5,11,18,132,40.5
Lavale AWS,18.5422,73.7389,11-05-2024 19:00,2024-05-11 19:00:00,2024,5,11,19,132,40.2
Lavale AWS,18.5422,73.7389,11-05-2024 19:05,2024-05-11 19:05:00,2024,5,11,19,132,41.2
Lavale AWS,18.5422,73.7389,11-05-2024 19:10,2024-05-11 19:10:00,2024,5,11,19,132,41.7
Lavale AWS,18.5422,73.7389,11-05-2024 19:15,2024-05-11 19:15:00,2024,5,11,19,132,41.7
Lavale AWS,18.5422,73.7389,11-05-2024 19:20,2024-05-11 19:20:00,2024,5,11,19,132,41.2
Lavale AWS,18.5422,73.7389,11-05-2024 19:25,2024-05-11 19:25:00,2024,5,11,19,132,40.8
Lavale AWS,18.5422,73.7389,11-05-2024 19:30,2024-05-11 19:30:00,2024,5,11,19,132,41.6
Lavale AWS,18.5422,73.7389,11-05-2024 19:35,2024-05-11 19:35:00,2024,5,11,19,132,41.9
Lavale AWS,18.5422,73.7389,11-05-2024 19:40,2024-05-11 19:40:00,2024,5,11,19,132,42.2
Lavale AWS,18.5422,73.7389,11-05-2024 19:45,2024-05-11 19:45:00,2024,5,11,19,132,42.9
Lavale AWS,18.5422,73.7389,11-05-2024 19:50,2024-05-11 19:50:00,2024,5,11,19,132,43.2
Lavale AWS,18.5422,73.7389,11-05-2024 19:55,2024-05-11 19:55:00,2024,5,11,19,132,43.9
Lavale AWS,18.5422,73.7389,11-05-2024 20:00,2024-05-11 20:00:00,2024,5,11,20,132,44.5
Lavale AWS,18.5422,73.7389,11-05-2024 20:05,2024-05-11 20:05:00,2024,5,11,20,132,45.0
Lavale AWS,18.5422,73.7389,11-05-2024 20:10,2024-05-11 20:10:00,2024,5,11,20,132,44.8
Lavale AWS,18.5422,73.7389,11-05-2024 20:15,2024-05-11 20:15:00,2024,5,11,20,132,45.1
Lavale AWS,18.5422,73.7389,11-05-2024 20:20,2024-05-11 20:20:00,2024,5,11,20,132,45.9
Lavale AWS,18.5422,73.7389,11-05-2024 20:25,2024-05-11 20:25:00,2024,5,11,20,132,46.1
Lavale AWS,18.5422,73.7389,11-05-2024 20:30,2024-05-11 20:30:00,2024,5,11,20,132,47.2
Lavale AWS,18.5422,73.7389,11-05-2024 20:35,2024-05-11 20:35:00,2024,5,11,20,132,48.6
Lavale AWS,18.5422,73.7389,11-05-2024 20:40,2024-05-11 20:40:00,2024,5,11,20,132,49.3
Lavale AWS,18.5422,73.7389,11-05-2024 20:45,2024-05-11 20:45:00,2024,5,11,20,132,50.4
Lavale AWS,18.5422,73.7389,11-05-2024 20:50,2024-05-11 20:50:00,2024,5,11,20,132,51.1
Lavale AWS,18.5422,73.7389,11-05-2024 20:55,2024-05-11 20:55:00,2024,5,11,20,132,51.3
Lavale AWS,18.5422,73.7389,11-05-2024 21:00,2024-05-11 21:00:00,2024,5,11,21,132,51.8
Lavale AWS,18.5422,73.7389,11-05-2024 21:05,2024-05-11 21:05:00,2024,5,11,21,132,53.1
Lavale AWS,18.5422,73.7389,11-05-2024 21:10,2024-05-11 21:10:00,2024,5,11,21,132,53.2
Lavale AWS,18.5422,73.7389,11-05-2024 21:15,2024-05-11 21:15:00,2024,5,11,21,132,53.2
Lavale AWS,18.5422,73.7389,11-05-2024 21:20,2024-05-11 21:20:00,2024,5,11,21,132,53.2
Lavale AWS,18.5422,73.7389,11-05-2024 21:25,2024-05-11 21:25:00,2024,5,11,21,132,53.6
Lavale AWS,18.5422,73.7389,11-05-2024 21:30,2024-05-11 21:30:00,2024,5,11,21,132,53.6
Lavale AWS,18.5422,73.7389,11-05-2024 21:35,2024-05-11 21:35:00,2024,5,11,21,132,54.7
Lavale AWS,18.5422,73.7389,11-05-2024 21:40,2024-05-11 21:40:00,2024,5,11,21,132,55.3
Lavale AWS,18.5422,73.7389,11-05-2024 21:45,2024-05-11 21:45:00,2024,5,11,21,132,56.1
Lavale AWS,18.5422,73.7389,11-05-2024 21:50,2024-05-11 21:50:00,2024,5,11,21,132,56.4
Lavale AWS,18.5422,73.7389,11-05-2024 21:55,2024-05-11 21:55:00,2024,5,11,21,132,56.3
Lavale AWS,18.5422,73.7389,11-05-2024 22:00,2024-05-11 22:00:00,2024,5,11,22,132,56.2
Lavale AWS,18.5422,73.7389,11-05-2024 22:05,2024-05-11 22:05:00,2024,5,11,22,132,56.3
Lavale AWS,18.5422,73.7389,11-05-2024 22:10,2024-05-11 22:10:00,2024,5,11,22,132,56.9
Lavale AWS,18.5422,73.7389,11-05-2024 22:15,2024-05-11 22:15:00,2024,5,11,22,132,57.6
Lavale AWS,18.5422,73.7389,11-05-2024 22:20,2024-05-11 22:20:00,2024,5,11,22,132,58.3
Lavale AWS,18.5422,73.7389,11-05-2024 22:25,2024-05-11 22:25:00,2024,5,11,22,132,58.1
Lavale AWS,18.5422,73.7389,11-05-2024 22:30,2024-05-11 22:30:00,2024,5,11,22,132,58.5
Lavale AWS,18.5422,73.7389,11-05-2024 22:35,2024-05-11 22:35:00,2024,5,11,22,132,58.6
Lavale AWS,18.5422,73.7389,11-05-2024 22:40,2024-05-11 22:40:00,2024,5,11,22,132,59.2
Lavale AWS,18.5422,73.7389,11-05-2024 22:45,2024-05-11 22:45:00,2024,5,11,22,132,59.8
Lavale AWS,18.5422,73.7389,11-05-2024 22:50,2024-05-11 22:50:00,2024,5,11,22,132,59.8
Lavale AWS,18.5422,73.7389,11-05-2024 22:55,2024-05-11 22:55:00,2024,5,11,22,132,60.6
Lavale AWS,18.5422,73.7389,11-05-2024 23:00,2024-05-11 23:00:00,2024,5,11,23,132,61.9
Lavale AWS,18.5422,73.7389,11-05-2024 23:05,2024-05-11 23:05:00,2024,5,11,23,132,62.6
Lavale AWS,18.5422,73.7389,11-05-2024 23:10,2024-05-11 23:10:00,2024,5,11,23,132,62.9
Lavale AWS,18.5422,73.7389,11-05-2024 23:15,2024-05-11 23:15:00,2024,5,11,23,132,63.1
Lavale AWS,18.5422,73.7389,11-05-2024 23:20,2024-05-11 23:20:00,2024,5,11,23,132,63.3
Lavale AWS,18.5422,73.7389,11-05-2024 23:25,2024-05-11 23:25:00,2024,5,11,23,132,63.4
Lavale AWS,18.5422,73.7389,11-05-2024 23:30,2024-05-11 23:30:00,2024,5,11,23,132,63.8
Lavale AWS,18.5422,73.7389,11-05-2024 23:35,2024-05-11 23:35:00,2024,5,11,23,132,63.7
Lavale AWS,18.5422,73.7389,11-05-2024 23:40,2024-05-11 23:40:00,2024,5,11,23,132,63.3
Lavale AWS,18.5422,73.7389,11-05-2024 23:45,2024-05-11 23:45:00,2024,5,11,23,132,63.7
Lavale AWS,18.5422,73.7389,11-05-2024 23:50,2024-05-11 23:50:00,2024,5,11,23,132,64.1
Lavale AWS,18.5422,73.7389,11-05-2024 23:55,2024-05-11 23:55:00,2024,5,11,23,132,64.2
Lavale AWS,18.5422,73.7389,12-05-2024 00:00,2024-05-12 00:00:00,2024,5,12,0,133,64.1
Lavale AWS,18.5422,73.7389,12-05-2024 00:05,2024-05-12 00:05:00,2024,5,12,0,133,64.5
Lavale AWS,18.5422,73.7389,12-05-2024 00:10,2024-05-12 00:10:00,2024,5,12,0,133,64.5
Lavale AWS,18.5422,73.7389,12-05-2024 00:15,2024-05-12 00:15:00,2024,5,12,0,133,64.8
Lavale AWS,18.5422,73.7389,12-05-2024 00:20,2024-05-12 00:20:00,2024,5,12,0,133,65.8
Lavale AWS,18.5422,73.7389,12-05-2024 00:25,2024-05-12 00:25:00,2024,5,12,0,133,66.4
Lavale AWS,18.5422,73.7389,12-05-2024 00:30,2024-05-12 00:30:00,2024,5,12,0,133,66.1
Lavale AWS,18.5422,73.7389,12-05-2024 00:35,2024-05-12 00:35:00,2024,5,12,0,133,65.9
Lavale AWS,18.5422,73.7389,12-05-2024 00:40,2024-05-12 00:40:00,2024,5,12,0,133,66.3
Lavale AWS,18.5422,73.7389,12-05-2024 00:45,2024-05-12 00:45:00,2024,5,12,0,133,66.0
Lavale AWS,18.5422,73.7389,12-05-2024 00:50,2024-05-12 00:50:00,2024,5,12,0,133,65.5
Lavale AWS,18.5422,73.7389,12-05-2024 00:55,2024-05-12 00:55:00,2024,5,12,0,133,66.1
Lavale AWS,18.5422,73.7389,12-05-2024 01:00,2024-05-12 01:00:00,2024,5,12,1,133,66.5
Lavale AWS,18.5422,73.7389,12-05-2024 01:05,2024-05-12 01:05:00,2024,5,12,1,133,67.0
Lavale AWS,18.5422,73.7389,12-05-2024 01:10,2024-05-12 01:10:00,2024,5,12,1,133,67.3
Lavale AWS,18.5422,73.7389,12-05-2024 01:15,2024-05-12 01:15:00,2024,5,12,1,133,67.5
Lavale AWS,18.5422,73.7389,12-05-2024 01:20,2024-05-12 01:20:00,2024,5,12,1,133,67.5
Lavale AWS,18.5422,73.7389,12-05-2024 01:25,2024-05-12 01:25:00,2024,5,12,1,133,67.9
Lavale AWS,18.5422,73.7389,12-05-2024 01:30,2024-05-12 01:30:00,2024,5,12,1,133,68.7
Lavale AWS,18.5422,73.7389,12-05-2024 01:35,2024-05-12 01:35:00,2024,5,12,1,133,68.7
Lavale AWS,18.5422,73.7389,12-05-2024 01:40,2024-05-12 01:40:00,2024,5,12,1,133,68.5
Lavale AWS,18.5422,73.7389,12-05-2024 01:45,2024-05-12 01:45:00,2024,5,12,1,133,68.2
Lavale AWS,18.5422,73.7389,12-05-2024 01:50,2024-05-12 01:50:00,2024,5,12,1,133,68.0
Lavale AWS,18.5422,73.7389,12-05-2024 01:55,2024-05-12 01:55:00,2024,5,12,1,133,68.3
Lavale AWS,18.5422,73.7389,12-05-2024 02:00,2024-05-12 02:00:00,2024,5,12,2,133,67.6
Lavale AWS,18.5422,73.7389,12-05-2024 02:05,2024-05-12 02:05:00,2024,5,12,2,133,67.9
Lavale AWS,18.5422,73.7389,12-05-2024 02:10,2024-05-12 02:10:00,2024,5,12,2,133,68.3
Lavale AWS,18.5422,73.7389,12-05-2024 02:15,2024-05-12 02:15:00,2024,5,12,2,133,67.8
Lavale AWS,18.5422,73.7389,12-05-2024 02:20,2024-05-12 02:20:00,2024,5,12,2,133,67.5
Lavale AWS,18.5422,73.7389,12-05-2024 02:25,2024-05-12 02:25:00,2024,5,12,2,133,67.7
Lavale AWS,18.5422,73.7389,12-05-2024 02:30,2024-05-12 02:30:00,2024,5,12,2,133,67.8
Lavale AWS,18.5422,73.7389,12-05-2024 02:35,2024-05-12 02:35:00,2024,5,12,2,133,68.1
Lavale AWS,18.5422,73.7389,12-05-2024 02:40,2024-05-12 02:40:00,2024,5,12,2,133,68.2
Lavale AWS,18.5422,73.7389,12-05-2024 02:45,2024-05-12 02:45:00,2024,5,12,2,133,68.8
Lavale AWS,18.5422,73.7389,12-05-2024 02:50,2024-05-12 02:50:00,2024,5,12,2,133,68.7
Lavale AWS,18.5422,73.7389,12-05-2024 02:55,2024-05-12 02:55:00,2024,5,12,2,133,68.3
Lavale AWS,18.5422,73.7389,12-05-2024 03:00,2024-05-12 03:00:00,2024,5,12,3,133,67.9
Lavale AWS,18.5422,73.7389,12-05-2024 03:05,2024-05-12 03:05:00,2024,5,12,3,133,68.3
Lavale AWS,18.5422,73.7389,12-05-2024 03:10,2024-05-12 03:10:00,2024,5,12,3,133,68.3
Lavale AWS,18.5422,73.7389,12-05-2024 03:15,2024-05-12 03:15:00,2024,5,12,3,133,68.6
Lavale AWS,18.5422,73.7389,12-05-2024 03:20,2024-05-12 03:20:00,2024,5,12,3,133,68.8
Lavale AWS,18.5422,73.7389,12-05-2024 03:25,2024-05-12 03:25:00,2024,5,12,3,133,67.9
Lavale AWS,18.5422,73.7389,12-05-2024 03:30,2024-05-12 03:30:00,2024,5,12,3,133,67.5
Lavale AWS,18.5422,73.7389,12-05-2024 03:35,2024-05-12 03:35:00,2024,5,12,3,133,67.0
Lavale AWS,18.5422,73.7389,12-05-2024 03:40,2024-05-12 03:40:00,2024,5,12,3,133,66.7
Lavale AWS,18.5422,73.7389,12-05-2024 03:45,2024-05-12 03:45:00,2024,5,12,3,133,66.5
Lavale AWS,18.5422,73.7389,12-05-2024 03:50,2024-05-12 03:50:00,2024,5,12,3,133,66.9
Lavale AWS,18.5422,73.7389,12-05-2024 03:55,2024-05-12 03:55:00,2024,5,12,3,133,67.3
Lavale AWS,18.5422,73.7389,12-05-2024 04:00,2024-05-12 04:00:00,2024,5,12,4,133,67.1
Lavale AWS,18.5422,73.7389,12-05-2024 04:05,2024-05-12 04:05:00,2024,5,12,4,133,66.9
Lavale AWS,18.5422,73.7389,12-05-2024 04:10,2024-05-12 04:10:00,2024,5,12,4,133,66.5
Lavale AWS,18.5422,73.7389,12-05-2024 04:15,2024-05-12 04:15:00,2024,5,12,4,133,66.5
Lavale AWS,18.5422,73.7389,12-05-2024 04:20,2024-05-12 04:20:00,2024,5,12,4,133,66.4
Lavale AWS,18.5422,73.7389,12-05-2024 04:25,2024-05-12 04:25:00,2024,5,12,4,133,66.6
Lavale AWS,18.5422,73.7389,12-05-2024 04:30,2024-05-12 04:30:00,2024,5,12,4,133,66.8
Lavale AWS,18.5422,73.7389,12-05-2024 04:35,2024-05-12 04:35:00,2024,5,12,4,133,65.6
Lavale AWS,18.5422,73.7389,12-05-2024 04:40,2024-05-12 04:40:00,2024,5,12,4,133,65.4
Lavale AWS,18.5422,73.7389,12-05-2024 04:45,2024-05-12 04:45:00,2024,5,12,4,133,65.8
Lavale AWS,18.5422,73.7389,12-05-2024 04:50,2024-05-12 04:50:00,2024,5,12,4,133,65.4
Lavale AWS,18.5422,73.7389,12-05-2024 04:55,2024-05-12 04:55:00,2024,5,12,4,133,65.7
Lavale AWS,18.5422,73.7389,12-05-2024 05:00,2024-05-12 05:00:00,2024,5,12,5,133,65.3
Lavale AWS,18.5422,73.7389,12-05-2024 05:05,2024-05-12 05:05:00,2024,5,12,5,133,65.1
Lavale AWS,18.5422,73.7389,12-05-2024 05:10,2024-05-12 05:10:00,2024,5,12,5,133,64.4
Lavale AWS,18.5422,73.7389,12-05-2024 05:15,2024-05-12 05:15:00,2024,5,12,5,133,63.7
Lavale AWS,18.5422,73.7389,12-05-2024 05:20,2024-05-12 05:20:00,2024,5,12,5,133,63.7
Lavale AWS,18.5422,73.7389,12-05-2024 05:25,2024-05-12 05:25:00,2024,5,12,5,133,63.8
Lavale AWS,18.5422,73.7389,12-05-2024 05:30,2024-05-12 05:30:00,2024,5,12,5,133,63.5
Lavale AWS,18.5422,73.7389,12-05-2024 05:35,2024-05-12 05:35:00,2024,5,12,5,133,62.8
Lavale AWS,18.5422,73.7389,12-05-2024 05:40,2024-05-12 05:40:00,2024,5,12,5,133,62.5
Lavale AWS,18.5422,73.7389,12-05-2024 05:45,2024-05-12 05:45:00,2024,5,12,5,133,62.7
Lavale AWS,18.5422,73.7389,12-05-2024 05:50,2024-05-12 05:50:00,2024,5,12,5,133,63.1
Lavale AWS,18.5422,73.7389,12-05-2024 05:55,2024-05-12 05:55:00,2024,5,12,5,133,62.6
Lavale AWS,18.5422,73.7389,12-05-2024 06:00,2024-05-12 06:00:00,2024,5,12,6,133,61.5
Lavale AWS,18.5422,73.7389,12-05-2024 06:05,2024-05-12 06:05:00,2024,5,12,6,133,61.5
Lavale AWS,18.5422,73.7389,12-05-2024 06:10,2024-05-12 06:10:00,2024,5,12,6,133,61.0
Lavale AWS,18.5422,73.7389,12-05-2024 06:15,2024-05-12 06:15:00,2024,5,12,6,133,61.0
Lavale AWS,18.5422,73.7389,12-05-2024 06:20,2024-05-12 06:20:00,2024,5,12,6,133,60.8
Lavale AWS,18.5422,73.7389,12-05-2024 06:25,2024-05-12 06:25:00,2024,5,12,6,133,60.0
Lavale AWS,18.5422,73.7389,12-05-2024 06:30,2024-05-12 06:30:00,2024,5,12,6,133,59.6
Lavale AWS,18.5422,73.7389,12-05-2024 06:35,2024-05-12 06:35:00,2024,5,12,6,133,59.7
Lavale AWS,18.5422,73.7389,12-05-2024 06:40,2024-05-12 06:40:00,2024,5,12,6,133,59.3
Lavale AWS,18.5422,73.7389,12-05-2024 06:45,2024-05-12 06:45:00,2024,5,12,6,133,58.4
Lavale AWS,18.5422,73.7389,12-05-2024 06:50,2024-05-12 06:50:00,2024,5,12,6,133,57.4
Lavale AWS,18.5422,73.7389,12-05-2024 06:55,2024-05-12 06:55:00,2024,5,12,6,133,56.7
Lavale AWS,18.5422,73.7389,12-05-2024 07:00,2024-05-12 07:00:00,2024,5,12,7,133,56.1
Lavale AWS,18.5422,73.7389,12-05-2024 07:05,2024-05-12 07:05:00,2024,5,12,7,133,56.1
Lavale AWS,18.5422,73.7389,12-05-2024 07:10,2024-05-12 07:10:00,2024,5,12,7,133,55.2
Lavale AWS,18.5422,73.7389,12-05-2024 07:15,2024-05-12 07:15:00,2024,5,12,7,133,55.5
Lavale AWS,18.5422,73.7389,12-05-2024 07:20,2024-05-12 07:20:00,2024,5,12,7,133,54.5
Lavale AWS,18.5422,73.7389,12-05-2024 07:25,2024-05-12 07:25:00,2024,5,12,7,133,55.0
Lavale AWS,18.5422,73.7389,12-05-2024 07:30,2024-05-12 07:30:00,2024,5,12,7,133,55.3
Lavale AWS,18.5422,73.7389,12-05-2024 07:35,2024-05-12 07:35:00,2024,5,12,7,133,54.8
Lavale AWS,18.5422,73.7389,12-05-2024 07:40,2024-05-12 07:40:00,2024,5,12,7,133,53.7
Lavale AWS,18.5422,73.7389,12-05-2024 07:45,2024-05-12 07:45:00,2024,5,12,7,133,53.2
Lavale AWS,18.5422,73.7389,12-05-2024 07:50,2024-05-12 07:50:00,2024,5,12,7,133,52.6
Lavale AWS,18.5422,73.7389,12-05-2024 07:55,2024-05-12 07:55:00,2024,5,12,7,133,51.6
Lavale AWS,18.5422,73.7389,12-05-2024 08:00,2024-05-12 08:00:00,2024,5,12,8,133,51.3
Lavale AWS,18.5422,73.7389,12-05-2024 08:05,2024-05-12 08:05:00,2024,5,12,8,133,50.6
Lavale AWS,18.5422,73.7389,12-05-2024 08:10,2024-05-12 08:10:00,2024,5,12,8,133,49.9
Lavale AWS,18.5422,73.7389,12-05-2024 08:15,2024-05-12 08:15:00,2024,5,12,8,133,49.4
Lavale AWS,18.5422,73.7389,12-05-2024 08:20,2024-05-12 08:20:00,2024,5,12,8,133,48.7
Lavale AWS,18.5422,73.7389,12-05-2024 08:25,2024-05-12 08:25:00,2024,5,12,8,133,49.1
Lavale AWS,18.5422,73.7389,12-05-2024 08:30,2024-05-12 08:30:00,2024,5,12,8,133,48.5
Lavale AWS,18.5422,73.7389,12-05-2024 08:35,2024-05-12 08:35:00,2024,5,12,8,133,48.2
Lavale AWS,18.5422,73.7389,12-05-2024 08:40,2024-05-12 08:40:00,2024,5,12,8,133,47.8
Lavale AWS,18.5422,73.7389,12-05-2024 08:45,2024-05-12 08:45:00,2024,5,12,8,133,47.5
Lavale AWS,18.5422,73.7389,12-05-2024 08:50,2024-05-12 08:50:00,2024,5,12,8,133,47.2
Lavale AWS,18.5422,73.7389,12-05-2024 08:55,2024-05-12 08:55:00,2024,5,12,8,133,47.1
Lavale AWS,18.5422,73.7389,12-05-2024 09:00,2024-05-12 09:00:00,2024,5,12,9,133,46.7
Lavale AWS,18.5422,73.7389,12-05-2024 09:05,2024-05-12 09:05:00,2024,5,12,9,133,46.4
Lavale AWS,18.5422,73.7389,12-05-2024 09:10,2024-05-12 09:10:00,2024,5,12,9,133,45.9
Lavale AWS,18.5422,73.7389,12-05-2024 09:15,2024-05-12 09:15:00,2024,5,12,9,133,45.3
Lavale AWS,18.5422,73.7389,12-05-2024 09:20,2024-05-12 09:20:00,2024,5,12,9,133,44.5
Lavale AWS,18.5422,73.7389,12-05-2024 09:25,2024-05-12 09:25:00,2024,5,12,9,133,44.0
Lavale AWS,18.5422,73.7389,12-05-2024 09:30,2024-05-12 09:30:00,2024,5,12,9,133,43.7
Lavale AWS,18.5422,73.7389,12-05-2024 09:35,2024-05-12 09:35:00,2024,5,12,9,133,43.4
Lavale AWS,18.5422,73.7389,12-05-2024 09:40,2024-05-12 09:40:00,2024,5,12,9,133,43.0
Lavale AWS,18.5422,73.7389,12-05-2024 09:45,2024-05-12 09:45:00,2024,5,12,9,133,42.4
Lavale AWS,18.5422,73.7389,12-05-2024 09:50,2024-05-12 09:50:00,2024,5,12,9,133,42.0
Lavale AWS,18.5422,73.7389,12-05-2024 09:55,2024-05-12 09:55:00,2024,5,12,9,133,41.3
Lavale AWS,18.5422,73.7389,12-05-2024 10:00,2024-05-12 10:00:00,2024,5,12,10,133,41.0
Lavale AWS,18.5422,73.7389,12-05-2024 10:05,2024-05-12 10:05:00,2024,5,12,10,133,40.5
Lavale AWS,18.5422,73.7389,12-05-2024 10:10,2024-05-12 10:10:00,2024,5,12,10,133,40.1
Lavale AWS,18.5422,73.7389,12-05-2024 10:15,2024-05-12 10:15:00,2024,5,12,10,133,40.1
Lavale AWS,18.5422,73.7389,12-05-2024 10:20,2024-05-12 10:20:00,2024,5,12,10,133,39.4
Lavale AWS,18.5422,73.7389,12-05-2024 10:25,2024-05-12 10:25:00,2024,5,12,10,133,39.2
Lavale AWS,18.5422,73.7389,12-05-2024 10:30,2024-05-12 10:30:00,2024,5,12,10,133,38.8
Lavale AWS,18.5422,73.7389,12-05-2024 10:35,2024-05-12 10:35:00,2024,5,12,10,133,39.2
Lavale AWS,18.5422,73.7389,12-05-2024 10:40,2024-05-12 10:40:00,2024,5,12,10,133,38.7
Lavale AWS,18.5422,73.7389,12-05-2024 10:45,2024-05-12 10:45:00,2024,5,12,10,133,38.5
Lavale AWS,18.5422,73.7389,12-05-2024 10:50,2024-05-12 10:50:00,2024,5,12,10,133,38.1
Lavale AWS,18.5422,73.7389,12-05-2024 10:55,2024-05-12 10:55:00,2024,5,12,10,133,37.1
Lavale AWS,18.5422,73.7389,12-05-2024 11:00,2024-05-12 11:00:00,2024,5,12,11,133,36.5
Lavale AWS,18.5422,73.7389,12-05-2024 11:05,2024-05-12 11:05:00,2024,5,12,11,133,36.4
Lavale AWS,18.5422,73.7389,12-05-2024 11:10,2024-05-12 11:10:00,2024,5,12,11,133,35.9
Lavale AWS,18.5422,73.7389,12-05-2024 11:15,2024-05-12 11:15:00,2024,5,12,11,133,34.6
Lavale AWS,18.5422,73.7389,12-05-2024 11:20,2024-05-12 11:20:00,2024,5,12,11,133,34.3
Lavale AWS,18.5422,73.7389,12-05-2024 11:25,2024-05-12 11:25:00,2024,5,12,11,133,33.5
Lavale AWS,18.5422,73.7389,12-05-2024 11:30,2024-05-12 11:30:00,2024,5,12,11,133,33.3
Lavale AWS,18.5422,73.7389,12-05-2024 11:35,2024-05-12 11:35:00,2024,5,12,11,133,33.6
Lavale AWS,18.5422,73.7389,12-05-2024 11:40,2024-05-12 11:40:00,2024,5,12,11,133,33.6
Lavale AWS,18.5422,73.7389,12-05-2024 11:45,2024-05-12 11:45:00,2024,5,12,11,133,33.9
Lavale AWS,18.5422,73.7389,12-05-2024 11:50,2024-05-12 11:50:00,2024,5,12,11,133,33.4
Lavale AWS,18.5422,73.7389,12-05-2024 11:55,2024-05-12 11:55:00,2024,5,12,11,133,33.0
Lavale AWS,18.5422,73.7389,12-05-2024 12:00,2024-05-12 12:00:00,2024,5,12,12,133,32.3
Lavale AWS,18.5422,73.7389,12-05-2024 12:05,2024-05-12 12:05:00,2024,5,12,12,133,31.7
Lavale AWS,18.5422,73.7389,12-05-2024 12:10,2024-05-12 12:10:00,2024,5,12,12,133,31.1
Lavale AWS,18.5422,73.7389,12-05-2024 12:15,2024-05-12 12:15:00,2024,5,12,12,133,30.4
Lavale AWS,18.5422,73.7389,12-05-2024 12:20,2024-05-12 12:20:00,2024,5,12,12,133,30.7
Lavale AWS,18.5422,73.7389,12-05-2024 12:25,2024-05-12 12:25:00,2024,5,12,12,133,29.7
Lavale AWS,18.5422,73.7389,12-05-2024 12:30,2024-05-12 12:30:00,2024,5,12,12,133,30.1
Lavale AWS,18.5422,73.7389,12-05-2024 12:35,2024-05-12 12:35:00,2024,5,12,12,133,30.4
Lavale AWS,18.5422,73.7389,12-05-2024 12:40,2024-05-12 12:40:00,2024,5,12,12,133,30.4
Lavale AWS,18.5422,73.7389,12-05-2024 12:45,2024-05-12 12:45:00,2024,5,12,12,133,29.7
Lavale AWS,18.5422,73.7389,12-05-2024 12:50,2024-05-12 12:50:00,2024,5,12,12,133,28.9
Lavale AWS,18.5422,73.7389,12-05-2024 12:55,2024-05-12 12:55:00,2024,5,12,12,133,28.6
Lavale AWS,18.5422,73.7389,12-05-2024 13:00,2024-05-12 13:00:00,2024,5,12,13,133,28.7
Lavale AWS,18.5422,73.7389,12-05-2024 13:05,2024-05-12 13:05:00,2024,5,12,13,133,28.6
Lavale AWS,18.5422,73.7389,12-05-2024 13:10,2024-05-12 13:10:00,2024,5,12,13,133,28.1
Lavale AWS,18.5422,73.7389,12-05-2024 13:15,2024-05-12 13:15:00,2024,5,12,13,133,28.4
Lavale AWS,18.5422,73.7389,12-05-2024 13:20,2024-05-12 13:20:00,2024,5,12,13,133,29.0
Lavale AWS,18.5422,73.7389,12-05-2024 13:25,2024-05-12 13:25:00,2024,5,12,13,133,28.8
Lavale AWS,18.5422,73.7389,12-05-2024 13:30,2024-05-12 13:30:00,2024,5,12,13,133,28.7
Lavale AWS,18.5422,73.7389,12-05-2024 13:35,2024-05-12 13:35:00,2024,5,12,13,133,28.0
Lavale AWS,18.5422,73.7389,12-05-2024 13:40,2024-05-12 13:40:00,2024,5,12,13,133,27.8
Lavale AWS,18.5422,73.7389,12-05-2024 13:45,2024-05-12 13:45:00,2024,5,12,13,133,28.0
Lavale AWS,18.5422,73.7389,12-05-2024 13:50,2024-05-12 13:50:00,2024,5,12,13,133,28.1
Lavale AWS,18.5422,73.7389,12-05-2024 13:55,2024-05-12 13:55:00,2024,5,12,13,133,27.8
Lavale AWS,18.5422,73.7389,12-05-2024 14:00,2024-05-12 14:00:00,2024,5,12,14,133,27.7
Lavale AWS,18.5422,73.7389,12-05-2024 14:05,2024-05-12 14:05:00,2024,5,12,14,133,27.5
Lavale AWS,18.5422,73.7389,12-05-2024 14:10,2024-05-12 14:10:00,2024,5,12,14,133,27.4
Lavale AWS,18.5422,73.7389,12-05-2024 14:15,2024-05-12 14:15:00,2024,5,12,14,133,27.6
Lavale AWS,18.5422,73.7389,12-05-2024 14:20,2024-05-12 14:20:00,2024,5,12,14,133,26.8
Lavale AWS,18.5422,73.7389,12-05-2024 14:25,2024-05-12 14:25:00,2024,5,12,14,133,26.9
Lavale AWS,18.5422,73.7389,12-05-2024 14:30,2024-05-12 14:30:00,2024,5,12,14,133,27.1
Lavale AWS,18.5422,73.7389,12-05-2024 14:35,2024-05-12 14:35:00,2024,5,12,14,133,26.9
Lavale AWS,18.5422,73.7389,12-05-2024 14:40,2024-05-12 14:40:00,2024,5,12,14,133,26.8
Lavale AWS,18.5422,73.7389,12-05-2024 14:45,2024-05-12 14:45:00,2024,5,12,14,133,26.8
Lavale AWS,18.5422,73.7389,12-05-2024 14:50,2024-05-12 14:50:00,2024,5,12,14,133,26.7
Lavale AWS,18.5422,73.7389,12-05-2024 14:55,2024-05-12 14:55:00,2024,5,12,14,133,26.9
Lavale AWS,18.5422,73.7389,12-05-2024 15:00,2024-05-12 15:00:00,2024,5,12,15,133,27.1
Lavale AWS,18.5422,73.7389,12-05-2024 15:05,2024-05-12 15:05:00,2024,5,12,15,133,26.4
Lavale AWS,18.5422,73.7389,12-05-2024 15:10,2024-05-12 15:10:00,2024,5,12,15,133,26.9
Lavale AWS,18.5422,73.7389,12-05-2024 15:15,2024-05-12 15:15:00,2024,5,12,15,133,26.9
Lavale AWS,18.5422,73.7389,12-05-2024 15:20,2024-05-12 15:20:00,2024,5,12,15,133,27.9
Lavale AWS,18.5422,73.7389,12-05-2024 15:25,2024-05-12 15:25:00,2024,5,12,15,133,27.6
Lavale AWS,18.5422,73.7389,12-05-2024 15:30,2024-05-12 15:30:00,2024,5,12,15,133,27.5
Lavale AWS,18.5422,73.7389,12-05-2024 15:35,2024-05-12 15:35:00,2024,5,12,15,133,27.6
Lavale AWS,18.5422,73.7389,12-05-2024 15:40,2024-05-12 15:40:00,2024,5,12,15,133,28.1
Lavale AWS,18.5422,73.7389,12-05-2024 15:45,2024-05-12 15:45:00,2024,5,12,15,133,27.5
Lavale AWS,18.5422,73.7389,12-05-2024 15:50,2024-05-12 15:50:00,2024,5,12,15,133,27.5
Lavale AWS,18.5422,73.7389,12-05-2024 15:55,2024-05-12 15:55:00,2024,5,12,15,133,28.0
Lavale AWS,18.5422,73.7389,12-05-2024 16:00,2024-05-12 16:00:00,2024,5,12,16,133,27.9
Lavale AWS,18.5422,73.7389,12-05-2024 16:05,2024-05-12 16:05:00,2024,5,12,16,133,28.8
Lavale AWS,18.5422,73.7389,12-05-2024 16:10,2024-05-12 16:10:00,2024,5,12,16,133,28.9
Lavale AWS,18.5422,73.7389,12-05-2024 16:15,2024-05-12 16:15:00,2024,5,12,16,133,28.9
Lavale AWS,18.5422,73.7389,12-05-2024 16:20,2024-05-12 16:20:00,2024,5,12,16,133,29.4
Lavale AWS,18.5422,73.7389,12-05-2024 16:25,2024-05-12 16:25:00,2024,5,12,16,133,30.4
Lavale AWS,18.5422,73.7389,12-05-2024 16:30,2024-05-12 16:30:00,2024,5,12,16,133,30.9
Lavale AWS,18.5422,73.7389,12-05-2024 16:35,2024-05-12 16:35:00,2024,5,12,16,133,31.7
Lavale AWS,18.5422,73.7389,12-05-2024 16:40,2024-05-12 16:40:00,2024,5,12,16,133,32.6
Lavale AWS,18.5422,73.7389,12-05-2024 16:45,2024-05-12 16:45:00,2024,5,12,16,133,32.5
Lavale AWS,18.5422,73.7389,12-05-2024 16:50,2024-05-12 16:50:00,2024,5,12,16,133,33.2
Lavale AWS,18.5422,73.7389,12-05-2024 16:55,2024-05-12 16:55:00,2024,5,12,16,133,32.9
Lavale AWS,18.5422,73.7389,12-05-2024 17:00,2024-05-12 17:00:00,2024,5,12,17,133,33.3
Lavale AWS,18.5422,73.7389,12-05-2024 17:05,2024-05-12 17:05:00,2024,5,12,17,133,33.6
Lavale AWS,18.5422,73.7389,12-05-2024 17:10,2024-05-12 17:10:00,2024,5,12,17,133,34.4
Lavale AWS,18.5422,73.7389,12-05-2024 17:15,2024-05-12 17:15:00,2024,5,12,17,133,35.2
Lavale AWS,18.5422,73.7389,12-05-2024 17:20,2024-05-12 17:20:00,2024,5,12,17,133,35.7
Lavale AWS,18.5422,73.7389,12-05-2024 17:25,2024-05-12 17:25:00,2024,5,12,17,133,36.2
Lavale AWS,18.5422,73.7389,12-05-2024 17:30,2024-05-12 17:30:00,2024,5,12,17,133,36.7
Lavale AWS,18.5422,73.7389,12-05-2024 17:35,2024-05-12 17:35:00,2024,5,12,17,133,37.0
Lavale AWS,18.5422,73.7389,12-05-2024 17:40,2024-05-12 17:40:00,2024,5,12,17,133,37.3
Lavale AWS,18.5422,73.7389,12-05-2024 17:45,2024-05-12 17:45:00,2024,5,12,17,133,38.1
Lavale AWS,18.5422,73.7389,12-05-2024 17:50,2024-05-12 17:50:00,2024,5,12,17,133,39.1
Lavale AWS,18.5422,73.7389,12-05-2024 17:55,2024-05-12 17:55:00,2024,5,12,17,133,39.3
Lavale AWS,18.5422,73.7389,12-05-2024 18:00,2024-05-12 18:00:00,2024,5,12,18,133,39.7
Lavale AWS,18.5422,73.7389,12-05-2024 18:05,2024-05-12 18:05:00,2024,5,12,18,133,40.0
Lavale AWS,18.5422,73.7389,12-05-2024 18:10,2024-05-12 18:10:00,2024,5,12,18,133,39.7
Lavale AWS,18.5422,73.7389,12-05-2024 18:15,2024-05-12 18:15:00,2024,5,12,18,133,39.9
Lavale AWS,18.5422,73.7389,12-05-2024 18:20,2024-05-12 18:20:00,2024,5,12,18,133,40.9
Lavale AWS,18.5422,73.7389,12-05-2024 18:25,2024-05-12 18:25:00,2024,5,12,18,133,40.9
Lavale AWS,18.5422,73.7389,12-05-2024 18:30,2024-05-12 18:30:00,2024,5,12,18,133,42.2
Lavale AWS,18.5422,73.7389,12-05-2024 18:35,2024-05-12 18:35:00,2024,5,12,18,133,43.0
Lavale AWS,18.5422,73.7389,12-05-2024 18:40,2024-05-12 18:40:00,2024,5,12,18,133,43.4
Lavale AWS,18.5422,73.7389,12-05-2024 18:45,2024-05-12 18:45:00,2024,5,12,18,133,44.0
Lavale AWS,18.5422,73.7389,12-05-2024 18:50,2024-05-12 18:50:00,2024,5,12,18,133,43.9
Lavale AWS,18.5422,73.7389,12-05-2024 18:55,2024-05-12 18:55:00,2024,5,12,18,133,44.2
Lavale AWS,18.5422,73.7389,12-05-2024 19:00,2024-05-12 19:00:00,2024,5,12,19,133,45.1
Lavale AWS,18.5422,73.7389,12-05-2024 19:05,2024-05-12 19:05:00,2024,5,12,19,133,45.2
Lavale AWS,18.5422,73.7389,12-05-2024 19:10,2024-05-12 19:10:00,2024,5,12,19,133,46.0
Lavale AWS,18.5422,73.7389,12-05-2024 19:15,2024-05-12 19:15:00,2024,5,12,19,133,45.8
Lavale AWS,18.5422,73.7389,12-05-2024 19:20,2024-05-12 19:20:00,2024,5,12,19,133,45.8
Lavale AWS,18.5422,73.7389,12-05-2024 19:25,2024-05-12 19:25:00,2024,5,12,19,133,46.9
Lavale AWS,18.5422,73.7389,12-05-2024 19:30,2024-05-12 19:30:00,2024,5,12,19,133,47.3
Lavale AWS,18.5422,73.7389,12-05-2024 19:35,2024-05-12 19:35:00,2024,5,12,19,133,47.5
Lavale AWS,18.5422,73.7389,12-05-2024 19:40,2024-05-12 19:40:00,2024,5,12,19,133,48.5
Lavale AWS,18.5422,73.7389,12-05-2024 19:45,2024-05-12 19:45:00,2024,5,12,19,133,49.4
Lavale AWS,18.5422,73.7389,12-05-2024 19:50,2024-05-12 19:50:00,2024,5,12,19,133,50.1
Lavale AWS,18.5422,73.7389,12-05-2024 19:55,2024-05-12 19:55:00,2024,5,12,19,133,50.2
Lavale AWS,18.5422,73.7389,12-05-2024 20:00,2024-05-12 20:00:00,2024,5,12,20,133,50.5
Lavale AWS,18.5422,73.7389,12-05-2024 20:05,2024-05-12 20:05:00,2024,5,12,20,133,51.0
Lavale AWS,18.5422,73.7389,12-05-2024 20:10,2024-05-12 20:10:00,2024,5,12,20,133,51.7
Lavale AWS,18.5422,73.7389,12-05-2024 20:15,2024-05-12 20:15:00,2024,5,12,20,133,51.9
Lavale AWS,18.5422,73.7389,12-05-2024 20:20,2024-05-12 20:20:00,2024,5,12,20,133,52.4
Lavale AWS,18.5422,73.7389,12-05-2024 20:25,2024-05-12 20:25:00,2024,5,12,20,133,52.9
Lavale AWS,18.5422,73.7389,12-05-2024 20:30,2024-05-12 20:30:00,2024,5,12,20,133,53.8
Lavale AWS,18.5422,73.7389,12-05-2024 20:35,2024-05-12 20:35:00,2024,5,12,20,133,54.5
Lavale AWS,18.5422,73.7389,12-05-2024 20:40,2024-05-12 20:40:00,2024,5,12,20,133,54.3
Lavale AWS,18.5422,73.7389,12-05-2024 20:45,2024-05-12 20:45:00,2024,5,12,20,133,54.6
Lavale AWS,18.5422,73.7389,12-05-2024 20:50,2024-05-12 20:50:00,2024,5,12,20,133,54.6
Lavale AWS,18.5422,73.7389,12-05-2024 20:55,2024-05-12 20:55:00,2024,5,12,20,133,55.3
Lavale AWS,18.5422,73.7389,12-05-2024 21:00,2024-05-12 21:00:00,2024,5,12,21,133,56.1
Lavale AWS,18.5422,73.7389,12-05-2024 21:05,2024-05-12 21:05:00,2024,5,12,21,133,56.6
Lavale AWS,18.5422,73.7389,12-05-2024 21:10,2024-05-12 21:10:00,2024,5,12,21,133,56.9
Lavale AWS,18.5422,73.7389,12-05-2024 21:15,2024-05-12 21:15:00,2024,5,12,21,133,57.3
Lavale AWS,18.5422,73.7389,12-05-2024 21:20,2024-05-12 21:20:00,2024,5,12,21,133,57.8
Lavale AWS,18.5422,73.7389,12-05-2024 21:25,2024-05-12 21:25:00,2024,5,12,21,133,58.0
Lavale AWS,18.5422,73.7389,12-05-2024 21:30,2024-05-12 21:30:00,2024,5,12,21,133,57.9
Lavale AWS,18.5422,73.7389,12-05-2024 21:35,2024-05-12 21:35:00,2024,5,12,21,133,57.6
Lavale AWS,18.5422,73.7389,12-05-2024 21:40,2024-05-12 21:40:00,2024,5,12,21,133,58.6
Lavale AWS,18.5422,73.7389,12-05-2024 21:45,2024-05-12 21:45:00,2024,5,12,21,133,59.2
Lavale AWS,18.5422,73.7389,12-05-2024 21:50,2024-05-12 21:50:00,2024,5,12,21,133,59.8
Lavale AWS,18.5422,73.7389,12-05-2024 21:55,2024-05-12 21:55:00,2024,5,12,21,133,60.8
Lavale AWS,18.5422,73.7389,12-05-2024 22:00,2024-05-12 22:00:00,2024,5,12,22,133,60.7
Lavale AWS,18.5422,73.7389,12-05-2024 22:05,2024-05-12 22:05:00,2024,5,12,22,133,60.5
Lavale AWS,18.5422,73.7389,12-05-2024 22:10,2024-05-12 22:10:00,2024,5,12,22,133,61.1
Lavale AWS,18.5422,73.7389,12-05-2024 22:15,2024-05-12 22:15:00,2024,5,12,22,133,61.7
Lavale AWS,18.5422,73.7389,12-05-2024 22:20,2024-05-12 22:20:00,2024,5,12,22,133,61.4
Lavale AWS,18.5422,73.7389,12-05-2024 22:25,2024-05-12 22:25:00,2024,5,12,22,133,62.0
Lavale AWS,18.5422,73.7389,12-05-2024 22:30,2024-05-12 22:30:00,2024,5,12,22,133,62.3
Lavale AWS,18.5422,73.7389,12-05-2024 22:35,2024-05-12 22:35:00,2024,5,12,22,133,62.5
Lavale AWS,18.5422,73.7389,12-05-2024 22:40,2024-05-12 22:40:00,2024,5,12,22,133,62.8
Lavale AWS,18.5422,73.7389,12-05-2024 22:45,2024-05-12 22:45:00,2024,5,12,22,133,62.3
Lavale AWS,18.5422,73.7389,12-05-2024 22:50,2024-05-12 22:50:00,2024,5,12,22,133,62.6
Lavale AWS,18.5422,73.7389,12-05-2024 22:55,2024-05-12 22:55:00,2024,5,12,22,133,62.8
Lavale AWS,18.5422,73.7389,12-05-2024 23:00,2024-05-12 23:00:00,2024,5,12,23,133,63.5
Lavale AWS,18.5422,73.7389,12-05-2024 23:05,2024-05-12 23:05:00,2024,5,12,23,133,64.0
Lavale AWS,18.5422,73.7389,12-05-2024 23:10,2024-05-12 23:10:00,2024,5,12,23,133,64.7
Lavale AWS,18.5422,73.7389,12-05-2024 23:15,2024-05-12 23:15:00,2024,5,12,23,133,64.2
Lavale AWS,18.5422,73.7389,12-05-2024 23:20,2024-05-12 23:20:00,2024,5,12,23,133,64.3
Lavale AWS,18.5422,73.7389,12-05-2024 23:25,2024-05-12 23:25:00,2024,5,12,23,133,65.0
Lavale AWS,18.5422,73.7389,12-05-2024 23:30,2024-05-12 23:30:00,2024,5,12,23,133,65.4
Lavale AWS,18.5422,73.7389,12-05-2024 23:35,2024-05-12 23:35:00,2024,5,12,23,133,66.2
Lavale AWS,18.5422,73.7389,12-05-2024 23:40,2024-05-12 23:40:00,2024,5,12,23,133,65.9
Lavale AWS,18.5422,73.7389,12-05-2024 23:45,2024-05-12 23:45:00,2024,5,12,23,133,66.7
Lavale AWS,18.5422,73.7389,12-05-2024 23:50,2024-05-12 23:50:00,2024,5,12,23,133,66.9
Lavale AWS,18.5422,73.7389,12-05-2024 23:55,2024-05-12 23:55:00,2024,5,12,23,133,67.0
Lavale AWS,18.5422,73.7389,13-05-2024 00:00,2024-05-13 00:00:00,2024,5,13,0,134,67.8
Lavale AWS,18.5422,73.7389,13-05-2024 00:05,2024-05-13 00:05:00,2024,5,13,0,134,68.7
Lavale AWS,18.5422,73.7389,13-05-2024 00:10,2024-05-13 00:10:00,2024,5,13,0,134,69.5
Lavale AWS,18.5422,73.7389,13-05-2024 00:15,2024-05-13 00:15:00,2024,5,13,0,134,70.6
Lavale AWS,18.5422,73.7389,13-05-2024 00:20,2024-05-13 00:20:00,2024,5,13,0,134,71.4
Lavale AWS,18.5422,73.7389,13-05-2024 00:25,2024-05-13 00:25:00,2024,5,13,0,134,71.3
Lavale AWS,18.5422,73.7389,13-05-2024 00:30,2024-05-13 00:30:00,2024,5,13,0,134,71.6
Lavale AWS,18.5422,73.7389,13-05-2024 00:35,2024-05-13 00:35:00,2024,5,13,0,134,71.7
Lavale AWS,18.5422,73.7389,13-05-2024 00:40,2024-05-13 00:40:00,2024,5,13,0,134,72.8
Lavale AWS,18.5422,73.7389,13-05-2024 00:45,2024-05-13 00:45:00,2024,5,13,0,134,73.4
Lavale AWS,18.5422,73.7389,13-05-2024 00:50,2024-05-13 00:50:00,2024,5,13,0,134,73.5
Lavale AWS,18.5422,73.7389,13-05-2024 00:55,2024-05-13 00:55:00,2024,5,13,0,134,74.0
Lavale AWS,18.5422,73.7389,13-05-2024 01:00,2024-05-13 01:00:00,2024,5,13,1,134,73.7
Lavale AWS,18.5422,73.7389,13-05-2024 01:05,2024-05-13 01:05:00,2024,5,13,1,134,73.9
Lavale AWS,18.5422,73.7389,13-05-2024 01:10,2024-05-13 01:10:00,2024,5,13,1,134,73.7
Lavale AWS,18.5422,73.7389,13-05-2024 01:15,2024-05-13 01:15:00,2024,5,13,1,134,73.2
Lavale AWS,18.5422,73.7389,13-05-2024 01:20,2024-05-13 01:20:00,2024,5,13,1,134,73.7
Lavale AWS,18.5422,73.7389,13-05-2024 01:25,2024-05-13 01:25:00,2024,5,13,1,134,74.2
Lavale AWS,18.5422,73.7389,13-05-2024 01:30,2024-05-13 01:30:00,2024,5,13,1,134,74.5
Lavale AWS,18.5422,73.7389,13-05-2024 01:35,2024-05-13 01:35:00,2024,5,13,1,134,74.5
Lavale AWS,18.5422,73.7389,13-05-2024 01:40,2024-05-13 01:40:00,2024,5,13,1,134,74.1
Lavale AWS,18.5422,73.7389,13-05-2024 01:45,2024-05-13 01:45:00,2024,5,13,1,134,73.7
Lavale AWS,18.5422,73.7389,13-05-2024 01:50,2024-05-13 01:50:00,2024,5,13,1,134,73.5
Lavale AWS,18.5422,73.7389,13-05-2024 01:55,2024-05-13 01:55:00,2024,5,13,1,134,73.5
Lavale AWS,18.5422,73.7389,13-05-2024 02:00,2024-05-13 02:00:00,2024,5,13,2,134,74.1
Lavale AWS,18.5422,73.7389,13-05-2024 02:05,2024-05-13 02:05:00,2024,5,13,2,134,74.1
Lavale AWS,18.5422,73.7389,13-05-2024 02:10,2024-05-13 02:10:00,2024,5,13,2,134,74.1
Lavale AWS,18.5422,73.7389,13-05-2024 02:15,2024-05-13 02:15:00,2024,5,13,2,134,74.1
Lavale AWS,18.5422,73.7389,13-05-2024 02:20,2024-05-13 02:20:00,2024,5,13,2,134,74.1
Lavale AWS,18.5422,73.7389,13-05-2024 02:25,2024-05-13 02:25:00,2024,5,13,2,134,74.1
Lavale AWS,18.5422,73.7389,13-05-2024 02:30,2024-05-13 02:30:00,2024,5,13,2,134,74.1
Lavale AWS,18.5422,73.7389,13-05-2024 02:35,2024-05-13 02:35:00,2024,5,13,2,134,74.1
Lavale AWS,18.5422,73.7389,13-05-2024 02:40,2024-05-13 02:40:00,2024,5,13,2,134,74.1
Lavale AWS,18.5422,73.7389,13-05-2024 02:45,2024-05-13 02:45:00,2024,5,13,2,134,74.1
Lavale AWS,18.5422,73.7389,13-05-2024 02:50,2024-05-13 02:50:00,2024,5,13,2,134,74.1
Lavale AWS,18.5422,73.7389,13-05-2024 02:55,2024-05-13 02:55:00,2024,5,13,2,134,74.1
Lavale AWS,18.5422,73.7389,13-05-2024 03:00,2024-05-13 03:00:00,2024,5,13,3,134,73.8
Lavale AWS,18.5422,73.7389,13-05-2024 03:05,2024-05-13 03:05:00,2024,5,13,3,134,74.3
Lavale AWS,18.5422,73.7389,13-05-2024 03:10,2024-05-13 03:10:00,2024,5,13,3,134,74.3
Lavale AWS,18.5422,73.7389,13-05-2024 03:15,2024-05-13 03:15:00,2024,5,13,3,134,74.5
Lavale AWS,18.5422,73.7389,13-05-2024 03:20,2024-05-13 03:20:00,2024,5,13,3,134,74.4
Lavale AWS,18.5422,73.7389,13-05-2024 03:25,2024-05-13 03:25:00,2024,5,13,3,134,74.3
Lavale AWS,18.5422,73.7389,13-05-2024 03:30,2024-05-13 03:30:00,2024,5,13,3,134,74.2
Lavale AWS,18.5422,73.7389,13-05-2024 03:35,2024-05-13 03:35:00,2024,5,13,3,134,73.8
Lavale AWS,18.5422,73.7389,13-05-2024 03:40,2024-05-13 03:40:00,2024,5,13,3,134,73.5
Lavale AWS,18.5422,73.7389,13-05-2024 03:45,2024-05-13 03:45:00,2024,5,13,3,134,73.9
Lavale AWS,18.5422,73.7389,13-05-2024 03:50,2024-05-13 03:50:00,2024,5,13,3,134,74.6
Lavale AWS,18.5422,73.7389,13-05-2024 03:55,2024-05-13 03:55:00,2024,5,13,3,134,75.0
Lavale AWS,18.5422,73.7389,13-05-2024 04:00,2024-05-13 04:00:00,2024,5,13,4,134,74.2
Lavale AWS,18.5422,73.7389,13-05-2024 04:05,2024-05-13 04:05:00,2024,5,13,4,134,73.4
Lavale AWS,18.5422,73.7389,13-05-2024 04:10,2024-05-13 04:10:00,2024,5,13,4,134,72.8
Lavale AWS,18.5422,73.7389,13-05-2024 04:15,2024-05-13 04:15:00,2024,5,13,4,134,72.6
Lavale AWS,18.5422,73.7389,13-05-2024 04:20,2024-05-13 04:20:00,2024,5,13,4,134,71.3
Lavale AWS,18.5422,73.7389,13-05-2024 04:25,2024-05-13 04:25:00,2024,5,13,4,134,70.9
Lavale AWS,18.5422,73.7389,13-05-2024 04:30,2024-05-13 04:30:00,2024,5,13,4,134,71.3
Lavale AWS,18.5422,73.7389,13-05-2024 04:35,2024-05-13 04:35:00,2024,5,13,4,134,71.6
Lavale AWS,18.5422,73.7389,13-05-2024 04:40,2024-05-13 04:40:00,2024,5,13,4,134,71.1
Lavale AWS,18.5422,73.7389,13-05-2024 04:45,2024-05-13 04:45:00,2024,5,13,4,134,70.7
Lavale AWS,18.5422,73.7389,13-05-2024 04:50,2024-05-13 04:50:00,2024,5,13,4,134,70.7
Lavale AWS,18.5422,73.7389,13-05-2024 04:55,2024-05-13 04:55:00,2024,5,13,4,134,70.9
Lavale AWS,18.5422,73.7389,13-05-2024 05:00,2024-05-13 05:00:00,2024,5,13,5,134,70.4
Lavale AWS,18.5422,73.7389,13-05-2024 05:05,2024-05-13 05:05:00,2024,5,13,5,134,70.0
Lavale AWS,18.5422,73.7389,13-05-2024 05:10,2024-05-13 05:10:00,2024,5,13,5,134,69.5
Lavale AWS,18.5422,73.7389,13-05-2024 05:15,2024-05-13 05:15:00,2024,5,13,5,134,68.7
Lavale AWS,18.5422,73.7389,13-05-2024 05:20,2024-05-13 05:20:00,2024,5,13,5,134,68.4
Lavale AWS,18.5422,73.7389,13-05-2024 05:25,2024-05-13 05:25:00,2024,5,13,5,134,68.0
Lavale AWS,18.5422,73.7389,13-05-2024 05:30,2024-05-13 05:30:00,2024,5,13,5,134,67.2
Lavale AWS,18.5422,73.7389,13-05-2024 05:35,2024-05-13 05:35:00,2024,5,13,5,134,67.2
Lavale AWS,18.5422,73.7389,13-05-2024 05:40,2024-05-13 05:40:00,2024,5,13,5,134,67.1
Lavale AWS,18.5422,73.7389,13-05-2024 05:45,2024-05-13 05:45:00,2024,5,13,5,134,67.1
Lavale AWS,18.5422,73.7389,13-05-2024 05:50,2024-05-13 05:50:00,2024,5,13,5,134,66.5
Lavale AWS,18.5422,73.7389,13-05-2024 05:55,2024-05-13 05:55:00,2024,5,13,5,134,65.4
Lavale AWS,18.5422,73.7389,13-05-2024 06:00,2024-05-13 06:00:00,2024,5,13,6,134,65.3
Lavale AWS,18.5422,73.7389,13-05-2024 06:05,2024-05-13 06:05:00,2024,5,13,6,134,64.7
Lavale AWS,18.5422,73.7389,13-05-2024 06:10,2024-05-13 06:10:00,2024,5,13,6,134,64.1
Lavale AWS,18.5422,73.7389,13-05-2024 06:15,2024-05-13 06:15:00,2024,5,13,6,134,63.3
Lavale AWS,18.5422,73.7389,13-05-2024 06:20,2024-05-13 06:20:00,2024,5,13,6,134,62.9
Lavale AWS,18.5422,73.7389,13-05-2024 06:25,2024-05-13 06:25:00,2024,5,13,6,134,63.3
Lavale AWS,18.5422,73.7389,13-05-2024 06:30,2024-05-13 06:30:00,2024,5,13,6,134,62.7
Lavale AWS,18.5422,73.7389,13-05-2024 06:35,2024-05-13 06:35:00,2024,5,13,6,134,62.0
Lavale AWS,18.5422,73.7389,13-05-2024 06:40,2024-05-13 06:40:00,2024,5,13,6,134,61.9
Lavale AWS,18.5422,73.7389,13-05-2024 06:45,2024-05-13 06:45:00,2024,5,13,6,134,61.7
Lavale AWS,18.5422,73.7389,13-05-2024 06:50,2024-05-13 06:50:00,2024,5,13,6,134,60.5
Lavale AWS,18.5422,73.7389,13-05-2024 06:55,2024-05-13 06:55:00,2024,5,13,6,134,60.4
Lavale AWS,18.5422,73.7389,13-05-2024 07:00,2024-05-13 07:00:00,2024,5,13,7,134,60.9
Lavale AWS,18.5422,73.7389,13-05-2024 07:05,2024-05-13 07:05:00,2024,5,13,7,134,59.5
Lavale AWS,18.5422,73.7389,13-05-2024 07:10,2024-05-13 07:10:00,2024,5,13,7,134,58.7
Lavale AWS,18.5422,73.7389,13-05-2024 07:15,2024-05-13 07:15:00,2024,5,13,7,134,57.2
Lavale AWS,18.5422,73.7389,13-05-2024 07:20,2024-05-13 07:20:00,2024,5,13,7,134,56.9
Lavale AWS,18.5422,73.7389,13-05-2024 07:25,2024-05-13 07:25:00,2024,5,13,7,134,57.0
Lavale AWS,18.5422,73.7389,13-05-2024 07:30,2024-05-13 07:30:00,2024,5,13,7,134,56.7
Lavale AWS,18.5422,73.7389,13-05-2024 07:35,2024-05-13 07:35:00,2024,5,13,7,134,57.0
Lavale AWS,18.5422,73.7389,13-05-2024 07:40,2024-05-13 07:40:00,2024,5,13,7,134,56.9
Lavale AWS,18.5422,73.7389,13-05-2024 07:45,2024-05-13 07:45:00,2024,5,13,7,134,57.2
Lavale AWS,18.5422,73.7389,13-05-2024 07:50,2024-05-13 07:50:00,2024,5,13,7,134,57.3
Lavale AWS,18.5422,73.7389,13-05-2024 07:55,2024-05-13 07:55:00,2024,5,13,7,134,56.6
Lavale AWS,18.5422,73.7389,13-05-2024 08:00,2024-05-13 08:00:00,2024,5,13,8,134,56.2
Lavale AWS,18.5422,73.7389,13-05-2024 08:05,2024-05-13 08:05:00,2024,5,13,8,134,55.4
Lavale AWS,18.5422,73.7389,13-05-2024 08:10,2024-05-13 08:10:00,2024,5,13,8,134,54.9
Lavale AWS,18.5422,73.7389,13-05-2024 08:15,2024-05-13 08:15:00,2024,5,13,8,134,54.5
Lavale AWS,18.5422,73.7389,13-05-2024 08:20,2024-05-13 08:20:00,2024,5,13,8,134,54.0
Lavale AWS,18.5422,73.7389,13-05-2024 08:25,2024-05-13 08:25:00,2024,5,13,8,134,54.1
Lavale AWS,18.5422,73.7389,13-05-2024 08:30,2024-05-13 08:30:00,2024,5,13,8,134,53.5
Lavale AWS,18.5422,73.7389,13-05-2024 08:35,2024-05-13 08:35:00,2024,5,13,8,134,52.6
Lavale AWS,18.5422,73.7389,13-05-2024 08:40,2024-05-13 08:40:00,2024,5,13,8,134,51.9
Lavale AWS,18.5422,73.7389,13-05-2024 08:45,2024-05-13 08:45:00,2024,5,13,8,134,51.7
Lavale AWS,18.5422,73.7389,13-05-2024 08:50,2024-05-13 08:50:00,2024,5,13,8,134,50.7
Lavale AWS,18.5422,73.7389,13-05-2024 08:55,2024-05-13 08:55:00,2024,5,13,8,134,50.2
Lavale AWS,18.5422,73.7389,13-05-2024 09:00,2024-05-13 09:00:00,2024,5,13,9,134,50.3
Lavale AWS,18.5422,73.7389,13-05-2024 09:05,2024-05-13 09:05:00,2024,5,13,9,134,50.0
Lavale AWS,18.5422,73.7389,13-05-2024 09:10,2024-05-13 09:10:00,2024,5,13,9,134,49.5
Lavale AWS,18.5422,73.7389,13-05-2024 09:15,2024-05-13 09:15:00,2024,5,13,9,134,49.1
Lavale AWS,18.5422,73.7389,13-05-2024 09:20,2024-05-13 09:20:00,2024,5,13,9,134,48.2
Lavale AWS,18.5422,73.7389,13-05-2024 09:25,2024-05-13 09:25:00,2024,5,13,9,134,47.4
Lavale AWS,18.5422,73.7389,13-05-2024 09:30,2024-05-13 09:30:00,2024,5,13,9,134,47.0
Lavale AWS,18.5422,73.7389,13-05-2024 09:35,2024-05-13 09:35:00,2024,5,13,9,134,46.7
Lavale AWS,18.5422,73.7389,13-05-2024 09:40,2024-05-13 09:40:00,2024,5,13,9,134,46.6
Lavale AWS,18.5422,73.7389,13-05-2024 09:45,2024-05-13 09:45:00,2024,5,13,9,134,46.2
Lavale AWS,18.5422,73.7389,13-05-2024 09:50,2024-05-13 09:50:00,2024,5,13,9,134,46.4
Lavale AWS,18.5422,73.7389,13-05-2024 09:55,2024-05-13 09:55:00,2024,5,13,9,134,46.6
Lavale AWS,18.5422,73.7389,13-05-2024 10:00,2024-05-13 10:00:00,2024,5,13,10,134,46.4
Lavale AWS,18.5422,73.7389,13-05-2024 10:05,2024-05-13 10:05:00,2024,5,13,10,134,46.4
Lavale AWS,18.5422,73.7389,13-05-2024 10:10,2024-05-13 10:10:00,2024,5,13,10,134,45.5
Lavale AWS,18.5422,73.7389,13-05-2024 10:15,2024-05-13 10:15:00,2024,5,13,10,134,44.6
Lavale AWS,18.5422,73.7389,13-05-2024 10:20,2024-05-13 10:20:00,2024,5,13,10,134,44.3
Lavale AWS,18.5422,73.7389,13-05-2024 10:25,2024-05-13 10:25:00,2024,5,13,10,134,43.3
Lavale AWS,18.5422,73.7389,13-05-2024 10:30,2024-05-13 10:30:00,2024,5,13,10,134,42.8
Lavale AWS,18.5422,73.7389,13-05-2024 10:35,2024-05-13 10:35:00,2024,5,13,10,134,42.7
Lavale AWS,18.5422,73.7389,13-05-2024 10:40,2024-05-13 10:40:00,2024,5,13,10,134,42.9
Lavale AWS,18.5422,73.7389,13-05-2024 10:45,2024-05-13 10:45:00,2024,5,13,10,134,42.3
Lavale AWS,18.5422,73.7389,13-05-2024 10:50,2024-05-13 10:50:00,2024,5,13,10,134,41.6
Lavale AWS,18.5422,73.7389,13-05-2024 10:55,2024-05-13 10:55:00,2024,5,13,10,134,41.4
Lavale AWS,18.5422,73.7389,13-05-2024 11:00,2024-05-13 11:00:00,2024,5,13,11,134,40.5
Lavale AWS,18.5422,73.7389,13-05-2024 11:05,2024-05-13 11:05:00,2024,5,13,11,134,40.1
Lavale AWS,18.5422,73.7389,13-05-2024 11:10,2024-05-13 11:10:00,2024,5,13,11,134,39.7
Lavale AWS,18.5422,73.7389,13-05-2024 11:15,2024-05-13 11:15:00,2024,5,13,11,134,39.3
Lavale AWS,18.5422,73.7389,13-05-2024 11:20,2024-05-13 11:20:00,2024,5,13,11,134,39.0
Lavale AWS,18.5422,73.7389,13-05-2024 11:25,2024-05-13 11:25:00,2024,5,13,11,134,38.4
Lavale AWS,18.5422,73.7389,13-05-2024 11:30,2024-05-13 11:30:00,2024,5,13,11,134,37.7
Lavale AWS,18.5422,73.7389,13-05-2024 11:35,2024-05-13 11:35:00,2024,5,13,11,134,37.1
Lavale AWS,18.5422,73.7389,13-05-2024 11:40,2024-05-13 11:40:00,2024,5,13,11,134,36.2
Lavale AWS,18.5422,73.7389,13-05-2024 11:45,2024-05-13 11:45:00,2024,5,13,11,134,36.1
Lavale AWS,18.5422,73.7389,13-05-2024 11:50,2024-05-13 11:50:00,2024,5,13,11,134,36.2
Lavale AWS,18.5422,73.7389,13-05-2024 11:55,2024-05-13 11:55:00,2024,5,13,11,134,36.3
Lavale AWS,18.5422,73.7389,13-05-2024 12:00,2024-05-13 12:00:00,2024,5,13,12,134,35.9
Lavale AWS,18.5422,73.7389,13-05-2024 12:05,2024-05-13 12:05:00,2024,5,13,12,134,35.3
Lavale AWS,18.5422,73.7389,13-05-2024 12:10,2024-05-13 12:10:00,2024,5,13,12,134,35.4
Lavale AWS,18.5422,73.7389,13-05-2024 12:15,2024-05-13 12:15:00,2024,5,13,12,134,35.4
Lavale AWS,18.5422,73.7389,13-05-2024 12:20,2024-05-13 12:20:00,2024,5,13,12,134,35.2
Lavale AWS,18.5422,73.7389,13-05-2024 12:25,2024-05-13 12:25:00,2024,5,13,12,134,35.7
Lavale AWS,18.5422,73.7389,13-05-2024 12:30,2024-05-13 12:30:00,2024,5,13,12,134,35.4
Lavale AWS,18.5422,73.7389,13-05-2024 12:35,2024-05-13 12:35:00,2024,5,13,12,134,35.1
Lavale AWS,18.5422,73.7389,13-05-2024 12:40,2024-05-13 12:40:00,2024,5,13,12,134,34.7
Lavale AWS,18.5422,73.7389,13-05-2024 12:45,2024-05-13 12:45:00,2024,5,13,12,134,33.8
Lavale AWS,18.5422,73.7389,13-05-2024 12:50,2024-05-13 12:50:00,2024,5,13,12,134,33.9
Lavale AWS,18.5422,73.7389,13-05-2024 12:55,2024-05-13 12:55:00,2024,5,13,12,134,33.7
Lavale AWS,18.5422,73.7389,13-05-2024 13:00,2024-05-13 13:00:00,2024,5,13,13,134,33.7
Lavale AWS,18.5422,73.7389,13-05-2024 13:05,2024-05-13 13:05:00,2024,5,13,13,134,34.2
Lavale AWS,18.5422,73.7389,13-05-2024 13:10,2024-05-13 13:10:00,2024,5,13,13,134,33.9
Lavale AWS,18.5422,73.7389,13-05-2024 13:15,2024-05-13 13:15:00,2024,5,13,13,134,32.8
Lavale AWS,18.5422,73.7389,13-05-2024 13:20,2024-05-13 13:20:00,2024,5,13,13,134,32.8
Lavale AWS,18.5422,73.7389,13-05-2024 13:25,2024-05-13 13:25:00,2024,5,13,13,134,32.8
Lavale AWS,18.5422,73.7389,13-05-2024 13:30,2024-05-13 13:30:00,2024,5,13,13,134,32.3
Lavale AWS,18.5422,73.7389,13-05-2024 13:35,2024-05-13 13:35:00,2024,5,13,13,134,32.4
Lavale AWS,18.5422,73.7389,13-05-2024 13:40,2024-05-13 13:40:00,2024,5,13,13,134,32.6
Lavale AWS,18.5422,73.7389,13-05-2024 13:45,2024-05-13 13:45:00,2024,5,13,13,134,32.1
Lavale AWS,18.5422,73.7389,13-05-2024 13:50,2024-05-13 13:50:00,2024,5,13,13,134,32.0
Lavale AWS,18.5422,73.7389,13-05-2024 13:55,2024-05-13 13:55:00,2024,5,13,13,134,32.5
Lavale AWS,18.5422,73.7389,13-05-2024 14:00,2024-05-13 14:00:00,2024,5,13,14,134,32.1
Lavale AWS,18.5422,73.7389,13-05-2024 14:05,2024-05-13 14:05:00,2024,5,13,14,134,32.1
Lavale AWS,18.5422,73.7389,13-05-2024 14:10,2024-05-13 14:10:00,2024,5,13,14,134,31.0
Lavale AWS,18.5422,73.7389,13-05-2024 14:15,2024-05-13 14:15:00,2024,5,13,14,134,30.4
Lavale AWS,18.5422,73.7389,13-05-2024 14:20,2024-05-13 14:20:00,2024,5,13,14,134,30.5
Lavale AWS,18.5422,73.7389,13-05-2024 14:25,2024-05-13 14:25:00,2024,5,13,14,134,31.1
Lavale AWS,18.5422,73.7389,13-05-2024 14:30,2024-05-13 14:30:00,2024,5,13,14,134,30.6
Lavale AWS,18.5422,73.7389,13-05-2024 14:35,2024-05-13 14:35:00,2024,5,13,14,134,30.7
Lavale AWS,18.5422,73.7389,13-05-2024 14:40,2024-05-13 14:40:00,2024,5,13,14,134,30.6
Lavale AWS,18.5422,73.7389,13-05-2024 14:45,2024-05-13 14:45:00,2024,5,13,14,134,31.1
Lavale AWS,18.5422,73.7389,13-05-2024 14:50,2024-05-13 14:50:00,2024,5,13,14,134,30.7
Lavale AWS,18.5422,73.7389,13-05-2024 14:55,2024-05-13 14:55:00,2024,5,13,14,134,31.0
Lavale AWS,18.5422,73.7389,13-05-2024 15:00,2024-05-13 15:00:00,2024,5,13,15,134,30.8
Lavale AWS,18.5422,73.7389,13-05-2024 15:05,2024-05-13 15:05:00,2024,5,13,15,134,31.1
Lavale AWS,18.5422,73.7389,13-05-2024 15:10,2024-05-13 15:10:00,2024,5,13,15,134,31.2
Lavale AWS,18.5422,73.7389,13-05-2024 15:15,2024-05-13 15:15:00,2024,5,13,15,134,31.3
Lavale AWS,18.5422,73.7389,13-05-2024 15:20,2024-05-13 15:20:00,2024,5,13,15,134,31.6
Lavale AWS,18.5422,73.7389,13-05-2024 15:25,2024-05-13 15:25:00,2024,5,13,15,134,31.8
Lavale AWS,18.5422,73.7389,13-05-2024 15:30,2024-05-13 15:30:00,2024,5,13,15,134,31.9
Lavale AWS,18.5422,73.7389,13-05-2024 15:35,2024-05-13 15:35:00,2024,5,13,15,134,31.9
Lavale AWS,18.5422,73.7389,13-05-2024 15:40,2024-05-13 15:40:00,2024,5,13,15,134,32.1
Lavale AWS,18.5422,73.7389,13-05-2024 15:45,2024-05-13 15:45:00,2024,5,13,15,134,32.4
Lavale AWS,18.5422,73.7389,13-05-2024 15:50,2024-05-13 15:50:00,2024,5,13,15,134,32.2
Lavale AWS,18.5422,73.7389,13-05-2024 15:55,2024-05-13 15:55:00,2024,5,13,15,134,32.3
Lavale AWS,18.5422,73.7389,13-05-2024 16:00,2024-05-13 16:00:00,2024,5,13,16,134,32.1
Lavale AWS,18.5422,73.7389,13-05-2024 16:05,2024-05-13 16:05:00,2024,5,13,16,134,32.4
Lavale AWS,18.5422,73.7389,13-05-2024 16:10,2024-05-13 16:10:00,2024,5,13,16,134,32.4
Lavale AWS,18.5422,73.7389,13-05-2024 16:15,2024-05-13 16:15:00,2024,5,13,16,134,33.0
Lavale AWS,18.5422,73.7389,13-05-2024 16:20,2024-05-13 16:20:00,2024,5,13,16,134,33.5
Lavale AWS,18.5422,73.7389,13-05-2024 16:25,2024-05-13 16:25:00,2024,5,13,16,134,33.4
Lavale AWS,18.5422,73.7389,13-05-2024 16:30,2024-05-13 16:30:00,2024,5,13,16,134,33.7
Lavale AWS,18.5422,73.7389,13-05-2024 16:35,2024-05-13 16:35:00,2024,5,13,16,134,34.3
Lavale AWS,18.5422,73.7389,13-05-2024 16:40,2024-05-13 16:40:00,2024,5,13,16,134,34.5
Lavale AWS,18.5422,73.7389,13-05-2024 16:45,2024-05-13 16:45:00,2024,5,13,16,134,34.5
Lavale AWS,18.5422,73.7389,13-05-2024 16:50,2024-05-13 16:50:00,2024,5,13,16,134,34.4
Lavale AWS,18.5422,73.7389,13-05-2024 16:55,2024-05-13 16:55:00,2024,5,13,16,134,35.1
Lavale AWS,18.5422,73.7389,13-05-2024 17:00,2024-05-13 17:00:00,2024,5,13,17,134,35.8
Lavale AWS,18.5422,73.7389,13-05-2024 17:05,2024-05-13 17:05:00,2024,5,13,17,134,36.1
Lavale AWS,18.5422,73.7389,13-05-2024 17:10,2024-05-13 17:10:00,2024,5,13,17,134,36.7
Lavale AWS,18.5422,73.7389,13-05-2024 17:15,2024-05-13 17:15:00,2024,5,13,17,134,35.9
Lavale AWS,18.5422,73.7389,13-05-2024 17:20,2024-05-13 17:20:00,2024,5,13,17,134,36.8
Lavale AWS,18.5422,73.7389,13-05-2024 17:25,2024-05-13 17:25:00,2024,5,13,17,134,37.1
Lavale AWS,18.5422,73.7389,13-05-2024 17:30,2024-05-13 17:30:00,2024,5,13,17,134,37.5
Lavale AWS,18.5422,73.7389,13-05-2024 17:35,2024-05-13 17:35:00,2024,5,13,17,134,37.8
Lavale AWS,18.5422,73.7389,13-05-2024 17:40,2024-05-13 17:40:00,2024,5,13,17,134,38.7
Lavale AWS,18.5422,73.7389,13-05-2024 17:45,2024-05-13 17:45:00,2024,5,13,17,134,38.7
Lavale AWS,18.5422,73.7389,13-05-2024 17:50,2024-05-13 17:50:00,2024,5,13,17,134,39.7
Lavale AWS,18.5422,73.7389,13-05-2024 17:55,2024-05-13 17:55:00,2024,5,13,17,134,40.2
Lavale AWS,18.5422,73.7389,13-05-2024 18:00,2024-05-13 18:00:00,2024,5,13,18,134,40.8
Lavale AWS,18.5422,73.7389,13-05-2024 18:05,2024-05-13 18:05:00,2024,5,13,18,134,41.1
Lavale AWS,18.5422,73.7389,13-05-2024 18:10,2024-05-13 18:10:00,2024,5,13,18,134,40.9
Lavale AWS,18.5422,73.7389,13-05-2024 18:15,2024-05-13 18:15:00,2024,5,13,18,134,41.7
Lavale AWS,18.5422,73.7389,13-05-2024 18:20,2024-05-13 18:20:00,2024,5,13,18,134,42.2
Lavale AWS,18.5422,73.7389,13-05-2024 18:25,2024-05-13 18:25:00,2024,5,13,18,134,43.2
Lavale AWS,18.5422,73.7389,13-05-2024 18:30,2024-05-13 18:30:00,2024,5,13,18,134,43.5
Lavale AWS,18.5422,73.7389,13-05-2024 18:35,2024-05-13 18:35:00,2024,5,13,18,134,43.7
Lavale AWS,18.5422,73.7389,13-05-2024 18:40,2024-05-13 18:40:00,2024,5,13,18,134,44.6
Lavale AWS,18.5422,73.7389,13-05-2024 18:45,2024-05-13 18:45:00,2024,5,13,18,134,45.8
Lavale AWS,18.5422,73.7389,13-05-2024 18:50,2024-05-13 18:50:00,2024,5,13,18,134,46.1
Lavale AWS,18.5422,73.7389,13-05-2024 18:55,2024-05-13 18:55:00,2024,5,13,18,134,46.2
Lavale AWS,18.5422,73.7389,13-05-2024 19:00,2024-05-13 19:00:00,2024,5,13,19,134,46.9
Lavale AWS,18.5422,73.7389,13-05-2024 19:05,2024-05-13 19:05:00,2024,5,13,19,134,47.1
Lavale AWS,18.5422,73.7389,13-05-2024 19:10,2024-05-13 19:10:00,2024,5,13,19,134,47.8
Lavale AWS,18.5422,73.7389,13-05-2024 19:15,2024-05-13 19:15:00,2024,5,13,19,134,48.0
Lavale AWS,18.5422,73.7389,13-05-2024 19:20,2024-05-13 19:20:00,2024,5,13,19,134,49.0
Lavale AWS,18.5422,73.7389,13-05-2024 19:25,2024-05-13 19:25:00,2024,5,13,19,134,49.1
Lavale AWS,18.5422,73.7389,13-05-2024 19:30,2024-05-13 19:30:00,2024,5,13,19,134,49.7
Lavale AWS,18.5422,73.7389,13-05-2024 19:35,2024-05-13 19:35:00,2024,5,13,19,134,49.9
Lavale AWS,18.5422,73.7389,13-05-2024 19:40,2024-05-13 19:40:00,2024,5,13,19,134,50.2
Lavale AWS,18.5422,73.7389,13-05-2024 19:45,2024-05-13 19:45:00,2024,5,13,19,134,50.4
Lavale AWS,18.5422,73.7389,13-05-2024 19:50,2024-05-13 19:50:00,2024,5,13,19,134,51.1
Lavale AWS,18.5422,73.7389,13-05-2024 19:55,2024-05-13 19:55:00,2024,5,13,19,134,51.9
Lavale AWS,18.5422,73.7389,13-05-2024 20:00,2024-05-13 20:00:00,2024,5,13,20,134,52.5
Lavale AWS,18.5422,73.7389,13-05-2024 20:05,2024-05-13 20:05:00,2024,5,13,20,134,52.9
Lavale AWS,18.5422,73.7389,13-05-2024 20:10,2024-05-13 20:10:00,2024,5,13,20,134,53.3
Lavale AWS,18.5422,73.7389,13-05-2024 20:15,2024-05-13 20:15:00,2024,5,13,20,134,54.1
Lavale AWS,18.5422,73.7389,13-05-2024 20:20,2024-05-13 20:20:00,2024,5,13,20,134,54.8
Lavale AWS,18.5422,73.7389,13-05-2024 20:25,2024-05-13 20:25:00,2024,5,13,20,134,54.1
Lavale AWS,18.5422,73.7389,13-05-2024 20:30,2024-05-13 20:30:00,2024,5,13,20,134,54.5
Lavale AWS,18.5422,73.7389,13-05-2024 20:35,2024-05-13 20:35:00,2024,5,13,20,134,54.8
Lavale AWS,18.5422,73.7389,13-05-2024 20:40,2024-05-13 20:40:00,2024,5,13,20,134,55.5
Lavale AWS,18.5422,73.7389,13-05-2024 20:45,2024-05-13 20:45:00,2024,5,13,20,134,55.9
Lavale AWS,18.5422,73.7389,13-05-2024 20:50,2024-05-13 20:50:00,2024,5,13,20,134,56.6
Lavale AWS,18.5422,73.7389,13-05-2024 20:55,2024-05-13 20:55:00,2024,5,13,20,134,56.6
Lavale AWS,18.5422,73.7389,13-05-2024 21:00,2024-05-13 21:00:00,2024,5,13,21,134,57.2
Lavale AWS,18.5422,73.7389,13-05-2024 21:05,2024-05-13 21:05:00,2024,5,13,21,134,58.0
Lavale AWS,18.5422,73.7389,13-05-2024 21:10,2024-05-13 21:10:00,2024,5,13,21,134,57.8
Lavale AWS,18.5422,73.7389,13-05-2024 21:15,2024-05-13 21:15:00,2024,5,13,21,134,59.3
Lavale AWS,18.5422,73.7389,13-05-2024 21:20,2024-05-13 21:20:00,2024,5,13,21,134,60.1
Lavale AWS,18.5422,73.7389,13-05-2024 21:25,2024-05-13 21:25:00,2024,5,13,21,134,60.5
Lavale AWS,18.5422,73.7389,13-05-2024 21:30,2024-05-13 21:30:00,2024,5,13,21,134,60.5
Lavale AWS,18.5422,73.7389,13-05-2024 21:35,2024-05-13 21:35:00,2024,5,13,21,134,60.9
Lavale AWS,18.5422,73.7389,13-05-2024 21:40,2024-05-13 21:40:00,2024,5,13,21,134,61.3
Lavale AWS,18.5422,73.7389,13-05-2024 21:45,2024-05-13 21:45:00,2024,5,13,21,134,61.9
Lavale AWS,18.5422,73.7389,13-05-2024 21:50,2024-05-13 21:50:00,2024,5,13,21,134,62.9
Lavale AWS,18.5422,73.7389,13-05-2024 21:55,2024-05-13 21:55:00,2024,5,13,21,134,63.0
Lavale AWS,18.5422,73.7389,13-05-2024 22:00,2024-05-13 22:00:00,2024,5,13,22,134,63.6
Lavale AWS,18.5422,73.7389,13-05-2024 22:05,2024-05-13 22:05:00,2024,5,13,22,134,63.4
Lavale AWS,18.5422,73.7389,13-05-2024 22:10,2024-05-13 22:10:00,2024,5,13,22,134,63.7
Lavale AWS,18.5422,73.7389,13-05-2024 22:15,2024-05-13 22:15:00,2024,5,13,22,134,64.2
Lavale AWS,18.5422,73.7389,13-05-2024 22:20,2024-05-13 22:20:00,2024,5,13,22,134,64.8
Lavale AWS,18.5422,73.7389,13-05-2024 22:25,2024-05-13 22:25:00,2024,5,13,22,134,64.9
Lavale AWS,18.5422,73.7389,13-05-2024 22:30,2024-05-13 22:30:00,2024,5,13,22,134,65.1
Lavale AWS,18.5422,73.7389,13-05-2024 22:35,2024-05-13 22:35:00,2024,5,13,22,134,66.1
Lavale AWS,18.5422,73.7389,13-05-2024 22:40,2024-05-13 22:40:00,2024,5,13,22,134,66.9
Lavale AWS,18.5422,73.7389,13-05-2024 22:45,2024-05-13 22:45:00,2024,5,13,22,134,67.3
Lavale AWS,18.5422,73.7389,13-05-2024 22:50,2024-05-13 22:50:00,2024,5,13,22,134,66.7
Lavale AWS,18.5422,73.7389,13-05-2024 22:55,2024-05-13 22:55:00,2024,5,13,22,134,68.0
Lavale AWS,18.5422,73.7389,13-05-2024 23:00,2024-05-13 23:00:00,2024,5,13,23,134,68.3
Lavale AWS,18.5422,73.7389,13-05-2024 23:05,2024-05-13 23:05:00,2024,5,13,23,134,68.5
Lavale AWS,18.5422,73.7389,13-05-2024 23:10,2024-05-13 23:10:00,2024,5,13,23,134,68.6
Lavale AWS,18.5422,73.7389,13-05-2024 23:15,2024-05-13 23:15:00,2024,5,13,23,134,69.0
Lavale AWS,18.5422,73.7389,13-05-2024 23:20,2024-05-13 23:20:00,2024,5,13,23,134,69.5
Lavale AWS,18.5422,73.7389,13-05-2024 23:25,2024-05-13 23:25:00,2024,5,13,23,134,70.1
Lavale AWS,18.5422,73.7389,13-05-2024 23:30,2024-05-13 23:30:00,2024,5,13,23,134,70.0
Lavale AWS,18.5422,73.7389,13-05-2024 23:35,2024-05-13 23:35:00,2024,5,13,23,134,70.2
Lavale AWS,18.5422,73.7389,13-05-2024 23:40,2024-05-13 23:40:00,2024,5,13,23,134,71.3
Lavale AWS,18.5422,73.7389,13-05-2024 23:45,2024-05-13 23:45:00,2024,5,13,23,134,71.6
Lavale AWS,18.5422,73.7389,13-05-2024 23:50,2024-05-13 23:50:00,2024,5,13,23,134,71.7
Lavale AWS,18.5422,73.7389,13-05-2024 23:55,2024-05-13 23:55:00,2024,5,13,23,134,71.6
Lavale AWS,18.5422,73.7389,14-05-2024 00:00,2024-05-14 00:00:00,2024,5,14,0,135,72.0
Lavale AWS,18.5422,73.7389,14-05-2024 00:05,2024-05-14 00:05:00,2024,5,14,0,135,72.6
Lavale AWS,18.5422,73.7389,14-05-2024 00:10,2024-05-14 00:10:00,2024,5,14,0,135,73.2
Lavale AWS,18.5422,73.7389,14-05-2024 00:15,2024-05-14 00:15:00,2024,5,14,0,135,73.2
Lavale AWS,18.5422,73.7389,14-05-2024 00:20,2024-05-14 00:20:00,2024,5,14,0,135,73.5
Lavale AWS,18.5422,73.7389,14-05-2024 00:25,2024-05-14 00:25:00,2024,5,14,0,135,74.4
Lavale AWS,18.5422,73.7389,14-05-2024 00:30,2024-05-14 00:30:00,2024,5,14,0,135,74.9
Lavale AWS,18.5422,73.7389,14-05-2024 00:35,2024-05-14 00:35:00,2024,5,14,0,135,74.7
Lavale AWS,18.5422,73.7389,14-05-2024 00:40,2024-05-14 00:40:00,2024,5,14,0,135,73.8
Lavale AWS,18.5422,73.7389,14-05-2024 00:45,2024-05-14 00:45:00,2024,5,14,0,135,74.1
Lavale AWS,18.5422,73.7389,14-05-2024 00:50,2024-05-14 00:50:00,2024,5,14,0,135,74.5
Lavale AWS,18.5422,73.7389,14-05-2024 00:55,2024-05-14 00:55:00,2024,5,14,0,135,74.2
Lavale AWS,18.5422,73.7389,14-05-2024 01:00,2024-05-14 01:00:00,2024,5,14,1,135,74.3
Lavale AWS,18.5422,73.7389,14-05-2024 01:05,2024-05-14 01:05:00,2024,5,14,1,135,74.4
Lavale AWS,18.5422,73.7389,14-05-2024 01:10,2024-05-14 01:10:00,2024,5,14,1,135,74.5
Lavale AWS,18.5422,73.7389,14-05-2024 01:15,2024-05-14 01:15:00,2024,5,14,1,135,74.4
Lavale AWS,18.5422,73.7389,14-05-2024 01:20,2024-05-14 01:20:00,2024,5,14,1,135,75.0
Lavale AWS,18.5422,73.7389,14-05-2024 01:25,2024-05-14 01:25:00,2024,5,14,1,135,75.2
Lavale AWS,18.5422,73.7389,14-05-2024 01:30,2024-05-14 01:30:00,2024,5,14,1,135,74.9
Lavale AWS,18.5422,73.7389,14-05-2024 01:35,2024-05-14 01:35:00,2024,5,14,1,135,75.3
Lavale AWS,18.5422,73.7389,14-05-2024 01:40,2024-05-14 01:40:00,2024,5,14,1,135,74.9
Lavale AWS,18.5422,73.7389,14-05-2024 01:45,2024-05-14 01:45:00,2024,5,14,1,135,75.5
Lavale AWS,18.5422,73.7389,14-05-2024 01:50,2024-05-14 01:50:00,2024,5,14,1,135,75.9
Lavale AWS,18.5422,73.7389,14-05-2024 01:55,2024-05-14 01:55:00,2024,5,14,1,135,76.5
Lavale AWS,18.5422,73.7389,14-05-2024 02:00,2024-05-14 02:00:00,2024,5,14,2,135,76.4
Lavale AWS,18.5422,73.7389,14-05-2024 02:05,2024-05-14 02:05:00,2024,5,14,2,135,76.1
Lavale AWS,18.5422,73.7389,14-05-2024 02:10,2024-05-14 02:10:00,2024,5,14,2,135,76.1
Lavale AWS,18.5422,73.7389,14-05-2024 02:15,2024-05-14 02:15:00,2024,5,14,2,135,76.1
Lavale AWS,18.5422,73.7389,14-05-2024 02:20,2024-05-14 02:20:00,2024,5,14,2,135,75.8
Lavale AWS,18.5422,73.7389,14-05-2024 02:25,2024-05-14 02:25:00,2024,5,14,2,135,75.5
Lavale AWS,18.5422,73.7389,14-05-2024 02:30,2024-05-14 02:30:00,2024,5,14,2,135,75.3
Lavale AWS,18.5422,73.7389,14-05-2024 02:35,2024-05-14 02:35:00,2024,5,14,2,135,74.8
Lavale AWS,18.5422,73.7389,14-05-2024 02:40,2024-05-14 02:40:00,2024,5,14,2,135,75.1
Lavale AWS,18.5422,73.7389,14-05-2024 02:45,2024-05-14 02:45:00,2024,5,14,2,135,75.0
Lavale AWS,18.5422,73.7389,14-05-2024 02:50,2024-05-14 02:50:00,2024,5,14,2,135,74.8
Lavale AWS,18.5422,73.7389,14-05-2024 02:55,2024-05-14 02:55:00,2024,5,14,2,135,74.3
Lavale AWS,18.5422,73.7389,14-05-2024 03:00,2024-05-14 03:00:00,2024,5,14,3,135,73.8
Lavale AWS,18.5422,73.7389,14-05-2024 03:05,2024-05-14 03:05:00,2024,5,14,3,135,74.5
Lavale AWS,18.5422,73.7389,14-05-2024 03:10,2024-05-14 03:10:00,2024,5,14,3,135,74.2
Lavale AWS,18.5422,73.7389,14-05-2024 03:15,2024-05-14 03:15:00,2024,5,14,3,135,74.4
Lavale AWS,18.5422,73.7389,14-05-2024 03:20,2024-05-14 03:20:00,2024,5,14,3,135,74.3
Lavale AWS,18.5422,73.7389,14-05-2024 03:25,2024-05-14 03:25:00,2024,5,14,3,135,73.1
Lavale AWS,18.5422,73.7389,14-05-2024 03:30,2024-05-14 03:30:00,2024,5,14,3,135,73.7
Lavale AWS,18.5422,73.7389,14-05-2024 03:35,2024-05-14 03:35:00,2024,5,14,3,135,73.9
Lavale AWS,18.5422,73.7389,14-05-2024 03:40,2024-05-14 03:40:00,2024,5,14,3,135,73.4
Lavale AWS,18.5422,73.7389,14-05-2024 03:45,2024-05-14 03:45:00,2024,5,14,3,135,73.2
Lavale AWS,18.5422,73.7389,14-05-2024 03:50,2024-05-14 03:50:00,2024,5,14,3,135,72.6
Lavale AWS,18.5422,73.7389,14-05-2024 03:55,2024-05-14 03:55:00,2024,5,14,3,135,73.2
Lavale AWS,18.5422,73.7389,14-05-2024 04:00,2024-05-14 04:00:00,2024,5,14,4,135,72.6
Lavale AWS,18.5422,73.7389,14-05-2024 04:05,2024-05-14 04:05:00,2024,5,14,4,135,72.3
Lavale AWS,18.5422,73.7389,14-05-2024 04:10,2024-05-14 04:10:00,2024,5,14,4,135,71.8
Lavale AWS,18.5422,73.7389,14-05-2024 04:15,2024-05-14 04:15:00,2024,5,14,4,135,71.6
Lavale AWS,18.5422,73.7389,14-05-2024 04:20,2024-05-14 04:20:00,2024,5,14,4,135,72.0
Lavale AWS,18.5422,73.7389,14-05-2024 04:25,2024-05-14 04:25:00,2024,5,14,4,135,72.5
Lavale AWS,18.5422,73.7389,14-05-2024 04:30,2024-05-14 04:30:00,2024,5,14,4,135,72.0
Lavale AWS,18.5422,73.7389,14-05-2024 04:35,2024-05-14 04:35:00,2024,5,14,4,135,71.9
Lavale AWS,18.5422,73.7389,14-05-2024 04:40,2024-05-14 04:40:00,2024,5,14,4,135,71.6
Lavale AWS,18.5422,73.7389,14-05-2024 04:45,2024-05-14 04:45:00,2024,5,14,4,135,70.9
Lavale AWS,18.5422,73.7389,14-05-2024 04:50,2024-05-14 04:50:00,2024,5,14,4,135,71.6
Lavale AWS,18.5422,73.7389,14-05-2024 04:55,2024-05-14 04:55:00,2024,5,14,4,135,71.8
Lavale AWS,18.5422,73.7389,14-05-2024 05:00,2024-05-14 05:00:00,2024,5,14,5,135,71.5
Lavale AWS,18.5422,73.7389,14-05-2024 05:05,2024-05-14 05:05:00,2024,5,14,5,135,71.7
Lavale AWS,18.5422,73.7389,14-05-2024 05:10,2024-05-14 05:10:00,2024,5,14,5,135,71.8
Lavale AWS,18.5422,73.7389,14-05-2024 05:15,2024-05-14 05:15:00,2024,5,14,5,135,71.4
Lavale AWS,18.5422,73.7389,14-05-2024 05:20,2024-05-14 05:20:00,2024,5,14,5,135,71.1
Lavale AWS,18.5422,73.7389,14-05-2024 05:25,2024-05-14 05:25:00,2024,5,14,5,135,71.2
Lavale AWS,18.5422,73.7389,14-05-2024 05:30,2024-05-14 05:30:00,2024,5,14,5,135,70.3
Lavale AWS,18.5422,73.7389,14-05-2024 05:35,2024-05-14 05:35:00,2024,5,14,5,135,70.5
Lavale AWS,18.5422,73.7389,14-05-2024 05:40,2024-05-14 05:40:00,2024,5,14,5,135,69.9
Lavale AWS,18.5422,73.7389,14-05-2024 05:45,2024-05-14 05:45:00,2024,5,14,5,135,70.0
Lavale AWS,18.5422,73.7389,14-05-2024 05:50,2024-05-14 05:50:00,2024,5,14,5,135,69.5
Lavale AWS,18.5422,73.7389,14-05-2024 05:55,2024-05-14 05:55:00,2024,5,14,5,135,69.1
Lavale AWS,18.5422,73.7389,14-05-2024 06:00,2024-05-14 06:00:00,2024,5,14,6,135,68.5
Lavale AWS,18.5422,73.7389,14-05-2024 06:05,2024-05-14 06:05:00,2024,5,14,6,135,67.8
Lavale AWS,18.5422,73.7389,14-05-2024 06:10,2024-05-14 06:10:00,2024,5,14,6,135,67.1
Lavale AWS,18.5422,73.7389,14-05-2024 06:15,2024-05-14 06:15:00,2024,5,14,6,135,67.1
Lavale AWS,18.5422,73.7389,14-05-2024 06:20,2024-05-14 06:20:00,2024,5,14,6,135,65.7
Lavale AWS,18.5422,73.7389,14-05-2024 06:25,2024-05-14 06:25:00,2024,5,14,6,135,64.7
Lavale AWS,18.5422,73.7389,14-05-2024 06:30,2024-05-14 06:30:00,2024,5,14,6,135,63.9
Lavale AWS,18.5422,73.7389,14-05-2024 06:35,2024-05-14 06:35:00,2024,5,14,6,135,63.0
Lavale AWS,18.5422,73.7389,14-05-2024 06:40,2024-05-14 06:40:00,2024,5,14,6,135,63.1
Lavale AWS,18.5422,73.7389,14-05-2024 06:45,2024-05-14 06:45:00,2024,5,14,6,135,63.2
Lavale AWS,18.5422,73.7389,14-05-2024 06:50,2024-05-14 06:50:00,2024,5,14,6,135,62.9
Lavale AWS,18.5422,73.7389,14-05-2024 06:55,2024-05-14 06:55:00,2024,5,14,6,135,62.1
Lavale AWS,18.5422,73.7389,14-05-2024 07:00,2024-05-14 07:00:00,2024,5,14,7,135,62.1
Lavale AWS,18.5422,73.7389,14-05-2024 07:05,2024-05-14 07:05:00,2024,5,14,7,135,60.9
Lavale AWS,18.5422,73.7389,14-05-2024 07:10,2024-05-14 07:10:00,2024,5,14,7,135,61.3
Lavale AWS,18.5422,73.7389,14-05-2024 07:15,2024-05-14 07:15:00,2024,5,14,7,135,60.5
Lavale AWS,18.5422,73.7389,14-05-2024 07:20,2024-05-14 07:20:00,2024,5,14,7,135,59.8
Lavale AWS,18.5422,73.7389,14-05-2024 07:25,2024-05-14 07:25:00,2024,5,14,7,135,59.1
Lavale AWS,18.5422,73.7389,14-05-2024 07:30,2024-05-14 07:30:00,2024,5,14,7,135,58.2
Lavale AWS,18.5422,73.7389,14-05-2024 07:35,2024-05-14 07:35:00,2024,5,14,7,135,58.4
Lavale AWS,18.5422,73.7389,14-05-2024 07:40,2024-05-14 07:40:00,2024,5,14,7,135,58.2
Lavale AWS,18.5422,73.7389,14-05-2024 07:45,2024-05-14 07:45:00,2024,5,14,7,135,58.1
Lavale AWS,18.5422,73.7389,14-05-2024 07:50,2024-05-14 07:50:00,2024,5,14,7,135,57.0
Lavale AWS,18.5422,73.7389,14-05-2024 07:55,2024-05-14 07:55:00,2024,5,14,7,135,56.6
Lavale AWS,18.5422,73.7389,14-05-2024 08:00,2024-05-14 08:00:00,2024,5,14,8,135,56.2
Lavale AWS,18.5422,73.7389,14-05-2024 08:05,2024-05-14 08:05:00,2024,5,14,8,135,55.7
Lavale AWS,18.5422,73.7389,14-05-2024 08:10,2024-05-14 08:10:00,2024,5,14,8,135,54.7
Lavale AWS,18.5422,73.7389,14-05-2024 08:15,2024-05-14 08:15:00,2024,5,14,8,135,54.6
Lavale AWS,18.5422,73.7389,14-05-2024 08:20,2024-05-14 08:20:00,2024,5,14,8,135,54.1
Lavale AWS,18.5422,73.7389,14-05-2024 08:25,2024-05-14 08:25:00,2024,5,14,8,135,53.1
Lavale AWS,18.5422,73.7389,14-05-2024 08:30,2024-05-14 08:30:00,2024,5,14,8,135,51.9
Lavale AWS,18.5422,73.7389,14-05-2024 08:35,2024-05-14 08:35:00,2024,5,14,8,135,51.6
Lavale AWS,18.5422,73.7389,14-05-2024 08:40,2024-05-14 08:40:00,2024,5,14,8,135,52.1
Lavale AWS,18.5422,73.7389,14-05-2024 08:45,2024-05-14 08:45:00,2024,5,14,8,135,51.1
Lavale AWS,18.5422,73.7389,14-05-2024 08:50,2024-05-14 08:50:00,2024,5,14,8,135,50.6
Lavale AWS,18.5422,73.7389,14-05-2024 08:55,2024-05-14 08:55:00,2024,5,14,8,135,50.5
Lavale AWS,18.5422,73.7389,14-05-2024 09:00,2024-05-14 09:00:00,2024,5,14,9,135,49.5
Lavale AWS,18.5422,73.7389,14-05-2024 09:05,2024-05-14 09:05:00,2024,5,14,9,135,48.7
Lavale AWS,18.5422,73.7389,14-05-2024 09:10,2024-05-14 09:10:00,2024,5,14,9,135,47.9
Lavale AWS,18.5422,73.7389,14-05-2024 09:15,2024-05-14 09:15:00,2024,5,14,9,135,47.8
Lavale AWS,18.5422,73.7389,14-05-2024 09:20,2024-05-14 09:20:00,2024,5,14,9,135,47.8
Lavale AWS,18.5422,73.7389,14-05-2024 09:25,2024-05-14 09:25:00,2024,5,14,9,135,47.3
Lavale AWS,18.5422,73.7389,14-05-2024 09:30,2024-05-14 09:30:00,2024,5,14,9,135,46.5
Lavale AWS,18.5422,73.7389,14-05-2024 09:35,2024-05-14 09:35:00,2024,5,14,9,135,45.8
Lavale AWS,18.5422,73.7389,14-05-2024 09:40,2024-05-14 09:40:00,2024,5,14,9,135,45.0
Lavale AWS,18.5422,73.7389,14-05-2024 09:45,2024-05-14 09:45:00,2024,5,14,9,135,44.2
Lavale AWS,18.5422,73.7389,14-05-2024 09:50,2024-05-14 09:50:00,2024,5,14,9,135,43.7
Lavale AWS,18.5422,73.7389,14-05-2024 09:55,2024-05-14 09:55:00,2024,5,14,9,135,43.4
Lavale AWS,18.5422,73.7389,14-05-2024 10:00,2024-05-14 10:00:00,2024,5,14,10,135,43.2
Lavale AWS,18.5422,73.7389,14-05-2024 10:05,2024-05-14 10:05:00,2024,5,14,10,135,42.7
Lavale AWS,18.5422,73.7389,14-05-2024 10:10,2024-05-14 10:10:00,2024,5,14,10,135,42.3
Lavale AWS,18.5422,73.7389,14-05-2024 10:15,2024-05-14 10:15:00,2024,5,14,10,135,41.8
Lavale AWS,18.5422,73.7389,14-05-2024 10:20,2024-05-14 10:20:00,2024,5,14,10,135,40.8
Lavale AWS,18.5422,73.7389,14-05-2024 10:25,2024-05-14 10:25:00,2024,5,14,10,135,40.4
Lavale AWS,18.5422,73.7389,14-05-2024 10:30,2024-05-14 10:30:00,2024,5,14,10,135,39.8
Lavale AWS,18.5422,73.7389,14-05-2024 10:35,2024-05-14 10:35:00,2024,5,14,10,135,38.8
Lavale AWS,18.5422,73.7389,14-05-2024 10:40,2024-05-14 10:40:00,2024,5,14,10,135,38.6
Lavale AWS,18.5422,73.7389,14-05-2024 10:45,2024-05-14 10:45:00,2024,5,14,10,135,38.0
Lavale AWS,18.5422,73.7389,14-05-2024 10:50,2024-05-14 10:50:00,2024,5,14,10,135,37.7
Lavale AWS,18.5422,73.7389,14-05-2024 10:55,2024-05-14 10:55:00,2024,5,14,10,135,37.7
Lavale AWS,18.5422,73.7389,14-05-2024 11:00,2024-05-14 11:00:00,2024,5,14,11,135,36.9
Lavale AWS,18.5422,73.7389,14-05-2024 11:05,2024-05-14 11:05:00,2024,5,14,11,135,36.6
Lavale AWS,18.5422,73.7389,14-05-2024 11:10,2024-05-14 11:10:00,2024,5,14,11,135,35.6
Lavale AWS,18.5422,73.7389,14-05-2024 11:15,2024-05-14 11:15:00,2024,5,14,11,135,35.9
Lavale AWS,18.5422,73.7389,14-05-2024 11:20,2024-05-14 11:20:00,2024,5,14,11,135,35.0
Lavale AWS,18.5422,73.7389,14-05-2024 11:25,2024-05-14 11:25:00,2024,5,14,11,135,34.5
Lavale AWS,18.5422,73.7389,14-05-2024 11:30,2024-05-14 11:30:00,2024,5,14,11,135,34.7
Lavale AWS,18.5422,73.7389,14-05-2024 11:35,2024-05-14 11:35:00,2024,5,14,11,135,34.3
Lavale AWS,18.5422,73.7389,14-05-2024 11:40,2024-05-14 11:40:00,2024,5,14,11,135,33.5
Lavale AWS,18.5422,73.7389,14-05-2024 11:45,2024-05-14 11:45:00,2024,5,14,11,135,33.5
Lavale AWS,18.5422,73.7389,14-05-2024 11:50,2024-05-14 11:50:00,2024,5,14,11,135,33.5
Lavale AWS,18.5422,73.7389,14-05-2024 11:55,2024-05-14 11:55:00,2024,5,14,11,135,33.0
Lavale AWS,18.5422,73.7389,14-05-2024 12:00,2024-05-14 12:00:00,2024,5,14,12,135,32.5
Lavale AWS,18.5422,73.7389,14-05-2024 12:05,2024-05-14 12:05:00,2024,5,14,12,135,32.1
Lavale AWS,18.5422,73.7389,14-05-2024 12:10,2024-05-14 12:10:00,2024,5,14,12,135,31.8
Lavale AWS,18.5422,73.7389,14-05-2024 12:15,2024-05-14 12:15:00,2024,5,14,12,135,30.8
Lavale AWS,18.5422,73.7389,14-05-2024 12:20,2024-05-14 12:20:00,2024,5,14,12,135,30.5
Lavale AWS,18.5422,73.7389,14-05-2024 12:25,2024-05-14 12:25:00,2024,5,14,12,135,31.0
Lavale AWS,18.5422,73.7389,14-05-2024 12:30,2024-05-14 12:30:00,2024,5,14,12,135,30.5
Lavale AWS,18.5422,73.7389,14-05-2024 12:35,2024-05-14 12:35:00,2024,5,14,12,135,30.1
Lavale AWS,18.5422,73.7389,14-05-2024 12:40,2024-05-14 12:40:00,2024,5,14,12,135,29.4
Lavale AWS,18.5422,73.7389,14-05-2024 12:45,2024-05-14 12:45:00,2024,5,14,12,135,29.5
Lavale AWS,18.5422,73.7389,14-05-2024 12:50,2024-05-14 12:50:00,2024,5,14,12,135,29.9
Lavale AWS,18.5422,73.7389,14-05-2024 12:55,2024-05-14 12:55:00,2024,5,14,12,135,30.2
Lavale AWS,18.5422,73.7389,14-05-2024 13:00,2024-05-14 13:00:00,2024,5,14,13,135,29.5
Lavale AWS,18.5422,73.7389,14-05-2024 13:05,2024-05-14 13:05:00,2024,5,14,13,135,29.5
Lavale AWS,18.5422,73.7389,14-05-2024 13:10,2024-05-14 13:10:00,2024,5,14,13,135,30.0
Lavale AWS,18.5422,73.7389,14-05-2024 13:15,2024-05-14 13:15:00,2024,5,14,13,135,30.0
Lavale AWS,18.5422,73.7389,14-05-2024 13:20,2024-05-14 13:20:00,2024,5,14,13,135,30.0
Lavale AWS,18.5422,73.7389,14-05-2024 13:25,2024-05-14 13:25:00,2024,5,14,13,135,29.6
Lavale AWS,18.5422,73.7389,14-05-2024 13:30,2024-05-14 13:30:00,2024,5,14,13,135,29.6
Lavale AWS,18.5422,73.7389,14-05-2024 13:35,2024-05-14 13:35:00,2024,5,14,13,135,29.9
Lavale AWS,18.5422,73.7389,14-05-2024 13:40,2024-05-14 13:40:00,2024,5,14,13,135,29.9
Lavale AWS,18.5422,73.7389,14-05-2024 13:45,2024-05-14 13:45:00,2024,5,14,13,135,29.2
Lavale AWS,18.5422,73.7389,14-05-2024 13:50,2024-05-14 13:50:00,2024,5,14,13,135,28.9
Lavale AWS,18.5422,73.7389,14-05-2024 13:55,2024-05-14 13:55:00,2024,5,14,13,135,29.3
Lavale AWS,18.5422,73.7389,14-05-2024 14:00,2024-05-14 14:00:00,2024,5,14,14,135,29.3
Lavale AWS,18.5422,73.7389,14-05-2024 14:05,2024-05-14 14:05:00,2024,5,14,14,135,29.3
Lavale AWS,18.5422,73.7389,14-05-2024 14:10,2024-05-14 14:10:00,2024,5,14,14,135,29.0
Lavale AWS,18.5422,73.7389,14-05-2024 14:15,2024-05-14 14:15:00,2024,5,14,14,135,29.4
Lavale AWS,18.5422,73.7389,14-05-2024 14:20,2024-05-14 14:20:00,2024,5,14,14,135,30.0
Lavale AWS,18.5422,73.7389,14-05-2024 14:25,2024-05-14 14:25:00,2024,5,14,14,135,30.4
Lavale AWS,18.5422,73.7389,14-05-2024 14:30,2024-05-14 14:30:00,2024,5,14,14,135,30.8
Lavale AWS,18.5422,73.7389,14-05-2024 14:35,2024-05-14 14:35:00,2024,5,14,14,135,30.5
Lavale AWS,18.5422,73.7389,14-05-2024 14:40,2024-05-14 14:40:00,2024,5,14,14,135,30.2
Lavale AWS,18.5422,73.7389,14-05-2024 14:45,2024-05-14 14:45:00,2024,5,14,14,135,30.1
Lavale AWS,18.5422,73.7389,14-05-2024 14:50,2024-05-14 14:50:00,2024,5,14,14,135,30.0
Lavale AWS,18.5422,73.7389,14-05-2024 14:55,2024-05-14 14:55:00,2024,5,14,14,135,30.6
Lavale AWS,18.5422,73.7389,14-05-2024 15:00,2024-05-14 15:00:00,2024,5,14,15,135,31.0
Lavale AWS,18.5422,73.7389,14-05-2024 15:05,2024-05-14 15:05:00,2024,5,14,15,135,31.1
Lavale AWS,18.5422,73.7389,14-05-2024 15:10,2024-05-14 15:10:00,2024,5,14,15,135,30.5
Lavale AWS,18.5422,73.7389,14-05-2024 15:15,2024-05-14 15:15:00,2024,5,14,15,135,29.8
Lavale AWS,18.5422,73.7389,14-05-2024 15:20,2024-05-14 15:20:00,2024,5,14,15,135,29.9
Lavale AWS,18.5422,73.7389,14-05-2024 15:25,2024-05-14 15:25:00,2024,5,14,15,135,30.3
Lavale AWS,18.5422,73.7389,14-05-2024 15:30,2024-05-14 15:30:00,2024,5,14,15,135,30.3
Lavale AWS,18.5422,73.7389,14-05-2024 15:35,2024-05-14 15:35:00,2024,5,14,15,135,31.1
Lavale AWS,18.5422,73.7389,14-05-2024 15:40,2024-05-14 15:40:00,2024,5,14,15,135,30.7
Lavale AWS,18.5422,73.7389,14-05-2024 15:45,2024-05-14 15:45:00,2024,5,14,15,135,30.3
Lavale AWS,18.5422,73.7389,14-05-2024 15:50,2024-05-14 15:50:00,2024,5,14,15,135,30.1
Lavale AWS,18.5422,73.7389,14-05-2024 15:55,2024-05-14 15:55:00,2024,5,14,15,135,29.9
Lavale AWS,18.5422,73.7389,14-05-2024 16:00,2024-05-14 16:00:00,2024,5,14,16,135,30.3
Lavale AWS,18.5422,73.7389,14-05-2024 16:05,2024-05-14 16:05:00,2024,5,14,16,135,30.3
Lavale AWS,18.5422,73.7389,14-05-2024 16:10,2024-05-14 16:10:00,2024,5,14,16,135,29.8
Lavale AWS,18.5422,73.7389,14-05-2024 16:15,2024-05-14 16:15:00,2024,5,14,16,135,30.4
Lavale AWS,18.5422,73.7389,14-05-2024 16:20,2024-05-14 16:20:00,2024,5,14,16,135,29.9
Lavale AWS,18.5422,73.7389,14-05-2024 16:25,2024-05-14 16:25:00,2024,5,14,16,135,29.7
Lavale AWS,18.5422,73.7389,14-05-2024 16:30,2024-05-14 16:30:00,2024,5,14,16,135,29.3
Lavale AWS,18.5422,73.7389,14-05-2024 16:35,2024-05-14 16:35:00,2024,5,14,16,135,29.7
Lavale AWS,18.5422,73.7389,14-05-2024 16:40,2024-05-14 16:40:00,2024,5,14,16,135,30.1
Lavale AWS,18.5422,73.7389,14-05-2024 16:45,2024-05-14 16:45:00,2024,5,14,16,135,31.2
Lavale AWS,18.5422,73.7389,14-05-2024 16:50,2024-05-14 16:50:00,2024,5,14,16,135,31.8
Lavale AWS,18.5422,73.7389,14-05-2024 16:55,2024-05-14 16:55:00,2024,5,14,16,135,32.6
Lavale AWS,18.5422,73.7389,14-05-2024 17:00,2024-05-14 17:00:00,2024,5,14,17,135,33.0
Lavale AWS,18.5422,73.7389,14-05-2024 17:05,2024-05-14 17:05:00,2024,5,14,17,135,32.9
Lavale AWS,18.5422,73.7389,14-05-2024 17:10,2024-05-14 17:10:00,2024,5,14,17,135,33.2
Lavale AWS,18.5422,73.7389,14-05-2024 17:15,2024-05-14 17:15:00,2024,5,14,17,135,33.7
Lavale AWS,18.5422,73.7389,14-05-2024 17:20,2024-05-14 17:20:00,2024,5,14,17,135,34.3
Lavale AWS,18.5422,73.7389,14-05-2024 17:25,2024-05-14 17:25:00,2024,5,14,17,135,34.4
Lavale AWS,18.5422,73.7389,14-05-2024 17:30,2024-05-14 17:30:00,2024,5,14,17,135,34.9
Lavale AWS,18.5422,73.7389,14-05-2024 17:35,2024-05-14 17:35:00,2024,5,14,17,135,34.8
Lavale AWS,18.5422,73.7389,14-05-2024 17:40,2024-05-14 17:40:00,2024,5,14,17,135,34.7
Lavale AWS,18.5422,73.7389,14-05-2024 17:45,2024-05-14 17:45:00,2024,5,14,17,135,34.6
Lavale AWS,18.5422,73.7389,14-05-2024 17:50,2024-05-14 17:50:00,2024,5,14,17,135,35.0
Lavale AWS,18.5422,73.7389,14-05-2024 17:55,2024-05-14 17:55:00,2024,5,14,17,135,34.9
Lavale AWS,18.5422,73.7389,14-05-2024 18:00,2024-05-14 18:00:00,2024,5,14,18,135,35.1
Lavale AWS,18.5422,73.7389,14-05-2024 18:05,2024-05-14 18:05:00,2024,5,14,18,135,35.9
Lavale AWS,18.5422,73.7389,14-05-2024 18:10,2024-05-14 18:10:00,2024,5,14,18,135,35.9
Lavale AWS,18.5422,73.7389,14-05-2024 18:15,2024-05-14 18:15:00,2024,5,14,18,135,36.2
Lavale AWS,18.5422,73.7389,14-05-2024 18:20,2024-05-14 18:20:00,2024,5,14,18,135,36.6
Lavale AWS,18.5422,73.7389,14-05-2024 18:25,2024-05-14 18:25:00,2024,5,14,18,135,37.2
Lavale AWS,18.5422,73.7389,14-05-2024 18:30,2024-05-14 18:30:00,2024,5,14,18,135,37.4
Lavale AWS,18.5422,73.7389,14-05-2024 18:35,2024-05-14 18:35:00,2024,5,14,18,135,38.2
Lavale AWS,18.5422,73.7389,14-05-2024 18:40,2024-05-14 18:40:00,2024,5,14,18,135,38.9
Lavale AWS,18.5422,73.7389,14-05-2024 18:45,2024-05-14 18:45:00,2024,5,14,18,135,39.8
Lavale AWS,18.5422,73.7389,14-05-2024 18:50,2024-05-14 18:50:00,2024,5,14,18,135,40.2
Lavale AWS,18.5422,73.7389,14-05-2024 18:55,2024-05-14 18:55:00,2024,5,14,18,135,40.4
Lavale AWS,18.5422,73.7389,14-05-2024 19:00,2024-05-14 19:00:00,2024,5,14,19,135,40.6
Lavale AWS,18.5422,73.7389,14-05-2024 19:05,2024-05-14 19:05:00,2024,5,14,19,135,41.1
Lavale AWS,18.5422,73.7389,14-05-2024 19:10,2024-05-14 19:10:00,2024,5,14,19,135,41.4
Lavale AWS,18.5422,73.7389,14-05-2024 19:15,2024-05-14 19:15:00,2024,5,14,19,135,41.7
Lavale AWS,18.5422,73.7389,14-05-2024 19:20,2024-05-14 19:20:00,2024,5,14,19,135,42.0
Lavale AWS,18.5422,73.7389,14-05-2024 19:25,2024-05-14 19:25:00,2024,5,14,19,135,42.2
Lavale AWS,18.5422,73.7389,14-05-2024 19:30,2024-05-14 19:30:00,2024,5,14,19,135,42.8
Lavale AWS,18.5422,73.7389,14-05-2024 19:35,2024-05-14 19:35:00,2024,5,14,19,135,42.7
Lavale AWS,18.5422,73.7389,14-05-2024 19:40,2024-05-14 19:40:00,2024,5,14,19,135,43.3
Lavale AWS,18.5422,73.7389,14-05-2024 19:45,2024-05-14 19:45:00,2024,5,14,19,135,44.1
Lavale AWS,18.5422,73.7389,14-05-2024 19:50,2024-05-14 19:50:00,2024,5,14,19,135,44.4
Lavale AWS,18.5422,73.7389,14-05-2024 19:55,2024-05-14 19:55:00,2024,5,14,19,135,45.7
Lavale AWS,18.5422,73.7389,14-05-2024 20:00,2024-05-14 20:00:00,2024,5,14,20,135,46.2
Lavale AWS,18.5422,73.7389,14-05-2024 20:05,2024-05-14 20:05:00,2024,5,14,20,135,46.0
Lavale AWS,18.5422,73.7389,14-05-2024 20:10,2024-05-14 20:10:00,2024,5,14,20,135,46.4
Lavale AWS,18.5422,73.7389,14-05-2024 20:15,2024-05-14 20:15:00,2024,5,14,20,135,46.9
Lavale AWS,18.5422,73.7389,14-05-2024 20:20,2024-05-14 20:20:00,2024,5,14,20,135,47.6
Lavale AWS,18.5422,73.7389,14-05-2024 20:25,2024-05-14 20:25:00,2024,5,14,20,135,48.0
Lavale AWS,18.5422,73.7389,14-05-2024 20:30,2024-05-14 20:30:00,2024,5,14,20,135,48.1
Lavale AWS,18.5422,73.7389,14-05-2024 20:35,2024-05-14 20:35:00,2024,5,14,20,135,48.2
Lavale AWS,18.5422,73.7389,14-05-2024 20:40,2024-05-14 20:40:00,2024,5,14,20,135,48.5
Lavale AWS,18.5422,73.7389,14-05-2024 20:45,2024-05-14 20:45:00,2024,5,14,20,135,48.8
Lavale AWS,18.5422,73.7389,14-05-2024 20:50,2024-05-14 20:50:00,2024,5,14,20,135,48.9
Lavale AWS,18.5422,73.7389,14-05-2024 20:55,2024-05-14 20:55:00,2024,5,14,20,135,49.2
Lavale AWS,18.5422,73.7389,14-05-2024 21:00,2024-05-14 21:00:00,2024,5,14,21,135,50.0
Lavale AWS,18.5422,73.7389,14-05-2024 21:05,2024-05-14 21:05:00,2024,5,14,21,135,51.2
Lavale AWS,18.5422,73.7389,14-05-2024 21:10,2024-05-14 21:10:00,2024,5,14,21,135,52.1
Lavale AWS,18.5422,73.7389,14-05-2024 21:15,2024-05-14 21:15:00,2024,5,14,21,135,53.1
Lavale AWS,18.5422,73.7389,14-05-2024 21:20,2024-05-14 21:20:00,2024,5,14,21,135,53.9
Lavale AWS,18.5422,73.7389,14-05-2024 21:25,2024-05-14 21:25:00,2024,5,14,21,135,54.7
Lavale AWS,18.5422,73.7389,14-05-2024 21:30,2024-05-14 21:30:00,2024,5,14,21,135,55.0
Lavale AWS,18.5422,73.7389,14-05-2024 21:35,2024-05-14 21:35:00,2024,5,14,21,135,55.5
Lavale AWS,18.5422,73.7389,14-05-2024 21:40,2024-05-14 21:40:00,2024,5,14,21,135,55.8
Lavale AWS,18.5422,73.7389,14-05-2024 21:45,2024-05-14 21:45:00,2024,5,14,21,135,56.1
Lavale AWS,18.5422,73.7389,14-05-2024 21:50,2024-05-14 21:50:00,2024,5,14,21,135,56.6
Lavale AWS,18.5422,73.7389,14-05-2024 21:55,2024-05-14 21:55:00,2024,5,14,21,135,57.3
Lavale AWS,18.5422,73.7389,14-05-2024 22:00,2024-05-14 22:00:00,2024,5,14,22,135,57.9
Lavale AWS,18.5422,73.7389,14-05-2024 22:05,2024-05-14 22:05:00,2024,5,14,22,135,58.2
Lavale AWS,18.5422,73.7389,14-05-2024 22:10,2024-05-14 22:10:00,2024,5,14,22,135,58.6
Lavale AWS,18.5422,73.7389,14-05-2024 22:15,2024-05-14 22:15:00,2024,5,14,22,135,59.2
Lavale AWS,18.5422,73.7389,14-05-2024 22:20,2024-05-14 22:20:00,2024,5,14,22,135,59.9
Lavale AWS,18.5422,73.7389,14-05-2024 22:25,2024-05-14 22:25:00,2024,5,14,22,135,59.6
Lavale AWS,18.5422,73.7389,14-05-2024 22:30,2024-05-14 22:30:00,2024,5,14,22,135,59.6
Lavale AWS,18.5422,73.7389,14-05-2024 22:35,2024-05-14 22:35:00,2024,5,14,22,135,60.5
Lavale AWS,18.5422,73.7389,14-05-2024 22:40,2024-05-14 22:40:00,2024,5,14,22,135,60.8
Lavale AWS,18.5422,73.7389,14-05-2024 22:45,2024-05-14 22:45:00,2024,5,14,22,135,61.0
Lavale AWS,18.5422,73.7389,14-05-2024 22:50,2024-05-14 22:50:00,2024,5,14,22,135,61.3
Lavale AWS,18.5422,73.7389,14-05-2024 22:55,2024-05-14 22:55:00,2024,5,14,22,135,61.6
Lavale AWS,18.5422,73.7389,14-05-2024 23:00,2024-05-14 23:00:00,2024,5,14,23,135,62.2
Lavale AWS,18.5422,73.7389,14-05-2024 23:05,2024-05-14 23:05:00,2024,5,14,23,135,62.1
Lavale AWS,18.5422,73.7389,14-05-2024 23:10,2024-05-14 23:10:00,2024,5,14,23,135,62.5
Lavale AWS,18.5422,73.7389,14-05-2024 23:15,2024-05-14 23:15:00,2024,5,14,23,135,63.0
Lavale AWS,18.5422,73.7389,14-05-2024 23:20,2024-05-14 23:20:00,2024,5,14,23,135,63.5
Lavale AWS,18.5422,73.7389,14-05-2024 23:25,2024-05-14 23:25:00,2024,5,14,23,135,63.9
Lavale AWS,18.5422,73.7389,14-05-2024 23:30,2024-05-14 23:30:00,2024,5,14,23,135,64.5
Lavale AWS,18.5422,73.7389,14-05-2024 23:35,2024-05-14 23:35:00,2024,5,14,23,135,64.6
Lavale AWS,18.5422,73.7389,14-05-2024 23:40,2024-05-14 23:40:00,2024,5,14,23,135,64.5
Lavale AWS,18.5422,73.7389,14-05-2024 23:45,2024-05-14 23:45:00,2024,5,14,23,135,65.8
Lavale AWS,18.5422,73.7389,14-05-2024 23:50,2024-05-14 23:50:00,2024,5,14,23,135,66.0
Lavale AWS,18.5422,73.7389,14-05-2024 23:55,2024-05-14 23:55:00,2024,5,14,23,135,66.2
Lavale AWS,18.5422,73.7389,15-05-2024 00:00,2024-05-15 00:00:00,2024,5,15,0,136,66.7
Lavale AWS,18.5422,73.7389,15-05-2024 00:05,2024-05-15 00:05:00,2024,5,15,0,136,67.6
Lavale AWS,18.5422,73.7389,15-05-2024 00:10,2024-05-15 00:10:00,2024,5,15,0,136,67.6
Lavale AWS,18.5422,73.7389,15-05-2024 00:15,2024-05-15 00:15:00,2024,5,15,0,136,67.4
Lavale AWS,18.5422,73.7389,15-05-2024 00:20,2024-05-15 00:20:00,2024,5,15,0,136,67.1
Lavale AWS,18.5422,73.7389,15-05-2024 00:25,2024-05-15 00:25:00,2024,5,15,0,136,68.0
Lavale AWS,18.5422,73.7389,15-05-2024 00:30,2024-05-15 00:30:00,2024,5,15,0,136,67.8
Lavale AWS,18.5422,73.7389,15-05-2024 00:35,2024-05-15 00:35:00,2024,5,15,0,136,68.0
Lavale AWS,18.5422,73.7389,15-05-2024 00:40,2024-05-15 00:40:00,2024,5,15,0,136,67.8
Lavale AWS,18.5422,73.7389,15-05-2024 00:45,2024-05-15 00:45:00,2024,5,15,0,136,67.4
Lavale AWS,18.5422,73.7389,15-05-2024 00:50,2024-05-15 00:50:00,2024,5,15,0,136,67.6
Lavale AWS,18.5422,73.7389,15-05-2024 00:55,2024-05-15 00:55:00,2024,5,15,0,136,67.4
Lavale AWS,18.5422,73.7389,15-05-2024 01:00,2024-05-15 01:00:00,2024,5,15,1,136,67.4
Lavale AWS,18.5422,73.7389,15-05-2024 01:05,2024-05-15 01:05:00,2024,5,15,1,136,68.4
Lavale AWS,18.5422,73.7389,15-05-2024 01:10,2024-05-15 01:10:00,2024,5,15,1,136,68.8
Lavale AWS,18.5422,73.7389,15-05-2024 01:15,2024-05-15 01:15:00,2024,5,15,1,136,69.3
Lavale AWS,18.5422,73.7389,15-05-2024 01:20,2024-05-15 01:20:00,2024,5,15,1,136,69.8
Lavale AWS,18.5422,73.7389,15-05-2024 01:25,2024-05-15 01:25:00,2024,5,15,1,136,69.9
Lavale AWS,18.5422,73.7389,15-05-2024 01:30,2024-05-15 01:30:00,2024,5,15,1,136,69.8
Lavale AWS,18.5422,73.7389,15-05-2024 01:35,2024-05-15 01:35:00,2024,5,15,1,136,70.0
Lavale AWS,18.5422,73.7389,15-05-2024 01:40,2024-05-15 01:40:00,2024,5,15,1,136,70.2
Lavale AWS,18.5422,73.7389,15-05-2024 01:45,2024-05-15 01:45:00,2024,5,15,1,136,70.0
Lavale AWS,18.5422,73.7389,15-05-2024 01:50,2024-05-15 01:50:00,2024,5,15,1,136,70.1
Lavale AWS,18.5422,73.7389,15-05-2024 01:55,2024-05-15 01:55:00,2024,5,15,1,136,69.9
Lavale AWS,18.5422,73.7389,15-05-2024 02:00,2024-05-15 02:00:00,2024,5,15,2,136,69.9
Lavale AWS,18.5422,73.7389,15-05-2024 02:05,2024-05-15 02:05:00,2024,5,15,2,136,69.9
Lavale AWS,18.5422,73.7389,15-05-2024 02:10,2024-05-15 02:10:00,2024,5,15,2,136,69.4
Lavale AWS,18.5422,73.7389,15-05-2024 02:15,2024-05-15 02:15:00,2024,5,15,2,136,68.5
Lavale AWS,18.5422,73.7389,15-05-2024 02:20,2024-05-15 02:20:00,2024,5,15,2,136,68.3
Lavale AWS,18.5422,73.7389,15-05-2024 02:25,2024-05-15 02:25:00,2024,5,15,2,136,69.1
Lavale AWS,18.5422,73.7389,15-05-2024 02:30,2024-05-15 02:30:00,2024,5,15,2,136,69.0
Lavale AWS,18.5422,73.7389,15-05-2024 02:35,2024-05-15 02:35:00,2024,5,15,2,136,69.4
Lavale AWS,18.5422,73.7389,15-05-2024 02:40,2024-05-15 02:40:00,2024,5,15,2,136,68.6
Lavale AWS,18.5422,73.7389,15-05-2024 02:45,2024-05-15 02:45:00,2024,5,15,2,136,68.2
Lavale AWS,18.5422,73.7389,15-05-2024 02:50,2024-05-15 02:50:00,2024,5,15,2,136,67.7
Lavale AWS,18.5422,73.7389,15-05-2024 02:55,2024-05-15 02:55:00,2024,5,15,2,136,67.7
Lavale AWS,18.5422,73.7389,15-05-2024 03:00,2024-05-15 03:00:00,2024,5,15,3,136,68.8
Lavale AWS,18.5422,73.7389,15-05-2024 03:05,2024-05-15 03:05:00,2024,5,15,3,136,68.9
Lavale AWS,18.5422,73.7389,15-05-2024 03:10,2024-05-15 03:10:00,2024,5,15,3,136,69.6
Lavale AWS,18.5422,73.7389,15-05-2024 03:15,2024-05-15 03:15:00,2024,5,15,3,136,69.4
Lavale AWS,18.5422,73.7389,15-05-2024 03:20,2024-05-15 03:20:00,2024,5,15,3,136,69.9
Lavale AWS,18.5422,73.7389,15-05-2024 03:25,2024-05-15 03:25:00,2024,5,15,3,136,70.6
Lavale AWS,18.5422,73.7389,15-05-2024 03:30,2024-05-15 03:30:00,2024,5,15,3,136,70.3
Lavale AWS,18.5422,73.7389,15-05-2024 03:35,2024-05-15 03:35:00,2024,5,15,3,136,70.0
Lavale AWS,18.5422,73.7389,15-05-2024 03:40,2024-05-15 03:40:00,2024,5,15,3,136,69.2
Lavale AWS,18.5422,73.7389,15-05-2024 03:45,2024-05-15 03:45:00,2024,5,15,3,136,69.0
Lavale AWS,18.5422,73.7389,15-05-2024 03:50,2024-05-15 03:50:00,2024,5,15,3,136,68.8
Lavale AWS,18.5422,73.7389,15-05-2024 03:55,2024-05-15 03:55:00,2024,5,15,3,136,69.5
Lavale AWS,18.5422,73.7389,15-05-2024 04:00,2024-05-15 04:00:00,2024,5,15,4,136,68.7
Lavale AWS,18.5422,73.7389,15-05-2024 04:05,2024-05-15 04:05:00,2024,5,15,4,136,68.6
Lavale AWS,18.5422,73.7389,15-05-2024 04:10,2024-05-15 04:10:00,2024,5,15,4,136,67.6
Lavale AWS,18.5422,73.7389,15-05-2024 04:15,2024-05-15 04:15:00,2024,5,15,4,136,67.3
Lavale AWS,18.5422,73.7389,15-05-2024 04:20,2024-05-15 04:20:00,2024,5,15,4,136,67.2
Lavale AWS,18.5422,73.7389,15-05-2024 04:25,2024-05-15 04:25:00,2024,5,15,4,136,67.2
Lavale AWS,18.5422,73.7389,15-05-2024 04:30,2024-05-15 04:30:00,2024,5,15,4,136,67.2
Lavale AWS,18.5422,73.7389,15-05-2024 04:35,2024-05-15 04:35:00,2024,5,15,4,136,67.1
Lavale AWS,18.5422,73.7389,15-05-2024 04:40,2024-05-15 04:40:00,2024,5,15,4,136,67.1
Lavale AWS,18.5422,73.7389,15-05-2024 04:45,2024-05-15 04:45:00,2024,5,15,4,136,66.8
Lavale AWS,18.5422,73.7389,15-05-2024 04:50,2024-05-15 04:50:00,2024,5,15,4,136,66.1
Lavale AWS,18.5422,73.7389,15-05-2024 04:55,2024-05-15 04:55:00,2024,5,15,4,136,65.1
Lavale AWS,18.5422,73.7389,15-05-2024 05:00,2024-05-15 05:00:00,2024,5,15,5,136,64.6
Lavale AWS,18.5422,73.7389,15-05-2024 05:05,2024-05-15 05:05:00,2024,5,15,5,136,64.3
Lavale AWS,18.5422,73.7389,15-05-2024 05:10,2024-05-15 05:10:00,2024,5,15,5,136,64.5
Lavale AWS,18.5422,73.7389,15-05-2024 05:15,2024-05-15 05:15:00,2024,5,15,5,136,64.2
Lavale AWS,18.5422,73.7389,15-05-2024 05:20,2024-05-15 05:20:00,2024,5,15,5,136,63.8
Lavale AWS,18.5422,73.7389,15-05-2024 05:25,2024-05-15 05:25:00,2024,5,15,5,136,63.7
Lavale AWS,18.5422,73.7389,15-05-2024 05:30,2024-05-15 05:30:00,2024,5,15,5,136,63.2
Lavale AWS,18.5422,73.7389,15-05-2024 05:35,2024-05-15 05:35:00,2024,5,15,5,136,63.2
Lavale AWS,18.5422,73.7389,15-05-2024 05:40,2024-05-15 05:40:00,2024,5,15,5,136,63.7
Lavale AWS,18.5422,73.7389,15-05-2024 05:45,2024-05-15 05:45:00,2024,5,15,5,136,64.1
Lavale AWS,18.5422,73.7389,15-05-2024 05:50,2024-05-15 05:50:00,2024,5,15,5,136,63.7
Lavale AWS,18.5422,73.7389,15-05-2024 05:55,2024-05-15 05:55:00,2024,5,15,5,136,63.4
Lavale AWS,18.5422,73.7389,15-05-2024 06:00,2024-05-15 06:00:00,2024,5,15,6,136,63.6
Lavale AWS,18.5422,73.7389,15-05-2024 06:05,2024-05-15 06:05:00,2024,5,15,6,136,63.0
Lavale AWS,18.5422,73.7389,15-05-2024 06:10,2024-05-15 06:10:00,2024,5,15,6,136,62.8
Lavale AWS,18.5422,73.7389,15-05-2024 06:15,2024-05-15 06:15:00,2024,5,15,6,136,61.9
Lavale AWS,18.5422,73.7389,15-05-2024 06:20,2024-05-15 06:20:00,2024,5,15,6,136,61.2
Lavale AWS,18.5422,73.7389,15-05-2024 06:25,2024-05-15 06:25:00,2024,5,15,6,136,61.2
Lavale AWS,18.5422,73.7389,15-05-2024 06:30,2024-05-15 06:30:00,2024,5,15,6,136,60.4
Lavale AWS,18.5422,73.7389,15-05-2024 06:35,2024-05-15 06:35:00,2024,5,15,6,136,59.9
Lavale AWS,18.5422,73.7389,15-05-2024 06:40,2024-05-15 06:40:00,2024,5,15,6,136,58.8
Lavale AWS,18.5422,73.7389,15-05-2024 06:45,2024-05-15 06:45:00,2024,5,15,6,136,59.1
Lavale AWS,18.5422,73.7389,15-05-2024 06:50,2024-05-15 06:50:00,2024,5,15,6,136,59.1
Lavale AWS,18.5422,73.7389,15-05-2024 06:55,2024-05-15 06:55:00,2024,5,15,6,136,58.7
Lavale AWS,18.5422,73.7389,15-05-2024 07:00,2024-05-15 07:00:00,2024,5,15,7,136,58.3
Lavale AWS,18.5422,73.7389,15-05-2024 07:05,2024-05-15 07:05:00,2024,5,15,7,136,58.0
Lavale AWS,18.5422,73.7389,15-05-2024 07:10,2024-05-15 07:10:00,2024,5,15,7,136,58.0
Lavale AWS,18.5422,73.7389,15-05-2024 07:15,2024-05-15 07:15:00,2024,5,15,7,136,57.2
Lavale AWS,18.5422,73.7389,15-05-2024 07:20,2024-05-15 07:20:00,2024,5,15,7,136,56.9
Lavale AWS,18.5422,73.7389,15-05-2024 07:25,2024-05-15 07:25:00,2024,5,15,7,136,56.8
Lavale AWS,18.5422,73.7389,15-05-2024 07:30,2024-05-15 07:30:00,2024,5,15,7,136,56.7
Lavale AWS,18.5422,73.7389,15-05-2024 07:35,2024-05-15 07:35:00,2024,5,15,7,136,55.1
Lavale AWS,18.5422,73.7389,15-05-2024 07:40,2024-05-15 07:40:00,2024,5,15,7,136,54.3
Lavale AWS,18.5422,73.7389,15-05-2024 07:45,2024-05-15 07:45:00,2024,5,15,7,136,53.4
Lavale AWS,18.5422,73.7389,15-05-2024 07:50,2024-05-15 07:50:00,2024,5,15,7,136,52.9
Lavale AWS,18.5422,73.7389,15-05-2024 07:55,2024-05-15 07:55:00,2024,5,15,7,136,51.6
Lavale AWS,18.5422,73.7389,15-05-2024 08:00,2024-05-15 08:00:00,2024,5,15,8,136,50.3
Lavale AWS,18.5422,73.7389,15-05-2024 08:05,2024-05-15 08:05:00,2024,5,15,8,136,50.7
Lavale AWS,18.5422,73.7389,15-05-2024 08:10,2024-05-15 08:10:00,2024,5,15,8,136,50.4
Lavale AWS,18.5422,73.7389,15-05-2024 08:15,2024-05-15 08:15:00,2024,5,15,8,136,50.0
Lavale AWS,18.5422,73.7389,15-05-2024 08:20,2024-05-15 08:20:00,2024,5,15,8,136,49.6
Lavale AWS,18.5422,73.7389,15-05-2024 08:25,2024-05-15 08:25:00,2024,5,15,8,136,49.2
Lavale AWS,18.5422,73.7389,15-05-2024 08:30,2024-05-15 08:30:00,2024,5,15,8,136,49.1
Lavale AWS,18.5422,73.7389,15-05-2024 08:35,2024-05-15 08:35:00,2024,5,15,8,136,48.3
Lavale AWS,18.5422,73.7389,15-05-2024 08:40,2024-05-15 08:40:00,2024,5,15,8,136,47.8
Lavale AWS,18.5422,73.7389,15-05-2024 08:45,2024-05-15 08:45:00,2024,5,15,8,136,47.4
Lavale AWS,18.5422,73.7389,15-05-2024 08:50,2024-05-15 08:50:00,2024,5,15,8,136,46.5
Lavale AWS,18.5422,73.7389,15-05-2024 08:55,2024-05-15 08:55:00,2024,5,15,8,136,46.5
Lavale AWS,18.5422,73.7389,15-05-2024 09:00,2024-05-15 09:00:00,2024,5,15,9,136,45.8
Lavale AWS,18.5422,73.7389,15-05-2024 09:05,2024-05-15 09:05:00,2024,5,15,9,136,45.7
Lavale AWS,18.5422,73.7389,15-05-2024 09:10,2024-05-15 09:10:00,2024,5,15,9,136,45.2
Lavale AWS,18.5422,73.7389,15-05-2024 09:15,2024-05-15 09:15:00,2024,5,15,9,136,45.3
Lavale AWS,18.5422,73.7389,15-05-2024 09:20,2024-05-15 09:20:00,2024,5,15,9,136,44.4
Lavale AWS,18.5422,73.7389,15-05-2024 09:25,2024-05-15 09:25:00,2024,5,15,9,136,43.4
Lavale AWS,18.5422,73.7389,15-05-2024 09:30,2024-05-15 09:30:00,2024,5,15,9,136,42.5
Lavale AWS,18.5422,73.7389,15-05-2024 09:35,2024-05-15 09:35:00,2024,5,15,9,136,42.1
Lavale AWS,18.5422,73.7389,15-05-2024 09:40,2024-05-15 09:40:00,2024,5,15,9,136,42.3
Lavale AWS,18.5422,73.7389,15-05-2024 09:45,2024-05-15 09:45:00,2024,5,15,9,136,42.4
Lavale AWS,18.5422,73.7389,15-05-2024 09:50,2024-05-15 09:50:00,2024,5,15,9,136,41.0
Lavale AWS,18.5422,73.7389,15-05-2024 09:55,2024-05-15 09:55:00,2024,5,15,9,136,40.6
Lavale AWS,18.5422,73.7389,15-05-2024 10:00,2024-05-15 10:00:00,2024,5,15,10,136,38.8
Lavale AWS,18.5422,73.7389,15-05-2024 10:05,2024-05-15 10:05:00,2024,5,15,10,136,38.7
Lavale AWS,18.5422,73.7389,15-05-2024 10:10,2024-05-15 10:10:00,2024,5,15,10,136,38.8
Lavale AWS,18.5422,73.7389,15-05-2024 10:15,2024-05-15 10:15:00,2024,5,15,10,136,38.3
Lavale AWS,18.5422,73.7389,15-05-2024 10:20,2024-05-15 10:20:00,2024,5,15,10,136,37.9
Lavale AWS,18.5422,73.7389,15-05-2024 10:25,2024-05-15 10:25:00,2024,5,15,10,136,37.5
Lavale AWS,18.5422,73.7389,15-05-2024 10:30,2024-05-15 10:30:00,2024,5,15,10,136,36.8
Lavale AWS,18.5422,73.7389,15-05-2024 10:35,2024-05-15 10:35:00,2024,5,15,10,136,36.6
Lavale AWS,18.5422,73.7389,15-05-2024 10:40,2024-05-15 10:40:00,2024,5,15,10,136,36.1
Lavale AWS,18.5422,73.7389,15-05-2024 10:45,2024-05-15 10:45:00,2024,5,15,10,136,36.1
Lavale AWS,18.5422,73.7389,15-05-2024 10:50,2024-05-15 10:50:00,2024,5,15,10,136,35.6
Lavale AWS,18.5422,73.7389,15-05-2024 10:55,2024-05-15 10:55:00,2024,5,15,10,136,34.9
Lavale AWS,18.5422,73.7389,15-05-2024 11:00,2024-05-15 11:00:00,2024,5,15,11,136,33.9
Lavale AWS,18.5422,73.7389,15-05-2024 11:05,2024-05-15 11:05:00,2024,5,15,11,136,32.8
Lavale AWS,18.5422,73.7389,15-05-2024 11:10,2024-05-15 11:10:00,2024,5,15,11,136,33.0
Lavale AWS,18.5422,73.7389,15-05-2024 11:15,2024-05-15 11:15:00,2024,5,15,11,136,32.5
Lavale AWS,18.5422,73.7389,15-05-2024 11:20,2024-05-15 11:20:00,2024,5,15,11,136,32.4
Lavale AWS,18.5422,73.7389,15-05-2024 11:25,2024-05-15 11:25:00,2024,5,15,11,136,32.8
Lavale AWS,18.5422,73.7389,15-05-2024 11:30,2024-05-15 11:30:00,2024,5,15,11,136,32.2
Lavale AWS,18.5422,73.7389,15-05-2024 11:35,2024-05-15 11:35:00,2024,5,15,11,136,31.6
Lavale AWS,18.5422,73.7389,15-05-2024 11:40,2024-05-15 11:40:00,2024,5,15,11,136,31.3
Lavale AWS,18.5422,73.7389,15-05-2024 11:45,2024-05-15 11:45:00,2024,5,15,11,136,31.0
Lavale AWS,18.5422,73.7389,15-05-2024 11:50,2024-05-15 11:50:00,2024,5,15,11,136,31.5
Lavale AWS,18.5422,73.7389,15-05-2024 11:55,2024-05-15 11:55:00,2024,5,15,11,136,31.8
Lavale AWS,18.5422,73.7389,15-05-2024 12:00,2024-05-15 12:00:00,2024,5,15,12,136,31.7
Lavale AWS,18.5422,73.7389,15-05-2024 12:05,2024-05-15 12:05:00,2024,5,15,12,136,31.9
Lavale AWS,18.5422,73.7389,15-05-2024 12:10,2024-05-15 12:10:00,2024,5,15,12,136,31.5
Lavale AWS,18.5422,73.7389,15-05-2024 12:15,2024-05-15 12:15:00,2024,5,15,12,136,31.3
Lavale AWS,18.5422,73.7389,15-05-2024 12:20,2024-05-15 12:20:00,2024,5,15,12,136,30.8
Lavale AWS,18.5422,73.7389,15-05-2024 12:25,2024-05-15 12:25:00,2024,5,15,12,136,30.0
Lavale AWS,18.5422,73.7389,15-05-2024 12:30,2024-05-15 12:30:00,2024,5,15,12,136,30.2
Lavale AWS,18.5422,73.7389,15-05-2024 12:35,2024-05-15 12:35:00,2024,5,15,12,136,30.1
Lavale AWS,18.5422,73.7389,15-05-2024 12:40,2024-05-15 12:40:00,2024,5,15,12,136,29.9
Lavale AWS,18.5422,73.7389,15-05-2024 12:45,2024-05-15 12:45:00,2024,5,15,12,136,29.6
Lavale AWS,18.5422,73.7389,15-05-2024 12:50,2024-05-15 12:50:00,2024,5,15,12,136,28.7
Lavale AWS,18.5422,73.7389,15-05-2024 12:55,2024-05-15 12:55:00,2024,5,15,12,136,28.1
Lavale AWS,18.5422,73.7389,15-05-2024 13:00,2024-05-15 13:00:00,2024,5,15,13,136,28.1
Lavale AWS,18.5422,73.7389,15-05-2024 13:05,2024-05-15 13:05:00,2024,5,15,13,136,27.7
Lavale AWS,18.5422,73.7389,15-05-2024 13:10,2024-05-15 13:10:00,2024,5,15,13,136,27.4
Lavale AWS,18.5422,73.7389,15-05-2024 13:15,2024-05-15 13:15:00,2024,5,15,13,136,27.2
Lavale AWS,18.5422,73.7389,15-05-2024 13:20,2024-05-15 13:20:00,2024,5,15,13,136,26.8
Lavale AWS,18.5422,73.7389,15-05-2024 13:25,2024-05-15 13:25:00,2024,5,15,13,136,26.3
Lavale AWS,18.5422,73.7389,15-05-2024 13:30,2024-05-15 13:30:00,2024,5,15,13,136,25.6
Lavale AWS,18.5422,73.7389,15-05-2024 13:35,2024-05-15 13:35:00,2024,5,15,13,136,25.5
Lavale AWS,18.5422,73.7389,15-05-2024 13:40,2024-05-15 13:40:00,2024,5,15,13,136,25.7
Lavale AWS,18.5422,73.7389,15-05-2024 13:45,2024-05-15 13:45:00,2024,5,15,13,136,25.0
Lavale AWS,18.5422,73.7389,15-05-2024 13:50,2024-05-15 13:50:00,2024,5,15,13,136,25.0
Lavale AWS,18.5422,73.7389,15-05-2024 13:55,2024-05-15 13:55:00,2024,5,15,13,136,25.1
Lavale AWS,18.5422,73.7389,15-05-2024 14:00,2024-05-15 14:00:00,2024,5,15,14,136,24.7
Lavale AWS,18.5422,73.7389,15-05-2024 14:05,2024-05-15 14:05:00,2024,5,15,14,136,25.3
Lavale AWS,18.5422,73.7389,15-05-2024 14:10,2024-05-15 14:10:00,2024,5,15,14,136,25.2
Lavale AWS,18.5422,73.7389,15-05-2024 14:15,2024-05-15 14:15:00,2024,5,15,14,136,25.1
Lavale AWS,18.5422,73.7389,15-05-2024 14:20,2024-05-15 14:20:00,2024,5,15,14,136,25.1
Lavale AWS,18.5422,73.7389,15-05-2024 14:25,2024-05-15 14:25:00,2024,5,15,14,136,24.5
Lavale AWS,18.5422,73.7389,15-05-2024 14:30,2024-05-15 14:30:00,2024,5,15,14,136,25.0
Lavale AWS,18.5422,73.7389,15-05-2024 14:35,2024-05-15 14:35:00,2024,5,15,14,136,24.7
Lavale AWS,18.5422,73.7389,15-05-2024 14:40,2024-05-15 14:40:00,2024,5,15,14,136,24.7
Lavale AWS,18.5422,73.7389,15-05-2024 14:45,2024-05-15 14:45:00,2024,5,15,14,136,25.0
Lavale AWS,18.5422,73.7389,15-05-2024 14:50,2024-05-15 14:50:00,2024,5,15,14,136,25.7
Lavale AWS,18.5422,73.7389,15-05-2024 14:55,2024-05-15 14:55:00,2024,5,15,14,136,25.4
Lavale AWS,18.5422,73.7389,15-05-2024 15:00,2024-05-15 15:00:00,2024,5,15,15,136,25.3
Lavale AWS,18.5422,73.7389,15-05-2024 15:05,2024-05-15 15:05:00,2024,5,15,15,136,26.0
Lavale AWS,18.5422,73.7389,15-05-2024 15:10,2024-05-15 15:10:00,2024,5,15,15,136,26.3
Lavale AWS,18.5422,73.7389,15-05-2024 15:15,2024-05-15 15:15:00,2024,5,15,15,136,26.7
Lavale AWS,18.5422,73.7389,15-05-2024 15:20,2024-05-15 15:20:00,2024,5,15,15,136,26.4
Lavale AWS,18.5422,73.7389,15-05-2024 15:25,2024-05-15 15:25:00,2024,5,15,15,136,26.4
Lavale AWS,18.5422,73.7389,15-05-2024 15:30,2024-05-15 15:30:00,2024,5,15,15,136,26.4
Lavale AWS,18.5422,73.7389,15-05-2024 15:35,2024-05-15 15:35:00,2024,5,15,15,136,26.3
Lavale AWS,18.5422,73.7389,15-05-2024 15:40,2024-05-15 15:40:00,2024,5,15,15,136,25.8
Lavale AWS,18.5422,73.7389,15-05-2024 15:45,2024-05-15 15:45:00,2024,5,15,15,136,25.8
Lavale AWS,18.5422,73.7389,15-05-2024 15:50,2024-05-15 15:50:00,2024,5,15,15,136,26.6
Lavale AWS,18.5422,73.7389,15-05-2024 15:55,2024-05-15 15:55:00,2024,5,15,15,136,26.9
Lavale AWS,18.5422,73.7389,15-05-2024 16:00,2024-05-15 16:00:00,2024,5,15,16,136,27.7
Lavale AWS,18.5422,73.7389,15-05-2024 16:05,2024-05-15 16:05:00,2024,5,15,16,136,28.0
Lavale AWS,18.5422,73.7389,15-05-2024 16:10,2024-05-15 16:10:00,2024,5,15,16,136,27.9
Lavale AWS,18.5422,73.7389,15-05-2024 16:15,2024-05-15 16:15:00,2024,5,15,16,136,28.6
Lavale AWS,18.5422,73.7389,15-05-2024 16:20,2024-05-15 16:20:00,2024,5,15,16,136,29.0
Lavale AWS,18.5422,73.7389,15-05-2024 16:25,2024-05-15 16:25:00,2024,5,15,16,136,29.6
Lavale AWS,18.5422,73.7389,15-05-2024 16:30,2024-05-15 16:30:00,2024,5,15,16,136,29.4
Lavale AWS,18.5422,73.7389,15-05-2024 16:35,2024-05-15 16:35:00,2024,5,15,16,136,30.0
Lavale AWS,18.5422,73.7389,15-05-2024 16:40,2024-05-15 16:40:00,2024,5,15,16,136,30.7
Lavale AWS,18.5422,73.7389,15-05-2024 16:45,2024-05-15 16:45:00,2024,5,15,16,136,31.1
Lavale AWS,18.5422,73.7389,15-05-2024 16:50,2024-05-15 16:50:00,2024,5,15,16,136,31.0
Lavale AWS,18.5422,73.7389,15-05-2024 16:55,2024-05-15 16:55:00,2024,5,15,16,136,31.2
Lavale AWS,18.5422,73.7389,15-05-2024 17:00,2024-05-15 17:00:00,2024,5,15,17,136,31.7
Lavale AWS,18.5422,73.7389,15-05-2024 17:05,2024-05-15 17:05:00,2024,5,15,17,136,32.1
Lavale AWS,18.5422,73.7389,15-05-2024 17:10,2024-05-15 17:10:00,2024,5,15,17,136,32.6
Lavale AWS,18.5422,73.7389,15-05-2024 17:15,2024-05-15 17:15:00,2024,5,15,17,136,33.3
Lavale AWS,18.5422,73.7389,15-05-2024 17:20,2024-05-15 17:20:00,2024,5,15,17,136,33.3
Lavale AWS,18.5422,73.7389,15-05-2024 17:25,2024-05-15 17:25:00,2024,5,15,17,136,33.1
Lavale AWS,18.5422,73.7389,15-05-2024 17:30,2024-05-15 17:30:00,2024,5,15,17,136,33.5
Lavale AWS,18.5422,73.7389,15-05-2024 17:35,2024-05-15 17:35:00,2024,5,15,17,136,33.7
Lavale AWS,18.5422,73.7389,15-05-2024 17:40,2024-05-15 17:40:00,2024,5,15,17,136,34.3
Lavale AWS,18.5422,73.7389,15-05-2024 17:45,2024-05-15 17:45:00,2024,5,15,17,136,34.2
Lavale AWS,18.5422,73.7389,15-05-2024 17:50,2024-05-15 17:50:00,2024,5,15,17,136,35.0
Lavale AWS,18.5422,73.7389,15-05-2024 17:55,2024-05-15 17:55:00,2024,5,15,17,136,35.9
Lavale AWS,18.5422,73.7389,15-05-2024 18:00,2024-05-15 18:00:00,2024,5,15,18,136,36.2
Lavale AWS,18.5422,73.7389,15-05-2024 18:05,2024-05-15 18:05:00,2024,5,15,18,136,36.6
Lavale AWS,18.5422,73.7389,15-05-2024 18:10,2024-05-15 18:10:00,2024,5,15,18,136,36.7
Lavale AWS,18.5422,73.7389,15-05-2024 18:15,2024-05-15 18:15:00,2024,5,15,18,136,36.8
Lavale AWS,18.5422,73.7389,15-05-2024 18:20,2024-05-15 18:20:00,2024,5,15,18,136,37.1
Lavale AWS,18.5422,73.7389,15-05-2024 18:25,2024-05-15 18:25:00,2024,5,15,18,136,38.0
Lavale AWS,18.5422,73.7389,15-05-2024 18:30,2024-05-15 18:30:00,2024,5,15,18,136,38.4
Lavale AWS,18.5422,73.7389,15-05-2024 18:35,2024-05-15 18:35:00,2024,5,15,18,136,38.3
Lavale AWS,18.5422,73.7389,15-05-2024 18:40,2024-05-15 18:40:00,2024,5,15,18,136,38.8
Lavale AWS,18.5422,73.7389,15-05-2024 18:45,2024-05-15 18:45:00,2024,5,15,18,136,39.6
Lavale AWS,18.5422,73.7389,15-05-2024 18:50,2024-05-15 18:50:00,2024,5,15,18,136,40.0
Lavale AWS,18.5422,73.7389,15-05-2024 18:55,2024-05-15 18:55:00,2024,5,15,18,136,41.0
Lavale AWS,18.5422,73.7389,15-05-2024 19:00,2024-05-15 19:00:00,2024,5,15,19,136,41.7
Lavale AWS,18.5422,73.7389,15-05-2024 19:05,2024-05-15 19:05:00,2024,5,15,19,136,41.7
Lavale AWS,18.5422,73.7389,15-05-2024 19:10,2024-05-15 19:10:00,2024,5,15,19,136,41.9
Lavale AWS,18.5422,73.7389,15-05-2024 19:15,2024-05-15 19:15:00,2024,5,15,19,136,42.4
Lavale AWS,18.5422,73.7389,15-05-2024 19:20,2024-05-15 19:20:00,2024,5,15,19,136,42.2
Lavale AWS,18.5422,73.7389,15-05-2024 19:25,2024-05-15 19:25:00,2024,5,15,19,136,42.8
Lavale AWS,18.5422,73.7389,15-05-2024 19:30,2024-05-15 19:30:00,2024,5,15,19,136,42.5
Lavale AWS,18.5422,73.7389,15-05-2024 19:35,2024-05-15 19:35:00,2024,5,15,19,136,43.5
Lavale AWS,18.5422,73.7389,15-05-2024 19:40,2024-05-15 19:40:00,2024,5,15,19,136,44.3
Lavale AWS,18.5422,73.7389,15-05-2024 19:45,2024-05-15 19:45:00,2024,5,15,19,136,45.0
Lavale AWS,18.5422,73.7389,15-05-2024 19:50,2024-05-15 19:50:00,2024,5,15,19,136,45.2
Lavale AWS,18.5422,73.7389,15-05-2024 19:55,2024-05-15 19:55:00,2024,5,15,19,136,45.7
Lavale AWS,18.5422,73.7389,15-05-2024 20:00,2024-05-15 20:00:00,2024,5,15,20,136,46.0
Lavale AWS,18.5422,73.7389,15-05-2024 20:05,2024-05-15 20:05:00,2024,5,15,20,136,46.1
Lavale AWS,18.5422,73.7389,15-05-2024 20:10,2024-05-15 20:10:00,2024,5,15,20,136,46.5
Lavale AWS,18.5422,73.7389,15-05-2024 20:15,2024-05-15 20:15:00,2024,5,15,20,136,47.3
Lavale AWS,18.5422,73.7389,15-05-2024 20:20,2024-05-15 20:20:00,2024,5,15,20,136,47.8
Lavale AWS,18.5422,73.7389,15-05-2024 20:25,2024-05-15 20:25:00,2024,5,15,20,136,48.9
Lavale AWS,18.5422,73.7389,15-05-2024 20:30,2024-05-15 20:30:00,2024,5,15,20,136,49.7
Lavale AWS,18.5422,73.7389,15-05-2024 20:35,2024-05-15 20:35:00,2024,5,15,20,136,50.4
Lavale AWS,18.5422,73.7389,15-05-2024 20:40,2024-05-15 20:40:00,2024,5,15,20,136,50.2
Lavale AWS,18.5422,73.7389,15-05-2024 20:45,2024-05-15 20:45:00,2024,5,15,20,136,50.6
Lavale AWS,18.5422,73.7389,15-05-2024 20:50,2024-05-15 20:50:00,2024,5,15,20,136,50.6
Lavale AWS,18.5422,73.7389,15-05-2024 20:55,2024-05-15 20:55:00,2024,5,15,20,136,51.1
Lavale AWS,18.5422,73.7389,15-05-2024 21:00,2024-05-15 21:00:00,2024,5,15,21,136,51.3
Lavale AWS,18.5422,73.7389,15-05-2024 21:05,2024-05-15 21:05:00,2024,5,15,21,136,51.7
Lavale AWS,18.5422,73.7389,15-05-2024 21:10,2024-05-15 21:10:00,2024,5,15,21,136,52.6
Lavale AWS,18.5422,73.7389,15-05-2024 21:15,2024-05-15 21:15:00,2024,5,15,21,136,53.3
Lavale AWS,18.5422,73.7389,15-05-2024 21:20,2024-05-15 21:20:00,2024,5,15,21,136,54.2
Lavale AWS,18.5422,73.7389,15-05-2024 21:25,2024-05-15 21:25:00,2024,5,15,21,136,54.1
Lavale AWS,18.5422,73.7389,15-05-2024 21:30,2024-05-15 21:30:00,2024,5,15,21,136,54.6
Lavale AWS,18.5422,73.7389,15-05-2024 21:35,2024-05-15 21:35:00,2024,5,15,21,136,55.5
Lavale AWS,18.5422,73.7389,15-05-2024 21:40,2024-05-15 21:40:00,2024,5,15,21,136,56.5
Lavale AWS,18.5422,73.7389,15-05-2024 21:45,2024-05-15 21:45:00,2024,5,15,21,136,56.4
Lavale AWS,18.5422,73.7389,15-05-2024 21:50,2024-05-15 21:50:00,2024,5,15,21,136,56.7
Lavale AWS,18.5422,73.7389,15-05-2024 21:55,2024-05-15 21:55:00,2024,5,15,21,136,57.6
Lavale AWS,18.5422,73.7389,15-05-2024 22:00,2024-05-15 22:00:00,2024,5,15,22,136,57.9
Lavale AWS,18.5422,73.7389,15-05-2024 22:05,2024-05-15 22:05:00,2024,5,15,22,136,58.0
Lavale AWS,18.5422,73.7389,15-05-2024 22:10,2024-05-15 22:10:00,2024,5,15,22,136,57.9
Lavale AWS,18.5422,73.7389,15-05-2024 22:15,2024-05-15 22:15:00,2024,5,15,22,136,58.0
Lavale AWS,18.5422,73.7389,15-05-2024 22:20,2024-05-15 22:20:00,2024,5,15,22,136,57.8
Lavale AWS,18.5422,73.7389,15-05-2024 22:25,2024-05-15 22:25:00,2024,5,15,22,136,58.3
Lavale AWS,18.5422,73.7389,15-05-2024 22:30,2024-05-15 22:30:00,2024,5,15,22,136,59.2
Lavale AWS,18.5422,73.7389,15-05-2024 22:35,2024-05-15 22:35:00,2024,5,15,22,136,59.2
Lavale AWS,18.5422,73.7389,15-05-2024 22:40,2024-05-15 22:40:00,2024,5,15,22,136,59.8
Lavale AWS,18.5422,73.7389,15-05-2024 22:45,2024-05-15 22:45:00,2024,5,15,22,136,60.6
Lavale AWS,18.5422,73.7389,15-05-2024 22:50,2024-05-15 22:50:00,2024,5,15,22,136,61.1
Lavale AWS,18.5422,73.7389,15-05-2024 22:55,2024-05-15 22:55:00,2024,5,15,22,136,60.9
Lavale AWS,18.5422,73.7389,15-05-2024 23:00,2024-05-15 23:00:00,2024,5,15,23,136,61.5
Lavale AWS,18.5422,73.7389,15-05-2024 23:05,2024-05-15 23:05:00,2024,5,15,23,136,62.0
Lavale AWS,18.5422,73.7389,15-05-2024 23:10,2024-05-15 23:10:00,2024,5,15,23,136,62.4
Lavale AWS,18.5422,73.7389,15-05-2024 23:15,2024-05-15 23:15:00,2024,5,15,23,136,62.6
Lavale AWS,18.5422,73.7389,15-05-2024 23:20,2024-05-15 23:20:00,2024,5,15,23,136,63.1
Lavale AWS,18.5422,73.7389,15-05-2024 23:25,2024-05-15 23:25:00,2024,5,15,23,136,63.7
Lavale AWS,18.5422,73.7389,15-05-2024 23:30,2024-05-15 23:30:00,2024,5,15,23,136,65.1
Lavale AWS,18.5422,73.7389,15-05-2024 23:35,2024-05-15 23:35:00,2024,5,15,23,136,65.5
Lavale AWS,18.5422,73.7389,15-05-2024 23:40,2024-05-15 23:40:00,2024,5,15,23,136,66.4
Lavale AWS,18.5422,73.7389,15-05-2024 23:45,2024-05-15 23:45:00,2024,5,15,23,136,66.9
Lavale AWS,18.5422,73.7389,15-05-2024 23:50,2024-05-15 23:50:00,2024,5,15,23,136,67.1
Lavale AWS,18.5422,73.7389,15-05-2024 23:55,2024-05-15 23:55:00,2024,5,15,23,136,67.5
Lavale AWS,18.5422,73.7389,16-05-2024 00:00,2024-05-16 00:00:00,2024,5,16,0,137,67.3
Lavale AWS,18.5422,73.7389,16-05-2024 00:05,2024-05-16 00:05:00,2024,5,16,0,137,67.7
Lavale AWS,18.5422,73.7389,16-05-2024 00:10,2024-05-16 00:10:00,2024,5,16,0,137,67.2
Lavale AWS,18.5422,73.7389,16-05-2024 00:15,2024-05-16 00:15:00,2024,5,16,0,137,67.2
Lavale AWS,18.5422,73.7389,16-05-2024 00:20,2024-05-16 00:20:00,2024,5,16,0,137,67.5
Lavale AWS,18.5422,73.7389,16-05-2024 00:25,2024-05-16 00:25:00,2024,5,16,0,137,68.3
Lavale AWS,18.5422,73.7389,16-05-2024 00:30,2024-05-16 00:30:00,2024,5,16,0,137,69.2
Lavale AWS,18.5422,73.7389,16-05-2024 00:35,2024-05-16 00:35:00,2024,5,16,0,137,69.3
Lavale AWS,18.5422,73.7389,16-05-2024 00:40,2024-05-16 00:40:00,2024,5,16,0,137,69.6
Lavale AWS,18.5422,73.7389,16-05-2024 00:45,2024-05-16 00:45:00,2024,5,16,0,137,70.2
Lavale AWS,18.5422,73.7389,16-05-2024 00:50,2024-05-16 00:50:00,2024,5,16,0,137,69.9
Lavale AWS,18.5422,73.7389,16-05-2024 00:55,2024-05-16 00:55:00,2024,5,16,0,137,70.3
Lavale AWS,18.5422,73.7389,16-05-2024 01:00,2024-05-16 01:00:00,2024,5,16,1,137,70.1
Lavale AWS,18.5422,73.7389,16-05-2024 01:05,2024-05-16 01:05:00,2024,5,16,1,137,70.3
Lavale AWS,18.5422,73.7389,16-05-2024 01:10,2024-05-16 01:10:00,2024,5,16,1,137,70.3
Lavale AWS,18.5422,73.7389,16-05-2024 01:15,2024-05-16 01:15:00,2024,5,16,1,137,70.6
Lavale AWS,18.5422,73.7389,16-05-2024 01:20,2024-05-16 01:20:00,2024,5,16,1,137,71.0
Lavale AWS,18.5422,73.7389,16-05-2024 01:25,2024-05-16 01:25:00,2024,5,16,1,137,71.5
Lavale AWS,18.5422,73.7389,16-05-2024 01:30,2024-05-16 01:30:00,2024,5,16,1,137,71.8
Lavale AWS,18.5422,73.7389,16-05-2024 01:35,2024-05-16 01:35:00,2024,5,16,1,137,72.0
Lavale AWS,18.5422,73.7389,16-05-2024 01:40,2024-05-16 01:40:00,2024,5,16,1,137,72.8
Lavale AWS,18.5422,73.7389,16-05-2024 01:45,2024-05-16 01:45:00,2024,5,16,1,137,72.3
Lavale AWS,18.5422,73.7389,16-05-2024 01:50,2024-05-16 01:50:00,2024,5,16,1,137,73.0
Lavale AWS,18.5422,73.7389,16-05-2024 01:55,2024-05-16 01:55:00,2024,5,16,1,137,72.9
Lavale AWS,18.5422,73.7389,16-05-2024 02:00,2024-05-16 02:00:00,2024,5,16,2,137,73.2
Lavale AWS,18.5422,73.7389,16-05-2024 02:05,2024-05-16 02:05:00,2024,5,16,2,137,73.1
Lavale AWS,18.5422,73.7389,16-05-2024 02:10,2024-05-16 02:10:00,2024,5,16,2,137,72.8
Lavale AWS,18.5422,73.7389,16-05-2024 02:15,2024-05-16 02:15:00,2024,5,16,2,137,73.0
Lavale AWS,18.5422,73.7389,16-05-2024 02:20,2024-05-16 02:20:00,2024,5,16,2,137,73.4
Lavale AWS,18.5422,73.7389,16-05-2024 02:25,2024-05-16 02:25:00,2024,5,16,2,137,73.6
Lavale AWS,18.5422,73.7389,16-05-2024 02:30,2024-05-16 02:30:00,2024,5,16,2,137,73.3
Lavale AWS,18.5422,73.7389,16-05-2024 02:35,2024-05-16 02:35:00,2024,5,16,2,137,74.7
Lavale AWS,18.5422,73.7389,16-05-2024 02:40,2024-05-16 02:40:00,2024,5,16,2,137,75.1
Lavale AWS,18.5422,73.7389,16-05-2024 02:45,2024-05-16 02:45:00,2024,5,16,2,137,75.3
Lavale AWS,18.5422,73.7389,16-05-2024 02:50,2024-05-16 02:50:00,2024,5,16,2,137,75.0
Lavale AWS,18.5422,73.7389,16-05-2024 02:55,2024-05-16 02:55:00,2024,5,16,2,137,74.6
Lavale AWS,18.5422,73.7389,16-05-2024 03:00,2024-05-16 03:00:00,2024,5,16,3,137,74.3
Lavale AWS,18.5422,73.7389,16-05-2024 03:05,2024-05-16 03:05:00,2024,5,16,3,137,74.6
Lavale AWS,18.5422,73.7389,16-05-2024 03:10,2024-05-16 03:10:00,2024,5,16,3,137,74.0
Lavale AWS,18.5422,73.7389,16-05-2024 03:15,2024-05-16 03:15:00,2024,5,16,3,137,73.4
Lavale AWS,18.5422,73.7389,16-05-2024 03:20,2024-05-16 03:20:00,2024,5,16,3,137,73.5
Lavale AWS,18.5422,73.7389,16-05-2024 03:25,2024-05-16 03:25:00,2024,5,16,3,137,73.4
Lavale AWS,18.5422,73.7389,16-05-2024 03:30,2024-05-16 03:30:00,2024,5,16,3,137,72.9
Lavale AWS,18.5422,73.7389,16-05-2024 03:35,2024-05-16 03:35:00,2024,5,16,3,137,72.3
Lavale AWS,18.5422,73.7389,16-05-2024 03:40,2024-05-16 03:40:00,2024,5,16,3,137,72.7
Lavale AWS,18.5422,73.7389,16-05-2024 03:45,2024-05-16 03:45:00,2024,5,16,3,137,72.7
Lavale AWS,18.5422,73.7389,16-05-2024 03:50,2024-05-16 03:50:00,2024,5,16,3,137,71.9
Lavale AWS,18.5422,73.7389,16-05-2024 03:55,2024-05-16 03:55:00,2024,5,16,3,137,71.2
Lavale AWS,18.5422,73.7389,16-05-2024 04:00,2024-05-16 04:00:00,2024,5,16,4,137,70.9
Lavale AWS,18.5422,73.7389,16-05-2024 04:05,2024-05-16 04:05:00,2024,5,16,4,137,71.0
Lavale AWS,18.5422,73.7389,16-05-2024 04:10,2024-05-16 04:10:00,2024,5,16,4,137,71.1
Lavale AWS,18.5422,73.7389,16-05-2024 04:15,2024-05-16 04:15:00,2024,5,16,4,137,71.3
Lavale AWS,18.5422,73.7389,16-05-2024 04:20,2024-05-16 04:20:00,2024,5,16,4,137,70.5
Lavale AWS,18.5422,73.7389,16-05-2024 04:25,2024-05-16 04:25:00,2024,5,16,4,137,70.3
Lavale AWS,18.5422,73.7389,16-05-2024 04:30,2024-05-16 04:30:00,2024,5,16,4,137,70.7
Lavale AWS,18.5422,73.7389,16-05-2024 04:35,2024-05-16 04:35:00,2024,5,16,4,137,70.9
Lavale AWS,18.5422,73.7389,16-05-2024 04:40,2024-05-16 04:40:00,2024,5,16,4,137,70.8
Lavale AWS,18.5422,73.7389,16-05-2024 04:45,2024-05-16 04:45:00,2024,5,16,4,137,71.4
Lavale AWS,18.5422,73.7389,16-05-2024 04:50,2024-05-16 04:50:00,2024,5,16,4,137,71.3
Lavale AWS,18.5422,73.7389,16-05-2024 04:55,2024-05-16 04:55:00,2024,5,16,4,137,71.3
Lavale AWS,18.5422,73.7389,16-05-2024 05:00,2024-05-16 05:00:00,2024,5,16,5,137,70.9
Lavale AWS,18.5422,73.7389,16-05-2024 05:05,2024-05-16 05:05:00,2024,5,16,5,137,70.2
Lavale AWS,18.5422,73.7389,16-05-2024 05:10,2024-05-16 05:10:00,2024,5,16,5,137,69.4
Lavale AWS,18.5422,73.7389,16-05-2024 05:15,2024-05-16 05:15:00,2024,5,16,5,137,69.1
Lavale AWS,18.5422,73.7389,16-05-2024 05:20,2024-05-16 05:20:00,2024,5,16,5,137,68.6
Lavale AWS,18.5422,73.7389,16-05-2024 05:25,2024-05-16 05:25:00,2024,5,16,5,137,67.6
Lavale AWS,18.5422,73.7389,16-05-2024 05:30,2024-05-16 05:30:00,2024,5,16,5,137,66.8
Lavale AWS,18.5422,73.7389,16-05-2024 05:35,2024-05-16 05:35:00,2024,5,16,5,137,66.3
Lavale AWS,18.5422,73.7389,16-05-2024 05:40,2024-05-16 05:40:00,2024,5,16,5,137,66.3
Lavale AWS,18.5422,73.7389,16-05-2024 05:45,2024-05-16 05:45:00,2024,5,16,5,137,65.9
Lavale AWS,18.5422,73.7389,16-05-2024 05:50,2024-05-16 05:50:00,2024,5,16,5,137,65.5
Lavale AWS,18.5422,73.7389,16-05-2024 05:55,2024-05-16 05:55:00,2024,5,16,5,137,64.7
Lavale AWS,18.5422,73.7389,16-05-2024 06:00,2024-05-16 06:00:00,2024,5,16,6,137,64.4
Lavale AWS,18.5422,73.7389,16-05-2024 06:05,2024-05-16 06:05:00,2024,5,16,6,137,64.5
Lavale AWS,18.5422,73.7389,16-05-2024 06:10,2024-05-16 06:10:00,2024,5,16,6,137,64.2
Lavale AWS,18.5422,73.7389,16-05-2024 06:15,2024-05-16 06:15:00,2024,5,16,6,137,63.2
Lavale AWS,18.5422,73.7389,16-05-2024 06:20,2024-05-16 06:20:00,2024,5,16,6,137,62.3
Lavale AWS,18.5422,73.7389,16-05-2024 06:25,2024-05-16 06:25:00,2024,5,16,6,137,62.2
Lavale AWS,18.5422,73.7389,16-05-2024 06:30,2024-05-16 06:30:00,2024,5,16,6,137,61.7
Lavale AWS,18.5422,73.7389,16-05-2024 06:35,2024-05-16 06:35:00,2024,5,16,6,137,61.3
Lavale AWS,18.5422,73.7389,16-05-2024 06:40,2024-05-16 06:40:00,2024,5,16,6,137,60.7
Lavale AWS,18.5422,73.7389,16-05-2024 06:45,2024-05-16 06:45:00,2024,5,16,6,137,60.5
Lavale AWS,18.5422,73.7389,16-05-2024 06:50,2024-05-16 06:50:00,2024,5,16,6,137,60.0
Lavale AWS,18.5422,73.7389,16-05-2024 06:55,2024-05-16 06:55:00,2024,5,16,6,137,59.5
Lavale AWS,18.5422,73.7389,16-05-2024 07:00,2024-05-16 07:00:00,2024,5,16,7,137,58.8
Lavale AWS,18.5422,73.7389,16-05-2024 07:05,2024-05-16 07:05:00,2024,5,16,7,137,58.8
Lavale AWS,18.5422,73.7389,16-05-2024 07:10,2024-05-16 07:10:00,2024,5,16,7,137,58.3
Lavale AWS,18.5422,73.7389,16-05-2024 07:15,2024-05-16 07:15:00,2024,5,16,7,137,58.1
Lavale AWS,18.5422,73.7389,16-05-2024 07:20,2024-05-16 07:20:00,2024,5,16,7,137,57.2
Lavale AWS,18.5422,73.7389,16-05-2024 07:25,2024-05-16 07:25:00,2024,5,16,7,137,57.5
Lavale AWS,18.5422,73.7389,16-05-2024 07:30,2024-05-16 07:30:00,2024,5,16,7,137,57.6
Lavale AWS,18.5422,73.7389,16-05-2024 07:35,2024-05-16 07:35:00,2024,5,16,7,137,56.3
Lavale AWS,18.5422,73.7389,16-05-2024 07:40,2024-05-16 07:40:00,2024,5,16,7,137,55.6
Lavale AWS,18.5422,73.7389,16-05-2024 07:45,2024-05-16 07:45:00,2024,5,16,7,137,55.3
Lavale AWS,18.5422,73.7389,16-05-2024 07:50,2024-05-16 07:50:00,2024,5,16,7,137,54.4
Lavale AWS,18.5422,73.7389,16-05-2024 07:55,2024-05-16 07:55:00,2024,5,16,7,137,53.9
Lavale AWS,18.5422,73.7389,16-05-2024 08:00,2024-05-16 08:00:00,2024,5,16,8,137,53.7
Lavale AWS,18.5422,73.7389,16-05-2024 08:05,2024-05-16 08:05:00,2024,5,16,8,137,53.2
Lavale AWS,18.5422,73.7389,16-05-2024 08:10,2024-05-16 08:10:00,2024,5,16,8,137,53.0
Lavale AWS,18.5422,73.7389,16-05-2024 08:15,2024-05-16 08:15:00,2024,5,16,8,137,52.2
Lavale AWS,18.5422,73.7389,16-05-2024 08:20,2024-05-16 08:20:00,2024,5,16,8,137,50.9
Lavale AWS,18.5422,73.7389,16-05-2024 08:25,2024-05-16 08:25:00,2024,5,16,8,137,50.9
Lavale AWS,18.5422,73.7389,16-05-2024 08:30,2024-05-16 08:30:00,2024,5,16,8,137,50.9
Lavale AWS,18.5422,73.7389,16-05-2024 08:35,2024-05-16 08:35:00,2024,5,16,8,137,51.5
Lavale AWS,18.5422,73.7389,16-05-2024 08:40,2024-05-16 08:40:00,2024,5,16,8,137,50.1
Lavale AWS,18.5422,73.7389,16-05-2024 08:45,2024-05-16 08:45:00,2024,5,16,8,137,50.0
Lavale AWS,18.5422,73.7389,16-05-2024 08:50,2024-05-16 08:50:00,2024,5,16,8,137,48.7
Lavale AWS,18.5422,73.7389,16-05-2024 08:55,2024-05-16 08:55:00,2024,5,16,8,137,49.0
Lavale AWS,18.5422,73.7389,16-05-2024 09:00,2024-05-16 09:00:00,2024,5,16,9,137,48.8
Lavale AWS,18.5422,73.7389,16-05-2024 09:05,2024-05-16 09:05:00,2024,5,16,9,137,48.0
Lavale AWS,18.5422,73.7389,16-05-2024 09:10,2024-05-16 09:10:00,2024,5,16,9,137,47.8
Lavale AWS,18.5422,73.7389,16-05-2024 09:15,2024-05-16 09:15:00,2024,5,16,9,137,47.2
Lavale AWS,18.5422,73.7389,16-05-2024 09:20,2024-05-16 09:20:00,2024,5,16,9,137,46.8
Lavale AWS,18.5422,73.7389,16-05-2024 09:25,2024-05-16 09:25:00,2024,5,16,9,137,46.5
Lavale AWS,18.5422,73.7389,16-05-2024 09:30,2024-05-16 09:30:00,2024,5,16,9,137,46.7
Lavale AWS,18.5422,73.7389,16-05-2024 09:35,2024-05-16 09:35:00,2024,5,16,9,137,47.0
Lavale AWS,18.5422,73.7389,16-05-2024 09:40,2024-05-16 09:40:00,2024,5,16,9,137,46.2
Lavale AWS,18.5422,73.7389,16-05-2024 09:45,2024-05-16 09:45:00,2024,5,16,9,137,46.2
Lavale AWS,18.5422,73.7389,16-05-2024 09:50,2024-05-16 09:50:00,2024,5,16,9,137,45.8
Lavale AWS,18.5422,73.7389,16-05-2024 09:55,2024-05-16 09:55:00,2024,5,16,9,137,44.7
Lavale AWS,18.5422,73.7389,16-05-2024 10:00,2024-05-16 10:00:00,2024,5,16,10,137,44.0
Lavale AWS,18.5422,73.7389,16-05-2024 10:05,2024-05-16 10:05:00,2024,5,16,10,137,44.5
Lavale AWS,18.5422,73.7389,16-05-2024 10:10,2024-05-16 10:10:00,2024,5,16,10,137,44.1
Lavale AWS,18.5422,73.7389,16-05-2024 10:15,2024-05-16 10:15:00,2024,5,16,10,137,44.0
Lavale AWS,18.5422,73.7389,16-05-2024 10:20,2024-05-16 10:20:00,2024,5,16,10,137,43.4
Lavale AWS,18.5422,73.7389,16-05-2024 10:25,2024-05-16 10:25:00,2024,5,16,10,137,42.7
Lavale AWS,18.5422,73.7389,16-05-2024 10:30,2024-05-16 10:30:00,2024,5,16,10,137,42.3
Lavale AWS,18.5422,73.7389,16-05-2024 10:35,2024-05-16 10:35:00,2024,5,16,10,137,41.7
Lavale AWS,18.5422,73.7389,16-05-2024 10:40,2024-05-16 10:40:00,2024,5,16,10,137,40.7
Lavale AWS,18.5422,73.7389,16-05-2024 10:45,2024-05-16 10:45:00,2024,5,16,10,137,39.9
Lavale AWS,18.5422,73.7389,16-05-2024 10:50,2024-05-16 10:50:00,2024,5,16,10,137,39.8
Lavale AWS,18.5422,73.7389,16-05-2024 10:55,2024-05-16 10:55:00,2024,5,16,10,137,39.2
Lavale AWS,18.5422,73.7389,16-05-2024 11:00,2024-05-16 11:00:00,2024,5,16,11,137,38.9
Lavale AWS,18.5422,73.7389,16-05-2024 11:05,2024-05-16 11:05:00,2024,5,16,11,137,38.6
Lavale AWS,18.5422,73.7389,16-05-2024 11:10,2024-05-16 11:10:00,2024,5,16,11,137,38.3
Lavale AWS,18.5422,73.7389,16-05-2024 11:15,2024-05-16 11:15:00,2024,5,16,11,137,38.4
Lavale AWS,18.5422,73.7389,16-05-2024 11:20,2024-05-16 11:20:00,2024,5,16,11,137,37.6
Lavale AWS,18.5422,73.7389,16-05-2024 11:25,2024-05-16 11:25:00,2024,5,16,11,137,37.5
Lavale AWS,18.5422,73.7389,16-05-2024 11:30,2024-05-16 11:30:00,2024,5,16,11,137,37.5
Lavale AWS,18.5422,73.7389,16-05-2024 11:35,2024-05-16 11:35:00,2024,5,16,11,137,37.5
Lavale AWS,18.5422,73.7389,16-05-2024 11:40,2024-05-16 11:40:00,2024,5,16,11,137,36.6
Lavale AWS,18.5422,73.7389,16-05-2024 11:45,2024-05-16 11:45:00,2024,5,16,11,137,36.3
Lavale AWS,18.5422,73.7389,16-05-2024 11:50,2024-05-16 11:50:00,2024,5,16,11,137,36.7
Lavale AWS,18.5422,73.7389,16-05-2024 11:55,2024-05-16 11:55:00,2024,5,16,11,137,36.3
Lavale AWS,18.5422,73.7389,16-05-2024 12:00,2024-05-16 12:00:00,2024,5,16,12,137,36.1
Lavale AWS,18.5422,73.7389,16-05-2024 12:05,2024-05-16 12:05:00,2024,5,16,12,137,36.1
Lavale AWS,18.5422,73.7389,16-05-2024 12:10,2024-05-16 12:10:00,2024,5,16,12,137,35.4
Lavale AWS,18.5422,73.7389,16-05-2024 12:15,2024-05-16 12:15:00,2024,5,16,12,137,35.8
Lavale AWS,18.5422,73.7389,16-05-2024 12:20,2024-05-16 12:20:00,2024,5,16,12,137,35.7
Lavale AWS,18.5422,73.7389,16-05-2024 12:25,2024-05-16 12:25:00,2024,5,16,12,137,35.5
Lavale AWS,18.5422,73.7389,16-05-2024 12:30,2024-05-16 12:30:00,2024,5,16,12,137,34.6
Lavale AWS,18.5422,73.7389,16-05-2024 12:35,2024-05-16 12:35:00,2024,5,16,12,137,34.6
Lavale AWS,18.5422,73.7389,16-05-2024 12:40,2024-05-16 12:40:00,2024,5,16,12,137,34.5
Lavale AWS,18.5422,73.7389,16-05-2024 12:45,2024-05-16 12:45:00,2024,5,16,12,137,34.9
Lavale AWS,18.5422,73.7389,16-05-2024 12:50,2024-05-16 12:50:00,2024,5,16,12,137,34.5
Lavale AWS,18.5422,73.7389,16-05-2024 12:55,2024-05-16 12:55:00,2024,5,16,12,137,33.8
Lavale AWS,18.5422,73.7389,16-05-2024 13:00,2024-05-16 13:00:00,2024,5,16,13,137,33.3
Lavale AWS,18.5422,73.7389,16-05-2024 13:05,2024-05-16 13:05:00,2024,5,16,13,137,32.8
Lavale AWS,18.5422,73.7389,16-05-2024 13:10,2024-05-16 13:10:00,2024,5,16,13,137,32.2
Lavale AWS,18.5422,73.7389,16-05-2024 13:15,2024-05-16 13:15:00,2024,5,16,13,137,32.6
Lavale AWS,18.5422,73.7389,16-05-2024 13:20,2024-05-16 13:20:00,2024,5,16,13,137,32.9
Lavale AWS,18.5422,73.7389,16-05-2024 13:25,2024-05-16 13:25:00,2024,5,16,13,137,32.6
Lavale AWS,18.5422,73.7389,16-05-2024 13:30,2024-05-16 13:30:00,2024,5,16,13,137,32.3
Lavale AWS,18.5422,73.7389,16-05-2024 13:35,2024-05-16 13:35:00,2024,5,16,13,137,31.4
Lavale AWS,18.5422,73.7389,16-05-2024 13:40,2024-05-16 13:40:00,2024,5,16,13,137,31.6
Lavale AWS,18.5422,73.7389,16-05-2024 13:45,2024-05-16 13:45:00,2024,5,16,13,137,32.2
Lavale AWS,18.5422,73.7389,16-05-2024 13:50,2024-05-16 13:50:00,2024,5,16,13,137,31.8
Lavale AWS,18.5422,73.7389,16-05-2024 13:55,2024-05-16 13:55:00,2024,5,16,13,137,31.6
Lavale AWS,18.5422,73.7389,16-05-2024 14:00,2024-05-16 14:00:00,2024,5,16,14,137,31.7
Lavale AWS,18.5422,73.7389,16-05-2024 14:05,2024-05-16 14:05:00,2024,5,16,14,137,32.3
Lavale AWS,18.5422,73.7389,16-05-2024 14:10,2024-05-16 14:10:00,2024,5,16,14,137,32.3
Lavale AWS,18.5422,73.7389,16-05-2024 14:15,2024-05-16 14:15:00,2024,5,16,14,137,32.3
Lavale AWS,18.5422,73.7389,16-05-2024 14:20,2024-05-16 14:20:00,2024,5,16,14,137,32.3
Lavale AWS,18.5422,73.7389,16-05-2024 14:25,2024-05-16 14:25:00,2024,5,16,14,137,31.6
Lavale AWS,18.5422,73.7389,16-05-2024 14:30,2024-05-16 14:30:00,2024,5,16,14,137,31.0
Lavale AWS,18.5422,73.7389,16-05-2024 14:35,2024-05-16 14:35:00,2024,5,16,14,137,30.7
Lavale AWS,18.5422,73.7389,16-05-2024 14:40,2024-05-16 14:40:00,2024,5,16,14,137,31.1
Lavale AWS,18.5422,73.7389,16-05-2024 14:45,2024-05-16 14:45:00,2024,5,16,14,137,31.0
Lavale AWS,18.5422,73.7389,16-05-2024 14:50,2024-05-16 14:50:00,2024,5,16,14,137,30.9
Lavale AWS,18.5422,73.7389,16-05-2024 14:55,2024-05-16 14:55:00,2024,5,16,14,137,30.7
Lavale AWS,18.5422,73.7389,16-05-2024 15:00,2024-05-16 15:00:00,2024,5,16,15,137,30.7
Lavale AWS,18.5422,73.7389,16-05-2024 15:05,2024-05-16 15:05:00,2024,5,16,15,137,31.5
Lavale AWS,18.5422,73.7389,16-05-2024 15:10,2024-05-16 15:10:00,2024,5,16,15,137,31.5
Lavale AWS,18.5422,73.7389,16-05-2024 15:15,2024-05-16 15:15:00,2024,5,16,15,137,31.3
Lavale AWS,18.5422,73.7389,16-05-2024 15:20,2024-05-16 15:20:00,2024,5,16,15,137,31.4
Lavale AWS,18.5422,73.7389,16-05-2024 15:25,2024-05-16 15:25:00,2024,5,16,15,137,32.3
Lavale AWS,18.5422,73.7389,16-05-2024 15:30,2024-05-16 15:30:00,2024,5,16,15,137,32.2
Lavale AWS,18.5422,73.7389,16-05-2024 15:35,2024-05-16 15:35:00,2024,5,16,15,137,31.8
Lavale AWS,18.5422,73.7389,16-05-2024 15:40,2024-05-16 15:40:00,2024,5,16,15,137,31.8
Lavale AWS,18.5422,73.7389,16-05-2024 15:45,2024-05-16 15:45:00,2024,5,16,15,137,32.0
Lavale AWS,18.5422,73.7389,16-05-2024 15:50,2024-05-16 15:50:00,2024,5,16,15,137,32.4
Lavale AWS,18.5422,73.7389,16-05-2024 15:55,2024-05-16 15:55:00,2024,5,16,15,137,33.0
Lavale AWS,18.5422,73.7389,16-05-2024 16:00,2024-05-16 16:00:00,2024,5,16,16,137,32.8
Lavale AWS,18.5422,73.7389,16-05-2024 16:05,2024-05-16 16:05:00,2024,5,16,16,137,32.6
Lavale AWS,18.5422,73.7389,16-05-2024 16:10,2024-05-16 16:10:00,2024,5,16,16,137,32.7
Lavale AWS,18.5422,73.7389,16-05-2024 16:15,2024-05-16 16:15:00,2024,5,16,16,137,33.2
Lavale AWS,18.5422,73.7389,16-05-2024 16:20,2024-05-16 16:20:00,2024,5,16,16,137,32.9
Lavale AWS,18.5422,73.7389,16-05-2024 16:25,2024-05-16 16:25:00,2024,5,16,16,137,33.0
Lavale AWS,18.5422,73.7389,16-05-2024 16:30,2024-05-16 16:30:00,2024,5,16,16,137,33.0
Lavale AWS,18.5422,73.7389,16-05-2024 16:35,2024-05-16 16:35:00,2024,5,16,16,137,33.7
Lavale AWS,18.5422,73.7389,16-05-2024 16:40,2024-05-16 16:40:00,2024,5,16,16,137,34.2
Lavale AWS,18.5422,73.7389,16-05-2024 16:45,2024-05-16 16:45:00,2024,5,16,16,137,34.9
Lavale AWS,18.5422,73.7389,16-05-2024 16:50,2024-05-16 16:50:00,2024,5,16,16,137,35.7
Lavale AWS,18.5422,73.7389,16-05-2024 16:55,2024-05-16 16:55:00,2024,5,16,16,137,35.8
Lavale AWS,18.5422,73.7389,16-05-2024 17:00,2024-05-16 17:00:00,2024,5,16,17,137,35.6
Lavale AWS,18.5422,73.7389,16-05-2024 17:05,2024-05-16 17:05:00,2024,5,16,17,137,35.5
Lavale AWS,18.5422,73.7389,16-05-2024 17:10,2024-05-16 17:10:00,2024,5,16,17,137,35.1
Lavale AWS,18.5422,73.7389,16-05-2024 17:15,2024-05-16 17:15:00,2024,5,16,17,137,35.3
Lavale AWS,18.5422,73.7389,16-05-2024 17:20,2024-05-16 17:20:00,2024,5,16,17,137,35.5
Lavale AWS,18.5422,73.7389,16-05-2024 17:25,2024-05-16 17:25:00,2024,5,16,17,137,36.3
Lavale AWS,18.5422,73.7389,16-05-2024 17:30,2024-05-16 17:30:00,2024,5,16,17,137,36.7
Lavale AWS,18.5422,73.7389,16-05-2024 17:35,2024-05-16 17:35:00,2024,5,16,17,137,36.9
Lavale AWS,18.5422,73.7389,16-05-2024 17:40,2024-05-16 17:40:00,2024,5,16,17,137,37.3
Lavale AWS,18.5422,73.7389,16-05-2024 17:45,2024-05-16 17:45:00,2024,5,16,17,137,37.3
Lavale AWS,18.5422,73.7389,16-05-2024 17:50,2024-05-16 17:50:00,2024,5,16,17,137,38.1
Lavale AWS,18.5422,73.7389,16-05-2024 17:55,2024-05-16 17:55:00,2024,5,16,17,137,38.3
Lavale AWS,18.5422,73.7389,16-05-2024 18:00,2024-05-16 18:00:00,2024,5,16,18,137,38.3
Lavale AWS,18.5422,73.7389,16-05-2024 18:05,2024-05-16 18:05:00,2024,5,16,18,137,39.1
Lavale AWS,18.5422,73.7389,16-05-2024 18:10,2024-05-16 18:10:00,2024,5,16,18,137,39.8
Lavale AWS,18.5422,73.7389,16-05-2024 18:15,2024-05-16 18:15:00,2024,5,16,18,137,39.5
Lavale AWS,18.5422,73.7389,16-05-2024 18:20,2024-05-16 18:20:00,2024,5,16,18,137,40.4
Lavale AWS,18.5422,73.7389,16-05-2024 18:25,2024-05-16 18:25:00,2024,5,16,18,137,40.6
Lavale AWS,18.5422,73.7389,16-05-2024 18:30,2024-05-16 18:30:00,2024,5,16,18,137,40.9
Lavale AWS,18.5422,73.7389,16-05-2024 18:35,2024-05-16 18:35:00,2024,5,16,18,137,41.5
Lavale AWS,18.5422,73.7389,16-05-2024 18:40,2024-05-16 18:40:00,2024,5,16,18,137,42.2
Lavale AWS,18.5422,73.7389,16-05-2024 18:45,2024-05-16 18:45:00,2024,5,16,18,137,42.9
Lavale AWS,18.5422,73.7389,16-05-2024 18:50,2024-05-16 18:50:00,2024,5,16,18,137,43.4
Lavale AWS,18.5422,73.7389,16-05-2024 18:55,2024-05-16 18:55:00,2024,5,16,18,137,43.7
Lavale AWS,18.5422,73.7389,16-05-2024 19:00,2024-05-16 19:00:00,2024,5,16,19,137,44.3
Lavale AWS,18.5422,73.7389,16-05-2024 19:05,2024-05-16 19:05:00,2024,5,16,19,137,44.8
Lavale AWS,18.5422,73.7389,16-05-2024 19:10,2024-05-16 19:10:00,2024,5,16,19,137,46.0
Lavale AWS,18.5422,73.7389,16-05-2024 19:15,2024-05-16 19:15:00,2024,5,16,19,137,46.7
Lavale AWS,18.5422,73.7389,16-05-2024 19:20,2024-05-16 19:20:00,2024,5,16,19,137,46.8
Lavale AWS,18.5422,73.7389,16-05-2024 19:25,2024-05-16 19:25:00,2024,5,16,19,137,47.1
Lavale AWS,18.5422,73.7389,16-05-2024 19:30,2024-05-16 19:30:00,2024,5,16,19,137,47.6
Lavale AWS,18.5422,73.7389,16-05-2024 19:35,2024-05-16 19:35:00,2024,5,16,19,137,48.6
Lavale AWS,18.5422,73.7389,16-05-2024 19:40,2024-05-16 19:40:00,2024,5,16,19,137,49.6
Lavale AWS,18.5422,73.7389,16-05-2024 19:45,2024-05-16 19:45:00,2024,5,16,19,137,49.9
Lavale AWS,18.5422,73.7389,16-05-2024 19:50,2024-05-16 19:50:00,2024,5,16,19,137,50.0
Lavale AWS,18.5422,73.7389,16-05-2024 19:55,2024-05-16 19:55:00,2024,5,16,19,137,50.0
Lavale AWS,18.5422,73.7389,16-05-2024 20:00,2024-05-16 20:00:00,2024,5,16,20,137,50.6
Lavale AWS,18.5422,73.7389,16-05-2024 20:05,2024-05-16 20:05:00,2024,5,16,20,137,52.0
Lavale AWS,18.5422,73.7389,16-05-2024 20:10,2024-05-16 20:10:00,2024,5,16,20,137,52.7
Lavale AWS,18.5422,73.7389,16-05-2024 20:15,2024-05-16 20:15:00,2024,5,16,20,137,52.5
Lavale AWS,18.5422,73.7389,16-05-2024 20:20,2024-05-16 20:20:00,2024,5,16,20,137,52.7
Lavale AWS,18.5422,73.7389,16-05-2024 20:25,2024-05-16 20:25:00,2024,5,16,20,137,52.9
Lavale AWS,18.5422,73.7389,16-05-2024 20:30,2024-05-16 20:30:00,2024,5,16,20,137,53.1
Lavale AWS,18.5422,73.7389,16-05-2024 20:35,2024-05-16 20:35:00,2024,5,16,20,137,53.4
Lavale AWS,18.5422,73.7389,16-05-2024 20:40,2024-05-16 20:40:00,2024,5,16,20,137,54.1
Lavale AWS,18.5422,73.7389,16-05-2024 20:45,2024-05-16 20:45:00,2024,5,16,20,137,54.9
Lavale AWS,18.5422,73.7389,16-05-2024 20:50,2024-05-16 20:50:00,2024,5,16,20,137,55.8
Lavale AWS,18.5422,73.7389,16-05-2024 20:55,2024-05-16 20:55:00,2024,5,16,20,137,56.5
Lavale AWS,18.5422,73.7389,16-05-2024 21:00,2024-05-16 21:00:00,2024,5,16,21,137,56.2
Lavale AWS,18.5422,73.7389,16-05-2024 21:05,2024-05-16 21:05:00,2024,5,16,21,137,56.3
Lavale AWS,18.5422,73.7389,16-05-2024 21:10,2024-05-16 21:10:00,2024,5,16,21,137,56.7
Lavale AWS,18.5422,73.7389,16-05-2024 21:15,2024-05-16 21:15:00,2024,5,16,21,137,57.3
Lavale AWS,18.5422,73.7389,16-05-2024 21:20,2024-05-16 21:20:00,2024,5,16,21,137,58.2
Lavale AWS,18.5422,73.7389,16-05-2024 21:25,2024-05-16 21:25:00,2024,5,16,21,137,58.7
Lavale AWS,18.5422,73.7389,16-05-2024 21:30,2024-05-16 21:30:00,2024,5,16,21,137,59.2
Lavale AWS,18.5422,73.7389,16-05-2024 21:35,2024-05-16 21:35:00,2024,5,16,21,137,59.8
Lavale AWS,18.5422,73.7389,16-05-2024 21:40,2024-05-16 21:40:00,2024,5,16,21,137,60.1
Lavale AWS,18.5422,73.7389,16-05-2024 21:45,2024-05-16 21:45:00,2024,5,16,21,137,60.6
Lavale AWS,18.5422,73.7389,16-05-2024 21:50,2024-05-16 21:50:00,2024,5,16,21,137,61.6
Lavale AWS,18.5422,73.7389,16-05-2024 21:55,2024-05-16 21:55:00,2024,5,16,21,137,62.0
Lavale AWS,18.5422,73.7389,16-05-2024 22:00,2024-05-16 22:00:00,2024,5,16,22,137,62.4
Lavale AWS,18.5422,73.7389,16-05-2024 22:05,2024-05-16 22:05:00,2024,5,16,22,137,62.8
Lavale AWS,18.5422,73.7389,16-05-2024 22:10,2024-05-16 22:10:00,2024,5,16,22,137,63.8
Lavale AWS,18.5422,73.7389,16-05-2024 22:15,2024-05-16 22:15:00,2024,5,16,22,137,63.7
Lavale AWS,18.5422,73.7389,16-05-2024 22:20,2024-05-16 22:20:00,2024,5,16,22,137,64.9
Lavale AWS,18.5422,73.7389,16-05-2024 22:25,2024-05-16 22:25:00,2024,5,16,22,137,64.8
Lavale AWS,18.5422,73.7389,16-05-2024 22:30,2024-05-16 22:30:00,2024,5,16,22,137,64.9
Lavale AWS,18.5422,73.7389,16-05-2024 22:35,2024-05-16 22:35:00,2024,5,16,22,137,65.7
Lavale AWS,18.5422,73.7389,16-05-2024 22:40,2024-05-16 22:40:00,2024,5,16,22,137,66.5
Lavale AWS,18.5422,73.7389,16-05-2024 22:45,2024-05-16 22:45:00,2024,5,16,22,137,66.3
Lavale AWS,18.5422,73.7389,16-05-2024 22:50,2024-05-16 22:50:00,2024,5,16,22,137,66.2
Lavale AWS,18.5422,73.7389,16-05-2024 22:55,2024-05-16 22:55:00,2024,5,16,22,137,66.7
Lavale AWS,18.5422,73.7389,16-05-2024 23:00,2024-05-16 23:00:00,2024,5,16,23,137,68.1
Lavale AWS,18.5422,73.7389,16-05-2024 23:05,2024-05-16 23:05:00,2024,5,16,23,137,68.9
Lavale AWS,18.5422,73.7389,16-05-2024 23:10,2024-05-16 23:10:00,2024,5,16,23,137,69.1
Lavale AWS,18.5422,73.7389,16-05-2024 23:15,2024-05-16 23:15:00,2024,5,16,23,137,68.5
Lavale AWS,18.5422,73.7389,16-05-2024 23:20,2024-05-16 23:20:00,2024,5,16,23,137,68.9
Lavale AWS,18.5422,73.7389,16-05-2024 23:25,2024-05-16 23:25:00,2024,5,16,23,137,69.4
Lavale AWS,18.5422,73.7389,16-05-2024 23:30,2024-05-16 23:30:00,2024,5,16,23,137,69.5
Lavale AWS,18.5422,73.7389,16-05-2024 23:35,2024-05-16 23:35:00,2024,5,16,23,137,69.5
Lavale AWS,18.5422,73.7389,16-05-2024 23:40,2024-05-16 23:40:00,2024,5,16,23,137,69.9
Lavale AWS,18.5422,73.7389,16-05-2024 23:45,2024-05-16 23:45:00,2024,5,16,23,137,69.9
Lavale AWS,18.5422,73.7389,16-05-2024 23:50,2024-05-16 23:50:00,2024,5,16,23,137,71.0
Lavale AWS,18.5422,73.7389,16-05-2024 23:55,2024-05-16 23:55:00,2024,5,16,23,137,71.9
Lavale AWS,18.5422,73.7389,17-05-2024 00:00,2024-05-17 00:00:00,2024,5,17,0,138,72.4
Lavale AWS,18.5422,73.7389,17-05-2024 00:05,2024-05-17 00:05:00,2024,5,17,0,138,72.7
Lavale AWS,18.5422,73.7389,17-05-2024 00:10,2024-05-17 00:10:00,2024,5,17,0,138,72.7
Lavale AWS,18.5422,73.7389,17-05-2024 00:15,2024-05-17 00:15:00,2024,5,17,0,138,72.9
Lavale AWS,18.5422,73.7389,17-05-2024 00:20,2024-05-17 00:20:00,2024,5,17,0,138,73.8
Lavale AWS,18.5422,73.7389,17-05-2024 00:25,2024-05-17 00:25:00,2024,5,17,0,138,74.3
Lavale AWS,18.5422,73.7389,17-05-2024 00:30,2024-05-17 00:30:00,2024,5,17,0,138,74.6
Lavale AWS,18.5422,73.7389,17-05-2024 00:35,2024-05-17 00:35:00,2024,5,17,0,138,75.1
Lavale AWS,18.5422,73.7389,17-05-2024 00:40,2024-05-17 00:40:00,2024,5,17,0,138,75.5
Lavale AWS,18.5422,73.7389,17-05-2024 00:45,2024-05-17 00:45:00,2024,5,17,0,138,75.7
Lavale AWS,18.5422,73.7389,17-05-2024 00:50,2024-05-17 00:50:00,2024,5,17,0,138,76.2
Lavale AWS,18.5422,73.7389,17-05-2024 00:55,2024-05-17 00:55:00,2024,5,17,0,138,76.5
Lavale AWS,18.5422,73.7389,17-05-2024 01:00,2024-05-17 01:00:00,2024,5,17,1,138,76.9
Lavale AWS,18.5422,73.7389,17-05-2024 01:05,2024-05-17 01:05:00,2024,5,17,1,138,77.1
Lavale AWS,18.5422,73.7389,17-05-2024 01:10,2024-05-17 01:10:00,2024,5,17,1,138,77.0
Lavale AWS,18.5422,73.7389,17-05-2024 01:15,2024-05-17 01:15:00,2024,5,17,1,138,76.8
Lavale AWS,18.5422,73.7389,17-05-2024 01:20,2024-05-17 01:20:00,2024,5,17,1,138,76.6
Lavale AWS,18.5422,73.7389,17-05-2024 01:25,2024-05-17 01:25:00,2024,5,17,1,138,76.0
Lavale AWS,18.5422,73.7389,17-05-2024 01:30,2024-05-17 01:30:00,2024,5,17,1,138,75.7
Lavale AWS,18.5422,73.7389,17-05-2024 01:35,2024-05-17 01:35:00,2024,5,17,1,138,75.5
Lavale AWS,18.5422,73.7389,17-05-2024 01:40,2024-05-17 01:40:00,2024,5,17,1,138,75.4
Lavale AWS,18.5422,73.7389,17-05-2024 01:45,2024-05-17 01:45:00,2024,5,17,1,138,76.1
Lavale AWS,18.5422,73.7389,17-05-2024 01:50,2024-05-17 01:50:00,2024,5,17,1,138,76.1
Lavale AWS,18.5422,73.7389,17-05-2024 01:55,2024-05-17 01:55:00,2024,5,17,1,138,76.3
Lavale AWS,18.5422,73.7389,17-05-2024 02:00,2024-05-17 02:00:00,2024,5,17,2,138,76.4
Lavale AWS,18.5422,73.7389,17-05-2024 02:05,2024-05-17 02:05:00,2024,5,17,2,138,77.1
Lavale AWS,18.5422,73.7389,17-05-2024 02:10,2024-05-17 02:10:00,2024,5,17,2,138,76.8
Lavale AWS,18.5422,73.7389,17-05-2024 02:15,2024-05-17 02:15:00,2024,5,17,2,138,76.7
Lavale AWS,18.5422,73.7389,17-05-2024 02:20,2024-05-17 02:20:00,2024,5,17,2,138,76.7
Lavale AWS,18.5422,73.7389,17-05-2024 02:25,2024-05-17 02:25:00,2024,5,17,2,138,77.1
Lavale AWS,18.5422,73.7389,17-05-2024 02:30,2024-05-17 02:30:00,2024,5,17,2,138,77.6
Lavale AWS,18.5422,73.7389,17-05-2024 02:35,2024-05-17 02:35:00,2024,5,17,2,138,77.7
Lavale AWS,18.5422,73.7389,17-05-2024 02:40,2024-05-17 02:40:00,2024,5,17,2,138,78.1
Lavale AWS,18.5422,73.7389,17-05-2024 02:45,2024-05-17 02:45:00,2024,5,17,2,138,78.0
Lavale AWS,18.5422,73.7389,17-05-2024 02:50,2024-05-17 02:50:00,2024,5,17,2,138,77.8
Lavale AWS,18.5422,73.7389,17-05-2024 02:55,2024-05-17 02:55:00,2024,5,17,2,138,78.2
Lavale AWS,18.5422,73.7389,17-05-2024 03:00,2024-05-17 03:00:00,2024,5,17,3,138,78.2
Lavale AWS,18.5422,73.7389,17-05-2024 03:05,2024-05-17 03:05:00,2024,5,17,3,138,77.7
Lavale AWS,18.5422,73.7389,17-05-2024 03:10,2024-05-17 03:10:00,2024,5,17,3,138,77.9
Lavale AWS,18.5422,73.7389,17-05-2024 03:15,2024-05-17 03:15:00,2024,5,17,3,138,77.6
Lavale AWS,18.5422,73.7389,17-05-2024 03:20,2024-05-17 03:20:00,2024,5,17,3,138,77.3
Lavale AWS,18.5422,73.7389,17-05-2024 03:25,2024-05-17 03:25:00,2024,5,17,3,138,77.5
Lavale AWS,18.5422,73.7389,17-05-2024 03:30,2024-05-17 03:30:00,2024,5,17,3,138,77.2
Lavale AWS,18.5422,73.7389,17-05-2024 03:35,2024-05-17 03:35:00,2024,5,17,3,138,77.1
Lavale AWS,18.5422,73.7389,17-05-2024 03:40,2024-05-17 03:40:00,2024,5,17,3,138,77.2
Lavale AWS,18.5422,73.7389,17-05-2024 03:45,2024-05-17 03:45:00,2024,5,17,3,138,76.6
Lavale AWS,18.5422,73.7389,17-05-2024 03:50,2024-05-17 03:50:00,2024,5,17,3,138,76.5
Lavale AWS,18.5422,73.7389,17-05-2024 03:55,2024-05-17 03:55:00,2024,5,17,3,138,76.8
Lavale AWS,18.5422,73.7389,17-05-2024 04:00,2024-05-17 04:00:00,2024,5,17,4,138,76.1
Lavale AWS,18.5422,73.7389,17-05-2024 04:05,2024-05-17 04:05:00,2024,5,17,4,138,76.0
Lavale AWS,18.5422,73.7389,17-05-2024 04:10,2024-05-17 04:10:00,2024,5,17,4,138,75.4
Lavale AWS,18.5422,73.7389,17-05-2024 04:15,2024-05-17 04:15:00,2024,5,17,4,138,75.5
Lavale AWS,18.5422,73.7389,17-05-2024 04:20,2024-05-17 04:20:00,2024,5,17,4,138,75.6
Lavale AWS,18.5422,73.7389,17-05-2024 04:25,2024-05-17 04:25:00,2024,5,17,4,138,75.1
Lavale AWS,18.5422,73.7389,17-05-2024 04:30,2024-05-17 04:30:00,2024,5,17,4,138,75.7
Lavale AWS,18.5422,73.7389,17-05-2024 04:35,2024-05-17 04:35:00,2024,5,17,4,138,75.7
Lavale AWS,18.5422,73.7389,17-05-2024 04:40,2024-05-17 04:40:00,2024,5,17,4,138,75.6
Lavale AWS,18.5422,73.7389,17-05-2024 04:45,2024-05-17 04:45:00,2024,5,17,4,138,75.5
Lavale AWS,18.5422,73.7389,17-05-2024 04:50,2024-05-17 04:50:00,2024,5,17,4,138,75.4
Lavale AWS,18.5422,73.7389,17-05-2024 04:55,2024-05-17 04:55:00,2024,5,17,4,138,74.6
Lavale AWS,18.5422,73.7389,17-05-2024 05:00,2024-05-17 05:00:00,2024,5,17,5,138,74.2
Lavale AWS,18.5422,73.7389,17-05-2024 05:05,2024-05-17 05:05:00,2024,5,17,5,138,73.9
Lavale AWS,18.5422,73.7389,17-05-2024 05:10,2024-05-17 05:10:00,2024,5,17,5,138,73.3
Lavale AWS,18.5422,73.7389,17-05-2024 05:15,2024-05-17 05:15:00,2024,5,17,5,138,73.1
Lavale AWS,18.5422,73.7389,17-05-2024 05:20,2024-05-17 05:20:00,2024,5,17,5,138,73.1
Lavale AWS,18.5422,73.7389,17-05-2024 05:25,2024-05-17 05:25:00,2024,5,17,5,138,72.5
Lavale AWS,18.5422,73.7389,17-05-2024 05:30,2024-05-17 05:30:00,2024,5,17,5,138,72.0
Lavale AWS,18.5422,73.7389,17-05-2024 05:35,2024-05-17 05:35:00,2024,5,17,5,138,71.2
Lavale AWS,18.5422,73.7389,17-05-2024 05:40,2024-05-17 05:40:00,2024,5,17,5,138,70.0
Lavale AWS,18.5422,73.7389,17-05-2024 05:45,2024-05-17 05:45:00,2024,5,17,5,138,69.9
Lavale AWS,18.5422,73.7389,17-05-2024 05:50,2024-05-17 05:50:00,2024,5,17,5,138,69.4
Lavale AWS,18.5422,73.7389,17-05-2024 05:55,2024-05-17 05:55:00,2024,5,17,5,138,69.0
Lavale AWS,18.5422,73.7389,17-05-2024 06:00,2024-05-17 06:00:00,2024,5,17,6,138,68.2
Lavale AWS,18.5422,73.7389,17-05-2024 06:05,2024-05-17 06:05:00,2024,5,17,6,138,67.7
Lavale AWS,18.5422,73.7389,17-05-2024 06:10,2024-05-17 06:10:00,2024,5,17,6,138,67.7
Lavale AWS,18.5422,73.7389,17-05-2024 06:15,2024-05-17 06:15:00,2024,5,17,6,138,67.2
Lavale AWS,18.5422,73.7389,17-05-2024 06:20,2024-05-17 06:20:00,2024,5,17,6,138,66.8
Lavale AWS,18.5422,73.7389,17-05-2024 06:25,2024-05-17 06:25:00,2024,5,17,6,138,66.4
Lavale AWS,18.5422,73.7389,17-05-2024 06:30,2024-05-17 06:30:00,2024,5,17,6,138,65.4
Lavale AWS,18.5422,73.7389,17-05-2024 06:35,2024-05-17 06:35:00,2024,5,17,6,138,65.2
Lavale AWS,18.5422,73.7389,17-05-2024 06:40,2024-05-17 06:40:00,2024,5,17,6,138,64.3
Lavale AWS,18.5422,73.7389,17-05-2024 06:45,2024-05-17 06:45:00,2024,5,17,6,138,63.4
Lavale AWS,18.5422,73.7389,17-05-2024 06:50,2024-05-17 06:50:00,2024,5,17,6,138,62.6
Lavale AWS,18.5422,73.7389,17-05-2024 06:55,2024-05-17 06:55:00,2024,5,17,6,138,62.1
Lavale AWS,18.5422,73.7389,17-05-2024 07:00,2024-05-17 07:00:00,2024,5,17,7,138,61.5
Lavale AWS,18.5422,73.7389,17-05-2024 07:05,2024-05-17 07:05:00,2024,5,17,7,138,61.1
Lavale AWS,18.5422,73.7389,17-05-2024 07:10,2024-05-17 07:10:00,2024,5,17,7,138,60.3
Lavale AWS,18.5422,73.7389,17-05-2024 07:15,2024-05-17 07:15:00,2024,5,17,7,138,60.3
Lavale AWS,18.5422,73.7389,17-05-2024 07:20,2024-05-17 07:20:00,2024,5,17,7,138,60.2
Lavale AWS,18.5422,73.7389,17-05-2024 07:25,2024-05-17 07:25:00,2024,5,17,7,138,59.7
Lavale AWS,18.5422,73.7389,17-05-2024 07:30,2024-05-17 07:30:00,2024,5,17,7,138,59.1
Lavale AWS,18.5422,73.7389,17-05-2024 07:35,2024-05-17 07:35:00,2024,5,17,7,138,58.4
Lavale AWS,18.5422,73.7389,17-05-2024 07:40,2024-05-17 07:40:00,2024,5,17,7,138,57.8
Lavale AWS,18.5422,73.7389,17-05-2024 07:45,2024-05-17 07:45:00,2024,5,17,7,138,56.8
Lavale AWS,18.5422,73.7389,17-05-2024 07:50,2024-05-17 07:50:00,2024,5,17,7,138,56.0
Lavale AWS,18.5422,73.7389,17-05-2024 07:55,2024-05-17 07:55:00,2024,5,17,7,138,56.0
Lavale AWS,18.5422,73.7389,17-05-2024 08:00,2024-05-17 08:00:00,2024,5,17,8,138,55.7
Lavale AWS,18.5422,73.7389,17-05-2024 08:05,2024-05-17 08:05:00,2024,5,17,8,138,55.9
Lavale AWS,18.5422,73.7389,17-05-2024 08:10,2024-05-17 08:10:00,2024,5,17,8,138,55.3
Lavale AWS,18.5422,73.7389,17-05-2024 08:15,2024-05-17 08:15:00,2024,5,17,8,138,54.7
Lavale AWS,18.5422,73.7389,17-05-2024 08:20,2024-05-17 08:20:00,2024,5,17,8,138,54.1
Lavale AWS,18.5422,73.7389,17-05-2024 08:25,2024-05-17 08:25:00,2024,5,17,8,138,53.5
Lavale AWS,18.5422,73.7389,17-05-2024 08:30,2024-05-17 08:30:00,2024,5,17,8,138,52.8
Lavale AWS,18.5422,73.7389,17-05-2024 08:35,2024-05-17 08:35:00,2024,5,17,8,138,52.4
Lavale AWS,18.5422,73.7389,17-05-2024 08:40,2024-05-17 08:40:00,2024,5,17,8,138,52.0
Lavale AWS,18.5422,73.7389,17-05-2024 08:45,2024-05-17 08:45:00,2024,5,17,8,138,51.4
Lavale AWS,18.5422,73.7389,17-05-2024 08:50,2024-05-17 08:50:00,2024,5,17,8,138,51.4
Lavale AWS,18.5422,73.7389,17-05-2024 08:55,2024-05-17 08:55:00,2024,5,17,8,138,51.7
Lavale AWS,18.5422,73.7389,17-05-2024 09:00,2024-05-17 09:00:00,2024,5,17,9,138,51.7
Lavale AWS,18.5422,73.7389,17-05-2024 09:05,2024-05-17 09:05:00,2024,5,17,9,138,51.4
Lavale AWS,18.5422,73.7389,17-05-2024 09:10,2024-05-17 09:10:00,2024,5,17,9,138,51.1
Lavale AWS,18.5422,73.7389,17-05-2024 09:15,2024-05-17 09:15:00,2024,5,17,9,138,51.3
Lavale AWS,18.5422,73.7389,17-05-2024 09:20,2024-05-17 09:20:00,2024,5,17,9,138,51.1
Lavale AWS,18.5422,73.7389,17-05-2024 09:25,2024-05-17 09:25:00,2024,5,17,9,138,50.2
Lavale AWS,18.5422,73.7389,17-05-2024 09:30,2024-05-17 09:30:00,2024,5,17,9,138,49.8
Lavale AWS,18.5422,73.7389,17-05-2024 09:35,2024-05-17 09:35:00,2024,5,17,9,138,49.5
Lavale AWS,18.5422,73.7389,17-05-2024 09:40,2024-05-17 09:40:00,2024,5,17,9,138,48.6
Lavale AWS,18.5422,73.7389,17-05-2024 09:45,2024-05-17 09:45:00,2024,5,17,9,138,47.9
Lavale AWS,18.5422,73.7389,17-05-2024 09:50,2024-05-17 09:50:00,2024,5,17,9,138,47.8
Lavale AWS,18.5422,73.7389,17-05-2024 09:55,2024-05-17 09:55:00,2024,5,17,9,138,46.5
Lavale AWS,18.5422,73.7389,17-05-2024 10:00,2024-05-17 10:00:00,2024,5,17,10,138,45.5
Lavale AWS,18.5422,73.7389,17-05-2024 10:05,2024-05-17 10:05:00,2024,5,17,10,138,45.0
Lavale AWS,18.5422,73.7389,17-05-2024 10:10,2024-05-17 10:10:00,2024,5,17,10,138,44.7
Lavale AWS,18.5422,73.7389,17-05-2024 10:15,2024-05-17 10:15:00,2024,5,17,10,138,43.7
Lavale AWS,18.5422,73.7389,17-05-2024 10:20,2024-05-17 10:20:00,2024,5,17,10,138,43.2
Lavale AWS,18.5422,73.7389,17-05-2024 10:25,2024-05-17 10:25:00,2024,5,17,10,138,43.2
Lavale AWS,18.5422,73.7389,17-05-2024 10:30,2024-05-17 10:30:00,2024,5,17,10,138,42.8
Lavale AWS,18.5422,73.7389,17-05-2024 10:35,2024-05-17 10:35:00,2024,5,17,10,138,42.8
Lavale AWS,18.5422,73.7389,17-05-2024 10:40,2024-05-17 10:40:00,2024,5,17,10,138,42.1
Lavale AWS,18.5422,73.7389,17-05-2024 10:45,2024-05-17 10:45:00,2024,5,17,10,138,41.3
Lavale AWS,18.5422,73.7389,17-05-2024 10:50,2024-05-17 10:50:00,2024,5,17,10,138,41.2
Lavale AWS,18.5422,73.7389,17-05-2024 10:55,2024-05-17 10:55:00,2024,5,17,10,138,41.0
Lavale AWS,18.5422,73.7389,17-05-2024 11:00,2024-05-17 11:00:00,2024,5,17,11,138,40.1
Lavale AWS,18.5422,73.7389,17-05-2024 11:05,2024-05-17 11:05:00,2024,5,17,11,138,39.4
Lavale AWS,18.5422,73.7389,17-05-2024 11:10,2024-05-17 11:10:00,2024,5,17,11,138,39.6
Lavale AWS,18.5422,73.7389,17-05-2024 11:15,2024-05-17 11:15:00,2024,5,17,11,138,38.9
Lavale AWS,18.5422,73.7389,17-05-2024 11:20,2024-05-17 11:20:00,2024,5,17,11,138,38.9
Lavale AWS,18.5422,73.7389,17-05-2024 11:25,2024-05-17 11:25:00,2024,5,17,11,138,38.3
Lavale AWS,18.5422,73.7389,17-05-2024 11:30,2024-05-17 11:30:00,2024,5,17,11,138,38.0
Lavale AWS,18.5422,73.7389,17-05-2024 11:35,2024-05-17 11:35:00,2024,5,17,11,138,37.7
Lavale AWS,18.5422,73.7389,17-05-2024 11:40,2024-05-17 11:40:00,2024,5,17,11,138,36.5
Lavale AWS,18.5422,73.7389,17-05-2024 11:45,2024-05-17 11:45:00,2024,5,17,11,138,35.6
Lavale AWS,18.5422,73.7389,17-05-2024 11:50,2024-05-17 11:50:00,2024,5,17,11,138,35.4
Lavale AWS,18.5422,73.7389,17-05-2024 11:55,2024-05-17 11:55:00,2024,5,17,11,138,34.9
Lavale AWS,18.5422,73.7389,17-05-2024 12:00,2024-05-17 12:00:00,2024,5,17,12,138,35.0
Lavale AWS,18.5422,73.7389,17-05-2024 12:05,2024-05-17 12:05:00,2024,5,17,12,138,34.1
Lavale AWS,18.5422,73.7389,17-05-2024 12:10,2024-05-17 12:10:00,2024,5,17,12,138,34.1
Lavale AWS,18.5422,73.7389,17-05-2024 12:15,2024-05-17 12:15:00,2024,5,17,12,138,33.4
Lavale AWS,18.5422,73.7389,17-05-2024 12:20,2024-05-17 12:20:00,2024,5,17,12,138,33.0
Lavale AWS,18.5422,73.7389,17-05-2024 12:25,2024-05-17 12:25:00,2024,5,17,12,138,32.4
Lavale AWS,18.5422,73.7389,17-05-2024 12:30,2024-05-17 12:30:00,2024,5,17,12,138,33.0
Lavale AWS,18.5422,73.7389,17-05-2024 12:35,2024-05-17 12:35:00,2024,5,17,12,138,32.3
Lavale AWS,18.5422,73.7389,17-05-2024 12:40,2024-05-17 12:40:00,2024,5,17,12,138,32.1
Lavale AWS,18.5422,73.7389,17-05-2024 12:45,2024-05-17 12:45:00,2024,5,17,12,138,31.3
Lavale AWS,18.5422,73.7389,17-05-2024 12:50,2024-05-17 12:50:00,2024,5,17,12,138,31.8
Lavale AWS,18.5422,73.7389,17-05-2024 12:55,2024-05-17 12:55:00,2024,5,17,12,138,31.8
Lavale AWS,18.5422,73.7389,17-05-2024 13:00,2024-05-17 13:00:00,2024,5,17,13,138,31.7
Lavale AWS,18.5422,73.7389,17-05-2024 13:05,2024-05-17 13:05:00,2024,5,17,13,138,32.2
Lavale AWS,18.5422,73.7389,17-05-2024 13:10,2024-05-17 13:10:00,2024,5,17,13,138,32.1
Lavale AWS,18.5422,73.7389,17-05-2024 13:15,2024-05-17 13:15:00,2024,5,17,13,138,32.0
Lavale AWS,18.5422,73.7389,17-05-2024 13:20,2024-05-17 13:20:00,2024,5,17,13,138,31.9
Lavale AWS,18.5422,73.7389,17-05-2024 13:25,2024-05-17 13:25:00,2024,5,17,13,138,32.0
Lavale AWS,18.5422,73.7389,17-05-2024 13:30,2024-05-17 13:30:00,2024,5,17,13,138,31.7
Lavale AWS,18.5422,73.7389,17-05-2024 13:35,2024-05-17 13:35:00,2024,5,17,13,138,31.5
Lavale AWS,18.5422,73.7389,17-05-2024 13:40,2024-05-17 13:40:00,2024,5,17,13,138,31.7
Lavale AWS,18.5422,73.7389,17-05-2024 13:45,2024-05-17 13:45:00,2024,5,17,13,138,31.7
Lavale AWS,18.5422,73.7389,17-05-2024 13:50,2024-05-17 13:50:00,2024,5,17,13,138,31.5
Lavale AWS,18.5422,73.7389,17-05-2024 13:55,2024-05-17 13:55:00,2024,5,17,13,138,30.9
Lavale AWS,18.5422,73.7389,17-05-2024 14:00,2024-05-17 14:00:00,2024,5,17,14,138,31.4
Lavale AWS,18.5422,73.7389,17-05-2024 14:05,2024-05-17 14:05:00,2024,5,17,14,138,31.1
Lavale AWS,18.5422,73.7389,17-05-2024 14:10,2024-05-17 14:10:00,2024,5,17,14,138,31.4
Lavale AWS,18.5422,73.7389,17-05-2024 14:15,2024-05-17 14:15:00,2024,5,17,14,138,31.4
Lavale AWS,18.5422,73.7389,17-05-2024 14:20,2024-05-17 14:20:00,2024,5,17,14,138,30.8
Lavale AWS,18.5422,73.7389,17-05-2024 14:25,2024-05-17 14:25:00,2024,5,17,14,138,31.3
Lavale AWS,18.5422,73.7389,17-05-2024 14:30,2024-05-17 14:30:00,2024,5,17,14,138,31.4
Lavale AWS,18.5422,73.7389,17-05-2024 14:35,2024-05-17 14:35:00,2024,5,17,14,138,31.9
Lavale AWS,18.5422,73.7389,17-05-2024 14:40,2024-05-17 14:40:00,2024,5,17,14,138,31.8
Lavale AWS,18.5422,73.7389,17-05-2024 14:45,2024-05-17 14:45:00,2024,5,17,14,138,32.0
Lavale AWS,18.5422,73.7389,17-05-2024 14:50,2024-05-17 14:50:00,2024,5,17,14,138,31.3
Lavale AWS,18.5422,73.7389,17-05-2024 14:55,2024-05-17 14:55:00,2024,5,17,14,138,31.1
Lavale AWS,18.5422,73.7389,17-05-2024 15:00,2024-05-17 15:00:00,2024,5,17,15,138,30.6
Lavale AWS,18.5422,73.7389,17-05-2024 15:05,2024-05-17 15:05:00,2024,5,17,15,138,30.6
Lavale AWS,18.5422,73.7389,17-05-2024 15:10,2024-05-17 15:10:00,2024,5,17,15,138,30.8
Lavale AWS,18.5422,73.7389,17-05-2024 15:15,2024-05-17 15:15:00,2024,5,17,15,138,30.7
Lavale AWS,18.5422,73.7389,17-05-2024 15:20,2024-05-17 15:20:00,2024,5,17,15,138,31.1
Lavale AWS,18.5422,73.7389,17-05-2024 15:25,2024-05-17 15:25:00,2024,5,17,15,138,30.9
Lavale AWS,18.5422,73.7389,17-05-2024 15:30,2024-05-17 15:30:00,2024,5,17,15,138,31.4
Lavale AWS,18.5422,73.7389,17-05-2024 15:35,2024-05-17 15:35:00,2024,5,17,15,138,32.0
Lavale AWS,18.5422,73.7389,17-05-2024 15:40,2024-05-17 15:40:00,2024,5,17,15,138,32.5
Lavale AWS,18.5422,73.7389,17-05-2024 15:45,2024-05-17 15:45:00,2024,5,17,15,138,32.5
Lavale AWS,18.5422,73.7389,17-05-2024 15:50,2024-05-17 15:50:00,2024,5,17,15,138,31.8
Lavale AWS,18.5422,73.7389,17-05-2024 15:55,2024-05-17 15:55:00,2024,5,17,15,138,32.2
Lavale AWS,18.5422,73.7389,17-05-2024 16:00,2024-05-17 16:00:00,2024,5,17,16,138,32.3
Lavale AWS,18.5422,73.7389,17-05-2024 16:05,2024-05-17 16:05:00,2024,5,17,16,138,32.1
Lavale AWS,18.5422,73.7389,17-05-2024 16:10,2024-05-17 16:10:00,2024,5,17,16,138,32.0
Lavale AWS,18.5422,73.7389,17-05-2024 16:15,2024-05-17 16:15:00,2024,5,17,16,138,32.8
Lavale AWS,18.5422,73.7389,17-05-2024 16:20,2024-05-17 16:20:00,2024,5,17,16,138,32.6
Lavale AWS,18.5422,73.7389,17-05-2024 16:25,2024-05-17 16:25:00,2024,5,17,16,138,33.0
Lavale AWS,18.5422,73.7389,17-05-2024 16:30,2024-05-17 16:30:00,2024,5,17,16,138,33.3
Lavale AWS,18.5422,73.7389,17-05-2024 16:35,2024-05-17 16:35:00,2024,5,17,16,138,33.4
Lavale AWS,18.5422,73.7389,17-05-2024 16:40,2024-05-17 16:40:00,2024,5,17,16,138,33.9
Lavale AWS,18.5422,73.7389,17-05-2024 16:45,2024-05-17 16:45:00,2024,5,17,16,138,34.9
Lavale AWS,18.5422,73.7389,17-05-2024 16:50,2024-05-17 16:50:00,2024,5,17,16,138,35.0
Lavale AWS,18.5422,73.7389,17-05-2024 16:55,2024-05-17 16:55:00,2024,5,17,16,138,35.1
Lavale AWS,18.5422,73.7389,17-05-2024 17:00,2024-05-17 17:00:00,2024,5,17,17,138,35.6
Lavale AWS,18.5422,73.7389,17-05-2024 17:05,2024-05-17 17:05:00,2024,5,17,17,138,36.2
Lavale AWS,18.5422,73.7389,17-05-2024 17:10,2024-05-17 17:10:00,2024,5,17,17,138,36.4
Lavale AWS,18.5422,73.7389,17-05-2024 17:15,2024-05-17 17:15:00,2024,5,17,17,138,36.6
Lavale AWS,18.5422,73.7389,17-05-2024 17:20,2024-05-17 17:20:00,2024,5,17,17,138,35.9
Lavale AWS,18.5422,73.7389,17-05-2024 17:25,2024-05-17 17:25:00,2024,5,17,17,138,36.0
Lavale AWS,18.5422,73.7389,17-05-2024 17:30,2024-05-17 17:30:00,2024,5,17,17,138,35.8
Lavale AWS,18.5422,73.7389,17-05-2024 17:35,2024-05-17 17:35:00,2024,5,17,17,138,36.5
Lavale AWS,18.5422,73.7389,17-05-2024 17:40,2024-05-17 17:40:00,2024,5,17,17,138,36.8
Lavale AWS,18.5422,73.7389,17-05-2024 17:45,2024-05-17 17:45:00,2024,5,17,17,138,37.0
Lavale AWS,18.5422,73.7389,17-05-2024 17:50,2024-05-17 17:50:00,2024,5,17,17,138,37.4
Lavale AWS,18.5422,73.7389,17-05-2024 17:55,2024-05-17 17:55:00,2024,5,17,17,138,37.5
Lavale AWS,18.5422,73.7389,17-05-2024 18:00,2024-05-17 18:00:00,2024,5,17,18,138,38.5
Lavale AWS,18.5422,73.7389,17-05-2024 18:05,2024-05-17 18:05:00,2024,5,17,18,138,39.4
Lavale AWS,18.5422,73.7389,17-05-2024 18:10,2024-05-17 18:10:00,2024,5,17,18,138,40.4
Lavale AWS,18.5422,73.7389,17-05-2024 18:15,2024-05-17 18:15:00,2024,5,17,18,138,41.0
Lavale AWS,18.5422,73.7389,17-05-2024 18:20,2024-05-17 18:20:00,2024,5,17,18,138,41.4
Lavale AWS,18.5422,73.7389,17-05-2024 18:25,2024-05-17 18:25:00,2024,5,17,18,138,42.3
Lavale AWS,18.5422,73.7389,17-05-2024 18:30,2024-05-17 18:30:00,2024,5,17,18,138,42.4
Lavale AWS,18.5422,73.7389,17-05-2024 18:35,2024-05-17 18:35:00,2024,5,17,18,138,42.4
Lavale AWS,18.5422,73.7389,17-05-2024 18:40,2024-05-17 18:40:00,2024,5,17,18,138,42.5
Lavale AWS,18.5422,73.7389,17-05-2024 18:45,2024-05-17 18:45:00,2024,5,17,18,138,43.1
Lavale AWS,18.5422,73.7389,17-05-2024 18:50,2024-05-17 18:50:00,2024,5,17,18,138,43.2
Lavale AWS,18.5422,73.7389,17-05-2024 18:55,2024-05-17 18:55:00,2024,5,17,18,138,43.5
Lavale AWS,18.5422,73.7389,17-05-2024 19:00,2024-05-17 19:00:00,2024,5,17,19,138,43.3
Lavale AWS,18.5422,73.7389,17-05-2024 19:05,2024-05-17 19:05:00,2024,5,17,19,138,43.9
Lavale AWS,18.5422,73.7389,17-05-2024 19:10,2024-05-17 19:10:00,2024,5,17,19,138,43.8
Lavale AWS,18.5422,73.7389,17-05-2024 19:15,2024-05-17 19:15:00,2024,5,17,19,138,43.9
Lavale AWS,18.5422,73.7389,17-05-2024 19:20,2024-05-17 19:20:00,2024,5,17,19,138,44.8
Lavale AWS,18.5422,73.7389,17-05-2024 19:25,2024-05-17 19:25:00,2024,5,17,19,138,45.8
Lavale AWS,18.5422,73.7389,17-05-2024 19:30,2024-05-17 19:30:00,2024,5,17,19,138,46.4
Lavale AWS,18.5422,73.7389,17-05-2024 19:35,2024-05-17 19:35:00,2024,5,17,19,138,46.9
Lavale AWS,18.5422,73.7389,17-05-2024 19:40,2024-05-17 19:40:00,2024,5,17,19,138,47.2
Lavale AWS,18.5422,73.7389,17-05-2024 19:45,2024-05-17 19:45:00,2024,5,17,19,138,47.3
Lavale AWS,18.5422,73.7389,17-05-2024 19:50,2024-05-17 19:50:00,2024,5,17,19,138,47.6
Lavale AWS,18.5422,73.7389,17-05-2024 19:55,2024-05-17 19:55:00,2024,5,17,19,138,47.5
Lavale AWS,18.5422,73.7389,17-05-2024 20:00,2024-05-17 20:00:00,2024,5,17,20,138,48.1
Lavale AWS,18.5422,73.7389,17-05-2024 20:05,2024-05-17 20:05:00,2024,5,17,20,138,48.6
Lavale AWS,18.5422,73.7389,17-05-2024 20:10,2024-05-17 20:10:00,2024,5,17,20,138,48.8
Lavale AWS,18.5422,73.7389,17-05-2024 20:15,2024-05-17 20:15:00,2024,5,17,20,138,49.9
Lavale AWS,18.5422,73.7389,17-05-2024 20:20,2024-05-17 20:20:00,2024,5,17,20,138,50.6
Lavale AWS,18.5422,73.7389,17-05-2024 20:25,2024-05-17 20:25:00,2024,5,17,20,138,51.4
Lavale AWS,18.5422,73.7389,17-05-2024 20:30,2024-05-17 20:30:00,2024,5,17,20,138,51.7
Lavale AWS,18.5422,73.7389,17-05-2024 20:35,2024-05-17 20:35:00,2024,5,17,20,138,52.1
Lavale AWS,18.5422,73.7389,17-05-2024 20:40,2024-05-17 20:40:00,2024,5,17,20,138,52.8
Lavale AWS,18.5422,73.7389,17-05-2024 20:45,2024-05-17 20:45:00,2024,5,17,20,138,53.4
Lavale AWS,18.5422,73.7389,17-05-2024 20:50,2024-05-17 20:50:00,2024,5,17,20,138,54.4
Lavale AWS,18.5422,73.7389,17-05-2024 20:55,2024-05-17 20:55:00,2024,5,17,20,138,54.8
Lavale AWS,18.5422,73.7389,17-05-2024 21:00,2024-05-17 21:00:00,2024,5,17,21,138,55.0
Lavale AWS,18.5422,73.7389,17-05-2024 21:05,2024-05-17 21:05:00,2024,5,17,21,138,55.7
Lavale AWS,18.5422,73.7389,17-05-2024 21:10,2024-05-17 21:10:00,2024,5,17,21,138,55.6
Lavale AWS,18.5422,73.7389,17-05-2024 21:15,2024-05-17 21:15:00,2024,5,17,21,138,56.4
Lavale AWS,18.5422,73.7389,17-05-2024 21:20,2024-05-17 21:20:00,2024,5,17,21,138,56.3
Lavale AWS,18.5422,73.7389,17-05-2024 21:25,2024-05-17 21:25:00,2024,5,17,21,138,57.0
Lavale AWS,18.5422,73.7389,17-05-2024 21:30,2024-05-17 21:30:00,2024,5,17,21,138,57.2
Lavale AWS,18.5422,73.7389,17-05-2024 21:35,2024-05-17 21:35:00,2024,5,17,21,138,57.8
Lavale AWS,18.5422,73.7389,17-05-2024 21:40,2024-05-17 21:40:00,2024,5,17,21,138,58.6
Lavale AWS,18.5422,73.7389,17-05-2024 21:45,2024-05-17 21:45:00,2024,5,17,21,138,59.1
Lavale AWS,18.5422,73.7389,17-05-2024 21:50,2024-05-17 21:50:00,2024,5,17,21,138,59.0
Lavale AWS,18.5422,73.7389,17-05-2024 21:55,2024-05-17 21:55:00,2024,5,17,21,138,59.1
Lavale AWS,18.5422,73.7389,17-05-2024 22:00,2024-05-17 22:00:00,2024,5,17,22,138,59.3
Lavale AWS,18.5422,73.7389,17-05-2024 22:05,2024-05-17 22:05:00,2024,5,17,22,138,59.0
Lavale AWS,18.5422,73.7389,17-05-2024 22:10,2024-05-17 22:10:00,2024,5,17,22,138,59.9
Lavale AWS,18.5422,73.7389,17-05-2024 22:15,2024-05-17 22:15:00,2024,5,17,22,138,60.4
Lavale AWS,18.5422,73.7389,17-05-2024 22:20,2024-05-17 22:20:00,2024,5,17,22,138,60.4
Lavale AWS,18.5422,73.7389,17-05-2024 22:25,2024-05-17 22:25:00,2024,5,17,22,138,61.4
Lavale AWS,18.5422,73.7389,17-05-2024 22:30,2024-05-17 22:30:00,2024,5,17,22,138,61.6
Lavale AWS,18.5422,73.7389,17-05-2024 22:35,2024-05-17 22:35:00,2024,5,17,22,138,62.1
Lavale AWS,18.5422,73.7389,17-05-2024 22:40,2024-05-17 22:40:00,2024,5,17,22,138,62.2
Lavale AWS,18.5422,73.7389,17-05-2024 22:45,2024-05-17 22:45:00,2024,5,17,22,138,61.8
Lavale AWS,18.5422,73.7389,17-05-2024 22:50,2024-05-17 22:50:00,2024,5,17,22,138,61.7
Lavale AWS,18.5422,73.7389,17-05-2024 22:55,2024-05-17 22:55:00,2024,5,17,22,138,62.0
Lavale AWS,18.5422,73.7389,17-05-2024 23:00,2024-05-17 23:00:00,2024,5,17,23,138,62.9
Lavale AWS,18.5422,73.7389,17-05-2024 23:05,2024-05-17 23:05:00,2024,5,17,23,138,63.5
Lavale AWS,18.5422,73.7389,17-05-2024 23:10,2024-05-17 23:10:00,2024,5,17,23,138,63.9
Lavale AWS,18.5422,73.7389,17-05-2024 23:15,2024-05-17 23:15:00,2024,5,17,23,138,63.6
Lavale AWS,18.5422,73.7389,17-05-2024 23:20,2024-05-17 23:20:00,2024,5,17,23,138,64.5
Lavale AWS,18.5422,73.7389,17-05-2024 23:25,2024-05-17 23:25:00,2024,5,17,23,138,65.0
Lavale AWS,18.5422,73.7389,17-05-2024 23:30,2024-05-17 23:30:00,2024,5,17,23,138,65.3
Lavale AWS,18.5422,73.7389,17-05-2024 23:35,2024-05-17 23:35:00,2024,5,17,23,138,66.2
Lavale AWS,18.5422,73.7389,17-05-2024 23:40,2024-05-17 23:40:00,2024,5,17,23,138,67.0
Lavale AWS,18.5422,73.7389,17-05-2024 23:45,2024-05-17 23:45:00,2024,5,17,23,138,67.8
Lavale AWS,18.5422,73.7389,17-05-2024 23:50,2024-05-17 23:50:00,2024,5,17,23,138,68.0
Lavale AWS,18.5422,73.7389,17-05-2024 23:55,2024-05-17 23:55:00,2024,5,17,23,138,67.9
