station_id,latitude,longitude,original_time,timestamp,year,month,day,hour,day_of_year,pressure
CWPRS campus,18.446944,73.785,11-05-2024 00:00,2024-05-11 00:00:00,2024,5,11,0,132,952.7
CWPRS campus,18.446944,73.785,11-05-2024 00:05,2024-05-11 00:05:00,2024,5,11,0,132,952.74
CWPRS campus,18.446944,73.785,11-05-2024 00:10,2024-05-11 00:10:00,2024,5,11,0,132,952.59
CWPRS campus,18.446944,73.785,11-05-2024 00:15,2024-05-11 00:15:00,2024,5,11,0,132,952.48
CWPRS campus,18.446944,73.785,11-05-2024 00:20,2024-05-11 00:20:00,2024,5,11,0,132,952.23
CWPRS campus,18.446944,73.785,11-05-2024 00:25,2024-05-11 00:25:00,2024,5,11,0,132,952.16
CWPRS campus,18.446944,73.785,11-05-2024 00:30,2024-05-11 00:30:00,2024,5,11,0,132,952.23
CWPRS campus,18.446944,73.785,11-05-2024 00:35,2024-05-11 00:35:00,2024,5,11,0,132,952.27
CWPRS campus,18.446944,73.785,11-05-2024 00:40,2024-05-11 00:40:00,2024,5,11,0,132,952.25
CWPRS campus,18.446944,73.785,11-05-2024 00:45,2024-05-11 00:45:00,2024,5,11,0,132,952.25
CWPRS campus,18.446944,73.785,11-05-2024 00:50,2024-05-11 00:50:00,2024,5,11,0,132,952.2
CWPRS campus,18.446944,73.785,11-05-2024 00:55,2024-05-11 00:55:00,2024,5,11,0,132,952.22
CWPRS campus,18.446944,73.785,11-05-2024 01:00,2024-05-11 01:00:00,2024,5,11,1,132,952.29
CWPRS campus,18.446944,73.785,11-05-2024 01:05,2024-05-11 01:05:00,2024,5,11,1,132,952.17
CWPRS campus,18.446944,73.785,11-05-2024 01:10,2024-05-11 01:10:00,2024,5,11,1,132,952.21
CWPRS campus,18.446944,73.785,11-05-2024 01:15,2024-05-11 01:15:00,2024,5,11,1,132,952.3
CWPRS campus,18.446944,73.785,11-05-2024 01:20,2024-05-11 01:20:00,2024,5,11,1,132,952.29
CWPRS campus,18.446944,73.785,11-05-2024 01:25,2024-05-11 01:25:00,2024,5,11,1,132,952.36
CWPRS campus,18.446944,73.785,11-05-2024 01:30,2024-05-11 01:30:00,2024,5,11,1,132,952.61
CWPRS campus,18.446944,73.785,11-05-2024 01:35,2024-05-11 01:35:00,2024,5,11,1,132,952.62
CWPRS campus,18.446944,73.785,11-05-2024 01:40,2024-05-11 01:40:00,2024,5,11,1,132,952.67
CWPRS campus,18.446944,73.785,11-05-2024 01:45,2024-05-11 01:45:00,2024,5,11,1,132,952.63
CWPRS campus,18.446944,73.785,11-05-2024 01:50,2024-05-11 01:50:00,2024,5,11,1,132,952.66
CWPRS campus,18.446944,73.785,11-05-2024 01:55,2024-05-11 01:55:00,2024,5,11,1,132,952.73
CWPRS campus,18.446944,73.785,11-05-2024 02:00,2024-05-11 02:00:00,2024,5,11,2,132,952.77
CWPRS campus,18.446944,73.785,11-05-2024 02:05,2024-05-11 02:05:00,2024,5,11,2,132,952.72
CWPRS campus,18.446944,73.785,11-05-2024 02:10,2024-05-11 02:10:00,2024,5,11,2,132,952.77
CWPRS campus,18.446944,73.785,11-05-2024 02:15,2024-05-11 02:15:00,2024,5,11,2,132,952.92
CWPRS campus,18.446944,73.785,11-05-2024 02:20,2024-05-11 02:20:00,2024,5,11,2,132,952.99
CWPRS campus,18.446944,73.785,11-05-2024 02:25,2024-05-11 02:25:00,2024,5,11,2,132,953.1
CWPRS campus,18.446944,73.785,11-05-2024 02:30,2024-05-11 02:30:00,2024,5,11,2,132,953.12
CWPRS campus,18.446944,73.785,11-05-2024 02:35,2024-05-11 02:35:00,2024,5,11,2,132,953.22
CWPRS campus,18.446944,73.785,11-05-2024 02:40,2024-05-11 02:40:00,2024,5,11,2,132,953.28
CWPRS campus,18.446944,73.785,11-05-2024 02:45,2024-05-11 02:45:00,2024,5,11,2,132,953.24
CWPRS campus,18.446944,73.785,11-05-2024 02:50,2024-05-11 02:50:00,2024,5,11,2,132,953.31
CWPRS campus,18.446944,73.785,11-05-2024 02:55,2024-05-11 02:55:00,2024,5,11,2,132,953.27
CWPRS campus,18.446944,73.785,11-05-2024 03:00,2024-05-11 03:00:00,2024,5,11,3,132,953.27
CWPRS campus,18.446944,73.785,11-05-2024 03:05,2024-05-11 03:05:00,2024,5,11,3,132,953.34
CWPRS campus,18.446944,73.785,11-05-2024 03:10,2024-05-11 03:10:00,2024,5,11,3,132,953.42
CWPRS campus,18.446944,73.785,11-05-2024 03:15,2024-05-11 03:15:00,2024,5,11,3,132,953.37
CWPRS campus,18.446944,73.785,11-05-2024 03:20,2024-05-11 03:20:00,2024,5,11,3,132,953.52
CWPRS campus,18.446944,73.785,11-05-2024 03:25,2024-05-11 03:25:00,2024,5,11,3,132,953.62
CWPRS campus,18.446944,73.785,11-05-2024 03:30,2024-05-11 03:30:00,2024,5,11,3,132,953.62
CWPRS campus,18.446944,73.785,11-05-2024 03:35,2024-05-11 03:35:00,2024,5,11,3,132,953.55
CWPRS campus,18.446944,73.785,11-05-2024 03:40,2024-05-11 03:40:00,2024,5,11,3,132,953.61
CWPRS campus,18.446944,73.785,11-05-2024 03:45,2024-05-11 03:45:00,2024,5,11,3,132,953.64
CWPRS campus,18.446944,73.785,11-05-2024 03:50,2024-05-11 03:50:00,2024,5,11,3,132,953.71
CWPRS campus,18.446944,73.785,11-05-2024 03:55,2024-05-11 03:55:00,2024,5,11,3,132,953.75
CWPRS campus,18.446944,73.785,11-05-2024 04:00,2024-05-11 04:00:00,2024,5,11,4,132,953.66
CWPRS campus,18.446944,73.785,11-05-2024 04:05,2024-05-11 04:05:00,2024,5,11,4,132,953.7
CWPRS campus,18.446944,73.785,11-05-2024 04:10,2024-05-11 04:10:00,2024,5,11,4,132,953.75
CWPRS campus,18.446944,73.785,11-05-2024 04:15,2024-05-11 04:15:00,2024,5,11,4,132,953.87
CWPRS campus,18.446944,73.785,11-05-2024 04:20,2024-05-11 04:20:00,2024,5,11,4,132,953.89
CWPRS campus,18.446944,73.785,11-05-2024 04:25,2024-05-11 04:25:00,2024,5,11,4,132,954.1
CWPRS campus,18.446944,73.785,11-05-2024 04:30,2024-05-11 04:30:00,2024,5,11,4,132,954.01
CWPRS campus,18.446944,73.785,11-05-2024 04:35,2024-05-11 04:35:00,2024,5,11,4,132,954.19
CWPRS campus,18.446944,73.785,11-05-2024 04:40,2024-05-11 04:40:00,2024,5,11,4,132,954.23
CWPRS campus,18.446944,73.785,11-05-2024 04:45,2024-05-11 04:45:00,2024,5,11,4,132,954.37
CWPRS campus,18.446944,73.785,11-05-2024 04:50,2024-05-11 04:50:00,2024,5,11,4,132,954.44
CWPRS campus,18.446944,73.785,11-05-2024 04:55,2024-05-11 04:55:00,2024,5,11,4,132,954.59
CWPRS campus,18.446944,73.785,11-05-2024 05:00,2024-05-11 05:00:00,2024,5,11,5,132,954.61
CWPRS campus,18.446944,73.785,11-05-2024 05:05,2024-05-11 05:05:00,2024,5,11,5,132,954.57
CWPRS campus,18.446944,73.785,11-05-2024 05:10,2024-05-11 05:10:00,2024,5,11,5,132,954.74
CWPRS campus,18.446944,73.785,11-05-2024 05:15,2024-05-11 05:15:00,2024,5,11,5,132,954.78
CWPRS campus,18.446944,73.785,11-05-2024 05:20,2024-05-11 05:20:00,2024,5,11,5,132,954.85
CWPRS campus,18.446944,73.785,11-05-2024 05:25,2024-05-11 05:25:00,2024,5,11,5,132,954.99
CWPRS campus,18.446944,73.785,11-05-2024 05:30,2024-05-11 05:30:00,2024,5,11,5,132,954.95
CWPRS campus,18.446944,73.785,11-05-2024 05:35,2024-05-11 05:35:00,2024,5,11,5,132,955.04
CWPRS campus,18.446944,73.785,11-05-2024 05:40,2024-05-11 05:40:00,2024,5,11,5,132,955.03
CWPRS campus,18.446944,73.785,11-05-2024 05:45,2024-05-11 05:45:00,2024,5,11,5,132,955.05
CWPRS campus,18.446944,73.785,11-05-2024 05:50,2024-05-11 05:50:00,2024,5,11,5,132,955.09
CWPRS campus,18.446944,73.785,11-05-2024 05:55,2024-05-11 05:55:00,2024,5,11,5,132,955.01
CWPRS campus,18.446944,73.785,11-05-2024 06:00,2024-05-11 06:00:00,2024,5,11,6,132,954.98
CWPRS campus,18.446944,73.785,11-05-2024 06:05,2024-05-11 06:05:00,2024,5,11,6,132,955.12
CWPRS campus,18.446944,73.785,11-05-2024 06:10,2024-05-11 06:10:00,2024,5,11,6,132,955.22
CWPRS campus,18.446944,73.785,11-05-2024 06:15,2024-05-11 06:15:00,2024,5,11,6,132,955.23
CWPRS campus,18.446944,73.785,11-05-2024 06:20,2024-05-11 06:20:00,2024,5,11,6,132,955.27
CWPRS campus,18.446944,73.785,11-05-2024 06:25,2024-05-11 06:25:00,2024,5,11,6,132,955.26
CWPRS campus,18.446944,73.785,11-05-2024 06:30,2024-05-11 06:30:00,2024,5,11,6,132,955.39
CWPRS campus,18.446944,73.785,11-05-2024 06:35,2024-05-11 06:35:00,2024,5,11,6,132,955.38
CWPRS campus,18.446944,73.785,11-05-2024 06:40,2024-05-11 06:40:00,2024,5,11,6,132,955.4
CWPRS campus,18.446944,73.785,11-05-2024 06:45,2024-05-11 06:45:00,2024,5,11,6,132,955.49
CWPRS campus,18.446944,73.785,11-05-2024 06:50,2024-05-11 06:50:00,2024,5,11,6,132,955.42
CWPRS campus,18.446944,73.785,11-05-2024 06:55,2024-05-11 06:55:00,2024,5,11,6,132,955.54
CWPRS campus,18.446944,73.785,11-05-2024 07:00,2024-05-11 07:00:00,2024,5,11,7,132,955.41
CWPRS campus,18.446944,73.785,11-05-2024 07:05,2024-05-11 07:05:00,2024,5,11,7,132,955.53
CWPRS campus,18.446944,73.785,11-05-2024 07:10,2024-05-11 07:10:00,2024,5,11,7,132,955.48
CWPRS campus,18.446944,73.785,11-05-2024 07:15,2024-05-11 07:15:00,2024,5,11,7,132,955.44
CWPRS campus,18.446944,73.785,11-05-2024 07:20,2024-05-11 07:20:00,2024,5,11,7,132,955.27
CWPRS campus,18.446944,73.785,11-05-2024 07:25,2024-05-11 07:25:00,2024,5,11,7,132,955.21
CWPRS campus,18.446944,73.785,11-05-2024 07:30,2024-05-11 07:30:00,2024,5,11,7,132,955.11
CWPRS campus,18.446944,73.785,11-05-2024 07:35,2024-05-11 07:35:00,2024,5,11,7,132,955.04
CWPRS campus,18.446944,73.785,11-05-2024 07:40,2024-05-11 07:40:00,2024,5,11,7,132,955.01
CWPRS campus,18.446944,73.785,11-05-2024 07:45,2024-05-11 07:45:00,2024,5,11,7,132,955.06
CWPRS campus,18.446944,73.785,11-05-2024 07:50,2024-05-11 07:50:00,2024,5,11,7,132,955.05
CWPRS campus,18.446944,73.785,11-05-2024 07:55,2024-05-11 07:55:00,2024,5,11,7,132,955.04
CWPRS campus,18.446944,73.785,11-05-2024 08:00,2024-05-11 08:00:00,2024,5,11,8,132,954.92
CWPRS campus,18.446944,73.785,11-05-2024 08:05,2024-05-11 08:05:00,2024,5,11,8,132,954.81
CWPRS campus,18.446944,73.785,11-05-2024 08:10,2024-05-11 08:10:00,2024,5,11,8,132,954.92
CWPRS campus,18.446944,73.785,11-05-2024 08:15,2024-05-11 08:15:00,2024,5,11,8,132,954.82
CWPRS campus,18.446944,73.785,11-05-2024 08:20,2024-05-11 08:20:00,2024,5,11,8,132,954.91
CWPRS campus,18.446944,73.785,11-05-2024 08:25,2024-05-11 08:25:00,2024,5,11,8,132,954.84
CWPRS campus,18.446944,73.785,11-05-2024 08:30,2024-05-11 08:30:00,2024,5,11,8,132,954.79
CWPRS campus,18.446944,73.785,11-05-2024 08:35,2024-05-11 08:35:00,2024,5,11,8,132,954.82
CWPRS campus,18.446944,73.785,11-05-2024 08:40,2024-05-11 08:40:00,2024,5,11,8,132,954.86
CWPRS campus,18.446944,73.785,11-05-2024 08:45,2024-05-11 08:45:00,2024,5,11,8,132,954.79
CWPRS campus,18.446944,73.785,11-05-2024 08:50,2024-05-11 08:50:00,2024,5,11,8,132,954.69
CWPRS campus,18.446944,73.785,11-05-2024 08:55,2024-05-11 08:55:00,2024,5,11,8,132,954.62
CWPRS campus,18.446944,73.785,11-05-2024 09:00,2024-05-11 09:00:00,2024,5,11,9,132,954.58
CWPRS campus,18.446944,73.785,11-05-2024 09:05,2024-05-11 09:05:00,2024,5,11,9,132,954.58
CWPRS campus,18.446944,73.785,11-05-2024 09:10,2024-05-11 09:10:00,2024,5,11,9,132,954.51
CWPRS campus,18.446944,73.785,11-05-2024 09:15,2024-05-11 09:15:00,2024,5,11,9,132,954.48
CWPRS campus,18.446944,73.785,11-05-2024 09:20,2024-05-11 09:20:00,2024,5,11,9,132,954.53
CWPRS campus,18.446944,73.785,11-05-2024 09:25,2024-05-11 09:25:00,2024,5,11,9,132,954.48
CWPRS campus,18.446944,73.785,11-05-2024 09:30,2024-05-11 09:30:00,2024,5,11,9,132,954.42
CWPRS campus,18.446944,73.785,11-05-2024 09:35,2024-05-11 09:35:00,2024,5,11,9,132,954.21
CWPRS campus,18.446944,73.785,11-05-2024 09:40,2024-05-11 09:40:00,2024,5,11,9,132,953.92
CWPRS campus,18.446944,73.785,11-05-2024 09:45,2024-05-11 09:45:00,2024,5,11,9,132,953.88
CWPRS campus,18.446944,73.785,11-05-2024 09:50,2024-05-11 09:50:00,2024,5,11,9,132,953.8
CWPRS campus,18.446944,73.785,11-05-2024 09:55,2024-05-11 09:55:00,2024,5,11,9,132,953.68
CWPRS campus,18.446944,73.785,11-05-2024 10:00,2024-05-11 10:00:00,2024,5,11,10,132,953.63
CWPRS campus,18.446944,73.785,11-05-2024 10:05,2024-05-11 10:05:00,2024,5,11,10,132,953.55
CWPRS campus,18.446944,73.785,11-05-2024 10:10,2024-05-11 10:10:00,2024,5,11,10,132,953.57
CWPRS campus,18.446944,73.785,11-05-2024 10:15,2024-05-11 10:15:00,2024,5,11,10,132,953.5
CWPRS campus,18.446944,73.785,11-05-2024 10:20,2024-05-11 10:20:00,2024,5,11,10,132,953.36
CWPRS campus,18.446944,73.785,11-05-2024 10:25,2024-05-11 10:25:00,2024,5,11,10,132,953.37
CWPRS campus,18.446944,73.785,11-05-2024 10:30,2024-05-11 10:30:00,2024,5,11,10,132,953.27
CWPRS campus,18.446944,73.785,11-05-2024 10:35,2024-05-11 10:35:00,2024,5,11,10,132,953.24
CWPRS campus,18.446944,73.785,11-05-2024 10:40,2024-05-11 10:40:00,2024,5,11,10,132,953.13
CWPRS campus,18.446944,73.785,11-05-2024 10:45,2024-05-11 10:45:00,2024,5,11,10,132,953.0
CWPRS campus,18.446944,73.785,11-05-2024 10:50,2024-05-11 10:50:00,2024,5,11,10,132,952.94
CWPRS campus,18.446944,73.785,11-05-2024 10:55,2024-05-11 10:55:00,2024,5,11,10,132,952.87
CWPRS campus,18.446944,73.785,11-05-2024 11:00,2024-05-11 11:00:00,2024,5,11,11,132,952.84
CWPRS campus,18.446944,73.785,11-05-2024 11:05,2024-05-11 11:05:00,2024,5,11,11,132,952.76
CWPRS campus,18.446944,73.785,11-05-2024 11:10,2024-05-11 11:10:00,2024,5,11,11,132,952.55
CWPRS campus,18.446944,73.785,11-05-2024 11:15,2024-05-11 11:15:00,2024,5,11,11,132,952.45
CWPRS campus,18.446944,73.785,11-05-2024 11:20,2024-05-11 11:20:00,2024,5,11,11,132,952.46
CWPRS campus,18.446944,73.785,11-05-2024 11:25,2024-05-11 11:25:00,2024,5,11,11,132,952.39
CWPRS campus,18.446944,73.785,11-05-2024 11:30,2024-05-11 11:30:00,2024,5,11,11,132,952.31
CWPRS campus,18.446944,73.785,11-05-2024 11:35,2024-05-11 11:35:00,2024,5,11,11,132,952.34
CWPRS campus,18.446944,73.785,11-05-2024 11:40,2024-05-11 11:40:00,2024,5,11,11,132,952.24
CWPRS campus,18.446944,73.785,11-05-2024 11:45,2024-05-11 11:45:00,2024,5,11,11,132,952.07
CWPRS campus,18.446944,73.785,11-05-2024 11:50,2024-05-11 11:50:00,2024,5,11,11,132,952.01
CWPRS campus,18.446944,73.785,11-05-2024 11:55,2024-05-11 11:55:00,2024,5,11,11,132,951.94
CWPRS campus,18.446944,73.785,11-05-2024 12:00,2024-05-11 12:00:00,2024,5,11,12,132,951.83
CWPRS campus,18.446944,73.785,11-05-2024 12:05,2024-05-11 12:05:00,2024,5,11,12,132,951.79
CWPRS campus,18.446944,73.785,11-05-2024 12:10,2024-05-11 12:10:00,2024,5,11,12,132,951.8
CWPRS campus,18.446944,73.785,11-05-2024 12:15,2024-05-11 12:15:00,2024,5,11,12,132,951.78
CWPRS campus,18.446944,73.785,11-05-2024 12:20,2024-05-11 12:20:00,2024,5,11,12,132,951.78
CWPRS campus,18.446944,73.785,11-05-2024 12:25,2024-05-11 12:25:00,2024,5,11,12,132,951.9
CWPRS campus,18.446944,73.785,11-05-2024 12:30,2024-05-11 12:30:00,2024,5,11,12,132,951.85
CWPRS campus,18.446944,73.785,11-05-2024 12:35,2024-05-11 12:35:00,2024,5,11,12,132,951.85
CWPRS campus,18.446944,73.785,11-05-2024 12:40,2024-05-11 12:40:00,2024,5,11,12,132,951.79
CWPRS campus,18.446944,73.785,11-05-2024 12:45,2024-05-11 12:45:00,2024,5,11,12,132,951.71
CWPRS campus,18.446944,73.785,11-05-2024 12:50,2024-05-11 12:50:00,2024,5,11,12,132,951.65
CWPRS campus,18.446944,73.785,11-05-2024 12:55,2024-05-11 12:55:00,2024,5,11,12,132,951.61
CWPRS campus,18.446944,73.785,11-05-2024 13:00,2024-05-11 13:00:00,2024,5,11,13,132,951.64
CWPRS campus,18.446944,73.785,11-05-2024 13:05,2024-05-11 13:05:00,2024,5,11,13,132,951.83
CWPRS campus,18.446944,73.785,11-05-2024 13:10,2024-05-11 13:10:00,2024,5,11,13,132,951.76
CWPRS campus,18.446944,73.785,11-05-2024 13:15,2024-05-11 13:15:00,2024,5,11,13,132,951.73
CWPRS campus,18.446944,73.785,11-05-2024 13:20,2024-05-11 13:20:00,2024,5,11,13,132,951.73
CWPRS campus,18.446944,73.785,11-05-2024 13:25,2024-05-11 13:25:00,2024,5,11,13,132,951.77
CWPRS campus,18.446944,73.785,11-05-2024 13:30,2024-05-11 13:30:00,2024,5,11,13,132,951.8
CWPRS campus,18.446944,73.785,11-05-2024 13:35,2024-05-11 13:35:00,2024,5,11,13,132,951.91
CWPRS campus,18.446944,73.785,11-05-2024 13:40,2024-05-11 13:40:00,2024,5,11,13,132,951.73
CWPRS campus,18.446944,73.785,11-05-2024 13:45,2024-05-11 13:45:00,2024,5,11,13,132,951.56
CWPRS campus,18.446944,73.785,11-05-2024 13:50,2024-05-11 13:50:00,2024,5,11,13,132,951.55
CWPRS campus,18.446944,73.785,11-05-2024 13:55,2024-05-11 13:55:00,2024,5,11,13,132,951.67
CWPRS campus,18.446944,73.785,11-05-2024 14:00,2024-05-11 14:00:00,2024,5,11,14,132,951.58
CWPRS campus,18.446944,73.785,11-05-2024 14:05,2024-05-11 14:05:00,2024,5,11,14,132,951.37
CWPRS campus,18.446944,73.785,11-05-2024 14:10,2024-05-11 14:10:00,2024,5,11,14,132,951.47
CWPRS campus,18.446944,73.785,11-05-2024 14:15,2024-05-11 14:15:00,2024,5,11,14,132,951.54
CWPRS campus,18.446944,73.785,11-05-2024 14:20,2024-05-11 14:20:00,2024,5,11,14,132,951.5
CWPRS campus,18.446944,73.785,11-05-2024 14:25,2024-05-11 14:25:00,2024,5,11,14,132,951.48
CWPRS campus,18.446944,73.785,11-05-2024 14:30,2024-05-11 14:30:00,2024,5,11,14,132,951.46
CWPRS campus,18.446944,73.785,11-05-2024 14:35,2024-05-11 14:35:00,2024,5,11,14,132,951.53
CWPRS campus,18.446944,73.785,11-05-2024 14:40,2024-05-11 14:40:00,2024,5,11,14,132,951.55
CWPRS campus,18.446944,73.785,11-05-2024 14:45,2024-05-11 14:45:00,2024,5,11,14,132,951.66
CWPRS campus,18.446944,73.785,11-05-2024 14:50,2024-05-11 14:50:00,2024,5,11,14,132,951.49
CWPRS campus,18.446944,73.785,11-05-2024 14:55,2024-05-11 14:55:00,2024,5,11,14,132,951.5
CWPRS campus,18.446944,73.785,11-05-2024 15:00,2024-05-11 15:00:00,2024,5,11,15,132,951.49
CWPRS campus,18.446944,73.785,11-05-2024 15:05,2024-05-11 15:05:00,2024,5,11,15,132,951.55
CWPRS campus,18.446944,73.785,11-05-2024 15:10,2024-05-11 15:10:00,2024,5,11,15,132,951.59
CWPRS campus,18.446944,73.785,11-05-2024 15:15,2024-05-11 15:15:00,2024,5,11,15,132,951.74
CWPRS campus,18.446944,73.785,11-05-2024 15:20,2024-05-11 15:20:00,2024,5,11,15,132,951.68
CWPRS campus,18.446944,73.785,11-05-2024 15:25,2024-05-11 15:25:00,2024,5,11,15,132,951.77
CWPRS campus,18.446944,73.785,11-05-2024 15:30,2024-05-11 15:30:00,2024,5,11,15,132,951.9
CWPRS campus,18.446944,73.785,11-05-2024 15:35,2024-05-11 15:35:00,2024,5,11,15,132,952.13
CWPRS campus,18.446944,73.785,11-05-2024 15:40,2024-05-11 15:40:00,2024,5,11,15,132,952.17
CWPRS campus,18.446944,73.785,11-05-2024 15:45,2024-05-11 15:45:00,2024,5,11,15,132,952.28
CWPRS campus,18.446944,73.785,11-05-2024 15:50,2024-05-11 15:50:00,2024,5,11,15,132,952.21
CWPRS campus,18.446944,73.785,11-05-2024 15:55,2024-05-11 15:55:00,2024,5,11,15,132,952.11
CWPRS campus,18.446944,73.785,11-05-2024 16:00,2024-05-11 16:00:00,2024,5,11,16,132,952.26
CWPRS campus,18.446944,73.785,11-05-2024 16:05,2024-05-11 16:05:00,2024,5,11,16,132,952.35
CWPRS campus,18.446944,73.785,11-05-2024 16:10,2024-05-11 16:10:00,2024,5,11,16,132,952.53
CWPRS campus,18.446944,73.785,11-05-2024 16:15,2024-05-11 16:15:00,2024,5,11,16,132,952.49
CWPRS campus,18.446944,73.785,11-05-2024 16:20,2024-05-11 16:20:00,2024,5,11,16,132,952.62
CWPRS campus,18.446944,73.785,11-05-2024 16:25,2024-05-11 16:25:00,2024,5,11,16,132,952.85
CWPRS campus,18.446944,73.785,11-05-2024 16:30,2024-05-11 16:30:00,2024,5,11,16,132,952.95
CWPRS campus,18.446944,73.785,11-05-2024 16:35,2024-05-11 16:35:00,2024,5,11,16,132,953.04
CWPRS campus,18.446944,73.785,11-05-2024 16:40,2024-05-11 16:40:00,2024,5,11,16,132,953.11
CWPRS campus,18.446944,73.785,11-05-2024 16:45,2024-05-11 16:45:00,2024,5,11,16,132,953.05
CWPRS campus,18.446944,73.785,11-05-2024 16:50,2024-05-11 16:50:00,2024,5,11,16,132,953.22
CWPRS campus,18.446944,73.785,11-05-2024 16:55,2024-05-11 16:55:00,2024,5,11,16,132,953.24
CWPRS campus,18.446944,73.785,11-05-2024 17:00,2024-05-11 17:00:00,2024,5,11,17,132,953.34
CWPRS campus,18.446944,73.785,11-05-2024 17:05,2024-05-11 17:05:00,2024,5,11,17,132,953.27
CWPRS campus,18.446944,73.785,11-05-2024 17:10,2024-05-11 17:10:00,2024,5,11,17,132,953.24
CWPRS campus,18.446944,73.785,11-05-2024 17:15,2024-05-11 17:15:00,2024,5,11,17,132,953.42
CWPRS campus,18.446944,73.785,11-05-2024 17:20,2024-05-11 17:20:00,2024,5,11,17,132,953.44
CWPRS campus,18.446944,73.785,11-05-2024 17:25,2024-05-11 17:25:00,2024,5,11,17,132,953.61
CWPRS campus,18.446944,73.785,11-05-2024 17:30,2024-05-11 17:30:00,2024,5,11,17,132,953.65
CWPRS campus,18.446944,73.785,11-05-2024 17:35,2024-05-11 17:35:00,2024,5,11,17,132,953.55
CWPRS campus,18.446944,73.785,11-05-2024 17:40,2024-05-11 17:40:00,2024,5,11,17,132,953.67
CWPRS campus,18.446944,73.785,11-05-2024 17:45,2024-05-11 17:45:00,2024,5,11,17,132,953.67
CWPRS campus,18.446944,73.785,11-05-2024 17:50,2024-05-11 17:50:00,2024,5,11,17,132,953.76
CWPRS campus,18.446944,73.785,11-05-2024 17:55,2024-05-11 17:55:00,2024,5,11,17,132,953.8
CWPRS campus,18.446944,73.785,11-05-2024 18:00,2024-05-11 18:00:00,2024,5,11,18,132,953.71
CWPRS campus,18.446944,73.785,11-05-2024 18:05,2024-05-11 18:05:00,2024,5,11,18,132,953.76
CWPRS campus,18.446944,73.785,11-05-2024 18:10,2024-05-11 18:10:00,2024,5,11,18,132,953.97
CWPRS campus,18.446944,73.785,11-05-2024 18:15,2024-05-11 18:15:00,2024,5,11,18,132,954.03
CWPRS campus,18.446944,73.785,11-05-2024 18:20,2024-05-11 18:20:00,2024,5,11,18,132,954.04
CWPRS campus,18.446944,73.785,11-05-2024 18:25,2024-05-11 18:25:00,2024,5,11,18,132,954.14
CWPRS campus,18.446944,73.785,11-05-2024 18:30,2024-05-11 18:30:00,2024,5,11,18,132,954.17
CWPRS campus,18.446944,73.785,11-05-2024 18:35,2024-05-11 18:35:00,2024,5,11,18,132,954.19
CWPRS campus,18.446944,73.785,11-05-2024 18:40,2024-05-11 18:40:00,2024,5,11,18,132,954.1
CWPRS campus,18.446944,73.785,11-05-2024 18:45,2024-05-11 18:45:00,2024,5,11,18,132,954.12
CWPRS campus,18.446944,73.785,11-05-2024 18:50,2024-05-11 18:50:00,2024,5,11,18,132,954.2
CWPRS campus,18.446944,73.785,11-05-2024 18:55,2024-05-11 18:55:00,2024,5,11,18,132,954.13
CWPRS campus,18.446944,73.785,11-05-2024 19:00,2024-05-11 19:00:00,2024,5,11,19,132,954.24
CWPRS campus,18.446944,73.785,11-05-2024 19:05,2024-05-11 19:05:00,2024,5,11,19,132,954.21
CWPRS campus,18.446944,73.785,11-05-2024 19:10,2024-05-11 19:10:00,2024,5,11,19,132,954.12
CWPRS campus,18.446944,73.785,11-05-2024 19:15,2024-05-11 19:15:00,2024,5,11,19,132,954.19
CWPRS campus,18.446944,73.785,11-05-2024 19:20,2024-05-11 19:20:00,2024,5,11,19,132,954.14
CWPRS campus,18.446944,73.785,11-05-2024 19:25,2024-05-11 19:25:00,2024,5,11,19,132,954.17
CWPRS campus,18.446944,73.785,11-05-2024 19:30,2024-05-11 19:30:00,2024,5,11,19,132,954.12
CWPRS campus,18.446944,73.785,11-05-2024 19:35,2024-05-11 19:35:00,2024,5,11,19,132,954.08
CWPRS campus,18.446944,73.785,11-05-2024 19:40,2024-05-11 19:40:00,2024,5,11,19,132,954.09
CWPRS campus,18.446944,73.785,11-05-2024 19:45,2024-05-11 19:45:00,2024,5,11,19,132,954.07
CWPRS campus,18.446944,73.785,11-05-2024 19:50,2024-05-11 19:50:00,2024,5,11,19,132,953.87
CWPRS campus,18.446944,73.785,11-05-2024 19:55,2024-05-11 19:55:00,2024,5,11,19,132,953.74
CWPRS campus,18.446944,73.785,11-05-2024 20:00,2024-05-11 20:00:00,2024,5,11,20,132,953.78
CWPRS campus,18.446944,73.785,11-05-2024 20:05,2024-05-11 20:05:00,2024,5,11,20,132,953.73
CWPRS campus,18.446944,73.785,11-05-2024 20:10,2024-05-11 20:10:00,2024,5,11,20,132,953.64
CWPRS campus,18.446944,73.785,11-05-2024 20:15,2024-05-11 20:15:00,2024,5,11,20,132,953.48
CWPRS campus,18.446944,73.785,11-05-2024 20:20,2024-05-11 20:20:00,2024,5,11,20,132,953.35
CWPRS campus,18.446944,73.785,11-05-2024 20:25,2024-05-11 20:25:00,2024,5,11,20,132,953.15
CWPRS campus,18.446944,73.785,11-05-2024 20:30,2024-05-11 20:30:00,2024,5,11,20,132,953.1
CWPRS campus,18.446944,73.785,11-05-2024 20:35,2024-05-11 20:35:00,2024,5,11,20,132,953.01
CWPRS campus,18.446944,73.785,11-05-2024 20:40,2024-05-11 20:40:00,2024,5,11,20,132,952.89
CWPRS campus,18.446944,73.785,11-05-2024 20:45,2024-05-11 20:45:00,2024,5,11,20,132,952.85
CWPRS campus,18.446944,73.785,11-05-2024 20:50,2024-05-11 20:50:00,2024,5,11,20,132,952.83
CWPRS campus,18.446944,73.785,11-05-2024 20:55,2024-05-11 20:55:00,2024,5,11,20,132,952.95
CWPRS campus,18.446944,73.785,11-05-2024 21:00,2024-05-11 21:00:00,2024,5,11,21,132,952.77
CWPRS campus,18.446944,73.785,11-05-2024 21:05,2024-05-11 21:05:00,2024,5,11,21,132,952.81
CWPRS campus,18.446944,73.785,11-05-2024 21:10,2024-05-11 21:10:00,2024,5,11,21,132,952.83
CWPRS campus,18.446944,73.785,11-05-2024 21:15,2024-05-11 21:15:00,2024,5,11,21,132,952.71
CWPRS campus,18.446944,73.785,11-05-2024 21:20,2024-05-11 21:20:00,2024,5,11,21,132,952.66
CWPRS campus,18.446944,73.785,11-05-2024 21:25,2024-05-11 21:25:00,2024,5,11,21,132,952.56
CWPRS campus,18.446944,73.785,11-05-2024 21:30,2024-05-11 21:30:00,2024,5,11,21,132,952.51
CWPRS campus,18.446944,73.785,11-05-2024 21:35,2024-05-11 21:35:00,2024,5,11,21,132,952.56
CWPRS campus,18.446944,73.785,11-05-2024 21:40,2024-05-11 21:40:00,2024,5,11,21,132,952.54
CWPRS campus,18.446944,73.785,11-05-2024 21:45,2024-05-11 21:45:00,2024,5,11,21,132,952.51
CWPRS campus,18.446944,73.785,11-05-2024 21:50,2024-05-11 21:50:00,2024,5,11,21,132,952.4
CWPRS campus,18.446944,73.785,11-05-2024 21:55,2024-05-11 21:55:00,2024,5,11,21,132,952.2
CWPRS campus,18.446944,73.785,11-05-2024 22:00,2024-05-11 22:00:00,2024,5,11,22,132,952.11
CWPRS campus,18.446944,73.785,11-05-2024 22:05,2024-05-11 22:05:00,2024,5,11,22,132,952.14
CWPRS campus,18.446944,73.785,11-05-2024 22:10,2024-05-11 22:10:00,2024,5,11,22,132,951.94
CWPRS campus,18.446944,73.785,11-05-2024 22:15,2024-05-11 22:15:00,2024,5,11,22,132,951.79
CWPRS campus,18.446944,73.785,11-05-2024 22:20,2024-05-11 22:20:00,2024,5,11,22,132,951.73
CWPRS campus,18.446944,73.785,11-05-2024 22:25,2024-05-11 22:25:00,2024,5,11,22,132,951.59
CWPRS campus,18.446944,73.785,11-05-2024 22:30,2024-05-11 22:30:00,2024,5,11,22,132,951.46
CWPRS campus,18.446944,73.785,11-05-2024 22:35,2024-05-11 22:35:00,2024,5,11,22,132,951.37
CWPRS campus,18.446944,73.785,11-05-2024 22:40,2024-05-11 22:40:00,2024,5,11,22,132,951.2
CWPRS campus,18.446944,73.785,11-05-2024 22:45,2024-05-11 22:45:00,2024,5,11,22,132,951.07
CWPRS campus,18.446944,73.785,11-05-2024 22:50,2024-05-11 22:50:00,2024,5,11,22,132,951.08
CWPRS campus,18.446944,73.785,11-05-2024 22:55,2024-05-11 22:55:00,2024,5,11,22,132,950.92
CWPRS campus,18.446944,73.785,11-05-2024 23:00,2024-05-11 23:00:00,2024,5,11,23,132,950.75
CWPRS campus,18.446944,73.785,11-05-2024 23:05,2024-05-11 23:05:00,2024,5,11,23,132,950.65
CWPRS campus,18.446944,73.785,11-05-2024 23:10,2024-05-11 23:10:00,2024,5,11,23,132,950.67
CWPRS campus,18.446944,73.785,11-05-2024 23:15,2024-05-11 23:15:00,2024,5,11,23,132,950.62
CWPRS campus,18.446944,73.785,11-05-2024 23:20,2024-05-11 23:20:00,2024,5,11,23,132,950.54
CWPRS campus,18.446944,73.785,11-05-2024 23:25,2024-05-11 23:25:00,2024,5,11,23,132,950.51
CWPRS campus,18.446944,73.785,11-05-2024 23:30,2024-05-11 23:30:00,2024,5,11,23,132,950.33
CWPRS campus,18.446944,73.785,11-05-2024 23:35,2024-05-11 23:35:00,2024,5,11,23,132,950.34
CWPRS campus,18.446944,73.785,11-05-2024 23:40,2024-05-11 23:40:00,2024,5,11,23,132,950.34
CWPRS campus,18.446944,73.785,11-05-2024 23:45,2024-05-11 23:45:00,2024,5,11,23,132,950.28
CWPRS campus,18.446944,73.785,11-05-2024 23:50,2024-05-11 23:50:00,2024,5,11,23,132,950.33
CWPRS campus,18.446944,73.785,11-05-2024 23:55,2024-05-11 23:55:00,2024,5,11,23,132,950.21
CWPRS campus,18.446944,73.785,12-05-2024 00:00,2024-05-12 00:00:00,2024,5,12,0,133,950.28
CWPRS campus,18.446944,73.785,12-05-2024 00:05,2024-05-12 00:05:00,2024,5,12,0,133,950.27
CWPRS campus,18.446944,73.785,12-05-2024 00:10,2024-05-12 00:10:00,2024,5,12,0,133,950.22
CWPRS campus,18.446944,73.785,12-05-2024 00:15,2024-05-12 00:15:00,2024,5,12,0,133,950.19
CWPRS campus,18.446944,73.785,12-05-2024 00:20,2024-05-12 00:20:00,2024,5,12,0,133,950.17
CWPRS campus,18.446944,73.785,12-05-2024 00:25,2024-05-12 00:25:00,2024,5,12,0,133,950.25
CWPRS campus,18.446944,73.785,12-05-2024 00:30,2024-05-12 00:30:00,2024,5,12,0,133,950.14
CWPRS campus,18.446944,73.785,12-05-2024 00:35,2024-05-12 00:35:00,2024,5,12,0,133,950.07
CWPRS campus,18.446944,73.785,12-05-2024 00:40,2024-05-12 00:40:00,2024,5,12,0,133,950.14
CWPRS campus,18.446944,73.785,12-05-2024 00:45,2024-05-12 00:45:00,2024,5,12,0,133,950.09
CWPRS campus,18.446944,73.785,12-05-2024 00:50,2024-05-12 00:50:00,2024,5,12,0,133,950.15
CWPRS campus,18.446944,73.785,12-05-2024 00:55,2024-05-12 00:55:00,2024,5,12,0,133,950.28
CWPRS campus,18.446944,73.785,12-05-2024 01:00,2024-05-12 01:00:00,2024,5,12,1,133,950.24
CWPRS campus,18.446944,73.785,12-05-2024 01:05,2024-05-12 01:05:00,2024,5,12,1,133,950.29
CWPRS campus,18.446944,73.785,12-05-2024 01:10,2024-05-12 01:10:00,2024,5,12,1,133,950.2
CWPRS campus,18.446944,73.785,12-05-2024 01:15,2024-05-12 01:15:00,2024,5,12,1,133,950.26
CWPRS campus,18.446944,73.785,12-05-2024 01:20,2024-05-12 01:20:00,2024,5,12,1,133,950.28
CWPRS campus,18.446944,73.785,12-05-2024 01:25,2024-05-12 01:25:00,2024,5,12,1,133,950.32
CWPRS campus,18.446944,73.785,12-05-2024 01:30,2024-05-12 01:30:00,2024,5,12,1,133,950.28
CWPRS campus,18.446944,73.785,12-05-2024 01:35,2024-05-12 01:35:00,2024,5,12,1,133,950.15
CWPRS campus,18.446944,73.785,12-05-2024 01:40,2024-05-12 01:40:00,2024,5,12,1,133,950.21
CWPRS campus,18.446944,73.785,12-05-2024 01:45,2024-05-12 01:45:00,2024,5,12,1,133,950.07
CWPRS campus,18.446944,73.785,12-05-2024 01:50,2024-05-12 01:50:00,2024,5,12,1,133,950.07
CWPRS campus,18.446944,73.785,12-05-2024 01:55,2024-05-12 01:55:00,2024,5,12,1,133,950.18
CWPRS campus,18.446944,73.785,12-05-2024 02:00,2024-05-12 02:00:00,2024,5,12,2,133,950.22
CWPRS campus,18.446944,73.785,12-05-2024 02:05,2024-05-12 02:05:00,2024,5,12,2,133,950.41
CWPRS campus,18.446944,73.785,12-05-2024 02:10,2024-05-12 02:10:00,2024,5,12,2,133,950.52
CWPRS campus,18.446944,73.785,12-05-2024 02:15,2024-05-12 02:15:00,2024,5,12,2,133,950.49
CWPRS campus,18.446944,73.785,12-05-2024 02:20,2024-05-12 02:20:00,2024,5,12,2,133,950.53
CWPRS campus,18.446944,73.785,12-05-2024 02:25,2024-05-12 02:25:00,2024,5,12,2,133,950.56
CWPRS campus,18.446944,73.785,12-05-2024 02:30,2024-05-12 02:30:00,2024,5,12,2,133,950.47
CWPRS campus,18.446944,73.785,12-05-2024 02:35,2024-05-12 02:35:00,2024,5,12,2,133,950.43
CWPRS campus,18.446944,73.785,12-05-2024 02:40,2024-05-12 02:40:00,2024,5,12,2,133,950.43
CWPRS campus,18.446944,73.785,12-05-2024 02:45,2024-05-12 02:45:00,2024,5,12,2,133,950.32
CWPRS campus,18.446944,73.785,12-05-2024 02:50,2024-05-12 02:50:00,2024,5,12,2,133,950.38
CWPRS campus,18.446944,73.785,12-05-2024 02:55,2024-05-12 02:55:00,2024,5,12,2,133,950.42
CWPRS campus,18.446944,73.785,12-05-2024 03:00,2024-05-12 03:00:00,2024,5,12,3,133,950.35
CWPRS campus,18.446944,73.785,12-05-2024 03:05,2024-05-12 03:05:00,2024,5,12,3,133,950.45
CWPRS campus,18.446944,73.785,12-05-2024 03:10,2024-05-12 03:10:00,2024,5,12,3,133,950.57
CWPRS campus,18.446944,73.785,12-05-2024 03:15,2024-05-12 03:15:00,2024,5,12,3,133,950.66
CWPRS campus,18.446944,73.785,12-05-2024 03:20,2024-05-12 03:20:00,2024,5,12,3,133,950.69
CWPRS campus,18.446944,73.785,12-05-2024 03:25,2024-05-12 03:25:00,2024,5,12,3,133,950.81
CWPRS campus,18.446944,73.785,12-05-2024 03:30,2024-05-12 03:30:00,2024,5,12,3,133,950.93
CWPRS campus,18.446944,73.785,12-05-2024 03:35,2024-05-12 03:35:00,2024,5,12,3,133,951.01
CWPRS campus,18.446944,73.785,12-05-2024 03:40,2024-05-12 03:40:00,2024,5,12,3,133,951.01
CWPRS campus,18.446944,73.785,12-05-2024 03:45,2024-05-12 03:45:00,2024,5,12,3,133,951.09
CWPRS campus,18.446944,73.785,12-05-2024 03:50,2024-05-12 03:50:00,2024,5,12,3,133,951.25
CWPRS campus,18.446944,73.785,12-05-2024 03:55,2024-05-12 03:55:00,2024,5,12,3,133,951.27
CWPRS campus,18.446944,73.785,12-05-2024 04:00,2024-05-12 04:00:00,2024,5,12,4,133,951.49
CWPRS campus,18.446944,73.785,12-05-2024 04:05,2024-05-12 04:05:00,2024,5,12,4,133,951.51
CWPRS campus,18.446944,73.785,12-05-2024 04:10,2024-05-12 04:10:00,2024,5,12,4,133,951.57
CWPRS campus,18.446944,73.785,12-05-2024 04:15,2024-05-12 04:15:00,2024,5,12,4,133,951.57
CWPRS campus,18.446944,73.785,12-05-2024 04:20,2024-05-12 04:20:00,2024,5,12,4,133,951.64
CWPRS campus,18.446944,73.785,12-05-2024 04:25,2024-05-12 04:25:00,2024,5,12,4,133,951.56
CWPRS campus,18.446944,73.785,12-05-2024 04:30,2024-05-12 04:30:00,2024,5,12,4,133,951.58
CWPRS campus,18.446944,73.785,12-05-2024 04:35,2024-05-12 04:35:00,2024,5,12,4,133,951.55
CWPRS campus,18.446944,73.785,12-05-2024 04:40,2024-05-12 04:40:00,2024,5,12,4,133,951.63
CWPRS campus,18.446944,73.785,12-05-2024 04:45,2024-05-12 04:45:00,2024,5,12,4,133,951.77
CWPRS campus,18.446944,73.785,12-05-2024 04:50,2024-05-12 04:50:00,2024,5,12,4,133,951.88
CWPRS campus,18.446944,73.785,12-05-2024 04:55,2024-05-12 04:55:00,2024,5,12,4,133,951.74
CWPRS campus,18.446944,73.785,12-05-2024 05:00,2024-05-12 05:00:00,2024,5,12,5,133,951.96
CWPRS campus,18.446944,73.785,12-05-2024 05:05,2024-05-12 05:05:00,2024,5,12,5,133,952.04
CWPRS campus,18.446944,73.785,12-05-2024 05:10,2024-05-12 05:10:00,2024,5,12,5,133,952.03
CWPRS campus,18.446944,73.785,12-05-2024 05:15,2024-05-12 05:15:00,2024,5,12,5,133,952.09
CWPRS campus,18.446944,73.785,12-05-2024 05:20,2024-05-12 05:20:00,2024,5,12,5,133,952.15
CWPRS campus,18.446944,73.785,12-05-2024 05:25,2024-05-12 05:25:00,2024,5,12,5,133,952.14
CWPRS campus,18.446944,73.785,12-05-2024 05:30,2024-05-12 05:30:00,2024,5,12,5,133,952.2
CWPRS campus,18.446944,73.785,12-05-2024 05:35,2024-05-12 05:35:00,2024,5,12,5,133,952.19
CWPRS campus,18.446944,73.785,12-05-2024 05:40,2024-05-12 05:40:00,2024,5,12,5,133,952.2
CWPRS campus,18.446944,73.785,12-05-2024 05:45,2024-05-12 05:45:00,2024,5,12,5,133,952.19
CWPRS campus,18.446944,73.785,12-05-2024 05:50,2024-05-12 05:50:00,2024,5,12,5,133,952.11
CWPRS campus,18.446944,73.785,12-05-2024 05:55,2024-05-12 05:55:00,2024,5,12,5,133,952.16
CWPRS campus,18.446944,73.785,12-05-2024 06:00,2024-05-12 06:00:00,2024,5,12,6,133,952.25
CWPRS campus,18.446944,73.785,12-05-2024 06:05,2024-05-12 06:05:00,2024,5,12,6,133,952.32
CWPRS campus,18.446944,73.785,12-05-2024 06:10,2024-05-12 06:10:00,2024,5,12,6,133,952.42
CWPRS campus,18.446944,73.785,12-05-2024 06:15,2024-05-12 06:15:00,2024,5,12,6,133,952.46
CWPRS campus,18.446944,73.785,12-05-2024 06:20,2024-05-12 06:20:00,2024,5,12,6,133,952.44
CWPRS campus,18.446944,73.785,12-05-2024 06:25,2024-05-12 06:25:00,2024,5,12,6,133,952.52
CWPRS campus,18.446944,73.785,12-05-2024 06:30,2024-05-12 06:30:00,2024,5,12,6,133,952.43
CWPRS campus,18.446944,73.785,12-05-2024 06:35,2024-05-12 06:35:00,2024,5,12,6,133,952.37
CWPRS campus,18.446944,73.785,12-05-2024 06:40,2024-05-12 06:40:00,2024,5,12,6,133,952.31
CWPRS campus,18.446944,73.785,12-05-2024 06:45,2024-05-12 06:45:00,2024,5,12,6,133,952.41
CWPRS campus,18.446944,73.785,12-05-2024 06:50,2024-05-12 06:50:00,2024,5,12,6,133,952.49
CWPRS campus,18.446944,73.785,12-05-2024 06:55,2024-05-12 06:55:00,2024,5,12,6,133,952.53
CWPRS campus,18.446944,73.785,12-05-2024 07:00,2024-05-12 07:00:00,2024,5,12,7,133,952.61
CWPRS campus,18.446944,73.785,12-05-2024 07:05,2024-05-12 07:05:00,2024,5,12,7,133,952.53
CWPRS campus,18.446944,73.785,12-05-2024 07:10,2024-05-12 07:10:00,2024,5,12,7,133,952.54
CWPRS campus,18.446944,73.785,12-05-2024 07:15,2024-05-12 07:15:00,2024,5,12,7,133,952.52
CWPRS campus,18.446944,73.785,12-05-2024 07:20,2024-05-12 07:20:00,2024,5,12,7,133,952.57
CWPRS campus,18.446944,73.785,12-05-2024 07:25,2024-05-12 07:25:00,2024,5,12,7,133,952.54
CWPRS campus,18.446944,73.785,12-05-2024 07:30,2024-05-12 07:30:00,2024,5,12,7,133,952.48
CWPRS campus,18.446944,73.785,12-05-2024 07:35,2024-05-12 07:35:00,2024,5,12,7,133,952.5
CWPRS campus,18.446944,73.785,12-05-2024 07:40,2024-05-12 07:40:00,2024,5,12,7,133,952.54
CWPRS campus,18.446944,73.785,12-05-2024 07:45,2024-05-12 07:45:00,2024,5,12,7,133,952.45
CWPRS campus,18.446944,73.785,12-05-2024 07:50,2024-05-12 07:50:00,2024,5,12,7,133,952.4
CWPRS campus,18.446944,73.785,12-05-2024 07:55,2024-05-12 07:55:00,2024,5,12,7,133,952.28
CWPRS campus,18.446944,73.785,12-05-2024 08:00,2024-05-12 08:00:00,2024,5,12,8,133,952.04
CWPRS campus,18.446944,73.785,12-05-2024 08:05,2024-05-12 08:05:00,2024,5,12,8,133,952.02
CWPRS campus,18.446944,73.785,12-05-2024 08:10,2024-05-12 08:10:00,2024,5,12,8,133,952.04
CWPRS campus,18.446944,73.785,12-05-2024 08:15,2024-05-12 08:15:00,2024,5,12,8,133,952.02
CWPRS campus,18.446944,73.785,12-05-2024 08:20,2024-05-12 08:20:00,2024,5,12,8,133,951.82
CWPRS campus,18.446944,73.785,12-05-2024 08:25,2024-05-12 08:25:00,2024,5,12,8,133,951.75
CWPRS campus,18.446944,73.785,12-05-2024 08:30,2024-05-12 08:30:00,2024,5,12,8,133,951.53
CWPRS campus,18.446944,73.785,12-05-2024 08:35,2024-05-12 08:35:00,2024,5,12,8,133,951.6
CWPRS campus,18.446944,73.785,12-05-2024 08:40,2024-05-12 08:40:00,2024,5,12,8,133,951.47
CWPRS campus,18.446944,73.785,12-05-2024 08:45,2024-05-12 08:45:00,2024,5,12,8,133,951.52
CWPRS campus,18.446944,73.785,12-05-2024 08:50,2024-05-12 08:50:00,2024,5,12,8,133,951.55
CWPRS campus,18.446944,73.785,12-05-2024 08:55,2024-05-12 08:55:00,2024,5,12,8,133,951.42
CWPRS campus,18.446944,73.785,12-05-2024 09:00,2024-05-12 09:00:00,2024,5,12,9,133,951.28
CWPRS campus,18.446944,73.785,12-05-2024 09:05,2024-05-12 09:05:00,2024,5,12,9,133,951.26
CWPRS campus,18.446944,73.785,12-05-2024 09:10,2024-05-12 09:10:00,2024,5,12,9,133,951.13
CWPRS campus,18.446944,73.785,12-05-2024 09:15,2024-05-12 09:15:00,2024,5,12,9,133,951.09
CWPRS campus,18.446944,73.785,12-05-2024 09:20,2024-05-12 09:20:00,2024,5,12,9,133,950.99
CWPRS campus,18.446944,73.785,12-05-2024 09:25,2024-05-12 09:25:00,2024,5,12,9,133,950.79
CWPRS campus,18.446944,73.785,12-05-2024 09:30,2024-05-12 09:30:00,2024,5,12,9,133,950.56
CWPRS campus,18.446944,73.785,12-05-2024 09:35,2024-05-12 09:35:00,2024,5,12,9,133,950.54
CWPRS campus,18.446944,73.785,12-05-2024 09:40,2024-05-12 09:40:00,2024,5,12,9,133,950.44
CWPRS campus,18.446944,73.785,12-05-2024 09:45,2024-05-12 09:45:00,2024,5,12,9,133,950.35
CWPRS campus,18.446944,73.785,12-05-2024 09:50,2024-05-12 09:50:00,2024,5,12,9,133,950.36
CWPRS campus,18.446944,73.785,12-05-2024 09:55,2024-05-12 09:55:00,2024,5,12,9,133,950.4
CWPRS campus,18.446944,73.785,12-05-2024 10:00,2024-05-12 10:00:00,2024,5,12,10,133,950.32
CWPRS campus,18.446944,73.785,12-05-2024 10:05,2024-05-12 10:05:00,2024,5,12,10,133,950.24
CWPRS campus,18.446944,73.785,12-05-2024 10:10,2024-05-12 10:10:00,2024,5,12,10,133,950.23
CWPRS campus,18.446944,73.785,12-05-2024 10:15,2024-05-12 10:15:00,2024,5,12,10,133,950.06
CWPRS campus,18.446944,73.785,12-05-2024 10:20,2024-05-12 10:20:00,2024,5,12,10,133,950.02
CWPRS campus,18.446944,73.785,12-05-2024 10:25,2024-05-12 10:25:00,2024,5,12,10,133,950.01
CWPRS campus,18.446944,73.785,12-05-2024 10:30,2024-05-12 10:30:00,2024,5,12,10,133,950.01
CWPRS campus,18.446944,73.785,12-05-2024 10:35,2024-05-12 10:35:00,2024,5,12,10,133,949.8
CWPRS campus,18.446944,73.785,12-05-2024 10:40,2024-05-12 10:40:00,2024,5,12,10,133,949.69
CWPRS campus,18.446944,73.785,12-05-2024 10:45,2024-05-12 10:45:00,2024,5,12,10,133,949.57
CWPRS campus,18.446944,73.785,12-05-2024 10:50,2024-05-12 10:50:00,2024,5,12,10,133,949.53
CWPRS campus,18.446944,73.785,12-05-2024 10:55,2024-05-12 10:55:00,2024,5,12,10,133,949.52
CWPRS campus,18.446944,73.785,12-05-2024 11:00,2024-05-12 11:00:00,2024,5,12,11,133,949.6
CWPRS campus,18.446944,73.785,12-05-2024 11:05,2024-05-12 11:05:00,2024,5,12,11,133,949.51
CWPRS campus,18.446944,73.785,12-05-2024 11:10,2024-05-12 11:10:00,2024,5,12,11,133,949.42
CWPRS campus,18.446944,73.785,12-05-2024 11:15,2024-05-12 11:15:00,2024,5,12,11,133,949.46
CWPRS campus,18.446944,73.785,12-05-2024 11:20,2024-05-12 11:20:00,2024,5,12,11,133,949.44
CWPRS campus,18.446944,73.785,12-05-2024 11:25,2024-05-12 11:25:00,2024,5,12,11,133,949.49
CWPRS campus,18.446944,73.785,12-05-2024 11:30,2024-05-12 11:30:00,2024,5,12,11,133,949.47
CWPRS campus,18.446944,73.785,12-05-2024 11:35,2024-05-12 11:35:00,2024,5,12,11,133,949.33
CWPRS campus,18.446944,73.785,12-05-2024 11:40,2024-05-12 11:40:00,2024,5,12,11,133,949.18
CWPRS campus,18.446944,73.785,12-05-2024 11:45,2024-05-12 11:45:00,2024,5,12,11,133,949.01
CWPRS campus,18.446944,73.785,12-05-2024 11:50,2024-05-12 11:50:00,2024,5,12,11,133,949.04
CWPRS campus,18.446944,73.785,12-05-2024 11:55,2024-05-12 11:55:00,2024,5,12,11,133,949.1
CWPRS campus,18.446944,73.785,12-05-2024 12:00,2024-05-12 12:00:00,2024,5,12,12,133,949.22
CWPRS campus,18.446944,73.785,12-05-2024 12:05,2024-05-12 12:05:00,2024,5,12,12,133,949.25
CWPRS campus,18.446944,73.785,12-05-2024 12:10,2024-05-12 12:10:00,2024,5,12,12,133,949.3
CWPRS campus,18.446944,73.785,12-05-2024 12:15,2024-05-12 12:15:00,2024,5,12,12,133,949.22
CWPRS campus,18.446944,73.785,12-05-2024 12:20,2024-05-12 12:20:00,2024,5,12,12,133,949.09
CWPRS campus,18.446944,73.785,12-05-2024 12:25,2024-05-12 12:25:00,2024,5,12,12,133,949.14
CWPRS campus,18.446944,73.785,12-05-2024 12:30,2024-05-12 12:30:00,2024,5,12,12,133,949.14
CWPRS campus,18.446944,73.785,12-05-2024 12:35,2024-05-12 12:35:00,2024,5,12,12,133,949.13
CWPRS campus,18.446944,73.785,12-05-2024 12:40,2024-05-12 12:40:00,2024,5,12,12,133,949.14
CWPRS campus,18.446944,73.785,12-05-2024 12:45,2024-05-12 12:45:00,2024,5,12,12,133,949.14
CWPRS campus,18.446944,73.785,12-05-2024 12:50,2024-05-12 12:50:00,2024,5,12,12,133,949.22
CWPRS campus,18.446944,73.785,12-05-2024 12:55,2024-05-12 12:55:00,2024,5,12,12,133,949.31
CWPRS campus,18.446944,73.785,12-05-2024 13:00,2024-05-12 13:00:00,2024,5,12,13,133,949.33
CWPRS campus,18.446944,73.785,12-05-2024 13:05,2024-05-12 13:05:00,2024,5,12,13,133,949.38
CWPRS campus,18.446944,73.785,12-05-2024 13:10,2024-05-12 13:10:00,2024,5,12,13,133,949.4
CWPRS campus,18.446944,73.785,12-05-2024 13:15,2024-05-12 13:15:00,2024,5,12,13,133,949.35
CWPRS campus,18.446944,73.785,12-05-2024 13:20,2024-05-12 13:20:00,2024,5,12,13,133,949.4
CWPRS campus,18.446944,73.785,12-05-2024 13:25,2024-05-12 13:25:00,2024,5,12,13,133,949.28
CWPRS campus,18.446944,73.785,12-05-2024 13:30,2024-05-12 13:30:00,2024,5,12,13,133,949.36
CWPRS campus,18.446944,73.785,12-05-2024 13:35,2024-05-12 13:35:00,2024,5,12,13,133,949.26
CWPRS campus,18.446944,73.785,12-05-2024 13:40,2024-05-12 13:40:00,2024,5,12,13,133,949.29
CWPRS campus,18.446944,73.785,12-05-2024 13:45,2024-05-12 13:45:00,2024,5,12,13,133,949.23
CWPRS campus,18.446944,73.785,12-05-2024 13:50,2024-05-12 13:50:00,2024,5,12,13,133,949.28
CWPRS campus,18.446944,73.785,12-05-2024 13:55,2024-05-12 13:55:00,2024,5,12,13,133,949.29
CWPRS campus,18.446944,73.785,12-05-2024 14:00,2024-05-12 14:00:00,2024,5,12,14,133,949.18
CWPRS campus,18.446944,73.785,12-05-2024 14:05,2024-05-12 14:05:00,2024,5,12,14,133,949.24
CWPRS campus,18.446944,73.785,12-05-2024 14:10,2024-05-12 14:10:00,2024,5,12,14,133,949.22
CWPRS campus,18.446944,73.785,12-05-2024 14:15,2024-05-12 14:15:00,2024,5,12,14,133,949.32
CWPRS campus,18.446944,73.785,12-05-2024 14:20,2024-05-12 14:20:00,2024,5,12,14,133,949.35
CWPRS campus,18.446944,73.785,12-05-2024 14:25,2024-05-12 14:25:00,2024,5,12,14,133,949.41
CWPRS campus,18.446944,73.785,12-05-2024 14:30,2024-05-12 14:30:00,2024,5,12,14,133,949.37
CWPRS campus,18.446944,73.785,12-05-2024 14:35,2024-05-12 14:35:00,2024,5,12,14,133,949.36
CWPRS campus,18.446944,73.785,12-05-2024 14:40,2024-05-12 14:40:00,2024,5,12,14,133,949.37
CWPRS campus,18.446944,73.785,12-05-2024 14:45,2024-05-12 14:45:00,2024,5,12,14,133,949.48
CWPRS campus,18.446944,73.785,12-05-2024 14:50,2024-05-12 14:50:00,2024,5,12,14,133,949.66
CWPRS campus,18.446944,73.785,12-05-2024 14:55,2024-05-12 14:55:00,2024,5,12,14,133,949.64
CWPRS campus,18.446944,73.785,12-05-2024 15:00,2024-05-12 15:00:00,2024,5,12,15,133,949.77
CWPRS campus,18.446944,73.785,12-05-2024 15:05,2024-05-12 15:05:00,2024,5,12,15,133,949.64
CWPRS campus,18.446944,73.785,12-05-2024 15:10,2024-05-12 15:10:00,2024,5,12,15,133,949.6
CWPRS campus,18.446944,73.785,12-05-2024 15:15,2024-05-12 15:15:00,2024,5,12,15,133,949.58
CWPRS campus,18.446944,73.785,12-05-2024 15:20,2024-05-12 15:20:00,2024,5,12,15,133,949.53
CWPRS campus,18.446944,73.785,12-05-2024 15:25,2024-05-12 15:25:00,2024,5,12,15,133,949.47
CWPRS campus,18.446944,73.785,12-05-2024 15:30,2024-05-12 15:30:00,2024,5,12,15,133,949.58
CWPRS campus,18.446944,73.785,12-05-2024 15:35,2024-05-12 15:35:00,2024,5,12,15,133,949.63
CWPRS campus,18.446944,73.785,12-05-2024 15:40,2024-05-12 15:40:00,2024,5,12,15,133,949.74
CWPRS campus,18.446944,73.785,12-05-2024 15:45,2024-05-12 15:45:00,2024,5,12,15,133,949.86
CWPRS campus,18.446944,73.785,12-05-2024 15:50,2024-05-12 15:50:00,2024,5,12,15,133,949.95
CWPRS campus,18.446944,73.785,12-05-2024 15:55,2024-05-12 15:55:00,2024,5,12,15,133,950.07
CWPRS campus,18.446944,73.785,12-05-2024 16:00,2024-05-12 16:00:00,2024,5,12,16,133,950.13
CWPRS campus,18.446944,73.785,12-05-2024 16:05,2024-05-12 16:05:00,2024,5,12,16,133,950.1
CWPRS campus,18.446944,73.785,12-05-2024 16:10,2024-05-12 16:10:00,2024,5,12,16,133,950.26
CWPRS campus,18.446944,73.785,12-05-2024 16:15,2024-05-12 16:15:00,2024,5,12,16,133,950.27
CWPRS campus,18.446944,73.785,12-05-2024 16:20,2024-05-12 16:20:00,2024,5,12,16,133,950.26
CWPRS campus,18.446944,73.785,12-05-2024 16:25,2024-05-12 16:25:00,2024,5,12,16,133,950.32
CWPRS campus,18.446944,73.785,12-05-2024 16:30,2024-05-12 16:30:00,2024,5,12,16,133,950.31
CWPRS campus,18.446944,73.785,12-05-2024 16:35,2024-05-12 16:35:00,2024,5,12,16,133,950.35
CWPRS campus,18.446944,73.785,12-05-2024 16:40,2024-05-12 16:40:00,2024,5,12,16,133,950.45
CWPRS campus,18.446944,73.785,12-05-2024 16:45,2024-05-12 16:45:00,2024,5,12,16,133,950.54
CWPRS campus,18.446944,73.785,12-05-2024 16:50,2024-05-12 16:50:00,2024,5,12,16,133,950.54
CWPRS campus,18.446944,73.785,12-05-2024 16:55,2024-05-12 16:55:00,2024,5,12,16,133,950.56
CWPRS campus,18.446944,73.785,12-05-2024 17:00,2024-05-12 17:00:00,2024,5,12,17,133,950.72
CWPRS campus,18.446944,73.785,12-05-2024 17:05,2024-05-12 17:05:00,2024,5,12,17,133,950.82
CWPRS campus,18.446944,73.785,12-05-2024 17:10,2024-05-12 17:10:00,2024,5,12,17,133,951.04
CWPRS campus,18.446944,73.785,12-05-2024 17:15,2024-05-12 17:15:00,2024,5,12,17,133,951.18
CWPRS campus,18.446944,73.785,12-05-2024 17:20,2024-05-12 17:20:00,2024,5,12,17,133,951.32
CWPRS campus,18.446944,73.785,12-05-2024 17:25,2024-05-12 17:25:00,2024,5,12,17,133,951.25
CWPRS campus,18.446944,73.785,12-05-2024 17:30,2024-05-12 17:30:00,2024,5,12,17,133,951.35
CWPRS campus,18.446944,73.785,12-05-2024 17:35,2024-05-12 17:35:00,2024,5,12,17,133,951.38
CWPRS campus,18.446944,73.785,12-05-2024 17:40,2024-05-12 17:40:00,2024,5,12,17,133,951.37
CWPRS campus,18.446944,73.785,12-05-2024 17:45,2024-05-12 17:45:00,2024,5,12,17,133,951.42
CWPRS campus,18.446944,73.785,12-05-2024 17:50,2024-05-12 17:50:00,2024,5,12,17,133,951.53
CWPRS campus,18.446944,73.785,12-05-2024 17:55,2024-05-12 17:55:00,2024,5,12,17,133,951.59
CWPRS campus,18.446944,73.785,12-05-2024 18:00,2024-05-12 18:00:00,2024,5,12,18,133,951.54
CWPRS campus,18.446944,73.785,12-05-2024 18:05,2024-05-12 18:05:00,2024,5,12,18,133,951.63
CWPRS campus,18.446944,73.785,12-05-2024 18:10,2024-05-12 18:10:00,2024,5,12,18,133,951.6
CWPRS campus,18.446944,73.785,12-05-2024 18:15,2024-05-12 18:15:00,2024,5,12,18,133,951.63
CWPRS campus,18.446944,73.785,12-05-2024 18:20,2024-05-12 18:20:00,2024,5,12,18,133,951.62
CWPRS campus,18.446944,73.785,12-05-2024 18:25,2024-05-12 18:25:00,2024,5,12,18,133,951.62
CWPRS campus,18.446944,73.785,12-05-2024 18:30,2024-05-12 18:30:00,2024,5,12,18,133,951.69
CWPRS campus,18.446944,73.785,12-05-2024 18:35,2024-05-12 18:35:00,2024,5,12,18,133,951.62
CWPRS campus,18.446944,73.785,12-05-2024 18:40,2024-05-12 18:40:00,2024,5,12,18,133,951.78
CWPRS campus,18.446944,73.785,12-05-2024 18:45,2024-05-12 18:45:00,2024,5,12,18,133,951.63
CWPRS campus,18.446944,73.785,12-05-2024 18:50,2024-05-12 18:50:00,2024,5,12,18,133,951.59
CWPRS campus,18.446944,73.785,12-05-2024 18:55,2024-05-12 18:55:00,2024,5,12,18,133,951.62
CWPRS campus,18.446944,73.785,12-05-2024 19:00,2024-05-12 19:00:00,2024,5,12,19,133,951.66
CWPRS campus,18.446944,73.785,12-05-2024 19:05,2024-05-12 19:05:00,2024,5,12,19,133,951.65
CWPRS campus,18.446944,73.785,12-05-2024 19:10,2024-05-12 19:10:00,2024,5,12,19,133,951.63
CWPRS campus,18.446944,73.785,12-05-2024 19:15,2024-05-12 19:15:00,2024,5,12,19,133,951.65
CWPRS campus,18.446944,73.785,12-05-2024 19:20,2024-05-12 19:20:00,2024,5,12,19,133,951.62
CWPRS campus,18.446944,73.785,12-05-2024 19:25,2024-05-12 19:25:00,2024,5,12,19,133,951.71
CWPRS campus,18.446944,73.785,12-05-2024 19:30,2024-05-12 19:30:00,2024,5,12,19,133,951.76
CWPRS campus,18.446944,73.785,12-05-2024 19:35,2024-05-12 19:35:00,2024,5,12,19,133,951.8
CWPRS campus,18.446944,73.785,12-05-2024 19:40,2024-05-12 19:40:00,2024,5,12,19,133,951.68
CWPRS campus,18.446944,73.785,12-05-2024 19:45,2024-05-12 19:45:00,2024,5,12,19,133,951.64
CWPRS campus,18.446944,73.785,12-05-2024 19:50,2024-05-12 19:50:00,2024,5,12,19,133,951.58
CWPRS campus,18.446944,73.785,12-05-2024 19:55,2024-05-12 19:55:00,2024,5,12,19,133,951.46
CWPRS campus,18.446944,73.785,12-05-2024 20:00,2024-05-12 20:00:00,2024,5,12,20,133,951.45
CWPRS campus,18.446944,73.785,12-05-2024 20:05,2024-05-12 20:05:00,2024,5,12,20,133,951.37
CWPRS campus,18.446944,73.785,12-05-2024 20:10,2024-05-12 20:10:00,2024,5,12,20,133,951.38
CWPRS campus,18.446944,73.785,12-05-2024 20:15,2024-05-12 20:15:00,2024,5,12,20,133,951.25
CWPRS campus,18.446944,73.785,12-05-2024 20:20,2024-05-12 20:20:00,2024,5,12,20,133,951.35
CWPRS campus,18.446944,73.785,12-05-2024 20:25,2024-05-12 20:25:00,2024,5,12,20,133,951.22
CWPRS campus,18.446944,73.785,12-05-2024 20:30,2024-05-12 20:30:00,2024,5,12,20,133,951.19
CWPRS campus,18.446944,73.785,12-05-2024 20:35,2024-05-12 20:35:00,2024,5,12,20,133,951.2
CWPRS campus,18.446944,73.785,12-05-2024 20:40,2024-05-12 20:40:00,2024,5,12,20,133,951.1
CWPRS campus,18.446944,73.785,12-05-2024 20:45,2024-05-12 20:45:00,2024,5,12,20,133,951.11
CWPRS campus,18.446944,73.785,12-05-2024 20:50,2024-05-12 20:50:00,2024,5,12,20,133,950.95
CWPRS campus,18.446944,73.785,12-05-2024 20:55,2024-05-12 20:55:00,2024,5,12,20,133,951.01
CWPRS campus,18.446944,73.785,12-05-2024 21:00,2024-05-12 21:00:00,2024,5,12,21,133,950.94
CWPRS campus,18.446944,73.785,12-05-2024 21:05,2024-05-12 21:05:00,2024,5,12,21,133,950.83
CWPRS campus,18.446944,73.785,12-05-2024 21:10,2024-05-12 21:10:00,2024,5,12,21,133,950.74
CWPRS campus,18.446944,73.785,12-05-2024 21:15,2024-05-12 21:15:00,2024,5,12,21,133,950.74
CWPRS campus,18.446944,73.785,12-05-2024 21:20,2024-05-12 21:20:00,2024,5,12,21,133,950.63
CWPRS campus,18.446944,73.785,12-05-2024 21:25,2024-05-12 21:25:00,2024,5,12,21,133,950.5
CWPRS campus,18.446944,73.785,12-05-2024 21:30,2024-05-12 21:30:00,2024,5,12,21,133,950.42
CWPRS campus,18.446944,73.785,12-05-2024 21:35,2024-05-12 21:35:00,2024,5,12,21,133,950.26
CWPRS campus,18.446944,73.785,12-05-2024 21:40,2024-05-12 21:40:00,2024,5,12,21,133,950.34
CWPRS campus,18.446944,73.785,12-05-2024 21:45,2024-05-12 21:45:00,2024,5,12,21,133,950.23
CWPRS campus,18.446944,73.785,12-05-2024 21:50,2024-05-12 21:50:00,2024,5,12,21,133,950.23
CWPRS campus,18.446944,73.785,12-05-2024 21:55,2024-05-12 21:55:00,2024,5,12,21,133,950.17
CWPRS campus,18.446944,73.785,12-05-2024 22:00,2024-05-12 22:00:00,2024,5,12,22,133,950.02
CWPRS campus,18.446944,73.785,12-05-2024 22:05,2024-05-12 22:05:00,2024,5,12,22,133,949.96
CWPRS campus,18.446944,73.785,12-05-2024 22:10,2024-05-12 22:10:00,2024,5,12,22,133,949.95
CWPRS campus,18.446944,73.785,12-05-2024 22:15,2024-05-12 22:15:00,2024,5,12,22,133,949.87
CWPRS campus,18.446944,73.785,12-05-2024 22:20,2024-05-12 22:20:00,2024,5,12,22,133,949.9
CWPRS campus,18.446944,73.785,12-05-2024 22:25,2024-05-12 22:25:00,2024,5,12,22,133,949.91
CWPRS campus,18.446944,73.785,12-05-2024 22:30,2024-05-12 22:30:00,2024,5,12,22,133,949.91
CWPRS campus,18.446944,73.785,12-05-2024 22:35,2024-05-12 22:35:00,2024,5,12,22,133,949.79
CWPRS campus,18.446944,73.785,12-05-2024 22:40,2024-05-12 22:40:00,2024,5,12,22,133,949.64
CWPRS campus,18.446944,73.785,12-05-2024 22:45,2024-05-12 22:45:00,2024,5,12,22,133,949.52
CWPRS campus,18.446944,73.785,12-05-2024 22:50,2024-05-12 22:50:00,2024,5,12,22,133,949.47
CWPRS campus,18.446944,73.785,12-05-2024 22:55,2024-05-12 22:55:00,2024,5,12,22,133,949.45
CWPRS campus,18.446944,73.785,12-05-2024 23:00,2024-05-12 23:00:00,2024,5,12,23,133,949.21
CWPRS campus,18.446944,73.785,12-05-2024 23:05,2024-05-12 23:05:00,2024,5,12,23,133,949.16
CWPRS campus,18.446944,73.785,12-05-2024 23:10,2024-05-12 23:10:00,2024,5,12,23,133,949.12
CWPRS campus,18.446944,73.785,12-05-2024 23:15,2024-05-12 23:15:00,2024,5,12,23,133,949.04
CWPRS campus,18.446944,73.785,12-05-2024 23:20,2024-05-12 23:20:00,2024,5,12,23,133,949.1
CWPRS campus,18.446944,73.785,12-05-2024 23:25,2024-05-12 23:25:00,2024,5,12,23,133,949.08
CWPRS campus,18.446944,73.785,12-05-2024 23:30,2024-05-12 23:30:00,2024,5,12,23,133,949.13
CWPRS campus,18.446944,73.785,12-05-2024 23:35,2024-05-12 23:35:00,2024,5,12,23,133,949.06
CWPRS campus,18.446944,73.785,12-05-2024 23:40,2024-05-12 23:40:00,2024,5,12,23,133,949.09
CWPRS campus,18.446944,73.785,12-05-2024 23:45,2024-05-12 23:45:00,2024,5,12,23,133,949.17
CWPRS campus,18.446944,73.785,12-05-2024 23:50,2024-05-12 23:50:00,2024,5,12,23,133,949.22
CWPRS campus,18.446944,73.785,12-05-2024 23:55,2024-05-12 23:55:00,2024,5,12,23,133,949.08
CWPRS campus,18.446944,73.785,13-05-2024 00:00,2024-05-13 00:00:00,2024,5,13,0,134,949.01
CWPRS campus,18.446944,73.785,13-05-2024 00:05,2024-05-13 00:05:00,2024,5,13,0,134,948.94
CWPRS campus,18.446944,73.785,13-05-2024 00:10,2024-05-13 00:10:00,2024,5,13,0,134,948.94
CWPRS campus,18.446944,73.785,13-05-2024 00:15,2024-05-13 00:15:00,2024,5,13,0,134,948.95
CWPRS campus,18.446944,73.785,13-05-2024 00:20,2024-05-13 00:20:00,2024,5,13,0,134,948.85
CWPRS campus,18.446944,73.785,13-05-2024 00:25,2024-05-13 00:25:00,2024,5,13,0,134,948.82
CWPRS campus,18.446944,73.785,13-05-2024 00:30,2024-05-13 00:30:00,2024,5,13,0,134,948.63
CWPRS campus,18.446944,73.785,13-05-2024 00:35,2024-05-13 00:35:00,2024,5,13,0,134,948.73
CWPRS campus,18.446944,73.785,13-05-2024 00:40,2024-05-13 00:40:00,2024,5,13,0,134,948.67
CWPRS campus,18.446944,73.785,13-05-2024 00:45,2024-05-13 00:45:00,2024,5,13,0,134,948.66
CWPRS campus,18.446944,73.785,13-05-2024 00:50,2024-05-13 00:50:00,2024,5,13,0,134,948.62
CWPRS campus,18.446944,73.785,13-05-2024 00:55,2024-05-13 00:55:00,2024,5,13,0,134,948.71
CWPRS campus,18.446944,73.785,13-05-2024 01:00,2024-05-13 01:00:00,2024,5,13,1,134,948.47
CWPRS campus,18.446944,73.785,13-05-2024 01:05,2024-05-13 01:05:00,2024,5,13,1,134,948.47
CWPRS campus,18.446944,73.785,13-05-2024 01:10,2024-05-13 01:10:00,2024,5,13,1,134,948.47
CWPRS campus,18.446944,73.785,13-05-2024 01:15,2024-05-13 01:15:00,2024,5,13,1,134,948.44
CWPRS campus,18.446944,73.785,13-05-2024 01:20,2024-05-13 01:20:00,2024,5,13,1,134,948.6
CWPRS campus,18.446944,73.785,13-05-2024 01:25,2024-05-13 01:25:00,2024,5,13,1,134,948.54
CWPRS campus,18.446944,73.785,13-05-2024 01:30,2024-05-13 01:30:00,2024,5,13,1,134,948.61
CWPRS campus,18.446944,73.785,13-05-2024 01:35,2024-05-13 01:35:00,2024,5,13,1,134,948.66
CWPRS campus,18.446944,73.785,13-05-2024 01:40,2024-05-13 01:40:00,2024,5,13,1,134,948.78
CWPRS campus,18.446944,73.785,13-05-2024 01:45,2024-05-13 01:45:00,2024,5,13,1,134,948.74
CWPRS campus,18.446944,73.785,13-05-2024 01:50,2024-05-13 01:50:00,2024,5,13,1,134,948.71
CWPRS campus,18.446944,73.785,13-05-2024 01:55,2024-05-13 01:55:00,2024,5,13,1,134,948.82
CWPRS campus,18.446944,73.785,13-05-2024 02:00,2024-05-13 02:00:00,2024,5,13,2,134,948.89
CWPRS campus,18.446944,73.785,13-05-2024 02:05,2024-05-13 02:05:00,2024,5,13,2,134,948.79
CWPRS campus,18.446944,73.785,13-05-2024 02:10,2024-05-13 02:10:00,2024,5,13,2,134,948.78
CWPRS campus,18.446944,73.785,13-05-2024 02:15,2024-05-13 02:15:00,2024,5,13,2,134,948.86
CWPRS campus,18.446944,73.785,13-05-2024 02:20,2024-05-13 02:20:00,2024,5,13,2,134,948.96
CWPRS campus,18.446944,73.785,13-05-2024 02:25,2024-05-13 02:25:00,2024,5,13,2,134,948.95
CWPRS campus,18.446944,73.785,13-05-2024 02:30,2024-05-13 02:30:00,2024,5,13,2,134,948.76
CWPRS campus,18.446944,73.785,13-05-2024 02:35,2024-05-13 02:35:00,2024,5,13,2,134,948.86
CWPRS campus,18.446944,73.785,13-05-2024 02:40,2024-05-13 02:40:00,2024,5,13,2,134,948.82
CWPRS campus,18.446944,73.785,13-05-2024 02:45,2024-05-13 02:45:00,2024,5,13,2,134,948.72
CWPRS campus,18.446944,73.785,13-05-2024 02:50,2024-05-13 02:50:00,2024,5,13,2,134,948.57
CWPRS campus,18.446944,73.785,13-05-2024 02:55,2024-05-13 02:55:00,2024,5,13,2,134,948.71
CWPRS campus,18.446944,73.785,13-05-2024 03:00,2024-05-13 03:00:00,2024,5,13,3,134,948.8
CWPRS campus,18.446944,73.785,13-05-2024 03:05,2024-05-13 03:05:00,2024,5,13,3,134,948.86
CWPRS campus,18.446944,73.785,13-05-2024 03:10,2024-05-13 03:10:00,2024,5,13,3,134,949.05
CWPRS campus,18.446944,73.785,13-05-2024 03:15,2024-05-13 03:15:00,2024,5,13,3,134,949.18
CWPRS campus,18.446944,73.785,13-05-2024 03:20,2024-05-13 03:20:00,2024,5,13,3,134,949.39
CWPRS campus,18.446944,73.785,13-05-2024 03:25,2024-05-13 03:25:00,2024,5,13,3,134,949.35
CWPRS campus,18.446944,73.785,13-05-2024 03:30,2024-05-13 03:30:00,2024,5,13,3,134,949.42
CWPRS campus,18.446944,73.785,13-05-2024 03:35,2024-05-13 03:35:00,2024,5,13,3,134,949.36
CWPRS campus,18.446944,73.785,13-05-2024 03:40,2024-05-13 03:40:00,2024,5,13,3,134,949.43
CWPRS campus,18.446944,73.785,13-05-2024 03:45,2024-05-13 03:45:00,2024,5,13,3,134,949.49
CWPRS campus,18.446944,73.785,13-05-2024 03:50,2024-05-13 03:50:00,2024,5,13,3,134,949.62
CWPRS campus,18.446944,73.785,13-05-2024 03:55,2024-05-13 03:55:00,2024,5,13,3,134,949.71
CWPRS campus,18.446944,73.785,13-05-2024 04:00,2024-05-13 04:00:00,2024,5,13,4,134,949.84
CWPRS campus,18.446944,73.785,13-05-2024 04:05,2024-05-13 04:05:00,2024,5,13,4,134,949.97
CWPRS campus,18.446944,73.785,13-05-2024 04:10,2024-05-13 04:10:00,2024,5,13,4,134,950.22
CWPRS campus,18.446944,73.785,13-05-2024 04:15,2024-05-13 04:15:00,2024,5,13,4,134,950.26
CWPRS campus,18.446944,73.785,13-05-2024 04:20,2024-05-13 04:20:00,2024,5,13,4,134,950.25
CWPRS campus,18.446944,73.785,13-05-2024 04:25,2024-05-13 04:25:00,2024,5,13,4,134,950.34
CWPRS campus,18.446944,73.785,13-05-2024 04:30,2024-05-13 04:30:00,2024,5,13,4,134,950.35
CWPRS campus,18.446944,73.785,13-05-2024 04:35,2024-05-13 04:35:00,2024,5,13,4,134,950.54
CWPRS campus,18.446944,73.785,13-05-2024 04:40,2024-05-13 04:40:00,2024,5,13,4,134,950.58
CWPRS campus,18.446944,73.785,13-05-2024 04:45,2024-05-13 04:45:00,2024,5,13,4,134,950.6
CWPRS campus,18.446944,73.785,13-05-2024 04:50,2024-05-13 04:50:00,2024,5,13,4,134,950.63
CWPRS campus,18.446944,73.785,13-05-2024 04:55,2024-05-13 04:55:00,2024,5,13,4,134,950.75
CWPRS campus,18.446944,73.785,13-05-2024 05:00,2024-05-13 05:00:00,2024,5,13,5,134,950.8
CWPRS campus,18.446944,73.785,13-05-2024 05:05,2024-05-13 05:05:00,2024,5,13,5,134,950.81
CWPRS campus,18.446944,73.785,13-05-2024 05:10,2024-05-13 05:10:00,2024,5,13,5,134,951.01
CWPRS campus,18.446944,73.785,13-05-2024 05:15,2024-05-13 05:15:00,2024,5,13,5,134,950.99
CWPRS campus,18.446944,73.785,13-05-2024 05:20,2024-05-13 05:20:00,2024,5,13,5,134,951.05
CWPRS campus,18.446944,73.785,13-05-2024 05:25,2024-05-13 05:25:00,2024,5,13,5,134,951.16
CWPRS campus,18.446944,73.785,13-05-2024 05:30,2024-05-13 05:30:00,2024,5,13,5,134,951.08
CWPRS campus,18.446944,73.785,13-05-2024 05:35,2024-05-13 05:35:00,2024,5,13,5,134,951.17
CWPRS campus,18.446944,73.785,13-05-2024 05:40,2024-05-13 05:40:00,2024,5,13,5,134,951.14
CWPRS campus,18.446944,73.785,13-05-2024 05:45,2024-05-13 05:45:00,2024,5,13,5,134,951.25
CWPRS campus,18.446944,73.785,13-05-2024 05:50,2024-05-13 05:50:00,2024,5,13,5,134,951.22
CWPRS campus,18.446944,73.785,13-05-2024 05:55,2024-05-13 05:55:00,2024,5,13,5,134,951.32
CWPRS campus,18.446944,73.785,13-05-2024 06:00,2024-05-13 06:00:00,2024,5,13,6,134,951.45
CWPRS campus,18.446944,73.785,13-05-2024 06:05,2024-05-13 06:05:00,2024,5,13,6,134,951.56
CWPRS campus,18.446944,73.785,13-05-2024 06:10,2024-05-13 06:10:00,2024,5,13,6,134,951.61
CWPRS campus,18.446944,73.785,13-05-2024 06:15,2024-05-13 06:15:00,2024,5,13,6,134,951.62
CWPRS campus,18.446944,73.785,13-05-2024 06:20,2024-05-13 06:20:00,2024,5,13,6,134,951.6
CWPRS campus,18.446944,73.785,13-05-2024 06:25,2024-05-13 06:25:00,2024,5,13,6,134,951.74
CWPRS campus,18.446944,73.785,13-05-2024 06:30,2024-05-13 06:30:00,2024,5,13,6,134,951.7
CWPRS campus,18.446944,73.785,13-05-2024 06:35,2024-05-13 06:35:00,2024,5,13,6,134,951.64
CWPRS campus,18.446944,73.785,13-05-2024 06:40,2024-05-13 06:40:00,2024,5,13,6,134,951.71
CWPRS campus,18.446944,73.785,13-05-2024 06:45,2024-05-13 06:45:00,2024,5,13,6,134,951.66
CWPRS campus,18.446944,73.785,13-05-2024 06:50,2024-05-13 06:50:00,2024,5,13,6,134,951.59
CWPRS campus,18.446944,73.785,13-05-2024 06:55,2024-05-13 06:55:00,2024,5,13,6,134,951.49
CWPRS campus,18.446944,73.785,13-05-2024 07:00,2024-05-13 07:00:00,2024,5,13,7,134,951.47
CWPRS campus,18.446944,73.785,13-05-2024 07:05,2024-05-13 07:05:00,2024,5,13,7,134,951.47
CWPRS campus,18.446944,73.785,13-05-2024 07:10,2024-05-13 07:10:00,2024,5,13,7,134,951.5
CWPRS campus,18.446944,73.785,13-05-2024 07:15,2024-05-13 07:15:00,2024,5,13,7,134,951.58
CWPRS campus,18.446944,73.785,13-05-2024 07:20,2024-05-13 07:20:00,2024,5,13,7,134,951.63
CWPRS campus,18.446944,73.785,13-05-2024 07:25,2024-05-13 07:25:00,2024,5,13,7,134,951.61
CWPRS campus,18.446944,73.785,13-05-2024 07:30,2024-05-13 07:30:00,2024,5,13,7,134,951.58
CWPRS campus,18.446944,73.785,13-05-2024 07:35,2024-05-13 07:35:00,2024,5,13,7,134,951.62
CWPRS campus,18.446944,73.785,13-05-2024 07:40,2024-05-13 07:40:00,2024,5,13,7,134,951.7
CWPRS campus,18.446944,73.785,13-05-2024 07:45,2024-05-13 07:45:00,2024,5,13,7,134,951.69
CWPRS campus,18.446944,73.785,13-05-2024 07:50,2024-05-13 07:50:00,2024,5,13,7,134,951.63
CWPRS campus,18.446944,73.785,13-05-2024 07:55,2024-05-13 07:55:00,2024,5,13,7,134,951.53
CWPRS campus,18.446944,73.785,13-05-2024 08:00,2024-05-13 08:00:00,2024,5,13,8,134,951.39
CWPRS campus,18.446944,73.785,13-05-2024 08:05,2024-05-13 08:05:00,2024,5,13,8,134,951.42
CWPRS campus,18.446944,73.785,13-05-2024 08:10,2024-05-13 08:10:00,2024,5,13,8,134,951.44
CWPRS campus,18.446944,73.785,13-05-2024 08:15,2024-05-13 08:15:00,2024,5,13,8,134,951.46
CWPRS campus,18.446944,73.785,13-05-2024 08:20,2024-05-13 08:20:00,2024,5,13,8,134,951.41
CWPRS campus,18.446944,73.785,13-05-2024 08:25,2024-05-13 08:25:00,2024,5,13,8,134,951.49
CWPRS campus,18.446944,73.785,13-05-2024 08:30,2024-05-13 08:30:00,2024,5,13,8,134,951.41
CWPRS campus,18.446944,73.785,13-05-2024 08:35,2024-05-13 08:35:00,2024,5,13,8,134,951.44
CWPRS campus,18.446944,73.785,13-05-2024 08:40,2024-05-13 08:40:00,2024,5,13,8,134,951.39
CWPRS campus,18.446944,73.785,13-05-2024 08:45,2024-05-13 08:45:00,2024,5,13,8,134,951.29
CWPRS campus,18.446944,73.785,13-05-2024 08:50,2024-05-13 08:50:00,2024,5,13,8,134,951.29
CWPRS campus,18.446944,73.785,13-05-2024 08:55,2024-05-13 08:55:00,2024,5,13,8,134,951.27
CWPRS campus,18.446944,73.785,13-05-2024 09:00,2024-05-13 09:00:00,2024,5,13,9,134,951.24
CWPRS campus,18.446944,73.785,13-05-2024 09:05,2024-05-13 09:05:00,2024,5,13,9,134,951.19
CWPRS campus,18.446944,73.785,13-05-2024 09:10,2024-05-13 09:10:00,2024,5,13,9,134,951.13
CWPRS campus,18.446944,73.785,13-05-2024 09:15,2024-05-13 09:15:00,2024,5,13,9,134,951.26
CWPRS campus,18.446944,73.785,13-05-2024 09:20,2024-05-13 09:20:00,2024,5,13,9,134,951.29
CWPRS campus,18.446944,73.785,13-05-2024 09:25,2024-05-13 09:25:00,2024,5,13,9,134,951.27
CWPRS campus,18.446944,73.785,13-05-2024 09:30,2024-05-13 09:30:00,2024,5,13,9,134,951.21
CWPRS campus,18.446944,73.785,13-05-2024 09:35,2024-05-13 09:35:00,2024,5,13,9,134,951.21
CWPRS campus,18.446944,73.785,13-05-2024 09:40,2024-05-13 09:40:00,2024,5,13,9,134,951.18
CWPRS campus,18.446944,73.785,13-05-2024 09:45,2024-05-13 09:45:00,2024,5,13,9,134,951.1
CWPRS campus,18.446944,73.785,13-05-2024 09:50,2024-05-13 09:50:00,2024,5,13,9,134,951.0
CWPRS campus,18.446944,73.785,13-05-2024 09:55,2024-05-13 09:55:00,2024,5,13,9,134,950.91
CWPRS campus,18.446944,73.785,13-05-2024 10:00,2024-05-13 10:00:00,2024,5,13,10,134,950.58
CWPRS campus,18.446944,73.785,13-05-2024 10:05,2024-05-13 10:05:00,2024,5,13,10,134,950.53
CWPRS campus,18.446944,73.785,13-05-2024 10:10,2024-05-13 10:10:00,2024,5,13,10,134,950.43
CWPRS campus,18.446944,73.785,13-05-2024 10:15,2024-05-13 10:15:00,2024,5,13,10,134,950.49
CWPRS campus,18.446944,73.785,13-05-2024 10:20,2024-05-13 10:20:00,2024,5,13,10,134,950.43
CWPRS campus,18.446944,73.785,13-05-2024 10:25,2024-05-13 10:25:00,2024,5,13,10,134,950.26
CWPRS campus,18.446944,73.785,13-05-2024 10:30,2024-05-13 10:30:00,2024,5,13,10,134,950.2
CWPRS campus,18.446944,73.785,13-05-2024 10:35,2024-05-13 10:35:00,2024,5,13,10,134,950.05
CWPRS campus,18.446944,73.785,13-05-2024 10:40,2024-05-13 10:40:00,2024,5,13,10,134,950.03
CWPRS campus,18.446944,73.785,13-05-2024 10:45,2024-05-13 10:45:00,2024,5,13,10,134,950.0
CWPRS campus,18.446944,73.785,13-05-2024 10:50,2024-05-13 10:50:00,2024,5,13,10,134,950.02
CWPRS campus,18.446944,73.785,13-05-2024 10:55,2024-05-13 10:55:00,2024,5,13,10,134,949.9
CWPRS campus,18.446944,73.785,13-05-2024 11:00,2024-05-13 11:00:00,2024,5,13,11,134,949.85
CWPRS campus,18.446944,73.785,13-05-2024 11:05,2024-05-13 11:05:00,2024,5,13,11,134,949.68
CWPRS campus,18.446944,73.785,13-05-2024 11:10,2024-05-13 11:10:00,2024,5,13,11,134,949.69
CWPRS campus,18.446944,73.785,13-05-2024 11:15,2024-05-13 11:15:00,2024,5,13,11,134,949.69
CWPRS campus,18.446944,73.785,13-05-2024 11:20,2024-05-13 11:20:00,2024,5,13,11,134,949.68
CWPRS campus,18.446944,73.785,13-05-2024 11:25,2024-05-13 11:25:00,2024,5,13,11,134,949.63
CWPRS campus,18.446944,73.785,13-05-2024 11:30,2024-05-13 11:30:00,2024,5,13,11,134,949.62
CWPRS campus,18.446944,73.785,13-05-2024 11:35,2024-05-13 11:35:00,2024,5,13,11,134,949.71
CWPRS campus,18.446944,73.785,13-05-2024 11:40,2024-05-13 11:40:00,2024,5,13,11,134,949.64
CWPRS campus,18.446944,73.785,13-05-2024 11:45,2024-05-13 11:45:00,2024,5,13,11,134,949.61
CWPRS campus,18.446944,73.785,13-05-2024 11:50,2024-05-13 11:50:00,2024,5,13,11,134,949.48
CWPRS campus,18.446944,73.785,13-05-2024 11:55,2024-05-13 11:55:00,2024,5,13,11,134,949.38
CWPRS campus,18.446944,73.785,13-05-2024 12:00,2024-05-13 12:00:00,2024,5,13,12,134,949.36
CWPRS campus,18.446944,73.785,13-05-2024 12:05,2024-05-13 12:05:00,2024,5,13,12,134,949.42
CWPRS campus,18.446944,73.785,13-05-2024 12:10,2024-05-13 12:10:00,2024,5,13,12,134,949.37
CWPRS campus,18.446944,73.785,13-05-2024 12:15,2024-05-13 12:15:00,2024,5,13,12,134,949.33
CWPRS campus,18.446944,73.785,13-05-2024 12:20,2024-05-13 12:20:00,2024,5,13,12,134,949.27
CWPRS campus,18.446944,73.785,13-05-2024 12:25,2024-05-13 12:25:00,2024,5,13,12,134,949.22
CWPRS campus,18.446944,73.785,13-05-2024 12:30,2024-05-13 12:30:00,2024,5,13,12,134,949.23
CWPRS campus,18.446944,73.785,13-05-2024 12:35,2024-05-13 12:35:00,2024,5,13,12,134,949.1
CWPRS campus,18.446944,73.785,13-05-2024 12:40,2024-05-13 12:40:00,2024,5,13,12,134,949.2
CWPRS campus,18.446944,73.785,13-05-2024 12:45,2024-05-13 12:45:00,2024,5,13,12,134,949.14
CWPRS campus,18.446944,73.785,13-05-2024 12:50,2024-05-13 12:50:00,2024,5,13,12,134,949.2
CWPRS campus,18.446944,73.785,13-05-2024 12:55,2024-05-13 12:55:00,2024,5,13,12,134,949.1
CWPRS campus,18.446944,73.785,13-05-2024 13:00,2024-05-13 13:00:00,2024,5,13,13,134,949.17
CWPRS campus,18.446944,73.785,13-05-2024 13:05,2024-05-13 13:05:00,2024,5,13,13,134,949.23
CWPRS campus,18.446944,73.785,13-05-2024 13:10,2024-05-13 13:10:00,2024,5,13,13,134,949.27
CWPRS campus,18.446944,73.785,13-05-2024 13:15,2024-05-13 13:15:00,2024,5,13,13,134,949.21
CWPRS campus,18.446944,73.785,13-05-2024 13:20,2024-05-13 13:20:00,2024,5,13,13,134,949.24
CWPRS campus,18.446944,73.785,13-05-2024 13:25,2024-05-13 13:25:00,2024,5,13,13,134,949.17
CWPRS campus,18.446944,73.785,13-05-2024 13:30,2024-05-13 13:30:00,2024,5,13,13,134,949.18
CWPRS campus,18.446944,73.785,13-05-2024 13:35,2024-05-13 13:35:00,2024,5,13,13,134,949.29
CWPRS campus,18.446944,73.785,13-05-2024 13:40,2024-05-13 13:40:00,2024,5,13,13,134,949.39
CWPRS campus,18.446944,73.785,13-05-2024 13:45,2024-05-13 13:45:00,2024,5,13,13,134,949.42
CWPRS campus,18.446944,73.785,13-05-2024 13:50,2024-05-13 13:50:00,2024,5,13,13,134,949.37
CWPRS campus,18.446944,73.785,13-05-2024 13:55,2024-05-13 13:55:00,2024,5,13,13,134,949.46
CWPRS campus,18.446944,73.785,13-05-2024 14:00,2024-05-13 14:00:00,2024,5,13,14,134,949.5
CWPRS campus,18.446944,73.785,13-05-2024 14:05,2024-05-13 14:05:00,2024,5,13,14,134,949.36
CWPRS campus,18.446944,73.785,13-05-2024 14:10,2024-05-13 14:10:00,2024,5,13,14,134,949.47
CWPRS campus,18.446944,73.785,13-05-2024 14:15,2024-05-13 14:15:00,2024,5,13,14,134,949.52
CWPRS campus,18.446944,73.785,13-05-2024 14:20,2024-05-13 14:20:00,2024,5,13,14,134,949.67
CWPRS campus,18.446944,73.785,13-05-2024 14:25,2024-05-13 14:25:00,2024,5,13,14,134,949.64
CWPRS campus,18.446944,73.785,13-05-2024 14:30,2024-05-13 14:30:00,2024,5,13,14,134,949.44
CWPRS campus,18.446944,73.785,13-05-2024 14:35,2024-05-13 14:35:00,2024,5,13,14,134,949.53
CWPRS campus,18.446944,73.785,13-05-2024 14:40,2024-05-13 14:40:00,2024,5,13,14,134,949.63
CWPRS campus,18.446944,73.785,13-05-2024 14:45,2024-05-13 14:45:00,2024,5,13,14,134,949.56
CWPRS campus,18.446944,73.785,13-05-2024 14:50,2024-05-13 14:50:00,2024,5,13,14,134,949.56
CWPRS campus,18.446944,73.785,13-05-2024 14:55,2024-05-13 14:55:00,2024,5,13,14,134,949.86
CWPRS campus,18.446944,73.785,13-05-2024 15:00,2024-05-13 15:00:00,2024,5,13,15,134,949.91
CWPRS campus,18.446944,73.785,13-05-2024 15:05,2024-05-13 15:05:00,2024,5,13,15,134,950.05
CWPRS campus,18.446944,73.785,13-05-2024 15:10,2024-05-13 15:10:00,2024,5,13,15,134,950.07
CWPRS campus,18.446944,73.785,13-05-2024 15:15,2024-05-13 15:15:00,2024,5,13,15,134,949.98
CWPRS campus,18.446944,73.785,13-05-2024 15:20,2024-05-13 15:20:00,2024,5,13,15,134,950.05
CWPRS campus,18.446944,73.785,13-05-2024 15:25,2024-05-13 15:25:00,2024,5,13,15,134,950.11
CWPRS campus,18.446944,73.785,13-05-2024 15:30,2024-05-13 15:30:00,2024,5,13,15,134,950.17
CWPRS campus,18.446944,73.785,13-05-2024 15:35,2024-05-13 15:35:00,2024,5,13,15,134,950.25
CWPRS campus,18.446944,73.785,13-05-2024 15:40,2024-05-13 15:40:00,2024,5,13,15,134,950.36
CWPRS campus,18.446944,73.785,13-05-2024 15:45,2024-05-13 15:45:00,2024,5,13,15,134,950.43
CWPRS campus,18.446944,73.785,13-05-2024 15:50,2024-05-13 15:50:00,2024,5,13,15,134,950.42
CWPRS campus,18.446944,73.785,13-05-2024 15:55,2024-05-13 15:55:00,2024,5,13,15,134,950.55
CWPRS campus,18.446944,73.785,13-05-2024 16:00,2024-05-13 16:00:00,2024,5,13,16,134,950.48
CWPRS campus,18.446944,73.785,13-05-2024 16:05,2024-05-13 16:05:00,2024,5,13,16,134,950.42
CWPRS campus,18.446944,73.785,13-05-2024 16:10,2024-05-13 16:10:00,2024,5,13,16,134,950.58
CWPRS campus,18.446944,73.785,13-05-2024 16:15,2024-05-13 16:15:00,2024,5,13,16,134,950.71
CWPRS campus,18.446944,73.785,13-05-2024 16:20,2024-05-13 16:20:00,2024,5,13,16,134,950.8
CWPRS campus,18.446944,73.785,13-05-2024 16:25,2024-05-13 16:25:00,2024,5,13,16,134,950.79
CWPRS campus,18.446944,73.785,13-05-2024 16:30,2024-05-13 16:30:00,2024,5,13,16,134,950.83
CWPRS campus,18.446944,73.785,13-05-2024 16:35,2024-05-13 16:35:00,2024,5,13,16,134,950.9
CWPRS campus,18.446944,73.785,13-05-2024 16:40,2024-05-13 16:40:00,2024,5,13,16,134,950.87
CWPRS campus,18.446944,73.785,13-05-2024 16:45,2024-05-13 16:45:00,2024,5,13,16,134,950.91
CWPRS campus,18.446944,73.785,13-05-2024 16:50,2024-05-13 16:50:00,2024,5,13,16,134,951.06
CWPRS campus,18.446944,73.785,13-05-2024 16:55,2024-05-13 16:55:00,2024,5,13,16,134,951.27
CWPRS campus,18.446944,73.785,13-05-2024 17:00,2024-05-13 17:00:00,2024,5,13,17,134,951.33
CWPRS campus,18.446944,73.785,13-05-2024 17:05,2024-05-13 17:05:00,2024,5,13,17,134,951.47
CWPRS campus,18.446944,73.785,13-05-2024 17:10,2024-05-13 17:10:00,2024,5,13,17,134,951.4
CWPRS campus,18.446944,73.785,13-05-2024 17:15,2024-05-13 17:15:00,2024,5,13,17,134,951.54
CWPRS campus,18.446944,73.785,13-05-2024 17:20,2024-05-13 17:20:00,2024,5,13,17,134,951.56
CWPRS campus,18.446944,73.785,13-05-2024 17:25,2024-05-13 17:25:00,2024,5,13,17,134,951.67
CWPRS campus,18.446944,73.785,13-05-2024 17:30,2024-05-13 17:30:00,2024,5,13,17,134,951.72
CWPRS campus,18.446944,73.785,13-05-2024 17:35,2024-05-13 17:35:00,2024,5,13,17,134,951.91
CWPRS campus,18.446944,73.785,13-05-2024 17:40,2024-05-13 17:40:00,2024,5,13,17,134,951.9
CWPRS campus,18.446944,73.785,13-05-2024 17:45,2024-05-13 17:45:00,2024,5,13,17,134,952.02
CWPRS campus,18.446944,73.785,13-05-2024 17:50,2024-05-13 17:50:00,2024,5,13,17,134,952.06
CWPRS campus,18.446944,73.785,13-05-2024 17:55,2024-05-13 17:55:00,2024,5,13,17,134,952.11
CWPRS campus,18.446944,73.785,13-05-2024 18:00,2024-05-13 18:00:00,2024,5,13,18,134,952.16
CWPRS campus,18.446944,73.785,13-05-2024 18:05,2024-05-13 18:05:00,2024,5,13,18,134,952.15
CWPRS campus,18.446944,73.785,13-05-2024 18:10,2024-05-13 18:10:00,2024,5,13,18,134,952.2
CWPRS campus,18.446944,73.785,13-05-2024 18:15,2024-05-13 18:15:00,2024,5,13,18,134,952.25
CWPRS campus,18.446944,73.785,13-05-2024 18:20,2024-05-13 18:20:00,2024,5,13,18,134,952.32
CWPRS campus,18.446944,73.785,13-05-2024 18:25,2024-05-13 18:25:00,2024,5,13,18,134,952.37
CWPRS campus,18.446944,73.785,13-05-2024 18:30,2024-05-13 18:30:00,2024,5,13,18,134,952.48
CWPRS campus,18.446944,73.785,13-05-2024 18:35,2024-05-13 18:35:00,2024,5,13,18,134,952.59
CWPRS campus,18.446944,73.785,13-05-2024 18:40,2024-05-13 18:40:00,2024,5,13,18,134,952.53
CWPRS campus,18.446944,73.785,13-05-2024 18:45,2024-05-13 18:45:00,2024,5,13,18,134,952.63
CWPRS campus,18.446944,73.785,13-05-2024 18:50,2024-05-13 18:50:00,2024,5,13,18,134,952.56
CWPRS campus,18.446944,73.785,13-05-2024 18:55,2024-05-13 18:55:00,2024,5,13,18,134,952.64
CWPRS campus,18.446944,73.785,13-05-2024 19:00,2024-05-13 19:00:00,2024,5,13,19,134,952.71
CWPRS campus,18.446944,73.785,13-05-2024 19:05,2024-05-13 19:05:00,2024,5,13,19,134,952.57
CWPRS campus,18.446944,73.785,13-05-2024 19:10,2024-05-13 19:10:00,2024,5,13,19,134,952.59
CWPRS campus,18.446944,73.785,13-05-2024 19:15,2024-05-13 19:15:00,2024,5,13,19,134,952.57
CWPRS campus,18.446944,73.785,13-05-2024 19:20,2024-05-13 19:20:00,2024,5,13,19,134,952.52
CWPRS campus,18.446944,73.785,13-05-2024 19:25,2024-05-13 19:25:00,2024,5,13,19,134,952.64
CWPRS campus,18.446944,73.785,13-05-2024 19:30,2024-05-13 19:30:00,2024,5,13,19,134,952.59
CWPRS campus,18.446944,73.785,13-05-2024 19:35,2024-05-13 19:35:00,2024,5,13,19,134,952.53
CWPRS campus,18.446944,73.785,13-05-2024 19:40,2024-05-13 19:40:00,2024,5,13,19,134,952.54
CWPRS campus,18.446944,73.785,13-05-2024 19:45,2024-05-13 19:45:00,2024,5,13,19,134,952.59
CWPRS campus,18.446944,73.785,13-05-2024 19:50,2024-05-13 19:50:00,2024,5,13,19,134,952.58
CWPRS campus,18.446944,73.785,13-05-2024 19:55,2024-05-13 19:55:00,2024,5,13,19,134,952.66
CWPRS campus,18.446944,73.785,13-05-2024 20:00,2024-05-13 20:00:00,2024,5,13,20,134,952.69
CWPRS campus,18.446944,73.785,13-05-2024 20:05,2024-05-13 20:05:00,2024,5,13,20,134,952.5
CWPRS campus,18.446944,73.785,13-05-2024 20:10,2024-05-13 20:10:00,2024,5,13,20,134,952.44
CWPRS campus,18.446944,73.785,13-05-2024 20:15,2024-05-13 20:15:00,2024,5,13,20,134,952.38
CWPRS campus,18.446944,73.785,13-05-2024 20:20,2024-05-13 20:20:00,2024,5,13,20,134,952.4
CWPRS campus,18.446944,73.785,13-05-2024 20:25,2024-05-13 20:25:00,2024,5,13,20,134,952.17
CWPRS campus,18.446944,73.785,13-05-2024 20:30,2024-05-13 20:30:00,2024,5,13,20,134,952.35
CWPRS campus,18.446944,73.785,13-05-2024 20:35,2024-05-13 20:35:00,2024,5,13,20,134,952.37
CWPRS campus,18.446944,73.785,13-05-2024 20:40,2024-05-13 20:40:00,2024,5,13,20,134,952.35
CWPRS campus,18.446944,73.785,13-05-2024 20:45,2024-05-13 20:45:00,2024,5,13,20,134,952.41
CWPRS campus,18.446944,73.785,13-05-2024 20:50,2024-05-13 20:50:00,2024,5,13,20,134,952.56
CWPRS campus,18.446944,73.785,13-05-2024 20:55,2024-05-13 20:55:00,2024,5,13,20,134,952.58
CWPRS campus,18.446944,73.785,13-05-2024 21:00,2024-05-13 21:00:00,2024,5,13,21,134,952.61
CWPRS campus,18.446944,73.785,13-05-2024 21:05,2024-05-13 21:05:00,2024,5,13,21,134,952.56
CWPRS campus,18.446944,73.785,13-05-2024 21:10,2024-05-13 21:10:00,2024,5,13,21,134,952.49
CWPRS campus,18.446944,73.785,13-05-2024 21:15,2024-05-13 21:15:00,2024,5,13,21,134,952.39
CWPRS campus,18.446944,73.785,13-05-2024 21:20,2024-05-13 21:20:00,2024,5,13,21,134,952.27
CWPRS campus,18.446944,73.785,13-05-2024 21:25,2024-05-13 21:25:00,2024,5,13,21,134,952.16
CWPRS campus,18.446944,73.785,13-05-2024 21:30,2024-05-13 21:30:00,2024,5,13,21,134,952.0
CWPRS campus,18.446944,73.785,13-05-2024 21:35,2024-05-13 21:35:00,2024,5,13,21,134,951.94
CWPRS campus,18.446944,73.785,13-05-2024 21:40,2024-05-13 21:40:00,2024,5,13,21,134,951.76
CWPRS campus,18.446944,73.785,13-05-2024 21:45,2024-05-13 21:45:00,2024,5,13,21,134,951.73
CWPRS campus,18.446944,73.785,13-05-2024 21:50,2024-05-13 21:50:00,2024,5,13,21,134,951.68
CWPRS campus,18.446944,73.785,13-05-2024 21:55,2024-05-13 21:55:00,2024,5,13,21,134,951.64
CWPRS campus,18.446944,73.785,13-05-2024 22:00,2024-05-13 22:00:00,2024,5,13,22,134,951.55
CWPRS campus,18.446944,73.785,13-05-2024 22:05,2024-05-13 22:05:00,2024,5,13,22,134,951.75
CWPRS campus,18.446944,73.785,13-05-2024 22:10,2024-05-13 22:10:00,2024,5,13,22,134,951.8
CWPRS campus,18.446944,73.785,13-05-2024 22:15,2024-05-13 22:15:00,2024,5,13,22,134,951.64
CWPRS campus,18.446944,73.785,13-05-2024 22:20,2024-05-13 22:20:00,2024,5,13,22,134,951.6
CWPRS campus,18.446944,73.785,13-05-2024 22:25,2024-05-13 22:25:00,2024,5,13,22,134,951.5
CWPRS campus,18.446944,73.785,13-05-2024 22:30,2024-05-13 22:30:00,2024,5,13,22,134,951.36
CWPRS campus,18.446944,73.785,13-05-2024 22:35,2024-05-13 22:35:00,2024,5,13,22,134,951.21
CWPRS campus,18.446944,73.785,13-05-2024 22:40,2024-05-13 22:40:00,2024,5,13,22,134,951.2
CWPRS campus,18.446944,73.785,13-05-2024 22:45,2024-05-13 22:45:00,2024,5,13,22,134,951.1
CWPRS campus,18.446944,73.785,13-05-2024 22:50,2024-05-13 22:50:00,2024,5,13,22,134,951.13
CWPRS campus,18.446944,73.785,13-05-2024 22:55,2024-05-13 22:55:00,2024,5,13,22,134,951.17
CWPRS campus,18.446944,73.785,13-05-2024 23:00,2024-05-13 23:00:00,2024,5,13,23,134,951.23
CWPRS campus,18.446944,73.785,13-05-2024 23:05,2024-05-13 23:05:00,2024,5,13,23,134,951.11
CWPRS campus,18.446944,73.785,13-05-2024 23:10,2024-05-13 23:10:00,2024,5,13,23,134,951.1
CWPRS campus,18.446944,73.785,13-05-2024 23:15,2024-05-13 23:15:00,2024,5,13,23,134,951.11
CWPRS campus,18.446944,73.785,13-05-2024 23:20,2024-05-13 23:20:00,2024,5,13,23,134,951.03
CWPRS campus,18.446944,73.785,13-05-2024 23:25,2024-05-13 23:25:00,2024,5,13,23,134,950.92
CWPRS campus,18.446944,73.785,13-05-2024 23:30,2024-05-13 23:30:00,2024,5,13,23,134,951.02
CWPRS campus,18.446944,73.785,13-05-2024 23:35,2024-05-13 23:35:00,2024,5,13,23,134,950.99
CWPRS campus,18.446944,73.785,13-05-2024 23:40,2024-05-13 23:40:00,2024,5,13,23,134,951.01
CWPRS campus,18.446944,73.785,13-05-2024 23:45,2024-05-13 23:45:00,2024,5,13,23,134,950.9
CWPRS campus,18.446944,73.785,13-05-2024 23:50,2024-05-13 23:50:00,2024,5,13,23,134,950.77
CWPRS campus,18.446944,73.785,13-05-2024 23:55,2024-05-13 23:55:00,2024,5,13,23,134,950.7
CWPRS campus,18.446944,73.785,14-05-2024 00:00,2024-05-14 00:00:00,2024,5,14,0,135,950.67
CWPRS campus,18.446944,73.785,14-05-2024 00:05,2024-05-14 00:05:00,2024,5,14,0,135,950.56
CWPRS campus,18.446944,73.785,14-05-2024 00:10,2024-05-14 00:10:00,2024,5,14,0,135,950.55
CWPRS campus,18.446944,73.785,14-05-2024 00:15,2024-05-14 00:15:00,2024,5,14,0,135,950.4
CWPRS campus,18.446944,73.785,14-05-2024 00:20,2024-05-14 00:20:00,2024,5,14,0,135,950.31
CWPRS campus,18.446944,73.785,14-05-2024 00:25,2024-05-14 00:25:00,2024,5,14,0,135,950.37
CWPRS campus,18.446944,73.785,14-05-2024 00:30,2024-05-14 00:30:00,2024,5,14,0,135,950.42
CWPRS campus,18.446944,73.785,14-05-2024 00:35,2024-05-14 00:35:00,2024,5,14,0,135,950.39
CWPRS campus,18.446944,73.785,14-05-2024 00:40,2024-05-14 00:40:00,2024,5,14,0,135,950.32
CWPRS campus,18.446944,73.785,14-05-2024 00:45,2024-05-14 00:45:00,2024,5,14,0,135,950.25
CWPRS campus,18.446944,73.785,14-05-2024 00:50,2024-05-14 00:50:00,2024,5,14,0,135,950.24
CWPRS campus,18.446944,73.785,14-05-2024 00:55,2024-05-14 00:55:00,2024,5,14,0,135,950.31
CWPRS campus,18.446944,73.785,14-05-2024 01:00,2024-05-14 01:00:00,2024,5,14,1,135,950.4
CWPRS campus,18.446944,73.785,14-05-2024 01:05,2024-05-14 01:05:00,2024,5,14,1,135,950.39
CWPRS campus,18.446944,73.785,14-05-2024 01:10,2024-05-14 01:10:00,2024,5,14,1,135,950.32
CWPRS campus,18.446944,73.785,14-05-2024 01:15,2024-05-14 01:15:00,2024,5,14,1,135,950.37
CWPRS campus,18.446944,73.785,14-05-2024 01:20,2024-05-14 01:20:00,2024,5,14,1,135,950.34
CWPRS campus,18.446944,73.785,14-05-2024 01:25,2024-05-14 01:25:00,2024,5,14,1,135,950.34
CWPRS campus,18.446944,73.785,14-05-2024 01:30,2024-05-14 01:30:00,2024,5,14,1,135,950.48
CWPRS campus,18.446944,73.785,14-05-2024 01:35,2024-05-14 01:35:00,2024,5,14,1,135,950.59
CWPRS campus,18.446944,73.785,14-05-2024 01:40,2024-05-14 01:40:00,2024,5,14,1,135,950.64
CWPRS campus,18.446944,73.785,14-05-2024 01:45,2024-05-14 01:45:00,2024,5,14,1,135,950.58
CWPRS campus,18.446944,73.785,14-05-2024 01:50,2024-05-14 01:50:00,2024,5,14,1,135,950.65
CWPRS campus,18.446944,73.785,14-05-2024 01:55,2024-05-14 01:55:00,2024,5,14,1,135,950.78
CWPRS campus,18.446944,73.785,14-05-2024 02:00,2024-05-14 02:00:00,2024,5,14,2,135,950.8
CWPRS campus,18.446944,73.785,14-05-2024 02:05,2024-05-14 02:05:00,2024,5,14,2,135,950.96
CWPRS campus,18.446944,73.785,14-05-2024 02:10,2024-05-14 02:10:00,2024,5,14,2,135,951.11
CWPRS campus,18.446944,73.785,14-05-2024 02:15,2024-05-14 02:15:00,2024,5,14,2,135,951.29
CWPRS campus,18.446944,73.785,14-05-2024 02:20,2024-05-14 02:20:00,2024,5,14,2,135,951.36
CWPRS campus,18.446944,73.785,14-05-2024 02:25,2024-05-14 02:25:00,2024,5,14,2,135,951.45
CWPRS campus,18.446944,73.785,14-05-2024 02:30,2024-05-14 02:30:00,2024,5,14,2,135,951.61
CWPRS campus,18.446944,73.785,14-05-2024 02:35,2024-05-14 02:35:00,2024,5,14,2,135,951.69
CWPRS campus,18.446944,73.785,14-05-2024 02:40,2024-05-14 02:40:00,2024,5,14,2,135,951.7
CWPRS campus,18.446944,73.785,14-05-2024 02:45,2024-05-14 02:45:00,2024,5,14,2,135,951.71
CWPRS campus,18.446944,73.785,14-05-2024 02:50,2024-05-14 02:50:00,2024,5,14,2,135,951.78
CWPRS campus,18.446944,73.785,14-05-2024 02:55,2024-05-14 02:55:00,2024,5,14,2,135,951.73
CWPRS campus,18.446944,73.785,14-05-2024 03:00,2024-05-14 03:00:00,2024,5,14,3,135,951.78
CWPRS campus,18.446944,73.785,14-05-2024 03:05,2024-05-14 03:05:00,2024,5,14,3,135,951.93
CWPRS campus,18.446944,73.785,14-05-2024 03:10,2024-05-14 03:10:00,2024,5,14,3,135,951.82
CWPRS campus,18.446944,73.785,14-05-2024 03:15,2024-05-14 03:15:00,2024,5,14,3,135,952.01
CWPRS campus,18.446944,73.785,14-05-2024 03:20,2024-05-14 03:20:00,2024,5,14,3,135,952.16
CWPRS campus,18.446944,73.785,14-05-2024 03:25,2024-05-14 03:25:00,2024,5,14,3,135,952.19
CWPRS campus,18.446944,73.785,14-05-2024 03:30,2024-05-14 03:30:00,2024,5,14,3,135,952.3
CWPRS campus,18.446944,73.785,14-05-2024 03:35,2024-05-14 03:35:00,2024,5,14,3,135,952.36
CWPRS campus,18.446944,73.785,14-05-2024 03:40,2024-05-14 03:40:00,2024,5,14,3,135,952.53
CWPRS campus,18.446944,73.785,14-05-2024 03:45,2024-05-14 03:45:00,2024,5,14,3,135,952.67
CWPRS campus,18.446944,73.785,14-05-2024 03:50,2024-05-14 03:50:00,2024,5,14,3,135,952.62
CWPRS campus,18.446944,73.785,14-05-2024 03:55,2024-05-14 03:55:00,2024,5,14,3,135,952.73
CWPRS campus,18.446944,73.785,14-05-2024 04:00,2024-05-14 04:00:00,2024,5,14,4,135,952.78
CWPRS campus,18.446944,73.785,14-05-2024 04:05,2024-05-14 04:05:00,2024,5,14,4,135,952.85
CWPRS campus,18.446944,73.785,14-05-2024 04:10,2024-05-14 04:10:00,2024,5,14,4,135,952.86
CWPRS campus,18.446944,73.785,14-05-2024 04:15,2024-05-14 04:15:00,2024,5,14,4,135,953.07
CWPRS campus,18.446944,73.785,14-05-2024 04:20,2024-05-14 04:20:00,2024,5,14,4,135,953.21
CWPRS campus,18.446944,73.785,14-05-2024 04:25,2024-05-14 04:25:00,2024,5,14,4,135,953.21
CWPRS campus,18.446944,73.785,14-05-2024 04:30,2024-05-14 04:30:00,2024,5,14,4,135,953.17
CWPRS campus,18.446944,73.785,14-05-2024 04:35,2024-05-14 04:35:00,2024,5,14,4,135,953.2
CWPRS campus,18.446944,73.785,14-05-2024 04:40,2024-05-14 04:40:00,2024,5,14,4,135,953.3
CWPRS campus,18.446944,73.785,14-05-2024 04:45,2024-05-14 04:45:00,2024,5,14,4,135,953.38
CWPRS campus,18.446944,73.785,14-05-2024 04:50,2024-05-14 04:50:00,2024,5,14,4,135,953.55
CWPRS campus,18.446944,73.785,14-05-2024 04:55,2024-05-14 04:55:00,2024,5,14,4,135,953.67
CWPRS campus,18.446944,73.785,14-05-2024 05:00,2024-05-14 05:00:00,2024,5,14,5,135,953.8
CWPRS campus,18.446944,73.785,14-05-2024 05:05,2024-05-14 05:05:00,2024,5,14,5,135,953.88
CWPRS campus,18.446944,73.785,14-05-2024 05:10,2024-05-14 05:10:00,2024,5,14,5,135,953.81
CWPRS campus,18.446944,73.785,14-05-2024 05:15,2024-05-14 05:15:00,2024,5,14,5,135,953.85
CWPRS campus,18.446944,73.785,14-05-2024 05:20,2024-05-14 05:20:00,2024,5,14,5,135,953.98
CWPRS campus,18.446944,73.785,14-05-2024 05:25,2024-05-14 05:25:00,2024,5,14,5,135,954.03
CWPRS campus,18.446944,73.785,14-05-2024 05:30,2024-05-14 05:30:00,2024,5,14,5,135,954.11
CWPRS campus,18.446944,73.785,14-05-2024 05:35,2024-05-14 05:35:00,2024,5,14,5,135,954.13
CWPRS campus,18.446944,73.785,14-05-2024 05:40,2024-05-14 05:40:00,2024,5,14,5,135,954.09
CWPRS campus,18.446944,73.785,14-05-2024 05:45,2024-05-14 05:45:00,2024,5,14,5,135,954.12
CWPRS campus,18.446944,73.785,14-05-2024 05:50,2024-05-14 05:50:00,2024,5,14,5,135,954.18
CWPRS campus,18.446944,73.785,14-05-2024 05:55,2024-05-14 05:55:00,2024,5,14,5,135,954.17
CWPRS campus,18.446944,73.785,14-05-2024 06:00,2024-05-14 06:00:00,2024,5,14,6,135,954.19
CWPRS campus,18.446944,73.785,14-05-2024 06:05,2024-05-14 06:05:00,2024,5,14,6,135,954.15
CWPRS campus,18.446944,73.785,14-05-2024 06:10,2024-05-14 06:10:00,2024,5,14,6,135,954.28
CWPRS campus,18.446944,73.785,14-05-2024 06:15,2024-05-14 06:15:00,2024,5,14,6,135,954.28
CWPRS campus,18.446944,73.785,14-05-2024 06:20,2024-05-14 06:20:00,2024,5,14,6,135,954.43
CWPRS campus,18.446944,73.785,14-05-2024 06:25,2024-05-14 06:25:00,2024,5,14,6,135,954.58
CWPRS campus,18.446944,73.785,14-05-2024 06:30,2024-05-14 06:30:00,2024,5,14,6,135,954.58
CWPRS campus,18.446944,73.785,14-05-2024 06:35,2024-05-14 06:35:00,2024,5,14,6,135,954.52
CWPRS campus,18.446944,73.785,14-05-2024 06:40,2024-05-14 06:40:00,2024,5,14,6,135,954.36
CWPRS campus,18.446944,73.785,14-05-2024 06:45,2024-05-14 06:45:00,2024,5,14,6,135,954.26
CWPRS campus,18.446944,73.785,14-05-2024 06:50,2024-05-14 06:50:00,2024,5,14,6,135,954.17
CWPRS campus,18.446944,73.785,14-05-2024 06:55,2024-05-14 06:55:00,2024,5,14,6,135,954.31
CWPRS campus,18.446944,73.785,14-05-2024 07:00,2024-05-14 07:00:00,2024,5,14,7,135,954.33
CWPRS campus,18.446944,73.785,14-05-2024 07:05,2024-05-14 07:05:00,2024,5,14,7,135,954.37
CWPRS campus,18.446944,73.785,14-05-2024 07:10,2024-05-14 07:10:00,2024,5,14,7,135,954.2
CWPRS campus,18.446944,73.785,14-05-2024 07:15,2024-05-14 07:15:00,2024,5,14,7,135,954.11
CWPRS campus,18.446944,73.785,14-05-2024 07:20,2024-05-14 07:20:00,2024,5,14,7,135,954.2
CWPRS campus,18.446944,73.785,14-05-2024 07:25,2024-05-14 07:25:00,2024,5,14,7,135,954.22
CWPRS campus,18.446944,73.785,14-05-2024 07:30,2024-05-14 07:30:00,2024,5,14,7,135,954.21
CWPRS campus,18.446944,73.785,14-05-2024 07:35,2024-05-14 07:35:00,2024,5,14,7,135,954.26
CWPRS campus,18.446944,73.785,14-05-2024 07:40,2024-05-14 07:40:00,2024,5,14,7,135,954.38
CWPRS campus,18.446944,73.785,14-05-2024 07:45,2024-05-14 07:45:00,2024,5,14,7,135,954.35
CWPRS campus,18.446944,73.785,14-05-2024 07:50,2024-05-14 07:50:00,2024,5,14,7,135,954.34
CWPRS campus,18.446944,73.785,14-05-2024 07:55,2024-05-14 07:55:00,2024,5,14,7,135,954.33
CWPRS campus,18.446944,73.785,14-05-2024 08:00,2024-05-14 08:00:00,2024,5,14,8,135,954.5
CWPRS campus,18.446944,73.785,14-05-2024 08:05,2024-05-14 08:05:00,2024,5,14,8,135,954.3
CWPRS campus,18.446944,73.785,14-05-2024 08:10,2024-05-14 08:10:00,2024,5,14,8,135,954.33
CWPRS campus,18.446944,73.785,14-05-2024 08:15,2024-05-14 08:15:00,2024,5,14,8,135,954.29
CWPRS campus,18.446944,73.785,14-05-2024 08:20,2024-05-14 08:20:00,2024,5,14,8,135,954.3
CWPRS campus,18.446944,73.785,14-05-2024 08:25,2024-05-14 08:25:00,2024,5,14,8,135,954.21
CWPRS campus,18.446944,73.785,14-05-2024 08:30,2024-05-14 08:30:00,2024,5,14,8,135,954.17
CWPRS campus,18.446944,73.785,14-05-2024 08:35,2024-05-14 08:35:00,2024,5,14,8,135,954.18
CWPRS campus,18.446944,73.785,14-05-2024 08:40,2024-05-14 08:40:00,2024,5,14,8,135,954.39
CWPRS campus,18.446944,73.785,14-05-2024 08:45,2024-05-14 08:45:00,2024,5,14,8,135,954.4
CWPRS campus,18.446944,73.785,14-05-2024 08:50,2024-05-14 08:50:00,2024,5,14,8,135,954.27
CWPRS campus,18.446944,73.785,14-05-2024 08:55,2024-05-14 08:55:00,2024,5,14,8,135,954.18
CWPRS campus,18.446944,73.785,14-05-2024 09:00,2024-05-14 09:00:00,2024,5,14,9,135,954.08
CWPRS campus,18.446944,73.785,14-05-2024 09:05,2024-05-14 09:05:00,2024,5,14,9,135,953.88
CWPRS campus,18.446944,73.785,14-05-2024 09:10,2024-05-14 09:10:00,2024,5,14,9,135,953.8
CWPRS campus,18.446944,73.785,14-05-2024 09:15,2024-05-14 09:15:00,2024,5,14,9,135,953.81
CWPRS campus,18.446944,73.785,14-05-2024 09:20,2024-05-14 09:20:00,2024,5,14,9,135,953.65
CWPRS campus,18.446944,73.785,14-05-2024 09:25,2024-05-14 09:25:00,2024,5,14,9,135,953.68
CWPRS campus,18.446944,73.785,14-05-2024 09:30,2024-05-14 09:30:00,2024,5,14,9,135,953.66
CWPRS campus,18.446944,73.785,14-05-2024 09:35,2024-05-14 09:35:00,2024,5,14,9,135,953.55
CWPRS campus,18.446944,73.785,14-05-2024 09:40,2024-05-14 09:40:00,2024,5,14,9,135,953.48
CWPRS campus,18.446944,73.785,14-05-2024 09:45,2024-05-14 09:45:00,2024,5,14,9,135,953.55
CWPRS campus,18.446944,73.785,14-05-2024 09:50,2024-05-14 09:50:00,2024,5,14,9,135,953.54
CWPRS campus,18.446944,73.785,14-05-2024 09:55,2024-05-14 09:55:00,2024,5,14,9,135,953.48
CWPRS campus,18.446944,73.785,14-05-2024 10:00,2024-05-14 10:00:00,2024,5,14,10,135,953.4
CWPRS campus,18.446944,73.785,14-05-2024 10:05,2024-05-14 10:05:00,2024,5,14,10,135,953.34
CWPRS campus,18.446944,73.785,14-05-2024 10:10,2024-05-14 10:10:00,2024,5,14,10,135,953.23
CWPRS campus,18.446944,73.785,14-05-2024 10:15,2024-05-14 10:15:00,2024,5,14,10,135,953.0
CWPRS campus,18.446944,73.785,14-05-2024 10:20,2024-05-14 10:20:00,2024,5,14,10,135,953.11
CWPRS campus,18.446944,73.785,14-05-2024 10:25,2024-05-14 10:25:00,2024,5,14,10,135,953.06
CWPRS campus,18.446944,73.785,14-05-2024 10:30,2024-05-14 10:30:00,2024,5,14,10,135,953.04
CWPRS campus,18.446944,73.785,14-05-2024 10:35,2024-05-14 10:35:00,2024,5,14,10,135,952.97
CWPRS campus,18.446944,73.785,14-05-2024 10:40,2024-05-14 10:40:00,2024,5,14,10,135,952.85
CWPRS campus,18.446944,73.785,14-05-2024 10:45,2024-05-14 10:45:00,2024,5,14,10,135,952.78
CWPRS campus,18.446944,73.785,14-05-2024 10:50,2024-05-14 10:50:00,2024,5,14,10,135,952.6
CWPRS campus,18.446944,73.785,14-05-2024 10:55,2024-05-14 10:55:00,2024,5,14,10,135,952.73
CWPRS campus,18.446944,73.785,14-05-2024 11:00,2024-05-14 11:00:00,2024,5,14,11,135,952.58
CWPRS campus,18.446944,73.785,14-05-2024 11:05,2024-05-14 11:05:00,2024,5,14,11,135,952.45
CWPRS campus,18.446944,73.785,14-05-2024 11:10,2024-05-14 11:10:00,2024,5,14,11,135,952.37
CWPRS campus,18.446944,73.785,14-05-2024 11:15,2024-05-14 11:15:00,2024,5,14,11,135,952.43
CWPRS campus,18.446944,73.785,14-05-2024 11:20,2024-05-14 11:20:00,2024,5,14,11,135,952.39
CWPRS campus,18.446944,73.785,14-05-2024 11:25,2024-05-14 11:25:00,2024,5,14,11,135,952.25
CWPRS campus,18.446944,73.785,14-05-2024 11:30,2024-05-14 11:30:00,2024,5,14,11,135,952.32
CWPRS campus,18.446944,73.785,14-05-2024 11:35,2024-05-14 11:35:00,2024,5,14,11,135,952.34
CWPRS campus,18.446944,73.785,14-05-2024 11:40,2024-05-14 11:40:00,2024,5,14,11,135,952.34
CWPRS campus,18.446944,73.785,14-05-2024 11:45,2024-05-14 11:45:00,2024,5,14,11,135,952.36
CWPRS campus,18.446944,73.785,14-05-2024 11:50,2024-05-14 11:50:00,2024,5,14,11,135,952.52
CWPRS campus,18.446944,73.785,14-05-2024 11:55,2024-05-14 11:55:00,2024,5,14,11,135,952.65
CWPRS campus,18.446944,73.785,14-05-2024 12:00,2024-05-14 12:00:00,2024,5,14,12,135,952.55
CWPRS campus,18.446944,73.785,14-05-2024 12:05,2024-05-14 12:05:00,2024,5,14,12,135,952.64
CWPRS campus,18.446944,73.785,14-05-2024 12:10,2024-05-14 12:10:00,2024,5,14,12,135,952.62
CWPRS campus,18.446944,73.785,14-05-2024 12:15,2024-05-14 12:15:00,2024,5,14,12,135,952.62
CWPRS campus,18.446944,73.785,14-05-2024 12:20,2024-05-14 12:20:00,2024,5,14,12,135,952.45
CWPRS campus,18.446944,73.785,14-05-2024 12:25,2024-05-14 12:25:00,2024,5,14,12,135,952.41
CWPRS campus,18.446944,73.785,14-05-2024 12:30,2024-05-14 12:30:00,2024,5,14,12,135,952.31
CWPRS campus,18.446944,73.785,14-05-2024 12:35,2024-05-14 12:35:00,2024,5,14,12,135,952.36
CWPRS campus,18.446944,73.785,14-05-2024 12:40,2024-05-14 12:40:00,2024,5,14,12,135,952.43
CWPRS campus,18.446944,73.785,14-05-2024 12:45,2024-05-14 12:45:00,2024,5,14,12,135,952.24
CWPRS campus,18.446944,73.785,14-05-2024 12:50,2024-05-14 12:50:00,2024,5,14,12,135,952.23
CWPRS campus,18.446944,73.785,14-05-2024 12:55,2024-05-14 12:55:00,2024,5,14,12,135,952.31
CWPRS campus,18.446944,73.785,14-05-2024 13:00,2024-05-14 13:00:00,2024,5,14,13,135,952.29
CWPRS campus,18.446944,73.785,14-05-2024 13:05,2024-05-14 13:05:00,2024,5,14,13,135,952.35
CWPRS campus,18.446944,73.785,14-05-2024 13:10,2024-05-14 13:10:00,2024,5,14,13,135,952.37
CWPRS campus,18.446944,73.785,14-05-2024 13:15,2024-05-14 13:15:00,2024,5,14,13,135,952.4
CWPRS campus,18.446944,73.785,14-05-2024 13:20,2024-05-14 13:20:00,2024,5,14,13,135,952.38
CWPRS campus,18.446944,73.785,14-05-2024 13:25,2024-05-14 13:25:00,2024,5,14,13,135,952.29
CWPRS campus,18.446944,73.785,14-05-2024 13:30,2024-05-14 13:30:00,2024,5,14,13,135,952.21
CWPRS campus,18.446944,73.785,14-05-2024 13:35,2024-05-14 13:35:00,2024,5,14,13,135,952.29
CWPRS campus,18.446944,73.785,14-05-2024 13:40,2024-05-14 13:40:00,2024,5,14,13,135,952.31
CWPRS campus,18.446944,73.785,14-05-2024 13:45,2024-05-14 13:45:00,2024,5,14,13,135,952.33
CWPRS campus,18.446944,73.785,14-05-2024 13:50,2024-05-14 13:50:00,2024,5,14,13,135,952.32
CWPRS campus,18.446944,73.785,14-05-2024 13:55,2024-05-14 13:55:00,2024,5,14,13,135,952.33
CWPRS campus,18.446944,73.785,14-05-2024 14:00,2024-05-14 14:00:00,2024,5,14,14,135,952.45
CWPRS campus,18.446944,73.785,14-05-2024 14:05,2024-05-14 14:05:00,2024,5,14,14,135,952.45
CWPRS campus,18.446944,73.785,14-05-2024 14:10,2024-05-14 14:10:00,2024,5,14,14,135,952.38
CWPRS campus,18.446944,73.785,14-05-2024 14:15,2024-05-14 14:15:00,2024,5,14,14,135,952.49
CWPRS campus,18.446944,73.785,14-05-2024 14:20,2024-05-14 14:20:00,2024,5,14,14,135,952.52
CWPRS campus,18.446944,73.785,14-05-2024 14:25,2024-05-14 14:25:00,2024,5,14,14,135,952.57
CWPRS campus,18.446944,73.785,14-05-2024 14:30,2024-05-14 14:30:00,2024,5,14,14,135,952.74
CWPRS campus,18.446944,73.785,14-05-2024 14:35,2024-05-14 14:35:00,2024,5,14,14,135,952.79
CWPRS campus,18.446944,73.785,14-05-2024 14:40,2024-05-14 14:40:00,2024,5,14,14,135,952.86
CWPRS campus,18.446944,73.785,14-05-2024 14:45,2024-05-14 14:45:00,2024,5,14,14,135,952.82
CWPRS campus,18.446944,73.785,14-05-2024 14:50,2024-05-14 14:50:00,2024,5,14,14,135,952.85
CWPRS campus,18.446944,73.785,14-05-2024 14:55,2024-05-14 14:55:00,2024,5,14,14,135,952.96
CWPRS campus,18.446944,73.785,14-05-2024 15:00,2024-05-14 15:00:00,2024,5,14,15,135,952.89
CWPRS campus,18.446944,73.785,14-05-2024 15:05,2024-05-14 15:05:00,2024,5,14,15,135,952.97
CWPRS campus,18.446944,73.785,14-05-2024 15:10,2024-05-14 15:10:00,2024,5,14,15,135,953.05
CWPRS campus,18.446944,73.785,14-05-2024 15:15,2024-05-14 15:15:00,2024,5,14,15,135,953.12
CWPRS campus,18.446944,73.785,14-05-2024 15:20,2024-05-14 15:20:00,2024,5,14,15,135,953.27
CWPRS campus,18.446944,73.785,14-05-2024 15:25,2024-05-14 15:25:00,2024,5,14,15,135,953.36
CWPRS campus,18.446944,73.785,14-05-2024 15:30,2024-05-14 15:30:00,2024,5,14,15,135,953.54
CWPRS campus,18.446944,73.785,14-05-2024 15:35,2024-05-14 15:35:00,2024,5,14,15,135,953.52
CWPRS campus,18.446944,73.785,14-05-2024 15:40,2024-05-14 15:40:00,2024,5,14,15,135,953.59
CWPRS campus,18.446944,73.785,14-05-2024 15:45,2024-05-14 15:45:00,2024,5,14,15,135,953.67
CWPRS campus,18.446944,73.785,14-05-2024 15:50,2024-05-14 15:50:00,2024,5,14,15,135,953.65
CWPRS campus,18.446944,73.785,14-05-2024 15:55,2024-05-14 15:55:00,2024,5,14,15,135,953.79
CWPRS campus,18.446944,73.785,14-05-2024 16:00,2024-05-14 16:00:00,2024,5,14,16,135,954.04
CWPRS campus,18.446944,73.785,14-05-2024 16:05,2024-05-14 16:05:00,2024,5,14,16,135,954.1
CWPRS campus,18.446944,73.785,14-05-2024 16:10,2024-05-14 16:10:00,2024,5,14,16,135,954.2
CWPRS campus,18.446944,73.785,14-05-2024 16:15,2024-05-14 16:15:00,2024,5,14,16,135,954.26
CWPRS campus,18.446944,73.785,14-05-2024 16:20,2024-05-14 16:20:00,2024,5,14,16,135,954.26
CWPRS campus,18.446944,73.785,14-05-2024 16:25,2024-05-14 16:25:00,2024,5,14,16,135,954.18
CWPRS campus,18.446944,73.785,14-05-2024 16:30,2024-05-14 16:30:00,2024,5,14,16,135,954.19
CWPRS campus,18.446944,73.785,14-05-2024 16:35,2024-05-14 16:35:00,2024,5,14,16,135,954.14
CWPRS campus,18.446944,73.785,14-05-2024 16:40,2024-05-14 16:40:00,2024,5,14,16,135,954.35
CWPRS campus,18.446944,73.785,14-05-2024 16:45,2024-05-14 16:45:00,2024,5,14,16,135,954.4
CWPRS campus,18.446944,73.785,14-05-2024 16:50,2024-05-14 16:50:00,2024,5,14,16,135,954.44
CWPRS campus,18.446944,73.785,14-05-2024 16:55,2024-05-14 16:55:00,2024,5,14,16,135,954.57
CWPRS campus,18.446944,73.785,14-05-2024 17:00,2024-05-14 17:00:00,2024,5,14,17,135,954.54
CWPRS campus,18.446944,73.785,14-05-2024 17:05,2024-05-14 17:05:00,2024,5,14,17,135,954.54
CWPRS campus,18.446944,73.785,14-05-2024 17:10,2024-05-14 17:10:00,2024,5,14,17,135,954.61
CWPRS campus,18.446944,73.785,14-05-2024 17:15,2024-05-14 17:15:00,2024,5,14,17,135,954.75
CWPRS campus,18.446944,73.785,14-05-2024 17:20,2024-05-14 17:20:00,2024,5,14,17,135,954.84
CWPRS campus,18.446944,73.785,14-05-2024 17:25,2024-05-14 17:25:00,2024,5,14,17,135,954.91
CWPRS campus,18.446944,73.785,14-05-2024 17:30,2024-05-14 17:30:00,2024,5,14,17,135,954.97
CWPRS campus,18.446944,73.785,14-05-2024 17:35,2024-05-14 17:35:00,2024,5,14,17,135,955.05
CWPRS campus,18.446944,73.785,14-05-2024 17:40,2024-05-14 17:40:00,2024,5,14,17,135,955.11
CWPRS campus,18.446944,73.785,14-05-2024 17:45,2024-05-14 17:45:00,2024,5,14,17,135,955.06
CWPRS campus,18.446944,73.785,14-05-2024 17:50,2024-05-14 17:50:00,2024,5,14,17,135,955.11
CWPRS campus,18.446944,73.785,14-05-2024 17:55,2024-05-14 17:55:00,2024,5,14,17,135,955.06
CWPRS campus,18.446944,73.785,14-05-2024 18:00,2024-05-14 18:00:00,2024,5,14,18,135,955.11
CWPRS campus,18.446944,73.785,14-05-2024 18:05,2024-05-14 18:05:00,2024,5,14,18,135,955.11
CWPRS campus,18.446944,73.785,14-05-2024 18:10,2024-05-14 18:10:00,2024,5,14,18,135,955.35
CWPRS campus,18.446944,73.785,14-05-2024 18:15,2024-05-14 18:15:00,2024,5,14,18,135,955.37
CWPRS campus,18.446944,73.785,14-05-2024 18:20,2024-05-14 18:20:00,2024,5,14,18,135,955.28
CWPRS campus,18.446944,73.785,14-05-2024 18:25,2024-05-14 18:25:00,2024,5,14,18,135,955.29
CWPRS campus,18.446944,73.785,14-05-2024 18:30,2024-05-14 18:30:00,2024,5,14,18,135,955.36
CWPRS campus,18.446944,73.785,14-05-2024 18:35,2024-05-14 18:35:00,2024,5,14,18,135,955.51
CWPRS campus,18.446944,73.785,14-05-2024 18:40,2024-05-14 18:40:00,2024,5,14,18,135,955.47
CWPRS campus,18.446944,73.785,14-05-2024 18:45,2024-05-14 18:45:00,2024,5,14,18,135,955.35
CWPRS campus,18.446944,73.785,14-05-2024 18:50,2024-05-14 18:50:00,2024,5,14,18,135,955.43
CWPRS campus,18.446944,73.785,14-05-2024 18:55,2024-05-14 18:55:00,2024,5,14,18,135,955.33
CWPRS campus,18.446944,73.785,14-05-2024 19:00,2024-05-14 19:00:00,2024,5,14,19,135,955.3
CWPRS campus,18.446944,73.785,14-05-2024 19:05,2024-05-14 19:05:00,2024,5,14,19,135,955.28
CWPRS campus,18.446944,73.785,14-05-2024 19:10,2024-05-14 19:10:00,2024,5,14,19,135,955.28
CWPRS campus,18.446944,73.785,14-05-2024 19:15,2024-05-14 19:15:00,2024,5,14,19,135,955.34
CWPRS campus,18.446944,73.785,14-05-2024 19:20,2024-05-14 19:20:00,2024,5,14,19,135,955.28
CWPRS campus,18.446944,73.785,14-05-2024 19:25,2024-05-14 19:25:00,2024,5,14,19,135,955.25
CWPRS campus,18.446944,73.785,14-05-2024 19:30,2024-05-14 19:30:00,2024,5,14,19,135,955.24
CWPRS campus,18.446944,73.785,14-05-2024 19:35,2024-05-14 19:35:00,2024,5,14,19,135,955.24
CWPRS campus,18.446944,73.785,14-05-2024 19:40,2024-05-14 19:40:00,2024,5,14,19,135,955.24
CWPRS campus,18.446944,73.785,14-05-2024 19:45,2024-05-14 19:45:00,2024,5,14,19,135,955.26
CWPRS campus,18.446944,73.785,14-05-2024 19:50,2024-05-14 19:50:00,2024,5,14,19,135,955.3
CWPRS campus,18.446944,73.785,14-05-2024 19:55,2024-05-14 19:55:00,2024,5,14,19,135,955.31
CWPRS campus,18.446944,73.785,14-05-2024 20:00,2024-05-14 20:00:00,2024,5,14,20,135,955.31
CWPRS campus,18.446944,73.785,14-05-2024 20:05,2024-05-14 20:05:00,2024,5,14,20,135,955.15
CWPRS campus,18.446944,73.785,14-05-2024 20:10,2024-05-14 20:10:00,2024,5,14,20,135,955.12
CWPRS campus,18.446944,73.785,14-05-2024 20:15,2024-05-14 20:15:00,2024,5,14,20,135,955.13
CWPRS campus,18.446944,73.785,14-05-2024 20:20,2024-05-14 20:20:00,2024,5,14,20,135,955.15
CWPRS campus,18.446944,73.785,14-05-2024 20:25,2024-05-14 20:25:00,2024,5,14,20,135,955.05
CWPRS campus,18.446944,73.785,14-05-2024 20:30,2024-05-14 20:30:00,2024,5,14,20,135,954.95
CWPRS campus,18.446944,73.785,14-05-2024 20:35,2024-05-14 20:35:00,2024,5,14,20,135,954.87
CWPRS campus,18.446944,73.785,14-05-2024 20:40,2024-05-14 20:40:00,2024,5,14,20,135,954.87
CWPRS campus,18.446944,73.785,14-05-2024 20:45,2024-05-14 20:45:00,2024,5,14,20,135,954.9
CWPRS campus,18.446944,73.785,14-05-2024 20:50,2024-05-14 20:50:00,2024,5,14,20,135,954.82
CWPRS campus,18.446944,73.785,14-05-2024 20:55,2024-05-14 20:55:00,2024,5,14,20,135,954.84
CWPRS campus,18.446944,73.785,14-05-2024 21:00,2024-05-14 21:00:00,2024,5,14,21,135,954.79
CWPRS campus,18.446944,73.785,14-05-2024 21:05,2024-05-14 21:05:00,2024,5,14,21,135,954.72
CWPRS campus,18.446944,73.785,14-05-2024 21:10,2024-05-14 21:10:00,2024,5,14,21,135,954.65
CWPRS campus,18.446944,73.785,14-05-2024 21:15,2024-05-14 21:15:00,2024,5,14,21,135,954.65
CWPRS campus,18.446944,73.785,14-05-2024 21:20,2024-05-14 21:20:00,2024,5,14,21,135,954.61
CWPRS campus,18.446944,73.785,14-05-2024 21:25,2024-05-14 21:25:00,2024,5,14,21,135,954.73
CWPRS campus,18.446944,73.785,14-05-2024 21:30,2024-05-14 21:30:00,2024,5,14,21,135,954.58
CWPRS campus,18.446944,73.785,14-05-2024 21:35,2024-05-14 21:35:00,2024,5,14,21,135,954.56
CWPRS campus,18.446944,73.785,14-05-2024 21:40,2024-05-14 21:40:00,2024,5,14,21,135,954.44
CWPRS campus,18.446944,73.785,14-05-2024 21:45,2024-05-14 21:45:00,2024,5,14,21,135,954.3
CWPRS campus,18.446944,73.785,14-05-2024 21:50,2024-05-14 21:50:00,2024,5,14,21,135,954.23
CWPRS campus,18.446944,73.785,14-05-2024 21:55,2024-05-14 21:55:00,2024,5,14,21,135,954.17
CWPRS campus,18.446944,73.785,14-05-2024 22:00,2024-05-14 22:00:00,2024,5,14,22,135,954.34
CWPRS campus,18.446944,73.785,14-05-2024 22:05,2024-05-14 22:05:00,2024,5,14,22,135,954.24
CWPRS campus,18.446944,73.785,14-05-2024 22:10,2024-05-14 22:10:00,2024,5,14,22,135,954.08
CWPRS campus,18.446944,73.785,14-05-2024 22:15,2024-05-14 22:15:00,2024,5,14,22,135,954.03
CWPRS campus,18.446944,73.785,14-05-2024 22:20,2024-05-14 22:20:00,2024,5,14,22,135,953.79
CWPRS campus,18.446944,73.785,14-05-2024 22:25,2024-05-14 22:25:00,2024,5,14,22,135,953.71
CWPRS campus,18.446944,73.785,14-05-2024 22:30,2024-05-14 22:30:00,2024,5,14,22,135,953.65
CWPRS campus,18.446944,73.785,14-05-2024 22:35,2024-05-14 22:35:00,2024,5,14,22,135,953.65
CWPRS campus,18.446944,73.785,14-05-2024 22:40,2024-05-14 22:40:00,2024,5,14,22,135,953.66
CWPRS campus,18.446944,73.785,14-05-2024 22:45,2024-05-14 22:45:00,2024,5,14,22,135,953.56
CWPRS campus,18.446944,73.785,14-05-2024 22:50,2024-05-14 22:50:00,2024,5,14,22,135,953.48
CWPRS campus,18.446944,73.785,14-05-2024 22:55,2024-05-14 22:55:00,2024,5,14,22,135,953.36
CWPRS campus,18.446944,73.785,14-05-2024 23:00,2024-05-14 23:00:00,2024,5,14,23,135,953.21
CWPRS campus,18.446944,73.785,14-05-2024 23:05,2024-05-14 23:05:00,2024,5,14,23,135,953.18
CWPRS campus,18.446944,73.785,14-05-2024 23:10,2024-05-14 23:10:00,2024,5,14,23,135,953.02
CWPRS campus,18.446944,73.785,14-05-2024 23:15,2024-05-14 23:15:00,2024,5,14,23,135,952.94
CWPRS campus,18.446944,73.785,14-05-2024 23:20,2024-05-14 23:20:00,2024,5,14,23,135,952.82
CWPRS campus,18.446944,73.785,14-05-2024 23:25,2024-05-14 23:25:00,2024,5,14,23,135,952.82
CWPRS campus,18.446944,73.785,14-05-2024 23:30,2024-05-14 23:30:00,2024,5,14,23,135,952.92
CWPRS campus,18.446944,73.785,14-05-2024 23:35,2024-05-14 23:35:00,2024,5,14,23,135,952.78
CWPRS campus,18.446944,73.785,14-05-2024 23:40,2024-05-14 23:40:00,2024,5,14,23,135,952.59
CWPRS campus,18.446944,73.785,14-05-2024 23:45,2024-05-14 23:45:00,2024,5,14,23,135,952.55
CWPRS campus,18.446944,73.785,14-05-2024 23:50,2024-05-14 23:50:00,2024,5,14,23,135,952.52
CWPRS campus,18.446944,73.785,14-05-2024 23:55,2024-05-14 23:55:00,2024,5,14,23,135,952.51
CWPRS campus,18.446944,73.785,15-05-2024 00:00,2024-05-15 00:00:00,2024,5,15,0,136,952.45
CWPRS campus,18.446944,73.785,15-05-2024 00:05,2024-05-15 00:05:00,2024,5,15,0,136,952.42
CWPRS campus,18.446944,73.785,15-05-2024 00:10,2024-05-15 00:10:00,2024,5,15,0,136,952.43
CWPRS campus,18.446944,73.785,15-05-2024 00:15,2024-05-15 00:15:00,2024,5,15,0,136,952.49
CWPRS campus,18.446944,73.785,15-05-2024 00:20,2024-05-15 00:20:00,2024,5,15,0,136,952.32
CWPRS campus,18.446944,73.785,15-05-2024 00:25,2024-05-15 00:25:00,2024,5,15,0,136,952.28
CWPRS campus,18.446944,73.785,15-05-2024 00:30,2024-05-15 00:30:00,2024,5,15,0,136,952.29
CWPRS campus,18.446944,73.785,15-05-2024 00:35,2024-05-15 00:35:00,2024,5,15,0,136,952.21
CWPRS campus,18.446944,73.785,15-05-2024 00:40,2024-05-15 00:40:00,2024,5,15,0,136,952.35
CWPRS campus,18.446944,73.785,15-05-2024 00:45,2024-05-15 00:45:00,2024,5,15,0,136,952.29
CWPRS campus,18.446944,73.785,15-05-2024 00:50,2024-05-15 00:50:00,2024,5,15,0,136,952.29
CWPRS campus,18.446944,73.785,15-05-2024 00:55,2024-05-15 00:55:00,2024,5,15,0,136,952.34
CWPRS campus,18.446944,73.785,15-05-2024 01:00,2024-05-15 01:00:00,2024,5,15,1,136,952.29
CWPRS campus,18.446944,73.785,15-05-2024 01:05,2024-05-15 01:05:00,2024,5,15,1,136,952.16
CWPRS campus,18.446944,73.785,15-05-2024 01:10,2024-05-15 01:10:00,2024,5,15,1,136,952.14
CWPRS campus,18.446944,73.785,15-05-2024 01:15,2024-05-15 01:15:00,2024,5,15,1,136,952.24
CWPRS campus,18.446944,73.785,15-05-2024 01:20,2024-05-15 01:20:00,2024,5,15,1,136,952.23
CWPRS campus,18.446944,73.785,15-05-2024 01:25,2024-05-15 01:25:00,2024,5,15,1,136,952.19
CWPRS campus,18.446944,73.785,15-05-2024 01:30,2024-05-15 01:30:00,2024,5,15,1,136,952.29
CWPRS campus,18.446944,73.785,15-05-2024 01:35,2024-05-15 01:35:00,2024,5,15,1,136,952.29
CWPRS campus,18.446944,73.785,15-05-2024 01:40,2024-05-15 01:40:00,2024,5,15,1,136,952.28
CWPRS campus,18.446944,73.785,15-05-2024 01:45,2024-05-15 01:45:00,2024,5,15,1,136,952.33
CWPRS campus,18.446944,73.785,15-05-2024 01:50,2024-05-15 01:50:00,2024,5,15,1,136,952.43
CWPRS campus,18.446944,73.785,15-05-2024 01:55,2024-05-15 01:55:00,2024,5,15,1,136,952.65
CWPRS campus,18.446944,73.785,15-05-2024 02:00,2024-05-15 02:00:00,2024,5,15,2,136,952.75
CWPRS campus,18.446944,73.785,15-05-2024 02:05,2024-05-15 02:05:00,2024,5,15,2,136,952.87
CWPRS campus,18.446944,73.785,15-05-2024 02:10,2024-05-15 02:10:00,2024,5,15,2,136,952.86
CWPRS campus,18.446944,73.785,15-05-2024 02:15,2024-05-15 02:15:00,2024,5,15,2,136,952.81
CWPRS campus,18.446944,73.785,15-05-2024 02:20,2024-05-15 02:20:00,2024,5,15,2,136,952.85
CWPRS campus,18.446944,73.785,15-05-2024 02:25,2024-05-15 02:25:00,2024,5,15,2,136,952.9
CWPRS campus,18.446944,73.785,15-05-2024 02:30,2024-05-15 02:30:00,2024,5,15,2,136,952.86
CWPRS campus,18.446944,73.785,15-05-2024 02:35,2024-05-15 02:35:00,2024,5,15,2,136,952.89
CWPRS campus,18.446944,73.785,15-05-2024 02:40,2024-05-15 02:40:00,2024,5,15,2,136,952.97
CWPRS campus,18.446944,73.785,15-05-2024 02:45,2024-05-15 02:45:00,2024,5,15,2,136,953.05
CWPRS campus,18.446944,73.785,15-05-2024 02:50,2024-05-15 02:50:00,2024,5,15,2,136,953.14
CWPRS campus,18.446944,73.785,15-05-2024 02:55,2024-05-15 02:55:00,2024,5,15,2,136,953.22
CWPRS campus,18.446944,73.785,15-05-2024 03:00,2024-05-15 03:00:00,2024,5,15,3,136,953.23
CWPRS campus,18.446944,73.785,15-05-2024 03:05,2024-05-15 03:05:00,2024,5,15,3,136,953.24
CWPRS campus,18.446944,73.785,15-05-2024 03:10,2024-05-15 03:10:00,2024,5,15,3,136,953.2
CWPRS campus,18.446944,73.785,15-05-2024 03:15,2024-05-15 03:15:00,2024,5,15,3,136,953.41
CWPRS campus,18.446944,73.785,15-05-2024 03:20,2024-05-15 03:20:00,2024,5,15,3,136,953.47
CWPRS campus,18.446944,73.785,15-05-2024 03:25,2024-05-15 03:25:00,2024,5,15,3,136,953.51
CWPRS campus,18.446944,73.785,15-05-2024 03:30,2024-05-15 03:30:00,2024,5,15,3,136,953.49
CWPRS campus,18.446944,73.785,15-05-2024 03:35,2024-05-15 03:35:00,2024,5,15,3,136,953.79
CWPRS campus,18.446944,73.785,15-05-2024 03:40,2024-05-15 03:40:00,2024,5,15,3,136,953.76
CWPRS campus,18.446944,73.785,15-05-2024 03:45,2024-05-15 03:45:00,2024,5,15,3,136,953.79
CWPRS campus,18.446944,73.785,15-05-2024 03:50,2024-05-15 03:50:00,2024,5,15,3,136,953.88
CWPRS campus,18.446944,73.785,15-05-2024 03:55,2024-05-15 03:55:00,2024,5,15,3,136,953.99
CWPRS campus,18.446944,73.785,15-05-2024 04:00,2024-05-15 04:00:00,2024,5,15,4,136,954.12
CWPRS campus,18.446944,73.785,15-05-2024 04:05,2024-05-15 04:05:00,2024,5,15,4,136,954.32
CWPRS campus,18.446944,73.785,15-05-2024 04:10,2024-05-15 04:10:00,2024,5,15,4,136,954.41
CWPRS campus,18.446944,73.785,15-05-2024 04:15,2024-05-15 04:15:00,2024,5,15,4,136,954.37
CWPRS campus,18.446944,73.785,15-05-2024 04:20,2024-05-15 04:20:00,2024,5,15,4,136,954.41
CWPRS campus,18.446944,73.785,15-05-2024 04:25,2024-05-15 04:25:00,2024,5,15,4,136,954.48
CWPRS campus,18.446944,73.785,15-05-2024 04:30,2024-05-15 04:30:00,2024,5,15,4,136,954.7
CWPRS campus,18.446944,73.785,15-05-2024 04:35,2024-05-15 04:35:00,2024,5,15,4,136,954.63
CWPRS campus,18.446944,73.785,15-05-2024 04:40,2024-05-15 04:40:00,2024,5,15,4,136,954.77
CWPRS campus,18.446944,73.785,15-05-2024 04:45,2024-05-15 04:45:00,2024,5,15,4,136,954.83
CWPRS campus,18.446944,73.785,15-05-2024 04:50,2024-05-15 04:50:00,2024,5,15,4,136,954.94
CWPRS campus,18.446944,73.785,15-05-2024 04:55,2024-05-15 04:55:00,2024,5,15,4,136,954.97
CWPRS campus,18.446944,73.785,15-05-2024 05:00,2024-05-15 05:00:00,2024,5,15,5,136,954.94
CWPRS campus,18.446944,73.785,15-05-2024 05:05,2024-05-15 05:05:00,2024,5,15,5,136,955.04
CWPRS campus,18.446944,73.785,15-05-2024 05:10,2024-05-15 05:10:00,2024,5,15,5,136,955.13
CWPRS campus,18.446944,73.785,15-05-2024 05:15,2024-05-15 05:15:00,2024,5,15,5,136,955.25
CWPRS campus,18.446944,73.785,15-05-2024 05:20,2024-05-15 05:20:00,2024,5,15,5,136,955.27
CWPRS campus,18.446944,73.785,15-05-2024 05:25,2024-05-15 05:25:00,2024,5,15,5,136,955.25
CWPRS campus,18.446944,73.785,15-05-2024 05:30,2024-05-15 05:30:00,2024,5,15,5,136,955.16
CWPRS campus,18.446944,73.785,15-05-2024 05:35,2024-05-15 05:35:00,2024,5,15,5,136,955.26
CWPRS campus,18.446944,73.785,15-05-2024 05:40,2024-05-15 05:40:00,2024,5,15,5,136,955.32
CWPRS campus,18.446944,73.785,15-05-2024 05:45,2024-05-15 05:45:00,2024,5,15,5,136,955.27
CWPRS campus,18.446944,73.785,15-05-2024 05:50,2024-05-15 05:50:00,2024,5,15,5,136,955.25
CWPRS campus,18.446944,73.785,15-05-2024 05:55,2024-05-15 05:55:00,2024,5,15,5,136,955.24
CWPRS campus,18.446944,73.785,15-05-2024 06:00,2024-05-15 06:00:00,2024,5,15,6,136,955.14
CWPRS campus,18.446944,73.785,15-05-2024 06:05,2024-05-15 06:05:00,2024,5,15,6,136,955.11
CWPRS campus,18.446944,73.785,15-05-2024 06:10,2024-05-15 06:10:00,2024,5,15,6,136,955.04
CWPRS campus,18.446944,73.785,15-05-2024 06:15,2024-05-15 06:15:00,2024,5,15,6,136,955.04
CWPRS campus,18.446944,73.785,15-05-2024 06:20,2024-05-15 06:20:00,2024,5,15,6,136,955.0
CWPRS campus,18.446944,73.785,15-05-2024 06:25,2024-05-15 06:25:00,2024,5,15,6,136,954.9
CWPRS campus,18.446944,73.785,15-05-2024 06:30,2024-05-15 06:30:00,2024,5,15,6,136,955.09
CWPRS campus,18.446944,73.785,15-05-2024 06:35,2024-05-15 06:35:00,2024,5,15,6,136,955.21
CWPRS campus,18.446944,73.785,15-05-2024 06:40,2024-05-15 06:40:00,2024,5,15,6,136,955.16
CWPRS campus,18.446944,73.785,15-05-2024 06:45,2024-05-15 06:45:00,2024,5,15,6,136,955.19
CWPRS campus,18.446944,73.785,15-05-2024 06:50,2024-05-15 06:50:00,2024,5,15,6,136,955.23
CWPRS campus,18.446944,73.785,15-05-2024 06:55,2024-05-15 06:55:00,2024,5,15,6,136,955.33
CWPRS campus,18.446944,73.785,15-05-2024 07:00,2024-05-15 07:00:00,2024,5,15,7,136,955.26
CWPRS campus,18.446944,73.785,15-05-2024 07:05,2024-05-15 07:05:00,2024,5,15,7,136,955.34
CWPRS campus,18.446944,73.785,15-05-2024 07:10,2024-05-15 07:10:00,2024,5,15,7,136,955.29
CWPRS campus,18.446944,73.785,15-05-2024 07:15,2024-05-15 07:15:00,2024,5,15,7,136,955.17
CWPRS campus,18.446944,73.785,15-05-2024 07:20,2024-05-15 07:20:00,2024,5,15,7,136,955.21
CWPRS campus,18.446944,73.785,15-05-2024 07:25,2024-05-15 07:25:00,2024,5,15,7,136,955.3
CWPRS campus,18.446944,73.785,15-05-2024 07:30,2024-05-15 07:30:00,2024,5,15,7,136,955.48
CWPRS campus,18.446944,73.785,15-05-2024 07:35,2024-05-15 07:35:00,2024,5,15,7,136,955.35
CWPRS campus,18.446944,73.785,15-05-2024 07:40,2024-05-15 07:40:00,2024,5,15,7,136,955.38
CWPRS campus,18.446944,73.785,15-05-2024 07:45,2024-05-15 07:45:00,2024,5,15,7,136,955.31
CWPRS campus,18.446944,73.785,15-05-2024 07:50,2024-05-15 07:50:00,2024,5,15,7,136,955.33
CWPRS campus,18.446944,73.785,15-05-2024 07:55,2024-05-15 07:55:00,2024,5,15,7,136,955.17
CWPRS campus,18.446944,73.785,15-05-2024 08:00,2024-05-15 08:00:00,2024,5,15,8,136,955.03
CWPRS campus,18.446944,73.785,15-05-2024 08:05,2024-05-15 08:05:00,2024,5,15,8,136,954.93
CWPRS campus,18.446944,73.785,15-05-2024 08:10,2024-05-15 08:10:00,2024,5,15,8,136,954.89
CWPRS campus,18.446944,73.785,15-05-2024 08:15,2024-05-15 08:15:00,2024,5,15,8,136,954.8
CWPRS campus,18.446944,73.785,15-05-2024 08:20,2024-05-15 08:20:00,2024,5,15,8,136,954.81
CWPRS campus,18.446944,73.785,15-05-2024 08:25,2024-05-15 08:25:00,2024,5,15,8,136,954.85
CWPRS campus,18.446944,73.785,15-05-2024 08:30,2024-05-15 08:30:00,2024,5,15,8,136,954.84
CWPRS campus,18.446944,73.785,15-05-2024 08:35,2024-05-15 08:35:00,2024,5,15,8,136,954.91
CWPRS campus,18.446944,73.785,15-05-2024 08:40,2024-05-15 08:40:00,2024,5,15,8,136,954.88
CWPRS campus,18.446944,73.785,15-05-2024 08:45,2024-05-15 08:45:00,2024,5,15,8,136,954.72
CWPRS campus,18.446944,73.785,15-05-2024 08:50,2024-05-15 08:50:00,2024,5,15,8,136,954.77
CWPRS campus,18.446944,73.785,15-05-2024 08:55,2024-05-15 08:55:00,2024,5,15,8,136,954.65
CWPRS campus,18.446944,73.785,15-05-2024 09:00,2024-05-15 09:00:00,2024,5,15,9,136,954.65
CWPRS campus,18.446944,73.785,15-05-2024 09:05,2024-05-15 09:05:00,2024,5,15,9,136,954.7
CWPRS campus,18.446944,73.785,15-05-2024 09:10,2024-05-15 09:10:00,2024,5,15,9,136,954.66
CWPRS campus,18.446944,73.785,15-05-2024 09:15,2024-05-15 09:15:00,2024,5,15,9,136,954.46
CWPRS campus,18.446944,73.785,15-05-2024 09:20,2024-05-15 09:20:00,2024,5,15,9,136,954.31
CWPRS campus,18.446944,73.785,15-05-2024 09:25,2024-05-15 09:25:00,2024,5,15,9,136,954.34
CWPRS campus,18.446944,73.785,15-05-2024 09:30,2024-05-15 09:30:00,2024,5,15,9,136,954.25
CWPRS campus,18.446944,73.785,15-05-2024 09:35,2024-05-15 09:35:00,2024,5,15,9,136,954.18
CWPRS campus,18.446944,73.785,15-05-2024 09:40,2024-05-15 09:40:00,2024,5,15,9,136,954.16
CWPRS campus,18.446944,73.785,15-05-2024 09:45,2024-05-15 09:45:00,2024,5,15,9,136,954.13
CWPRS campus,18.446944,73.785,15-05-2024 09:50,2024-05-15 09:50:00,2024,5,15,9,136,954.07
CWPRS campus,18.446944,73.785,15-05-2024 09:55,2024-05-15 09:55:00,2024,5,15,9,136,953.97
CWPRS campus,18.446944,73.785,15-05-2024 10:00,2024-05-15 10:00:00,2024,5,15,10,136,953.86
CWPRS campus,18.446944,73.785,15-05-2024 10:05,2024-05-15 10:05:00,2024,5,15,10,136,953.84
CWPRS campus,18.446944,73.785,15-05-2024 10:10,2024-05-15 10:10:00,2024,5,15,10,136,953.8
CWPRS campus,18.446944,73.785,15-05-2024 10:15,2024-05-15 10:15:00,2024,5,15,10,136,953.69
CWPRS campus,18.446944,73.785,15-05-2024 10:20,2024-05-15 10:20:00,2024,5,15,10,136,953.7
CWPRS campus,18.446944,73.785,15-05-2024 10:25,2024-05-15 10:25:00,2024,5,15,10,136,953.6
CWPRS campus,18.446944,73.785,15-05-2024 10:30,2024-05-15 10:30:00,2024,5,15,10,136,953.45
CWPRS campus,18.446944,73.785,15-05-2024 10:35,2024-05-15 10:35:00,2024,5,15,10,136,953.3
CWPRS campus,18.446944,73.785,15-05-2024 10:40,2024-05-15 10:40:00,2024,5,15,10,136,953.15
CWPRS campus,18.446944,73.785,15-05-2024 10:45,2024-05-15 10:45:00,2024,5,15,10,136,953.05
CWPRS campus,18.446944,73.785,15-05-2024 10:50,2024-05-15 10:50:00,2024,5,15,10,136,953.08
CWPRS campus,18.446944,73.785,15-05-2024 10:55,2024-05-15 10:55:00,2024,5,15,10,136,952.94
CWPRS campus,18.446944,73.785,15-05-2024 11:00,2024-05-15 11:00:00,2024,5,15,11,136,952.89
CWPRS campus,18.446944,73.785,15-05-2024 11:05,2024-05-15 11:05:00,2024,5,15,11,136,952.77
CWPRS campus,18.446944,73.785,15-05-2024 11:10,2024-05-15 11:10:00,2024,5,15,11,136,952.68
CWPRS campus,18.446944,73.785,15-05-2024 11:15,2024-05-15 11:15:00,2024,5,15,11,136,952.5
CWPRS campus,18.446944,73.785,15-05-2024 11:20,2024-05-15 11:20:00,2024,5,15,11,136,952.43
CWPRS campus,18.446944,73.785,15-05-2024 11:25,2024-05-15 11:25:00,2024,5,15,11,136,952.36
CWPRS campus,18.446944,73.785,15-05-2024 11:30,2024-05-15 11:30:00,2024,5,15,11,136,952.35
CWPRS campus,18.446944,73.785,15-05-2024 11:35,2024-05-15 11:35:00,2024,5,15,11,136,952.32
CWPRS campus,18.446944,73.785,15-05-2024 11:40,2024-05-15 11:40:00,2024,5,15,11,136,952.17
CWPRS campus,18.446944,73.785,15-05-2024 11:45,2024-05-15 11:45:00,2024,5,15,11,136,952.21
CWPRS campus,18.446944,73.785,15-05-2024 11:50,2024-05-15 11:50:00,2024,5,15,11,136,952.19
CWPRS campus,18.446944,73.785,15-05-2024 11:55,2024-05-15 11:55:00,2024,5,15,11,136,952.16
CWPRS campus,18.446944,73.785,15-05-2024 12:00,2024-05-15 12:00:00,2024,5,15,12,136,952.12
CWPRS campus,18.446944,73.785,15-05-2024 12:05,2024-05-15 12:05:00,2024,5,15,12,136,952.04
CWPRS campus,18.446944,73.785,15-05-2024 12:10,2024-05-15 12:10:00,2024,5,15,12,136,952.02
CWPRS campus,18.446944,73.785,15-05-2024 12:15,2024-05-15 12:15:00,2024,5,15,12,136,952.02
CWPRS campus,18.446944,73.785,15-05-2024 12:20,2024-05-15 12:20:00,2024,5,15,12,136,951.85
CWPRS campus,18.446944,73.785,15-05-2024 12:25,2024-05-15 12:25:00,2024,5,15,12,136,951.78
CWPRS campus,18.446944,73.785,15-05-2024 12:30,2024-05-15 12:30:00,2024,5,15,12,136,951.74
CWPRS campus,18.446944,73.785,15-05-2024 12:35,2024-05-15 12:35:00,2024,5,15,12,136,951.75
CWPRS campus,18.446944,73.785,15-05-2024 12:40,2024-05-15 12:40:00,2024,5,15,12,136,951.83
CWPRS campus,18.446944,73.785,15-05-2024 12:45,2024-05-15 12:45:00,2024,5,15,12,136,951.75
CWPRS campus,18.446944,73.785,15-05-2024 12:50,2024-05-15 12:50:00,2024,5,15,12,136,951.7
CWPRS campus,18.446944,73.785,15-05-2024 12:55,2024-05-15 12:55:00,2024,5,15,12,136,951.65
CWPRS campus,18.446944,73.785,15-05-2024 13:00,2024-05-15 13:00:00,2024,5,15,13,136,951.58
CWPRS campus,18.446944,73.785,15-05-2024 13:05,2024-05-15 13:05:00,2024,5,15,13,136,951.56
CWPRS campus,18.446944,73.785,15-05-2024 13:10,2024-05-15 13:10:00,2024,5,15,13,136,951.63
CWPRS campus,18.446944,73.785,15-05-2024 13:15,2024-05-15 13:15:00,2024,5,15,13,136,951.55
CWPRS campus,18.446944,73.785,15-05-2024 13:20,2024-05-15 13:20:00,2024,5,15,13,136,951.59
CWPRS campus,18.446944,73.785,15-05-2024 13:25,2024-05-15 13:25:00,2024,5,15,13,136,951.47
CWPRS campus,18.446944,73.785,15-05-2024 13:30,2024-05-15 13:30:00,2024,5,15,13,136,951.45
CWPRS campus,18.446944,73.785,15-05-2024 13:35,2024-05-15 13:35:00,2024,5,15,13,136,951.45
CWPRS campus,18.446944,73.785,15-05-2024 13:40,2024-05-15 13:40:00,2024,5,15,13,136,951.61
CWPRS campus,18.446944,73.785,15-05-2024 13:45,2024-05-15 13:45:00,2024,5,15,13,136,951.61
CWPRS campus,18.446944,73.785,15-05-2024 13:50,2024-05-15 13:50:00,2024,5,15,13,136,951.46
CWPRS campus,18.446944,73.785,15-05-2024 13:55,2024-05-15 13:55:00,2024,5,15,13,136,951.34
CWPRS campus,18.446944,73.785,15-05-2024 14:00,2024-05-15 14:00:00,2024,5,15,14,136,951.39
CWPRS campus,18.446944,73.785,15-05-2024 14:05,2024-05-15 14:05:00,2024,5,15,14,136,951.48
CWPRS campus,18.446944,73.785,15-05-2024 14:10,2024-05-15 14:10:00,2024,5,15,14,136,951.56
CWPRS campus,18.446944,73.785,15-05-2024 14:15,2024-05-15 14:15:00,2024,5,15,14,136,951.62
CWPRS campus,18.446944,73.785,15-05-2024 14:20,2024-05-15 14:20:00,2024,5,15,14,136,951.76
CWPRS campus,18.446944,73.785,15-05-2024 14:25,2024-05-15 14:25:00,2024,5,15,14,136,951.76
CWPRS campus,18.446944,73.785,15-05-2024 14:30,2024-05-15 14:30:00,2024,5,15,14,136,951.88
CWPRS campus,18.446944,73.785,15-05-2024 14:35,2024-05-15 14:35:00,2024,5,15,14,136,951.8
CWPRS campus,18.446944,73.785,15-05-2024 14:40,2024-05-15 14:40:00,2024,5,15,14,136,951.78
CWPRS campus,18.446944,73.785,15-05-2024 14:45,2024-05-15 14:45:00,2024,5,15,14,136,951.69
CWPRS campus,18.446944,73.785,15-05-2024 14:50,2024-05-15 14:50:00,2024,5,15,14,136,951.74
CWPRS campus,18.446944,73.785,15-05-2024 14:55,2024-05-15 14:55:00,2024,5,15,14,136,951.8
CWPRS campus,18.446944,73.785,15-05-2024 15:00,2024-05-15 15:00:00,2024,5,15,15,136,951.88
CWPRS campus,18.446944,73.785,15-05-2024 15:05,2024-05-15 15:05:00,2024,5,15,15,136,951.95
CWPRS campus,18.446944,73.785,15-05-2024 15:10,2024-05-15 15:10:00,2024,5,15,15,136,951.94
CWPRS campus,18.446944,73.785,15-05-2024 15:15,2024-05-15 15:15:00,2024,5,15,15,136,952.0
CWPRS campus,18.446944,73.785,15-05-2024 15:20,2024-05-15 15:20:00,2024,5,15,15,136,951.95
CWPRS campus,18.446944,73.785,15-05-2024 15:25,2024-05-15 15:25:00,2024,5,15,15,136,952.14
CWPRS campus,18.446944,73.785,15-05-2024 15:30,2024-05-15 15:30:00,2024,5,15,15,136,952.19
CWPRS campus,18.446944,73.785,15-05-2024 15:35,2024-05-15 15:35:00,2024,5,15,15,136,952.22
CWPRS campus,18.446944,73.785,15-05-2024 15:40,2024-05-15 15:40:00,2024,5,15,15,136,952.42
CWPRS campus,18.446944,73.785,15-05-2024 15:45,2024-05-15 15:45:00,2024,5,15,15,136,952.39
CWPRS campus,18.446944,73.785,15-05-2024 15:50,2024-05-15 15:50:00,2024,5,15,15,136,952.38
CWPRS campus,18.446944,73.785,15-05-2024 15:55,2024-05-15 15:55:00,2024,5,15,15,136,952.36
CWPRS campus,18.446944,73.785,15-05-2024 16:00,2024-05-15 16:00:00,2024,5,15,16,136,952.44
CWPRS campus,18.446944,73.785,15-05-2024 16:05,2024-05-15 16:05:00,2024,5,15,16,136,952.55
CWPRS campus,18.446944,73.785,15-05-2024 16:10,2024-05-15 16:10:00,2024,5,15,16,136,952.69
CWPRS campus,18.446944,73.785,15-05-2024 16:15,2024-05-15 16:15:00,2024,5,15,16,136,952.96
CWPRS campus,18.446944,73.785,15-05-2024 16:20,2024-05-15 16:20:00,2024,5,15,16,136,952.85
CWPRS campus,18.446944,73.785,15-05-2024 16:25,2024-05-15 16:25:00,2024,5,15,16,136,952.97
CWPRS campus,18.446944,73.785,15-05-2024 16:30,2024-05-15 16:30:00,2024,5,15,16,136,952.99
CWPRS campus,18.446944,73.785,15-05-2024 16:35,2024-05-15 16:35:00,2024,5,15,16,136,953.01
CWPRS campus,18.446944,73.785,15-05-2024 16:40,2024-05-15 16:40:00,2024,5,15,16,136,953.03
CWPRS campus,18.446944,73.785,15-05-2024 16:45,2024-05-15 16:45:00,2024,5,15,16,136,953.02
CWPRS campus,18.446944,73.785,15-05-2024 16:50,2024-05-15 16:50:00,2024,5,15,16,136,953.22
CWPRS campus,18.446944,73.785,15-05-2024 16:55,2024-05-15 16:55:00,2024,5,15,16,136,953.35
CWPRS campus,18.446944,73.785,15-05-2024 17:00,2024-05-15 17:00:00,2024,5,15,17,136,953.41
CWPRS campus,18.446944,73.785,15-05-2024 17:05,2024-05-15 17:05:00,2024,5,15,17,136,953.58
CWPRS campus,18.446944,73.785,15-05-2024 17:10,2024-05-15 17:10:00,2024,5,15,17,136,953.5
CWPRS campus,18.446944,73.785,15-05-2024 17:15,2024-05-15 17:15:00,2024,5,15,17,136,953.45
CWPRS campus,18.446944,73.785,15-05-2024 17:20,2024-05-15 17:20:00,2024,5,15,17,136,953.33
CWPRS campus,18.446944,73.785,15-05-2024 17:25,2024-05-15 17:25:00,2024,5,15,17,136,953.33
CWPRS campus,18.446944,73.785,15-05-2024 17:30,2024-05-15 17:30:00,2024,5,15,17,136,953.4
CWPRS campus,18.446944,73.785,15-05-2024 17:35,2024-05-15 17:35:00,2024,5,15,17,136,953.46
CWPRS campus,18.446944,73.785,15-05-2024 17:40,2024-05-15 17:40:00,2024,5,15,17,136,953.53
CWPRS campus,18.446944,73.785,15-05-2024 17:45,2024-05-15 17:45:00,2024,5,15,17,136,953.46
CWPRS campus,18.446944,73.785,15-05-2024 17:50,2024-05-15 17:50:00,2024,5,15,17,136,953.58
CWPRS campus,18.446944,73.785,15-05-2024 17:55,2024-05-15 17:55:00,2024,5,15,17,136,953.64
CWPRS campus,18.446944,73.785,15-05-2024 18:00,2024-05-15 18:00:00,2024,5,15,18,136,953.74
CWPRS campus,18.446944,73.785,15-05-2024 18:05,2024-05-15 18:05:00,2024,5,15,18,136,953.62
CWPRS campus,18.446944,73.785,15-05-2024 18:10,2024-05-15 18:10:00,2024,5,15,18,136,953.68
CWPRS campus,18.446944,73.785,15-05-2024 18:15,2024-05-15 18:15:00,2024,5,15,18,136,953.62
CWPRS campus,18.446944,73.785,15-05-2024 18:20,2024-05-15 18:20:00,2024,5,15,18,136,953.62
CWPRS campus,18.446944,73.785,15-05-2024 18:25,2024-05-15 18:25:00,2024,5,15,18,136,953.7
CWPRS campus,18.446944,73.785,15-05-2024 18:30,2024-05-15 18:30:00,2024,5,15,18,136,953.73
CWPRS campus,18.446944,73.785,15-05-2024 18:35,2024-05-15 18:35:00,2024,5,15,18,136,953.69
CWPRS campus,18.446944,73.785,15-05-2024 18:40,2024-05-15 18:40:00,2024,5,15,18,136,953.71
CWPRS campus,18.446944,73.785,15-05-2024 18:45,2024-05-15 18:45:00,2024,5,15,18,136,953.6
CWPRS campus,18.446944,73.785,15-05-2024 18:50,2024-05-15 18:50:00,2024,5,15,18,136,953.71
CWPRS campus,18.446944,73.785,15-05-2024 18:55,2024-05-15 18:55:00,2024,5,15,18,136,953.71
CWPRS campus,18.446944,73.785,15-05-2024 19:00,2024-05-15 19:00:00,2024,5,15,19,136,953.81
CWPRS campus,18.446944,73.785,15-05-2024 19:05,2024-05-15 19:05:00,2024,5,15,19,136,953.77
CWPRS campus,18.446944,73.785,15-05-2024 19:10,2024-05-15 19:10:00,2024,5,15,19,136,953.72
CWPRS campus,18.446944,73.785,15-05-2024 19:15,2024-05-15 19:15:00,2024,5,15,19,136,953.66
CWPRS campus,18.446944,73.785,15-05-2024 19:20,2024-05-15 19:20:00,2024,5,15,19,136,953.73
CWPRS campus,18.446944,73.785,15-05-2024 19:25,2024-05-15 19:25:00,2024,5,15,19,136,953.66
CWPRS campus,18.446944,73.785,15-05-2024 19:30,2024-05-15 19:30:00,2024,5,15,19,136,953.7
CWPRS campus,18.446944,73.785,15-05-2024 19:35,2024-05-15 19:35:00,2024,5,15,19,136,953.66
CWPRS campus,18.446944,73.785,15-05-2024 19:40,2024-05-15 19:40:00,2024,5,15,19,136,953.48
CWPRS campus,18.446944,73.785,15-05-2024 19:45,2024-05-15 19:45:00,2024,5,15,19,136,953.42
CWPRS campus,18.446944,73.785,15-05-2024 19:50,2024-05-15 19:50:00,2024,5,15,19,136,953.31
CWPRS campus,18.446944,73.785,15-05-2024 19:55,2024-05-15 19:55:00,2024,5,15,19,136,953.3
CWPRS campus,18.446944,73.785,15-05-2024 20:00,2024-05-15 20:00:00,2024,5,15,20,136,953.18
CWPRS campus,18.446944,73.785,15-05-2024 20:05,2024-05-15 20:05:00,2024,5,15,20,136,953.24
CWPRS campus,18.446944,73.785,15-05-2024 20:10,2024-05-15 20:10:00,2024,5,15,20,136,953.21
CWPRS campus,18.446944,73.785,15-05-2024 20:15,2024-05-15 20:15:00,2024,5,15,20,136,953.16
CWPRS campus,18.446944,73.785,15-05-2024 20:20,2024-05-15 20:20:00,2024,5,15,20,136,953.18
CWPRS campus,18.446944,73.785,15-05-2024 20:25,2024-05-15 20:25:00,2024,5,15,20,136,953.22
CWPRS campus,18.446944,73.785,15-05-2024 20:30,2024-05-15 20:30:00,2024,5,15,20,136,953.18
CWPRS campus,18.446944,73.785,15-05-2024 20:35,2024-05-15 20:35:00,2024,5,15,20,136,953.08
CWPRS campus,18.446944,73.785,15-05-2024 20:40,2024-05-15 20:40:00,2024,5,15,20,136,952.89
CWPRS campus,18.446944,73.785,15-05-2024 20:45,2024-05-15 20:45:00,2024,5,15,20,136,952.79
CWPRS campus,18.446944,73.785,15-05-2024 20:50,2024-05-15 20:50:00,2024,5,15,20,136,952.7
CWPRS campus,18.446944,73.785,15-05-2024 20:55,2024-05-15 20:55:00,2024,5,15,20,136,952.67
CWPRS campus,18.446944,73.785,15-05-2024 21:00,2024-05-15 21:00:00,2024,5,15,21,136,952.59
CWPRS campus,18.446944,73.785,15-05-2024 21:05,2024-05-15 21:05:00,2024,5,15,21,136,952.6
CWPRS campus,18.446944,73.785,15-05-2024 21:10,2024-05-15 21:10:00,2024,5,15,21,136,952.5
CWPRS campus,18.446944,73.785,15-05-2024 21:15,2024-05-15 21:15:00,2024,5,15,21,136,952.45
CWPRS campus,18.446944,73.785,15-05-2024 21:20,2024-05-15 21:20:00,2024,5,15,21,136,952.49
CWPRS campus,18.446944,73.785,15-05-2024 21:25,2024-05-15 21:25:00,2024,5,15,21,136,952.46
CWPRS campus,18.446944,73.785,15-05-2024 21:30,2024-05-15 21:30:00,2024,5,15,21,136,952.4
CWPRS campus,18.446944,73.785,15-05-2024 21:35,2024-05-15 21:35:00,2024,5,15,21,136,952.29
CWPRS campus,18.446944,73.785,15-05-2024 21:40,2024-05-15 21:40:00,2024,5,15,21,136,952.17
CWPRS campus,18.446944,73.785,15-05-2024 21:45,2024-05-15 21:45:00,2024,5,15,21,136,952.05
CWPRS campus,18.446944,73.785,15-05-2024 21:50,2024-05-15 21:50:00,2024,5,15,21,136,951.94
CWPRS campus,18.446944,73.785,15-05-2024 21:55,2024-05-15 21:55:00,2024,5,15,21,136,951.95
CWPRS campus,18.446944,73.785,15-05-2024 22:00,2024-05-15 22:00:00,2024,5,15,22,136,951.87
CWPRS campus,18.446944,73.785,15-05-2024 22:05,2024-05-15 22:05:00,2024,5,15,22,136,951.7
CWPRS campus,18.446944,73.785,15-05-2024 22:10,2024-05-15 22:10:00,2024,5,15,22,136,951.79
CWPRS campus,18.446944,73.785,15-05-2024 22:15,2024-05-15 22:15:00,2024,5,15,22,136,951.75
CWPRS campus,18.446944,73.785,15-05-2024 22:20,2024-05-15 22:20:00,2024,5,15,22,136,951.57
CWPRS campus,18.446944,73.785,15-05-2024 22:25,2024-05-15 22:25:00,2024,5,15,22,136,951.48
CWPRS campus,18.446944,73.785,15-05-2024 22:30,2024-05-15 22:30:00,2024,5,15,22,136,951.43
CWPRS campus,18.446944,73.785,15-05-2024 22:35,2024-05-15 22:35:00,2024,5,15,22,136,951.51
CWPRS campus,18.446944,73.785,15-05-2024 22:40,2024-05-15 22:40:00,2024,5,15,22,136,951.35
CWPRS campus,18.446944,73.785,15-05-2024 22:45,2024-05-15 22:45:00,2024,5,15,22,136,951.37
CWPRS campus,18.446944,73.785,15-05-2024 22:50,2024-05-15 22:50:00,2024,5,15,22,136,951.42
CWPRS campus,18.446944,73.785,15-05-2024 22:55,2024-05-15 22:55:00,2024,5,15,22,136,951.31
CWPRS campus,18.446944,73.785,15-05-2024 23:00,2024-05-15 23:00:00,2024,5,15,23,136,951.22
CWPRS campus,18.446944,73.785,15-05-2024 23:05,2024-05-15 23:05:00,2024,5,15,23,136,951.08
CWPRS campus,18.446944,73.785,15-05-2024 23:10,2024-05-15 23:10:00,2024,5,15,23,136,951.01
CWPRS campus,18.446944,73.785,15-05-2024 23:15,2024-05-15 23:15:00,2024,5,15,23,136,950.95
CWPRS campus,18.446944,73.785,15-05-2024 23:20,2024-05-15 23:20:00,2024,5,15,23,136,950.95
CWPRS campus,18.446944,73.785,15-05-2024 23:25,2024-05-15 23:25:00,2024,5,15,23,136,950.98
CWPRS campus,18.446944,73.785,15-05-2024 23:30,2024-05-15 23:30:00,2024,5,15,23,136,950.87
CWPRS campus,18.446944,73.785,15-05-2024 23:35,2024-05-15 23:35:00,2024,5,15,23,136,950.66
CWPRS campus,18.446944,73.785,15-05-2024 23:40,2024-05-15 23:40:00,2024,5,15,23,136,950.62
CWPRS campus,18.446944,73.785,15-05-2024 23:45,2024-05-15 23:45:00,2024,5,15,23,136,950.6
CWPRS campus,18.446944,73.785,15-05-2024 23:50,2024-05-15 23:50:00,2024,5,15,23,136,950.58
CWPRS campus,18.446944,73.785,15-05-2024 23:55,2024-05-15 23:55:00,2024,5,15,23,136,950.51
CWPRS campus,18.446944,73.785,16-05-2024 00:00,2024-05-16 00:00:00,2024,5,16,0,137,950.49
CWPRS campus,18.446944,73.785,16-05-2024 00:05,2024-05-16 00:05:00,2024,5,16,0,137,950.58
CWPRS campus,18.446944,73.785,16-05-2024 00:10,2024-05-16 00:10:00,2024,5,16,0,137,950.57
CWPRS campus,18.446944,73.785,16-05-2024 00:15,2024-05-16 00:15:00,2024,5,16,0,137,950.5
CWPRS campus,18.446944,73.785,16-05-2024 00:20,2024-05-16 00:20:00,2024,5,16,0,137,950.43
CWPRS campus,18.446944,73.785,16-05-2024 00:25,2024-05-16 00:25:00,2024,5,16,0,137,950.39
CWPRS campus,18.446944,73.785,16-05-2024 00:30,2024-05-16 00:30:00,2024,5,16,0,137,950.5
CWPRS campus,18.446944,73.785,16-05-2024 00:35,2024-05-16 00:35:00,2024,5,16,0,137,950.46
CWPRS campus,18.446944,73.785,16-05-2024 00:40,2024-05-16 00:40:00,2024,5,16,0,137,950.43
CWPRS campus,18.446944,73.785,16-05-2024 00:45,2024-05-16 00:45:00,2024,5,16,0,137,950.37
CWPRS campus,18.446944,73.785,16-05-2024 00:50,2024-05-16 00:50:00,2024,5,16,0,137,950.44
CWPRS campus,18.446944,73.785,16-05-2024 00:55,2024-05-16 00:55:00,2024,5,16,0,137,950.58
CWPRS campus,18.446944,73.785,16-05-2024 01:00,2024-05-16 01:00:00,2024,5,16,1,137,950.6
CWPRS campus,18.446944,73.785,16-05-2024 01:05,2024-05-16 01:05:00,2024,5,16,1,137,950.59
CWPRS campus,18.446944,73.785,16-05-2024 01:10,2024-05-16 01:10:00,2024,5,16,1,137,950.57
CWPRS campus,18.446944,73.785,16-05-2024 01:15,2024-05-16 01:15:00,2024,5,16,1,137,950.37
CWPRS campus,18.446944,73.785,16-05-2024 01:20,2024-05-16 01:20:00,2024,5,16,1,137,950.43
CWPRS campus,18.446944,73.785,16-05-2024 01:25,2024-05-16 01:25:00,2024,5,16,1,137,950.44
CWPRS campus,18.446944,73.785,16-05-2024 01:30,2024-05-16 01:30:00,2024,5,16,1,137,950.47
CWPRS campus,18.446944,73.785,16-05-2024 01:35,2024-05-16 01:35:00,2024,5,16,1,137,950.42
CWPRS campus,18.446944,73.785,16-05-2024 01:40,2024-05-16 01:40:00,2024,5,16,1,137,950.4
CWPRS campus,18.446944,73.785,16-05-2024 01:45,2024-05-16 01:45:00,2024,5,16,1,137,950.38
CWPRS campus,18.446944,73.785,16-05-2024 01:50,2024-05-16 01:50:00,2024,5,16,1,137,950.47
CWPRS campus,18.446944,73.785,16-05-2024 01:55,2024-05-16 01:55:00,2024,5,16,1,137,950.46
CWPRS campus,18.446944,73.785,16-05-2024 02:00,2024-05-16 02:00:00,2024,5,16,2,137,950.64
CWPRS campus,18.446944,73.785,16-05-2024 02:05,2024-05-16 02:05:00,2024,5,16,2,137,950.69
CWPRS campus,18.446944,73.785,16-05-2024 02:10,2024-05-16 02:10:00,2024,5,16,2,137,950.61
CWPRS campus,18.446944,73.785,16-05-2024 02:15,2024-05-16 02:15:00,2024,5,16,2,137,950.62
CWPRS campus,18.446944,73.785,16-05-2024 02:20,2024-05-16 02:20:00,2024,5,16,2,137,950.59
CWPRS campus,18.446944,73.785,16-05-2024 02:25,2024-05-16 02:25:00,2024,5,16,2,137,950.45
CWPRS campus,18.446944,73.785,16-05-2024 02:30,2024-05-16 02:30:00,2024,5,16,2,137,950.62
CWPRS campus,18.446944,73.785,16-05-2024 02:35,2024-05-16 02:35:00,2024,5,16,2,137,950.71
CWPRS campus,18.446944,73.785,16-05-2024 02:40,2024-05-16 02:40:00,2024,5,16,2,137,950.79
CWPRS campus,18.446944,73.785,16-05-2024 02:45,2024-05-16 02:45:00,2024,5,16,2,137,950.84
CWPRS campus,18.446944,73.785,16-05-2024 02:50,2024-05-16 02:50:00,2024,5,16,2,137,950.77
CWPRS campus,18.446944,73.785,16-05-2024 02:55,2024-05-16 02:55:00,2024,5,16,2,137,950.77
CWPRS campus,18.446944,73.785,16-05-2024 03:00,2024-05-16 03:00:00,2024,5,16,3,137,950.88
CWPRS campus,18.446944,73.785,16-05-2024 03:05,2024-05-16 03:05:00,2024,5,16,3,137,950.85
CWPRS campus,18.446944,73.785,16-05-2024 03:10,2024-05-16 03:10:00,2024,5,16,3,137,950.69
CWPRS campus,18.446944,73.785,16-05-2024 03:15,2024-05-16 03:15:00,2024,5,16,3,137,950.74
CWPRS campus,18.446944,73.785,16-05-2024 03:20,2024-05-16 03:20:00,2024,5,16,3,137,950.79
CWPRS campus,18.446944,73.785,16-05-2024 03:25,2024-05-16 03:25:00,2024,5,16,3,137,950.86
CWPRS campus,18.446944,73.785,16-05-2024 03:30,2024-05-16 03:30:00,2024,5,16,3,137,950.98
CWPRS campus,18.446944,73.785,16-05-2024 03:35,2024-05-16 03:35:00,2024,5,16,3,137,951.09
CWPRS campus,18.446944,73.785,16-05-2024 03:40,2024-05-16 03:40:00,2024,5,16,3,137,951.17
CWPRS campus,18.446944,73.785,16-05-2024 03:45,2024-05-16 03:45:00,2024,5,16,3,137,951.32
CWPRS campus,18.446944,73.785,16-05-2024 03:50,2024-05-16 03:50:00,2024,5,16,3,137,951.26
CWPRS campus,18.446944,73.785,16-05-2024 03:55,2024-05-16 03:55:00,2024,5,16,3,137,951.36
CWPRS campus,18.446944,73.785,16-05-2024 04:00,2024-05-16 04:00:00,2024,5,16,4,137,951.46
CWPRS campus,18.446944,73.785,16-05-2024 04:05,2024-05-16 04:05:00,2024,5,16,4,137,951.42
CWPRS campus,18.446944,73.785,16-05-2024 04:10,2024-05-16 04:10:00,2024,5,16,4,137,951.36
CWPRS campus,18.446944,73.785,16-05-2024 04:15,2024-05-16 04:15:00,2024,5,16,4,137,951.36
CWPRS campus,18.446944,73.785,16-05-2024 04:20,2024-05-16 04:20:00,2024,5,16,4,137,951.38
CWPRS campus,18.446944,73.785,16-05-2024 04:25,2024-05-16 04:25:00,2024,5,16,4,137,951.5
CWPRS campus,18.446944,73.785,16-05-2024 04:30,2024-05-16 04:30:00,2024,5,16,4,137,951.52
CWPRS campus,18.446944,73.785,16-05-2024 04:35,2024-05-16 04:35:00,2024,5,16,4,137,951.51
CWPRS campus,18.446944,73.785,16-05-2024 04:40,2024-05-16 04:40:00,2024,5,16,4,137,951.53
CWPRS campus,18.446944,73.785,16-05-2024 04:45,2024-05-16 04:45:00,2024,5,16,4,137,951.68
CWPRS campus,18.446944,73.785,16-05-2024 04:50,2024-05-16 04:50:00,2024,5,16,4,137,951.75
CWPRS campus,18.446944,73.785,16-05-2024 04:55,2024-05-16 04:55:00,2024,5,16,4,137,951.79
CWPRS campus,18.446944,73.785,16-05-2024 05:00,2024-05-16 05:00:00,2024,5,16,5,137,951.84
CWPRS campus,18.446944,73.785,16-05-2024 05:05,2024-05-16 05:05:00,2024,5,16,5,137,952.0
CWPRS campus,18.446944,73.785,16-05-2024 05:10,2024-05-16 05:10:00,2024,5,16,5,137,951.99
CWPRS campus,18.446944,73.785,16-05-2024 05:15,2024-05-16 05:15:00,2024,5,16,5,137,952.15
CWPRS campus,18.446944,73.785,16-05-2024 05:20,2024-05-16 05:20:00,2024,5,16,5,137,952.21
CWPRS campus,18.446944,73.785,16-05-2024 05:25,2024-05-16 05:25:00,2024,5,16,5,137,952.24
CWPRS campus,18.446944,73.785,16-05-2024 05:30,2024-05-16 05:30:00,2024,5,16,5,137,952.48
CWPRS campus,18.446944,73.785,16-05-2024 05:35,2024-05-16 05:35:00,2024,5,16,5,137,952.42
CWPRS campus,18.446944,73.785,16-05-2024 05:40,2024-05-16 05:40:00,2024,5,16,5,137,952.43
CWPRS campus,18.446944,73.785,16-05-2024 05:45,2024-05-16 05:45:00,2024,5,16,5,137,952.36
CWPRS campus,18.446944,73.785,16-05-2024 05:50,2024-05-16 05:50:00,2024,5,16,5,137,952.47
CWPRS campus,18.446944,73.785,16-05-2024 05:55,2024-05-16 05:55:00,2024,5,16,5,137,952.63
CWPRS campus,18.446944,73.785,16-05-2024 06:00,2024-05-16 06:00:00,2024,5,16,6,137,952.78
CWPRS campus,18.446944,73.785,16-05-2024 06:05,2024-05-16 06:05:00,2024,5,16,6,137,952.89
CWPRS campus,18.446944,73.785,16-05-2024 06:10,2024-05-16 06:10:00,2024,5,16,6,137,952.88
CWPRS campus,18.446944,73.785,16-05-2024 06:15,2024-05-16 06:15:00,2024,5,16,6,137,952.86
CWPRS campus,18.446944,73.785,16-05-2024 06:20,2024-05-16 06:20:00,2024,5,16,6,137,952.72
CWPRS campus,18.446944,73.785,16-05-2024 06:25,2024-05-16 06:25:00,2024,5,16,6,137,952.89
CWPRS campus,18.446944,73.785,16-05-2024 06:30,2024-05-16 06:30:00,2024,5,16,6,137,952.93
CWPRS campus,18.446944,73.785,16-05-2024 06:35,2024-05-16 06:35:00,2024,5,16,6,137,952.88
CWPRS campus,18.446944,73.785,16-05-2024 06:40,2024-05-16 06:40:00,2024,5,16,6,137,952.98
CWPRS campus,18.446944,73.785,16-05-2024 06:45,2024-05-16 06:45:00,2024,5,16,6,137,952.89
CWPRS campus,18.446944,73.785,16-05-2024 06:50,2024-05-16 06:50:00,2024,5,16,6,137,952.91
CWPRS campus,18.446944,73.785,16-05-2024 06:55,2024-05-16 06:55:00,2024,5,16,6,137,952.88
CWPRS campus,18.446944,73.785,16-05-2024 07:00,2024-05-16 07:00:00,2024,5,16,7,137,952.91
CWPRS campus,18.446944,73.785,16-05-2024 07:05,2024-05-16 07:05:00,2024,5,16,7,137,952.88
CWPRS campus,18.446944,73.785,16-05-2024 07:10,2024-05-16 07:10:00,2024,5,16,7,137,952.74
CWPRS campus,18.446944,73.785,16-05-2024 07:15,2024-05-16 07:15:00,2024,5,16,7,137,952.73
CWPRS campus,18.446944,73.785,16-05-2024 07:20,2024-05-16 07:20:00,2024,5,16,7,137,952.78
CWPRS campus,18.446944,73.785,16-05-2024 07:25,2024-05-16 07:25:00,2024,5,16,7,137,952.75
CWPRS campus,18.446944,73.785,16-05-2024 07:30,2024-05-16 07:30:00,2024,5,16,7,137,952.78
CWPRS campus,18.446944,73.785,16-05-2024 07:35,2024-05-16 07:35:00,2024,5,16,7,137,952.65
CWPRS campus,18.446944,73.785,16-05-2024 07:40,2024-05-16 07:40:00,2024,5,16,7,137,952.62
CWPRS campus,18.446944,73.785,16-05-2024 07:45,2024-05-16 07:45:00,2024,5,16,7,137,952.53
CWPRS campus,18.446944,73.785,16-05-2024 07:50,2024-05-16 07:50:00,2024,5,16,7,137,952.54
CWPRS campus,18.446944,73.785,16-05-2024 07:55,2024-05-16 07:55:00,2024,5,16,7,137,952.5
CWPRS campus,18.446944,73.785,16-05-2024 08:00,2024-05-16 08:00:00,2024,5,16,8,137,952.51
CWPRS campus,18.446944,73.785,16-05-2024 08:05,2024-05-16 08:05:00,2024,5,16,8,137,952.55
CWPRS campus,18.446944,73.785,16-05-2024 08:10,2024-05-16 08:10:00,2024,5,16,8,137,952.54
CWPRS campus,18.446944,73.785,16-05-2024 08:15,2024-05-16 08:15:00,2024,5,16,8,137,952.5
CWPRS campus,18.446944,73.785,16-05-2024 08:20,2024-05-16 08:20:00,2024,5,16,8,137,952.36
CWPRS campus,18.446944,73.785,16-05-2024 08:25,2024-05-16 08:25:00,2024,5,16,8,137,952.3
CWPRS campus,18.446944,73.785,16-05-2024 08:30,2024-05-16 08:30:00,2024,5,16,8,137,952.19
CWPRS campus,18.446944,73.785,16-05-2024 08:35,2024-05-16 08:35:00,2024,5,16,8,137,952.1
CWPRS campus,18.446944,73.785,16-05-2024 08:40,2024-05-16 08:40:00,2024,5,16,8,137,952.0
CWPRS campus,18.446944,73.785,16-05-2024 08:45,2024-05-16 08:45:00,2024,5,16,8,137,951.86
CWPRS campus,18.446944,73.785,16-05-2024 08:50,2024-05-16 08:50:00,2024,5,16,8,137,951.64
CWPRS campus,18.446944,73.785,16-05-2024 08:55,2024-05-16 08:55:00,2024,5,16,8,137,951.53
CWPRS campus,18.446944,73.785,16-05-2024 09:00,2024-05-16 09:00:00,2024,5,16,9,137,951.49
CWPRS campus,18.446944,73.785,16-05-2024 09:05,2024-05-16 09:05:00,2024,5,16,9,137,951.32
CWPRS campus,18.446944,73.785,16-05-2024 09:10,2024-05-16 09:10:00,2024,5,16,9,137,951.26
CWPRS campus,18.446944,73.785,16-05-2024 09:15,2024-05-16 09:15:00,2024,5,16,9,137,951.36
CWPRS campus,18.446944,73.785,16-05-2024 09:20,2024-05-16 09:20:00,2024,5,16,9,137,951.37
CWPRS campus,18.446944,73.785,16-05-2024 09:25,2024-05-16 09:25:00,2024,5,16,9,137,951.43
CWPRS campus,18.446944,73.785,16-05-2024 09:30,2024-05-16 09:30:00,2024,5,16,9,137,951.38
CWPRS campus,18.446944,73.785,16-05-2024 09:35,2024-05-16 09:35:00,2024,5,16,9,137,951.4
CWPRS campus,18.446944,73.785,16-05-2024 09:40,2024-05-16 09:40:00,2024,5,16,9,137,951.26
CWPRS campus,18.446944,73.785,16-05-2024 09:45,2024-05-16 09:45:00,2024,5,16,9,137,951.13
CWPRS campus,18.446944,73.785,16-05-2024 09:50,2024-05-16 09:50:00,2024,5,16,9,137,950.83
CWPRS campus,18.446944,73.785,16-05-2024 09:55,2024-05-16 09:55:00,2024,5,16,9,137,950.85
CWPRS campus,18.446944,73.785,16-05-2024 10:00,2024-05-16 10:00:00,2024,5,16,10,137,950.9
CWPRS campus,18.446944,73.785,16-05-2024 10:05,2024-05-16 10:05:00,2024,5,16,10,137,950.78
CWPRS campus,18.446944,73.785,16-05-2024 10:10,2024-05-16 10:10:00,2024,5,16,10,137,950.68
CWPRS campus,18.446944,73.785,16-05-2024 10:15,2024-05-16 10:15:00,2024,5,16,10,137,950.55
CWPRS campus,18.446944,73.785,16-05-2024 10:20,2024-05-16 10:20:00,2024,5,16,10,137,950.5
CWPRS campus,18.446944,73.785,16-05-2024 10:25,2024-05-16 10:25:00,2024,5,16,10,137,950.52
CWPRS campus,18.446944,73.785,16-05-2024 10:30,2024-05-16 10:30:00,2024,5,16,10,137,950.31
CWPRS campus,18.446944,73.785,16-05-2024 10:35,2024-05-16 10:35:00,2024,5,16,10,137,950.27
CWPRS campus,18.446944,73.785,16-05-2024 10:40,2024-05-16 10:40:00,2024,5,16,10,137,950.18
CWPRS campus,18.446944,73.785,16-05-2024 10:45,2024-05-16 10:45:00,2024,5,16,10,137,950.12
CWPRS campus,18.446944,73.785,16-05-2024 10:50,2024-05-16 10:50:00,2024,5,16,10,137,950.09
CWPRS campus,18.446944,73.785,16-05-2024 10:55,2024-05-16 10:55:00,2024,5,16,10,137,950.0
CWPRS campus,18.446944,73.785,16-05-2024 11:00,2024-05-16 11:00:00,2024,5,16,11,137,949.93
CWPRS campus,18.446944,73.785,16-05-2024 11:05,2024-05-16 11:05:00,2024,5,16,11,137,949.85
CWPRS campus,18.446944,73.785,16-05-2024 11:10,2024-05-16 11:10:00,2024,5,16,11,137,949.86
CWPRS campus,18.446944,73.785,16-05-2024 11:15,2024-05-16 11:15:00,2024,5,16,11,137,949.83
CWPRS campus,18.446944,73.785,16-05-2024 11:20,2024-05-16 11:20:00,2024,5,16,11,137,949.79
CWPRS campus,18.446944,73.785,16-05-2024 11:25,2024-05-16 11:25:00,2024,5,16,11,137,949.63
CWPRS campus,18.446944,73.785,16-05-2024 11:30,2024-05-16 11:30:00,2024,5,16,11,137,949.54
CWPRS campus,18.446944,73.785,16-05-2024 11:35,2024-05-16 11:35:00,2024,5,16,11,137,949.56
CWPRS campus,18.446944,73.785,16-05-2024 11:40,2024-05-16 11:40:00,2024,5,16,11,137,949.51
CWPRS campus,18.446944,73.785,16-05-2024 11:45,2024-05-16 11:45:00,2024,5,16,11,137,949.51
CWPRS campus,18.446944,73.785,16-05-2024 11:50,2024-05-16 11:50:00,2024,5,16,11,137,949.6
CWPRS campus,18.446944,73.785,16-05-2024 11:55,2024-05-16 11:55:00,2024,5,16,11,137,949.63
CWPRS campus,18.446944,73.785,16-05-2024 12:00,2024-05-16 12:00:00,2024,5,16,12,137,949.59
CWPRS campus,18.446944,73.785,16-05-2024 12:05,2024-05-16 12:05:00,2024,5,16,12,137,949.5
CWPRS campus,18.446944,73.785,16-05-2024 12:10,2024-05-16 12:10:00,2024,5,16,12,137,949.24
CWPRS campus,18.446944,73.785,16-05-2024 12:15,2024-05-16 12:15:00,2024,5,16,12,137,949.2
CWPRS campus,18.446944,73.785,16-05-2024 12:20,2024-05-16 12:20:00,2024,5,16,12,137,949.14
CWPRS campus,18.446944,73.785,16-05-2024 12:25,2024-05-16 12:25:00,2024,5,16,12,137,949.14
CWPRS campus,18.446944,73.785,16-05-2024 12:30,2024-05-16 12:30:00,2024,5,16,12,137,949.1
CWPRS campus,18.446944,73.785,16-05-2024 12:35,2024-05-16 12:35:00,2024,5,16,12,137,949.05
CWPRS campus,18.446944,73.785,16-05-2024 12:40,2024-05-16 12:40:00,2024,5,16,12,137,948.89
CWPRS campus,18.446944,73.785,16-05-2024 12:45,2024-05-16 12:45:00,2024,5,16,12,137,948.8
CWPRS campus,18.446944,73.785,16-05-2024 12:50,2024-05-16 12:50:00,2024,5,16,12,137,948.84
CWPRS campus,18.446944,73.785,16-05-2024 12:55,2024-05-16 12:55:00,2024,5,16,12,137,948.97
CWPRS campus,18.446944,73.785,16-05-2024 13:00,2024-05-16 13:00:00,2024,5,16,13,137,948.95
CWPRS campus,18.446944,73.785,16-05-2024 13:05,2024-05-16 13:05:00,2024,5,16,13,137,948.98
CWPRS campus,18.446944,73.785,16-05-2024 13:10,2024-05-16 13:10:00,2024,5,16,13,137,949.05
CWPRS campus,18.446944,73.785,16-05-2024 13:15,2024-05-16 13:15:00,2024,5,16,13,137,948.98
CWPRS campus,18.446944,73.785,16-05-2024 13:20,2024-05-16 13:20:00,2024,5,16,13,137,949.02
CWPRS campus,18.446944,73.785,16-05-2024 13:25,2024-05-16 13:25:00,2024,5,16,13,137,948.96
CWPRS campus,18.446944,73.785,16-05-2024 13:30,2024-05-16 13:30:00,2024,5,16,13,137,949.04
CWPRS campus,18.446944,73.785,16-05-2024 13:35,2024-05-16 13:35:00,2024,5,16,13,137,949.06
CWPRS campus,18.446944,73.785,16-05-2024 13:40,2024-05-16 13:40:00,2024,5,16,13,137,949.1
CWPRS campus,18.446944,73.785,16-05-2024 13:45,2024-05-16 13:45:00,2024,5,16,13,137,949.05
CWPRS campus,18.446944,73.785,16-05-2024 13:50,2024-05-16 13:50:00,2024,5,16,13,137,949.13
CWPRS campus,18.446944,73.785,16-05-2024 13:55,2024-05-16 13:55:00,2024,5,16,13,137,949.31
CWPRS campus,18.446944,73.785,16-05-2024 14:00,2024-05-16 14:00:00,2024,5,16,14,137,949.25
CWPRS campus,18.446944,73.785,16-05-2024 14:05,2024-05-16 14:05:00,2024,5,16,14,137,949.24
CWPRS campus,18.446944,73.785,16-05-2024 14:10,2024-05-16 14:10:00,2024,5,16,14,137,949.29
CWPRS campus,18.446944,73.785,16-05-2024 14:15,2024-05-16 14:15:00,2024,5,16,14,137,949.38
CWPRS campus,18.446944,73.785,16-05-2024 14:20,2024-05-16 14:20:00,2024,5,16,14,137,949.36
CWPRS campus,18.446944,73.785,16-05-2024 14:25,2024-05-16 14:25:00,2024,5,16,14,137,949.17
CWPRS campus,18.446944,73.785,16-05-2024 14:30,2024-05-16 14:30:00,2024,5,16,14,137,949.32
CWPRS campus,18.446944,73.785,16-05-2024 14:35,2024-05-16 14:35:00,2024,5,16,14,137,949.42
CWPRS campus,18.446944,73.785,16-05-2024 14:40,2024-05-16 14:40:00,2024,5,16,14,137,949.32
CWPRS campus,18.446944,73.785,16-05-2024 14:45,2024-05-16 14:45:00,2024,5,16,14,137,949.32
CWPRS campus,18.446944,73.785,16-05-2024 14:50,2024-05-16 14:50:00,2024,5,16,14,137,949.5
CWPRS campus,18.446944,73.785,16-05-2024 14:55,2024-05-16 14:55:00,2024,5,16,14,137,949.66
CWPRS campus,18.446944,73.785,16-05-2024 15:00,2024-05-16 15:00:00,2024,5,16,15,137,949.78
CWPRS campus,18.446944,73.785,16-05-2024 15:05,2024-05-16 15:05:00,2024,5,16,15,137,949.81
CWPRS campus,18.446944,73.785,16-05-2024 15:10,2024-05-16 15:10:00,2024,5,16,15,137,949.86
CWPRS campus,18.446944,73.785,16-05-2024 15:15,2024-05-16 15:15:00,2024,5,16,15,137,949.9
CWPRS campus,18.446944,73.785,16-05-2024 15:20,2024-05-16 15:20:00,2024,5,16,15,137,950.04
CWPRS campus,18.446944,73.785,16-05-2024 15:25,2024-05-16 15:25:00,2024,5,16,15,137,950.01
CWPRS campus,18.446944,73.785,16-05-2024 15:30,2024-05-16 15:30:00,2024,5,16,15,137,950.0
CWPRS campus,18.446944,73.785,16-05-2024 15:35,2024-05-16 15:35:00,2024,5,16,15,137,950.14
CWPRS campus,18.446944,73.785,16-05-2024 15:40,2024-05-16 15:40:00,2024,5,16,15,137,950.18
CWPRS campus,18.446944,73.785,16-05-2024 15:45,2024-05-16 15:45:00,2024,5,16,15,137,950.35
CWPRS campus,18.446944,73.785,16-05-2024 15:50,2024-05-16 15:50:00,2024,5,16,15,137,950.34
CWPRS campus,18.446944,73.785,16-05-2024 15:55,2024-05-16 15:55:00,2024,5,16,15,137,950.39
CWPRS campus,18.446944,73.785,16-05-2024 16:00,2024-05-16 16:00:00,2024,5,16,16,137,950.37
CWPRS campus,18.446944,73.785,16-05-2024 16:05,2024-05-16 16:05:00,2024,5,16,16,137,950.43
CWPRS campus,18.446944,73.785,16-05-2024 16:10,2024-05-16 16:10:00,2024,5,16,16,137,950.36
CWPRS campus,18.446944,73.785,16-05-2024 16:15,2024-05-16 16:15:00,2024,5,16,16,137,950.39
CWPRS campus,18.446944,73.785,16-05-2024 16:20,2024-05-16 16:20:00,2024,5,16,16,137,950.33
CWPRS campus,18.446944,73.785,16-05-2024 16:25,2024-05-16 16:25:00,2024,5,16,16,137,950.45
CWPRS campus,18.446944,73.785,16-05-2024 16:30,2024-05-16 16:30:00,2024,5,16,16,137,950.57
CWPRS campus,18.446944,73.785,16-05-2024 16:35,2024-05-16 16:35:00,2024,5,16,16,137,950.5
CWPRS campus,18.446944,73.785,16-05-2024 16:40,2024-05-16 16:40:00,2024,5,16,16,137,950.67
CWPRS campus,18.446944,73.785,16-05-2024 16:45,2024-05-16 16:45:00,2024,5,16,16,137,950.93
CWPRS campus,18.446944,73.785,16-05-2024 16:50,2024-05-16 16:50:00,2024,5,16,16,137,950.98
CWPRS campus,18.446944,73.785,16-05-2024 16:55,2024-05-16 16:55:00,2024,5,16,16,137,950.98
CWPRS campus,18.446944,73.785,16-05-2024 17:00,2024-05-16 17:00:00,2024,5,16,17,137,951.25
CWPRS campus,18.446944,73.785,16-05-2024 17:05,2024-05-16 17:05:00,2024,5,16,17,137,951.19
CWPRS campus,18.446944,73.785,16-05-2024 17:10,2024-05-16 17:10:00,2024,5,16,17,137,951.23
CWPRS campus,18.446944,73.785,16-05-2024 17:15,2024-05-16 17:15:00,2024,5,16,17,137,951.29
CWPRS campus,18.446944,73.785,16-05-2024 17:20,2024-05-16 17:20:00,2024,5,16,17,137,951.43
CWPRS campus,18.446944,73.785,16-05-2024 17:25,2024-05-16 17:25:00,2024,5,16,17,137,951.49
CWPRS campus,18.446944,73.785,16-05-2024 17:30,2024-05-16 17:30:00,2024,5,16,17,137,951.49
CWPRS campus,18.446944,73.785,16-05-2024 17:35,2024-05-16 17:35:00,2024,5,16,17,137,951.44
CWPRS campus,18.446944,73.785,16-05-2024 17:40,2024-05-16 17:40:00,2024,5,16,17,137,951.44
CWPRS campus,18.446944,73.785,16-05-2024 17:45,2024-05-16 17:45:00,2024,5,16,17,137,951.4
CWPRS campus,18.446944,73.785,16-05-2024 17:50,2024-05-16 17:50:00,2024,5,16,17,137,951.43
CWPRS campus,18.446944,73.785,16-05-2024 17:55,2024-05-16 17:55:00,2024,5,16,17,137,951.42
CWPRS campus,18.446944,73.785,16-05-2024 18:00,2024-05-16 18:00:00,2024,5,16,18,137,951.33
CWPRS campus,18.446944,73.785,16-05-2024 18:05,2024-05-16 18:05:00,2024,5,16,18,137,951.46
CWPRS campus,18.446944,73.785,16-05-2024 18:10,2024-05-16 18:10:00,2024,5,16,18,137,951.45
CWPRS campus,18.446944,73.785,16-05-2024 18:15,2024-05-16 18:15:00,2024,5,16,18,137,951.37
CWPRS campus,18.446944,73.785,16-05-2024 18:20,2024-05-16 18:20:00,2024,5,16,18,137,951.38
CWPRS campus,18.446944,73.785,16-05-2024 18:25,2024-05-16 18:25:00,2024,5,16,18,137,951.41
CWPRS campus,18.446944,73.785,16-05-2024 18:30,2024-05-16 18:30:00,2024,5,16,18,137,951.29
CWPRS campus,18.446944,73.785,16-05-2024 18:35,2024-05-16 18:35:00,2024,5,16,18,137,951.34
CWPRS campus,18.446944,73.785,16-05-2024 18:40,2024-05-16 18:40:00,2024,5,16,18,137,951.28
CWPRS campus,18.446944,73.785,16-05-2024 18:45,2024-05-16 18:45:00,2024,5,16,18,137,951.43
CWPRS campus,18.446944,73.785,16-05-2024 18:50,2024-05-16 18:50:00,2024,5,16,18,137,951.49
CWPRS campus,18.446944,73.785,16-05-2024 18:55,2024-05-16 18:55:00,2024,5,16,18,137,951.46
CWPRS campus,18.446944,73.785,16-05-2024 19:00,2024-05-16 19:00:00,2024,5,16,19,137,951.4
CWPRS campus,18.446944,73.785,16-05-2024 19:05,2024-05-16 19:05:00,2024,5,16,19,137,951.4
CWPRS campus,18.446944,73.785,16-05-2024 19:10,2024-05-16 19:10:00,2024,5,16,19,137,951.45
CWPRS campus,18.446944,73.785,16-05-2024 19:15,2024-05-16 19:15:00,2024,5,16,19,137,951.44
CWPRS campus,18.446944,73.785,16-05-2024 19:20,2024-05-16 19:20:00,2024,5,16,19,137,951.42
CWPRS campus,18.446944,73.785,16-05-2024 19:25,2024-05-16 19:25:00,2024,5,16,19,137,951.41
CWPRS campus,18.446944,73.785,16-05-2024 19:30,2024-05-16 19:30:00,2024,5,16,19,137,951.35
CWPRS campus,18.446944,73.785,16-05-2024 19:35,2024-05-16 19:35:00,2024,5,16,19,137,951.31
CWPRS campus,18.446944,73.785,16-05-2024 19:40,2024-05-16 19:40:00,2024,5,16,19,137,951.12
CWPRS campus,18.446944,73.785,16-05-2024 19:45,2024-05-16 19:45:00,2024,5,16,19,137,951.19
CWPRS campus,18.446944,73.785,16-05-2024 19:50,2024-05-16 19:50:00,2024,5,16,19,137,951.2
CWPRS campus,18.446944,73.785,16-05-2024 19:55,2024-05-16 19:55:00,2024,5,16,19,137,951.11
CWPRS campus,18.446944,73.785,16-05-2024 20:00,2024-05-16 20:00:00,2024,5,16,20,137,951.24
CWPRS campus,18.446944,73.785,16-05-2024 20:05,2024-05-16 20:05:00,2024,5,16,20,137,951.22
CWPRS campus,18.446944,73.785,16-05-2024 20:10,2024-05-16 20:10:00,2024,5,16,20,137,951.1
CWPRS campus,18.446944,73.785,16-05-2024 20:15,2024-05-16 20:15:00,2024,5,16,20,137,951.13
CWPRS campus,18.446944,73.785,16-05-2024 20:20,2024-05-16 20:20:00,2024,5,16,20,137,951.13
CWPRS campus,18.446944,73.785,16-05-2024 20:25,2024-05-16 20:25:00,2024,5,16,20,137,951.12
CWPRS campus,18.446944,73.785,16-05-2024 20:30,2024-05-16 20:30:00,2024,5,16,20,137,951.04
CWPRS campus,18.446944,73.785,16-05-2024 20:35,2024-05-16 20:35:00,2024,5,16,20,137,951.03
CWPRS campus,18.446944,73.785,16-05-2024 20:40,2024-05-16 20:40:00,2024,5,16,20,137,950.95
CWPRS campus,18.446944,73.785,16-05-2024 20:45,2024-05-16 20:45:00,2024,5,16,20,137,950.95
CWPRS campus,18.446944,73.785,16-05-2024 20:50,2024-05-16 20:50:00,2024,5,16,20,137,950.74
CWPRS campus,18.446944,73.785,16-05-2024 20:55,2024-05-16 20:55:00,2024,5,16,20,137,950.66
CWPRS campus,18.446944,73.785,16-05-2024 21:00,2024-05-16 21:00:00,2024,5,16,21,137,950.74
CWPRS campus,18.446944,73.785,16-05-2024 21:05,2024-05-16 21:05:00,2024,5,16,21,137,950.62
CWPRS campus,18.446944,73.785,16-05-2024 21:10,2024-05-16 21:10:00,2024,5,16,21,137,950.52
CWPRS campus,18.446944,73.785,16-05-2024 21:15,2024-05-16 21:15:00,2024,5,16,21,137,950.43
CWPRS campus,18.446944,73.785,16-05-2024 21:20,2024-05-16 21:20:00,2024,5,16,21,137,950.27
CWPRS campus,18.446944,73.785,16-05-2024 21:25,2024-05-16 21:25:00,2024,5,16,21,137,950.04
CWPRS campus,18.446944,73.785,16-05-2024 21:30,2024-05-16 21:30:00,2024,5,16,21,137,949.98
CWPRS campus,18.446944,73.785,16-05-2024 21:35,2024-05-16 21:35:00,2024,5,16,21,137,949.94
CWPRS campus,18.446944,73.785,16-05-2024 21:40,2024-05-16 21:40:00,2024,5,16,21,137,949.89
CWPRS campus,18.446944,73.785,16-05-2024 21:45,2024-05-16 21:45:00,2024,5,16,21,137,949.83
CWPRS campus,18.446944,73.785,16-05-2024 21:50,2024-05-16 21:50:00,2024,5,16,21,137,949.78
CWPRS campus,18.446944,73.785,16-05-2024 21:55,2024-05-16 21:55:00,2024,5,16,21,137,949.81
CWPRS campus,18.446944,73.785,16-05-2024 22:00,2024-05-16 22:00:00,2024,5,16,22,137,949.74
CWPRS campus,18.446944,73.785,16-05-2024 22:05,2024-05-16 22:05:00,2024,5,16,22,137,949.64
CWPRS campus,18.446944,73.785,16-05-2024 22:10,2024-05-16 22:10:00,2024,5,16,22,137,949.56
CWPRS campus,18.446944,73.785,16-05-2024 22:15,2024-05-16 22:15:00,2024,5,16,22,137,949.55
CWPRS campus,18.446944,73.785,16-05-2024 22:20,2024-05-16 22:20:00,2024,5,16,22,137,949.61
CWPRS campus,18.446944,73.785,16-05-2024 22:25,2024-05-16 22:25:00,2024,5,16,22,137,949.5
CWPRS campus,18.446944,73.785,16-05-2024 22:30,2024-05-16 22:30:00,2024,5,16,22,137,949.45
CWPRS campus,18.446944,73.785,16-05-2024 22:35,2024-05-16 22:35:00,2024,5,16,22,137,949.42
CWPRS campus,18.446944,73.785,16-05-2024 22:40,2024-05-16 22:40:00,2024,5,16,22,137,949.28
CWPRS campus,18.446944,73.785,16-05-2024 22:45,2024-05-16 22:45:00,2024,5,16,22,137,949.23
CWPRS campus,18.446944,73.785,16-05-2024 22:50,2024-05-16 22:50:00,2024,5,16,22,137,949.06
CWPRS campus,18.446944,73.785,16-05-2024 22:55,2024-05-16 22:55:00,2024,5,16,22,137,948.87
CWPRS campus,18.446944,73.785,16-05-2024 23:00,2024-05-16 23:00:00,2024,5,16,23,137,948.86
CWPRS campus,18.446944,73.785,16-05-2024 23:05,2024-05-16 23:05:00,2024,5,16,23,137,948.79
CWPRS campus,18.446944,73.785,16-05-2024 23:10,2024-05-16 23:10:00,2024,5,16,23,137,948.77
CWPRS campus,18.446944,73.785,16-05-2024 23:15,2024-05-16 23:15:00,2024,5,16,23,137,948.73
CWPRS campus,18.446944,73.785,16-05-2024 23:20,2024-05-16 23:20:00,2024,5,16,23,137,948.61
CWPRS campus,18.446944,73.785,16-05-2024 23:25,2024-05-16 23:25:00,2024,5,16,23,137,948.58
CWPRS campus,18.446944,73.785,16-05-2024 23:30,2024-05-16 23:30:00,2024,5,16,23,137,948.45
CWPRS campus,18.446944,73.785,16-05-2024 23:35,2024-05-16 23:35:00,2024,5,16,23,137,948.53
CWPRS campus,18.446944,73.785,16-05-2024 23:40,2024-05-16 23:40:00,2024,5,16,23,137,948.39
CWPRS campus,18.446944,73.785,16-05-2024 23:45,2024-05-16 23:45:00,2024,5,16,23,137,948.36
CWPRS campus,18.446944,73.785,16-05-2024 23:50,2024-05-16 23:50:00,2024,5,16,23,137,948.25
CWPRS campus,18.446944,73.785,16-05-2024 23:55,2024-05-16 23:55:00,2024,5,16,23,137,948.28
CWPRS campus,18.446944,73.785,17-05-2024 00:00,2024-05-17 00:00:00,2024,5,17,0,138,948.24
CWPRS campus,18.446944,73.785,17-05-2024 00:05,2024-05-17 00:05:00,2024,5,17,0,138,948.19
CWPRS campus,18.446944,73.785,17-05-2024 00:10,2024-05-17 00:10:00,2024,5,17,0,138,948.24
CWPRS campus,18.446944,73.785,17-05-2024 00:15,2024-05-17 00:15:00,2024,5,17,0,138,948.24
CWPRS campus,18.446944,73.785,17-05-2024 00:20,2024-05-17 00:20:00,2024,5,17,0,138,948.27
CWPRS campus,18.446944,73.785,17-05-2024 00:25,2024-05-17 00:25:00,2024,5,17,0,138,948.18
CWPRS campus,18.446944,73.785,17-05-2024 00:30,2024-05-17 00:30:00,2024,5,17,0,138,948.07
CWPRS campus,18.446944,73.785,17-05-2024 00:35,2024-05-17 00:35:00,2024,5,17,0,138,948.08
CWPRS campus,18.446944,73.785,17-05-2024 00:40,2024-05-17 00:40:00,2024,5,17,0,138,948.06
CWPRS campus,18.446944,73.785,17-05-2024 00:45,2024-05-17 00:45:00,2024,5,17,0,138,948.12
CWPRS campus,18.446944,73.785,17-05-2024 00:50,2024-05-17 00:50:00,2024,5,17,0,138,948.12
CWPRS campus,18.446944,73.785,17-05-2024 00:55,2024-05-17 00:55:00,2024,5,17,0,138,948.15
CWPRS campus,18.446944,73.785,17-05-2024 01:00,2024-05-17 01:00:00,2024,5,17,1,138,948.03
CWPRS campus,18.446944,73.785,17-05-2024 01:05,2024-05-17 01:05:00,2024,5,17,1,138,948.21
CWPRS campus,18.446944,73.785,17-05-2024 01:10,2024-05-17 01:10:00,2024,5,17,1,138,948.21
CWPRS campus,18.446944,73.785,17-05-2024 01:15,2024-05-17 01:15:00,2024,5,17,1,138,948.29
CWPRS campus,18.446944,73.785,17-05-2024 01:20,2024-05-17 01:20:00,2024,5,17,1,138,948.24
CWPRS campus,18.446944,73.785,17-05-2024 01:25,2024-05-17 01:25:00,2024,5,17,1,138,948.29
CWPRS campus,18.446944,73.785,17-05-2024 01:30,2024-05-17 01:30:00,2024,5,17,1,138,948.21
CWPRS campus,18.446944,73.785,17-05-2024 01:35,2024-05-17 01:35:00,2024,5,17,1,138,948.28
CWPRS campus,18.446944,73.785,17-05-2024 01:40,2024-05-17 01:40:00,2024,5,17,1,138,948.29
CWPRS campus,18.446944,73.785,17-05-2024 01:45,2024-05-17 01:45:00,2024,5,17,1,138,948.33
CWPRS campus,18.446944,73.785,17-05-2024 01:50,2024-05-17 01:50:00,2024,5,17,1,138,948.42
CWPRS campus,18.446944,73.785,17-05-2024 01:55,2024-05-17 01:55:00,2024,5,17,1,138,948.36
CWPRS campus,18.446944,73.785,17-05-2024 02:00,2024-05-17 02:00:00,2024,5,17,2,138,948.35
CWPRS campus,18.446944,73.785,17-05-2024 02:05,2024-05-17 02:05:00,2024,5,17,2,138,948.44
CWPRS campus,18.446944,73.785,17-05-2024 02:10,2024-05-17 02:10:00,2024,5,17,2,138,948.66
CWPRS campus,18.446944,73.785,17-05-2024 02:15,2024-05-17 02:15:00,2024,5,17,2,138,948.69
CWPRS campus,18.446944,73.785,17-05-2024 02:20,2024-05-17 02:20:00,2024,5,17,2,138,948.79
CWPRS campus,18.446944,73.785,17-05-2024 02:25,2024-05-17 02:25:00,2024,5,17,2,138,948.83
CWPRS campus,18.446944,73.785,17-05-2024 02:30,2024-05-17 02:30:00,2024,5,17,2,138,949.04
CWPRS campus,18.446944,73.785,17-05-2024 02:35,2024-05-17 02:35:00,2024,5,17,2,138,948.94
CWPRS campus,18.446944,73.785,17-05-2024 02:40,2024-05-17 02:40:00,2024,5,17,2,138,949.0
CWPRS campus,18.446944,73.785,17-05-2024 02:45,2024-05-17 02:45:00,2024,5,17,2,138,948.93
CWPRS campus,18.446944,73.785,17-05-2024 02:50,2024-05-17 02:50:00,2024,5,17,2,138,948.79
CWPRS campus,18.446944,73.785,17-05-2024 02:55,2024-05-17 02:55:00,2024,5,17,2,138,948.89
CWPRS campus,18.446944,73.785,17-05-2024 03:00,2024-05-17 03:00:00,2024,5,17,3,138,948.97
CWPRS campus,18.446944,73.785,17-05-2024 03:05,2024-05-17 03:05:00,2024,5,17,3,138,949.02
CWPRS campus,18.446944,73.785,17-05-2024 03:10,2024-05-17 03:10:00,2024,5,17,3,138,949.08
CWPRS campus,18.446944,73.785,17-05-2024 03:15,2024-05-17 03:15:00,2024,5,17,3,138,949.41
CWPRS campus,18.446944,73.785,17-05-2024 03:20,2024-05-17 03:20:00,2024,5,17,3,138,949.45
CWPRS campus,18.446944,73.785,17-05-2024 03:25,2024-05-17 03:25:00,2024,5,17,3,138,949.56
CWPRS campus,18.446944,73.785,17-05-2024 03:30,2024-05-17 03:30:00,2024,5,17,3,138,949.58
CWPRS campus,18.446944,73.785,17-05-2024 03:35,2024-05-17 03:35:00,2024,5,17,3,138,949.67
CWPRS campus,18.446944,73.785,17-05-2024 03:40,2024-05-17 03:40:00,2024,5,17,3,138,949.72
CWPRS campus,18.446944,73.785,17-05-2024 03:45,2024-05-17 03:45:00,2024,5,17,3,138,949.76
CWPRS campus,18.446944,73.785,17-05-2024 03:50,2024-05-17 03:50:00,2024,5,17,3,138,949.97
CWPRS campus,18.446944,73.785,17-05-2024 03:55,2024-05-17 03:55:00,2024,5,17,3,138,950.13
CWPRS campus,18.446944,73.785,17-05-2024 04:00,2024-05-17 04:00:00,2024,5,17,4,138,950.21
CWPRS campus,18.446944,73.785,17-05-2024 04:05,2024-05-17 04:05:00,2024,5,17,4,138,950.09
CWPRS campus,18.446944,73.785,17-05-2024 04:10,2024-05-17 04:10:00,2024,5,17,4,138,950.13
CWPRS campus,18.446944,73.785,17-05-2024 04:15,2024-05-17 04:15:00,2024,5,17,4,138,950.42
CWPRS campus,18.446944,73.785,17-05-2024 04:20,2024-05-17 04:20:00,2024,5,17,4,138,950.46
CWPRS campus,18.446944,73.785,17-05-2024 04:25,2024-05-17 04:25:00,2024,5,17,4,138,950.61
CWPRS campus,18.446944,73.785,17-05-2024 04:30,2024-05-17 04:30:00,2024,5,17,4,138,950.78
CWPRS campus,18.446944,73.785,17-05-2024 04:35,2024-05-17 04:35:00,2024,5,17,4,138,950.85
CWPRS campus,18.446944,73.785,17-05-2024 04:40,2024-05-17 04:40:00,2024,5,17,4,138,950.84
CWPRS campus,18.446944,73.785,17-05-2024 04:45,2024-05-17 04:45:00,2024,5,17,4,138,950.7
CWPRS campus,18.446944,73.785,17-05-2024 04:50,2024-05-17 04:50:00,2024,5,17,4,138,950.82
CWPRS campus,18.446944,73.785,17-05-2024 04:55,2024-05-17 04:55:00,2024,5,17,4,138,950.81
CWPRS campus,18.446944,73.785,17-05-2024 05:00,2024-05-17 05:00:00,2024,5,17,5,138,950.89
CWPRS campus,18.446944,73.785,17-05-2024 05:05,2024-05-17 05:05:00,2024,5,17,5,138,950.84
CWPRS campus,18.446944,73.785,17-05-2024 05:10,2024-05-17 05:10:00,2024,5,17,5,138,950.88
CWPRS campus,18.446944,73.785,17-05-2024 05:15,2024-05-17 05:15:00,2024,5,17,5,138,950.95
CWPRS campus,18.446944,73.785,17-05-2024 05:20,2024-05-17 05:20:00,2024,5,17,5,138,951.03
CWPRS campus,18.446944,73.785,17-05-2024 05:25,2024-05-17 05:25:00,2024,5,17,5,138,950.99
CWPRS campus,18.446944,73.785,17-05-2024 05:30,2024-05-17 05:30:00,2024,5,17,5,138,951.14
CWPRS campus,18.446944,73.785,17-05-2024 05:35,2024-05-17 05:35:00,2024,5,17,5,138,951.15
CWPRS campus,18.446944,73.785,17-05-2024 05:40,2024-05-17 05:40:00,2024,5,17,5,138,951.06
CWPRS campus,18.446944,73.785,17-05-2024 05:45,2024-05-17 05:45:00,2024,5,17,5,138,951.11
CWPRS campus,18.446944,73.785,17-05-2024 05:50,2024-05-17 05:50:00,2024,5,17,5,138,951.16
CWPRS campus,18.446944,73.785,17-05-2024 05:55,2024-05-17 05:55:00,2024,5,17,5,138,951.23
CWPRS campus,18.446944,73.785,17-05-2024 06:00,2024-05-17 06:00:00,2024,5,17,6,138,951.38
CWPRS campus,18.446944,73.785,17-05-2024 06:05,2024-05-17 06:05:00,2024,5,17,6,138,951.4
CWPRS campus,18.446944,73.785,17-05-2024 06:10,2024-05-17 06:10:00,2024,5,17,6,138,951.43
CWPRS campus,18.446944,73.785,17-05-2024 06:15,2024-05-17 06:15:00,2024,5,17,6,138,951.37
CWPRS campus,18.446944,73.785,17-05-2024 06:20,2024-05-17 06:20:00,2024,5,17,6,138,951.47
CWPRS campus,18.446944,73.785,17-05-2024 06:25,2024-05-17 06:25:00,2024,5,17,6,138,951.52
CWPRS campus,18.446944,73.785,17-05-2024 06:30,2024-05-17 06:30:00,2024,5,17,6,138,951.51
CWPRS campus,18.446944,73.785,17-05-2024 06:35,2024-05-17 06:35:00,2024,5,17,6,138,951.38
CWPRS campus,18.446944,73.785,17-05-2024 06:40,2024-05-17 06:40:00,2024,5,17,6,138,951.53
CWPRS campus,18.446944,73.785,17-05-2024 06:45,2024-05-17 06:45:00,2024,5,17,6,138,951.45
CWPRS campus,18.446944,73.785,17-05-2024 06:50,2024-05-17 06:50:00,2024,5,17,6,138,951.42
CWPRS campus,18.446944,73.785,17-05-2024 06:55,2024-05-17 06:55:00,2024,5,17,6,138,951.47
CWPRS campus,18.446944,73.785,17-05-2024 07:00,2024-05-17 07:00:00,2024,5,17,7,138,951.39
CWPRS campus,18.446944,73.785,17-05-2024 07:05,2024-05-17 07:05:00,2024,5,17,7,138,951.29
CWPRS campus,18.446944,73.785,17-05-2024 07:10,2024-05-17 07:10:00,2024,5,17,7,138,951.13
CWPRS campus,18.446944,73.785,17-05-2024 07:15,2024-05-17 07:15:00,2024,5,17,7,138,951.21
CWPRS campus,18.446944,73.785,17-05-2024 07:20,2024-05-17 07:20:00,2024,5,17,7,138,951.18
CWPRS campus,18.446944,73.785,17-05-2024 07:25,2024-05-17 07:25:00,2024,5,17,7,138,951.43
CWPRS campus,18.446944,73.785,17-05-2024 07:30,2024-05-17 07:30:00,2024,5,17,7,138,951.35
CWPRS campus,18.446944,73.785,17-05-2024 07:35,2024-05-17 07:35:00,2024,5,17,7,138,951.28
CWPRS campus,18.446944,73.785,17-05-2024 07:40,2024-05-17 07:40:00,2024,5,17,7,138,951.23
CWPRS campus,18.446944,73.785,17-05-2024 07:45,2024-05-17 07:45:00,2024,5,17,7,138,951.25
CWPRS campus,18.446944,73.785,17-05-2024 07:50,2024-05-17 07:50:00,2024,5,17,7,138,951.21
CWPRS campus,18.446944,73.785,17-05-2024 07:55,2024-05-17 07:55:00,2024,5,17,7,138,951.25
CWPRS campus,18.446944,73.785,17-05-2024 08:00,2024-05-17 08:00:00,2024,5,17,8,138,951.16
CWPRS campus,18.446944,73.785,17-05-2024 08:05,2024-05-17 08:05:00,2024,5,17,8,138,951.04
CWPRS campus,18.446944,73.785,17-05-2024 08:10,2024-05-17 08:10:00,2024,5,17,8,138,950.88
CWPRS campus,18.446944,73.785,17-05-2024 08:15,2024-05-17 08:15:00,2024,5,17,8,138,950.7
CWPRS campus,18.446944,73.785,17-05-2024 08:20,2024-05-17 08:20:00,2024,5,17,8,138,950.65
CWPRS campus,18.446944,73.785,17-05-2024 08:25,2024-05-17 08:25:00,2024,5,17,8,138,950.62
CWPRS campus,18.446944,73.785,17-05-2024 08:30,2024-05-17 08:30:00,2024,5,17,8,138,950.56
CWPRS campus,18.446944,73.785,17-05-2024 08:35,2024-05-17 08:35:00,2024,5,17,8,138,950.65
CWPRS campus,18.446944,73.785,17-05-2024 08:40,2024-05-17 08:40:00,2024,5,17,8,138,950.73
CWPRS campus,18.446944,73.785,17-05-2024 08:45,2024-05-17 08:45:00,2024,5,17,8,138,950.68
CWPRS campus,18.446944,73.785,17-05-2024 08:50,2024-05-17 08:50:00,2024,5,17,8,138,950.51
CWPRS campus,18.446944,73.785,17-05-2024 08:55,2024-05-17 08:55:00,2024,5,17,8,138,950.45
CWPRS campus,18.446944,73.785,17-05-2024 09:00,2024-05-17 09:00:00,2024,5,17,9,138,950.38
CWPRS campus,18.446944,73.785,17-05-2024 09:05,2024-05-17 09:05:00,2024,5,17,9,138,950.3
CWPRS campus,18.446944,73.785,17-05-2024 09:10,2024-05-17 09:10:00,2024,5,17,9,138,950.22
CWPRS campus,18.446944,73.785,17-05-2024 09:15,2024-05-17 09:15:00,2024,5,17,9,138,950.15
CWPRS campus,18.446944,73.785,17-05-2024 09:20,2024-05-17 09:20:00,2024,5,17,9,138,950.09
CWPRS campus,18.446944,73.785,17-05-2024 09:25,2024-05-17 09:25:00,2024,5,17,9,138,950.02
CWPRS campus,18.446944,73.785,17-05-2024 09:30,2024-05-17 09:30:00,2024,5,17,9,138,950.01
CWPRS campus,18.446944,73.785,17-05-2024 09:35,2024-05-17 09:35:00,2024,5,17,9,138,950.01
CWPRS campus,18.446944,73.785,17-05-2024 09:40,2024-05-17 09:40:00,2024,5,17,9,138,949.91
CWPRS campus,18.446944,73.785,17-05-2024 09:45,2024-05-17 09:45:00,2024,5,17,9,138,949.98
CWPRS campus,18.446944,73.785,17-05-2024 09:50,2024-05-17 09:50:00,2024,5,17,9,138,949.87
CWPRS campus,18.446944,73.785,17-05-2024 09:55,2024-05-17 09:55:00,2024,5,17,9,138,949.71
CWPRS campus,18.446944,73.785,17-05-2024 10:00,2024-05-17 10:00:00,2024,5,17,10,138,949.71
CWPRS campus,18.446944,73.785,17-05-2024 10:05,2024-05-17 10:05:00,2024,5,17,10,138,949.61
CWPRS campus,18.446944,73.785,17-05-2024 10:10,2024-05-17 10:10:00,2024,5,17,10,138,949.61
CWPRS campus,18.446944,73.785,17-05-2024 10:15,2024-05-17 10:15:00,2024,5,17,10,138,949.39
CWPRS campus,18.446944,73.785,17-05-2024 10:20,2024-05-17 10:20:00,2024,5,17,10,138,949.47
CWPRS campus,18.446944,73.785,17-05-2024 10:25,2024-05-17 10:25:00,2024,5,17,10,138,949.5
CWPRS campus,18.446944,73.785,17-05-2024 10:30,2024-05-17 10:30:00,2024,5,17,10,138,949.35
CWPRS campus,18.446944,73.785,17-05-2024 10:35,2024-05-17 10:35:00,2024,5,17,10,138,949.2
CWPRS campus,18.446944,73.785,17-05-2024 10:40,2024-05-17 10:40:00,2024,5,17,10,138,949.31
CWPRS campus,18.446944,73.785,17-05-2024 10:45,2024-05-17 10:45:00,2024,5,17,10,138,949.23
CWPRS campus,18.446944,73.785,17-05-2024 10:50,2024-05-17 10:50:00,2024,5,17,10,138,949.13
CWPRS campus,18.446944,73.785,17-05-2024 10:55,2024-05-17 10:55:00,2024,5,17,10,138,948.93
CWPRS campus,18.446944,73.785,17-05-2024 11:00,2024-05-17 11:00:00,2024,5,17,11,138,948.89
CWPRS campus,18.446944,73.785,17-05-2024 11:05,2024-05-17 11:05:00,2024,5,17,11,138,948.85
CWPRS campus,18.446944,73.785,17-05-2024 11:10,2024-05-17 11:10:00,2024,5,17,11,138,948.9
CWPRS campus,18.446944,73.785,17-05-2024 11:15,2024-05-17 11:15:00,2024,5,17,11,138,948.77
CWPRS campus,18.446944,73.785,17-05-2024 11:20,2024-05-17 11:20:00,2024,5,17,11,138,948.64
CWPRS campus,18.446944,73.785,17-05-2024 11:25,2024-05-17 11:25:00,2024,5,17,11,138,948.67
CWPRS campus,18.446944,73.785,17-05-2024 11:30,2024-05-17 11:30:00,2024,5,17,11,138,948.74
CWPRS campus,18.446944,73.785,17-05-2024 11:35,2024-05-17 11:35:00,2024,5,17,11,138,948.61
CWPRS campus,18.446944,73.785,17-05-2024 11:40,2024-05-17 11:40:00,2024,5,17,11,138,948.69
CWPRS campus,18.446944,73.785,17-05-2024 11:45,2024-05-17 11:45:00,2024,5,17,11,138,948.69
CWPRS campus,18.446944,73.785,17-05-2024 11:50,2024-05-17 11:50:00,2024,5,17,11,138,948.78
CWPRS campus,18.446944,73.785,17-05-2024 11:55,2024-05-17 11:55:00,2024,5,17,11,138,948.76
CWPRS campus,18.446944,73.785,17-05-2024 12:00,2024-05-17 12:00:00,2024,5,17,12,138,948.56
CWPRS campus,18.446944,73.785,17-05-2024 12:05,2024-05-17 12:05:00,2024,5,17,12,138,948.55
CWPRS campus,18.446944,73.785,17-05-2024 12:10,2024-05-17 12:10:00,2024,5,17,12,138,948.64
CWPRS campus,18.446944,73.785,17-05-2024 12:15,2024-05-17 12:15:00,2024,5,17,12,138,948.58
CWPRS campus,18.446944,73.785,17-05-2024 12:20,2024-05-17 12:20:00,2024,5,17,12,138,948.56
CWPRS campus,18.446944,73.785,17-05-2024 12:25,2024-05-17 12:25:00,2024,5,17,12,138,948.55
CWPRS campus,18.446944,73.785,17-05-2024 12:30,2024-05-17 12:30:00,2024,5,17,12,138,948.34
CWPRS campus,18.446944,73.785,17-05-2024 12:35,2024-05-17 12:35:00,2024,5,17,12,138,948.5
CWPRS campus,18.446944,73.785,17-05-2024 12:40,2024-05-17 12:40:00,2024,5,17,12,138,948.45
CWPRS campus,18.446944,73.785,17-05-2024 12:45,2024-05-17 12:45:00,2024,5,17,12,138,948.52
CWPRS campus,18.446944,73.785,17-05-2024 12:50,2024-05-17 12:50:00,2024,5,17,12,138,948.54
CWPRS campus,18.446944,73.785,17-05-2024 12:55,2024-05-17 12:55:00,2024,5,17,12,138,948.67
CWPRS campus,18.446944,73.785,17-05-2024 13:00,2024-05-17 13:00:00,2024,5,17,13,138,948.73
CWPRS campus,18.446944,73.785,17-05-2024 13:05,2024-05-17 13:05:00,2024,5,17,13,138,948.73
CWPRS campus,18.446944,73.785,17-05-2024 13:10,2024-05-17 13:10:00,2024,5,17,13,138,948.69
CWPRS campus,18.446944,73.785,17-05-2024 13:15,2024-05-17 13:15:00,2024,5,17,13,138,948.79
CWPRS campus,18.446944,73.785,17-05-2024 13:20,2024-05-17 13:20:00,2024,5,17,13,138,948.68
CWPRS campus,18.446944,73.785,17-05-2024 13:25,2024-05-17 13:25:00,2024,5,17,13,138,948.77
CWPRS campus,18.446944,73.785,17-05-2024 13:30,2024-05-17 13:30:00,2024,5,17,13,138,948.73
CWPRS campus,18.446944,73.785,17-05-2024 13:35,2024-05-17 13:35:00,2024,5,17,13,138,948.88
CWPRS campus,18.446944,73.785,17-05-2024 13:40,2024-05-17 13:40:00,2024,5,17,13,138,948.94
CWPRS campus,18.446944,73.785,17-05-2024 13:45,2024-05-17 13:45:00,2024,5,17,13,138,949.04
CWPRS campus,18.446944,73.785,17-05-2024 13:50,2024-05-17 13:50:00,2024,5,17,13,138,949.09
CWPRS campus,18.446944,73.785,17-05-2024 13:55,2024-05-17 13:55:00,2024,5,17,13,138,949.0
CWPRS campus,18.446944,73.785,17-05-2024 14:00,2024-05-17 14:00:00,2024,5,17,14,138,948.99
CWPRS campus,18.446944,73.785,17-05-2024 14:05,2024-05-17 14:05:00,2024,5,17,14,138,949.11
CWPRS campus,18.446944,73.785,17-05-2024 14:10,2024-05-17 14:10:00,2024,5,17,14,138,949.18
CWPRS campus,18.446944,73.785,17-05-2024 14:15,2024-05-17 14:15:00,2024,5,17,14,138,949.34
CWPRS campus,18.446944,73.785,17-05-2024 14:20,2024-05-17 14:20:00,2024,5,17,14,138,949.43
CWPRS campus,18.446944,73.785,17-05-2024 14:25,2024-05-17 14:25:00,2024,5,17,14,138,949.42
CWPRS campus,18.446944,73.785,17-05-2024 14:30,2024-05-17 14:30:00,2024,5,17,14,138,949.42
CWPRS campus,18.446944,73.785,17-05-2024 14:35,2024-05-17 14:35:00,2024,5,17,14,138,949.5
CWPRS campus,18.446944,73.785,17-05-2024 14:40,2024-05-17 14:40:00,2024,5,17,14,138,949.38
CWPRS campus,18.446944,73.785,17-05-2024 14:45,2024-05-17 14:45:00,2024,5,17,14,138,949.6
CWPRS campus,18.446944,73.785,17-05-2024 14:50,2024-05-17 14:50:00,2024,5,17,14,138,949.71
CWPRS campus,18.446944,73.785,17-05-2024 14:55,2024-05-17 14:55:00,2024,5,17,14,138,949.88
CWPRS campus,18.446944,73.785,17-05-2024 15:00,2024-05-17 15:00:00,2024,5,17,15,138,949.83
CWPRS campus,18.446944,73.785,17-05-2024 15:05,2024-05-17 15:05:00,2024,5,17,15,138,950.01
CWPRS campus,18.446944,73.785,17-05-2024 15:10,2024-05-17 15:10:00,2024,5,17,15,138,950.26
CWPRS campus,18.446944,73.785,17-05-2024 15:15,2024-05-17 15:15:00,2024,5,17,15,138,950.23
CWPRS campus,18.446944,73.785,17-05-2024 15:20,2024-05-17 15:20:00,2024,5,17,15,138,950.36
CWPRS campus,18.446944,73.785,17-05-2024 15:25,2024-05-17 15:25:00,2024,5,17,15,138,950.44
CWPRS campus,18.446944,73.785,17-05-2024 15:30,2024-05-17 15:30:00,2024,5,17,15,138,950.39
CWPRS campus,18.446944,73.785,17-05-2024 15:35,2024-05-17 15:35:00,2024,5,17,15,138,950.51
CWPRS campus,18.446944,73.785,17-05-2024 15:40,2024-05-17 15:40:00,2024,5,17,15,138,950.65
CWPRS campus,18.446944,73.785,17-05-2024 15:45,2024-05-17 15:45:00,2024,5,17,15,138,950.68
CWPRS campus,18.446944,73.785,17-05-2024 15:50,2024-05-17 15:50:00,2024,5,17,15,138,950.85
CWPRS campus,18.446944,73.785,17-05-2024 15:55,2024-05-17 15:55:00,2024,5,17,15,138,950.79
CWPRS campus,18.446944,73.785,17-05-2024 16:00,2024-05-17 16:00:00,2024,5,17,16,138,950.75
CWPRS campus,18.446944,73.785,17-05-2024 16:05,2024-05-17 16:05:00,2024,5,17,16,138,950.85
CWPRS campus,18.446944,73.785,17-05-2024 16:10,2024-05-17 16:10:00,2024,5,17,16,138,950.93
CWPRS campus,18.446944,73.785,17-05-2024 16:15,2024-05-17 16:15:00,2024,5,17,16,138,950.96
CWPRS campus,18.446944,73.785,17-05-2024 16:20,2024-05-17 16:20:00,2024,5,17,16,138,951.11
CWPRS campus,18.446944,73.785,17-05-2024 16:25,2024-05-17 16:25:00,2024,5,17,16,138,951.23
CWPRS campus,18.446944,73.785,17-05-2024 16:30,2024-05-17 16:30:00,2024,5,17,16,138,951.38
CWPRS campus,18.446944,73.785,17-05-2024 16:35,2024-05-17 16:35:00,2024,5,17,16,138,951.45
CWPRS campus,18.446944,73.785,17-05-2024 16:40,2024-05-17 16:40:00,2024,5,17,16,138,951.57
CWPRS campus,18.446944,73.785,17-05-2024 16:45,2024-05-17 16:45:00,2024,5,17,16,138,951.6
CWPRS campus,18.446944,73.785,17-05-2024 16:50,2024-05-17 16:50:00,2024,5,17,16,138,951.84
CWPRS campus,18.446944,73.785,17-05-2024 16:55,2024-05-17 16:55:00,2024,5,17,16,138,951.84
CWPRS campus,18.446944,73.785,17-05-2024 17:00,2024-05-17 17:00:00,2024,5,17,17,138,952.07
CWPRS campus,18.446944,73.785,17-05-2024 17:05,2024-05-17 17:05:00,2024,5,17,17,138,952.13
CWPRS campus,18.446944,73.785,17-05-2024 17:10,2024-05-17 17:10:00,2024,5,17,17,138,952.08
CWPRS campus,18.446944,73.785,17-05-2024 17:15,2024-05-17 17:15:00,2024,5,17,17,138,952.25
CWPRS campus,18.446944,73.785,17-05-2024 17:20,2024-05-17 17:20:00,2024,5,17,17,138,952.31
CWPRS campus,18.446944,73.785,17-05-2024 17:25,2024-05-17 17:25:00,2024,5,17,17,138,952.43
CWPRS campus,18.446944,73.785,17-05-2024 17:30,2024-05-17 17:30:00,2024,5,17,17,138,952.58
CWPRS campus,18.446944,73.785,17-05-2024 17:35,2024-05-17 17:35:00,2024,5,17,17,138,952.64
CWPRS campus,18.446944,73.785,17-05-2024 17:40,2024-05-17 17:40:00,2024,5,17,17,138,952.64
CWPRS campus,18.446944,73.785,17-05-2024 17:45,2024-05-17 17:45:00,2024,5,17,17,138,952.75
CWPRS campus,18.446944,73.785,17-05-2024 17:50,2024-05-17 17:50:00,2024,5,17,17,138,952.79
CWPRS campus,18.446944,73.785,17-05-2024 17:55,2024-05-17 17:55:00,2024,5,17,17,138,952.88
CWPRS campus,18.446944,73.785,17-05-2024 18:00,2024-05-17 18:00:00,2024,5,17,18,138,952.73
CWPRS campus,18.446944,73.785,17-05-2024 18:05,2024-05-17 18:05:00,2024,5,17,18,138,952.8
CWPRS campus,18.446944,73.785,17-05-2024 18:10,2024-05-17 18:10:00,2024,5,17,18,138,952.78
CWPRS campus,18.446944,73.785,17-05-2024 18:15,2024-05-17 18:15:00,2024,5,17,18,138,952.94
CWPRS campus,18.446944,73.785,17-05-2024 18:20,2024-05-17 18:20:00,2024,5,17,18,138,953.01
CWPRS campus,18.446944,73.785,17-05-2024 18:25,2024-05-17 18:25:00,2024,5,17,18,138,953.05
CWPRS campus,18.446944,73.785,17-05-2024 18:30,2024-05-17 18:30:00,2024,5,17,18,138,953.11
CWPRS campus,18.446944,73.785,17-05-2024 18:35,2024-05-17 18:35:00,2024,5,17,18,138,953.04
CWPRS campus,18.446944,73.785,17-05-2024 18:40,2024-05-17 18:40:00,2024,5,17,18,138,953.18
CWPRS campus,18.446944,73.785,17-05-2024 18:45,2024-05-17 18:45:00,2024,5,17,18,138,953.34
CWPRS campus,18.446944,73.785,17-05-2024 18:50,2024-05-17 18:50:00,2024,5,17,18,138,953.37
CWPRS campus,18.446944,73.785,17-05-2024 18:55,2024-05-17 18:55:00,2024,5,17,18,138,953.49
CWPRS campus,18.446944,73.785,17-05-2024 19:00,2024-05-17 19:00:00,2024,5,17,19,138,953.43
CWPRS campus,18.446944,73.785,17-05-2024 19:05,2024-05-17 19:05:00,2024,5,17,19,138,953.35
CWPRS campus,18.446944,73.785,17-05-2024 19:10,2024-05-17 19:10:00,2024,5,17,19,138,953.34
CWPRS campus,18.446944,73.785,17-05-2024 19:15,2024-05-17 19:15:00,2024,5,17,19,138,953.36
CWPRS campus,18.446944,73.785,17-05-2024 19:20,2024-05-17 19:20:00,2024,5,17,19,138,953.31
CWPRS campus,18.446944,73.785,17-05-2024 19:25,2024-05-17 19:25:00,2024,5,17,19,138,953.34
CWPRS campus,18.446944,73.785,17-05-2024 19:30,2024-05-17 19:30:00,2024,5,17,19,138,953.34
CWPRS campus,18.446944,73.785,17-05-2024 19:35,2024-05-17 19:35:00,2024,5,17,19,138,953.23
CWPRS campus,18.446944,73.785,17-05-2024 19:40,2024-05-17 19:40:00,2024,5,17,19,138,953.25
CWPRS campus,18.446944,73.785,17-05-2024 19:45,2024-05-17 19:45:00,2024,5,17,19,138,953.29
CWPRS campus,18.446944,73.785,17-05-2024 19:50,2024-05-17 19:50:00,2024,5,17,19,138,953.27
CWPRS campus,18.446944,73.785,17-05-2024 19:55,2024-05-17 19:55:00,2024,5,17,19,138,953.32
CWPRS campus,18.446944,73.785,17-05-2024 20:00,2024-05-17 20:00:00,2024,5,17,20,138,953.18
CWPRS campus,18.446944,73.785,17-05-2024 20:05,2024-05-17 20:05:00,2024,5,17,20,138,953.18
CWPRS campus,18.446944,73.785,17-05-2024 20:10,2024-05-17 20:10:00,2024,5,17,20,138,953.04
CWPRS campus,18.446944,73.785,17-05-2024 20:15,2024-05-17 20:15:00,2024,5,17,20,138,952.91
CWPRS campus,18.446944,73.785,17-05-2024 20:20,2024-05-17 20:20:00,2024,5,17,20,138,952.83
CWPRS campus,18.446944,73.785,17-05-2024 20:25,2024-05-17 20:25:00,2024,5,17,20,138,952.71
CWPRS campus,18.446944,73.785,17-05-2024 20:30,2024-05-17 20:30:00,2024,5,17,20,138,952.63
CWPRS campus,18.446944,73.785,17-05-2024 20:35,2024-05-17 20:35:00,2024,5,17,20,138,952.58
CWPRS campus,18.446944,73.785,17-05-2024 20:40,2024-05-17 20:40:00,2024,5,17,20,138,952.6
CWPRS campus,18.446944,73.785,17-05-2024 20:45,2024-05-17 20:45:00,2024,5,17,20,138,952.53
CWPRS campus,18.446944,73.785,17-05-2024 20:50,2024-05-17 20:50:00,2024,5,17,20,138,952.36
CWPRS campus,18.446944,73.785,17-05-2024 20:55,2024-05-17 20:55:00,2024,5,17,20,138,952.41
CWPRS campus,18.446944,73.785,17-05-2024 21:00,2024-05-17 21:00:00,2024,5,17,21,138,952.3
CWPRS campus,18.446944,73.785,17-05-2024 21:05,2024-05-17 21:05:00,2024,5,17,21,138,952.25
CWPRS campus,18.446944,73.785,17-05-2024 21:10,2024-05-17 21:10:00,2024,5,17,21,138,952.24
CWPRS campus,18.446944,73.785,17-05-2024 21:15,2024-05-17 21:15:00,2024,5,17,21,138,952.21
CWPRS campus,18.446944,73.785,17-05-2024 21:20,2024-05-17 21:20:00,2024,5,17,21,138,952.25
CWPRS campus,18.446944,73.785,17-05-2024 21:25,2024-05-17 21:25:00,2024,5,17,21,138,952.23
CWPRS campus,18.446944,73.785,17-05-2024 21:30,2024-05-17 21:30:00,2024,5,17,21,138,952.11
CWPRS campus,18.446944,73.785,17-05-2024 21:35,2024-05-17 21:35:00,2024,5,17,21,138,952.23
CWPRS campus,18.446944,73.785,17-05-2024 21:40,2024-05-17 21:40:00,2024,5,17,21,138,952.18
CWPRS campus,18.446944,73.785,17-05-2024 21:45,2024-05-17 21:45:00,2024,5,17,21,138,952.11
CWPRS campus,18.446944,73.785,17-05-2024 21:50,2024-05-17 21:50:00,2024,5,17,21,138,952.12
CWPRS campus,18.446944,73.785,17-05-2024 21:55,2024-05-17 21:55:00,2024,5,17,21,138,952.07
CWPRS campus,18.446944,73.785,17-05-2024 22:00,2024-05-17 22:00:00,2024,5,17,22,138,952.04
CWPRS campus,18.446944,73.785,17-05-2024 22:05,2024-05-17 22:05:00,2024,5,17,22,138,952.17
CWPRS campus,18.446944,73.785,17-05-2024 22:10,2024-05-17 22:10:00,2024,5,17,22,138,952.08
CWPRS campus,18.446944,73.785,17-05-2024 22:15,2024-05-17 22:15:00,2024,5,17,22,138,951.98
CWPRS campus,18.446944,73.785,17-05-2024 22:20,2024-05-17 22:20:00,2024,5,17,22,138,951.92
CWPRS campus,18.446944,73.785,17-05-2024 22:25,2024-05-17 22:25:00,2024,5,17,22,138,951.94
CWPRS campus,18.446944,73.785,17-05-2024 22:30,2024-05-17 22:30:00,2024,5,17,22,138,951.74
CWPRS campus,18.446944,73.785,17-05-2024 22:35,2024-05-17 22:35:00,2024,5,17,22,138,951.52
CWPRS campus,18.446944,73.785,17-05-2024 22:40,2024-05-17 22:40:00,2024,5,17,22,138,951.42
CWPRS campus,18.446944,73.785,17-05-2024 22:45,2024-05-17 22:45:00,2024,5,17,22,138,951.23
CWPRS campus,18.446944,73.785,17-05-2024 22:50,2024-05-17 22:50:00,2024,5,17,22,138,951.15
CWPRS campus,18.446944,73.785,17-05-2024 22:55,2024-05-17 22:55:00,2024,5,17,22,138,951.14
CWPRS campus,18.446944,73.785,17-05-2024 23:00,2024-05-17 23:00:00,2024,5,17,23,138,951.03
CWPRS campus,18.446944,73.785,17-05-2024 23:05,2024-05-17 23:05:00,2024,5,17,23,138,950.87
CWPRS campus,18.446944,73.785,17-05-2024 23:10,2024-05-17 23:10:00,2024,5,17,23,138,950.84
CWPRS campus,18.446944,73.785,17-05-2024 23:15,2024-05-17 23:15:00,2024,5,17,23,138,950.88
CWPRS campus,18.446944,73.785,17-05-2024 23:20,2024-05-17 23:20:00,2024,5,17,23,138,950.71
CWPRS campus,18.446944,73.785,17-05-2024 23:25,2024-05-17 23:25:00,2024,5,17,23,138,950.74
CWPRS campus,18.446944,73.785,17-05-2024 23:30,2024-05-17 23:30:00,2024,5,17,23,138,950.78
CWPRS campus,18.446944,73.785,17-05-2024 23:35,2024-05-17 23:35:00,2024,5,17,23,138,950.82
CWPRS campus,18.446944,73.785,17-05-2024 23:40,2024-05-17 23:40:00,2024,5,17,23,138,950.89
CWPRS campus,18.446944,73.785,17-05-2024 23:45,2024-05-17 23:45:00,2024,5,17,23,138,951.03
CWPRS campus,18.446944,73.785,17-05-2024 23:50,2024-05-17 23:50:00,2024,5,17,23,138,950.97
CWPRS campus,18.446944,73.785,17-05-2024 23:55,2024-05-17 23:55:00,2024,5,17,23,138,950.94
Pashan AWS,18.5362,73.7928,11-05-2024 00:00,2024-05-11 00:00:00,2024,5,11,0,132,951.9
Pashan AWS,18.5362,73.7928,11-05-2024 00:05,2024-05-11 00:05:00,2024,5,11,0,132,951.84
Pashan AWS,18.5362,73.7928,11-05-2024 00:10,2024-05-11 00:10:00,2024,5,11,0,132,951.76
Pashan AWS,18.5362,73.7928,11-05-2024 00:15,2024-05-11 00:15:00,2024,5,11,0,132,951.65
Pashan AWS,18.5362,73.7928,11-05-2024 00:20,2024-05-11 00:20:00,2024,5,11,0,132,951.67
Pashan AWS,18.5362,73.7928,11-05-2024 00:25,2024-05-11 00:25:00,2024,5,11,0,132,951.57
Pashan AWS,18.5362,73.7928,11-05-2024 00:30,2024-05-11 00:30:00,2024,5,11,0,132,951.7
Pashan AWS,18.5362,73.7928,11-05-2024 00:35,2024-05-11 00:35:00,2024,5,11,0,132,951.58
Pashan AWS,18.5362,73.7928,11-05-2024 00:40,2024-05-11 00:40:00,2024,5,11,0,132,951.6
Pashan AWS,18.5362,73.7928,11-05-2024 00:45,2024-05-11 00:45:00,2024,5,11,0,132,951.72
Pashan AWS,18.5362,73.7928,11-05-2024 00:50,2024-05-11 00:50:00,2024,5,11,0,132,951.76
Pashan AWS,18.5362,73.7928,11-05-2024 00:55,2024-05-11 00:55:00,2024,5,11,0,132,951.77
Pashan AWS,18.5362,73.7928,11-05-2024 01:00,2024-05-11 01:00:00,2024,5,11,1,132,951.68
Pashan AWS,18.5362,73.7928,11-05-2024 01:05,2024-05-11 01:05:00,2024,5,11,1,132,951.57
Pashan AWS,18.5362,73.7928,11-05-2024 01:10,2024-05-11 01:10:00,2024,5,11,1,132,951.64
Pashan AWS,18.5362,73.7928,11-05-2024 01:15,2024-05-11 01:15:00,2024,5,11,1,132,951.77
Pashan AWS,18.5362,73.7928,11-05-2024 01:20,2024-05-11 01:20:00,2024,5,11,1,132,951.74
Pashan AWS,18.5362,73.7928,11-05-2024 01:25,2024-05-11 01:25:00,2024,5,11,1,132,951.66
Pashan AWS,18.5362,73.7928,11-05-2024 01:30,2024-05-11 01:30:00,2024,5,11,1,132,951.48
Pashan AWS,18.5362,73.7928,11-05-2024 01:35,2024-05-11 01:35:00,2024,5,11,1,132,951.43
Pashan AWS,18.5362,73.7928,11-05-2024 01:40,2024-05-11 01:40:00,2024,5,11,1,132,951.46
Pashan AWS,18.5362,73.7928,11-05-2024 01:45,2024-05-11 01:45:00,2024,5,11,1,132,951.62
Pashan AWS,18.5362,73.7928,11-05-2024 01:50,2024-05-11 01:50:00,2024,5,11,1,132,951.71
Pashan AWS,18.5362,73.7928,11-05-2024 01:55,2024-05-11 01:55:00,2024,5,11,1,132,951.76
Pashan AWS,18.5362,73.7928,11-05-2024 02:00,2024-05-11 02:00:00,2024,5,11,2,132,951.77
Pashan AWS,18.5362,73.7928,11-05-2024 02:05,2024-05-11 02:05:00,2024,5,11,2,132,951.76
Pashan AWS,18.5362,73.7928,11-05-2024 02:10,2024-05-11 02:10:00,2024,5,11,2,132,951.91
Pashan AWS,18.5362,73.7928,11-05-2024 02:15,2024-05-11 02:15:00,2024,5,11,2,132,951.96
Pashan AWS,18.5362,73.7928,11-05-2024 02:20,2024-05-11 02:20:00,2024,5,11,2,132,951.84
Pashan AWS,18.5362,73.7928,11-05-2024 02:25,2024-05-11 02:25:00,2024,5,11,2,132,951.83
Pashan AWS,18.5362,73.7928,11-05-2024 02:30,2024-05-11 02:30:00,2024,5,11,2,132,951.82
Pashan AWS,18.5362,73.7928,11-05-2024 02:35,2024-05-11 02:35:00,2024,5,11,2,132,951.83
Pashan AWS,18.5362,73.7928,11-05-2024 02:40,2024-05-11 02:40:00,2024,5,11,2,132,951.94
Pashan AWS,18.5362,73.7928,11-05-2024 02:45,2024-05-11 02:45:00,2024,5,11,2,132,951.99
Pashan AWS,18.5362,73.7928,11-05-2024 02:50,2024-05-11 02:50:00,2024,5,11,2,132,952.04
Pashan AWS,18.5362,73.7928,11-05-2024 02:55,2024-05-11 02:55:00,2024,5,11,2,132,952.21
Pashan AWS,18.5362,73.7928,11-05-2024 03:00,2024-05-11 03:00:00,2024,5,11,3,132,952.21
Pashan AWS,18.5362,73.7928,11-05-2024 03:05,2024-05-11 03:05:00,2024,5,11,3,132,952.43
Pashan AWS,18.5362,73.7928,11-05-2024 03:10,2024-05-11 03:10:00,2024,5,11,3,132,952.43
Pashan AWS,18.5362,73.7928,11-05-2024 03:15,2024-05-11 03:15:00,2024,5,11,3,132,952.5
Pashan AWS,18.5362,73.7928,11-05-2024 03:20,2024-05-11 03:20:00,2024,5,11,3,132,952.54
Pashan AWS,18.5362,73.7928,11-05-2024 03:25,2024-05-11 03:25:00,2024,5,11,3,132,952.61
Pashan AWS,18.5362,73.7928,11-05-2024 03:30,2024-05-11 03:30:00,2024,5,11,3,132,952.71
Pashan AWS,18.5362,73.7928,11-05-2024 03:35,2024-05-11 03:35:00,2024,5,11,3,132,952.81
Pashan AWS,18.5362,73.7928,11-05-2024 03:40,2024-05-11 03:40:00,2024,5,11,3,132,952.81
Pashan AWS,18.5362,73.7928,11-05-2024 03:45,2024-05-11 03:45:00,2024,5,11,3,132,952.79
Pashan AWS,18.5362,73.7928,11-05-2024 03:50,2024-05-11 03:50:00,2024,5,11,3,132,953.05
Pashan AWS,18.5362,73.7928,11-05-2024 03:55,2024-05-11 03:55:00,2024,5,11,3,132,953.08
Pashan AWS,18.5362,73.7928,11-05-2024 04:00,2024-05-11 04:00:00,2024,5,11,4,132,953.2
Pashan AWS,18.5362,73.7928,11-05-2024 04:05,2024-05-11 04:05:00,2024,5,11,4,132,953.13
Pashan AWS,18.5362,73.7928,11-05-2024 04:10,2024-05-11 04:10:00,2024,5,11,4,132,953.17
Pashan AWS,18.5362,73.7928,11-05-2024 04:15,2024-05-11 04:15:00,2024,5,11,4,132,953.22
Pashan AWS,18.5362,73.7928,11-05-2024 04:20,2024-05-11 04:20:00,2024,5,11,4,132,953.33
Pashan AWS,18.5362,73.7928,11-05-2024 04:25,2024-05-11 04:25:00,2024,5,11,4,132,953.17
Pashan AWS,18.5362,73.7928,11-05-2024 04:30,2024-05-11 04:30:00,2024,5,11,4,132,953.26
Pashan AWS,18.5362,73.7928,11-05-2024 04:35,2024-05-11 04:35:00,2024,5,11,4,132,953.24
Pashan AWS,18.5362,73.7928,11-05-2024 04:40,2024-05-11 04:40:00,2024,5,11,4,132,953.33
Pashan AWS,18.5362,73.7928,11-05-2024 04:45,2024-05-11 04:45:00,2024,5,11,4,132,953.32
Pashan AWS,18.5362,73.7928,11-05-2024 04:50,2024-05-11 04:50:00,2024,5,11,4,132,953.32
Pashan AWS,18.5362,73.7928,11-05-2024 04:55,2024-05-11 04:55:00,2024,5,11,4,132,953.37
Pashan AWS,18.5362,73.7928,11-05-2024 05:00,2024-05-11 05:00:00,2024,5,11,5,132,953.36
Pashan AWS,18.5362,73.7928,11-05-2024 05:05,2024-05-11 05:05:00,2024,5,11,5,132,953.39
Pashan AWS,18.5362,73.7928,11-05-2024 05:10,2024-05-11 05:10:00,2024,5,11,5,132,953.37
Pashan AWS,18.5362,73.7928,11-05-2024 05:15,2024-05-11 05:15:00,2024,5,11,5,132,953.29
Pashan AWS,18.5362,73.7928,11-05-2024 05:20,2024-05-11 05:20:00,2024,5,11,5,132,953.45
Pashan AWS,18.5362,73.7928,11-05-2024 05:25,2024-05-11 05:25:00,2024,5,11,5,132,953.42
Pashan AWS,18.5362,73.7928,11-05-2024 05:30,2024-05-11 05:30:00,2024,5,11,5,132,953.47
Pashan AWS,18.5362,73.7928,11-05-2024 05:35,2024-05-11 05:35:00,2024,5,11,5,132,953.6
Pashan AWS,18.5362,73.7928,11-05-2024 05:40,2024-05-11 05:40:00,2024,5,11,5,132,953.61
Pashan AWS,18.5362,73.7928,11-05-2024 05:45,2024-05-11 05:45:00,2024,5,11,5,132,953.61
Pashan AWS,18.5362,73.7928,11-05-2024 05:50,2024-05-11 05:50:00,2024,5,11,5,132,953.69
Pashan AWS,18.5362,73.7928,11-05-2024 05:55,2024-05-11 05:55:00,2024,5,11,5,132,953.83
Pashan AWS,18.5362,73.7928,11-05-2024 06:00,2024-05-11 06:00:00,2024,5,11,6,132,953.79
Pashan AWS,18.5362,73.7928,11-05-2024 06:05,2024-05-11 06:05:00,2024,5,11,6,132,953.83
Pashan AWS,18.5362,73.7928,11-05-2024 06:10,2024-05-11 06:10:00,2024,5,11,6,132,953.73
Pashan AWS,18.5362,73.7928,11-05-2024 06:15,2024-05-11 06:15:00,2024,5,11,6,132,953.75
Pashan AWS,18.5362,73.7928,11-05-2024 06:20,2024-05-11 06:20:00,2024,5,11,6,132,953.8
Pashan AWS,18.5362,73.7928,11-05-2024 06:25,2024-05-11 06:25:00,2024,5,11,6,132,953.77
Pashan AWS,18.5362,73.7928,11-05-2024 06:30,2024-05-11 06:30:00,2024,5,11,6,132,953.78
Pashan AWS,18.5362,73.7928,11-05-2024 06:35,2024-05-11 06:35:00,2024,5,11,6,132,953.7
Pashan AWS,18.5362,73.7928,11-05-2024 06:40,2024-05-11 06:40:00,2024,5,11,6,132,953.75
Pashan AWS,18.5362,73.7928,11-05-2024 06:45,2024-05-11 06:45:00,2024,5,11,6,132,953.87
Pashan AWS,18.5362,73.7928,11-05-2024 06:50,2024-05-11 06:50:00,2024,5,11,6,132,953.81
Pashan AWS,18.5362,73.7928,11-05-2024 06:55,2024-05-11 06:55:00,2024,5,11,6,132,953.79
Pashan AWS,18.5362,73.7928,11-05-2024 07:00,2024-05-11 07:00:00,2024,5,11,7,132,953.85
Pashan AWS,18.5362,73.7928,11-05-2024 07:05,2024-05-11 07:05:00,2024,5,11,7,132,953.97
Pashan AWS,18.5362,73.7928,11-05-2024 07:10,2024-05-11 07:10:00,2024,5,11,7,132,953.86
Pashan AWS,18.5362,73.7928,11-05-2024 07:15,2024-05-11 07:15:00,2024,5,11,7,132,953.86
Pashan AWS,18.5362,73.7928,11-05-2024 07:20,2024-05-11 07:20:00,2024,5,11,7,132,953.89
Pashan AWS,18.5362,73.7928,11-05-2024 07:25,2024-05-11 07:25:00,2024,5,11,7,132,953.89
Pashan AWS,18.5362,73.7928,11-05-2024 07:30,2024-05-11 07:30:00,2024,5,11,7,132,953.69
Pashan AWS,18.5362,73.7928,11-05-2024 07:35,2024-05-11 07:35:00,2024,5,11,7,132,953.74
Pashan AWS,18.5362,73.7928,11-05-2024 07:40,2024-05-11 07:40:00,2024,5,11,7,132,953.86
Pashan AWS,18.5362,73.7928,11-05-2024 07:45,2024-05-11 07:45:00,2024,5,11,7,132,953.86
Pashan AWS,18.5362,73.7928,11-05-2024 07:50,2024-05-11 07:50:00,2024,5,11,7,132,953.76
Pashan AWS,18.5362,73.7928,11-05-2024 07:55,2024-05-11 07:55:00,2024,5,11,7,132,953.71
Pashan AWS,18.5362,73.7928,11-05-2024 08:00,2024-05-11 08:00:00,2024,5,11,8,132,953.84
Pashan AWS,18.5362,73.7928,11-05-2024 08:05,2024-05-11 08:05:00,2024,5,11,8,132,953.88
Pashan AWS,18.5362,73.7928,11-05-2024 08:10,2024-05-11 08:10:00,2024,5,11,8,132,953.91
Pashan AWS,18.5362,73.7928,11-05-2024 08:15,2024-05-11 08:15:00,2024,5,11,8,132,953.9
Pashan AWS,18.5362,73.7928,11-05-2024 08:20,2024-05-11 08:20:00,2024,5,11,8,132,953.81
Pashan AWS,18.5362,73.7928,11-05-2024 08:25,2024-05-11 08:25:00,2024,5,11,8,132,953.75
Pashan AWS,18.5362,73.7928,11-05-2024 08:30,2024-05-11 08:30:00,2024,5,11,8,132,953.71
Pashan AWS,18.5362,73.7928,11-05-2024 08:35,2024-05-11 08:35:00,2024,5,11,8,132,953.71
Pashan AWS,18.5362,73.7928,11-05-2024 08:40,2024-05-11 08:40:00,2024,5,11,8,132,953.78
Pashan AWS,18.5362,73.7928,11-05-2024 08:45,2024-05-11 08:45:00,2024,5,11,8,132,953.82
Pashan AWS,18.5362,73.7928,11-05-2024 08:50,2024-05-11 08:50:00,2024,5,11,8,132,953.64
Pashan AWS,18.5362,73.7928,11-05-2024 08:55,2024-05-11 08:55:00,2024,5,11,8,132,953.61
Pashan AWS,18.5362,73.7928,11-05-2024 09:00,2024-05-11 09:00:00,2024,5,11,9,132,953.6
Pashan AWS,18.5362,73.7928,11-05-2024 09:05,2024-05-11 09:05:00,2024,5,11,9,132,953.59
Pashan AWS,18.5362,73.7928,11-05-2024 09:10,2024-05-11 09:10:00,2024,5,11,9,132,953.47
Pashan AWS,18.5362,73.7928,11-05-2024 09:15,2024-05-11 09:15:00,2024,5,11,9,132,953.64
Pashan AWS,18.5362,73.7928,11-05-2024 09:20,2024-05-11 09:20:00,2024,5,11,9,132,953.46
Pashan AWS,18.5362,73.7928,11-05-2024 09:25,2024-05-11 09:25:00,2024,5,11,9,132,953.3
Pashan AWS,18.5362,73.7928,11-05-2024 09:30,2024-05-11 09:30:00,2024,5,11,9,132,953.25
Pashan AWS,18.5362,73.7928,11-05-2024 09:35,2024-05-11 09:35:00,2024,5,11,9,132,953.35
Pashan AWS,18.5362,73.7928,11-05-2024 09:40,2024-05-11 09:40:00,2024,5,11,9,132,953.2
Pashan AWS,18.5362,73.7928,11-05-2024 09:45,2024-05-11 09:45:00,2024,5,11,9,132,953.11
Pashan AWS,18.5362,73.7928,11-05-2024 09:50,2024-05-11 09:50:00,2024,5,11,9,132,953.12
Pashan AWS,18.5362,73.7928,11-05-2024 09:55,2024-05-11 09:55:00,2024,5,11,9,132,953.04
Pashan AWS,18.5362,73.7928,11-05-2024 10:00,2024-05-11 10:00:00,2024,5,11,10,132,952.93
Pashan AWS,18.5362,73.7928,11-05-2024 10:05,2024-05-11 10:05:00,2024,5,11,10,132,952.9
Pashan AWS,18.5362,73.7928,11-05-2024 10:10,2024-05-11 10:10:00,2024,5,11,10,132,952.84
Pashan AWS,18.5362,73.7928,11-05-2024 10:15,2024-05-11 10:15:00,2024,5,11,10,132,952.84
Pashan AWS,18.5362,73.7928,11-05-2024 10:20,2024-05-11 10:20:00,2024,5,11,10,132,952.86
Pashan AWS,18.5362,73.7928,11-05-2024 10:25,2024-05-11 10:25:00,2024,5,11,10,132,952.8
Pashan AWS,18.5362,73.7928,11-05-2024 10:30,2024-05-11 10:30:00,2024,5,11,10,132,952.74
Pashan AWS,18.5362,73.7928,11-05-2024 10:35,2024-05-11 10:35:00,2024,5,11,10,132,952.67
Pashan AWS,18.5362,73.7928,11-05-2024 10:40,2024-05-11 10:40:00,2024,5,11,10,132,952.63
Pashan AWS,18.5362,73.7928,11-05-2024 10:45,2024-05-11 10:45:00,2024,5,11,10,132,952.55
Pashan AWS,18.5362,73.7928,11-05-2024 10:50,2024-05-11 10:50:00,2024,5,11,10,132,952.47
Pashan AWS,18.5362,73.7928,11-05-2024 10:55,2024-05-11 10:55:00,2024,5,11,10,132,952.48
Pashan AWS,18.5362,73.7928,11-05-2024 11:00,2024-05-11 11:00:00,2024,5,11,11,132,952.52
Pashan AWS,18.5362,73.7928,11-05-2024 11:05,2024-05-11 11:05:00,2024,5,11,11,132,952.31
Pashan AWS,18.5362,73.7928,11-05-2024 11:10,2024-05-11 11:10:00,2024,5,11,11,132,952.23
Pashan AWS,18.5362,73.7928,11-05-2024 11:15,2024-05-11 11:15:00,2024,5,11,11,132,952.1
Pashan AWS,18.5362,73.7928,11-05-2024 11:20,2024-05-11 11:20:00,2024,5,11,11,132,952.01
Pashan AWS,18.5362,73.7928,11-05-2024 11:25,2024-05-11 11:25:00,2024,5,11,11,132,951.97
Pashan AWS,18.5362,73.7928,11-05-2024 11:30,2024-05-11 11:30:00,2024,5,11,11,132,951.96
Pashan AWS,18.5362,73.7928,11-05-2024 11:35,2024-05-11 11:35:00,2024,5,11,11,132,951.88
Pashan AWS,18.5362,73.7928,11-05-2024 11:40,2024-05-11 11:40:00,2024,5,11,11,132,951.66
Pashan AWS,18.5362,73.7928,11-05-2024 11:45,2024-05-11 11:45:00,2024,5,11,11,132,951.53
Pashan AWS,18.5362,73.7928,11-05-2024 11:50,2024-05-11 11:50:00,2024,5,11,11,132,951.55
Pashan AWS,18.5362,73.7928,11-05-2024 11:55,2024-05-11 11:55:00,2024,5,11,11,132,951.28
Pashan AWS,18.5362,73.7928,11-05-2024 12:00,2024-05-11 12:00:00,2024,5,11,12,132,951.34
Pashan AWS,18.5362,73.7928,11-05-2024 12:05,2024-05-11 12:05:00,2024,5,11,12,132,951.34
Pashan AWS,18.5362,73.7928,11-05-2024 12:10,2024-05-11 12:10:00,2024,5,11,12,132,951.41
Pashan AWS,18.5362,73.7928,11-05-2024 12:15,2024-05-11 12:15:00,2024,5,11,12,132,951.35
Pashan AWS,18.5362,73.7928,11-05-2024 12:20,2024-05-11 12:20:00,2024,5,11,12,132,951.15
Pashan AWS,18.5362,73.7928,11-05-2024 12:25,2024-05-11 12:25:00,2024,5,11,12,132,951.15
Pashan AWS,18.5362,73.7928,11-05-2024 12:30,2024-05-11 12:30:00,2024,5,11,12,132,951.23
Pashan AWS,18.5362,73.7928,11-05-2024 12:35,2024-05-11 12:35:00,2024,5,11,12,132,951.28
Pashan AWS,18.5362,73.7928,11-05-2024 12:40,2024-05-11 12:40:00,2024,5,11,12,132,951.19
Pashan AWS,18.5362,73.7928,11-05-2024 12:45,2024-05-11 12:45:00,2024,5,11,12,132,951.18
Pashan AWS,18.5362,73.7928,11-05-2024 12:50,2024-05-11 12:50:00,2024,5,11,12,132,951.12
Pashan AWS,18.5362,73.7928,11-05-2024 12:55,2024-05-11 12:55:00,2024,5,11,12,132,951.04
Pashan AWS,18.5362,73.7928,11-05-2024 13:00,2024-05-11 13:00:00,2024,5,11,13,132,951.1
Pashan AWS,18.5362,73.7928,11-05-2024 13:05,2024-05-11 13:05:00,2024,5,11,13,132,951.0
Pashan AWS,18.5362,73.7928,11-05-2024 13:10,2024-05-11 13:10:00,2024,5,11,13,132,950.92
Pashan AWS,18.5362,73.7928,11-05-2024 13:15,2024-05-11 13:15:00,2024,5,11,13,132,950.83
Pashan AWS,18.5362,73.7928,11-05-2024 13:20,2024-05-11 13:20:00,2024,5,11,13,132,950.72
Pashan AWS,18.5362,73.7928,11-05-2024 13:25,2024-05-11 13:25:00,2024,5,11,13,132,950.75
Pashan AWS,18.5362,73.7928,11-05-2024 13:30,2024-05-11 13:30:00,2024,5,11,13,132,950.86
Pashan AWS,18.5362,73.7928,11-05-2024 13:35,2024-05-11 13:35:00,2024,5,11,13,132,950.86
Pashan AWS,18.5362,73.7928,11-05-2024 13:40,2024-05-11 13:40:00,2024,5,11,13,132,950.76
Pashan AWS,18.5362,73.7928,11-05-2024 13:45,2024-05-11 13:45:00,2024,5,11,13,132,950.86
Pashan AWS,18.5362,73.7928,11-05-2024 13:50,2024-05-11 13:50:00,2024,5,11,13,132,951.02
Pashan AWS,18.5362,73.7928,11-05-2024 13:55,2024-05-11 13:55:00,2024,5,11,13,132,950.99
Pashan AWS,18.5362,73.7928,11-05-2024 14:00,2024-05-11 14:00:00,2024,5,11,14,132,950.98
Pashan AWS,18.5362,73.7928,11-05-2024 14:05,2024-05-11 14:05:00,2024,5,11,14,132,951.05
Pashan AWS,18.5362,73.7928,11-05-2024 14:10,2024-05-11 14:10:00,2024,5,11,14,132,951.21
Pashan AWS,18.5362,73.7928,11-05-2024 14:15,2024-05-11 14:15:00,2024,5,11,14,132,951.2
Pashan AWS,18.5362,73.7928,11-05-2024 14:20,2024-05-11 14:20:00,2024,5,11,14,132,951.12
Pashan AWS,18.5362,73.7928,11-05-2024 14:25,2024-05-11 14:25:00,2024,5,11,14,132,951.21
Pashan AWS,18.5362,73.7928,11-05-2024 14:30,2024-05-11 14:30:00,2024,5,11,14,132,951.31
Pashan AWS,18.5362,73.7928,11-05-2024 14:35,2024-05-11 14:35:00,2024,5,11,14,132,951.35
Pashan AWS,18.5362,73.7928,11-05-2024 14:40,2024-05-11 14:40:00,2024,5,11,14,132,951.35
Pashan AWS,18.5362,73.7928,11-05-2024 14:45,2024-05-11 14:45:00,2024,5,11,14,132,951.47
Pashan AWS,18.5362,73.7928,11-05-2024 14:50,2024-05-11 14:50:00,2024,5,11,14,132,951.56
Pashan AWS,18.5362,73.7928,11-05-2024 14:55,2024-05-11 14:55:00,2024,5,11,14,132,951.54
Pashan AWS,18.5362,73.7928,11-05-2024 15:00,2024-05-11 15:00:00,2024,5,11,15,132,951.59
Pashan AWS,18.5362,73.7928,11-05-2024 15:05,2024-05-11 15:05:00,2024,5,11,15,132,951.52
Pashan AWS,18.5362,73.7928,11-05-2024 15:10,2024-05-11 15:10:00,2024,5,11,15,132,951.63
Pashan AWS,18.5362,73.7928,11-05-2024 15:15,2024-05-11 15:15:00,2024,5,11,15,132,951.66
Pashan AWS,18.5362,73.7928,11-05-2024 15:20,2024-05-11 15:20:00,2024,5,11,15,132,951.68
Pashan AWS,18.5362,73.7928,11-05-2024 15:25,2024-05-11 15:25:00,2024,5,11,15,132,951.74
Pashan AWS,18.5362,73.7928,11-05-2024 15:30,2024-05-11 15:30:00,2024,5,11,15,132,951.8
Pashan AWS,18.5362,73.7928,11-05-2024 15:35,2024-05-11 15:35:00,2024,5,11,15,132,951.92
Pashan AWS,18.5362,73.7928,11-05-2024 15:40,2024-05-11 15:40:00,2024,5,11,15,132,952.03
Pashan AWS,18.5362,73.7928,11-05-2024 15:45,2024-05-11 15:45:00,2024,5,11,15,132,952.07
Pashan AWS,18.5362,73.7928,11-05-2024 15:50,2024-05-11 15:50:00,2024,5,11,15,132,952.18
Pashan AWS,18.5362,73.7928,11-05-2024 15:55,2024-05-11 15:55:00,2024,5,11,15,132,952.27
Pashan AWS,18.5362,73.7928,11-05-2024 16:00,2024-05-11 16:00:00,2024,5,11,16,132,952.28
Pashan AWS,18.5362,73.7928,11-05-2024 16:05,2024-05-11 16:05:00,2024,5,11,16,132,952.33
Pashan AWS,18.5362,73.7928,11-05-2024 16:10,2024-05-11 16:10:00,2024,5,11,16,132,952.37
Pashan AWS,18.5362,73.7928,11-05-2024 16:15,2024-05-11 16:15:00,2024,5,11,16,132,952.46
Pashan AWS,18.5362,73.7928,11-05-2024 16:20,2024-05-11 16:20:00,2024,5,11,16,132,952.48
Pashan AWS,18.5362,73.7928,11-05-2024 16:25,2024-05-11 16:25:00,2024,5,11,16,132,952.5
Pashan AWS,18.5362,73.7928,11-05-2024 16:30,2024-05-11 16:30:00,2024,5,11,16,132,952.71
Pashan AWS,18.5362,73.7928,11-05-2024 16:35,2024-05-11 16:35:00,2024,5,11,16,132,952.84
Pashan AWS,18.5362,73.7928,11-05-2024 16:40,2024-05-11 16:40:00,2024,5,11,16,132,952.82
Pashan AWS,18.5362,73.7928,11-05-2024 16:45,2024-05-11 16:45:00,2024,5,11,16,132,952.91
Pashan AWS,18.5362,73.7928,11-05-2024 16:50,2024-05-11 16:50:00,2024,5,11,16,132,952.96
Pashan AWS,18.5362,73.7928,11-05-2024 16:55,2024-05-11 16:55:00,2024,5,11,16,132,953.03
Pashan AWS,18.5362,73.7928,11-05-2024 17:00,2024-05-11 17:00:00,2024,5,11,17,132,953.08
Pashan AWS,18.5362,73.7928,11-05-2024 17:05,2024-05-11 17:05:00,2024,5,11,17,132,953.21
Pashan AWS,18.5362,73.7928,11-05-2024 17:10,2024-05-11 17:10:00,2024,5,11,17,132,953.27
Pashan AWS,18.5362,73.7928,11-05-2024 17:15,2024-05-11 17:15:00,2024,5,11,17,132,953.29
Pashan AWS,18.5362,73.7928,11-05-2024 17:20,2024-05-11 17:20:00,2024,5,11,17,132,953.4
Pashan AWS,18.5362,73.7928,11-05-2024 17:25,2024-05-11 17:25:00,2024,5,11,17,132,953.45
Pashan AWS,18.5362,73.7928,11-05-2024 17:30,2024-05-11 17:30:00,2024,5,11,17,132,953.48
Pashan AWS,18.5362,73.7928,11-05-2024 17:35,2024-05-11 17:35:00,2024,5,11,17,132,953.52
Pashan AWS,18.5362,73.7928,11-05-2024 17:40,2024-05-11 17:40:00,2024,5,11,17,132,953.53
Pashan AWS,18.5362,73.7928,11-05-2024 17:45,2024-05-11 17:45:00,2024,5,11,17,132,953.55
Pashan AWS,18.5362,73.7928,11-05-2024 17:50,2024-05-11 17:50:00,2024,5,11,17,132,953.52
Pashan AWS,18.5362,73.7928,11-05-2024 17:55,2024-05-11 17:55:00,2024,5,11,17,132,953.47
Pashan AWS,18.5362,73.7928,11-05-2024 18:00,2024-05-11 18:00:00,2024,5,11,18,132,953.41
Pashan AWS,18.5362,73.7928,11-05-2024 18:05,2024-05-11 18:05:00,2024,5,11,18,132,953.31
Pashan AWS,18.5362,73.7928,11-05-2024 18:10,2024-05-11 18:10:00,2024,5,11,18,132,953.26
Pashan AWS,18.5362,73.7928,11-05-2024 18:15,2024-05-11 18:15:00,2024,5,11,18,132,953.26
Pashan AWS,18.5362,73.7928,11-05-2024 18:20,2024-05-11 18:20:00,2024,5,11,18,132,953.29
Pashan AWS,18.5362,73.7928,11-05-2024 18:25,2024-05-11 18:25:00,2024,5,11,18,132,953.28
Pashan AWS,18.5362,73.7928,11-05-2024 18:30,2024-05-11 18:30:00,2024,5,11,18,132,953.1
Pashan AWS,18.5362,73.7928,11-05-2024 18:35,2024-05-11 18:35:00,2024,5,11,18,132,953.24
Pashan AWS,18.5362,73.7928,11-05-2024 18:40,2024-05-11 18:40:00,2024,5,11,18,132,953.33
Pashan AWS,18.5362,73.7928,11-05-2024 18:45,2024-05-11 18:45:00,2024,5,11,18,132,953.37
Pashan AWS,18.5362,73.7928,11-05-2024 18:50,2024-05-11 18:50:00,2024,5,11,18,132,953.52
Pashan AWS,18.5362,73.7928,11-05-2024 18:55,2024-05-11 18:55:00,2024,5,11,18,132,953.43
Pashan AWS,18.5362,73.7928,11-05-2024 19:00,2024-05-11 19:00:00,2024,5,11,19,132,953.57
Pashan AWS,18.5362,73.7928,11-05-2024 19:05,2024-05-11 19:05:00,2024,5,11,19,132,953.47
Pashan AWS,18.5362,73.7928,11-05-2024 19:10,2024-05-11 19:10:00,2024,5,11,19,132,953.47
Pashan AWS,18.5362,73.7928,11-05-2024 19:15,2024-05-11 19:15:00,2024,5,11,19,132,953.34
Pashan AWS,18.5362,73.7928,11-05-2024 19:20,2024-05-11 19:20:00,2024,5,11,19,132,953.32
Pashan AWS,18.5362,73.7928,11-05-2024 19:25,2024-05-11 19:25:00,2024,5,11,19,132,953.33
Pashan AWS,18.5362,73.7928,11-05-2024 19:30,2024-05-11 19:30:00,2024,5,11,19,132,953.29
Pashan AWS,18.5362,73.7928,11-05-2024 19:35,2024-05-11 19:35:00,2024,5,11,19,132,953.31
Pashan AWS,18.5362,73.7928,11-05-2024 19:40,2024-05-11 19:40:00,2024,5,11,19,132,953.29
Pashan AWS,18.5362,73.7928,11-05-2024 19:45,2024-05-11 19:45:00,2024,5,11,19,132,953.2
Pashan AWS,18.5362,73.7928,11-05-2024 19:50,2024-05-11 19:50:00,2024,5,11,19,132,953.12
Pashan AWS,18.5362,73.7928,11-05-2024 19:55,2024-05-11 19:55:00,2024,5,11,19,132,953.14
Pashan AWS,18.5362,73.7928,11-05-2024 20:00,2024-05-11 20:00:00,2024,5,11,20,132,953.05
Pashan AWS,18.5362,73.7928,11-05-2024 20:05,2024-05-11 20:05:00,2024,5,11,20,132,953.07
Pashan AWS,18.5362,73.7928,11-05-2024 20:10,2024-05-11 20:10:00,2024,5,11,20,132,953.12
Pashan AWS,18.5362,73.7928,11-05-2024 20:15,2024-05-11 20:15:00,2024,5,11,20,132,952.93
Pashan AWS,18.5362,73.7928,11-05-2024 20:20,2024-05-11 20:20:00,2024,5,11,20,132,952.97
Pashan AWS,18.5362,73.7928,11-05-2024 20:25,2024-05-11 20:25:00,2024,5,11,20,132,953.07
Pashan AWS,18.5362,73.7928,11-05-2024 20:30,2024-05-11 20:30:00,2024,5,11,20,132,953.02
Pashan AWS,18.5362,73.7928,11-05-2024 20:35,2024-05-11 20:35:00,2024,5,11,20,132,953.0
Pashan AWS,18.5362,73.7928,11-05-2024 20:40,2024-05-11 20:40:00,2024,5,11,20,132,953.01
Pashan AWS,18.5362,73.7928,11-05-2024 20:45,2024-05-11 20:45:00,2024,5,11,20,132,952.91
Pashan AWS,18.5362,73.7928,11-05-2024 20:50,2024-05-11 20:50:00,2024,5,11,20,132,952.85
Pashan AWS,18.5362,73.7928,11-05-2024 20:55,2024-05-11 20:55:00,2024,5,11,20,132,952.66
Pashan AWS,18.5362,73.7928,11-05-2024 21:00,2024-05-11 21:00:00,2024,5,11,21,132,952.6
Pashan AWS,18.5362,73.7928,11-05-2024 21:05,2024-05-11 21:05:00,2024,5,11,21,132,952.56
Pashan AWS,18.5362,73.7928,11-05-2024 21:10,2024-05-11 21:10:00,2024,5,11,21,132,952.52
Pashan AWS,18.5362,73.7928,11-05-2024 21:15,2024-05-11 21:15:00,2024,5,11,21,132,952.52
Pashan AWS,18.5362,73.7928,11-05-2024 21:20,2024-05-11 21:20:00,2024,5,11,21,132,952.37
Pashan AWS,18.5362,73.7928,11-05-2024 21:25,2024-05-11 21:25:00,2024,5,11,21,132,952.24
Pashan AWS,18.5362,73.7928,11-05-2024 21:30,2024-05-11 21:30:00,2024,5,11,21,132,952.31
Pashan AWS,18.5362,73.7928,11-05-2024 21:35,2024-05-11 21:35:00,2024,5,11,21,132,952.21
Pashan AWS,18.5362,73.7928,11-05-2024 21:40,2024-05-11 21:40:00,2024,5,11,21,132,952.14
Pashan AWS,18.5362,73.7928,11-05-2024 21:45,2024-05-11 21:45:00,2024,5,11,21,132,952.04
Pashan AWS,18.5362,73.7928,11-05-2024 21:50,2024-05-11 21:50:00,2024,5,11,21,132,951.88
Pashan AWS,18.5362,73.7928,11-05-2024 21:55,2024-05-11 21:55:00,2024,5,11,21,132,951.93
Pashan AWS,18.5362,73.7928,11-05-2024 22:00,2024-05-11 22:00:00,2024,5,11,22,132,951.79
Pashan AWS,18.5362,73.7928,11-05-2024 22:05,2024-05-11 22:05:00,2024,5,11,22,132,951.61
Pashan AWS,18.5362,73.7928,11-05-2024 22:10,2024-05-11 22:10:00,2024,5,11,22,132,951.49
Pashan AWS,18.5362,73.7928,11-05-2024 22:15,2024-05-11 22:15:00,2024,5,11,22,132,951.25
Pashan AWS,18.5362,73.7928,11-05-2024 22:20,2024-05-11 22:20:00,2024,5,11,22,132,951.12
Pashan AWS,18.5362,73.7928,11-05-2024 22:25,2024-05-11 22:25:00,2024,5,11,22,132,950.97
Pashan AWS,18.5362,73.7928,11-05-2024 22:30,2024-05-11 22:30:00,2024,5,11,22,132,950.95
Pashan AWS,18.5362,73.7928,11-05-2024 22:35,2024-05-11 22:35:00,2024,5,11,22,132,950.82
Pashan AWS,18.5362,73.7928,11-05-2024 22:40,2024-05-11 22:40:00,2024,5,11,22,132,950.83
Pashan AWS,18.5362,73.7928,11-05-2024 22:45,2024-05-11 22:45:00,2024,5,11,22,132,950.87
Pashan AWS,18.5362,73.7928,11-05-2024 22:50,2024-05-11 22:50:00,2024,5,11,22,132,950.86
Pashan AWS,18.5362,73.7928,11-05-2024 22:55,2024-05-11 22:55:00,2024,5,11,22,132,950.76
Pashan AWS,18.5362,73.7928,11-05-2024 23:00,2024-05-11 23:00:00,2024,5,11,23,132,950.7
Pashan AWS,18.5362,73.7928,11-05-2024 23:05,2024-05-11 23:05:00,2024,5,11,23,132,950.51
Pashan AWS,18.5362,73.7928,11-05-2024 23:10,2024-05-11 23:10:00,2024,5,11,23,132,950.43
Pashan AWS,18.5362,73.7928,11-05-2024 23:15,2024-05-11 23:15:00,2024,5,11,23,132,950.3
Pashan AWS,18.5362,73.7928,11-05-2024 23:20,2024-05-11 23:20:00,2024,5,11,23,132,950.3
Pashan AWS,18.5362,73.7928,11-05-2024 23:25,2024-05-11 23:25:00,2024,5,11,23,132,950.44
Pashan AWS,18.5362,73.7928,11-05-2024 23:30,2024-05-11 23:30:00,2024,5,11,23,132,950.42
Pashan AWS,18.5362,73.7928,11-05-2024 23:35,2024-05-11 23:35:00,2024,5,11,23,132,950.2
Pashan AWS,18.5362,73.7928,11-05-2024 23:40,2024-05-11 23:40:00,2024,5,11,23,132,950.11
Pashan AWS,18.5362,73.7928,11-05-2024 23:45,2024-05-11 23:45:00,2024,5,11,23,132,950.07
Pashan AWS,18.5362,73.7928,11-05-2024 23:50,2024-05-11 23:50:00,2024,5,11,23,132,950.02
Pashan AWS,18.5362,73.7928,11-05-2024 23:55,2024-05-11 23:55:00,2024,5,11,23,132,949.92
Pashan AWS,18.5362,73.7928,12-05-2024 00:00,2024-05-12 00:00:00,2024,5,12,0,133,949.89
Pashan AWS,18.5362,73.7928,12-05-2024 00:05,2024-05-12 00:05:00,2024,5,12,0,133,949.75
Pashan AWS,18.5362,73.7928,12-05-2024 00:10,2024-05-12 00:10:00,2024,5,12,0,133,949.64
Pashan AWS,18.5362,73.7928,12-05-2024 00:15,2024-05-12 00:15:00,2024,5,12,0,133,949.66
Pashan AWS,18.5362,73.7928,12-05-2024 00:20,2024-05-12 00:20:00,2024,5,12,0,133,949.55
Pashan AWS,18.5362,73.7928,12-05-2024 00:25,2024-05-12 00:25:00,2024,5,12,0,133,949.57
Pashan AWS,18.5362,73.7928,12-05-2024 00:30,2024-05-12 00:30:00,2024,5,12,0,133,949.44
Pashan AWS,18.5362,73.7928,12-05-2024 00:35,2024-05-12 00:35:00,2024,5,12,0,133,949.56
Pashan AWS,18.5362,73.7928,12-05-2024 00:40,2024-05-12 00:40:00,2024,5,12,0,133,949.48
Pashan AWS,18.5362,73.7928,12-05-2024 00:45,2024-05-12 00:45:00,2024,5,12,0,133,949.45
Pashan AWS,18.5362,73.7928,12-05-2024 00:50,2024-05-12 00:50:00,2024,5,12,0,133,949.46
Pashan AWS,18.5362,73.7928,12-05-2024 00:55,2024-05-12 00:55:00,2024,5,12,0,133,949.41
Pashan AWS,18.5362,73.7928,12-05-2024 01:00,2024-05-12 01:00:00,2024,5,12,1,133,949.41
Pashan AWS,18.5362,73.7928,12-05-2024 01:05,2024-05-12 01:05:00,2024,5,12,1,133,949.46
Pashan AWS,18.5362,73.7928,12-05-2024 01:10,2024-05-12 01:10:00,2024,5,12,1,133,949.53
Pashan AWS,18.5362,73.7928,12-05-2024 01:15,2024-05-12 01:15:00,2024,5,12,1,133,949.59
Pashan AWS,18.5362,73.7928,12-05-2024 01:20,2024-05-12 01:20:00,2024,5,12,1,133,949.57
Pashan AWS,18.5362,73.7928,12-05-2024 01:25,2024-05-12 01:25:00,2024,5,12,1,133,949.56
Pashan AWS,18.5362,73.7928,12-05-2024 01:30,2024-05-12 01:30:00,2024,5,12,1,133,949.76
Pashan AWS,18.5362,73.7928,12-05-2024 01:35,2024-05-12 01:35:00,2024,5,12,1,133,949.83
Pashan AWS,18.5362,73.7928,12-05-2024 01:40,2024-05-12 01:40:00,2024,5,12,1,133,949.76
Pashan AWS,18.5362,73.7928,12-05-2024 01:45,2024-05-12 01:45:00,2024,5,12,1,133,949.77
Pashan AWS,18.5362,73.7928,12-05-2024 01:50,2024-05-12 01:50:00,2024,5,12,1,133,949.75
Pashan AWS,18.5362,73.7928,12-05-2024 01:55,2024-05-12 01:55:00,2024,5,12,1,133,949.75
Pashan AWS,18.5362,73.7928,12-05-2024 02:00,2024-05-12 02:00:00,2024,5,12,2,133,949.67
Pashan AWS,18.5362,73.7928,12-05-2024 02:05,2024-05-12 02:05:00,2024,5,12,2,133,949.66
Pashan AWS,18.5362,73.7928,12-05-2024 02:10,2024-05-12 02:10:00,2024,5,12,2,133,949.83
Pashan AWS,18.5362,73.7928,12-05-2024 02:15,2024-05-12 02:15:00,2024,5,12,2,133,949.9
Pashan AWS,18.5362,73.7928,12-05-2024 02:20,2024-05-12 02:20:00,2024,5,12,2,133,949.72
Pashan AWS,18.5362,73.7928,12-05-2024 02:25,2024-05-12 02:25:00,2024,5,12,2,133,949.85
Pashan AWS,18.5362,73.7928,12-05-2024 02:30,2024-05-12 02:30:00,2024,5,12,2,133,949.97
Pashan AWS,18.5362,73.7928,12-05-2024 02:35,2024-05-12 02:35:00,2024,5,12,2,133,949.97
Pashan AWS,18.5362,73.7928,12-05-2024 02:40,2024-05-12 02:40:00,2024,5,12,2,133,950.06
Pashan AWS,18.5362,73.7928,12-05-2024 02:45,2024-05-12 02:45:00,2024,5,12,2,133,950.03
Pashan AWS,18.5362,73.7928,12-05-2024 02:50,2024-05-12 02:50:00,2024,5,12,2,133,950.03
Pashan AWS,18.5362,73.7928,12-05-2024 02:55,2024-05-12 02:55:00,2024,5,12,2,133,950.19
Pashan AWS,18.5362,73.7928,12-05-2024 03:00,2024-05-12 03:00:00,2024,5,12,3,133,950.21
Pashan AWS,18.5362,73.7928,12-05-2024 03:05,2024-05-12 03:05:00,2024,5,12,3,133,950.1
Pashan AWS,18.5362,73.7928,12-05-2024 03:10,2024-05-12 03:10:00,2024,5,12,3,133,950.14
Pashan AWS,18.5362,73.7928,12-05-2024 03:15,2024-05-12 03:15:00,2024,5,12,3,133,950.18
Pashan AWS,18.5362,73.7928,12-05-2024 03:20,2024-05-12 03:20:00,2024,5,12,3,133,950.33
Pashan AWS,18.5362,73.7928,12-05-2024 03:25,2024-05-12 03:25:00,2024,5,12,3,133,950.38
Pashan AWS,18.5362,73.7928,12-05-2024 03:30,2024-05-12 03:30:00,2024,5,12,3,133,950.4
Pashan AWS,18.5362,73.7928,12-05-2024 03:35,2024-05-12 03:35:00,2024,5,12,3,133,950.53
Pashan AWS,18.5362,73.7928,12-05-2024 03:40,2024-05-12 03:40:00,2024,5,12,3,133,950.59
Pashan AWS,18.5362,73.7928,12-05-2024 03:45,2024-05-12 03:45:00,2024,5,12,3,133,950.58
Pashan AWS,18.5362,73.7928,12-05-2024 03:50,2024-05-12 03:50:00,2024,5,12,3,133,950.72
Pashan AWS,18.5362,73.7928,12-05-2024 03:55,2024-05-12 03:55:00,2024,5,12,3,133,950.79
Pashan AWS,18.5362,73.7928,12-05-2024 04:00,2024-05-12 04:00:00,2024,5,12,4,133,950.84
Pashan AWS,18.5362,73.7928,12-05-2024 04:05,2024-05-12 04:05:00,2024,5,12,4,133,950.9
Pashan AWS,18.5362,73.7928,12-05-2024 04:10,2024-05-12 04:10:00,2024,5,12,4,133,950.86
Pashan AWS,18.5362,73.7928,12-05-2024 04:15,2024-05-12 04:15:00,2024,5,12,4,133,950.87
Pashan AWS,18.5362,73.7928,12-05-2024 04:20,2024-05-12 04:20:00,2024,5,12,4,133,950.92
Pashan AWS,18.5362,73.7928,12-05-2024 04:25,2024-05-12 04:25:00,2024,5,12,4,133,950.96
Pashan AWS,18.5362,73.7928,12-05-2024 04:30,2024-05-12 04:30:00,2024,5,12,4,133,951.12
Pashan AWS,18.5362,73.7928,12-05-2024 04:35,2024-05-12 04:35:00,2024,5,12,4,133,951.18
Pashan AWS,18.5362,73.7928,12-05-2024 04:40,2024-05-12 04:40:00,2024,5,12,4,133,951.3
Pashan AWS,18.5362,73.7928,12-05-2024 04:45,2024-05-12 04:45:00,2024,5,12,4,133,951.34
Pashan AWS,18.5362,73.7928,12-05-2024 04:50,2024-05-12 04:50:00,2024,5,12,4,133,951.47
Pashan AWS,18.5362,73.7928,12-05-2024 04:55,2024-05-12 04:55:00,2024,5,12,4,133,951.54
Pashan AWS,18.5362,73.7928,12-05-2024 05:00,2024-05-12 05:00:00,2024,5,12,5,133,951.57
Pashan AWS,18.5362,73.7928,12-05-2024 05:05,2024-05-12 05:05:00,2024,5,12,5,133,951.61
Pashan AWS,18.5362,73.7928,12-05-2024 05:10,2024-05-12 05:10:00,2024,5,12,5,133,951.57
Pashan AWS,18.5362,73.7928,12-05-2024 05:15,2024-05-12 05:15:00,2024,5,12,5,133,951.64
Pashan AWS,18.5362,73.7928,12-05-2024 05:20,2024-05-12 05:20:00,2024,5,12,5,133,951.67
Pashan AWS,18.5362,73.7928,12-05-2024 05:25,2024-05-12 05:25:00,2024,5,12,5,133,951.66
Pashan AWS,18.5362,73.7928,12-05-2024 05:30,2024-05-12 05:30:00,2024,5,12,5,133,951.78
Pashan AWS,18.5362,73.7928,12-05-2024 05:35,2024-05-12 05:35:00,2024,5,12,5,133,951.71
Pashan AWS,18.5362,73.7928,12-05-2024 05:40,2024-05-12 05:40:00,2024,5,12,5,133,951.7
Pashan AWS,18.5362,73.7928,12-05-2024 05:45,2024-05-12 05:45:00,2024,5,12,5,133,951.81
Pashan AWS,18.5362,73.7928,12-05-2024 05:50,2024-05-12 05:50:00,2024,5,12,5,133,951.86
Pashan AWS,18.5362,73.7928,12-05-2024 05:55,2024-05-12 05:55:00,2024,5,12,5,133,951.88
Pashan AWS,18.5362,73.7928,12-05-2024 06:00,2024-05-12 06:00:00,2024,5,12,6,133,951.91
Pashan AWS,18.5362,73.7928,12-05-2024 06:05,2024-05-12 06:05:00,2024,5,12,6,133,951.94
Pashan AWS,18.5362,73.7928,12-05-2024 06:10,2024-05-12 06:10:00,2024,5,12,6,133,951.83
Pashan AWS,18.5362,73.7928,12-05-2024 06:15,2024-05-12 06:15:00,2024,5,12,6,133,951.82
Pashan AWS,18.5362,73.7928,12-05-2024 06:20,2024-05-12 06:20:00,2024,5,12,6,133,951.96
Pashan AWS,18.5362,73.7928,12-05-2024 06:25,2024-05-12 06:25:00,2024,5,12,6,133,951.91
Pashan AWS,18.5362,73.7928,12-05-2024 06:30,2024-05-12 06:30:00,2024,5,12,6,133,951.89
Pashan AWS,18.5362,73.7928,12-05-2024 06:35,2024-05-12 06:35:00,2024,5,12,6,133,951.85
Pashan AWS,18.5362,73.7928,12-05-2024 06:40,2024-05-12 06:40:00,2024,5,12,6,133,951.85
Pashan AWS,18.5362,73.7928,12-05-2024 06:45,2024-05-12 06:45:00,2024,5,12,6,133,951.8
Pashan AWS,18.5362,73.7928,12-05-2024 06:50,2024-05-12 06:50:00,2024,5,12,6,133,951.84
Pashan AWS,18.5362,73.7928,12-05-2024 06:55,2024-05-12 06:55:00,2024,5,12,6,133,951.85
Pashan AWS,18.5362,73.7928,12-05-2024 07:00,2024-05-12 07:00:00,2024,5,12,7,133,951.9
Pashan AWS,18.5362,73.7928,12-05-2024 07:05,2024-05-12 07:05:00,2024,5,12,7,133,951.8
Pashan AWS,18.5362,73.7928,12-05-2024 07:10,2024-05-12 07:10:00,2024,5,12,7,133,951.76
Pashan AWS,18.5362,73.7928,12-05-2024 07:15,2024-05-12 07:15:00,2024,5,12,7,133,951.73
Pashan AWS,18.5362,73.7928,12-05-2024 07:20,2024-05-12 07:20:00,2024,5,12,7,133,951.74
Pashan AWS,18.5362,73.7928,12-05-2024 07:25,2024-05-12 07:25:00,2024,5,12,7,133,951.66
Pashan AWS,18.5362,73.7928,12-05-2024 07:30,2024-05-12 07:30:00,2024,5,12,7,133,951.71
Pashan AWS,18.5362,73.7928,12-05-2024 07:35,2024-05-12 07:35:00,2024,5,12,7,133,951.78
Pashan AWS,18.5362,73.7928,12-05-2024 07:40,2024-05-12 07:40:00,2024,5,12,7,133,951.66
Pashan AWS,18.5362,73.7928,12-05-2024 07:45,2024-05-12 07:45:00,2024,5,12,7,133,951.59
Pashan AWS,18.5362,73.7928,12-05-2024 07:50,2024-05-12 07:50:00,2024,5,12,7,133,951.51
Pashan AWS,18.5362,73.7928,12-05-2024 07:55,2024-05-12 07:55:00,2024,5,12,7,133,951.69
Pashan AWS,18.5362,73.7928,12-05-2024 08:00,2024-05-12 08:00:00,2024,5,12,8,133,951.61
Pashan AWS,18.5362,73.7928,12-05-2024 08:05,2024-05-12 08:05:00,2024,5,12,8,133,951.69
Pashan AWS,18.5362,73.7928,12-05-2024 08:10,2024-05-12 08:10:00,2024,5,12,8,133,951.54
Pashan AWS,18.5362,73.7928,12-05-2024 08:15,2024-05-12 08:15:00,2024,5,12,8,133,951.4
Pashan AWS,18.5362,73.7928,12-05-2024 08:20,2024-05-12 08:20:00,2024,5,12,8,133,951.3
Pashan AWS,18.5362,73.7928,12-05-2024 08:25,2024-05-12 08:25:00,2024,5,12,8,133,951.18
Pashan AWS,18.5362,73.7928,12-05-2024 08:30,2024-05-12 08:30:00,2024,5,12,8,133,951.1
Pashan AWS,18.5362,73.7928,12-05-2024 08:35,2024-05-12 08:35:00,2024,5,12,8,133,951.0
Pashan AWS,18.5362,73.7928,12-05-2024 08:40,2024-05-12 08:40:00,2024,5,12,8,133,950.88
Pashan AWS,18.5362,73.7928,12-05-2024 08:45,2024-05-12 08:45:00,2024,5,12,8,133,950.92
Pashan AWS,18.5362,73.7928,12-05-2024 08:50,2024-05-12 08:50:00,2024,5,12,8,133,950.96
Pashan AWS,18.5362,73.7928,12-05-2024 08:55,2024-05-12 08:55:00,2024,5,12,8,133,950.97
Pashan AWS,18.5362,73.7928,12-05-2024 09:00,2024-05-12 09:00:00,2024,5,12,9,133,950.95
Pashan AWS,18.5362,73.7928,12-05-2024 09:05,2024-05-12 09:05:00,2024,5,12,9,133,950.88
Pashan AWS,18.5362,73.7928,12-05-2024 09:10,2024-05-12 09:10:00,2024,5,12,9,133,950.77
Pashan AWS,18.5362,73.7928,12-05-2024 09:15,2024-05-12 09:15:00,2024,5,12,9,133,950.62
Pashan AWS,18.5362,73.7928,12-05-2024 09:20,2024-05-12 09:20:00,2024,5,12,9,133,950.58
Pashan AWS,18.5362,73.7928,12-05-2024 09:25,2024-05-12 09:25:00,2024,5,12,9,133,950.42
Pashan AWS,18.5362,73.7928,12-05-2024 09:30,2024-05-12 09:30:00,2024,5,12,9,133,950.27
Pashan AWS,18.5362,73.7928,12-05-2024 09:35,2024-05-12 09:35:00,2024,5,12,9,133,950.29
Pashan AWS,18.5362,73.7928,12-05-2024 09:40,2024-05-12 09:40:00,2024,5,12,9,133,950.38
Pashan AWS,18.5362,73.7928,12-05-2024 09:45,2024-05-12 09:45:00,2024,5,12,9,133,950.33
Pashan AWS,18.5362,73.7928,12-05-2024 09:50,2024-05-12 09:50:00,2024,5,12,9,133,950.34
Pashan AWS,18.5362,73.7928,12-05-2024 09:55,2024-05-12 09:55:00,2024,5,12,9,133,950.24
Pashan AWS,18.5362,73.7928,12-05-2024 10:00,2024-05-12 10:00:00,2024,5,12,10,133,950.05
Pashan AWS,18.5362,73.7928,12-05-2024 10:05,2024-05-12 10:05:00,2024,5,12,10,133,950.02
Pashan AWS,18.5362,73.7928,12-05-2024 10:10,2024-05-12 10:10:00,2024,5,12,10,133,949.99
Pashan AWS,18.5362,73.7928,12-05-2024 10:15,2024-05-12 10:15:00,2024,5,12,10,133,949.91
Pashan AWS,18.5362,73.7928,12-05-2024 10:20,2024-05-12 10:20:00,2024,5,12,10,133,949.82
Pashan AWS,18.5362,73.7928,12-05-2024 10:25,2024-05-12 10:25:00,2024,5,12,10,133,949.82
Pashan AWS,18.5362,73.7928,12-05-2024 10:30,2024-05-12 10:30:00,2024,5,12,10,133,949.66
Pashan AWS,18.5362,73.7928,12-05-2024 10:35,2024-05-12 10:35:00,2024,5,12,10,133,949.52
Pashan AWS,18.5362,73.7928,12-05-2024 10:40,2024-05-12 10:40:00,2024,5,12,10,133,949.37
Pashan AWS,18.5362,73.7928,12-05-2024 10:45,2024-05-12 10:45:00,2024,5,12,10,133,949.3
Pashan AWS,18.5362,73.7928,12-05-2024 10:50,2024-05-12 10:50:00,2024,5,12,10,133,949.15
Pashan AWS,18.5362,73.7928,12-05-2024 10:55,2024-05-12 10:55:00,2024,5,12,10,133,949.03
Pashan AWS,18.5362,73.7928,12-05-2024 11:00,2024-05-12 11:00:00,2024,5,12,11,133,948.92
Pashan AWS,18.5362,73.7928,12-05-2024 11:05,2024-05-12 11:05:00,2024,5,12,11,133,948.84
Pashan AWS,18.5362,73.7928,12-05-2024 11:10,2024-05-12 11:10:00,2024,5,12,11,133,948.67
Pashan AWS,18.5362,73.7928,12-05-2024 11:15,2024-05-12 11:15:00,2024,5,12,11,133,948.63
Pashan AWS,18.5362,73.7928,12-05-2024 11:20,2024-05-12 11:20:00,2024,5,12,11,133,948.68
Pashan AWS,18.5362,73.7928,12-05-2024 11:25,2024-05-12 11:25:00,2024,5,12,11,133,948.64
Pashan AWS,18.5362,73.7928,12-05-2024 11:30,2024-05-12 11:30:00,2024,5,12,11,133,948.72
Pashan AWS,18.5362,73.7928,12-05-2024 11:35,2024-05-12 11:35:00,2024,5,12,11,133,948.77
Pashan AWS,18.5362,73.7928,12-05-2024 11:40,2024-05-12 11:40:00,2024,5,12,11,133,948.78
Pashan AWS,18.5362,73.7928,12-05-2024 11:45,2024-05-12 11:45:00,2024,5,12,11,133,948.74
Pashan AWS,18.5362,73.7928,12-05-2024 11:50,2024-05-12 11:50:00,2024,5,12,11,133,948.69
Pashan AWS,18.5362,73.7928,12-05-2024 11:55,2024-05-12 11:55:00,2024,5,12,11,133,948.7
Pashan AWS,18.5362,73.7928,12-05-2024 12:00,2024-05-12 12:00:00,2024,5,12,12,133,948.62
Pashan AWS,18.5362,73.7928,12-05-2024 12:05,2024-05-12 12:05:00,2024,5,12,12,133,948.42
Pashan AWS,18.5362,73.7928,12-05-2024 12:10,2024-05-12 12:10:00,2024,5,12,12,133,948.43
Pashan AWS,18.5362,73.7928,12-05-2024 12:15,2024-05-12 12:15:00,2024,5,12,12,133,948.3
Pashan AWS,18.5362,73.7928,12-05-2024 12:20,2024-05-12 12:20:00,2024,5,12,12,133,948.2
Pashan AWS,18.5362,73.7928,12-05-2024 12:25,2024-05-12 12:25:00,2024,5,12,12,133,948.17
Pashan AWS,18.5362,73.7928,12-05-2024 12:30,2024-05-12 12:30:00,2024,5,12,12,133,948.15
Pashan AWS,18.5362,73.7928,12-05-2024 12:35,2024-05-12 12:35:00,2024,5,12,12,133,948.02
Pashan AWS,18.5362,73.7928,12-05-2024 12:40,2024-05-12 12:40:00,2024,5,12,12,133,948.02
Pashan AWS,18.5362,73.7928,12-05-2024 12:45,2024-05-12 12:45:00,2024,5,12,12,133,948.09
Pashan AWS,18.5362,73.7928,12-05-2024 12:50,2024-05-12 12:50:00,2024,5,12,12,133,947.99
Pashan AWS,18.5362,73.7928,12-05-2024 12:55,2024-05-12 12:55:00,2024,5,12,12,133,948.09
Pashan AWS,18.5362,73.7928,12-05-2024 13:00,2024-05-12 13:00:00,2024,5,12,13,133,947.96
Pashan AWS,18.5362,73.7928,12-05-2024 13:05,2024-05-12 13:05:00,2024,5,12,13,133,948.13
Pashan AWS,18.5362,73.7928,12-05-2024 13:10,2024-05-12 13:10:00,2024,5,12,13,133,948.1
Pashan AWS,18.5362,73.7928,12-05-2024 13:15,2024-05-12 13:15:00,2024,5,12,13,133,948.12
Pashan AWS,18.5362,73.7928,12-05-2024 13:20,2024-05-12 13:20:00,2024,5,12,13,133,947.97
Pashan AWS,18.5362,73.7928,12-05-2024 13:25,2024-05-12 13:25:00,2024,5,12,13,133,947.98
Pashan AWS,18.5362,73.7928,12-05-2024 13:30,2024-05-12 13:30:00,2024,5,12,13,133,948.02
Pashan AWS,18.5362,73.7928,12-05-2024 13:35,2024-05-12 13:35:00,2024,5,12,13,133,948.03
Pashan AWS,18.5362,73.7928,12-05-2024 13:40,2024-05-12 13:40:00,2024,5,12,13,133,948.0
Pashan AWS,18.5362,73.7928,12-05-2024 13:45,2024-05-12 13:45:00,2024,5,12,13,133,947.95
Pashan AWS,18.5362,73.7928,12-05-2024 13:50,2024-05-12 13:50:00,2024,5,12,13,133,948.08
Pashan AWS,18.5362,73.7928,12-05-2024 13:55,2024-05-12 13:55:00,2024,5,12,13,133,948.11
Pashan AWS,18.5362,73.7928,12-05-2024 14:00,2024-05-12 14:00:00,2024,5,12,14,133,948.26
Pashan AWS,18.5362,73.7928,12-05-2024 14:05,2024-05-12 14:05:00,2024,5,12,14,133,948.25
Pashan AWS,18.5362,73.7928,12-05-2024 14:10,2024-05-12 14:10:00,2024,5,12,14,133,948.25
Pashan AWS,18.5362,73.7928,12-05-2024 14:15,2024-05-12 14:15:00,2024,5,12,14,133,948.35
Pashan AWS,18.5362,73.7928,12-05-2024 14:20,2024-05-12 14:20:00,2024,5,12,14,133,948.26
Pashan AWS,18.5362,73.7928,12-05-2024 14:25,2024-05-12 14:25:00,2024,5,12,14,133,948.21
Pashan AWS,18.5362,73.7928,12-05-2024 14:30,2024-05-12 14:30:00,2024,5,12,14,133,948.34
Pashan AWS,18.5362,73.7928,12-05-2024 14:35,2024-05-12 14:35:00,2024,5,12,14,133,948.3
Pashan AWS,18.5362,73.7928,12-05-2024 14:40,2024-05-12 14:40:00,2024,5,12,14,133,948.2
Pashan AWS,18.5362,73.7928,12-05-2024 14:45,2024-05-12 14:45:00,2024,5,12,14,133,948.41
Pashan AWS,18.5362,73.7928,12-05-2024 14:50,2024-05-12 14:50:00,2024,5,12,14,133,948.36
Pashan AWS,18.5362,73.7928,12-05-2024 14:55,2024-05-12 14:55:00,2024,5,12,14,133,948.43
Pashan AWS,18.5362,73.7928,12-05-2024 15:00,2024-05-12 15:00:00,2024,5,12,15,133,948.5
Pashan AWS,18.5362,73.7928,12-05-2024 15:05,2024-05-12 15:05:00,2024,5,12,15,133,948.34
Pashan AWS,18.5362,73.7928,12-05-2024 15:10,2024-05-12 15:10:00,2024,5,12,15,133,948.39
Pashan AWS,18.5362,73.7928,12-05-2024 15:15,2024-05-12 15:15:00,2024,5,12,15,133,948.5
Pashan AWS,18.5362,73.7928,12-05-2024 15:20,2024-05-12 15:20:00,2024,5,12,15,133,948.6
Pashan AWS,18.5362,73.7928,12-05-2024 15:25,2024-05-12 15:25:00,2024,5,12,15,133,948.75
Pashan AWS,18.5362,73.7928,12-05-2024 15:30,2024-05-12 15:30:00,2024,5,12,15,133,948.79
Pashan AWS,18.5362,73.7928,12-05-2024 15:35,2024-05-12 15:35:00,2024,5,12,15,133,948.91
Pashan AWS,18.5362,73.7928,12-05-2024 15:40,2024-05-12 15:40:00,2024,5,12,15,133,948.93
Pashan AWS,18.5362,73.7928,12-05-2024 15:45,2024-05-12 15:45:00,2024,5,12,15,133,948.89
Pashan AWS,18.5362,73.7928,12-05-2024 15:50,2024-05-12 15:50:00,2024,5,12,15,133,948.86
Pashan AWS,18.5362,73.7928,12-05-2024 15:55,2024-05-12 15:55:00,2024,5,12,15,133,948.82
Pashan AWS,18.5362,73.7928,12-05-2024 16:00,2024-05-12 16:00:00,2024,5,12,16,133,948.98
Pashan AWS,18.5362,73.7928,12-05-2024 16:05,2024-05-12 16:05:00,2024,5,12,16,133,948.94
Pashan AWS,18.5362,73.7928,12-05-2024 16:10,2024-05-12 16:10:00,2024,5,12,16,133,949.05
Pashan AWS,18.5362,73.7928,12-05-2024 16:15,2024-05-12 16:15:00,2024,5,12,16,133,949.11
Pashan AWS,18.5362,73.7928,12-05-2024 16:20,2024-05-12 16:20:00,2024,5,12,16,133,949.18
Pashan AWS,18.5362,73.7928,12-05-2024 16:25,2024-05-12 16:25:00,2024,5,12,16,133,949.37
Pashan AWS,18.5362,73.7928,12-05-2024 16:30,2024-05-12 16:30:00,2024,5,12,16,133,949.41
Pashan AWS,18.5362,73.7928,12-05-2024 16:35,2024-05-12 16:35:00,2024,5,12,16,133,949.53
Pashan AWS,18.5362,73.7928,12-05-2024 16:40,2024-05-12 16:40:00,2024,5,12,16,133,949.61
Pashan AWS,18.5362,73.7928,12-05-2024 16:45,2024-05-12 16:45:00,2024,5,12,16,133,949.66
Pashan AWS,18.5362,73.7928,12-05-2024 16:50,2024-05-12 16:50:00,2024,5,12,16,133,949.92
Pashan AWS,18.5362,73.7928,12-05-2024 16:55,2024-05-12 16:55:00,2024,5,12,16,133,949.86
Pashan AWS,18.5362,73.7928,12-05-2024 17:00,2024-05-12 17:00:00,2024,5,12,17,133,950.02
Pashan AWS,18.5362,73.7928,12-05-2024 17:05,2024-05-12 17:05:00,2024,5,12,17,133,950.13
Pashan AWS,18.5362,73.7928,12-05-2024 17:10,2024-05-12 17:10:00,2024,5,12,17,133,950.15
Pashan AWS,18.5362,73.7928,12-05-2024 17:15,2024-05-12 17:15:00,2024,5,12,17,133,950.33
Pashan AWS,18.5362,73.7928,12-05-2024 17:20,2024-05-12 17:20:00,2024,5,12,17,133,950.23
Pashan AWS,18.5362,73.7928,12-05-2024 17:25,2024-05-12 17:25:00,2024,5,12,17,133,950.24
Pashan AWS,18.5362,73.7928,12-05-2024 17:30,2024-05-12 17:30:00,2024,5,12,17,133,950.19
Pashan AWS,18.5362,73.7928,12-05-2024 17:35,2024-05-12 17:35:00,2024,5,12,17,133,950.27
Pashan AWS,18.5362,73.7928,12-05-2024 17:40,2024-05-12 17:40:00,2024,5,12,17,133,950.23
Pashan AWS,18.5362,73.7928,12-05-2024 17:45,2024-05-12 17:45:00,2024,5,12,17,133,950.31
Pashan AWS,18.5362,73.7928,12-05-2024 17:50,2024-05-12 17:50:00,2024,5,12,17,133,950.34
Pashan AWS,18.5362,73.7928,12-05-2024 17:55,2024-05-12 17:55:00,2024,5,12,17,133,950.35
Pashan AWS,18.5362,73.7928,12-05-2024 18:00,2024-05-12 18:00:00,2024,5,12,18,133,950.42
Pashan AWS,18.5362,73.7928,12-05-2024 18:05,2024-05-12 18:05:00,2024,5,12,18,133,950.43
Pashan AWS,18.5362,73.7928,12-05-2024 18:10,2024-05-12 18:10:00,2024,5,12,18,133,950.38
Pashan AWS,18.5362,73.7928,12-05-2024 18:15,2024-05-12 18:15:00,2024,5,12,18,133,950.64
Pashan AWS,18.5362,73.7928,12-05-2024 18:20,2024-05-12 18:20:00,2024,5,12,18,133,950.62
Pashan AWS,18.5362,73.7928,12-05-2024 18:25,2024-05-12 18:25:00,2024,5,12,18,133,950.47
Pashan AWS,18.5362,73.7928,12-05-2024 18:30,2024-05-12 18:30:00,2024,5,12,18,133,950.43
Pashan AWS,18.5362,73.7928,12-05-2024 18:35,2024-05-12 18:35:00,2024,5,12,18,133,950.35
Pashan AWS,18.5362,73.7928,12-05-2024 18:40,2024-05-12 18:40:00,2024,5,12,18,133,950.44
Pashan AWS,18.5362,73.7928,12-05-2024 18:45,2024-05-12 18:45:00,2024,5,12,18,133,950.49
Pashan AWS,18.5362,73.7928,12-05-2024 18:50,2024-05-12 18:50:00,2024,5,12,18,133,950.54
Pashan AWS,18.5362,73.7928,12-05-2024 18:55,2024-05-12 18:55:00,2024,5,12,18,133,950.52
Pashan AWS,18.5362,73.7928,12-05-2024 19:00,2024-05-12 19:00:00,2024,5,12,19,133,950.51
Pashan AWS,18.5362,73.7928,12-05-2024 19:05,2024-05-12 19:05:00,2024,5,12,19,133,950.48
Pashan AWS,18.5362,73.7928,12-05-2024 19:10,2024-05-12 19:10:00,2024,5,12,19,133,950.48
Pashan AWS,18.5362,73.7928,12-05-2024 19:15,2024-05-12 19:15:00,2024,5,12,19,133,950.55
Pashan AWS,18.5362,73.7928,12-05-2024 19:20,2024-05-12 19:20:00,2024,5,12,19,133,950.57
Pashan AWS,18.5362,73.7928,12-05-2024 19:25,2024-05-12 19:25:00,2024,5,12,19,133,950.61
Pashan AWS,18.5362,73.7928,12-05-2024 19:30,2024-05-12 19:30:00,2024,5,12,19,133,950.63
Pashan AWS,18.5362,73.7928,12-05-2024 19:35,2024-05-12 19:35:00,2024,5,12,19,133,950.69
Pashan AWS,18.5362,73.7928,12-05-2024 19:40,2024-05-12 19:40:00,2024,5,12,19,133,950.69
Pashan AWS,18.5362,73.7928,12-05-2024 19:45,2024-05-12 19:45:00,2024,5,12,19,133,950.69
Pashan AWS,18.5362,73.7928,12-05-2024 19:50,2024-05-12 19:50:00,2024,5,12,19,133,950.75
Pashan AWS,18.5362,73.7928,12-05-2024 19:55,2024-05-12 19:55:00,2024,5,12,19,133,950.66
Pashan AWS,18.5362,73.7928,12-05-2024 20:00,2024-05-12 20:00:00,2024,5,12,20,133,950.56
Pashan AWS,18.5362,73.7928,12-05-2024 20:05,2024-05-12 20:05:00,2024,5,12,20,133,950.43
Pashan AWS,18.5362,73.7928,12-05-2024 20:10,2024-05-12 20:10:00,2024,5,12,20,133,950.41
Pashan AWS,18.5362,73.7928,12-05-2024 20:15,2024-05-12 20:15:00,2024,5,12,20,133,950.22
Pashan AWS,18.5362,73.7928,12-05-2024 20:20,2024-05-12 20:20:00,2024,5,12,20,133,950.22
Pashan AWS,18.5362,73.7928,12-05-2024 20:25,2024-05-12 20:25:00,2024,5,12,20,133,950.18
Pashan AWS,18.5362,73.7928,12-05-2024 20:30,2024-05-12 20:30:00,2024,5,12,20,133,950.23
Pashan AWS,18.5362,73.7928,12-05-2024 20:35,2024-05-12 20:35:00,2024,5,12,20,133,950.13
Pashan AWS,18.5362,73.7928,12-05-2024 20:40,2024-05-12 20:40:00,2024,5,12,20,133,950.06
Pashan AWS,18.5362,73.7928,12-05-2024 20:45,2024-05-12 20:45:00,2024,5,12,20,133,950.11
Pashan AWS,18.5362,73.7928,12-05-2024 20:50,2024-05-12 20:50:00,2024,5,12,20,133,950.16
Pashan AWS,18.5362,73.7928,12-05-2024 20:55,2024-05-12 20:55:00,2024,5,12,20,133,950.05
Pashan AWS,18.5362,73.7928,12-05-2024 21:00,2024-05-12 21:00:00,2024,5,12,21,133,950.01
Pashan AWS,18.5362,73.7928,12-05-2024 21:05,2024-05-12 21:05:00,2024,5,12,21,133,949.97
Pashan AWS,18.5362,73.7928,12-05-2024 21:10,2024-05-12 21:10:00,2024,5,12,21,133,949.94
Pashan AWS,18.5362,73.7928,12-05-2024 21:15,2024-05-12 21:15:00,2024,5,12,21,133,949.85
Pashan AWS,18.5362,73.7928,12-05-2024 21:20,2024-05-12 21:20:00,2024,5,12,21,133,949.89
Pashan AWS,18.5362,73.7928,12-05-2024 21:25,2024-05-12 21:25:00,2024,5,12,21,133,949.67
Pashan AWS,18.5362,73.7928,12-05-2024 21:30,2024-05-12 21:30:00,2024,5,12,21,133,949.57
Pashan AWS,18.5362,73.7928,12-05-2024 21:35,2024-05-12 21:35:00,2024,5,12,21,133,949.54
Pashan AWS,18.5362,73.7928,12-05-2024 21:40,2024-05-12 21:40:00,2024,5,12,21,133,949.51
Pashan AWS,18.5362,73.7928,12-05-2024 21:45,2024-05-12 21:45:00,2024,5,12,21,133,949.55
Pashan AWS,18.5362,73.7928,12-05-2024 21:50,2024-05-12 21:50:00,2024,5,12,21,133,949.58
Pashan AWS,18.5362,73.7928,12-05-2024 21:55,2024-05-12 21:55:00,2024,5,12,21,133,949.48
Pashan AWS,18.5362,73.7928,12-05-2024 22:00,2024-05-12 22:00:00,2024,5,12,22,133,949.51
Pashan AWS,18.5362,73.7928,12-05-2024 22:05,2024-05-12 22:05:00,2024,5,12,22,133,949.37
Pashan AWS,18.5362,73.7928,12-05-2024 22:10,2024-05-12 22:10:00,2024,5,12,22,133,949.37
Pashan AWS,18.5362,73.7928,12-05-2024 22:15,2024-05-12 22:15:00,2024,5,12,22,133,949.44
Pashan AWS,18.5362,73.7928,12-05-2024 22:20,2024-05-12 22:20:00,2024,5,12,22,133,949.45
Pashan AWS,18.5362,73.7928,12-05-2024 22:25,2024-05-12 22:25:00,2024,5,12,22,133,949.38
Pashan AWS,18.5362,73.7928,12-05-2024 22:30,2024-05-12 22:30:00,2024,5,12,22,133,949.27
Pashan AWS,18.5362,73.7928,12-05-2024 22:35,2024-05-12 22:35:00,2024,5,12,22,133,949.06
Pashan AWS,18.5362,73.7928,12-05-2024 22:40,2024-05-12 22:40:00,2024,5,12,22,133,949.01
Pashan AWS,18.5362,73.7928,12-05-2024 22:45,2024-05-12 22:45:00,2024,5,12,22,133,948.85
Pashan AWS,18.5362,73.7928,12-05-2024 22:50,2024-05-12 22:50:00,2024,5,12,22,133,948.72
Pashan AWS,18.5362,73.7928,12-05-2024 22:55,2024-05-12 22:55:00,2024,5,12,22,133,948.55
Pashan AWS,18.5362,73.7928,12-05-2024 23:00,2024-05-12 23:00:00,2024,5,12,23,133,948.46
Pashan AWS,18.5362,73.7928,12-05-2024 23:05,2024-05-12 23:05:00,2024,5,12,23,133,948.4
Pashan AWS,18.5362,73.7928,12-05-2024 23:10,2024-05-12 23:10:00,2024,5,12,23,133,948.37
Pashan AWS,18.5362,73.7928,12-05-2024 23:15,2024-05-12 23:15:00,2024,5,12,23,133,948.26
Pashan AWS,18.5362,73.7928,12-05-2024 23:20,2024-05-12 23:20:00,2024,5,12,23,133,948.3
Pashan AWS,18.5362,73.7928,12-05-2024 23:25,2024-05-12 23:25:00,2024,5,12,23,133,948.23
Pashan AWS,18.5362,73.7928,12-05-2024 23:30,2024-05-12 23:30:00,2024,5,12,23,133,948.12
Pashan AWS,18.5362,73.7928,12-05-2024 23:35,2024-05-12 23:35:00,2024,5,12,23,133,948.09
Pashan AWS,18.5362,73.7928,12-05-2024 23:40,2024-05-12 23:40:00,2024,5,12,23,133,948.2
Pashan AWS,18.5362,73.7928,12-05-2024 23:45,2024-05-12 23:45:00,2024,5,12,23,133,948.18
Pashan AWS,18.5362,73.7928,12-05-2024 23:50,2024-05-12 23:50:00,2024,5,12,23,133,948.11
Pashan AWS,18.5362,73.7928,12-05-2024 23:55,2024-05-12 23:55:00,2024,5,12,23,133,947.95
Pashan AWS,18.5362,73.7928,13-05-2024 00:00,2024-05-13 00:00:00,2024,5,13,0,134,947.89
Pashan AWS,18.5362,73.7928,13-05-2024 00:05,2024-05-13 00:05:00,2024,5,13,0,134,947.88
Pashan AWS,18.5362,73.7928,13-05-2024 00:10,2024-05-13 00:10:00,2024,5,13,0,134,947.82
Pashan AWS,18.5362,73.7928,13-05-2024 00:15,2024-05-13 00:15:00,2024,5,13,0,134,947.66
Pashan AWS,18.5362,73.7928,13-05-2024 00:20,2024-05-13 00:20:00,2024,5,13,0,134,947.58
Pashan AWS,18.5362,73.7928,13-05-2024 00:25,2024-05-13 00:25:00,2024,5,13,0,134,947.68
Pashan AWS,18.5362,73.7928,13-05-2024 00:30,2024-05-13 00:30:00,2024,5,13,0,134,947.78
Pashan AWS,18.5362,73.7928,13-05-2024 00:35,2024-05-13 00:35:00,2024,5,13,0,134,947.69
Pashan AWS,18.5362,73.7928,13-05-2024 00:40,2024-05-13 00:40:00,2024,5,13,0,134,947.74
Pashan AWS,18.5362,73.7928,13-05-2024 00:45,2024-05-13 00:45:00,2024,5,13,0,134,947.63
Pashan AWS,18.5362,73.7928,13-05-2024 00:50,2024-05-13 00:50:00,2024,5,13,0,134,947.74
Pashan AWS,18.5362,73.7928,13-05-2024 00:55,2024-05-13 00:55:00,2024,5,13,0,134,947.76
Pashan AWS,18.5362,73.7928,13-05-2024 01:00,2024-05-13 01:00:00,2024,5,13,1,134,947.83
Pashan AWS,18.5362,73.7928,13-05-2024 01:05,2024-05-13 01:05:00,2024,5,13,1,134,947.69
Pashan AWS,18.5362,73.7928,13-05-2024 01:10,2024-05-13 01:10:00,2024,5,13,1,134,947.75
Pashan AWS,18.5362,73.7928,13-05-2024 01:15,2024-05-13 01:15:00,2024,5,13,1,134,947.76
Pashan AWS,18.5362,73.7928,13-05-2024 01:20,2024-05-13 01:20:00,2024,5,13,1,134,947.83
Pashan AWS,18.5362,73.7928,13-05-2024 01:25,2024-05-13 01:25:00,2024,5,13,1,134,947.92
Pashan AWS,18.5362,73.7928,13-05-2024 01:30,2024-05-13 01:30:00,2024,5,13,1,134,947.93
Pashan AWS,18.5362,73.7928,13-05-2024 01:35,2024-05-13 01:35:00,2024,5,13,1,134,947.9
Pashan AWS,18.5362,73.7928,13-05-2024 01:40,2024-05-13 01:40:00,2024,5,13,1,134,947.98
Pashan AWS,18.5362,73.7928,13-05-2024 01:45,2024-05-13 01:45:00,2024,5,13,1,134,947.99
Pashan AWS,18.5362,73.7928,13-05-2024 01:50,2024-05-13 01:50:00,2024,5,13,1,134,947.94
Pashan AWS,18.5362,73.7928,13-05-2024 01:55,2024-05-13 01:55:00,2024,5,13,1,134,947.89
Pashan AWS,18.5362,73.7928,13-05-2024 02:00,2024-05-13 02:00:00,2024,5,13,2,134,947.81
Pashan AWS,18.5362,73.7928,13-05-2024 02:05,2024-05-13 02:05:00,2024,5,13,2,134,947.81
Pashan AWS,18.5362,73.7928,13-05-2024 02:10,2024-05-13 02:10:00,2024,5,13,2,134,947.94
Pashan AWS,18.5362,73.7928,13-05-2024 02:15,2024-05-13 02:15:00,2024,5,13,2,134,948.0
Pashan AWS,18.5362,73.7928,13-05-2024 02:20,2024-05-13 02:20:00,2024,5,13,2,134,948.0
Pashan AWS,18.5362,73.7928,13-05-2024 02:25,2024-05-13 02:25:00,2024,5,13,2,134,948.11
Pashan AWS,18.5362,73.7928,13-05-2024 02:30,2024-05-13 02:30:00,2024,5,13,2,134,948.09
Pashan AWS,18.5362,73.7928,13-05-2024 02:35,2024-05-13 02:35:00,2024,5,13,2,134,948.15
Pashan AWS,18.5362,73.7928,13-05-2024 02:40,2024-05-13 02:40:00,2024,5,13,2,134,948.19
Pashan AWS,18.5362,73.7928,13-05-2024 02:45,2024-05-13 02:45:00,2024,5,13,2,134,948.31
Pashan AWS,18.5362,73.7928,13-05-2024 02:50,2024-05-13 02:50:00,2024,5,13,2,134,948.24
Pashan AWS,18.5362,73.7928,13-05-2024 02:55,2024-05-13 02:55:00,2024,5,13,2,134,948.23
Pashan AWS,18.5362,73.7928,13-05-2024 03:00,2024-05-13 03:00:00,2024,5,13,3,134,948.17
Pashan AWS,18.5362,73.7928,13-05-2024 03:05,2024-05-13 03:05:00,2024,5,13,3,134,948.22
Pashan AWS,18.5362,73.7928,13-05-2024 03:10,2024-05-13 03:10:00,2024,5,13,3,134,948.39
Pashan AWS,18.5362,73.7928,13-05-2024 03:15,2024-05-13 03:15:00,2024,5,13,3,134,948.42
Pashan AWS,18.5362,73.7928,13-05-2024 03:20,2024-05-13 03:20:00,2024,5,13,3,134,948.45
Pashan AWS,18.5362,73.7928,13-05-2024 03:25,2024-05-13 03:25:00,2024,5,13,3,134,948.6
Pashan AWS,18.5362,73.7928,13-05-2024 03:30,2024-05-13 03:30:00,2024,5,13,3,134,948.76
Pashan AWS,18.5362,73.7928,13-05-2024 03:35,2024-05-13 03:35:00,2024,5,13,3,134,948.82
Pashan AWS,18.5362,73.7928,13-05-2024 03:40,2024-05-13 03:40:00,2024,5,13,3,134,948.94
Pashan AWS,18.5362,73.7928,13-05-2024 03:45,2024-05-13 03:45:00,2024,5,13,3,134,948.93
Pashan AWS,18.5362,73.7928,13-05-2024 03:50,2024-05-13 03:50:00,2024,5,13,3,134,949.11
Pashan AWS,18.5362,73.7928,13-05-2024 03:55,2024-05-13 03:55:00,2024,5,13,3,134,949.35
Pashan AWS,18.5362,73.7928,13-05-2024 04:00,2024-05-13 04:00:00,2024,5,13,4,134,949.46
Pashan AWS,18.5362,73.7928,13-05-2024 04:05,2024-05-13 04:05:00,2024,5,13,4,134,949.35
Pashan AWS,18.5362,73.7928,13-05-2024 04:10,2024-05-13 04:10:00,2024,5,13,4,134,949.37
Pashan AWS,18.5362,73.7928,13-05-2024 04:15,2024-05-13 04:15:00,2024,5,13,4,134,949.49
Pashan AWS,18.5362,73.7928,13-05-2024 04:20,2024-05-13 04:20:00,2024,5,13,4,134,949.52
Pashan AWS,18.5362,73.7928,13-05-2024 04:25,2024-05-13 04:25:00,2024,5,13,4,134,949.69
Pashan AWS,18.5362,73.7928,13-05-2024 04:30,2024-05-13 04:30:00,2024,5,13,4,134,949.8
Pashan AWS,18.5362,73.7928,13-05-2024 04:35,2024-05-13 04:35:00,2024,5,13,4,134,949.81
Pashan AWS,18.5362,73.7928,13-05-2024 04:40,2024-05-13 04:40:00,2024,5,13,4,134,949.87
Pashan AWS,18.5362,73.7928,13-05-2024 04:45,2024-05-13 04:45:00,2024,5,13,4,134,949.86
Pashan AWS,18.5362,73.7928,13-05-2024 04:50,2024-05-13 04:50:00,2024,5,13,4,134,949.91
Pashan AWS,18.5362,73.7928,13-05-2024 04:55,2024-05-13 04:55:00,2024,5,13,4,134,949.93
Pashan AWS,18.5362,73.7928,13-05-2024 05:00,2024-05-13 05:00:00,2024,5,13,5,134,950.09
Pashan AWS,18.5362,73.7928,13-05-2024 05:05,2024-05-13 05:05:00,2024,5,13,5,134,950.32
Pashan AWS,18.5362,73.7928,13-05-2024 05:10,2024-05-13 05:10:00,2024,5,13,5,134,950.25
Pashan AWS,18.5362,73.7928,13-05-2024 05:15,2024-05-13 05:15:00,2024,5,13,5,134,950.15
Pashan AWS,18.5362,73.7928,13-05-2024 05:20,2024-05-13 05:20:00,2024,5,13,5,134,950.19
Pashan AWS,18.5362,73.7928,13-05-2024 05:25,2024-05-13 05:25:00,2024,5,13,5,134,950.12
Pashan AWS,18.5362,73.7928,13-05-2024 05:30,2024-05-13 05:30:00,2024,5,13,5,134,950.19
Pashan AWS,18.5362,73.7928,13-05-2024 05:35,2024-05-13 05:35:00,2024,5,13,5,134,950.31
Pashan AWS,18.5362,73.7928,13-05-2024 05:40,2024-05-13 05:40:00,2024,5,13,5,134,950.48
Pashan AWS,18.5362,73.7928,13-05-2024 05:45,2024-05-13 05:45:00,2024,5,13,5,134,950.54
Pashan AWS,18.5362,73.7928,13-05-2024 05:50,2024-05-13 05:50:00,2024,5,13,5,134,950.57
Pashan AWS,18.5362,73.7928,13-05-2024 05:55,2024-05-13 05:55:00,2024,5,13,5,134,950.45
Pashan AWS,18.5362,73.7928,13-05-2024 06:00,2024-05-13 06:00:00,2024,5,13,6,134,950.49
Pashan AWS,18.5362,73.7928,13-05-2024 06:05,2024-05-13 06:05:00,2024,5,13,6,134,950.54
Pashan AWS,18.5362,73.7928,13-05-2024 06:10,2024-05-13 06:10:00,2024,5,13,6,134,950.63
Pashan AWS,18.5362,73.7928,13-05-2024 06:15,2024-05-13 06:15:00,2024,5,13,6,134,950.61
Pashan AWS,18.5362,73.7928,13-05-2024 06:20,2024-05-13 06:20:00,2024,5,13,6,134,950.61
Pashan AWS,18.5362,73.7928,13-05-2024 06:25,2024-05-13 06:25:00,2024,5,13,6,134,950.52
Pashan AWS,18.5362,73.7928,13-05-2024 06:30,2024-05-13 06:30:00,2024,5,13,6,134,950.37
Pashan AWS,18.5362,73.7928,13-05-2024 06:35,2024-05-13 06:35:00,2024,5,13,6,134,950.32
Pashan AWS,18.5362,73.7928,13-05-2024 06:40,2024-05-13 06:40:00,2024,5,13,6,134,950.24
Pashan AWS,18.5362,73.7928,13-05-2024 06:45,2024-05-13 06:45:00,2024,5,13,6,134,950.3
Pashan AWS,18.5362,73.7928,13-05-2024 06:50,2024-05-13 06:50:00,2024,5,13,6,134,950.3
Pashan AWS,18.5362,73.7928,13-05-2024 06:55,2024-05-13 06:55:00,2024,5,13,6,134,950.29
Pashan AWS,18.5362,73.7928,13-05-2024 07:00,2024-05-13 07:00:00,2024,5,13,7,134,950.24
Pashan AWS,18.5362,73.7928,13-05-2024 07:05,2024-05-13 07:05:00,2024,5,13,7,134,950.01
Pashan AWS,18.5362,73.7928,13-05-2024 07:10,2024-05-13 07:10:00,2024,5,13,7,134,950.17
Pashan AWS,18.5362,73.7928,13-05-2024 07:15,2024-05-13 07:15:00,2024,5,13,7,134,950.11
Pashan AWS,18.5362,73.7928,13-05-2024 07:20,2024-05-13 07:20:00,2024,5,13,7,134,950.11
Pashan AWS,18.5362,73.7928,13-05-2024 07:25,2024-05-13 07:25:00,2024,5,13,7,134,950.02
Pashan AWS,18.5362,73.7928,13-05-2024 07:30,2024-05-13 07:30:00,2024,5,13,7,134,950.12
Pashan AWS,18.5362,73.7928,13-05-2024 07:35,2024-05-13 07:35:00,2024,5,13,7,134,950.15
Pashan AWS,18.5362,73.7928,13-05-2024 07:40,2024-05-13 07:40:00,2024,5,13,7,134,950.09
Pashan AWS,18.5362,73.7928,13-05-2024 07:45,2024-05-13 07:45:00,2024,5,13,7,134,950.07
Pashan AWS,18.5362,73.7928,13-05-2024 07:50,2024-05-13 07:50:00,2024,5,13,7,134,950.22
Pashan AWS,18.5362,73.7928,13-05-2024 07:55,2024-05-13 07:55:00,2024,5,13,7,134,950.21
Pashan AWS,18.5362,73.7928,13-05-2024 08:00,2024-05-13 08:00:00,2024,5,13,8,134,950.2
Pashan AWS,18.5362,73.7928,13-05-2024 08:05,2024-05-13 08:05:00,2024,5,13,8,134,950.11
Pashan AWS,18.5362,73.7928,13-05-2024 08:10,2024-05-13 08:10:00,2024,5,13,8,134,949.96
Pashan AWS,18.5362,73.7928,13-05-2024 08:15,2024-05-13 08:15:00,2024,5,13,8,134,949.94
Pashan AWS,18.5362,73.7928,13-05-2024 08:20,2024-05-13 08:20:00,2024,5,13,8,134,949.96
Pashan AWS,18.5362,73.7928,13-05-2024 08:25,2024-05-13 08:25:00,2024,5,13,8,134,950.04
Pashan AWS,18.5362,73.7928,13-05-2024 08:30,2024-05-13 08:30:00,2024,5,13,8,134,949.84
Pashan AWS,18.5362,73.7928,13-05-2024 08:35,2024-05-13 08:35:00,2024,5,13,8,134,949.74
Pashan AWS,18.5362,73.7928,13-05-2024 08:40,2024-05-13 08:40:00,2024,5,13,8,134,949.68
Pashan AWS,18.5362,73.7928,13-05-2024 08:45,2024-05-13 08:45:00,2024,5,13,8,134,949.67
Pashan AWS,18.5362,73.7928,13-05-2024 08:50,2024-05-13 08:50:00,2024,5,13,8,134,949.64
Pashan AWS,18.5362,73.7928,13-05-2024 08:55,2024-05-13 08:55:00,2024,5,13,8,134,949.61
Pashan AWS,18.5362,73.7928,13-05-2024 09:00,2024-05-13 09:00:00,2024,5,13,9,134,949.62
Pashan AWS,18.5362,73.7928,13-05-2024 09:05,2024-05-13 09:05:00,2024,5,13,9,134,949.53
Pashan AWS,18.5362,73.7928,13-05-2024 09:10,2024-05-13 09:10:00,2024,5,13,9,134,949.58
Pashan AWS,18.5362,73.7928,13-05-2024 09:15,2024-05-13 09:15:00,2024,5,13,9,134,949.58
Pashan AWS,18.5362,73.7928,13-05-2024 09:20,2024-05-13 09:20:00,2024,5,13,9,134,949.52
Pashan AWS,18.5362,73.7928,13-05-2024 09:25,2024-05-13 09:25:00,2024,5,13,9,134,949.62
Pashan AWS,18.5362,73.7928,13-05-2024 09:30,2024-05-13 09:30:00,2024,5,13,9,134,949.7
Pashan AWS,18.5362,73.7928,13-05-2024 09:35,2024-05-13 09:35:00,2024,5,13,9,134,949.73
Pashan AWS,18.5362,73.7928,13-05-2024 09:40,2024-05-13 09:40:00,2024,5,13,9,134,949.44
Pashan AWS,18.5362,73.7928,13-05-2024 09:45,2024-05-13 09:45:00,2024,5,13,9,134,949.52
Pashan AWS,18.5362,73.7928,13-05-2024 09:50,2024-05-13 09:50:00,2024,5,13,9,134,949.54
Pashan AWS,18.5362,73.7928,13-05-2024 09:55,2024-05-13 09:55:00,2024,5,13,9,134,949.65
Pashan AWS,18.5362,73.7928,13-05-2024 10:00,2024-05-13 10:00:00,2024,5,13,10,134,949.69
Pashan AWS,18.5362,73.7928,13-05-2024 10:05,2024-05-13 10:05:00,2024,5,13,10,134,949.75
Pashan AWS,18.5362,73.7928,13-05-2024 10:10,2024-05-13 10:10:00,2024,5,13,10,134,949.76
Pashan AWS,18.5362,73.7928,13-05-2024 10:15,2024-05-13 10:15:00,2024,5,13,10,134,949.8
Pashan AWS,18.5362,73.7928,13-05-2024 10:20,2024-05-13 10:20:00,2024,5,13,10,134,949.88
Pashan AWS,18.5362,73.7928,13-05-2024 10:25,2024-05-13 10:25:00,2024,5,13,10,134,949.82
Pashan AWS,18.5362,73.7928,13-05-2024 10:30,2024-05-13 10:30:00,2024,5,13,10,134,949.62
Pashan AWS,18.5362,73.7928,13-05-2024 10:35,2024-05-13 10:35:00,2024,5,13,10,134,949.53
Pashan AWS,18.5362,73.7928,13-05-2024 10:40,2024-05-13 10:40:00,2024,5,13,10,134,949.49
Pashan AWS,18.5362,73.7928,13-05-2024 10:45,2024-05-13 10:45:00,2024,5,13,10,134,949.43
Pashan AWS,18.5362,73.7928,13-05-2024 10:50,2024-05-13 10:50:00,2024,5,13,10,134,949.26
Pashan AWS,18.5362,73.7928,13-05-2024 10:55,2024-05-13 10:55:00,2024,5,13,10,134,949.07
Pashan AWS,18.5362,73.7928,13-05-2024 11:00,2024-05-13 11:00:00,2024,5,13,11,134,948.96
Pashan AWS,18.5362,73.7928,13-05-2024 11:05,2024-05-13 11:05:00,2024,5,13,11,134,948.97
Pashan AWS,18.5362,73.7928,13-05-2024 11:10,2024-05-13 11:10:00,2024,5,13,11,134,949.05
Pashan AWS,18.5362,73.7928,13-05-2024 11:15,2024-05-13 11:15:00,2024,5,13,11,134,949.07
Pashan AWS,18.5362,73.7928,13-05-2024 11:20,2024-05-13 11:20:00,2024,5,13,11,134,949.1
Pashan AWS,18.5362,73.7928,13-05-2024 11:25,2024-05-13 11:25:00,2024,5,13,11,134,949.04
Pashan AWS,18.5362,73.7928,13-05-2024 11:30,2024-05-13 11:30:00,2024,5,13,11,134,948.85
Pashan AWS,18.5362,73.7928,13-05-2024 11:35,2024-05-13 11:35:00,2024,5,13,11,134,948.77
Pashan AWS,18.5362,73.7928,13-05-2024 11:40,2024-05-13 11:40:00,2024,5,13,11,134,948.7
Pashan AWS,18.5362,73.7928,13-05-2024 11:45,2024-05-13 11:45:00,2024,5,13,11,134,948.63
Pashan AWS,18.5362,73.7928,13-05-2024 11:50,2024-05-13 11:50:00,2024,5,13,11,134,948.6
Pashan AWS,18.5362,73.7928,13-05-2024 11:55,2024-05-13 11:55:00,2024,5,13,11,134,948.6
Pashan AWS,18.5362,73.7928,13-05-2024 12:00,2024-05-13 12:00:00,2024,5,13,12,134,948.64
Pashan AWS,18.5362,73.7928,13-05-2024 12:05,2024-05-13 12:05:00,2024,5,13,12,134,948.59
Pashan AWS,18.5362,73.7928,13-05-2024 12:10,2024-05-13 12:10:00,2024,5,13,12,134,948.41
Pashan AWS,18.5362,73.7928,13-05-2024 12:15,2024-05-13 12:15:00,2024,5,13,12,134,948.35
Pashan AWS,18.5362,73.7928,13-05-2024 12:20,2024-05-13 12:20:00,2024,5,13,12,134,948.35
Pashan AWS,18.5362,73.7928,13-05-2024 12:25,2024-05-13 12:25:00,2024,5,13,12,134,948.43
Pashan AWS,18.5362,73.7928,13-05-2024 12:30,2024-05-13 12:30:00,2024,5,13,12,134,948.38
Pashan AWS,18.5362,73.7928,13-05-2024 12:35,2024-05-13 12:35:00,2024,5,13,12,134,948.41
Pashan AWS,18.5362,73.7928,13-05-2024 12:40,2024-05-13 12:40:00,2024,5,13,12,134,948.43
Pashan AWS,18.5362,73.7928,13-05-2024 12:45,2024-05-13 12:45:00,2024,5,13,12,134,948.43
Pashan AWS,18.5362,73.7928,13-05-2024 12:50,2024-05-13 12:50:00,2024,5,13,12,134,948.5
Pashan AWS,18.5362,73.7928,13-05-2024 12:55,2024-05-13 12:55:00,2024,5,13,12,134,948.44
Pashan AWS,18.5362,73.7928,13-05-2024 13:00,2024-05-13 13:00:00,2024,5,13,13,134,948.4
Pashan AWS,18.5362,73.7928,13-05-2024 13:05,2024-05-13 13:05:00,2024,5,13,13,134,948.41
Pashan AWS,18.5362,73.7928,13-05-2024 13:10,2024-05-13 13:10:00,2024,5,13,13,134,948.37
Pashan AWS,18.5362,73.7928,13-05-2024 13:15,2024-05-13 13:15:00,2024,5,13,13,134,948.43
Pashan AWS,18.5362,73.7928,13-05-2024 13:20,2024-05-13 13:20:00,2024,5,13,13,134,948.39
Pashan AWS,18.5362,73.7928,13-05-2024 13:25,2024-05-13 13:25:00,2024,5,13,13,134,948.43
Pashan AWS,18.5362,73.7928,13-05-2024 13:30,2024-05-13 13:30:00,2024,5,13,13,134,948.45
Pashan AWS,18.5362,73.7928,13-05-2024 13:35,2024-05-13 13:35:00,2024,5,13,13,134,948.49
Pashan AWS,18.5362,73.7928,13-05-2024 13:40,2024-05-13 13:40:00,2024,5,13,13,134,948.49
Pashan AWS,18.5362,73.7928,13-05-2024 13:45,2024-05-13 13:45:00,2024,5,13,13,134,948.49
Pashan AWS,18.5362,73.7928,13-05-2024 13:50,2024-05-13 13:50:00,2024,5,13,13,134,948.54
Pashan AWS,18.5362,73.7928,13-05-2024 13:55,2024-05-13 13:55:00,2024,5,13,13,134,948.6
Pashan AWS,18.5362,73.7928,13-05-2024 14:00,2024-05-13 14:00:00,2024,5,13,14,134,948.64
Pashan AWS,18.5362,73.7928,13-05-2024 14:05,2024-05-13 14:05:00,2024,5,13,14,134,948.82
Pashan AWS,18.5362,73.7928,13-05-2024 14:10,2024-05-13 14:10:00,2024,5,13,14,134,948.78
Pashan AWS,18.5362,73.7928,13-05-2024 14:15,2024-05-13 14:15:00,2024,5,13,14,134,948.82
Pashan AWS,18.5362,73.7928,13-05-2024 14:20,2024-05-13 14:20:00,2024,5,13,14,134,948.75
Pashan AWS,18.5362,73.7928,13-05-2024 14:25,2024-05-13 14:25:00,2024,5,13,14,134,948.83
Pashan AWS,18.5362,73.7928,13-05-2024 14:30,2024-05-13 14:30:00,2024,5,13,14,134,948.8
Pashan AWS,18.5362,73.7928,13-05-2024 14:35,2024-05-13 14:35:00,2024,5,13,14,134,948.84
Pashan AWS,18.5362,73.7928,13-05-2024 14:40,2024-05-13 14:40:00,2024,5,13,14,134,948.88
Pashan AWS,18.5362,73.7928,13-05-2024 14:45,2024-05-13 14:45:00,2024,5,13,14,134,948.97
Pashan AWS,18.5362,73.7928,13-05-2024 14:50,2024-05-13 14:50:00,2024,5,13,14,134,948.99
Pashan AWS,18.5362,73.7928,13-05-2024 14:55,2024-05-13 14:55:00,2024,5,13,14,134,949.02
Pashan AWS,18.5362,73.7928,13-05-2024 15:00,2024-05-13 15:00:00,2024,5,13,15,134,949.21
Pashan AWS,18.5362,73.7928,13-05-2024 15:05,2024-05-13 15:05:00,2024,5,13,15,134,949.3
Pashan AWS,18.5362,73.7928,13-05-2024 15:10,2024-05-13 15:10:00,2024,5,13,15,134,949.33
Pashan AWS,18.5362,73.7928,13-05-2024 15:15,2024-05-13 15:15:00,2024,5,13,15,134,949.38
Pashan AWS,18.5362,73.7928,13-05-2024 15:20,2024-05-13 15:20:00,2024,5,13,15,134,949.59
Pashan AWS,18.5362,73.7928,13-05-2024 15:25,2024-05-13 15:25:00,2024,5,13,15,134,949.65
Pashan AWS,18.5362,73.7928,13-05-2024 15:30,2024-05-13 15:30:00,2024,5,13,15,134,949.66
Pashan AWS,18.5362,73.7928,13-05-2024 15:35,2024-05-13 15:35:00,2024,5,13,15,134,949.69
Pashan AWS,18.5362,73.7928,13-05-2024 15:40,2024-05-13 15:40:00,2024,5,13,15,134,949.72
Pashan AWS,18.5362,73.7928,13-05-2024 15:45,2024-05-13 15:45:00,2024,5,13,15,134,949.75
Pashan AWS,18.5362,73.7928,13-05-2024 15:50,2024-05-13 15:50:00,2024,5,13,15,134,949.74
Pashan AWS,18.5362,73.7928,13-05-2024 15:55,2024-05-13 15:55:00,2024,5,13,15,134,949.73
Pashan AWS,18.5362,73.7928,13-05-2024 16:00,2024-05-13 16:00:00,2024,5,13,16,134,949.76
Pashan AWS,18.5362,73.7928,13-05-2024 16:05,2024-05-13 16:05:00,2024,5,13,16,134,949.9
Pashan AWS,18.5362,73.7928,13-05-2024 16:10,2024-05-13 16:10:00,2024,5,13,16,134,949.96
Pashan AWS,18.5362,73.7928,13-05-2024 16:15,2024-05-13 16:15:00,2024,5,13,16,134,950.03
Pashan AWS,18.5362,73.7928,13-05-2024 16:20,2024-05-13 16:20:00,2024,5,13,16,134,950.22
Pashan AWS,18.5362,73.7928,13-05-2024 16:25,2024-05-13 16:25:00,2024,5,13,16,134,950.41
Pashan AWS,18.5362,73.7928,13-05-2024 16:30,2024-05-13 16:30:00,2024,5,13,16,134,950.47
Pashan AWS,18.5362,73.7928,13-05-2024 16:35,2024-05-13 16:35:00,2024,5,13,16,134,950.5
Pashan AWS,18.5362,73.7928,13-05-2024 16:40,2024-05-13 16:40:00,2024,5,13,16,134,950.51
Pashan AWS,18.5362,73.7928,13-05-2024 16:45,2024-05-13 16:45:00,2024,5,13,16,134,950.65
Pashan AWS,18.5362,73.7928,13-05-2024 16:50,2024-05-13 16:50:00,2024,5,13,16,134,950.71
Pashan AWS,18.5362,73.7928,13-05-2024 16:55,2024-05-13 16:55:00,2024,5,13,16,134,950.75
Pashan AWS,18.5362,73.7928,13-05-2024 17:00,2024-05-13 17:00:00,2024,5,13,17,134,950.77
Pashan AWS,18.5362,73.7928,13-05-2024 17:05,2024-05-13 17:05:00,2024,5,13,17,134,950.78
Pashan AWS,18.5362,73.7928,13-05-2024 17:10,2024-05-13 17:10:00,2024,5,13,17,134,950.89
Pashan AWS,18.5362,73.7928,13-05-2024 17:15,2024-05-13 17:15:00,2024,5,13,17,134,950.86
Pashan AWS,18.5362,73.7928,13-05-2024 17:20,2024-05-13 17:20:00,2024,5,13,17,134,951.01
Pashan AWS,18.5362,73.7928,13-05-2024 17:25,2024-05-13 17:25:00,2024,5,13,17,134,951.04
Pashan AWS,18.5362,73.7928,13-05-2024 17:30,2024-05-13 17:30:00,2024,5,13,17,134,951.1
Pashan AWS,18.5362,73.7928,13-05-2024 17:35,2024-05-13 17:35:00,2024,5,13,17,134,951.06
Pashan AWS,18.5362,73.7928,13-05-2024 17:40,2024-05-13 17:40:00,2024,5,13,17,134,951.13
Pashan AWS,18.5362,73.7928,13-05-2024 17:45,2024-05-13 17:45:00,2024,5,13,17,134,951.17
Pashan AWS,18.5362,73.7928,13-05-2024 17:50,2024-05-13 17:50:00,2024,5,13,17,134,951.23
Pashan AWS,18.5362,73.7928,13-05-2024 17:55,2024-05-13 17:55:00,2024,5,13,17,134,951.41
Pashan AWS,18.5362,73.7928,13-05-2024 18:00,2024-05-13 18:00:00,2024,5,13,18,134,951.48
Pashan AWS,18.5362,73.7928,13-05-2024 18:05,2024-05-13 18:05:00,2024,5,13,18,134,951.47
Pashan AWS,18.5362,73.7928,13-05-2024 18:10,2024-05-13 18:10:00,2024,5,13,18,134,951.47
Pashan AWS,18.5362,73.7928,13-05-2024 18:15,2024-05-13 18:15:00,2024,5,13,18,134,951.56
Pashan AWS,18.5362,73.7928,13-05-2024 18:20,2024-05-13 18:20:00,2024,5,13,18,134,951.71
Pashan AWS,18.5362,73.7928,13-05-2024 18:25,2024-05-13 18:25:00,2024,5,13,18,134,951.77
Pashan AWS,18.5362,73.7928,13-05-2024 18:30,2024-05-13 18:30:00,2024,5,13,18,134,951.86
Pashan AWS,18.5362,73.7928,13-05-2024 18:35,2024-05-13 18:35:00,2024,5,13,18,134,951.94
Pashan AWS,18.5362,73.7928,13-05-2024 18:40,2024-05-13 18:40:00,2024,5,13,18,134,952.08
Pashan AWS,18.5362,73.7928,13-05-2024 18:45,2024-05-13 18:45:00,2024,5,13,18,134,951.94
Pashan AWS,18.5362,73.7928,13-05-2024 18:50,2024-05-13 18:50:00,2024,5,13,18,134,952.01
Pashan AWS,18.5362,73.7928,13-05-2024 18:55,2024-05-13 18:55:00,2024,5,13,18,134,952.11
Pashan AWS,18.5362,73.7928,13-05-2024 19:00,2024-05-13 19:00:00,2024,5,13,19,134,952.01
Pashan AWS,18.5362,73.7928,13-05-2024 19:05,2024-05-13 19:05:00,2024,5,13,19,134,951.95
Pashan AWS,18.5362,73.7928,13-05-2024 19:10,2024-05-13 19:10:00,2024,5,13,19,134,951.89
Pashan AWS,18.5362,73.7928,13-05-2024 19:15,2024-05-13 19:15:00,2024,5,13,19,134,951.84
Pashan AWS,18.5362,73.7928,13-05-2024 19:20,2024-05-13 19:20:00,2024,5,13,19,134,951.81
Pashan AWS,18.5362,73.7928,13-05-2024 19:25,2024-05-13 19:25:00,2024,5,13,19,134,951.84
Pashan AWS,18.5362,73.7928,13-05-2024 19:30,2024-05-13 19:30:00,2024,5,13,19,134,951.92
Pashan AWS,18.5362,73.7928,13-05-2024 19:35,2024-05-13 19:35:00,2024,5,13,19,134,952.0
Pashan AWS,18.5362,73.7928,13-05-2024 19:40,2024-05-13 19:40:00,2024,5,13,19,134,951.93
Pashan AWS,18.5362,73.7928,13-05-2024 19:45,2024-05-13 19:45:00,2024,5,13,19,134,951.85
Pashan AWS,18.5362,73.7928,13-05-2024 19:50,2024-05-13 19:50:00,2024,5,13,19,134,951.95
Pashan AWS,18.5362,73.7928,13-05-2024 19:55,2024-05-13 19:55:00,2024,5,13,19,134,951.98
Pashan AWS,18.5362,73.7928,13-05-2024 20:00,2024-05-13 20:00:00,2024,5,13,20,134,951.97
Pashan AWS,18.5362,73.7928,13-05-2024 20:05,2024-05-13 20:05:00,2024,5,13,20,134,951.98
Pashan AWS,18.5362,73.7928,13-05-2024 20:10,2024-05-13 20:10:00,2024,5,13,20,134,951.95
Pashan AWS,18.5362,73.7928,13-05-2024 20:15,2024-05-13 20:15:00,2024,5,13,20,134,951.97
Pashan AWS,18.5362,73.7928,13-05-2024 20:20,2024-05-13 20:20:00,2024,5,13,20,134,951.91
Pashan AWS,18.5362,73.7928,13-05-2024 20:25,2024-05-13 20:25:00,2024,5,13,20,134,951.9
Pashan AWS,18.5362,73.7928,13-05-2024 20:30,2024-05-13 20:30:00,2024,5,13,20,134,951.74
Pashan AWS,18.5362,73.7928,13-05-2024 20:35,2024-05-13 20:35:00,2024,5,13,20,134,951.65
Pashan AWS,18.5362,73.7928,13-05-2024 20:40,2024-05-13 20:40:00,2024,5,13,20,134,951.56
Pashan AWS,18.5362,73.7928,13-05-2024 20:45,2024-05-13 20:45:00,2024,5,13,20,134,951.5
Pashan AWS,18.5362,73.7928,13-05-2024 20:50,2024-05-13 20:50:00,2024,5,13,20,134,951.39
Pashan AWS,18.5362,73.7928,13-05-2024 20:55,2024-05-13 20:55:00,2024,5,13,20,134,951.31
Pashan AWS,18.5362,73.7928,13-05-2024 21:00,2024-05-13 21:00:00,2024,5,13,21,134,951.16
Pashan AWS,18.5362,73.7928,13-05-2024 21:05,2024-05-13 21:05:00,2024,5,13,21,134,951.17
Pashan AWS,18.5362,73.7928,13-05-2024 21:10,2024-05-13 21:10:00,2024,5,13,21,134,951.13
Pashan AWS,18.5362,73.7928,13-05-2024 21:15,2024-05-13 21:15:00,2024,5,13,21,134,950.96
Pashan AWS,18.5362,73.7928,13-05-2024 21:20,2024-05-13 21:20:00,2024,5,13,21,134,950.86
Pashan AWS,18.5362,73.7928,13-05-2024 21:25,2024-05-13 21:25:00,2024,5,13,21,134,950.86
Pashan AWS,18.5362,73.7928,13-05-2024 21:30,2024-05-13 21:30:00,2024,5,13,21,134,950.78
Pashan AWS,18.5362,73.7928,13-05-2024 21:35,2024-05-13 21:35:00,2024,5,13,21,134,950.69
Pashan AWS,18.5362,73.7928,13-05-2024 21:40,2024-05-13 21:40:00,2024,5,13,21,134,950.65
Pashan AWS,18.5362,73.7928,13-05-2024 21:45,2024-05-13 21:45:00,2024,5,13,21,134,950.64
Pashan AWS,18.5362,73.7928,13-05-2024 21:50,2024-05-13 21:50:00,2024,5,13,21,134,950.49
Pashan AWS,18.5362,73.7928,13-05-2024 21:55,2024-05-13 21:55:00,2024,5,13,21,134,950.51
Pashan AWS,18.5362,73.7928,13-05-2024 22:00,2024-05-13 22:00:00,2024,5,13,22,134,950.41
Pashan AWS,18.5362,73.7928,13-05-2024 22:05,2024-05-13 22:05:00,2024,5,13,22,134,950.37
Pashan AWS,18.5362,73.7928,13-05-2024 22:10,2024-05-13 22:10:00,2024,5,13,22,134,950.33
Pashan AWS,18.5362,73.7928,13-05-2024 22:15,2024-05-13 22:15:00,2024,5,13,22,134,950.26
Pashan AWS,18.5362,73.7928,13-05-2024 22:20,2024-05-13 22:20:00,2024,5,13,22,134,950.14
Pashan AWS,18.5362,73.7928,13-05-2024 22:25,2024-05-13 22:25:00,2024,5,13,22,134,950.09
Pashan AWS,18.5362,73.7928,13-05-2024 22:30,2024-05-13 22:30:00,2024,5,13,22,134,950.19
Pashan AWS,18.5362,73.7928,13-05-2024 22:35,2024-05-13 22:35:00,2024,5,13,22,134,950.05
Pashan AWS,18.5362,73.7928,13-05-2024 22:40,2024-05-13 22:40:00,2024,5,13,22,134,950.15
Pashan AWS,18.5362,73.7928,13-05-2024 22:45,2024-05-13 22:45:00,2024,5,13,22,134,950.1
Pashan AWS,18.5362,73.7928,13-05-2024 22:50,2024-05-13 22:50:00,2024,5,13,22,134,950.06
Pashan AWS,18.5362,73.7928,13-05-2024 22:55,2024-05-13 22:55:00,2024,5,13,22,134,949.94
Pashan AWS,18.5362,73.7928,13-05-2024 23:00,2024-05-13 23:00:00,2024,5,13,23,134,949.85
Pashan AWS,18.5362,73.7928,13-05-2024 23:05,2024-05-13 23:05:00,2024,5,13,23,134,949.78
Pashan AWS,18.5362,73.7928,13-05-2024 23:10,2024-05-13 23:10:00,2024,5,13,23,134,949.68
Pashan AWS,18.5362,73.7928,13-05-2024 23:15,2024-05-13 23:15:00,2024,5,13,23,134,949.64
Pashan AWS,18.5362,73.7928,13-05-2024 23:20,2024-05-13 23:20:00,2024,5,13,23,134,949.59
Pashan AWS,18.5362,73.7928,13-05-2024 23:25,2024-05-13 23:25:00,2024,5,13,23,134,949.72
Pashan AWS,18.5362,73.7928,13-05-2024 23:30,2024-05-13 23:30:00,2024,5,13,23,134,949.61
Pashan AWS,18.5362,73.7928,13-05-2024 23:35,2024-05-13 23:35:00,2024,5,13,23,134,949.6
Pashan AWS,18.5362,73.7928,13-05-2024 23:40,2024-05-13 23:40:00,2024,5,13,23,134,949.61
Pashan AWS,18.5362,73.7928,13-05-2024 23:45,2024-05-13 23:45:00,2024,5,13,23,134,949.51
Pashan AWS,18.5362,73.7928,13-05-2024 23:50,2024-05-13 23:50:00,2024,5,13,23,134,949.55
Pashan AWS,18.5362,73.7928,13-05-2024 23:55,2024-05-13 23:55:00,2024,5,13,23,134,949.51
Pashan AWS,18.5362,73.7928,14-05-2024 00:00,2024-05-14 00:00:00,2024,5,14,0,135,949.3
Pashan AWS,18.5362,73.7928,14-05-2024 00:05,2024-05-14 00:05:00,2024,5,14,0,135,949.36
Pashan AWS,18.5362,73.7928,14-05-2024 00:10,2024-05-14 00:10:00,2024,5,14,0,135,949.27
Pashan AWS,18.5362,73.7928,14-05-2024 00:15,2024-05-14 00:15:00,2024,5,14,0,135,949.2
Pashan AWS,18.5362,73.7928,14-05-2024 00:20,2024-05-14 00:20:00,2024,5,14,0,135,949.27
Pashan AWS,18.5362,73.7928,14-05-2024 00:25,2024-05-14 00:25:00,2024,5,14,0,135,949.25
Pashan AWS,18.5362,73.7928,14-05-2024 00:30,2024-05-14 00:30:00,2024,5,14,0,135,949.34
Pashan AWS,18.5362,73.7928,14-05-2024 00:35,2024-05-14 00:35:00,2024,5,14,0,135,949.45
Pashan AWS,18.5362,73.7928,14-05-2024 00:40,2024-05-14 00:40:00,2024,5,14,0,135,949.41
Pashan AWS,18.5362,73.7928,14-05-2024 00:45,2024-05-14 00:45:00,2024,5,14,0,135,949.49
Pashan AWS,18.5362,73.7928,14-05-2024 00:50,2024-05-14 00:50:00,2024,5,14,0,135,949.45
Pashan AWS,18.5362,73.7928,14-05-2024 00:55,2024-05-14 00:55:00,2024,5,14,0,135,949.65
Pashan AWS,18.5362,73.7928,14-05-2024 01:00,2024-05-14 01:00:00,2024,5,14,1,135,949.61
Pashan AWS,18.5362,73.7928,14-05-2024 01:05,2024-05-14 01:05:00,2024,5,14,1,135,949.71
Pashan AWS,18.5362,73.7928,14-05-2024 01:10,2024-05-14 01:10:00,2024,5,14,1,135,949.8
Pashan AWS,18.5362,73.7928,14-05-2024 01:15,2024-05-14 01:15:00,2024,5,14,1,135,949.85
Pashan AWS,18.5362,73.7928,14-05-2024 01:20,2024-05-14 01:20:00,2024,5,14,1,135,949.81
Pashan AWS,18.5362,73.7928,14-05-2024 01:25,2024-05-14 01:25:00,2024,5,14,1,135,949.83
Pashan AWS,18.5362,73.7928,14-05-2024 01:30,2024-05-14 01:30:00,2024,5,14,1,135,949.69
Pashan AWS,18.5362,73.7928,14-05-2024 01:35,2024-05-14 01:35:00,2024,5,14,1,135,949.74
Pashan AWS,18.5362,73.7928,14-05-2024 01:40,2024-05-14 01:40:00,2024,5,14,1,135,949.81
Pashan AWS,18.5362,73.7928,14-05-2024 01:45,2024-05-14 01:45:00,2024,5,14,1,135,949.87
Pashan AWS,18.5362,73.7928,14-05-2024 01:50,2024-05-14 01:50:00,2024,5,14,1,135,949.67
Pashan AWS,18.5362,73.7928,14-05-2024 01:55,2024-05-14 01:55:00,2024,5,14,1,135,949.63
Pashan AWS,18.5362,73.7928,14-05-2024 02:00,2024-05-14 02:00:00,2024,5,14,2,135,949.63
Pashan AWS,18.5362,73.7928,14-05-2024 02:05,2024-05-14 02:05:00,2024,5,14,2,135,949.72
Pashan AWS,18.5362,73.7928,14-05-2024 02:10,2024-05-14 02:10:00,2024,5,14,2,135,949.81
Pashan AWS,18.5362,73.7928,14-05-2024 02:15,2024-05-14 02:15:00,2024,5,14,2,135,949.86
Pashan AWS,18.5362,73.7928,14-05-2024 02:20,2024-05-14 02:20:00,2024,5,14,2,135,949.98
Pashan AWS,18.5362,73.7928,14-05-2024 02:25,2024-05-14 02:25:00,2024,5,14,2,135,949.97
Pashan AWS,18.5362,73.7928,14-05-2024 02:30,2024-05-14 02:30:00,2024,5,14,2,135,950.09
Pashan AWS,18.5362,73.7928,14-05-2024 02:35,2024-05-14 02:35:00,2024,5,14,2,135,950.2
Pashan AWS,18.5362,73.7928,14-05-2024 02:40,2024-05-14 02:40:00,2024,5,14,2,135,950.31
Pashan AWS,18.5362,73.7928,14-05-2024 02:45,2024-05-14 02:45:00,2024,5,14,2,135,950.36
Pashan AWS,18.5362,73.7928,14-05-2024 02:50,2024-05-14 02:50:00,2024,5,14,2,135,950.59
Pashan AWS,18.5362,73.7928,14-05-2024 02:55,2024-05-14 02:55:00,2024,5,14,2,135,950.7
Pashan AWS,18.5362,73.7928,14-05-2024 03:00,2024-05-14 03:00:00,2024,5,14,3,135,950.69
Pashan AWS,18.5362,73.7928,14-05-2024 03:05,2024-05-14 03:05:00,2024,5,14,3,135,950.78
Pashan AWS,18.5362,73.7928,14-05-2024 03:10,2024-05-14 03:10:00,2024,5,14,3,135,950.92
Pashan AWS,18.5362,73.7928,14-05-2024 03:15,2024-05-14 03:15:00,2024,5,14,3,135,950.94
Pashan AWS,18.5362,73.7928,14-05-2024 03:20,2024-05-14 03:20:00,2024,5,14,3,135,951.11
Pashan AWS,18.5362,73.7928,14-05-2024 03:25,2024-05-14 03:25:00,2024,5,14,3,135,951.21
Pashan AWS,18.5362,73.7928,14-05-2024 03:30,2024-05-14 03:30:00,2024,5,14,3,135,951.09
Pashan AWS,18.5362,73.7928,14-05-2024 03:35,2024-05-14 03:35:00,2024,5,14,3,135,951.2
Pashan AWS,18.5362,73.7928,14-05-2024 03:40,2024-05-14 03:40:00,2024,5,14,3,135,951.25
Pashan AWS,18.5362,73.7928,14-05-2024 03:45,2024-05-14 03:45:00,2024,5,14,3,135,951.37
Pashan AWS,18.5362,73.7928,14-05-2024 03:50,2024-05-14 03:50:00,2024,5,14,3,135,951.53
Pashan AWS,18.5362,73.7928,14-05-2024 03:55,2024-05-14 03:55:00,2024,5,14,3,135,951.62
Pashan AWS,18.5362,73.7928,14-05-2024 04:00,2024-05-14 04:00:00,2024,5,14,4,135,951.83
Pashan AWS,18.5362,73.7928,14-05-2024 04:05,2024-05-14 04:05:00,2024,5,14,4,135,951.89
Pashan AWS,18.5362,73.7928,14-05-2024 04:10,2024-05-14 04:10:00,2024,5,14,4,135,952.01
Pashan AWS,18.5362,73.7928,14-05-2024 04:15,2024-05-14 04:15:00,2024,5,14,4,135,952.14
Pashan AWS,18.5362,73.7928,14-05-2024 04:20,2024-05-14 04:20:00,2024,5,14,4,135,952.2
Pashan AWS,18.5362,73.7928,14-05-2024 04:25,2024-05-14 04:25:00,2024,5,14,4,135,952.33
Pashan AWS,18.5362,73.7928,14-05-2024 04:30,2024-05-14 04:30:00,2024,5,14,4,135,952.35
Pashan AWS,18.5362,73.7928,14-05-2024 04:35,2024-05-14 04:35:00,2024,5,14,4,135,952.38
Pashan AWS,18.5362,73.7928,14-05-2024 04:40,2024-05-14 04:40:00,2024,5,14,4,135,952.34
Pashan AWS,18.5362,73.7928,14-05-2024 04:45,2024-05-14 04:45:00,2024,5,14,4,135,952.43
Pashan AWS,18.5362,73.7928,14-05-2024 04:50,2024-05-14 04:50:00,2024,5,14,4,135,952.53
Pashan AWS,18.5362,73.7928,14-05-2024 04:55,2024-05-14 04:55:00,2024,5,14,4,135,952.69
Pashan AWS,18.5362,73.7928,14-05-2024 05:00,2024-05-14 05:00:00,2024,5,14,5,135,952.81
Pashan AWS,18.5362,73.7928,14-05-2024 05:05,2024-05-14 05:05:00,2024,5,14,5,135,952.85
Pashan AWS,18.5362,73.7928,14-05-2024 05:10,2024-05-14 05:10:00,2024,5,14,5,135,952.81
Pashan AWS,18.5362,73.7928,14-05-2024 05:15,2024-05-14 05:15:00,2024,5,14,5,135,952.91
Pashan AWS,18.5362,73.7928,14-05-2024 05:20,2024-05-14 05:20:00,2024,5,14,5,135,953.05
Pashan AWS,18.5362,73.7928,14-05-2024 05:25,2024-05-14 05:25:00,2024,5,14,5,135,953.16
Pashan AWS,18.5362,73.7928,14-05-2024 05:30,2024-05-14 05:30:00,2024,5,14,5,135,953.3
Pashan AWS,18.5362,73.7928,14-05-2024 05:35,2024-05-14 05:35:00,2024,5,14,5,135,953.32
Pashan AWS,18.5362,73.7928,14-05-2024 05:40,2024-05-14 05:40:00,2024,5,14,5,135,953.33
Pashan AWS,18.5362,73.7928,14-05-2024 05:45,2024-05-14 05:45:00,2024,5,14,5,135,953.31
Pashan AWS,18.5362,73.7928,14-05-2024 05:50,2024-05-14 05:50:00,2024,5,14,5,135,953.34
Pashan AWS,18.5362,73.7928,14-05-2024 05:55,2024-05-14 05:55:00,2024,5,14,5,135,953.38
Pashan AWS,18.5362,73.7928,14-05-2024 06:00,2024-05-14 06:00:00,2024,5,14,6,135,953.43
Pashan AWS,18.5362,73.7928,14-05-2024 06:05,2024-05-14 06:05:00,2024,5,14,6,135,953.46
Pashan AWS,18.5362,73.7928,14-05-2024 06:10,2024-05-14 06:10:00,2024,5,14,6,135,953.48
Pashan AWS,18.5362,73.7928,14-05-2024 06:15,2024-05-14 06:15:00,2024,5,14,6,135,953.45
Pashan AWS,18.5362,73.7928,14-05-2024 06:20,2024-05-14 06:20:00,2024,5,14,6,135,953.55
Pashan AWS,18.5362,73.7928,14-05-2024 06:25,2024-05-14 06:25:00,2024,5,14,6,135,953.59
Pashan AWS,18.5362,73.7928,14-05-2024 06:30,2024-05-14 06:30:00,2024,5,14,6,135,953.59
Pashan AWS,18.5362,73.7928,14-05-2024 06:35,2024-05-14 06:35:00,2024,5,14,6,135,953.56
Pashan AWS,18.5362,73.7928,14-05-2024 06:40,2024-05-14 06:40:00,2024,5,14,6,135,953.47
Pashan AWS,18.5362,73.7928,14-05-2024 06:45,2024-05-14 06:45:00,2024,5,14,6,135,953.6
Pashan AWS,18.5362,73.7928,14-05-2024 06:50,2024-05-14 06:50:00,2024,5,14,6,135,953.66
Pashan AWS,18.5362,73.7928,14-05-2024 06:55,2024-05-14 06:55:00,2024,5,14,6,135,953.54
Pashan AWS,18.5362,73.7928,14-05-2024 07:00,2024-05-14 07:00:00,2024,5,14,7,135,953.61
Pashan AWS,18.5362,73.7928,14-05-2024 07:05,2024-05-14 07:05:00,2024,5,14,7,135,953.69
Pashan AWS,18.5362,73.7928,14-05-2024 07:10,2024-05-14 07:10:00,2024,5,14,7,135,953.7
Pashan AWS,18.5362,73.7928,14-05-2024 07:15,2024-05-14 07:15:00,2024,5,14,7,135,953.83
Pashan AWS,18.5362,73.7928,14-05-2024 07:20,2024-05-14 07:20:00,2024,5,14,7,135,953.84
Pashan AWS,18.5362,73.7928,14-05-2024 07:25,2024-05-14 07:25:00,2024,5,14,7,135,953.71
Pashan AWS,18.5362,73.7928,14-05-2024 07:30,2024-05-14 07:30:00,2024,5,14,7,135,953.73
Pashan AWS,18.5362,73.7928,14-05-2024 07:35,2024-05-14 07:35:00,2024,5,14,7,135,953.73
Pashan AWS,18.5362,73.7928,14-05-2024 07:40,2024-05-14 07:40:00,2024,5,14,7,135,953.67
Pashan AWS,18.5362,73.7928,14-05-2024 07:45,2024-05-14 07:45:00,2024,5,14,7,135,953.7
Pashan AWS,18.5362,73.7928,14-05-2024 07:50,2024-05-14 07:50:00,2024,5,14,7,135,953.54
Pashan AWS,18.5362,73.7928,14-05-2024 07:55,2024-05-14 07:55:00,2024,5,14,7,135,953.6
Pashan AWS,18.5362,73.7928,14-05-2024 08:00,2024-05-14 08:00:00,2024,5,14,8,135,953.51
Pashan AWS,18.5362,73.7928,14-05-2024 08:05,2024-05-14 08:05:00,2024,5,14,8,135,953.4
Pashan AWS,18.5362,73.7928,14-05-2024 08:10,2024-05-14 08:10:00,2024,5,14,8,135,953.37
Pashan AWS,18.5362,73.7928,14-05-2024 08:15,2024-05-14 08:15:00,2024,5,14,8,135,953.38
Pashan AWS,18.5362,73.7928,14-05-2024 08:20,2024-05-14 08:20:00,2024,5,14,8,135,953.36
Pashan AWS,18.5362,73.7928,14-05-2024 08:25,2024-05-14 08:25:00,2024,5,14,8,135,953.27
Pashan AWS,18.5362,73.7928,14-05-2024 08:30,2024-05-14 08:30:00,2024,5,14,8,135,953.19
Pashan AWS,18.5362,73.7928,14-05-2024 08:35,2024-05-14 08:35:00,2024,5,14,8,135,953.07
Pashan AWS,18.5362,73.7928,14-05-2024 08:40,2024-05-14 08:40:00,2024,5,14,8,135,953.02
Pashan AWS,18.5362,73.7928,14-05-2024 08:45,2024-05-14 08:45:00,2024,5,14,8,135,953.07
Pashan AWS,18.5362,73.7928,14-05-2024 08:50,2024-05-14 08:50:00,2024,5,14,8,135,953.04
Pashan AWS,18.5362,73.7928,14-05-2024 08:55,2024-05-14 08:55:00,2024,5,14,8,135,953.06
Pashan AWS,18.5362,73.7928,14-05-2024 09:00,2024-05-14 09:00:00,2024,5,14,9,135,953.13
Pashan AWS,18.5362,73.7928,14-05-2024 09:05,2024-05-14 09:05:00,2024,5,14,9,135,953.04
Pashan AWS,18.5362,73.7928,14-05-2024 09:10,2024-05-14 09:10:00,2024,5,14,9,135,952.97
Pashan AWS,18.5362,73.7928,14-05-2024 09:15,2024-05-14 09:15:00,2024,5,14,9,135,953.09
Pashan AWS,18.5362,73.7928,14-05-2024 09:20,2024-05-14 09:20:00,2024,5,14,9,135,953.15
Pashan AWS,18.5362,73.7928,14-05-2024 09:25,2024-05-14 09:25:00,2024,5,14,9,135,952.95
Pashan AWS,18.5362,73.7928,14-05-2024 09:30,2024-05-14 09:30:00,2024,5,14,9,135,952.92
Pashan AWS,18.5362,73.7928,14-05-2024 09:35,2024-05-14 09:35:00,2024,5,14,9,135,952.86
Pashan AWS,18.5362,73.7928,14-05-2024 09:40,2024-05-14 09:40:00,2024,5,14,9,135,952.87
Pashan AWS,18.5362,73.7928,14-05-2024 09:45,2024-05-14 09:45:00,2024,5,14,9,135,952.74
Pashan AWS,18.5362,73.7928,14-05-2024 09:50,2024-05-14 09:50:00,2024,5,14,9,135,952.61
Pashan AWS,18.5362,73.7928,14-05-2024 09:55,2024-05-14 09:55:00,2024,5,14,9,135,952.5
Pashan AWS,18.5362,73.7928,14-05-2024 10:00,2024-05-14 10:00:00,2024,5,14,10,135,952.39
Pashan AWS,18.5362,73.7928,14-05-2024 10:05,2024-05-14 10:05:00,2024,5,14,10,135,952.4
Pashan AWS,18.5362,73.7928,14-05-2024 10:10,2024-05-14 10:10:00,2024,5,14,10,135,952.25
Pashan AWS,18.5362,73.7928,14-05-2024 10:15,2024-05-14 10:15:00,2024,5,14,10,135,952.15
Pashan AWS,18.5362,73.7928,14-05-2024 10:20,2024-05-14 10:20:00,2024,5,14,10,135,951.95
Pashan AWS,18.5362,73.7928,14-05-2024 10:25,2024-05-14 10:25:00,2024,5,14,10,135,951.99
Pashan AWS,18.5362,73.7928,14-05-2024 10:30,2024-05-14 10:30:00,2024,5,14,10,135,952.04
Pashan AWS,18.5362,73.7928,14-05-2024 10:35,2024-05-14 10:35:00,2024,5,14,10,135,951.96
Pashan AWS,18.5362,73.7928,14-05-2024 10:40,2024-05-14 10:40:00,2024,5,14,10,135,951.88
Pashan AWS,18.5362,73.7928,14-05-2024 10:45,2024-05-14 10:45:00,2024,5,14,10,135,951.87
Pashan AWS,18.5362,73.7928,14-05-2024 10:50,2024-05-14 10:50:00,2024,5,14,10,135,951.94
Pashan AWS,18.5362,73.7928,14-05-2024 10:55,2024-05-14 10:55:00,2024,5,14,10,135,951.92
Pashan AWS,18.5362,73.7928,14-05-2024 11:00,2024-05-14 11:00:00,2024,5,14,11,135,951.81
Pashan AWS,18.5362,73.7928,14-05-2024 11:05,2024-05-14 11:05:00,2024,5,14,11,135,951.63
Pashan AWS,18.5362,73.7928,14-05-2024 11:10,2024-05-14 11:10:00,2024,5,14,11,135,951.5
Pashan AWS,18.5362,73.7928,14-05-2024 11:15,2024-05-14 11:15:00,2024,5,14,11,135,951.47
Pashan AWS,18.5362,73.7928,14-05-2024 11:20,2024-05-14 11:20:00,2024,5,14,11,135,951.38
Pashan AWS,18.5362,73.7928,14-05-2024 11:25,2024-05-14 11:25:00,2024,5,14,11,135,951.36
Pashan AWS,18.5362,73.7928,14-05-2024 11:30,2024-05-14 11:30:00,2024,5,14,11,135,951.29
Pashan AWS,18.5362,73.7928,14-05-2024 11:35,2024-05-14 11:35:00,2024,5,14,11,135,951.17
Pashan AWS,18.5362,73.7928,14-05-2024 11:40,2024-05-14 11:40:00,2024,5,14,11,135,951.05
Pashan AWS,18.5362,73.7928,14-05-2024 11:45,2024-05-14 11:45:00,2024,5,14,11,135,951.16
Pashan AWS,18.5362,73.7928,14-05-2024 11:50,2024-05-14 11:50:00,2024,5,14,11,135,951.21
Pashan AWS,18.5362,73.7928,14-05-2024 11:55,2024-05-14 11:55:00,2024,5,14,11,135,951.33
Pashan AWS,18.5362,73.7928,14-05-2024 12:00,2024-05-14 12:00:00,2024,5,14,12,135,951.35
Pashan AWS,18.5362,73.7928,14-05-2024 12:05,2024-05-14 12:05:00,2024,5,14,12,135,951.29
Pashan AWS,18.5362,73.7928,14-05-2024 12:10,2024-05-14 12:10:00,2024,5,14,12,135,951.37
Pashan AWS,18.5362,73.7928,14-05-2024 12:15,2024-05-14 12:15:00,2024,5,14,12,135,951.35
Pashan AWS,18.5362,73.7928,14-05-2024 12:20,2024-05-14 12:20:00,2024,5,14,12,135,951.34
Pashan AWS,18.5362,73.7928,14-05-2024 12:25,2024-05-14 12:25:00,2024,5,14,12,135,951.32
Pashan AWS,18.5362,73.7928,14-05-2024 12:30,2024-05-14 12:30:00,2024,5,14,12,135,951.07
Pashan AWS,18.5362,73.7928,14-05-2024 12:35,2024-05-14 12:35:00,2024,5,14,12,135,951.2
Pashan AWS,18.5362,73.7928,14-05-2024 12:40,2024-05-14 12:40:00,2024,5,14,12,135,951.23
Pashan AWS,18.5362,73.7928,14-05-2024 12:45,2024-05-14 12:45:00,2024,5,14,12,135,951.25
Pashan AWS,18.5362,73.7928,14-05-2024 12:50,2024-05-14 12:50:00,2024,5,14,12,135,951.25
Pashan AWS,18.5362,73.7928,14-05-2024 12:55,2024-05-14 12:55:00,2024,5,14,12,135,951.26
Pashan AWS,18.5362,73.7928,14-05-2024 13:00,2024-05-14 13:00:00,2024,5,14,13,135,951.22
Pashan AWS,18.5362,73.7928,14-05-2024 13:05,2024-05-14 13:05:00,2024,5,14,13,135,951.27
Pashan AWS,18.5362,73.7928,14-05-2024 13:10,2024-05-14 13:10:00,2024,5,14,13,135,951.18
Pashan AWS,18.5362,73.7928,14-05-2024 13:15,2024-05-14 13:15:00,2024,5,14,13,135,951.21
Pashan AWS,18.5362,73.7928,14-05-2024 13:20,2024-05-14 13:20:00,2024,5,14,13,135,951.27
Pashan AWS,18.5362,73.7928,14-05-2024 13:25,2024-05-14 13:25:00,2024,5,14,13,135,951.27
Pashan AWS,18.5362,73.7928,14-05-2024 13:30,2024-05-14 13:30:00,2024,5,14,13,135,951.33
Pashan AWS,18.5362,73.7928,14-05-2024 13:35,2024-05-14 13:35:00,2024,5,14,13,135,951.27
Pashan AWS,18.5362,73.7928,14-05-2024 13:40,2024-05-14 13:40:00,2024,5,14,13,135,951.22
Pashan AWS,18.5362,73.7928,14-05-2024 13:45,2024-05-14 13:45:00,2024,5,14,13,135,951.28
Pashan AWS,18.5362,73.7928,14-05-2024 13:50,2024-05-14 13:50:00,2024,5,14,13,135,951.37
Pashan AWS,18.5362,73.7928,14-05-2024 13:55,2024-05-14 13:55:00,2024,5,14,13,135,951.26
Pashan AWS,18.5362,73.7928,14-05-2024 14:00,2024-05-14 14:00:00,2024,5,14,14,135,951.35
Pashan AWS,18.5362,73.7928,14-05-2024 14:05,2024-05-14 14:05:00,2024,5,14,14,135,951.35
Pashan AWS,18.5362,73.7928,14-05-2024 14:10,2024-05-14 14:10:00,2024,5,14,14,135,951.38
Pashan AWS,18.5362,73.7928,14-05-2024 14:15,2024-05-14 14:15:00,2024,5,14,14,135,951.33
Pashan AWS,18.5362,73.7928,14-05-2024 14:20,2024-05-14 14:20:00,2024,5,14,14,135,951.32
Pashan AWS,18.5362,73.7928,14-05-2024 14:25,2024-05-14 14:25:00,2024,5,14,14,135,951.46
Pashan AWS,18.5362,73.7928,14-05-2024 14:30,2024-05-14 14:30:00,2024,5,14,14,135,951.52
Pashan AWS,18.5362,73.7928,14-05-2024 14:35,2024-05-14 14:35:00,2024,5,14,14,135,951.56
Pashan AWS,18.5362,73.7928,14-05-2024 14:40,2024-05-14 14:40:00,2024,5,14,14,135,951.61
Pashan AWS,18.5362,73.7928,14-05-2024 14:45,2024-05-14 14:45:00,2024,5,14,14,135,951.72
Pashan AWS,18.5362,73.7928,14-05-2024 14:50,2024-05-14 14:50:00,2024,5,14,14,135,951.82
Pashan AWS,18.5362,73.7928,14-05-2024 14:55,2024-05-14 14:55:00,2024,5,14,14,135,951.88
Pashan AWS,18.5362,73.7928,14-05-2024 15:00,2024-05-14 15:00:00,2024,5,14,15,135,952.04
Pashan AWS,18.5362,73.7928,14-05-2024 15:05,2024-05-14 15:05:00,2024,5,14,15,135,952.18
Pashan AWS,18.5362,73.7928,14-05-2024 15:10,2024-05-14 15:10:00,2024,5,14,15,135,952.28
Pashan AWS,18.5362,73.7928,14-05-2024 15:15,2024-05-14 15:15:00,2024,5,14,15,135,952.35
Pashan AWS,18.5362,73.7928,14-05-2024 15:20,2024-05-14 15:20:00,2024,5,14,15,135,952.47
Pashan AWS,18.5362,73.7928,14-05-2024 15:25,2024-05-14 15:25:00,2024,5,14,15,135,952.56
Pashan AWS,18.5362,73.7928,14-05-2024 15:30,2024-05-14 15:30:00,2024,5,14,15,135,952.71
Pashan AWS,18.5362,73.7928,14-05-2024 15:35,2024-05-14 15:35:00,2024,5,14,15,135,952.84
Pashan AWS,18.5362,73.7928,14-05-2024 15:40,2024-05-14 15:40:00,2024,5,14,15,135,952.82
Pashan AWS,18.5362,73.7928,14-05-2024 15:45,2024-05-14 15:45:00,2024,5,14,15,135,952.79
Pashan AWS,18.5362,73.7928,14-05-2024 15:50,2024-05-14 15:50:00,2024,5,14,15,135,952.81
Pashan AWS,18.5362,73.7928,14-05-2024 15:55,2024-05-14 15:55:00,2024,5,14,15,135,952.95
Pashan AWS,18.5362,73.7928,14-05-2024 16:00,2024-05-14 16:00:00,2024,5,14,16,135,952.9
Pashan AWS,18.5362,73.7928,14-05-2024 16:05,2024-05-14 16:05:00,2024,5,14,16,135,953.0
Pashan AWS,18.5362,73.7928,14-05-2024 16:10,2024-05-14 16:10:00,2024,5,14,16,135,953.1
Pashan AWS,18.5362,73.7928,14-05-2024 16:15,2024-05-14 16:15:00,2024,5,14,16,135,953.26
Pashan AWS,18.5362,73.7928,14-05-2024 16:20,2024-05-14 16:20:00,2024,5,14,16,135,953.34
Pashan AWS,18.5362,73.7928,14-05-2024 16:25,2024-05-14 16:25:00,2024,5,14,16,135,953.3
Pashan AWS,18.5362,73.7928,14-05-2024 16:30,2024-05-14 16:30:00,2024,5,14,16,135,953.29
Pashan AWS,18.5362,73.7928,14-05-2024 16:35,2024-05-14 16:35:00,2024,5,14,16,135,953.27
Pashan AWS,18.5362,73.7928,14-05-2024 16:40,2024-05-14 16:40:00,2024,5,14,16,135,953.3
Pashan AWS,18.5362,73.7928,14-05-2024 16:45,2024-05-14 16:45:00,2024,5,14,16,135,953.35
Pashan AWS,18.5362,73.7928,14-05-2024 16:50,2024-05-14 16:50:00,2024,5,14,16,135,953.33
Pashan AWS,18.5362,73.7928,14-05-2024 16:55,2024-05-14 16:55:00,2024,5,14,16,135,953.53
Pashan AWS,18.5362,73.7928,14-05-2024 17:00,2024-05-14 17:00:00,2024,5,14,17,135,953.49
Pashan AWS,18.5362,73.7928,14-05-2024 17:05,2024-05-14 17:05:00,2024,5,14,17,135,953.67
Pashan AWS,18.5362,73.7928,14-05-2024 17:10,2024-05-14 17:10:00,2024,5,14,17,135,953.83
Pashan AWS,18.5362,73.7928,14-05-2024 17:15,2024-05-14 17:15:00,2024,5,14,17,135,953.96
Pashan AWS,18.5362,73.7928,14-05-2024 17:20,2024-05-14 17:20:00,2024,5,14,17,135,953.96
Pashan AWS,18.5362,73.7928,14-05-2024 17:25,2024-05-14 17:25:00,2024,5,14,17,135,954.04
Pashan AWS,18.5362,73.7928,14-05-2024 17:30,2024-05-14 17:30:00,2024,5,14,17,135,953.99
Pashan AWS,18.5362,73.7928,14-05-2024 17:35,2024-05-14 17:35:00,2024,5,14,17,135,954.11
Pashan AWS,18.5362,73.7928,14-05-2024 17:40,2024-05-14 17:40:00,2024,5,14,17,135,954.16
Pashan AWS,18.5362,73.7928,14-05-2024 17:45,2024-05-14 17:45:00,2024,5,14,17,135,954.17
Pashan AWS,18.5362,73.7928,14-05-2024 17:50,2024-05-14 17:50:00,2024,5,14,17,135,954.12
Pashan AWS,18.5362,73.7928,14-05-2024 17:55,2024-05-14 17:55:00,2024,5,14,17,135,953.97
Pashan AWS,18.5362,73.7928,14-05-2024 18:00,2024-05-14 18:00:00,2024,5,14,18,135,953.93
Pashan AWS,18.5362,73.7928,14-05-2024 18:05,2024-05-14 18:05:00,2024,5,14,18,135,954.08
Pashan AWS,18.5362,73.7928,14-05-2024 18:10,2024-05-14 18:10:00,2024,5,14,18,135,954.09
Pashan AWS,18.5362,73.7928,14-05-2024 18:15,2024-05-14 18:15:00,2024,5,14,18,135,954.12
Pashan AWS,18.5362,73.7928,14-05-2024 18:20,2024-05-14 18:20:00,2024,5,14,18,135,954.21
Pashan AWS,18.5362,73.7928,14-05-2024 18:25,2024-05-14 18:25:00,2024,5,14,18,135,954.39
Pashan AWS,18.5362,73.7928,14-05-2024 18:30,2024-05-14 18:30:00,2024,5,14,18,135,954.52
Pashan AWS,18.5362,73.7928,14-05-2024 18:35,2024-05-14 18:35:00,2024,5,14,18,135,954.47
Pashan AWS,18.5362,73.7928,14-05-2024 18:40,2024-05-14 18:40:00,2024,5,14,18,135,954.33
Pashan AWS,18.5362,73.7928,14-05-2024 18:45,2024-05-14 18:45:00,2024,5,14,18,135,954.54
Pashan AWS,18.5362,73.7928,14-05-2024 18:50,2024-05-14 18:50:00,2024,5,14,18,135,954.73
Pashan AWS,18.5362,73.7928,14-05-2024 18:55,2024-05-14 18:55:00,2024,5,14,18,135,954.75
Pashan AWS,18.5362,73.7928,14-05-2024 19:00,2024-05-14 19:00:00,2024,5,14,19,135,954.65
Pashan AWS,18.5362,73.7928,14-05-2024 19:05,2024-05-14 19:05:00,2024,5,14,19,135,954.73
Pashan AWS,18.5362,73.7928,14-05-2024 19:10,2024-05-14 19:10:00,2024,5,14,19,135,954.71
Pashan AWS,18.5362,73.7928,14-05-2024 19:15,2024-05-14 19:15:00,2024,5,14,19,135,954.69
Pashan AWS,18.5362,73.7928,14-05-2024 19:20,2024-05-14 19:20:00,2024,5,14,19,135,954.75
Pashan AWS,18.5362,73.7928,14-05-2024 19:25,2024-05-14 19:25:00,2024,5,14,19,135,954.76
Pashan AWS,18.5362,73.7928,14-05-2024 19:30,2024-05-14 19:30:00,2024,5,14,19,135,954.65
Pashan AWS,18.5362,73.7928,14-05-2024 19:35,2024-05-14 19:35:00,2024,5,14,19,135,954.61
Pashan AWS,18.5362,73.7928,14-05-2024 19:40,2024-05-14 19:40:00,2024,5,14,19,135,954.64
Pashan AWS,18.5362,73.7928,14-05-2024 19:45,2024-05-14 19:45:00,2024,5,14,19,135,954.65
Pashan AWS,18.5362,73.7928,14-05-2024 19:50,2024-05-14 19:50:00,2024,5,14,19,135,954.65
Pashan AWS,18.5362,73.7928,14-05-2024 19:55,2024-05-14 19:55:00,2024,5,14,19,135,954.69
Pashan AWS,18.5362,73.7928,14-05-2024 20:00,2024-05-14 20:00:00,2024,5,14,20,135,954.62
Pashan AWS,18.5362,73.7928,14-05-2024 20:05,2024-05-14 20:05:00,2024,5,14,20,135,954.6
Pashan AWS,18.5362,73.7928,14-05-2024 20:10,2024-05-14 20:10:00,2024,5,14,20,135,954.28
Pashan AWS,18.5362,73.7928,14-05-2024 20:15,2024-05-14 20:15:00,2024,5,14,20,135,954.22
Pashan AWS,18.5362,73.7928,14-05-2024 20:20,2024-05-14 20:20:00,2024,5,14,20,135,954.24
Pashan AWS,18.5362,73.7928,14-05-2024 20:25,2024-05-14 20:25:00,2024,5,14,20,135,954.17
Pashan AWS,18.5362,73.7928,14-05-2024 20:30,2024-05-14 20:30:00,2024,5,14,20,135,954.1
Pashan AWS,18.5362,73.7928,14-05-2024 20:35,2024-05-14 20:35:00,2024,5,14,20,135,953.97
Pashan AWS,18.5362,73.7928,14-05-2024 20:40,2024-05-14 20:40:00,2024,5,14,20,135,954.01
Pashan AWS,18.5362,73.7928,14-05-2024 20:45,2024-05-14 20:45:00,2024,5,14,20,135,954.01
Pashan AWS,18.5362,73.7928,14-05-2024 20:50,2024-05-14 20:50:00,2024,5,14,20,135,954.03
Pashan AWS,18.5362,73.7928,14-05-2024 20:55,2024-05-14 20:55:00,2024,5,14,20,135,953.84
Pashan AWS,18.5362,73.7928,14-05-2024 21:00,2024-05-14 21:00:00,2024,5,14,21,135,953.78
Pashan AWS,18.5362,73.7928,14-05-2024 21:05,2024-05-14 21:05:00,2024,5,14,21,135,953.71
Pashan AWS,18.5362,73.7928,14-05-2024 21:10,2024-05-14 21:10:00,2024,5,14,21,135,953.63
Pashan AWS,18.5362,73.7928,14-05-2024 21:15,2024-05-14 21:15:00,2024,5,14,21,135,953.53
Pashan AWS,18.5362,73.7928,14-05-2024 21:20,2024-05-14 21:20:00,2024,5,14,21,135,961.95
Pashan AWS,18.5362,73.7928,14-05-2024 21:25,2024-05-14 21:25:00,2024,5,14,21,135,953.47
Pashan AWS,18.5362,73.7928,14-05-2024 21:30,2024-05-14 21:30:00,2024,5,14,21,135,953.26
Pashan AWS,18.5362,73.7928,14-05-2024 21:35,2024-05-14 21:35:00,2024,5,14,21,135,953.36
Pashan AWS,18.5362,73.7928,14-05-2024 21:40,2024-05-14 21:40:00,2024,5,14,21,135,953.34
Pashan AWS,18.5362,73.7928,14-05-2024 21:45,2024-05-14 21:45:00,2024,5,14,21,135,953.28
Pashan AWS,18.5362,73.7928,14-05-2024 21:50,2024-05-14 21:50:00,2024,5,14,21,135,953.29
Pashan AWS,18.5362,73.7928,14-05-2024 21:55,2024-05-14 21:55:00,2024,5,14,21,135,953.11
Pashan AWS,18.5362,73.7928,14-05-2024 22:00,2024-05-14 22:00:00,2024,5,14,22,135,953.0
Pashan AWS,18.5362,73.7928,14-05-2024 22:05,2024-05-14 22:05:00,2024,5,14,22,135,952.93
Pashan AWS,18.5362,73.7928,14-05-2024 22:10,2024-05-14 22:10:00,2024,5,14,22,135,952.98
Pashan AWS,18.5362,73.7928,14-05-2024 22:15,2024-05-14 22:15:00,2024,5,14,22,135,952.92
Pashan AWS,18.5362,73.7928,14-05-2024 22:20,2024-05-14 22:20:00,2024,5,14,22,135,952.89
Pashan AWS,18.5362,73.7928,14-05-2024 22:25,2024-05-14 22:25:00,2024,5,14,22,135,952.79
Pashan AWS,18.5362,73.7928,14-05-2024 22:30,2024-05-14 22:30:00,2024,5,14,22,135,952.77
Pashan AWS,18.5362,73.7928,14-05-2024 22:35,2024-05-14 22:35:00,2024,5,14,22,135,952.84
Pashan AWS,18.5362,73.7928,14-05-2024 22:40,2024-05-14 22:40:00,2024,5,14,22,135,952.85
Pashan AWS,18.5362,73.7928,14-05-2024 22:45,2024-05-14 22:45:00,2024,5,14,22,135,952.78
Pashan AWS,18.5362,73.7928,14-05-2024 22:50,2024-05-14 22:50:00,2024,5,14,22,135,952.77
Pashan AWS,18.5362,73.7928,14-05-2024 22:55,2024-05-14 22:55:00,2024,5,14,22,135,952.75
Pashan AWS,18.5362,73.7928,14-05-2024 23:00,2024-05-14 23:00:00,2024,5,14,23,135,952.72
Pashan AWS,18.5362,73.7928,14-05-2024 23:05,2024-05-14 23:05:00,2024,5,14,23,135,952.75
Pashan AWS,18.5362,73.7928,14-05-2024 23:10,2024-05-14 23:10:00,2024,5,14,23,135,952.77
Pashan AWS,18.5362,73.7928,14-05-2024 23:15,2024-05-14 23:15:00,2024,5,14,23,135,952.69
Pashan AWS,18.5362,73.7928,14-05-2024 23:20,2024-05-14 23:20:00,2024,5,14,23,135,952.67
Pashan AWS,18.5362,73.7928,14-05-2024 23:25,2024-05-14 23:25:00,2024,5,14,23,135,952.57
Pashan AWS,18.5362,73.7928,14-05-2024 23:30,2024-05-14 23:30:00,2024,5,14,23,135,952.44
Pashan AWS,18.5362,73.7928,14-05-2024 23:35,2024-05-14 23:35:00,2024,5,14,23,135,952.36
Pashan AWS,18.5362,73.7928,14-05-2024 23:40,2024-05-14 23:40:00,2024,5,14,23,135,952.3
Pashan AWS,18.5362,73.7928,14-05-2024 23:45,2024-05-14 23:45:00,2024,5,14,23,135,952.12
Pashan AWS,18.5362,73.7928,14-05-2024 23:50,2024-05-14 23:50:00,2024,5,14,23,135,952.14
Pashan AWS,18.5362,73.7928,14-05-2024 23:55,2024-05-14 23:55:00,2024,5,14,23,135,951.88
Pashan AWS,18.5362,73.7928,15-05-2024 00:00,2024-05-15 00:00:00,2024,5,15,0,136,952.06
Pashan AWS,18.5362,73.7928,15-05-2024 00:05,2024-05-15 00:05:00,2024,5,15,0,136,952.15
Pashan AWS,18.5362,73.7928,15-05-2024 00:10,2024-05-15 00:10:00,2024,5,15,0,136,952.08
Pashan AWS,18.5362,73.7928,15-05-2024 00:15,2024-05-15 00:15:00,2024,5,15,0,136,952.05
Pashan AWS,18.5362,73.7928,15-05-2024 00:20,2024-05-15 00:20:00,2024,5,15,0,136,952.04
Pashan AWS,18.5362,73.7928,15-05-2024 00:25,2024-05-15 00:25:00,2024,5,15,0,136,951.96
Pashan AWS,18.5362,73.7928,15-05-2024 00:30,2024-05-15 00:30:00,2024,5,15,0,136,951.95
Pashan AWS,18.5362,73.7928,15-05-2024 00:35,2024-05-15 00:35:00,2024,5,15,0,136,951.91
Pashan AWS,18.5362,73.7928,15-05-2024 00:40,2024-05-15 00:40:00,2024,5,15,0,136,951.89
Pashan AWS,18.5362,73.7928,15-05-2024 00:45,2024-05-15 00:45:00,2024,5,15,0,136,951.88
Pashan AWS,18.5362,73.7928,15-05-2024 00:50,2024-05-15 00:50:00,2024,5,15,0,136,951.76
Pashan AWS,18.5362,73.7928,15-05-2024 00:55,2024-05-15 00:55:00,2024,5,15,0,136,951.76
Pashan AWS,18.5362,73.7928,15-05-2024 01:00,2024-05-15 01:00:00,2024,5,15,1,136,951.77
Pashan AWS,18.5362,73.7928,15-05-2024 01:05,2024-05-15 01:05:00,2024,5,15,1,136,951.78
Pashan AWS,18.5362,73.7928,15-05-2024 01:10,2024-05-15 01:10:00,2024,5,15,1,136,951.76
Pashan AWS,18.5362,73.7928,15-05-2024 01:15,2024-05-15 01:15:00,2024,5,15,1,136,951.85
Pashan AWS,18.5362,73.7928,15-05-2024 01:20,2024-05-15 01:20:00,2024,5,15,1,136,951.83
Pashan AWS,18.5362,73.7928,15-05-2024 01:25,2024-05-15 01:25:00,2024,5,15,1,136,951.86
Pashan AWS,18.5362,73.7928,15-05-2024 01:30,2024-05-15 01:30:00,2024,5,15,1,136,951.97
Pashan AWS,18.5362,73.7928,15-05-2024 01:35,2024-05-15 01:35:00,2024,5,15,1,136,951.97
Pashan AWS,18.5362,73.7928,15-05-2024 01:40,2024-05-15 01:40:00,2024,5,15,1,136,952.0
Pashan AWS,18.5362,73.7928,15-05-2024 01:45,2024-05-15 01:45:00,2024,5,15,1,136,952.0
Pashan AWS,18.5362,73.7928,15-05-2024 01:50,2024-05-15 01:50:00,2024,5,15,1,136,952.12
Pashan AWS,18.5362,73.7928,15-05-2024 01:55,2024-05-15 01:55:00,2024,5,15,1,136,952.12
Pashan AWS,18.5362,73.7928,15-05-2024 02:00,2024-05-15 02:00:00,2024,5,15,2,136,952.24
Pashan AWS,18.5362,73.7928,15-05-2024 02:05,2024-05-15 02:05:00,2024,5,15,2,136,952.25
Pashan AWS,18.5362,73.7928,15-05-2024 02:10,2024-05-15 02:10:00,2024,5,15,2,136,952.2
Pashan AWS,18.5362,73.7928,15-05-2024 02:15,2024-05-15 02:15:00,2024,5,15,2,136,952.28
Pashan AWS,18.5362,73.7928,15-05-2024 02:20,2024-05-15 02:20:00,2024,5,15,2,136,952.29
Pashan AWS,18.5362,73.7928,15-05-2024 02:25,2024-05-15 02:25:00,2024,5,15,2,136,952.37
Pashan AWS,18.5362,73.7928,15-05-2024 02:30,2024-05-15 02:30:00,2024,5,15,2,136,952.18
Pashan AWS,18.5362,73.7928,15-05-2024 02:35,2024-05-15 02:35:00,2024,5,15,2,136,952.22
Pashan AWS,18.5362,73.7928,15-05-2024 02:40,2024-05-15 02:40:00,2024,5,15,2,136,952.23
Pashan AWS,18.5362,73.7928,15-05-2024 02:45,2024-05-15 02:45:00,2024,5,15,2,136,952.19
Pashan AWS,18.5362,73.7928,15-05-2024 02:50,2024-05-15 02:50:00,2024,5,15,2,136,952.2
Pashan AWS,18.5362,73.7928,15-05-2024 02:55,2024-05-15 02:55:00,2024,5,15,2,136,952.21
Pashan AWS,18.5362,73.7928,15-05-2024 03:00,2024-05-15 03:00:00,2024,5,15,3,136,952.27
Pashan AWS,18.5362,73.7928,15-05-2024 03:05,2024-05-15 03:05:00,2024,5,15,3,136,952.22
Pashan AWS,18.5362,73.7928,15-05-2024 03:10,2024-05-15 03:10:00,2024,5,15,3,136,952.31
Pashan AWS,18.5362,73.7928,15-05-2024 03:15,2024-05-15 03:15:00,2024,5,15,3,136,952.49
Pashan AWS,18.5362,73.7928,15-05-2024 03:20,2024-05-15 03:20:00,2024,5,15,3,136,952.57
Pashan AWS,18.5362,73.7928,15-05-2024 03:25,2024-05-15 03:25:00,2024,5,15,3,136,952.7
Pashan AWS,18.5362,73.7928,15-05-2024 03:30,2024-05-15 03:30:00,2024,5,15,3,136,952.85
Pashan AWS,18.5362,73.7928,15-05-2024 03:35,2024-05-15 03:35:00,2024,5,15,3,136,953.0
Pashan AWS,18.5362,73.7928,15-05-2024 03:40,2024-05-15 03:40:00,2024,5,15,3,136,953.21
Pashan AWS,18.5362,73.7928,15-05-2024 03:45,2024-05-15 03:45:00,2024,5,15,3,136,953.22
Pashan AWS,18.5362,73.7928,15-05-2024 03:50,2024-05-15 03:50:00,2024,5,15,3,136,953.21
Pashan AWS,18.5362,73.7928,15-05-2024 03:55,2024-05-15 03:55:00,2024,5,15,3,136,953.33
Pashan AWS,18.5362,73.7928,15-05-2024 04:00,2024-05-15 04:00:00,2024,5,15,4,136,953.44
Pashan AWS,18.5362,73.7928,15-05-2024 04:05,2024-05-15 04:05:00,2024,5,15,4,136,953.55
Pashan AWS,18.5362,73.7928,15-05-2024 04:10,2024-05-15 04:10:00,2024,5,15,4,136,953.75
Pashan AWS,18.5362,73.7928,15-05-2024 04:15,2024-05-15 04:15:00,2024,5,15,4,136,953.79
Pashan AWS,18.5362,73.7928,15-05-2024 04:20,2024-05-15 04:20:00,2024,5,15,4,136,953.87
Pashan AWS,18.5362,73.7928,15-05-2024 04:25,2024-05-15 04:25:00,2024,5,15,4,136,953.83
Pashan AWS,18.5362,73.7928,15-05-2024 04:30,2024-05-15 04:30:00,2024,5,15,4,136,954.05
Pashan AWS,18.5362,73.7928,15-05-2024 04:35,2024-05-15 04:35:00,2024,5,15,4,136,954.06
Pashan AWS,18.5362,73.7928,15-05-2024 04:40,2024-05-15 04:40:00,2024,5,15,4,136,954.07
Pashan AWS,18.5362,73.7928,15-05-2024 04:45,2024-05-15 04:45:00,2024,5,15,4,136,954.08
Pashan AWS,18.5362,73.7928,15-05-2024 04:50,2024-05-15 04:50:00,2024,5,15,4,136,954.07
Pashan AWS,18.5362,73.7928,15-05-2024 04:55,2024-05-15 04:55:00,2024,5,15,4,136,954.06
Pashan AWS,18.5362,73.7928,15-05-2024 05:00,2024-05-15 05:00:00,2024,5,15,5,136,954.06
Pashan AWS,18.5362,73.7928,15-05-2024 05:05,2024-05-15 05:05:00,2024,5,15,5,136,953.99
Pashan AWS,18.5362,73.7928,15-05-2024 05:10,2024-05-15 05:10:00,2024,5,15,5,136,953.98
Pashan AWS,18.5362,73.7928,15-05-2024 05:15,2024-05-15 05:15:00,2024,5,15,5,136,954.18
Pashan AWS,18.5362,73.7928,15-05-2024 05:20,2024-05-15 05:20:00,2024,5,15,5,136,954.28
Pashan AWS,18.5362,73.7928,15-05-2024 05:25,2024-05-15 05:25:00,2024,5,15,5,136,954.39
Pashan AWS,18.5362,73.7928,15-05-2024 05:30,2024-05-15 05:30:00,2024,5,15,5,136,954.52
Pashan AWS,18.5362,73.7928,15-05-2024 05:35,2024-05-15 05:35:00,2024,5,15,5,136,954.69
Pashan AWS,18.5362,73.7928,15-05-2024 05:40,2024-05-15 05:40:00,2024,5,15,5,136,954.56
Pashan AWS,18.5362,73.7928,15-05-2024 05:45,2024-05-15 05:45:00,2024,5,15,5,136,954.49
Pashan AWS,18.5362,73.7928,15-05-2024 05:50,2024-05-15 05:50:00,2024,5,15,5,136,954.45
Pashan AWS,18.5362,73.7928,15-05-2024 05:55,2024-05-15 05:55:00,2024,5,15,5,136,954.44
Pashan AWS,18.5362,73.7928,15-05-2024 06:00,2024-05-15 06:00:00,2024,5,15,6,136,954.44
Pashan AWS,18.5362,73.7928,15-05-2024 06:05,2024-05-15 06:05:00,2024,5,15,6,136,954.43
Pashan AWS,18.5362,73.7928,15-05-2024 06:10,2024-05-15 06:10:00,2024,5,15,6,136,954.47
Pashan AWS,18.5362,73.7928,15-05-2024 06:15,2024-05-15 06:15:00,2024,5,15,6,136,954.49
Pashan AWS,18.5362,73.7928,15-05-2024 06:20,2024-05-15 06:20:00,2024,5,15,6,136,954.45
Pashan AWS,18.5362,73.7928,15-05-2024 06:25,2024-05-15 06:25:00,2024,5,15,6,136,954.29
Pashan AWS,18.5362,73.7928,15-05-2024 06:30,2024-05-15 06:30:00,2024,5,15,6,136,954.23
Pashan AWS,18.5362,73.7928,15-05-2024 06:35,2024-05-15 06:35:00,2024,5,15,6,136,954.21
Pashan AWS,18.5362,73.7928,15-05-2024 06:40,2024-05-15 06:40:00,2024,5,15,6,136,954.21
Pashan AWS,18.5362,73.7928,15-05-2024 06:45,2024-05-15 06:45:00,2024,5,15,6,136,954.13
Pashan AWS,18.5362,73.7928,15-05-2024 06:50,2024-05-15 06:50:00,2024,5,15,6,136,954.11
Pashan AWS,18.5362,73.7928,15-05-2024 06:55,2024-05-15 06:55:00,2024,5,15,6,136,954.04
Pashan AWS,18.5362,73.7928,15-05-2024 07:00,2024-05-15 07:00:00,2024,5,15,7,136,954.04
Pashan AWS,18.5362,73.7928,15-05-2024 07:05,2024-05-15 07:05:00,2024,5,15,7,136,953.97
Pashan AWS,18.5362,73.7928,15-05-2024 07:10,2024-05-15 07:10:00,2024,5,15,7,136,953.91
Pashan AWS,18.5362,73.7928,15-05-2024 07:15,2024-05-15 07:15:00,2024,5,15,7,136,953.82
Pashan AWS,18.5362,73.7928,15-05-2024 07:20,2024-05-15 07:20:00,2024,5,15,7,136,953.82
Pashan AWS,18.5362,73.7928,15-05-2024 07:25,2024-05-15 07:25:00,2024,5,15,7,136,953.75
Pashan AWS,18.5362,73.7928,15-05-2024 07:30,2024-05-15 07:30:00,2024,5,15,7,136,953.83
Pashan AWS,18.5362,73.7928,15-05-2024 07:35,2024-05-15 07:35:00,2024,5,15,7,136,953.86
Pashan AWS,18.5362,73.7928,15-05-2024 07:40,2024-05-15 07:40:00,2024,5,15,7,136,953.85
Pashan AWS,18.5362,73.7928,15-05-2024 07:45,2024-05-15 07:45:00,2024,5,15,7,136,953.78
Pashan AWS,18.5362,73.7928,15-05-2024 07:50,2024-05-15 07:50:00,2024,5,15,7,136,953.8
Pashan AWS,18.5362,73.7928,15-05-2024 07:55,2024-05-15 07:55:00,2024,5,15,7,136,953.84
Pashan AWS,18.5362,73.7928,15-05-2024 08:00,2024-05-15 08:00:00,2024,5,15,8,136,953.83
Pashan AWS,18.5362,73.7928,15-05-2024 08:05,2024-05-15 08:05:00,2024,5,15,8,136,953.94
Pashan AWS,18.5362,73.7928,15-05-2024 08:10,2024-05-15 08:10:00,2024,5,15,8,136,953.94
Pashan AWS,18.5362,73.7928,15-05-2024 08:15,2024-05-15 08:15:00,2024,5,15,8,136,953.98
Pashan AWS,18.5362,73.7928,15-05-2024 08:20,2024-05-15 08:20:00,2024,5,15,8,136,953.95
Pashan AWS,18.5362,73.7928,15-05-2024 08:25,2024-05-15 08:25:00,2024,5,15,8,136,953.96
Pashan AWS,18.5362,73.7928,15-05-2024 08:30,2024-05-15 08:30:00,2024,5,15,8,136,953.85
Pashan AWS,18.5362,73.7928,15-05-2024 08:35,2024-05-15 08:35:00,2024,5,15,8,136,953.76
Pashan AWS,18.5362,73.7928,15-05-2024 08:40,2024-05-15 08:40:00,2024,5,15,8,136,953.74
Pashan AWS,18.5362,73.7928,15-05-2024 08:45,2024-05-15 08:45:00,2024,5,15,8,136,953.72
Pashan AWS,18.5362,73.7928,15-05-2024 08:50,2024-05-15 08:50:00,2024,5,15,8,136,953.7
Pashan AWS,18.5362,73.7928,15-05-2024 08:55,2024-05-15 08:55:00,2024,5,15,8,136,953.73
Pashan AWS,18.5362,73.7928,15-05-2024 09:00,2024-05-15 09:00:00,2024,5,15,9,136,953.55
Pashan AWS,18.5362,73.7928,15-05-2024 09:05,2024-05-15 09:05:00,2024,5,15,9,136,953.41
Pashan AWS,18.5362,73.7928,15-05-2024 09:10,2024-05-15 09:10:00,2024,5,15,9,136,953.37
Pashan AWS,18.5362,73.7928,15-05-2024 09:15,2024-05-15 09:15:00,2024,5,15,9,136,953.25
Pashan AWS,18.5362,73.7928,15-05-2024 09:20,2024-05-15 09:20:00,2024,5,15,9,136,953.46
Pashan AWS,18.5362,73.7928,15-05-2024 09:25,2024-05-15 09:25:00,2024,5,15,9,136,953.43
Pashan AWS,18.5362,73.7928,15-05-2024 09:30,2024-05-15 09:30:00,2024,5,15,9,136,953.35
Pashan AWS,18.5362,73.7928,15-05-2024 09:35,2024-05-15 09:35:00,2024,5,15,9,136,953.23
Pashan AWS,18.5362,73.7928,15-05-2024 09:40,2024-05-15 09:40:00,2024,5,15,9,136,953.12
Pashan AWS,18.5362,73.7928,15-05-2024 09:45,2024-05-15 09:45:00,2024,5,15,9,136,953.05
Pashan AWS,18.5362,73.7928,15-05-2024 09:50,2024-05-15 09:50:00,2024,5,15,9,136,952.98
Pashan AWS,18.5362,73.7928,15-05-2024 09:55,2024-05-15 09:55:00,2024,5,15,9,136,952.87
Pashan AWS,18.5362,73.7928,15-05-2024 10:00,2024-05-15 10:00:00,2024,5,15,10,136,952.78
Pashan AWS,18.5362,73.7928,15-05-2024 10:05,2024-05-15 10:05:00,2024,5,15,10,136,952.82
Pashan AWS,18.5362,73.7928,15-05-2024 10:10,2024-05-15 10:10:00,2024,5,15,10,136,952.85
Pashan AWS,18.5362,73.7928,15-05-2024 10:15,2024-05-15 10:15:00,2024,5,15,10,136,952.79
Pashan AWS,18.5362,73.7928,15-05-2024 10:20,2024-05-15 10:20:00,2024,5,15,10,136,952.6
Pashan AWS,18.5362,73.7928,15-05-2024 10:25,2024-05-15 10:25:00,2024,5,15,10,136,952.57
Pashan AWS,18.5362,73.7928,15-05-2024 10:30,2024-05-15 10:30:00,2024,5,15,10,136,952.62
Pashan AWS,18.5362,73.7928,15-05-2024 10:35,2024-05-15 10:35:00,2024,5,15,10,136,952.65
Pashan AWS,18.5362,73.7928,15-05-2024 10:40,2024-05-15 10:40:00,2024,5,15,10,136,952.62
Pashan AWS,18.5362,73.7928,15-05-2024 10:45,2024-05-15 10:45:00,2024,5,15,10,136,952.65
Pashan AWS,18.5362,73.7928,15-05-2024 10:50,2024-05-15 10:50:00,2024,5,15,10,136,952.57
Pashan AWS,18.5362,73.7928,15-05-2024 10:55,2024-05-15 10:55:00,2024,5,15,10,136,952.54
Pashan AWS,18.5362,73.7928,15-05-2024 11:00,2024-05-15 11:00:00,2024,5,15,11,136,952.4
Pashan AWS,18.5362,73.7928,15-05-2024 11:05,2024-05-15 11:05:00,2024,5,15,11,136,952.34
Pashan AWS,18.5362,73.7928,15-05-2024 11:10,2024-05-15 11:10:00,2024,5,15,11,136,952.36
Pashan AWS,18.5362,73.7928,15-05-2024 11:15,2024-05-15 11:15:00,2024,5,15,11,136,952.24
Pashan AWS,18.5362,73.7928,15-05-2024 11:20,2024-05-15 11:20:00,2024,5,15,11,136,952.09
Pashan AWS,18.5362,73.7928,15-05-2024 11:25,2024-05-15 11:25:00,2024,5,15,11,136,952.03
Pashan AWS,18.5362,73.7928,15-05-2024 11:30,2024-05-15 11:30:00,2024,5,15,11,136,951.94
Pashan AWS,18.5362,73.7928,15-05-2024 11:35,2024-05-15 11:35:00,2024,5,15,11,136,951.92
Pashan AWS,18.5362,73.7928,15-05-2024 11:40,2024-05-15 11:40:00,2024,5,15,11,136,951.82
Pashan AWS,18.5362,73.7928,15-05-2024 11:45,2024-05-15 11:45:00,2024,5,15,11,136,951.9
Pashan AWS,18.5362,73.7928,15-05-2024 11:50,2024-05-15 11:50:00,2024,5,15,11,136,951.73
Pashan AWS,18.5362,73.7928,15-05-2024 11:55,2024-05-15 11:55:00,2024,5,15,11,136,951.77
Pashan AWS,18.5362,73.7928,15-05-2024 12:00,2024-05-15 12:00:00,2024,5,15,12,136,951.65
Pashan AWS,18.5362,73.7928,15-05-2024 12:05,2024-05-15 12:05:00,2024,5,15,12,136,951.46
Pashan AWS,18.5362,73.7928,15-05-2024 12:10,2024-05-15 12:10:00,2024,5,15,12,136,951.43
Pashan AWS,18.5362,73.7928,15-05-2024 12:15,2024-05-15 12:15:00,2024,5,15,12,136,951.37
Pashan AWS,18.5362,73.7928,15-05-2024 12:20,2024-05-15 12:20:00,2024,5,15,12,136,951.24
Pashan AWS,18.5362,73.7928,15-05-2024 12:25,2024-05-15 12:25:00,2024,5,15,12,136,951.08
Pashan AWS,18.5362,73.7928,15-05-2024 12:30,2024-05-15 12:30:00,2024,5,15,12,136,951.05
Pashan AWS,18.5362,73.7928,15-05-2024 12:35,2024-05-15 12:35:00,2024,5,15,12,136,951.11
Pashan AWS,18.5362,73.7928,15-05-2024 12:40,2024-05-15 12:40:00,2024,5,15,12,136,951.14
Pashan AWS,18.5362,73.7928,15-05-2024 12:45,2024-05-15 12:45:00,2024,5,15,12,136,951.12
Pashan AWS,18.5362,73.7928,15-05-2024 12:50,2024-05-15 12:50:00,2024,5,15,12,136,951.14
Pashan AWS,18.5362,73.7928,15-05-2024 12:55,2024-05-15 12:55:00,2024,5,15,12,136,951.12
Pashan AWS,18.5362,73.7928,15-05-2024 13:00,2024-05-15 13:00:00,2024,5,15,13,136,950.99
Pashan AWS,18.5362,73.7928,15-05-2024 13:05,2024-05-15 13:05:00,2024,5,15,13,136,950.87
Pashan AWS,18.5362,73.7928,15-05-2024 13:10,2024-05-15 13:10:00,2024,5,15,13,136,950.86
Pashan AWS,18.5362,73.7928,15-05-2024 13:15,2024-05-15 13:15:00,2024,5,15,13,136,950.85
Pashan AWS,18.5362,73.7928,15-05-2024 13:20,2024-05-15 13:20:00,2024,5,15,13,136,950.93
Pashan AWS,18.5362,73.7928,15-05-2024 13:25,2024-05-15 13:25:00,2024,5,15,13,136,951.0
Pashan AWS,18.5362,73.7928,15-05-2024 13:30,2024-05-15 13:30:00,2024,5,15,13,136,951.05
Pashan AWS,18.5362,73.7928,15-05-2024 13:35,2024-05-15 13:35:00,2024,5,15,13,136,951.04
Pashan AWS,18.5362,73.7928,15-05-2024 13:40,2024-05-15 13:40:00,2024,5,15,13,136,950.94
Pashan AWS,18.5362,73.7928,15-05-2024 13:45,2024-05-15 13:45:00,2024,5,15,13,136,950.99
Pashan AWS,18.5362,73.7928,15-05-2024 13:50,2024-05-15 13:50:00,2024,5,15,13,136,951.05
Pashan AWS,18.5362,73.7928,15-05-2024 13:55,2024-05-15 13:55:00,2024,5,15,13,136,950.88
Pashan AWS,18.5362,73.7928,15-05-2024 14:00,2024-05-15 14:00:00,2024,5,15,14,136,950.85
Pashan AWS,18.5362,73.7928,15-05-2024 14:05,2024-05-15 14:05:00,2024,5,15,14,136,950.83
Pashan AWS,18.5362,73.7928,15-05-2024 14:10,2024-05-15 14:10:00,2024,5,15,14,136,950.88
Pashan AWS,18.5362,73.7928,15-05-2024 14:15,2024-05-15 14:15:00,2024,5,15,14,136,950.86
Pashan AWS,18.5362,73.7928,15-05-2024 14:20,2024-05-15 14:20:00,2024,5,15,14,136,950.9
Pashan AWS,18.5362,73.7928,15-05-2024 14:25,2024-05-15 14:25:00,2024,5,15,14,136,950.93
Pashan AWS,18.5362,73.7928,15-05-2024 14:30,2024-05-15 14:30:00,2024,5,15,14,136,950.97
Pashan AWS,18.5362,73.7928,15-05-2024 14:35,2024-05-15 14:35:00,2024,5,15,14,136,950.96
Pashan AWS,18.5362,73.7928,15-05-2024 14:40,2024-05-15 14:40:00,2024,5,15,14,136,950.97
Pashan AWS,18.5362,73.7928,15-05-2024 14:45,2024-05-15 14:45:00,2024,5,15,14,136,950.94
Pashan AWS,18.5362,73.7928,15-05-2024 14:50,2024-05-15 14:50:00,2024,5,15,14,136,951.03
Pashan AWS,18.5362,73.7928,15-05-2024 14:55,2024-05-15 14:55:00,2024,5,15,14,136,951.14
Pashan AWS,18.5362,73.7928,15-05-2024 15:00,2024-05-15 15:00:00,2024,5,15,15,136,951.14
Pashan AWS,18.5362,73.7928,15-05-2024 15:05,2024-05-15 15:05:00,2024,5,15,15,136,951.33
Pashan AWS,18.5362,73.7928,15-05-2024 15:10,2024-05-15 15:10:00,2024,5,15,15,136,951.36
Pashan AWS,18.5362,73.7928,15-05-2024 15:15,2024-05-15 15:15:00,2024,5,15,15,136,951.55
Pashan AWS,18.5362,73.7928,15-05-2024 15:20,2024-05-15 15:20:00,2024,5,15,15,136,951.56
Pashan AWS,18.5362,73.7928,15-05-2024 15:25,2024-05-15 15:25:00,2024,5,15,15,136,951.45
Pashan AWS,18.5362,73.7928,15-05-2024 15:30,2024-05-15 15:30:00,2024,5,15,15,136,951.55
Pashan AWS,18.5362,73.7928,15-05-2024 15:35,2024-05-15 15:35:00,2024,5,15,15,136,951.64
Pashan AWS,18.5362,73.7928,15-05-2024 15:40,2024-05-15 15:40:00,2024,5,15,15,136,951.71
Pashan AWS,18.5362,73.7928,15-05-2024 15:45,2024-05-15 15:45:00,2024,5,15,15,136,951.72
Pashan AWS,18.5362,73.7928,15-05-2024 15:50,2024-05-15 15:50:00,2024,5,15,15,136,951.79
Pashan AWS,18.5362,73.7928,15-05-2024 15:55,2024-05-15 15:55:00,2024,5,15,15,136,951.82
Pashan AWS,18.5362,73.7928,15-05-2024 16:00,2024-05-15 16:00:00,2024,5,15,16,136,951.86
Pashan AWS,18.5362,73.7928,15-05-2024 16:05,2024-05-15 16:05:00,2024,5,15,16,136,952.0
Pashan AWS,18.5362,73.7928,15-05-2024 16:10,2024-05-15 16:10:00,2024,5,15,16,136,952.08
Pashan AWS,18.5362,73.7928,15-05-2024 16:15,2024-05-15 16:15:00,2024,5,15,16,136,952.19
Pashan AWS,18.5362,73.7928,15-05-2024 16:20,2024-05-15 16:20:00,2024,5,15,16,136,952.24
Pashan AWS,18.5362,73.7928,15-05-2024 16:25,2024-05-15 16:25:00,2024,5,15,16,136,952.27
Pashan AWS,18.5362,73.7928,15-05-2024 16:30,2024-05-15 16:30:00,2024,5,15,16,136,952.24
Pashan AWS,18.5362,73.7928,15-05-2024 16:35,2024-05-15 16:35:00,2024,5,15,16,136,952.28
Pashan AWS,18.5362,73.7928,15-05-2024 16:40,2024-05-15 16:40:00,2024,5,15,16,136,952.08
Pashan AWS,18.5362,73.7928,15-05-2024 16:45,2024-05-15 16:45:00,2024,5,15,16,136,952.1
Pashan AWS,18.5362,73.7928,15-05-2024 16:50,2024-05-15 16:50:00,2024,5,15,16,136,952.17
Pashan AWS,18.5362,73.7928,15-05-2024 16:55,2024-05-15 16:55:00,2024,5,15,16,136,952.29
Pashan AWS,18.5362,73.7928,15-05-2024 17:00,2024-05-15 17:00:00,2024,5,15,17,136,952.33
Pashan AWS,18.5362,73.7928,15-05-2024 17:05,2024-05-15 17:05:00,2024,5,15,17,136,952.43
Pashan AWS,18.5362,73.7928,15-05-2024 17:10,2024-05-15 17:10:00,2024,5,15,17,136,952.31
Pashan AWS,18.5362,73.7928,15-05-2024 17:15,2024-05-15 17:15:00,2024,5,15,17,136,952.38
Pashan AWS,18.5362,73.7928,15-05-2024 17:20,2024-05-15 17:20:00,2024,5,15,17,136,952.31
Pashan AWS,18.5362,73.7928,15-05-2024 17:25,2024-05-15 17:25:00,2024,5,15,17,136,952.28
Pashan AWS,18.5362,73.7928,15-05-2024 17:30,2024-05-15 17:30:00,2024,5,15,17,136,952.33
Pashan AWS,18.5362,73.7928,15-05-2024 17:35,2024-05-15 17:35:00,2024,5,15,17,136,952.5
Pashan AWS,18.5362,73.7928,15-05-2024 17:40,2024-05-15 17:40:00,2024,5,15,17,136,952.59
Pashan AWS,18.5362,73.7928,15-05-2024 17:45,2024-05-15 17:45:00,2024,5,15,17,136,952.64
Pashan AWS,18.5362,73.7928,15-05-2024 17:50,2024-05-15 17:50:00,2024,5,15,17,136,952.69
Pashan AWS,18.5362,73.7928,15-05-2024 17:55,2024-05-15 17:55:00,2024,5,15,17,136,952.68
Pashan AWS,18.5362,73.7928,15-05-2024 18:00,2024-05-15 18:00:00,2024,5,15,18,136,952.68
Pashan AWS,18.5362,73.7928,15-05-2024 18:05,2024-05-15 18:05:00,2024,5,15,18,136,952.76
Pashan AWS,18.5362,73.7928,15-05-2024 18:10,2024-05-15 18:10:00,2024,5,15,18,136,952.69
Pashan AWS,18.5362,73.7928,15-05-2024 18:15,2024-05-15 18:15:00,2024,5,15,18,136,952.78
Pashan AWS,18.5362,73.7928,15-05-2024 18:20,2024-05-15 18:20:00,2024,5,15,18,136,952.78
Pashan AWS,18.5362,73.7928,15-05-2024 18:25,2024-05-15 18:25:00,2024,5,15,18,136,952.88
Pashan AWS,18.5362,73.7928,15-05-2024 18:30,2024-05-15 18:30:00,2024,5,15,18,136,952.99
Pashan AWS,18.5362,73.7928,15-05-2024 18:35,2024-05-15 18:35:00,2024,5,15,18,136,952.87
Pashan AWS,18.5362,73.7928,15-05-2024 18:40,2024-05-15 18:40:00,2024,5,15,18,136,952.85
Pashan AWS,18.5362,73.7928,15-05-2024 18:45,2024-05-15 18:45:00,2024,5,15,18,136,952.8
Pashan AWS,18.5362,73.7928,15-05-2024 18:50,2024-05-15 18:50:00,2024,5,15,18,136,952.67
Pashan AWS,18.5362,73.7928,15-05-2024 18:55,2024-05-15 18:55:00,2024,5,15,18,136,952.61
Pashan AWS,18.5362,73.7928,15-05-2024 19:00,2024-05-15 19:00:00,2024,5,15,19,136,952.83
Pashan AWS,18.5362,73.7928,15-05-2024 19:05,2024-05-15 19:05:00,2024,5,15,19,136,952.89
Pashan AWS,18.5362,73.7928,15-05-2024 19:10,2024-05-15 19:10:00,2024,5,15,19,136,953.04
Pashan AWS,18.5362,73.7928,15-05-2024 19:15,2024-05-15 19:15:00,2024,5,15,19,136,953.1
Pashan AWS,18.5362,73.7928,15-05-2024 19:20,2024-05-15 19:20:00,2024,5,15,19,136,953.03
Pashan AWS,18.5362,73.7928,15-05-2024 19:25,2024-05-15 19:25:00,2024,5,15,19,136,952.99
Pashan AWS,18.5362,73.7928,15-05-2024 19:30,2024-05-15 19:30:00,2024,5,15,19,136,953.02
Pashan AWS,18.5362,73.7928,15-05-2024 19:35,2024-05-15 19:35:00,2024,5,15,19,136,953.03
Pashan AWS,18.5362,73.7928,15-05-2024 19:40,2024-05-15 19:40:00,2024,5,15,19,136,952.96
Pashan AWS,18.5362,73.7928,15-05-2024 19:45,2024-05-15 19:45:00,2024,5,15,19,136,952.82
Pashan AWS,18.5362,73.7928,15-05-2024 19:50,2024-05-15 19:50:00,2024,5,15,19,136,953.05
Pashan AWS,18.5362,73.7928,15-05-2024 19:55,2024-05-15 19:55:00,2024,5,15,19,136,953.01
Pashan AWS,18.5362,73.7928,15-05-2024 20:00,2024-05-15 20:00:00,2024,5,15,20,136,952.94
Pashan AWS,18.5362,73.7928,15-05-2024 20:05,2024-05-15 20:05:00,2024,5,15,20,136,952.91
Pashan AWS,18.5362,73.7928,15-05-2024 20:10,2024-05-15 20:10:00,2024,5,15,20,136,952.84
Pashan AWS,18.5362,73.7928,15-05-2024 20:15,2024-05-15 20:15:00,2024,5,15,20,136,952.81
Pashan AWS,18.5362,73.7928,15-05-2024 20:20,2024-05-15 20:20:00,2024,5,15,20,136,952.86
Pashan AWS,18.5362,73.7928,15-05-2024 20:25,2024-05-15 20:25:00,2024,5,15,20,136,952.8
Pashan AWS,18.5362,73.7928,15-05-2024 20:30,2024-05-15 20:30:00,2024,5,15,20,136,952.65
Pashan AWS,18.5362,73.7928,15-05-2024 20:35,2024-05-15 20:35:00,2024,5,15,20,136,952.58
Pashan AWS,18.5362,73.7928,15-05-2024 20:40,2024-05-15 20:40:00,2024,5,15,20,136,952.48
Pashan AWS,18.5362,73.7928,15-05-2024 20:45,2024-05-15 20:45:00,2024,5,15,20,136,952.54
Pashan AWS,18.5362,73.7928,15-05-2024 20:50,2024-05-15 20:50:00,2024,5,15,20,136,952.57
Pashan AWS,18.5362,73.7928,15-05-2024 20:55,2024-05-15 20:55:00,2024,5,15,20,136,952.51
Pashan AWS,18.5362,73.7928,15-05-2024 21:00,2024-05-15 21:00:00,2024,5,15,21,136,952.34
Pashan AWS,18.5362,73.7928,15-05-2024 21:05,2024-05-15 21:05:00,2024,5,15,21,136,952.17
Pashan AWS,18.5362,73.7928,15-05-2024 21:10,2024-05-15 21:10:00,2024,5,15,21,136,952.11
Pashan AWS,18.5362,73.7928,15-05-2024 21:15,2024-05-15 21:15:00,2024,5,15,21,136,952.07
Pashan AWS,18.5362,73.7928,15-05-2024 21:20,2024-05-15 21:20:00,2024,5,15,21,136,951.97
Pashan AWS,18.5362,73.7928,15-05-2024 21:25,2024-05-15 21:25:00,2024,5,15,21,136,951.86
Pashan AWS,18.5362,73.7928,15-05-2024 21:30,2024-05-15 21:30:00,2024,5,15,21,136,951.74
Pashan AWS,18.5362,73.7928,15-05-2024 21:35,2024-05-15 21:35:00,2024,5,15,21,136,951.68
Pashan AWS,18.5362,73.7928,15-05-2024 21:40,2024-05-15 21:40:00,2024,5,15,21,136,951.42
Pashan AWS,18.5362,73.7928,15-05-2024 21:45,2024-05-15 21:45:00,2024,5,15,21,136,951.27
Pashan AWS,18.5362,73.7928,15-05-2024 21:50,2024-05-15 21:50:00,2024,5,15,21,136,951.16
Pashan AWS,18.5362,73.7928,15-05-2024 21:55,2024-05-15 21:55:00,2024,5,15,21,136,951.2
Pashan AWS,18.5362,73.7928,15-05-2024 22:00,2024-05-15 22:00:00,2024,5,15,22,136,951.07
Pashan AWS,18.5362,73.7928,15-05-2024 22:05,2024-05-15 22:05:00,2024,5,15,22,136,951.02
Pashan AWS,18.5362,73.7928,15-05-2024 22:10,2024-05-15 22:10:00,2024,5,15,22,136,950.98
Pashan AWS,18.5362,73.7928,15-05-2024 22:15,2024-05-15 22:15:00,2024,5,15,22,136,951.02
Pashan AWS,18.5362,73.7928,15-05-2024 22:20,2024-05-15 22:20:00,2024,5,15,22,136,951.05
Pashan AWS,18.5362,73.7928,15-05-2024 22:25,2024-05-15 22:25:00,2024,5,15,22,136,950.98
Pashan AWS,18.5362,73.7928,15-05-2024 22:30,2024-05-15 22:30:00,2024,5,15,22,136,950.87
Pashan AWS,18.5362,73.7928,15-05-2024 22:35,2024-05-15 22:35:00,2024,5,15,22,136,950.75
Pashan AWS,18.5362,73.7928,15-05-2024 22:40,2024-05-15 22:40:00,2024,5,15,22,136,950.66
Pashan AWS,18.5362,73.7928,15-05-2024 22:45,2024-05-15 22:45:00,2024,5,15,22,136,950.57
Pashan AWS,18.5362,73.7928,15-05-2024 22:50,2024-05-15 22:50:00,2024,5,15,22,136,950.55
Pashan AWS,18.5362,73.7928,15-05-2024 22:55,2024-05-15 22:55:00,2024,5,15,22,136,950.52
Pashan AWS,18.5362,73.7928,15-05-2024 23:00,2024-05-15 23:00:00,2024,5,15,23,136,950.5
Pashan AWS,18.5362,73.7928,15-05-2024 23:05,2024-05-15 23:05:00,2024,5,15,23,136,950.54
Pashan AWS,18.5362,73.7928,15-05-2024 23:10,2024-05-15 23:10:00,2024,5,15,23,136,950.62
Pashan AWS,18.5362,73.7928,15-05-2024 23:15,2024-05-15 23:15:00,2024,5,15,23,136,950.56
Pashan AWS,18.5362,73.7928,15-05-2024 23:20,2024-05-15 23:20:00,2024,5,15,23,136,950.58
Pashan AWS,18.5362,73.7928,15-05-2024 23:25,2024-05-15 23:25:00,2024,5,15,23,136,950.48
Pashan AWS,18.5362,73.7928,15-05-2024 23:30,2024-05-15 23:30:00,2024,5,15,23,136,950.51
Pashan AWS,18.5362,73.7928,15-05-2024 23:35,2024-05-15 23:35:00,2024,5,15,23,136,950.53
Pashan AWS,18.5362,73.7928,15-05-2024 23:40,2024-05-15 23:40:00,2024,5,15,23,136,950.54
Pashan AWS,18.5362,73.7928,15-05-2024 23:45,2024-05-15 23:45:00,2024,5,15,23,136,950.48
Pashan AWS,18.5362,73.7928,15-05-2024 23:50,2024-05-15 23:50:00,2024,5,15,23,136,950.36
Pashan AWS,18.5362,73.7928,15-05-2024 23:55,2024-05-15 23:55:00,2024,5,15,23,136,950.18
Pashan AWS,18.5362,73.7928,16-05-2024 00:00,2024-05-16 00:00:00,2024,5,16,0,137,950.13
Pashan AWS,18.5362,73.7928,16-05-2024 00:05,2024-05-16 00:05:00,2024,5,16,0,137,950.2
Pashan AWS,18.5362,73.7928,16-05-2024 00:10,2024-05-16 00:10:00,2024,5,16,0,137,950.12
Pashan AWS,18.5362,73.7928,16-05-2024 00:15,2024-05-16 00:15:00,2024,5,16,0,137,950.13
Pashan AWS,18.5362,73.7928,16-05-2024 00:20,2024-05-16 00:20:00,2024,5,16,0,137,950.15
Pashan AWS,18.5362,73.7928,16-05-2024 00:25,2024-05-16 00:25:00,2024,5,16,0,137,950.08
Pashan AWS,18.5362,73.7928,16-05-2024 00:30,2024-05-16 00:30:00,2024,5,16,0,137,950.14
Pashan AWS,18.5362,73.7928,16-05-2024 00:35,2024-05-16 00:35:00,2024,5,16,0,137,949.86
Pashan AWS,18.5362,73.7928,16-05-2024 00:40,2024-05-16 00:40:00,2024,5,16,0,137,949.73
Pashan AWS,18.5362,73.7928,16-05-2024 00:45,2024-05-16 00:45:00,2024,5,16,0,137,949.64
Pashan AWS,18.5362,73.7928,16-05-2024 00:50,2024-05-16 00:50:00,2024,5,16,0,137,949.55
Pashan AWS,18.5362,73.7928,16-05-2024 00:55,2024-05-16 00:55:00,2024,5,16,0,137,949.57
Pashan AWS,18.5362,73.7928,16-05-2024 01:00,2024-05-16 01:00:00,2024,5,16,1,137,949.58
Pashan AWS,18.5362,73.7928,16-05-2024 01:05,2024-05-16 01:05:00,2024,5,16,1,137,949.6
Pashan AWS,18.5362,73.7928,16-05-2024 01:10,2024-05-16 01:10:00,2024,5,16,1,137,949.64
Pashan AWS,18.5362,73.7928,16-05-2024 01:15,2024-05-16 01:15:00,2024,5,16,1,137,949.56
Pashan AWS,18.5362,73.7928,16-05-2024 01:20,2024-05-16 01:20:00,2024,5,16,1,137,949.46
Pashan AWS,18.5362,73.7928,16-05-2024 01:25,2024-05-16 01:25:00,2024,5,16,1,137,949.49
Pashan AWS,18.5362,73.7928,16-05-2024 01:30,2024-05-16 01:30:00,2024,5,16,1,137,949.45
Pashan AWS,18.5362,73.7928,16-05-2024 01:35,2024-05-16 01:35:00,2024,5,16,1,137,949.34
Pashan AWS,18.5362,73.7928,16-05-2024 01:40,2024-05-16 01:40:00,2024,5,16,1,137,949.43
Pashan AWS,18.5362,73.7928,16-05-2024 01:45,2024-05-16 01:45:00,2024,5,16,1,137,949.56
Pashan AWS,18.5362,73.7928,16-05-2024 01:50,2024-05-16 01:50:00,2024,5,16,1,137,949.7
Pashan AWS,18.5362,73.7928,16-05-2024 01:55,2024-05-16 01:55:00,2024,5,16,1,137,949.73
Pashan AWS,18.5362,73.7928,16-05-2024 02:00,2024-05-16 02:00:00,2024,5,16,2,137,949.8
Pashan AWS,18.5362,73.7928,16-05-2024 02:05,2024-05-16 02:05:00,2024,5,16,2,137,949.93
Pashan AWS,18.5362,73.7928,16-05-2024 02:10,2024-05-16 02:10:00,2024,5,16,2,137,949.89
Pashan AWS,18.5362,73.7928,16-05-2024 02:15,2024-05-16 02:15:00,2024,5,16,2,137,950.0
Pashan AWS,18.5362,73.7928,16-05-2024 02:20,2024-05-16 02:20:00,2024,5,16,2,137,950.04
Pashan AWS,18.5362,73.7928,16-05-2024 02:25,2024-05-16 02:25:00,2024,5,16,2,137,950.13
Pashan AWS,18.5362,73.7928,16-05-2024 02:30,2024-05-16 02:30:00,2024,5,16,2,137,950.17
Pashan AWS,18.5362,73.7928,16-05-2024 02:35,2024-05-16 02:35:00,2024,5,16,2,137,950.29
Pashan AWS,18.5362,73.7928,16-05-2024 02:40,2024-05-16 02:40:00,2024,5,16,2,137,950.33
Pashan AWS,18.5362,73.7928,16-05-2024 02:45,2024-05-16 02:45:00,2024,5,16,2,137,950.24
Pashan AWS,18.5362,73.7928,16-05-2024 02:50,2024-05-16 02:50:00,2024,5,16,2,137,950.38
Pashan AWS,18.5362,73.7928,16-05-2024 02:55,2024-05-16 02:55:00,2024,5,16,2,137,950.33
Pashan AWS,18.5362,73.7928,16-05-2024 03:00,2024-05-16 03:00:00,2024,5,16,3,137,950.47
Pashan AWS,18.5362,73.7928,16-05-2024 03:05,2024-05-16 03:05:00,2024,5,16,3,137,950.49
Pashan AWS,18.5362,73.7928,16-05-2024 03:10,2024-05-16 03:10:00,2024,5,16,3,137,950.62
Pashan AWS,18.5362,73.7928,16-05-2024 03:15,2024-05-16 03:15:00,2024,5,16,3,137,950.74
Pashan AWS,18.5362,73.7928,16-05-2024 03:20,2024-05-16 03:20:00,2024,5,16,3,137,950.8
Pashan AWS,18.5362,73.7928,16-05-2024 03:25,2024-05-16 03:25:00,2024,5,16,3,137,950.87
Pashan AWS,18.5362,73.7928,16-05-2024 03:30,2024-05-16 03:30:00,2024,5,16,3,137,950.93
Pashan AWS,18.5362,73.7928,16-05-2024 03:35,2024-05-16 03:35:00,2024,5,16,3,137,950.8
Pashan AWS,18.5362,73.7928,16-05-2024 03:40,2024-05-16 03:40:00,2024,5,16,3,137,950.85
Pashan AWS,18.5362,73.7928,16-05-2024 03:45,2024-05-16 03:45:00,2024,5,16,3,137,950.8
Pashan AWS,18.5362,73.7928,16-05-2024 03:50,2024-05-16 03:50:00,2024,5,16,3,137,950.86
Pashan AWS,18.5362,73.7928,16-05-2024 03:55,2024-05-16 03:55:00,2024,5,16,3,137,950.81
Pashan AWS,18.5362,73.7928,16-05-2024 04:00,2024-05-16 04:00:00,2024,5,16,4,137,950.76
Pashan AWS,18.5362,73.7928,16-05-2024 04:05,2024-05-16 04:05:00,2024,5,16,4,137,950.94
Pashan AWS,18.5362,73.7928,16-05-2024 04:10,2024-05-16 04:10:00,2024,5,16,4,137,951.07
Pashan AWS,18.5362,73.7928,16-05-2024 04:15,2024-05-16 04:15:00,2024,5,16,4,137,951.12
Pashan AWS,18.5362,73.7928,16-05-2024 04:20,2024-05-16 04:20:00,2024,5,16,4,137,951.18
Pashan AWS,18.5362,73.7928,16-05-2024 04:25,2024-05-16 04:25:00,2024,5,16,4,137,951.2
Pashan AWS,18.5362,73.7928,16-05-2024 04:30,2024-05-16 04:30:00,2024,5,16,4,137,951.29
Pashan AWS,18.5362,73.7928,16-05-2024 04:35,2024-05-16 04:35:00,2024,5,16,4,137,951.27
Pashan AWS,18.5362,73.7928,16-05-2024 04:40,2024-05-16 04:40:00,2024,5,16,4,137,951.4
Pashan AWS,18.5362,73.7928,16-05-2024 04:45,2024-05-16 04:45:00,2024,5,16,4,137,951.42
Pashan AWS,18.5362,73.7928,16-05-2024 04:50,2024-05-16 04:50:00,2024,5,16,4,137,951.42
Pashan AWS,18.5362,73.7928,16-05-2024 04:55,2024-05-16 04:55:00,2024,5,16,4,137,951.46
Pashan AWS,18.5362,73.7928,16-05-2024 05:00,2024-05-16 05:00:00,2024,5,16,5,137,951.45
Pashan AWS,18.5362,73.7928,16-05-2024 05:05,2024-05-16 05:05:00,2024,5,16,5,137,951.52
Pashan AWS,18.5362,73.7928,16-05-2024 05:10,2024-05-16 05:10:00,2024,5,16,5,137,951.52
Pashan AWS,18.5362,73.7928,16-05-2024 05:15,2024-05-16 05:15:00,2024,5,16,5,137,951.59
Pashan AWS,18.5362,73.7928,16-05-2024 05:20,2024-05-16 05:20:00,2024,5,16,5,137,951.72
Pashan AWS,18.5362,73.7928,16-05-2024 05:25,2024-05-16 05:25:00,2024,5,16,5,137,951.69
Pashan AWS,18.5362,73.7928,16-05-2024 05:30,2024-05-16 05:30:00,2024,5,16,5,137,951.71
Pashan AWS,18.5362,73.7928,16-05-2024 05:35,2024-05-16 05:35:00,2024,5,16,5,137,951.78
Pashan AWS,18.5362,73.7928,16-05-2024 05:40,2024-05-16 05:40:00,2024,5,16,5,137,951.77
Pashan AWS,18.5362,73.7928,16-05-2024 05:45,2024-05-16 05:45:00,2024,5,16,5,137,951.83
Pashan AWS,18.5362,73.7928,16-05-2024 05:50,2024-05-16 05:50:00,2024,5,16,5,137,951.9
Pashan AWS,18.5362,73.7928,16-05-2024 05:55,2024-05-16 05:55:00,2024,5,16,5,137,952.0
Pashan AWS,18.5362,73.7928,16-05-2024 06:00,2024-05-16 06:00:00,2024,5,16,6,137,951.97
Pashan AWS,18.5362,73.7928,16-05-2024 06:05,2024-05-16 06:05:00,2024,5,16,6,137,951.9
Pashan AWS,18.5362,73.7928,16-05-2024 06:10,2024-05-16 06:10:00,2024,5,16,6,137,951.89
Pashan AWS,18.5362,73.7928,16-05-2024 06:15,2024-05-16 06:15:00,2024,5,16,6,137,951.83
Pashan AWS,18.5362,73.7928,16-05-2024 06:20,2024-05-16 06:20:00,2024,5,16,6,137,951.88
Pashan AWS,18.5362,73.7928,16-05-2024 06:25,2024-05-16 06:25:00,2024,5,16,6,137,951.8
Pashan AWS,18.5362,73.7928,16-05-2024 06:30,2024-05-16 06:30:00,2024,5,16,6,137,951.99
Pashan AWS,18.5362,73.7928,16-05-2024 06:35,2024-05-16 06:35:00,2024,5,16,6,137,952.1
Pashan AWS,18.5362,73.7928,16-05-2024 06:40,2024-05-16 06:40:00,2024,5,16,6,137,952.09
Pashan AWS,18.5362,73.7928,16-05-2024 06:45,2024-05-16 06:45:00,2024,5,16,6,137,952.15
Pashan AWS,18.5362,73.7928,16-05-2024 06:50,2024-05-16 06:50:00,2024,5,16,6,137,952.0
Pashan AWS,18.5362,73.7928,16-05-2024 06:55,2024-05-16 06:55:00,2024,5,16,6,137,952.19
Pashan AWS,18.5362,73.7928,16-05-2024 07:00,2024-05-16 07:00:00,2024,5,16,7,137,952.12
Pashan AWS,18.5362,73.7928,16-05-2024 07:05,2024-05-16 07:05:00,2024,5,16,7,137,952.09
Pashan AWS,18.5362,73.7928,16-05-2024 07:10,2024-05-16 07:10:00,2024,5,16,7,137,951.91
Pashan AWS,18.5362,73.7928,16-05-2024 07:15,2024-05-16 07:15:00,2024,5,16,7,137,951.93
Pashan AWS,18.5362,73.7928,16-05-2024 07:20,2024-05-16 07:20:00,2024,5,16,7,137,951.82
Pashan AWS,18.5362,73.7928,16-05-2024 07:25,2024-05-16 07:25:00,2024,5,16,7,137,951.8
Pashan AWS,18.5362,73.7928,16-05-2024 07:30,2024-05-16 07:30:00,2024,5,16,7,137,951.73
Pashan AWS,18.5362,73.7928,16-05-2024 07:35,2024-05-16 07:35:00,2024,5,16,7,137,951.61
Pashan AWS,18.5362,73.7928,16-05-2024 07:40,2024-05-16 07:40:00,2024,5,16,7,137,951.52
Pashan AWS,18.5362,73.7928,16-05-2024 07:45,2024-05-16 07:45:00,2024,5,16,7,137,951.51
Pashan AWS,18.5362,73.7928,16-05-2024 07:50,2024-05-16 07:50:00,2024,5,16,7,137,951.38
Pashan AWS,18.5362,73.7928,16-05-2024 07:55,2024-05-16 07:55:00,2024,5,16,7,137,951.29
Pashan AWS,18.5362,73.7928,16-05-2024 08:00,2024-05-16 08:00:00,2024,5,16,8,137,951.31
Pashan AWS,18.5362,73.7928,16-05-2024 08:05,2024-05-16 08:05:00,2024,5,16,8,137,951.48
Pashan AWS,18.5362,73.7928,16-05-2024 08:10,2024-05-16 08:10:00,2024,5,16,8,137,951.47
Pashan AWS,18.5362,73.7928,16-05-2024 08:15,2024-05-16 08:15:00,2024,5,16,8,137,951.35
Pashan AWS,18.5362,73.7928,16-05-2024 08:20,2024-05-16 08:20:00,2024,5,16,8,137,951.27
Pashan AWS,18.5362,73.7928,16-05-2024 08:25,2024-05-16 08:25:00,2024,5,16,8,137,951.22
Pashan AWS,18.5362,73.7928,16-05-2024 08:30,2024-05-16 08:30:00,2024,5,16,8,137,951.14
Pashan AWS,18.5362,73.7928,16-05-2024 08:35,2024-05-16 08:35:00,2024,5,16,8,137,951.16
Pashan AWS,18.5362,73.7928,16-05-2024 08:40,2024-05-16 08:40:00,2024,5,16,8,137,951.12
Pashan AWS,18.5362,73.7928,16-05-2024 08:45,2024-05-16 08:45:00,2024,5,16,8,137,951.13
Pashan AWS,18.5362,73.7928,16-05-2024 08:50,2024-05-16 08:50:00,2024,5,16,8,137,951.04
Pashan AWS,18.5362,73.7928,16-05-2024 08:55,2024-05-16 08:55:00,2024,5,16,8,137,951.08
Pashan AWS,18.5362,73.7928,16-05-2024 09:00,2024-05-16 09:00:00,2024,5,16,9,137,950.99
Pashan AWS,18.5362,73.7928,16-05-2024 09:05,2024-05-16 09:05:00,2024,5,16,9,137,950.84
Pashan AWS,18.5362,73.7928,16-05-2024 09:10,2024-05-16 09:10:00,2024,5,16,9,137,950.95
Pashan AWS,18.5362,73.7928,16-05-2024 09:15,2024-05-16 09:15:00,2024,5,16,9,137,950.72
Pashan AWS,18.5362,73.7928,16-05-2024 09:20,2024-05-16 09:20:00,2024,5,16,9,137,950.59
Pashan AWS,18.5362,73.7928,16-05-2024 09:25,2024-05-16 09:25:00,2024,5,16,9,137,950.47
Pashan AWS,18.5362,73.7928,16-05-2024 09:30,2024-05-16 09:30:00,2024,5,16,9,137,950.6
Pashan AWS,18.5362,73.7928,16-05-2024 09:35,2024-05-16 09:35:00,2024,5,16,9,137,950.66
Pashan AWS,18.5362,73.7928,16-05-2024 09:40,2024-05-16 09:40:00,2024,5,16,9,137,950.7
Pashan AWS,18.5362,73.7928,16-05-2024 09:45,2024-05-16 09:45:00,2024,5,16,9,137,950.58
Pashan AWS,18.5362,73.7928,16-05-2024 09:50,2024-05-16 09:50:00,2024,5,16,9,137,950.68
Pashan AWS,18.5362,73.7928,16-05-2024 09:55,2024-05-16 09:55:00,2024,5,16,9,137,950.62
Pashan AWS,18.5362,73.7928,16-05-2024 10:00,2024-05-16 10:00:00,2024,5,16,10,137,950.6
Pashan AWS,18.5362,73.7928,16-05-2024 10:05,2024-05-16 10:05:00,2024,5,16,10,137,950.51
Pashan AWS,18.5362,73.7928,16-05-2024 10:10,2024-05-16 10:10:00,2024,5,16,10,137,950.41
Pashan AWS,18.5362,73.7928,16-05-2024 10:15,2024-05-16 10:15:00,2024,5,16,10,137,950.3
Pashan AWS,18.5362,73.7928,16-05-2024 10:20,2024-05-16 10:20:00,2024,5,16,10,137,950.18
Pashan AWS,18.5362,73.7928,16-05-2024 10:25,2024-05-16 10:25:00,2024,5,16,10,137,950.14
Pashan AWS,18.5362,73.7928,16-05-2024 10:30,2024-05-16 10:30:00,2024,5,16,10,137,950.08
Pashan AWS,18.5362,73.7928,16-05-2024 10:35,2024-05-16 10:35:00,2024,5,16,10,137,949.98
Pashan AWS,18.5362,73.7928,16-05-2024 10:40,2024-05-16 10:40:00,2024,5,16,10,137,950.01
Pashan AWS,18.5362,73.7928,16-05-2024 10:45,2024-05-16 10:45:00,2024,5,16,10,137,949.68
Pashan AWS,18.5362,73.7928,16-05-2024 10:50,2024-05-16 10:50:00,2024,5,16,10,137,949.64
Pashan AWS,18.5362,73.7928,16-05-2024 10:55,2024-05-16 10:55:00,2024,5,16,10,137,949.61
Pashan AWS,18.5362,73.7928,16-05-2024 11:00,2024-05-16 11:00:00,2024,5,16,11,137,949.62
Pashan AWS,18.5362,73.7928,16-05-2024 11:05,2024-05-16 11:05:00,2024,5,16,11,137,949.54
Pashan AWS,18.5362,73.7928,16-05-2024 11:10,2024-05-16 11:10:00,2024,5,16,11,137,949.47
Pashan AWS,18.5362,73.7928,16-05-2024 11:15,2024-05-16 11:15:00,2024,5,16,11,137,949.47
Pashan AWS,18.5362,73.7928,16-05-2024 11:20,2024-05-16 11:20:00,2024,5,16,11,137,949.51
Pashan AWS,18.5362,73.7928,16-05-2024 11:25,2024-05-16 11:25:00,2024,5,16,11,137,949.4
Pashan AWS,18.5362,73.7928,16-05-2024 11:30,2024-05-16 11:30:00,2024,5,16,11,137,949.35
Pashan AWS,18.5362,73.7928,16-05-2024 11:35,2024-05-16 11:35:00,2024,5,16,11,137,949.4
Pashan AWS,18.5362,73.7928,16-05-2024 11:40,2024-05-16 11:40:00,2024,5,16,11,137,949.16
Pashan AWS,18.5362,73.7928,16-05-2024 11:45,2024-05-16 11:45:00,2024,5,16,11,137,949.03
Pashan AWS,18.5362,73.7928,16-05-2024 11:50,2024-05-16 11:50:00,2024,5,16,11,137,949.09
Pashan AWS,18.5362,73.7928,16-05-2024 11:55,2024-05-16 11:55:00,2024,5,16,11,137,949.11
Pashan AWS,18.5362,73.7928,16-05-2024 12:00,2024-05-16 12:00:00,2024,5,16,12,137,949.09
Pashan AWS,18.5362,73.7928,16-05-2024 12:05,2024-05-16 12:05:00,2024,5,16,12,137,948.99
Pashan AWS,18.5362,73.7928,16-05-2024 12:10,2024-05-16 12:10:00,2024,5,16,12,137,948.86
Pashan AWS,18.5362,73.7928,16-05-2024 12:15,2024-05-16 12:15:00,2024,5,16,12,137,948.76
Pashan AWS,18.5362,73.7928,16-05-2024 12:20,2024-05-16 12:20:00,2024,5,16,12,137,948.84
Pashan AWS,18.5362,73.7928,16-05-2024 12:25,2024-05-16 12:25:00,2024,5,16,12,137,948.74
Pashan AWS,18.5362,73.7928,16-05-2024 12:30,2024-05-16 12:30:00,2024,5,16,12,137,948.7
Pashan AWS,18.5362,73.7928,16-05-2024 12:35,2024-05-16 12:35:00,2024,5,16,12,137,948.6
Pashan AWS,18.5362,73.7928,16-05-2024 12:40,2024-05-16 12:40:00,2024,5,16,12,137,948.64
Pashan AWS,18.5362,73.7928,16-05-2024 12:45,2024-05-16 12:45:00,2024,5,16,12,137,948.56
Pashan AWS,18.5362,73.7928,16-05-2024 12:50,2024-05-16 12:50:00,2024,5,16,12,137,948.53
Pashan AWS,18.5362,73.7928,16-05-2024 12:55,2024-05-16 12:55:00,2024,5,16,12,137,948.37
Pashan AWS,18.5362,73.7928,16-05-2024 13:00,2024-05-16 13:00:00,2024,5,16,13,137,948.22
Pashan AWS,18.5362,73.7928,16-05-2024 13:05,2024-05-16 13:05:00,2024,5,16,13,137,948.22
Pashan AWS,18.5362,73.7928,16-05-2024 13:10,2024-05-16 13:10:00,2024,5,16,13,137,948.11
Pashan AWS,18.5362,73.7928,16-05-2024 13:15,2024-05-16 13:15:00,2024,5,16,13,137,948.28
Pashan AWS,18.5362,73.7928,16-05-2024 13:20,2024-05-16 13:20:00,2024,5,16,13,137,948.11
Pashan AWS,18.5362,73.7928,16-05-2024 13:25,2024-05-16 13:25:00,2024,5,16,13,137,948.06
Pashan AWS,18.5362,73.7928,16-05-2024 13:30,2024-05-16 13:30:00,2024,5,16,13,137,948.07
Pashan AWS,18.5362,73.7928,16-05-2024 13:35,2024-05-16 13:35:00,2024,5,16,13,137,948.06
Pashan AWS,18.5362,73.7928,16-05-2024 13:40,2024-05-16 13:40:00,2024,5,16,13,137,947.99
Pashan AWS,18.5362,73.7928,16-05-2024 13:45,2024-05-16 13:45:00,2024,5,16,13,137,947.94
Pashan AWS,18.5362,73.7928,16-05-2024 13:50,2024-05-16 13:50:00,2024,5,16,13,137,947.9
Pashan AWS,18.5362,73.7928,16-05-2024 13:55,2024-05-16 13:55:00,2024,5,16,13,137,947.91
Pashan AWS,18.5362,73.7928,16-05-2024 14:00,2024-05-16 14:00:00,2024,5,16,14,137,948.11
Pashan AWS,18.5362,73.7928,16-05-2024 14:05,2024-05-16 14:05:00,2024,5,16,14,137,948.15
Pashan AWS,18.5362,73.7928,16-05-2024 14:10,2024-05-16 14:10:00,2024,5,16,14,137,948.28
Pashan AWS,18.5362,73.7928,16-05-2024 14:15,2024-05-16 14:15:00,2024,5,16,14,137,948.36
Pashan AWS,18.5362,73.7928,16-05-2024 14:20,2024-05-16 14:20:00,2024,5,16,14,137,948.48
Pashan AWS,18.5362,73.7928,16-05-2024 14:25,2024-05-16 14:25:00,2024,5,16,14,137,948.29
Pashan AWS,18.5362,73.7928,16-05-2024 14:30,2024-05-16 14:30:00,2024,5,16,14,137,948.31
Pashan AWS,18.5362,73.7928,16-05-2024 14:35,2024-05-16 14:35:00,2024,5,16,14,137,948.47
Pashan AWS,18.5362,73.7928,16-05-2024 14:40,2024-05-16 14:40:00,2024,5,16,14,137,948.47
Pashan AWS,18.5362,73.7928,16-05-2024 14:45,2024-05-16 14:45:00,2024,5,16,14,137,948.66
Pashan AWS,18.5362,73.7928,16-05-2024 14:50,2024-05-16 14:50:00,2024,5,16,14,137,948.82
Pashan AWS,18.5362,73.7928,16-05-2024 14:55,2024-05-16 14:55:00,2024,5,16,14,137,948.83
Pashan AWS,18.5362,73.7928,16-05-2024 15:00,2024-05-16 15:00:00,2024,5,16,15,137,948.84
Pashan AWS,18.5362,73.7928,16-05-2024 15:05,2024-05-16 15:05:00,2024,5,16,15,137,948.8
Pashan AWS,18.5362,73.7928,16-05-2024 15:10,2024-05-16 15:10:00,2024,5,16,15,137,948.81
Pashan AWS,18.5362,73.7928,16-05-2024 15:15,2024-05-16 15:15:00,2024,5,16,15,137,948.77
Pashan AWS,18.5362,73.7928,16-05-2024 15:20,2024-05-16 15:20:00,2024,5,16,15,137,948.86
Pashan AWS,18.5362,73.7928,16-05-2024 15:25,2024-05-16 15:25:00,2024,5,16,15,137,948.81
Pashan AWS,18.5362,73.7928,16-05-2024 15:30,2024-05-16 15:30:00,2024,5,16,15,137,948.92
Pashan AWS,18.5362,73.7928,16-05-2024 15:35,2024-05-16 15:35:00,2024,5,16,15,137,949.04
Pashan AWS,18.5362,73.7928,16-05-2024 15:40,2024-05-16 15:40:00,2024,5,16,15,137,948.97
Pashan AWS,18.5362,73.7928,16-05-2024 15:45,2024-05-16 15:45:00,2024,5,16,15,137,949.16
Pashan AWS,18.5362,73.7928,16-05-2024 15:50,2024-05-16 15:50:00,2024,5,16,15,137,949.27
Pashan AWS,18.5362,73.7928,16-05-2024 15:55,2024-05-16 15:55:00,2024,5,16,15,137,949.39
Pashan AWS,18.5362,73.7928,16-05-2024 16:00,2024-05-16 16:00:00,2024,5,16,16,137,949.39
Pashan AWS,18.5362,73.7928,16-05-2024 16:05,2024-05-16 16:05:00,2024,5,16,16,137,949.5
Pashan AWS,18.5362,73.7928,16-05-2024 16:10,2024-05-16 16:10:00,2024,5,16,16,137,949.66
Pashan AWS,18.5362,73.7928,16-05-2024 16:15,2024-05-16 16:15:00,2024,5,16,16,137,949.7
Pashan AWS,18.5362,73.7928,16-05-2024 16:20,2024-05-16 16:20:00,2024,5,16,16,137,949.92
Pashan AWS,18.5362,73.7928,16-05-2024 16:25,2024-05-16 16:25:00,2024,5,16,16,137,949.98
Pashan AWS,18.5362,73.7928,16-05-2024 16:30,2024-05-16 16:30:00,2024,5,16,16,137,950.12
Pashan AWS,18.5362,73.7928,16-05-2024 16:35,2024-05-16 16:35:00,2024,5,16,16,137,950.19
Pashan AWS,18.5362,73.7928,16-05-2024 16:40,2024-05-16 16:40:00,2024,5,16,16,137,950.28
Pashan AWS,18.5362,73.7928,16-05-2024 16:45,2024-05-16 16:45:00,2024,5,16,16,137,950.19
Pashan AWS,18.5362,73.7928,16-05-2024 16:50,2024-05-16 16:50:00,2024,5,16,16,137,950.26
Pashan AWS,18.5362,73.7928,16-05-2024 16:55,2024-05-16 16:55:00,2024,5,16,16,137,950.25
Pashan AWS,18.5362,73.7928,16-05-2024 17:00,2024-05-16 17:00:00,2024,5,16,17,137,950.23
Pashan AWS,18.5362,73.7928,16-05-2024 17:05,2024-05-16 17:05:00,2024,5,16,17,137,950.42
Pashan AWS,18.5362,73.7928,16-05-2024 17:10,2024-05-16 17:10:00,2024,5,16,17,137,950.44
Pashan AWS,18.5362,73.7928,16-05-2024 17:15,2024-05-16 17:15:00,2024,5,16,17,137,950.4
Pashan AWS,18.5362,73.7928,16-05-2024 17:20,2024-05-16 17:20:00,2024,5,16,17,137,950.42
Pashan AWS,18.5362,73.7928,16-05-2024 17:25,2024-05-16 17:25:00,2024,5,16,17,137,950.35
Pashan AWS,18.5362,73.7928,16-05-2024 17:30,2024-05-16 17:30:00,2024,5,16,17,137,950.51
Pashan AWS,18.5362,73.7928,16-05-2024 17:35,2024-05-16 17:35:00,2024,5,16,17,137,950.49
Pashan AWS,18.5362,73.7928,16-05-2024 17:40,2024-05-16 17:40:00,2024,5,16,17,137,950.58
Pashan AWS,18.5362,73.7928,16-05-2024 17:45,2024-05-16 17:45:00,2024,5,16,17,137,950.72
Pashan AWS,18.5362,73.7928,16-05-2024 17:50,2024-05-16 17:50:00,2024,5,16,17,137,950.71
Pashan AWS,18.5362,73.7928,16-05-2024 17:55,2024-05-16 17:55:00,2024,5,16,17,137,950.78
Pashan AWS,18.5362,73.7928,16-05-2024 18:00,2024-05-16 18:00:00,2024,5,16,18,137,950.72
Pashan AWS,18.5362,73.7928,16-05-2024 18:05,2024-05-16 18:05:00,2024,5,16,18,137,950.94
Pashan AWS,18.5362,73.7928,16-05-2024 18:10,2024-05-16 18:10:00,2024,5,16,18,137,951.03
Pashan AWS,18.5362,73.7928,16-05-2024 18:15,2024-05-16 18:15:00,2024,5,16,18,137,951.02
Pashan AWS,18.5362,73.7928,16-05-2024 18:20,2024-05-16 18:20:00,2024,5,16,18,137,950.97
Pashan AWS,18.5362,73.7928,16-05-2024 18:25,2024-05-16 18:25:00,2024,5,16,18,137,950.97
Pashan AWS,18.5362,73.7928,16-05-2024 18:30,2024-05-16 18:30:00,2024,5,16,18,137,950.95
Pashan AWS,18.5362,73.7928,16-05-2024 18:35,2024-05-16 18:35:00,2024,5,16,18,137,951.11
Pashan AWS,18.5362,73.7928,16-05-2024 18:40,2024-05-16 18:40:00,2024,5,16,18,137,951.0
Pashan AWS,18.5362,73.7928,16-05-2024 18:45,2024-05-16 18:45:00,2024,5,16,18,137,951.01
Pashan AWS,18.5362,73.7928,16-05-2024 18:50,2024-05-16 18:50:00,2024,5,16,18,137,951.01
Pashan AWS,18.5362,73.7928,16-05-2024 18:55,2024-05-16 18:55:00,2024,5,16,18,137,950.99
Pashan AWS,18.5362,73.7928,16-05-2024 19:00,2024-05-16 19:00:00,2024,5,16,19,137,950.97
Pashan AWS,18.5362,73.7928,16-05-2024 19:05,2024-05-16 19:05:00,2024,5,16,19,137,950.95
Pashan AWS,18.5362,73.7928,16-05-2024 19:10,2024-05-16 19:10:00,2024,5,16,19,137,951.01
Pashan AWS,18.5362,73.7928,16-05-2024 19:15,2024-05-16 19:15:00,2024,5,16,19,137,951.04
Pashan AWS,18.5362,73.7928,16-05-2024 19:20,2024-05-16 19:20:00,2024,5,16,19,137,951.05
Pashan AWS,18.5362,73.7928,16-05-2024 19:25,2024-05-16 19:25:00,2024,5,16,19,137,950.78
Pashan AWS,18.5362,73.7928,16-05-2024 19:30,2024-05-16 19:30:00,2024,5,16,19,137,950.78
Pashan AWS,18.5362,73.7928,16-05-2024 19:35,2024-05-16 19:35:00,2024,5,16,19,137,950.63
Pashan AWS,18.5362,73.7928,16-05-2024 19:40,2024-05-16 19:40:00,2024,5,16,19,137,950.66
Pashan AWS,18.5362,73.7928,16-05-2024 19:45,2024-05-16 19:45:00,2024,5,16,19,137,950.75
Pashan AWS,18.5362,73.7928,16-05-2024 19:50,2024-05-16 19:50:00,2024,5,16,19,137,950.64
Pashan AWS,18.5362,73.7928,16-05-2024 19:55,2024-05-16 19:55:00,2024,5,16,19,137,950.59
Pashan AWS,18.5362,73.7928,16-05-2024 20:00,2024-05-16 20:00:00,2024,5,16,20,137,950.51
Pashan AWS,18.5362,73.7928,16-05-2024 20:05,2024-05-16 20:05:00,2024,5,16,20,137,950.57
Pashan AWS,18.5362,73.7928,16-05-2024 20:10,2024-05-16 20:10:00,2024,5,16,20,137,950.54
Pashan AWS,18.5362,73.7928,16-05-2024 20:15,2024-05-16 20:15:00,2024,5,16,20,137,950.63
Pashan AWS,18.5362,73.7928,16-05-2024 20:20,2024-05-16 20:20:00,2024,5,16,20,137,950.62
Pashan AWS,18.5362,73.7928,16-05-2024 20:25,2024-05-16 20:25:00,2024,5,16,20,137,950.58
Pashan AWS,18.5362,73.7928,16-05-2024 20:30,2024-05-16 20:30:00,2024,5,16,20,137,950.53
Pashan AWS,18.5362,73.7928,16-05-2024 20:35,2024-05-16 20:35:00,2024,5,16,20,137,950.54
Pashan AWS,18.5362,73.7928,16-05-2024 20:40,2024-05-16 20:40:00,2024,5,16,20,137,950.34
Pashan AWS,18.5362,73.7928,16-05-2024 20:45,2024-05-16 20:45:00,2024,5,16,20,137,950.28
Pashan AWS,18.5362,73.7928,16-05-2024 20:50,2024-05-16 20:50:00,2024,5,16,20,137,950.22
Pashan AWS,18.5362,73.7928,16-05-2024 20:55,2024-05-16 20:55:00,2024,5,16,20,137,950.22
Pashan AWS,18.5362,73.7928,16-05-2024 21:00,2024-05-16 21:00:00,2024,5,16,21,137,950.14
Pashan AWS,18.5362,73.7928,16-05-2024 21:05,2024-05-16 21:05:00,2024,5,16,21,137,949.99
Pashan AWS,18.5362,73.7928,16-05-2024 21:10,2024-05-16 21:10:00,2024,5,16,21,137,949.92
Pashan AWS,18.5362,73.7928,16-05-2024 21:15,2024-05-16 21:15:00,2024,5,16,21,137,949.77
Pashan AWS,18.5362,73.7928,16-05-2024 21:20,2024-05-16 21:20:00,2024,5,16,21,137,949.56
Pashan AWS,18.5362,73.7928,16-05-2024 21:25,2024-05-16 21:25:00,2024,5,16,21,137,949.56
Pashan AWS,18.5362,73.7928,16-05-2024 21:30,2024-05-16 21:30:00,2024,5,16,21,137,949.55
Pashan AWS,18.5362,73.7928,16-05-2024 21:35,2024-05-16 21:35:00,2024,5,16,21,137,949.52
Pashan AWS,18.5362,73.7928,16-05-2024 21:40,2024-05-16 21:40:00,2024,5,16,21,137,949.56
Pashan AWS,18.5362,73.7928,16-05-2024 21:45,2024-05-16 21:45:00,2024,5,16,21,137,949.44
Pashan AWS,18.5362,73.7928,16-05-2024 21:50,2024-05-16 21:50:00,2024,5,16,21,137,949.26
Pashan AWS,18.5362,73.7928,16-05-2024 21:55,2024-05-16 21:55:00,2024,5,16,21,137,949.19
Pashan AWS,18.5362,73.7928,16-05-2024 22:00,2024-05-16 22:00:00,2024,5,16,22,137,949.1
Pashan AWS,18.5362,73.7928,16-05-2024 22:05,2024-05-16 22:05:00,2024,5,16,22,137,948.97
Pashan AWS,18.5362,73.7928,16-05-2024 22:10,2024-05-16 22:10:00,2024,5,16,22,137,948.9
Pashan AWS,18.5362,73.7928,16-05-2024 22:15,2024-05-16 22:15:00,2024,5,16,22,137,948.79
Pashan AWS,18.5362,73.7928,16-05-2024 22:20,2024-05-16 22:20:00,2024,5,16,22,137,948.59
Pashan AWS,18.5362,73.7928,16-05-2024 22:25,2024-05-16 22:25:00,2024,5,16,22,137,948.5
Pashan AWS,18.5362,73.7928,16-05-2024 22:30,2024-05-16 22:30:00,2024,5,16,22,137,948.36
Pashan AWS,18.5362,73.7928,16-05-2024 22:35,2024-05-16 22:35:00,2024,5,16,22,137,948.34
Pashan AWS,18.5362,73.7928,16-05-2024 22:40,2024-05-16 22:40:00,2024,5,16,22,137,948.24
Pashan AWS,18.5362,73.7928,16-05-2024 22:45,2024-05-16 22:45:00,2024,5,16,22,137,948.28
Pashan AWS,18.5362,73.7928,16-05-2024 22:50,2024-05-16 22:50:00,2024,5,16,22,137,948.36
Pashan AWS,18.5362,73.7928,16-05-2024 22:55,2024-05-16 22:55:00,2024,5,16,22,137,948.37
Pashan AWS,18.5362,73.7928,16-05-2024 23:00,2024-05-16 23:00:00,2024,5,16,23,137,948.19
Pashan AWS,18.5362,73.7928,16-05-2024 23:05,2024-05-16 23:05:00,2024,5,16,23,137,948.27
Pashan AWS,18.5362,73.7928,16-05-2024 23:10,2024-05-16 23:10:00,2024,5,16,23,137,948.34
Pashan AWS,18.5362,73.7928,16-05-2024 23:15,2024-05-16 23:15:00,2024,5,16,23,137,948.29
Pashan AWS,18.5362,73.7928,16-05-2024 23:20,2024-05-16 23:20:00,2024,5,16,23,137,948.34
Pashan AWS,18.5362,73.7928,16-05-2024 23:25,2024-05-16 23:25:00,2024,5,16,23,137,948.25
Pashan AWS,18.5362,73.7928,16-05-2024 23:30,2024-05-16 23:30:00,2024,5,16,23,137,948.05
Pashan AWS,18.5362,73.7928,16-05-2024 23:35,2024-05-16 23:35:00,2024,5,16,23,137,947.94
Pashan AWS,18.5362,73.7928,16-05-2024 23:40,2024-05-16 23:40:00,2024,5,16,23,137,948.05
Pashan AWS,18.5362,73.7928,16-05-2024 23:45,2024-05-16 23:45:00,2024,5,16,23,137,947.89
Pashan AWS,18.5362,73.7928,16-05-2024 23:50,2024-05-16 23:50:00,2024,5,16,23,137,947.85
Pashan AWS,18.5362,73.7928,16-05-2024 23:55,2024-05-16 23:55:00,2024,5,16,23,137,947.82
Pashan AWS,18.5362,73.7928,17-05-2024 00:00,2024-05-17 00:00:00,2024,5,17,0,138,947.75
Pashan AWS,18.5362,73.7928,17-05-2024 00:05,2024-05-17 00:05:00,2024,5,17,0,138,947.69
Pashan AWS,18.5362,73.7928,17-05-2024 00:10,2024-05-17 00:10:00,2024,5,17,0,138,947.67
Pashan AWS,18.5362,73.7928,17-05-2024 00:15,2024-05-17 00:15:00,2024,5,17,0,138,947.61
Pashan AWS,18.5362,73.7928,17-05-2024 00:20,2024-05-17 00:20:00,2024,5,17,0,138,947.48
Pashan AWS,18.5362,73.7928,17-05-2024 00:25,2024-05-17 00:25:00,2024,5,17,0,138,947.49
Pashan AWS,18.5362,73.7928,17-05-2024 00:30,2024-05-17 00:30:00,2024,5,17,0,138,947.57
Pashan AWS,18.5362,73.7928,17-05-2024 00:35,2024-05-17 00:35:00,2024,5,17,0,138,947.63
Pashan AWS,18.5362,73.7928,17-05-2024 00:40,2024-05-17 00:40:00,2024,5,17,0,138,947.56
Pashan AWS,18.5362,73.7928,17-05-2024 00:45,2024-05-17 00:45:00,2024,5,17,0,138,947.46
Pashan AWS,18.5362,73.7928,17-05-2024 00:50,2024-05-17 00:50:00,2024,5,17,0,138,947.44
Pashan AWS,18.5362,73.7928,17-05-2024 00:55,2024-05-17 00:55:00,2024,5,17,0,138,947.57
Pashan AWS,18.5362,73.7928,17-05-2024 01:00,2024-05-17 01:00:00,2024,5,17,1,138,947.63
Pashan AWS,18.5362,73.7928,17-05-2024 01:05,2024-05-17 01:05:00,2024,5,17,1,138,947.69
Pashan AWS,18.5362,73.7928,17-05-2024 01:10,2024-05-17 01:10:00,2024,5,17,1,138,947.76
Pashan AWS,18.5362,73.7928,17-05-2024 01:15,2024-05-17 01:15:00,2024,5,17,1,138,947.8
Pashan AWS,18.5362,73.7928,17-05-2024 01:20,2024-05-17 01:20:00,2024,5,17,1,138,947.82
Pashan AWS,18.5362,73.7928,17-05-2024 01:25,2024-05-17 01:25:00,2024,5,17,1,138,947.88
Pashan AWS,18.5362,73.7928,17-05-2024 01:30,2024-05-17 01:30:00,2024,5,17,1,138,947.85
Pashan AWS,18.5362,73.7928,17-05-2024 01:35,2024-05-17 01:35:00,2024,5,17,1,138,947.75
Pashan AWS,18.5362,73.7928,17-05-2024 01:40,2024-05-17 01:40:00,2024,5,17,1,138,947.83
Pashan AWS,18.5362,73.7928,17-05-2024 01:45,2024-05-17 01:45:00,2024,5,17,1,138,947.96
Pashan AWS,18.5362,73.7928,17-05-2024 01:50,2024-05-17 01:50:00,2024,5,17,1,138,947.89
Pashan AWS,18.5362,73.7928,17-05-2024 01:55,2024-05-17 01:55:00,2024,5,17,1,138,947.99
Pashan AWS,18.5362,73.7928,17-05-2024 02:00,2024-05-17 02:00:00,2024,5,17,2,138,948.15
Pashan AWS,18.5362,73.7928,17-05-2024 02:05,2024-05-17 02:05:00,2024,5,17,2,138,948.17
Pashan AWS,18.5362,73.7928,17-05-2024 02:10,2024-05-17 02:10:00,2024,5,17,2,138,948.14
Pashan AWS,18.5362,73.7928,17-05-2024 02:15,2024-05-17 02:15:00,2024,5,17,2,138,948.18
Pashan AWS,18.5362,73.7928,17-05-2024 02:20,2024-05-17 02:20:00,2024,5,17,2,138,948.17
Pashan AWS,18.5362,73.7928,17-05-2024 02:25,2024-05-17 02:25:00,2024,5,17,2,138,948.17
Pashan AWS,18.5362,73.7928,17-05-2024 02:30,2024-05-17 02:30:00,2024,5,17,2,138,948.25
Pashan AWS,18.5362,73.7928,17-05-2024 02:35,2024-05-17 02:35:00,2024,5,17,2,138,948.16
Pashan AWS,18.5362,73.7928,17-05-2024 02:40,2024-05-17 02:40:00,2024,5,17,2,138,948.1
Pashan AWS,18.5362,73.7928,17-05-2024 02:45,2024-05-17 02:45:00,2024,5,17,2,138,948.16
Pashan AWS,18.5362,73.7928,17-05-2024 02:50,2024-05-17 02:50:00,2024,5,17,2,138,948.22
Pashan AWS,18.5362,73.7928,17-05-2024 02:55,2024-05-17 02:55:00,2024,5,17,2,138,948.31
Pashan AWS,18.5362,73.7928,17-05-2024 03:00,2024-05-17 03:00:00,2024,5,17,3,138,948.52
Pashan AWS,18.5362,73.7928,17-05-2024 03:05,2024-05-17 03:05:00,2024,5,17,3,138,948.59
Pashan AWS,18.5362,73.7928,17-05-2024 03:10,2024-05-17 03:10:00,2024,5,17,3,138,948.7
Pashan AWS,18.5362,73.7928,17-05-2024 03:15,2024-05-17 03:15:00,2024,5,17,3,138,948.68
Pashan AWS,18.5362,73.7928,17-05-2024 03:20,2024-05-17 03:20:00,2024,5,17,3,138,948.8
Pashan AWS,18.5362,73.7928,17-05-2024 03:25,2024-05-17 03:25:00,2024,5,17,3,138,948.82
Pashan AWS,18.5362,73.7928,17-05-2024 03:30,2024-05-17 03:30:00,2024,5,17,3,138,948.89
Pashan AWS,18.5362,73.7928,17-05-2024 03:35,2024-05-17 03:35:00,2024,5,17,3,138,948.95
Pashan AWS,18.5362,73.7928,17-05-2024 03:40,2024-05-17 03:40:00,2024,5,17,3,138,949.1
Pashan AWS,18.5362,73.7928,17-05-2024 03:45,2024-05-17 03:45:00,2024,5,17,3,138,949.06
Pashan AWS,18.5362,73.7928,17-05-2024 03:50,2024-05-17 03:50:00,2024,5,17,3,138,948.94
Pashan AWS,18.5362,73.7928,17-05-2024 03:55,2024-05-17 03:55:00,2024,5,17,3,138,949.0
Pashan AWS,18.5362,73.7928,17-05-2024 04:00,2024-05-17 04:00:00,2024,5,17,4,138,949.11
Pashan AWS,18.5362,73.7928,17-05-2024 04:05,2024-05-17 04:05:00,2024,5,17,4,138,949.2
Pashan AWS,18.5362,73.7928,17-05-2024 04:10,2024-05-17 04:10:00,2024,5,17,4,138,949.37
Pashan AWS,18.5362,73.7928,17-05-2024 04:15,2024-05-17 04:15:00,2024,5,17,4,138,949.48
Pashan AWS,18.5362,73.7928,17-05-2024 04:20,2024-05-17 04:20:00,2024,5,17,4,138,949.5
Pashan AWS,18.5362,73.7928,17-05-2024 04:25,2024-05-17 04:25:00,2024,5,17,4,138,949.38
Pashan AWS,18.5362,73.7928,17-05-2024 04:30,2024-05-17 04:30:00,2024,5,17,4,138,949.44
Pashan AWS,18.5362,73.7928,17-05-2024 04:35,2024-05-17 04:35:00,2024,5,17,4,138,949.6
Pashan AWS,18.5362,73.7928,17-05-2024 04:40,2024-05-17 04:40:00,2024,5,17,4,138,949.64
Pashan AWS,18.5362,73.7928,17-05-2024 04:45,2024-05-17 04:45:00,2024,5,17,4,138,949.71
Pashan AWS,18.5362,73.7928,17-05-2024 04:50,2024-05-17 04:50:00,2024,5,17,4,138,949.81
Pashan AWS,18.5362,73.7928,17-05-2024 04:55,2024-05-17 04:55:00,2024,5,17,4,138,949.8
Pashan AWS,18.5362,73.7928,17-05-2024 05:00,2024-05-17 05:00:00,2024,5,17,5,138,949.92
Pashan AWS,18.5362,73.7928,17-05-2024 05:05,2024-05-17 05:05:00,2024,5,17,5,138,950.11
Pashan AWS,18.5362,73.7928,17-05-2024 05:10,2024-05-17 05:10:00,2024,5,17,5,138,950.16
Pashan AWS,18.5362,73.7928,17-05-2024 05:15,2024-05-17 05:15:00,2024,5,17,5,138,950.12
Pashan AWS,18.5362,73.7928,17-05-2024 05:20,2024-05-17 05:20:00,2024,5,17,5,138,950.18
Pashan AWS,18.5362,73.7928,17-05-2024 05:25,2024-05-17 05:25:00,2024,5,17,5,138,950.06
Pashan AWS,18.5362,73.7928,17-05-2024 05:30,2024-05-17 05:30:00,2024,5,17,5,138,950.15
Pashan AWS,18.5362,73.7928,17-05-2024 05:35,2024-05-17 05:35:00,2024,5,17,5,138,950.24
Pashan AWS,18.5362,73.7928,17-05-2024 05:40,2024-05-17 05:40:00,2024,5,17,5,138,950.43
Pashan AWS,18.5362,73.7928,17-05-2024 05:45,2024-05-17 05:45:00,2024,5,17,5,138,950.46
Pashan AWS,18.5362,73.7928,17-05-2024 05:50,2024-05-17 05:50:00,2024,5,17,5,138,950.54
Pashan AWS,18.5362,73.7928,17-05-2024 05:55,2024-05-17 05:55:00,2024,5,17,5,138,950.51
Pashan AWS,18.5362,73.7928,17-05-2024 06:00,2024-05-17 06:00:00,2024,5,17,6,138,950.53
Pashan AWS,18.5362,73.7928,17-05-2024 06:05,2024-05-17 06:05:00,2024,5,17,6,138,950.45
Pashan AWS,18.5362,73.7928,17-05-2024 06:10,2024-05-17 06:10:00,2024,5,17,6,138,950.47
Pashan AWS,18.5362,73.7928,17-05-2024 06:15,2024-05-17 06:15:00,2024,5,17,6,138,950.49
Pashan AWS,18.5362,73.7928,17-05-2024 06:20,2024-05-17 06:20:00,2024,5,17,6,138,950.55
Pashan AWS,18.5362,73.7928,17-05-2024 06:25,2024-05-17 06:25:00,2024,5,17,6,138,950.54
Pashan AWS,18.5362,73.7928,17-05-2024 06:30,2024-05-17 06:30:00,2024,5,17,6,138,950.58
Pashan AWS,18.5362,73.7928,17-05-2024 06:35,2024-05-17 06:35:00,2024,5,17,6,138,950.58
Pashan AWS,18.5362,73.7928,17-05-2024 06:40,2024-05-17 06:40:00,2024,5,17,6,138,950.58
Pashan AWS,18.5362,73.7928,17-05-2024 06:45,2024-05-17 06:45:00,2024,5,17,6,138,950.61
Pashan AWS,18.5362,73.7928,17-05-2024 06:50,2024-05-17 06:50:00,2024,5,17,6,138,950.64
Pashan AWS,18.5362,73.7928,17-05-2024 06:55,2024-05-17 06:55:00,2024,5,17,6,138,950.72
Pashan AWS,18.5362,73.7928,17-05-2024 07:00,2024-05-17 07:00:00,2024,5,17,7,138,950.72
Pashan AWS,18.5362,73.7928,17-05-2024 07:05,2024-05-17 07:05:00,2024,5,17,7,138,950.71
Pashan AWS,18.5362,73.7928,17-05-2024 07:10,2024-05-17 07:10:00,2024,5,17,7,138,950.7
Pashan AWS,18.5362,73.7928,17-05-2024 07:15,2024-05-17 07:15:00,2024,5,17,7,138,950.65
Pashan AWS,18.5362,73.7928,17-05-2024 07:20,2024-05-17 07:20:00,2024,5,17,7,138,950.63
Pashan AWS,18.5362,73.7928,17-05-2024 07:25,2024-05-17 07:25:00,2024,5,17,7,138,950.79
Pashan AWS,18.5362,73.7928,17-05-2024 07:30,2024-05-17 07:30:00,2024,5,17,7,138,950.71
Pashan AWS,18.5362,73.7928,17-05-2024 07:35,2024-05-17 07:35:00,2024,5,17,7,138,950.68
Pashan AWS,18.5362,73.7928,17-05-2024 07:40,2024-05-17 07:40:00,2024,5,17,7,138,950.64
Pashan AWS,18.5362,73.7928,17-05-2024 07:45,2024-05-17 07:45:00,2024,5,17,7,138,950.61
Pashan AWS,18.5362,73.7928,17-05-2024 07:50,2024-05-17 07:50:00,2024,5,17,7,138,950.58
Pashan AWS,18.5362,73.7928,17-05-2024 07:55,2024-05-17 07:55:00,2024,5,17,7,138,950.58
Pashan AWS,18.5362,73.7928,17-05-2024 08:00,2024-05-17 08:00:00,2024,5,17,8,138,950.43
Pashan AWS,18.5362,73.7928,17-05-2024 08:05,2024-05-17 08:05:00,2024,5,17,8,138,950.5
Pashan AWS,18.5362,73.7928,17-05-2024 08:10,2024-05-17 08:10:00,2024,5,17,8,138,950.53
Pashan AWS,18.5362,73.7928,17-05-2024 08:15,2024-05-17 08:15:00,2024,5,17,8,138,950.4
Pashan AWS,18.5362,73.7928,17-05-2024 08:20,2024-05-17 08:20:00,2024,5,17,8,138,950.2
Pashan AWS,18.5362,73.7928,17-05-2024 08:25,2024-05-17 08:25:00,2024,5,17,8,138,950.1
Pashan AWS,18.5362,73.7928,17-05-2024 08:30,2024-05-17 08:30:00,2024,5,17,8,138,950.06
Pashan AWS,18.5362,73.7928,17-05-2024 08:35,2024-05-17 08:35:00,2024,5,17,8,138,950.24
Pashan AWS,18.5362,73.7928,17-05-2024 08:40,2024-05-17 08:40:00,2024,5,17,8,138,950.26
Pashan AWS,18.5362,73.7928,17-05-2024 08:45,2024-05-17 08:45:00,2024,5,17,8,138,950.07
Pashan AWS,18.5362,73.7928,17-05-2024 08:50,2024-05-17 08:50:00,2024,5,17,8,138,949.99
Pashan AWS,18.5362,73.7928,17-05-2024 08:55,2024-05-17 08:55:00,2024,5,17,8,138,949.95
Pashan AWS,18.5362,73.7928,17-05-2024 09:00,2024-05-17 09:00:00,2024,5,17,9,138,949.94
Pashan AWS,18.5362,73.7928,17-05-2024 09:05,2024-05-17 09:05:00,2024,5,17,9,138,949.79
Pashan AWS,18.5362,73.7928,17-05-2024 09:10,2024-05-17 09:10:00,2024,5,17,9,138,949.75
Pashan AWS,18.5362,73.7928,17-05-2024 09:15,2024-05-17 09:15:00,2024,5,17,9,138,949.65
Pashan AWS,18.5362,73.7928,17-05-2024 09:20,2024-05-17 09:20:00,2024,5,17,9,138,949.53
Pashan AWS,18.5362,73.7928,17-05-2024 09:25,2024-05-17 09:25:00,2024,5,17,9,138,949.52
Pashan AWS,18.5362,73.7928,17-05-2024 09:30,2024-05-17 09:30:00,2024,5,17,9,138,949.54
Pashan AWS,18.5362,73.7928,17-05-2024 09:35,2024-05-17 09:35:00,2024,5,17,9,138,949.57
Pashan AWS,18.5362,73.7928,17-05-2024 09:40,2024-05-17 09:40:00,2024,5,17,9,138,949.57
Pashan AWS,18.5362,73.7928,17-05-2024 09:45,2024-05-17 09:45:00,2024,5,17,9,138,949.48
Pashan AWS,18.5362,73.7928,17-05-2024 09:50,2024-05-17 09:50:00,2024,5,17,9,138,949.49
Pashan AWS,18.5362,73.7928,17-05-2024 09:55,2024-05-17 09:55:00,2024,5,17,9,138,949.47
Pashan AWS,18.5362,73.7928,17-05-2024 10:00,2024-05-17 10:00:00,2024,5,17,10,138,949.43
Pashan AWS,18.5362,73.7928,17-05-2024 10:05,2024-05-17 10:05:00,2024,5,17,10,138,949.33
Pashan AWS,18.5362,73.7928,17-05-2024 10:10,2024-05-17 10:10:00,2024,5,17,10,138,949.24
Pashan AWS,18.5362,73.7928,17-05-2024 10:15,2024-05-17 10:15:00,2024,5,17,10,138,949.2
Pashan AWS,18.5362,73.7928,17-05-2024 10:20,2024-05-17 10:20:00,2024,5,17,10,138,949.35
Pashan AWS,18.5362,73.7928,17-05-2024 10:25,2024-05-17 10:25:00,2024,5,17,10,138,949.31
Pashan AWS,18.5362,73.7928,17-05-2024 10:30,2024-05-17 10:30:00,2024,5,17,10,138,949.21
Pashan AWS,18.5362,73.7928,17-05-2024 10:35,2024-05-17 10:35:00,2024,5,17,10,138,949.09
Pashan AWS,18.5362,73.7928,17-05-2024 10:40,2024-05-17 10:40:00,2024,5,17,10,138,949.0
Pashan AWS,18.5362,73.7928,17-05-2024 10:45,2024-05-17 10:45:00,2024,5,17,10,138,949.13
Pashan AWS,18.5362,73.7928,17-05-2024 10:50,2024-05-17 10:50:00,2024,5,17,10,138,949.04
Pashan AWS,18.5362,73.7928,17-05-2024 10:55,2024-05-17 10:55:00,2024,5,17,10,138,949.06
Pashan AWS,18.5362,73.7928,17-05-2024 11:00,2024-05-17 11:00:00,2024,5,17,11,138,948.98
Pashan AWS,18.5362,73.7928,17-05-2024 11:05,2024-05-17 11:05:00,2024,5,17,11,138,948.95
Pashan AWS,18.5362,73.7928,17-05-2024 11:10,2024-05-17 11:10:00,2024,5,17,11,138,948.96
Pashan AWS,18.5362,73.7928,17-05-2024 11:15,2024-05-17 11:15:00,2024,5,17,11,138,948.87
Pashan AWS,18.5362,73.7928,17-05-2024 11:20,2024-05-17 11:20:00,2024,5,17,11,138,948.77
Pashan AWS,18.5362,73.7928,17-05-2024 11:25,2024-05-17 11:25:00,2024,5,17,11,138,948.86
Pashan AWS,18.5362,73.7928,17-05-2024 11:30,2024-05-17 11:30:00,2024,5,17,11,138,948.89
Pashan AWS,18.5362,73.7928,17-05-2024 11:35,2024-05-17 11:35:00,2024,5,17,11,138,948.91
Pashan AWS,18.5362,73.7928,17-05-2024 11:40,2024-05-17 11:40:00,2024,5,17,11,138,948.93
Pashan AWS,18.5362,73.7928,17-05-2024 11:45,2024-05-17 11:45:00,2024,5,17,11,138,948.92
Pashan AWS,18.5362,73.7928,17-05-2024 11:50,2024-05-17 11:50:00,2024,5,17,11,138,949.03
Pashan AWS,18.5362,73.7928,17-05-2024 11:55,2024-05-17 11:55:00,2024,5,17,11,138,948.99
Pashan AWS,18.5362,73.7928,17-05-2024 12:00,2024-05-17 12:00:00,2024,5,17,12,138,948.99
Pashan AWS,18.5362,73.7928,17-05-2024 12:05,2024-05-17 12:05:00,2024,5,17,12,138,948.83
Pashan AWS,18.5362,73.7928,17-05-2024 12:10,2024-05-17 12:10:00,2024,5,17,12,138,948.73
Pashan AWS,18.5362,73.7928,17-05-2024 12:15,2024-05-17 12:15:00,2024,5,17,12,138,948.6
Pashan AWS,18.5362,73.7928,17-05-2024 12:20,2024-05-17 12:20:00,2024,5,17,12,138,948.68
Pashan AWS,18.5362,73.7928,17-05-2024 12:25,2024-05-17 12:25:00,2024,5,17,12,138,948.45
Pashan AWS,18.5362,73.7928,17-05-2024 12:30,2024-05-17 12:30:00,2024,5,17,12,138,948.41
Pashan AWS,18.5362,73.7928,17-05-2024 12:35,2024-05-17 12:35:00,2024,5,17,12,138,948.16
Pashan AWS,18.5362,73.7928,17-05-2024 12:40,2024-05-17 12:40:00,2024,5,17,12,138,948.1
Pashan AWS,18.5362,73.7928,17-05-2024 12:45,2024-05-17 12:45:00,2024,5,17,12,138,948.07
Pashan AWS,18.5362,73.7928,17-05-2024 12:50,2024-05-17 12:50:00,2024,5,17,12,138,948.19
Pashan AWS,18.5362,73.7928,17-05-2024 12:55,2024-05-17 12:55:00,2024,5,17,12,138,948.23
Pashan AWS,18.5362,73.7928,17-05-2024 13:00,2024-05-17 13:00:00,2024,5,17,13,138,948.18
Pashan AWS,18.5362,73.7928,17-05-2024 13:05,2024-05-17 13:05:00,2024,5,17,13,138,948.28
Pashan AWS,18.5362,73.7928,17-05-2024 13:10,2024-05-17 13:10:00,2024,5,17,13,138,948.3
Pashan AWS,18.5362,73.7928,17-05-2024 13:15,2024-05-17 13:15:00,2024,5,17,13,138,948.32
Pashan AWS,18.5362,73.7928,17-05-2024 13:20,2024-05-17 13:20:00,2024,5,17,13,138,948.25
Pashan AWS,18.5362,73.7928,17-05-2024 13:25,2024-05-17 13:25:00,2024,5,17,13,138,948.2
Pashan AWS,18.5362,73.7928,17-05-2024 13:30,2024-05-17 13:30:00,2024,5,17,13,138,948.17
Pashan AWS,18.5362,73.7928,17-05-2024 13:35,2024-05-17 13:35:00,2024,5,17,13,138,948.21
Pashan AWS,18.5362,73.7928,17-05-2024 13:40,2024-05-17 13:40:00,2024,5,17,13,138,948.26
Pashan AWS,18.5362,73.7928,17-05-2024 13:45,2024-05-17 13:45:00,2024,5,17,13,138,948.42
Pashan AWS,18.5362,73.7928,17-05-2024 13:50,2024-05-17 13:50:00,2024,5,17,13,138,948.5
Pashan AWS,18.5362,73.7928,17-05-2024 13:55,2024-05-17 13:55:00,2024,5,17,13,138,948.32
Pashan AWS,18.5362,73.7928,17-05-2024 14:00,2024-05-17 14:00:00,2024,5,17,14,138,948.4
Pashan AWS,18.5362,73.7928,17-05-2024 14:05,2024-05-17 14:05:00,2024,5,17,14,138,948.33
Pashan AWS,18.5362,73.7928,17-05-2024 14:10,2024-05-17 14:10:00,2024,5,17,14,138,948.32
Pashan AWS,18.5362,73.7928,17-05-2024 14:15,2024-05-17 14:15:00,2024,5,17,14,138,948.32
Pashan AWS,18.5362,73.7928,17-05-2024 14:20,2024-05-17 14:20:00,2024,5,17,14,138,948.33
Pashan AWS,18.5362,73.7928,17-05-2024 14:25,2024-05-17 14:25:00,2024,5,17,14,138,948.3
Pashan AWS,18.5362,73.7928,17-05-2024 14:30,2024-05-17 14:30:00,2024,5,17,14,138,948.39
Pashan AWS,18.5362,73.7928,17-05-2024 14:35,2024-05-17 14:35:00,2024,5,17,14,138,948.36
Pashan AWS,18.5362,73.7928,17-05-2024 14:40,2024-05-17 14:40:00,2024,5,17,14,138,948.47
Pashan AWS,18.5362,73.7928,17-05-2024 14:45,2024-05-17 14:45:00,2024,5,17,14,138,948.74
Pashan AWS,18.5362,73.7928,17-05-2024 14:50,2024-05-17 14:50:00,2024,5,17,14,138,948.71
Pashan AWS,18.5362,73.7928,17-05-2024 14:55,2024-05-17 14:55:00,2024,5,17,14,138,948.77
Pashan AWS,18.5362,73.7928,17-05-2024 15:00,2024-05-17 15:00:00,2024,5,17,15,138,948.65
Pashan AWS,18.5362,73.7928,17-05-2024 15:05,2024-05-17 15:05:00,2024,5,17,15,138,948.72
Pashan AWS,18.5362,73.7928,17-05-2024 15:10,2024-05-17 15:10:00,2024,5,17,15,138,948.87
Pashan AWS,18.5362,73.7928,17-05-2024 15:15,2024-05-17 15:15:00,2024,5,17,15,138,949.02
Pashan AWS,18.5362,73.7928,17-05-2024 15:20,2024-05-17 15:20:00,2024,5,17,15,138,949.12
Pashan AWS,18.5362,73.7928,17-05-2024 15:25,2024-05-17 15:25:00,2024,5,17,15,138,949.28
Pashan AWS,18.5362,73.7928,17-05-2024 15:30,2024-05-17 15:30:00,2024,5,17,15,138,949.57
Pashan AWS,18.5362,73.7928,17-05-2024 15:35,2024-05-17 15:35:00,2024,5,17,15,138,949.79
Pashan AWS,18.5362,73.7928,17-05-2024 15:40,2024-05-17 15:40:00,2024,5,17,15,138,949.82
Pashan AWS,18.5362,73.7928,17-05-2024 15:45,2024-05-17 15:45:00,2024,5,17,15,138,949.78
Pashan AWS,18.5362,73.7928,17-05-2024 15:50,2024-05-17 15:50:00,2024,5,17,15,138,949.83
Pashan AWS,18.5362,73.7928,17-05-2024 15:55,2024-05-17 15:55:00,2024,5,17,15,138,949.84
Pashan AWS,18.5362,73.7928,17-05-2024 16:00,2024-05-17 16:00:00,2024,5,17,16,138,949.96
Pashan AWS,18.5362,73.7928,17-05-2024 16:05,2024-05-17 16:05:00,2024,5,17,16,138,949.95
Pashan AWS,18.5362,73.7928,17-05-2024 16:10,2024-05-17 16:10:00,2024,5,17,16,138,950.03
Pashan AWS,18.5362,73.7928,17-05-2024 16:15,2024-05-17 16:15:00,2024,5,17,16,138,950.19
Pashan AWS,18.5362,73.7928,17-05-2024 16:20,2024-05-17 16:20:00,2024,5,17,16,138,950.26
Pashan AWS,18.5362,73.7928,17-05-2024 16:25,2024-05-17 16:25:00,2024,5,17,16,138,950.27
Pashan AWS,18.5362,73.7928,17-05-2024 16:30,2024-05-17 16:30:00,2024,5,17,16,138,950.45
Pashan AWS,18.5362,73.7928,17-05-2024 16:35,2024-05-17 16:35:00,2024,5,17,16,138,950.38
Pashan AWS,18.5362,73.7928,17-05-2024 16:40,2024-05-17 16:40:00,2024,5,17,16,138,950.44
Pashan AWS,18.5362,73.7928,17-05-2024 16:45,2024-05-17 16:45:00,2024,5,17,16,138,950.52
Pashan AWS,18.5362,73.7928,17-05-2024 16:50,2024-05-17 16:50:00,2024,5,17,16,138,950.61
Pashan AWS,18.5362,73.7928,17-05-2024 16:55,2024-05-17 16:55:00,2024,5,17,16,138,950.7
Pashan AWS,18.5362,73.7928,17-05-2024 17:00,2024-05-17 17:00:00,2024,5,17,17,138,950.83
Pashan AWS,18.5362,73.7928,17-05-2024 17:05,2024-05-17 17:05:00,2024,5,17,17,138,950.9
Pashan AWS,18.5362,73.7928,17-05-2024 17:10,2024-05-17 17:10:00,2024,5,17,17,138,950.95
Pashan AWS,18.5362,73.7928,17-05-2024 17:15,2024-05-17 17:15:00,2024,5,17,17,138,950.99
Pashan AWS,18.5362,73.7928,17-05-2024 17:20,2024-05-17 17:20:00,2024,5,17,17,138,951.01
Pashan AWS,18.5362,73.7928,17-05-2024 17:25,2024-05-17 17:25:00,2024,5,17,17,138,951.14
Pashan AWS,18.5362,73.7928,17-05-2024 17:30,2024-05-17 17:30:00,2024,5,17,17,138,951.16
Pashan AWS,18.5362,73.7928,17-05-2024 17:35,2024-05-17 17:35:00,2024,5,17,17,138,951.29
Pashan AWS,18.5362,73.7928,17-05-2024 17:40,2024-05-17 17:40:00,2024,5,17,17,138,951.35
Pashan AWS,18.5362,73.7928,17-05-2024 17:45,2024-05-17 17:45:00,2024,5,17,17,138,951.37
Pashan AWS,18.5362,73.7928,17-05-2024 17:50,2024-05-17 17:50:00,2024,5,17,17,138,951.48
Pashan AWS,18.5362,73.7928,17-05-2024 17:55,2024-05-17 17:55:00,2024,5,17,17,138,951.47
Pashan AWS,18.5362,73.7928,17-05-2024 18:00,2024-05-17 18:00:00,2024,5,17,18,138,951.58
Pashan AWS,18.5362,73.7928,17-05-2024 18:05,2024-05-17 18:05:00,2024,5,17,18,138,951.64
Pashan AWS,18.5362,73.7928,17-05-2024 18:10,2024-05-17 18:10:00,2024,5,17,18,138,951.64
Pashan AWS,18.5362,73.7928,17-05-2024 18:15,2024-05-17 18:15:00,2024,5,17,18,138,951.72
Pashan AWS,18.5362,73.7928,17-05-2024 18:20,2024-05-17 18:20:00,2024,5,17,18,138,951.81
Pashan AWS,18.5362,73.7928,17-05-2024 18:25,2024-05-17 18:25:00,2024,5,17,18,138,951.93
Pashan AWS,18.5362,73.7928,17-05-2024 18:30,2024-05-17 18:30:00,2024,5,17,18,138,952.04
Pashan AWS,18.5362,73.7928,17-05-2024 18:35,2024-05-17 18:35:00,2024,5,17,18,138,952.1
Pashan AWS,18.5362,73.7928,17-05-2024 18:40,2024-05-17 18:40:00,2024,5,17,18,138,952.03
Pashan AWS,18.5362,73.7928,17-05-2024 18:45,2024-05-17 18:45:00,2024,5,17,18,138,952.24
Pashan AWS,18.5362,73.7928,17-05-2024 18:50,2024-05-17 18:50:00,2024,5,17,18,138,952.14
Pashan AWS,18.5362,73.7928,17-05-2024 18:55,2024-05-17 18:55:00,2024,5,17,18,138,952.22
Pashan AWS,18.5362,73.7928,17-05-2024 19:00,2024-05-17 19:00:00,2024,5,17,19,138,952.26
Pashan AWS,18.5362,73.7928,17-05-2024 19:05,2024-05-17 19:05:00,2024,5,17,19,138,952.17
Pashan AWS,18.5362,73.7928,17-05-2024 19:10,2024-05-17 19:10:00,2024,5,17,19,138,952.16
Pashan AWS,18.5362,73.7928,17-05-2024 19:15,2024-05-17 19:15:00,2024,5,17,19,138,952.16
Pashan AWS,18.5362,73.7928,17-05-2024 19:20,2024-05-17 19:20:00,2024,5,17,19,138,952.26
Pashan AWS,18.5362,73.7928,17-05-2024 19:25,2024-05-17 19:25:00,2024,5,17,19,138,952.19
Pashan AWS,18.5362,73.7928,17-05-2024 19:30,2024-05-17 19:30:00,2024,5,17,19,138,952.16
Pashan AWS,18.5362,73.7928,17-05-2024 19:35,2024-05-17 19:35:00,2024,5,17,19,138,951.96
Pashan AWS,18.5362,73.7928,17-05-2024 19:40,2024-05-17 19:40:00,2024,5,17,19,138,952.09
Pashan AWS,18.5362,73.7928,17-05-2024 19:45,2024-05-17 19:45:00,2024,5,17,19,138,951.99
Pashan AWS,18.5362,73.7928,17-05-2024 19:50,2024-05-17 19:50:00,2024,5,17,19,138,952.01
Pashan AWS,18.5362,73.7928,17-05-2024 19:55,2024-05-17 19:55:00,2024,5,17,19,138,951.98
Pashan AWS,18.5362,73.7928,17-05-2024 20:00,2024-05-17 20:00:00,2024,5,17,20,138,951.95
Pashan AWS,18.5362,73.7928,17-05-2024 20:05,2024-05-17 20:05:00,2024,5,17,20,138,951.99
Pashan AWS,18.5362,73.7928,17-05-2024 20:10,2024-05-17 20:10:00,2024,5,17,20,138,952.1
Pashan AWS,18.5362,73.7928,17-05-2024 20:15,2024-05-17 20:15:00,2024,5,17,20,138,952.09
Pashan AWS,18.5362,73.7928,17-05-2024 20:20,2024-05-17 20:20:00,2024,5,17,20,138,952.1
Pashan AWS,18.5362,73.7928,17-05-2024 20:25,2024-05-17 20:25:00,2024,5,17,20,138,952.09
Pashan AWS,18.5362,73.7928,17-05-2024 20:30,2024-05-17 20:30:00,2024,5,17,20,138,952.12
Pashan AWS,18.5362,73.7928,17-05-2024 20:35,2024-05-17 20:35:00,2024,5,17,20,138,952.04
Pashan AWS,18.5362,73.7928,17-05-2024 20:40,2024-05-17 20:40:00,2024,5,17,20,138,952.07
Pashan AWS,18.5362,73.7928,17-05-2024 20:45,2024-05-17 20:45:00,2024,5,17,20,138,952.11
Pashan AWS,18.5362,73.7928,17-05-2024 20:50,2024-05-17 20:50:00,2024,5,17,20,138,952.14
Pashan AWS,18.5362,73.7928,17-05-2024 20:55,2024-05-17 20:55:00,2024,5,17,20,138,952.02
Pashan AWS,18.5362,73.7928,17-05-2024 21:00,2024-05-17 21:00:00,2024,5,17,21,138,951.94
Pashan AWS,18.5362,73.7928,17-05-2024 21:05,2024-05-17 21:05:00,2024,5,17,21,138,951.9
Pashan AWS,18.5362,73.7928,17-05-2024 21:10,2024-05-17 21:10:00,2024,5,17,21,138,951.73
Pashan AWS,18.5362,73.7928,17-05-2024 21:15,2024-05-17 21:15:00,2024,5,17,21,138,951.8
Pashan AWS,18.5362,73.7928,17-05-2024 21:20,2024-05-17 21:20:00,2024,5,17,21,138,951.73
Pashan AWS,18.5362,73.7928,17-05-2024 21:25,2024-05-17 21:25:00,2024,5,17,21,138,951.69
Pashan AWS,18.5362,73.7928,17-05-2024 21:30,2024-05-17 21:30:00,2024,5,17,21,138,951.57
Pashan AWS,18.5362,73.7928,17-05-2024 21:35,2024-05-17 21:35:00,2024,5,17,21,138,951.4
Pashan AWS,18.5362,73.7928,17-05-2024 21:40,2024-05-17 21:40:00,2024,5,17,21,138,951.29
Pashan AWS,18.5362,73.7928,17-05-2024 21:45,2024-05-17 21:45:00,2024,5,17,21,138,951.25
Pashan AWS,18.5362,73.7928,17-05-2024 21:50,2024-05-17 21:50:00,2024,5,17,21,138,951.24
Pashan AWS,18.5362,73.7928,17-05-2024 21:55,2024-05-17 21:55:00,2024,5,17,21,138,951.19
Pashan AWS,18.5362,73.7928,17-05-2024 22:00,2024-05-17 22:00:00,2024,5,17,22,138,951.16
Pashan AWS,18.5362,73.7928,17-05-2024 22:05,2024-05-17 22:05:00,2024,5,17,22,138,951.07
Pashan AWS,18.5362,73.7928,17-05-2024 22:10,2024-05-17 22:10:00,2024,5,17,22,138,951.05
Pashan AWS,18.5362,73.7928,17-05-2024 22:15,2024-05-17 22:15:00,2024,5,17,22,138,951.1
Pashan AWS,18.5362,73.7928,17-05-2024 22:20,2024-05-17 22:20:00,2024,5,17,22,138,951.09
Pashan AWS,18.5362,73.7928,17-05-2024 22:25,2024-05-17 22:25:00,2024,5,17,22,138,951.09
Pashan AWS,18.5362,73.7928,17-05-2024 22:30,2024-05-17 22:30:00,2024,5,17,22,138,951.04
Pashan AWS,18.5362,73.7928,17-05-2024 22:35,2024-05-17 22:35:00,2024,5,17,22,138,950.85
Pashan AWS,18.5362,73.7928,17-05-2024 22:40,2024-05-17 22:40:00,2024,5,17,22,138,950.71
Pashan AWS,18.5362,73.7928,17-05-2024 22:45,2024-05-17 22:45:00,2024,5,17,22,138,950.69
Pashan AWS,18.5362,73.7928,17-05-2024 22:50,2024-05-17 22:50:00,2024,5,17,22,138,950.63
Pashan AWS,18.5362,73.7928,17-05-2024 22:55,2024-05-17 22:55:00,2024,5,17,22,138,950.61
Pashan AWS,18.5362,73.7928,17-05-2024 23:00,2024-05-17 23:00:00,2024,5,17,23,138,950.68
Pashan AWS,18.5362,73.7928,17-05-2024 23:05,2024-05-17 23:05:00,2024,5,17,23,138,950.68
Pashan AWS,18.5362,73.7928,17-05-2024 23:10,2024-05-17 23:10:00,2024,5,17,23,138,950.72
Pashan AWS,18.5362,73.7928,17-05-2024 23:15,2024-05-17 23:15:00,2024,5,17,23,138,950.67
Pashan AWS,18.5362,73.7928,17-05-2024 23:20,2024-05-17 23:20:00,2024,5,17,23,138,950.55
Pashan AWS,18.5362,73.7928,17-05-2024 23:25,2024-05-17 23:25:00,2024,5,17,23,138,950.49
Pashan AWS,18.5362,73.7928,17-05-2024 23:30,2024-05-17 23:30:00,2024,5,17,23,138,950.37
Pashan AWS,18.5362,73.7928,17-05-2024 23:35,2024-05-17 23:35:00,2024,5,17,23,138,950.45
Pashan AWS,18.5362,73.7928,17-05-2024 23:40,2024-05-17 23:40:00,2024,5,17,23,138,950.46
Pashan AWS,18.5362,73.7928,17-05-2024 23:45,2024-05-17 23:45:00,2024,5,17,23,138,950.46
Pashan AWS,18.5362,73.7928,17-05-2024 23:50,2024-05-17 23:50:00,2024,5,17,23,138,950.51
Pashan AWS,18.5362,73.7928,17-05-2024 23:55,2024-05-17 23:55:00,2024,5,17,23,138,950.3
Shivajinagar AWS,18.5308,73.8474,11-05-2024 00:00,2024-05-11 00:00:00,2024,5,11,0,132,953.2
Shivajinagar AWS,18.5308,73.8474,11-05-2024 00:05,2024-05-11 00:05:00,2024,5,11,0,132,953.25
Shivajinagar AWS,18.5308,73.8474,11-05-2024 00:10,2024-05-11 00:10:00,2024,5,11,0,132,953.12
Shivajinagar AWS,18.5308,73.8474,11-05-2024 00:15,2024-05-11 00:15:00,2024,5,11,0,132,953.14
Shivajinagar AWS,18.5308,73.8474,11-05-2024 00:20,2024-05-11 00:20:00,2024,5,11,0,132,953.03
Shivajinagar AWS,18.5308,73.8474,11-05-2024 00:25,2024-05-11 00:25:00,2024,5,11,0,132,953.08
Shivajinagar AWS,18.5308,73.8474,11-05-2024 00:30,2024-05-11 00:30:00,2024,5,11,0,132,953.06
Shivajinagar AWS,18.5308,73.8474,11-05-2024 00:35,2024-05-11 00:35:00,2024,5,11,0,132,953.15
Shivajinagar AWS,18.5308,73.8474,11-05-2024 00:40,2024-05-11 00:40:00,2024,5,11,0,132,953.23
Shivajinagar AWS,18.5308,73.8474,11-05-2024 00:45,2024-05-11 00:45:00,2024,5,11,0,132,953.32
Shivajinagar AWS,18.5308,73.8474,11-05-2024 00:50,2024-05-11 00:50:00,2024,5,11,0,132,953.42
Shivajinagar AWS,18.5308,73.8474,11-05-2024 00:55,2024-05-11 00:55:00,2024,5,11,0,132,953.41
Shivajinagar AWS,18.5308,73.8474,11-05-2024 01:00,2024-05-11 01:00:00,2024,5,11,1,132,953.3
Shivajinagar AWS,18.5308,73.8474,11-05-2024 01:05,2024-05-11 01:05:00,2024,5,11,1,132,953.2
Shivajinagar AWS,18.5308,73.8474,11-05-2024 01:10,2024-05-11 01:10:00,2024,5,11,1,132,953.03
Shivajinagar AWS,18.5308,73.8474,11-05-2024 01:15,2024-05-11 01:15:00,2024,5,11,1,132,952.95
Shivajinagar AWS,18.5308,73.8474,11-05-2024 01:20,2024-05-11 01:20:00,2024,5,11,1,132,952.97
Shivajinagar AWS,18.5308,73.8474,11-05-2024 01:25,2024-05-11 01:25:00,2024,5,11,1,132,952.93
Shivajinagar AWS,18.5308,73.8474,11-05-2024 01:30,2024-05-11 01:30:00,2024,5,11,1,132,952.94
Shivajinagar AWS,18.5308,73.8474,11-05-2024 01:35,2024-05-11 01:35:00,2024,5,11,1,132,953.0
Shivajinagar AWS,18.5308,73.8474,11-05-2024 01:40,2024-05-11 01:40:00,2024,5,11,1,132,953.0
Shivajinagar AWS,18.5308,73.8474,11-05-2024 01:45,2024-05-11 01:45:00,2024,5,11,1,132,952.93
Shivajinagar AWS,18.5308,73.8474,11-05-2024 01:50,2024-05-11 01:50:00,2024,5,11,1,132,952.96
Shivajinagar AWS,18.5308,73.8474,11-05-2024 01:55,2024-05-11 01:55:00,2024,5,11,1,132,952.92
Shivajinagar AWS,18.5308,73.8474,11-05-2024 02:00,2024-05-11 02:00:00,2024,5,11,2,132,952.94
Shivajinagar AWS,18.5308,73.8474,11-05-2024 02:05,2024-05-11 02:05:00,2024,5,11,2,132,953.09
Shivajinagar AWS,18.5308,73.8474,11-05-2024 02:10,2024-05-11 02:10:00,2024,5,11,2,132,953.11
Shivajinagar AWS,18.5308,73.8474,11-05-2024 02:15,2024-05-11 02:15:00,2024,5,11,2,132,953.29
Shivajinagar AWS,18.5308,73.8474,11-05-2024 02:20,2024-05-11 02:20:00,2024,5,11,2,132,953.45
Shivajinagar AWS,18.5308,73.8474,11-05-2024 02:25,2024-05-11 02:25:00,2024,5,11,2,132,953.44
Shivajinagar AWS,18.5308,73.8474,11-05-2024 02:30,2024-05-11 02:30:00,2024,5,11,2,132,953.39
Shivajinagar AWS,18.5308,73.8474,11-05-2024 02:35,2024-05-11 02:35:00,2024,5,11,2,132,953.43
Shivajinagar AWS,18.5308,73.8474,11-05-2024 02:40,2024-05-11 02:40:00,2024,5,11,2,132,953.57
Shivajinagar AWS,18.5308,73.8474,11-05-2024 02:45,2024-05-11 02:45:00,2024,5,11,2,132,953.58
Shivajinagar AWS,18.5308,73.8474,11-05-2024 02:50,2024-05-11 02:50:00,2024,5,11,2,132,953.7
Shivajinagar AWS,18.5308,73.8474,11-05-2024 02:55,2024-05-11 02:55:00,2024,5,11,2,132,953.85
Shivajinagar AWS,18.5308,73.8474,11-05-2024 03:00,2024-05-11 03:00:00,2024,5,11,3,132,953.83
Shivajinagar AWS,18.5308,73.8474,11-05-2024 03:05,2024-05-11 03:05:00,2024,5,11,3,132,953.83
Shivajinagar AWS,18.5308,73.8474,11-05-2024 03:10,2024-05-11 03:10:00,2024,5,11,3,132,953.94
Shivajinagar AWS,18.5308,73.8474,11-05-2024 03:15,2024-05-11 03:15:00,2024,5,11,3,132,954.0
Shivajinagar AWS,18.5308,73.8474,11-05-2024 03:20,2024-05-11 03:20:00,2024,5,11,3,132,954.0
Shivajinagar AWS,18.5308,73.8474,11-05-2024 03:25,2024-05-11 03:25:00,2024,5,11,3,132,954.03
Shivajinagar AWS,18.5308,73.8474,11-05-2024 03:30,2024-05-11 03:30:00,2024,5,11,3,132,954.08
Shivajinagar AWS,18.5308,73.8474,11-05-2024 03:35,2024-05-11 03:35:00,2024,5,11,3,132,954.02
Shivajinagar AWS,18.5308,73.8474,11-05-2024 03:40,2024-05-11 03:40:00,2024,5,11,3,132,954.15
Shivajinagar AWS,18.5308,73.8474,11-05-2024 03:45,2024-05-11 03:45:00,2024,5,11,3,132,954.17
Shivajinagar AWS,18.5308,73.8474,11-05-2024 03:50,2024-05-11 03:50:00,2024,5,11,3,132,954.01
Shivajinagar AWS,18.5308,73.8474,11-05-2024 03:55,2024-05-11 03:55:00,2024,5,11,3,132,954.09
Shivajinagar AWS,18.5308,73.8474,11-05-2024 04:00,2024-05-11 04:00:00,2024,5,11,4,132,954.1
Shivajinagar AWS,18.5308,73.8474,11-05-2024 04:05,2024-05-11 04:05:00,2024,5,11,4,132,954.31
Shivajinagar AWS,18.5308,73.8474,11-05-2024 04:10,2024-05-11 04:10:00,2024,5,11,4,132,954.34
Shivajinagar AWS,18.5308,73.8474,11-05-2024 04:15,2024-05-11 04:15:00,2024,5,11,4,132,954.32
Shivajinagar AWS,18.5308,73.8474,11-05-2024 04:20,2024-05-11 04:20:00,2024,5,11,4,132,954.43
Shivajinagar AWS,18.5308,73.8474,11-05-2024 04:25,2024-05-11 04:25:00,2024,5,11,4,132,954.45
Shivajinagar AWS,18.5308,73.8474,11-05-2024 04:30,2024-05-11 04:30:00,2024,5,11,4,132,954.46
Shivajinagar AWS,18.5308,73.8474,11-05-2024 04:35,2024-05-11 04:35:00,2024,5,11,4,132,954.57
Shivajinagar AWS,18.5308,73.8474,11-05-2024 04:40,2024-05-11 04:40:00,2024,5,11,4,132,954.56
Shivajinagar AWS,18.5308,73.8474,11-05-2024 04:45,2024-05-11 04:45:00,2024,5,11,4,132,954.52
Shivajinagar AWS,18.5308,73.8474,11-05-2024 04:50,2024-05-11 04:50:00,2024,5,11,4,132,954.73
Shivajinagar AWS,18.5308,73.8474,11-05-2024 04:55,2024-05-11 04:55:00,2024,5,11,4,132,954.84
Shivajinagar AWS,18.5308,73.8474,11-05-2024 05:00,2024-05-11 05:00:00,2024,5,11,5,132,954.89
Shivajinagar AWS,18.5308,73.8474,11-05-2024 05:05,2024-05-11 05:05:00,2024,5,11,5,132,954.95
Shivajinagar AWS,18.5308,73.8474,11-05-2024 05:10,2024-05-11 05:10:00,2024,5,11,5,132,955.05
Shivajinagar AWS,18.5308,73.8474,11-05-2024 05:15,2024-05-11 05:15:00,2024,5,11,5,132,955.18
Shivajinagar AWS,18.5308,73.8474,11-05-2024 05:20,2024-05-11 05:20:00,2024,5,11,5,132,955.18
Shivajinagar AWS,18.5308,73.8474,11-05-2024 05:25,2024-05-11 05:25:00,2024,5,11,5,132,955.26
Shivajinagar AWS,18.5308,73.8474,11-05-2024 05:30,2024-05-11 05:30:00,2024,5,11,5,132,955.27
Shivajinagar AWS,18.5308,73.8474,11-05-2024 05:35,2024-05-11 05:35:00,2024,5,11,5,132,955.3
Shivajinagar AWS,18.5308,73.8474,11-05-2024 05:40,2024-05-11 05:40:00,2024,5,11,5,132,955.36
Shivajinagar AWS,18.5308,73.8474,11-05-2024 05:45,2024-05-11 05:45:00,2024,5,11,5,132,955.4
Shivajinagar AWS,18.5308,73.8474,11-05-2024 05:50,2024-05-11 05:50:00,2024,5,11,5,132,955.5
Shivajinagar AWS,18.5308,73.8474,11-05-2024 05:55,2024-05-11 05:55:00,2024,5,11,5,132,955.57
Shivajinagar AWS,18.5308,73.8474,11-05-2024 06:00,2024-05-11 06:00:00,2024,5,11,6,132,955.49
Shivajinagar AWS,18.5308,73.8474,11-05-2024 06:05,2024-05-11 06:05:00,2024,5,11,6,132,955.41
Shivajinagar AWS,18.5308,73.8474,11-05-2024 06:10,2024-05-11 06:10:00,2024,5,11,6,132,955.42
Shivajinagar AWS,18.5308,73.8474,11-05-2024 06:15,2024-05-11 06:15:00,2024,5,11,6,132,955.6
Shivajinagar AWS,18.5308,73.8474,11-05-2024 06:20,2024-05-11 06:20:00,2024,5,11,6,132,955.55
Shivajinagar AWS,18.5308,73.8474,11-05-2024 06:25,2024-05-11 06:25:00,2024,5,11,6,132,955.56
Shivajinagar AWS,18.5308,73.8474,11-05-2024 06:30,2024-05-11 06:30:00,2024,5,11,6,132,955.54
Shivajinagar AWS,18.5308,73.8474,11-05-2024 06:35,2024-05-11 06:35:00,2024,5,11,6,132,955.51
Shivajinagar AWS,18.5308,73.8474,11-05-2024 06:40,2024-05-11 06:40:00,2024,5,11,6,132,955.55
Shivajinagar AWS,18.5308,73.8474,11-05-2024 06:45,2024-05-11 06:45:00,2024,5,11,6,132,955.67
Shivajinagar AWS,18.5308,73.8474,11-05-2024 06:50,2024-05-11 06:50:00,2024,5,11,6,132,955.72
Shivajinagar AWS,18.5308,73.8474,11-05-2024 06:55,2024-05-11 06:55:00,2024,5,11,6,132,955.66
Shivajinagar AWS,18.5308,73.8474,11-05-2024 07:00,2024-05-11 07:00:00,2024,5,11,7,132,955.88
Shivajinagar AWS,18.5308,73.8474,11-05-2024 07:05,2024-05-11 07:05:00,2024,5,11,7,132,955.88
Shivajinagar AWS,18.5308,73.8474,11-05-2024 07:10,2024-05-11 07:10:00,2024,5,11,7,132,955.82
Shivajinagar AWS,18.5308,73.8474,11-05-2024 07:15,2024-05-11 07:15:00,2024,5,11,7,132,955.92
Shivajinagar AWS,18.5308,73.8474,11-05-2024 07:20,2024-05-11 07:20:00,2024,5,11,7,132,955.86
Shivajinagar AWS,18.5308,73.8474,11-05-2024 07:25,2024-05-11 07:25:00,2024,5,11,7,132,955.97
Shivajinagar AWS,18.5308,73.8474,11-05-2024 07:30,2024-05-11 07:30:00,2024,5,11,7,132,955.87
Shivajinagar AWS,18.5308,73.8474,11-05-2024 07:35,2024-05-11 07:35:00,2024,5,11,7,132,955.95
Shivajinagar AWS,18.5308,73.8474,11-05-2024 07:40,2024-05-11 07:40:00,2024,5,11,7,132,955.93
Shivajinagar AWS,18.5308,73.8474,11-05-2024 07:45,2024-05-11 07:45:00,2024,5,11,7,132,956.0
Shivajinagar AWS,18.5308,73.8474,11-05-2024 07:50,2024-05-11 07:50:00,2024,5,11,7,132,956.1
Shivajinagar AWS,18.5308,73.8474,11-05-2024 07:55,2024-05-11 07:55:00,2024,5,11,7,132,955.96
Shivajinagar AWS,18.5308,73.8474,11-05-2024 08:00,2024-05-11 08:00:00,2024,5,11,8,132,956.01
Shivajinagar AWS,18.5308,73.8474,11-05-2024 08:05,2024-05-11 08:05:00,2024,5,11,8,132,955.84
Shivajinagar AWS,18.5308,73.8474,11-05-2024 08:10,2024-05-11 08:10:00,2024,5,11,8,132,955.7
Shivajinagar AWS,18.5308,73.8474,11-05-2024 08:15,2024-05-11 08:15:00,2024,5,11,8,132,955.58
Shivajinagar AWS,18.5308,73.8474,11-05-2024 08:20,2024-05-11 08:20:00,2024,5,11,8,132,955.56
Shivajinagar AWS,18.5308,73.8474,11-05-2024 08:25,2024-05-11 08:25:00,2024,5,11,8,132,955.51
Shivajinagar AWS,18.5308,73.8474,11-05-2024 08:30,2024-05-11 08:30:00,2024,5,11,8,132,955.44
Shivajinagar AWS,18.5308,73.8474,11-05-2024 08:35,2024-05-11 08:35:00,2024,5,11,8,132,955.39
Shivajinagar AWS,18.5308,73.8474,11-05-2024 08:40,2024-05-11 08:40:00,2024,5,11,8,132,955.37
Shivajinagar AWS,18.5308,73.8474,11-05-2024 08:45,2024-05-11 08:45:00,2024,5,11,8,132,955.36
Shivajinagar AWS,18.5308,73.8474,11-05-2024 08:50,2024-05-11 08:50:00,2024,5,11,8,132,955.38
Shivajinagar AWS,18.5308,73.8474,11-05-2024 08:55,2024-05-11 08:55:00,2024,5,11,8,132,955.45
Shivajinagar AWS,18.5308,73.8474,11-05-2024 09:00,2024-05-11 09:00:00,2024,5,11,9,132,955.37
Shivajinagar AWS,18.5308,73.8474,11-05-2024 09:05,2024-05-11 09:05:00,2024,5,11,9,132,955.25
Shivajinagar AWS,18.5308,73.8474,11-05-2024 09:10,2024-05-11 09:10:00,2024,5,11,9,132,955.21
Shivajinagar AWS,18.5308,73.8474,11-05-2024 09:15,2024-05-11 09:15:00,2024,5,11,9,132,955.04
Shivajinagar AWS,18.5308,73.8474,11-05-2024 09:20,2024-05-11 09:20:00,2024,5,11,9,132,954.9
Shivajinagar AWS,18.5308,73.8474,11-05-2024 09:25,2024-05-11 09:25:00,2024,5,11,9,132,954.91
Shivajinagar AWS,18.5308,73.8474,11-05-2024 09:30,2024-05-11 09:30:00,2024,5,11,9,132,954.81
Shivajinagar AWS,18.5308,73.8474,11-05-2024 09:35,2024-05-11 09:35:00,2024,5,11,9,132,954.64
Shivajinagar AWS,18.5308,73.8474,11-05-2024 09:40,2024-05-11 09:40:00,2024,5,11,9,132,954.44
Shivajinagar AWS,18.5308,73.8474,11-05-2024 09:45,2024-05-11 09:45:00,2024,5,11,9,132,954.37
Shivajinagar AWS,18.5308,73.8474,11-05-2024 09:50,2024-05-11 09:50:00,2024,5,11,9,132,954.39
Shivajinagar AWS,18.5308,73.8474,11-05-2024 09:55,2024-05-11 09:55:00,2024,5,11,9,132,954.4
Shivajinagar AWS,18.5308,73.8474,11-05-2024 10:00,2024-05-11 10:00:00,2024,5,11,10,132,954.32
Shivajinagar AWS,18.5308,73.8474,11-05-2024 10:05,2024-05-11 10:05:00,2024,5,11,10,132,954.4
Shivajinagar AWS,18.5308,73.8474,11-05-2024 10:10,2024-05-11 10:10:00,2024,5,11,10,132,954.31
Shivajinagar AWS,18.5308,73.8474,11-05-2024 10:15,2024-05-11 10:15:00,2024,5,11,10,132,954.21
Shivajinagar AWS,18.5308,73.8474,11-05-2024 10:20,2024-05-11 10:20:00,2024,5,11,10,132,953.92
Shivajinagar AWS,18.5308,73.8474,11-05-2024 10:25,2024-05-11 10:25:00,2024,5,11,10,132,953.81
Shivajinagar AWS,18.5308,73.8474,11-05-2024 10:30,2024-05-11 10:30:00,2024,5,11,10,132,953.8
Shivajinagar AWS,18.5308,73.8474,11-05-2024 10:35,2024-05-11 10:35:00,2024,5,11,10,132,953.85
Shivajinagar AWS,18.5308,73.8474,11-05-2024 10:40,2024-05-11 10:40:00,2024,5,11,10,132,953.71
Shivajinagar AWS,18.5308,73.8474,11-05-2024 10:45,2024-05-11 10:45:00,2024,5,11,10,132,953.67
Shivajinagar AWS,18.5308,73.8474,11-05-2024 10:50,2024-05-11 10:50:00,2024,5,11,10,132,953.68
Shivajinagar AWS,18.5308,73.8474,11-05-2024 10:55,2024-05-11 10:55:00,2024,5,11,10,132,953.6
Shivajinagar AWS,18.5308,73.8474,11-05-2024 11:00,2024-05-11 11:00:00,2024,5,11,11,132,953.34
Shivajinagar AWS,18.5308,73.8474,11-05-2024 11:05,2024-05-11 11:05:00,2024,5,11,11,132,953.29
Shivajinagar AWS,18.5308,73.8474,11-05-2024 11:10,2024-05-11 11:10:00,2024,5,11,11,132,953.29
Shivajinagar AWS,18.5308,73.8474,11-05-2024 11:15,2024-05-11 11:15:00,2024,5,11,11,132,953.15
Shivajinagar AWS,18.5308,73.8474,11-05-2024 11:20,2024-05-11 11:20:00,2024,5,11,11,132,953.07
Shivajinagar AWS,18.5308,73.8474,11-05-2024 11:25,2024-05-11 11:25:00,2024,5,11,11,132,952.91
Shivajinagar AWS,18.5308,73.8474,11-05-2024 11:30,2024-05-11 11:30:00,2024,5,11,11,132,952.66
Shivajinagar AWS,18.5308,73.8474,11-05-2024 11:35,2024-05-11 11:35:00,2024,5,11,11,132,952.69
Shivajinagar AWS,18.5308,73.8474,11-05-2024 11:40,2024-05-11 11:40:00,2024,5,11,11,132,952.65
Shivajinagar AWS,18.5308,73.8474,11-05-2024 11:45,2024-05-11 11:45:00,2024,5,11,11,132,952.73
Shivajinagar AWS,18.5308,73.8474,11-05-2024 11:50,2024-05-11 11:50:00,2024,5,11,11,132,952.76
Shivajinagar AWS,18.5308,73.8474,11-05-2024 11:55,2024-05-11 11:55:00,2024,5,11,11,132,952.68
Shivajinagar AWS,18.5308,73.8474,11-05-2024 12:00,2024-05-11 12:00:00,2024,5,11,12,132,952.63
Shivajinagar AWS,18.5308,73.8474,11-05-2024 12:05,2024-05-11 12:05:00,2024,5,11,12,132,952.64
Shivajinagar AWS,18.5308,73.8474,11-05-2024 12:10,2024-05-11 12:10:00,2024,5,11,12,132,952.68
Shivajinagar AWS,18.5308,73.8474,11-05-2024 12:15,2024-05-11 12:15:00,2024,5,11,12,132,952.66
Shivajinagar AWS,18.5308,73.8474,11-05-2024 12:20,2024-05-11 12:20:00,2024,5,11,12,132,952.71
Shivajinagar AWS,18.5308,73.8474,11-05-2024 12:25,2024-05-11 12:25:00,2024,5,11,12,132,952.65
Shivajinagar AWS,18.5308,73.8474,11-05-2024 12:30,2024-05-11 12:30:00,2024,5,11,12,132,952.54
Shivajinagar AWS,18.5308,73.8474,11-05-2024 12:35,2024-05-11 12:35:00,2024,5,11,12,132,952.5
Shivajinagar AWS,18.5308,73.8474,11-05-2024 12:40,2024-05-11 12:40:00,2024,5,11,12,132,952.49
Shivajinagar AWS,18.5308,73.8474,11-05-2024 12:45,2024-05-11 12:45:00,2024,5,11,12,132,952.38
Shivajinagar AWS,18.5308,73.8474,11-05-2024 12:50,2024-05-11 12:50:00,2024,5,11,12,132,952.25
Shivajinagar AWS,18.5308,73.8474,11-05-2024 12:55,2024-05-11 12:55:00,2024,5,11,12,132,952.28
Shivajinagar AWS,18.5308,73.8474,11-05-2024 13:00,2024-05-11 13:00:00,2024,5,11,13,132,952.24
Shivajinagar AWS,18.5308,73.8474,11-05-2024 13:05,2024-05-11 13:05:00,2024,5,11,13,132,952.22
Shivajinagar AWS,18.5308,73.8474,11-05-2024 13:10,2024-05-11 13:10:00,2024,5,11,13,132,952.19
Shivajinagar AWS,18.5308,73.8474,11-05-2024 13:15,2024-05-11 13:15:00,2024,5,11,13,132,952.32
Shivajinagar AWS,18.5308,73.8474,11-05-2024 13:20,2024-05-11 13:20:00,2024,5,11,13,132,952.42
Shivajinagar AWS,18.5308,73.8474,11-05-2024 13:25,2024-05-11 13:25:00,2024,5,11,13,132,952.32
Shivajinagar AWS,18.5308,73.8474,11-05-2024 13:30,2024-05-11 13:30:00,2024,5,11,13,132,952.29
Shivajinagar AWS,18.5308,73.8474,11-05-2024 13:35,2024-05-11 13:35:00,2024,5,11,13,132,952.36
Shivajinagar AWS,18.5308,73.8474,11-05-2024 13:40,2024-05-11 13:40:00,2024,5,11,13,132,952.42
Shivajinagar AWS,18.5308,73.8474,11-05-2024 13:45,2024-05-11 13:45:00,2024,5,11,13,132,952.43
Shivajinagar AWS,18.5308,73.8474,11-05-2024 13:50,2024-05-11 13:50:00,2024,5,11,13,132,952.36
Shivajinagar AWS,18.5308,73.8474,11-05-2024 13:55,2024-05-11 13:55:00,2024,5,11,13,132,952.32
Shivajinagar AWS,18.5308,73.8474,11-05-2024 14:00,2024-05-11 14:00:00,2024,5,11,14,132,952.31
Shivajinagar AWS,18.5308,73.8474,11-05-2024 14:05,2024-05-11 14:05:00,2024,5,11,14,132,952.36
Shivajinagar AWS,18.5308,73.8474,11-05-2024 14:10,2024-05-11 14:10:00,2024,5,11,14,132,952.53
Shivajinagar AWS,18.5308,73.8474,11-05-2024 14:15,2024-05-11 14:15:00,2024,5,11,14,132,952.5
Shivajinagar AWS,18.5308,73.8474,11-05-2024 14:20,2024-05-11 14:20:00,2024,5,11,14,132,952.45
Shivajinagar AWS,18.5308,73.8474,11-05-2024 14:25,2024-05-11 14:25:00,2024,5,11,14,132,952.48
Shivajinagar AWS,18.5308,73.8474,11-05-2024 14:30,2024-05-11 14:30:00,2024,5,11,14,132,952.6
Shivajinagar AWS,18.5308,73.8474,11-05-2024 14:35,2024-05-11 14:35:00,2024,5,11,14,132,952.52
Shivajinagar AWS,18.5308,73.8474,11-05-2024 14:40,2024-05-11 14:40:00,2024,5,11,14,132,952.69
Shivajinagar AWS,18.5308,73.8474,11-05-2024 14:45,2024-05-11 14:45:00,2024,5,11,14,132,952.71
Shivajinagar AWS,18.5308,73.8474,11-05-2024 14:50,2024-05-11 14:50:00,2024,5,11,14,132,952.7
Shivajinagar AWS,18.5308,73.8474,11-05-2024 14:55,2024-05-11 14:55:00,2024,5,11,14,132,952.62
Shivajinagar AWS,18.5308,73.8474,11-05-2024 15:00,2024-05-11 15:00:00,2024,5,11,15,132,952.73
Shivajinagar AWS,18.5308,73.8474,11-05-2024 15:05,2024-05-11 15:05:00,2024,5,11,15,132,952.77
Shivajinagar AWS,18.5308,73.8474,11-05-2024 15:10,2024-05-11 15:10:00,2024,5,11,15,132,952.84
Shivajinagar AWS,18.5308,73.8474,11-05-2024 15:15,2024-05-11 15:15:00,2024,5,11,15,132,952.82
Shivajinagar AWS,18.5308,73.8474,11-05-2024 15:20,2024-05-11 15:20:00,2024,5,11,15,132,952.86
Shivajinagar AWS,18.5308,73.8474,11-05-2024 15:25,2024-05-11 15:25:00,2024,5,11,15,132,952.88
Shivajinagar AWS,18.5308,73.8474,11-05-2024 15:30,2024-05-11 15:30:00,2024,5,11,15,132,952.93
Shivajinagar AWS,18.5308,73.8474,11-05-2024 15:35,2024-05-11 15:35:00,2024,5,11,15,132,952.94
Shivajinagar AWS,18.5308,73.8474,11-05-2024 15:40,2024-05-11 15:40:00,2024,5,11,15,132,952.89
Shivajinagar AWS,18.5308,73.8474,11-05-2024 15:45,2024-05-11 15:45:00,2024,5,11,15,132,953.18
Shivajinagar AWS,18.5308,73.8474,11-05-2024 15:50,2024-05-11 15:50:00,2024,5,11,15,132,953.13
Shivajinagar AWS,18.5308,73.8474,11-05-2024 15:55,2024-05-11 15:55:00,2024,5,11,15,132,953.21
Shivajinagar AWS,18.5308,73.8474,11-05-2024 16:00,2024-05-11 16:00:00,2024,5,11,16,132,953.13
Shivajinagar AWS,18.5308,73.8474,11-05-2024 16:05,2024-05-11 16:05:00,2024,5,11,16,132,953.04
Shivajinagar AWS,18.5308,73.8474,11-05-2024 16:10,2024-05-11 16:10:00,2024,5,11,16,132,953.13
Shivajinagar AWS,18.5308,73.8474,11-05-2024 16:15,2024-05-11 16:15:00,2024,5,11,16,132,953.22
Shivajinagar AWS,18.5308,73.8474,11-05-2024 16:20,2024-05-11 16:20:00,2024,5,11,16,132,953.39
Shivajinagar AWS,18.5308,73.8474,11-05-2024 16:25,2024-05-11 16:25:00,2024,5,11,16,132,953.49
Shivajinagar AWS,18.5308,73.8474,11-05-2024 16:30,2024-05-11 16:30:00,2024,5,11,16,132,953.54
Shivajinagar AWS,18.5308,73.8474,11-05-2024 16:35,2024-05-11 16:35:00,2024,5,11,16,132,953.53
Shivajinagar AWS,18.5308,73.8474,11-05-2024 16:40,2024-05-11 16:40:00,2024,5,11,16,132,953.72
Shivajinagar AWS,18.5308,73.8474,11-05-2024 16:45,2024-05-11 16:45:00,2024,5,11,16,132,953.85
Shivajinagar AWS,18.5308,73.8474,11-05-2024 16:50,2024-05-11 16:50:00,2024,5,11,16,132,953.81
Shivajinagar AWS,18.5308,73.8474,11-05-2024 16:55,2024-05-11 16:55:00,2024,5,11,16,132,953.87
Shivajinagar AWS,18.5308,73.8474,11-05-2024 17:00,2024-05-11 17:00:00,2024,5,11,17,132,953.94
Shivajinagar AWS,18.5308,73.8474,11-05-2024 17:05,2024-05-11 17:05:00,2024,5,11,17,132,953.96
Shivajinagar AWS,18.5308,73.8474,11-05-2024 17:10,2024-05-11 17:10:00,2024,5,11,17,132,954.08
Shivajinagar AWS,18.5308,73.8474,11-05-2024 17:15,2024-05-11 17:15:00,2024,5,11,17,132,954.2
Shivajinagar AWS,18.5308,73.8474,11-05-2024 17:20,2024-05-11 17:20:00,2024,5,11,17,132,954.22
Shivajinagar AWS,18.5308,73.8474,11-05-2024 17:25,2024-05-11 17:25:00,2024,5,11,17,132,954.24
Shivajinagar AWS,18.5308,73.8474,11-05-2024 17:30,2024-05-11 17:30:00,2024,5,11,17,132,954.41
Shivajinagar AWS,18.5308,73.8474,11-05-2024 17:35,2024-05-11 17:35:00,2024,5,11,17,132,954.51
Shivajinagar AWS,18.5308,73.8474,11-05-2024 17:40,2024-05-11 17:40:00,2024,5,11,17,132,954.55
Shivajinagar AWS,18.5308,73.8474,11-05-2024 17:45,2024-05-11 17:45:00,2024,5,11,17,132,954.45
Shivajinagar AWS,18.5308,73.8474,11-05-2024 17:50,2024-05-11 17:50:00,2024,5,11,17,132,954.5
Shivajinagar AWS,18.5308,73.8474,11-05-2024 17:55,2024-05-11 17:55:00,2024,5,11,17,132,954.59
Shivajinagar AWS,18.5308,73.8474,11-05-2024 18:00,2024-05-11 18:00:00,2024,5,11,18,132,954.39
Shivajinagar AWS,18.5308,73.8474,11-05-2024 18:05,2024-05-11 18:05:00,2024,5,11,18,132,954.44
Shivajinagar AWS,18.5308,73.8474,11-05-2024 18:10,2024-05-11 18:10:00,2024,5,11,18,132,954.43
Shivajinagar AWS,18.5308,73.8474,11-05-2024 18:15,2024-05-11 18:15:00,2024,5,11,18,132,954.43
Shivajinagar AWS,18.5308,73.8474,11-05-2024 18:20,2024-05-11 18:20:00,2024,5,11,18,132,954.38
Shivajinagar AWS,18.5308,73.8474,11-05-2024 18:25,2024-05-11 18:25:00,2024,5,11,18,132,954.39
Shivajinagar AWS,18.5308,73.8474,11-05-2024 18:30,2024-05-11 18:30:00,2024,5,11,18,132,954.52
Shivajinagar AWS,18.5308,73.8474,11-05-2024 18:35,2024-05-11 18:35:00,2024,5,11,18,132,954.5
Shivajinagar AWS,18.5308,73.8474,11-05-2024 18:40,2024-05-11 18:40:00,2024,5,11,18,132,954.58
Shivajinagar AWS,18.5308,73.8474,11-05-2024 18:45,2024-05-11 18:45:00,2024,5,11,18,132,954.52
Shivajinagar AWS,18.5308,73.8474,11-05-2024 18:50,2024-05-11 18:50:00,2024,5,11,18,132,954.58
Shivajinagar AWS,18.5308,73.8474,11-05-2024 18:55,2024-05-11 18:55:00,2024,5,11,18,132,954.58
Shivajinagar AWS,18.5308,73.8474,11-05-2024 19:00,2024-05-11 19:00:00,2024,5,11,19,132,954.6
Shivajinagar AWS,18.5308,73.8474,11-05-2024 19:05,2024-05-11 19:05:00,2024,5,11,19,132,954.59
Shivajinagar AWS,18.5308,73.8474,11-05-2024 19:10,2024-05-11 19:10:00,2024,5,11,19,132,954.63
Shivajinagar AWS,18.5308,73.8474,11-05-2024 19:15,2024-05-11 19:15:00,2024,5,11,19,132,954.41
Shivajinagar AWS,18.5308,73.8474,11-05-2024 19:20,2024-05-11 19:20:00,2024,5,11,19,132,954.28
Shivajinagar AWS,18.5308,73.8474,11-05-2024 19:25,2024-05-11 19:25:00,2024,5,11,19,132,954.3
Shivajinagar AWS,18.5308,73.8474,11-05-2024 19:30,2024-05-11 19:30:00,2024,5,11,19,132,954.12
Shivajinagar AWS,18.5308,73.8474,11-05-2024 19:35,2024-05-11 19:35:00,2024,5,11,19,132,954.07
Shivajinagar AWS,18.5308,73.8474,11-05-2024 19:40,2024-05-11 19:40:00,2024,5,11,19,132,954.05
Shivajinagar AWS,18.5308,73.8474,11-05-2024 19:45,2024-05-11 19:45:00,2024,5,11,19,132,953.97
Shivajinagar AWS,18.5308,73.8474,11-05-2024 19:50,2024-05-11 19:50:00,2024,5,11,19,132,953.89
Shivajinagar AWS,18.5308,73.8474,11-05-2024 19:55,2024-05-11 19:55:00,2024,5,11,19,132,953.9
Shivajinagar AWS,18.5308,73.8474,11-05-2024 20:00,2024-05-11 20:00:00,2024,5,11,20,132,953.95
Shivajinagar AWS,18.5308,73.8474,11-05-2024 20:05,2024-05-11 20:05:00,2024,5,11,20,132,953.85
Shivajinagar AWS,18.5308,73.8474,11-05-2024 20:10,2024-05-11 20:10:00,2024,5,11,20,132,953.77
Shivajinagar AWS,18.5308,73.8474,11-05-2024 20:15,2024-05-11 20:15:00,2024,5,11,20,132,953.68
Shivajinagar AWS,18.5308,73.8474,11-05-2024 20:20,2024-05-11 20:20:00,2024,5,11,20,132,953.46
Shivajinagar AWS,18.5308,73.8474,11-05-2024 20:25,2024-05-11 20:25:00,2024,5,11,20,132,953.44
Shivajinagar AWS,18.5308,73.8474,11-05-2024 20:30,2024-05-11 20:30:00,2024,5,11,20,132,953.48
Shivajinagar AWS,18.5308,73.8474,11-05-2024 20:35,2024-05-11 20:35:00,2024,5,11,20,132,953.53
Shivajinagar AWS,18.5308,73.8474,11-05-2024 20:40,2024-05-11 20:40:00,2024,5,11,20,132,953.42
Shivajinagar AWS,18.5308,73.8474,11-05-2024 20:45,2024-05-11 20:45:00,2024,5,11,20,132,953.27
Shivajinagar AWS,18.5308,73.8474,11-05-2024 20:50,2024-05-11 20:50:00,2024,5,11,20,132,953.23
Shivajinagar AWS,18.5308,73.8474,11-05-2024 20:55,2024-05-11 20:55:00,2024,5,11,20,132,953.26
Shivajinagar AWS,18.5308,73.8474,11-05-2024 21:00,2024-05-11 21:00:00,2024,5,11,21,132,953.22
Shivajinagar AWS,18.5308,73.8474,11-05-2024 21:05,2024-05-11 21:05:00,2024,5,11,21,132,953.19
Shivajinagar AWS,18.5308,73.8474,11-05-2024 21:10,2024-05-11 21:10:00,2024,5,11,21,132,953.23
Shivajinagar AWS,18.5308,73.8474,11-05-2024 21:15,2024-05-11 21:15:00,2024,5,11,21,132,953.11
Shivajinagar AWS,18.5308,73.8474,11-05-2024 21:20,2024-05-11 21:20:00,2024,5,11,21,132,953.03
Shivajinagar AWS,18.5308,73.8474,11-05-2024 21:25,2024-05-11 21:25:00,2024,5,11,21,132,953.11
Shivajinagar AWS,18.5308,73.8474,11-05-2024 21:30,2024-05-11 21:30:00,2024,5,11,21,132,953.02
Shivajinagar AWS,18.5308,73.8474,11-05-2024 21:35,2024-05-11 21:35:00,2024,5,11,21,132,952.86
Shivajinagar AWS,18.5308,73.8474,11-05-2024 21:40,2024-05-11 21:40:00,2024,5,11,21,132,952.74
Shivajinagar AWS,18.5308,73.8474,11-05-2024 21:45,2024-05-11 21:45:00,2024,5,11,21,132,952.6
Shivajinagar AWS,18.5308,73.8474,11-05-2024 21:50,2024-05-11 21:50:00,2024,5,11,21,132,952.57
Shivajinagar AWS,18.5308,73.8474,11-05-2024 21:55,2024-05-11 21:55:00,2024,5,11,21,132,952.44
Shivajinagar AWS,18.5308,73.8474,11-05-2024 22:00,2024-05-11 22:00:00,2024,5,11,22,132,952.4
Shivajinagar AWS,18.5308,73.8474,11-05-2024 22:05,2024-05-11 22:05:00,2024,5,11,22,132,952.28
Shivajinagar AWS,18.5308,73.8474,11-05-2024 22:10,2024-05-11 22:10:00,2024,5,11,22,132,952.05
Shivajinagar AWS,18.5308,73.8474,11-05-2024 22:15,2024-05-11 22:15:00,2024,5,11,22,132,952.02
Shivajinagar AWS,18.5308,73.8474,11-05-2024 22:20,2024-05-11 22:20:00,2024,5,11,22,132,951.97
Shivajinagar AWS,18.5308,73.8474,11-05-2024 22:25,2024-05-11 22:25:00,2024,5,11,22,132,951.96
Shivajinagar AWS,18.5308,73.8474,11-05-2024 22:30,2024-05-11 22:30:00,2024,5,11,22,132,951.85
Shivajinagar AWS,18.5308,73.8474,11-05-2024 22:35,2024-05-11 22:35:00,2024,5,11,22,132,951.73
Shivajinagar AWS,18.5308,73.8474,11-05-2024 22:40,2024-05-11 22:40:00,2024,5,11,22,132,951.71
Shivajinagar AWS,18.5308,73.8474,11-05-2024 22:45,2024-05-11 22:45:00,2024,5,11,22,132,951.78
Shivajinagar AWS,18.5308,73.8474,11-05-2024 22:50,2024-05-11 22:50:00,2024,5,11,22,132,951.72
Shivajinagar AWS,18.5308,73.8474,11-05-2024 22:55,2024-05-11 22:55:00,2024,5,11,22,132,951.7
Shivajinagar AWS,18.5308,73.8474,11-05-2024 23:00,2024-05-11 23:00:00,2024,5,11,23,132,951.61
Shivajinagar AWS,18.5308,73.8474,11-05-2024 23:05,2024-05-11 23:05:00,2024,5,11,23,132,951.43
Shivajinagar AWS,18.5308,73.8474,11-05-2024 23:10,2024-05-11 23:10:00,2024,5,11,23,132,951.46
Shivajinagar AWS,18.5308,73.8474,11-05-2024 23:15,2024-05-11 23:15:00,2024,5,11,23,132,951.48
Shivajinagar AWS,18.5308,73.8474,11-05-2024 23:20,2024-05-11 23:20:00,2024,5,11,23,132,951.48
Shivajinagar AWS,18.5308,73.8474,11-05-2024 23:25,2024-05-11 23:25:00,2024,5,11,23,132,951.42
Shivajinagar AWS,18.5308,73.8474,11-05-2024 23:30,2024-05-11 23:30:00,2024,5,11,23,132,951.41
Shivajinagar AWS,18.5308,73.8474,11-05-2024 23:35,2024-05-11 23:35:00,2024,5,11,23,132,951.43
Shivajinagar AWS,18.5308,73.8474,11-05-2024 23:40,2024-05-11 23:40:00,2024,5,11,23,132,951.51
Shivajinagar AWS,18.5308,73.8474,11-05-2024 23:45,2024-05-11 23:45:00,2024,5,11,23,132,951.53
Shivajinagar AWS,18.5308,73.8474,11-05-2024 23:50,2024-05-11 23:50:00,2024,5,11,23,132,951.48
Shivajinagar AWS,18.5308,73.8474,11-05-2024 23:55,2024-05-11 23:55:00,2024,5,11,23,132,951.32
Shivajinagar AWS,18.5308,73.8474,12-05-2024 00:00,2024-05-12 00:00:00,2024,5,12,0,133,951.28
Shivajinagar AWS,18.5308,73.8474,12-05-2024 00:05,2024-05-12 00:05:00,2024,5,12,0,133,951.26
Shivajinagar AWS,18.5308,73.8474,12-05-2024 00:10,2024-05-12 00:10:00,2024,5,12,0,133,951.27
Shivajinagar AWS,18.5308,73.8474,12-05-2024 00:15,2024-05-12 00:15:00,2024,5,12,0,133,951.34
Shivajinagar AWS,18.5308,73.8474,12-05-2024 00:20,2024-05-12 00:20:00,2024,5,12,0,133,951.28
Shivajinagar AWS,18.5308,73.8474,12-05-2024 00:25,2024-05-12 00:25:00,2024,5,12,0,133,951.41
Shivajinagar AWS,18.5308,73.8474,12-05-2024 00:30,2024-05-12 00:30:00,2024,5,12,0,133,951.22
Shivajinagar AWS,18.5308,73.8474,12-05-2024 00:35,2024-05-12 00:35:00,2024,5,12,0,133,951.22
Shivajinagar AWS,18.5308,73.8474,12-05-2024 00:40,2024-05-12 00:40:00,2024,5,12,0,133,951.12
Shivajinagar AWS,18.5308,73.8474,12-05-2024 00:45,2024-05-12 00:45:00,2024,5,12,0,133,950.94
Shivajinagar AWS,18.5308,73.8474,12-05-2024 00:50,2024-05-12 00:50:00,2024,5,12,0,133,950.91
Shivajinagar AWS,18.5308,73.8474,12-05-2024 00:55,2024-05-12 00:55:00,2024,5,12,0,133,950.77
Shivajinagar AWS,18.5308,73.8474,12-05-2024 01:00,2024-05-12 01:00:00,2024,5,12,1,133,950.75
Shivajinagar AWS,18.5308,73.8474,12-05-2024 01:05,2024-05-12 01:05:00,2024,5,12,1,133,950.75
Shivajinagar AWS,18.5308,73.8474,12-05-2024 01:10,2024-05-12 01:10:00,2024,5,12,1,133,950.84
Shivajinagar AWS,18.5308,73.8474,12-05-2024 01:15,2024-05-12 01:15:00,2024,5,12,1,133,950.72
Shivajinagar AWS,18.5308,73.8474,12-05-2024 01:20,2024-05-12 01:20:00,2024,5,12,1,133,950.79
Shivajinagar AWS,18.5308,73.8474,12-05-2024 01:25,2024-05-12 01:25:00,2024,5,12,1,133,950.8
Shivajinagar AWS,18.5308,73.8474,12-05-2024 01:30,2024-05-12 01:30:00,2024,5,12,1,133,950.89
Shivajinagar AWS,18.5308,73.8474,12-05-2024 01:35,2024-05-12 01:35:00,2024,5,12,1,133,950.86
Shivajinagar AWS,18.5308,73.8474,12-05-2024 01:40,2024-05-12 01:40:00,2024,5,12,1,133,950.77
Shivajinagar AWS,18.5308,73.8474,12-05-2024 01:45,2024-05-12 01:45:00,2024,5,12,1,133,950.69
Shivajinagar AWS,18.5308,73.8474,12-05-2024 01:50,2024-05-12 01:50:00,2024,5,12,1,133,950.61
Shivajinagar AWS,18.5308,73.8474,12-05-2024 01:55,2024-05-12 01:55:00,2024,5,12,1,133,950.68
Shivajinagar AWS,18.5308,73.8474,12-05-2024 02:00,2024-05-12 02:00:00,2024,5,12,2,133,950.82
Shivajinagar AWS,18.5308,73.8474,12-05-2024 02:05,2024-05-12 02:05:00,2024,5,12,2,133,950.81
Shivajinagar AWS,18.5308,73.8474,12-05-2024 02:10,2024-05-12 02:10:00,2024,5,12,2,133,950.89
Shivajinagar AWS,18.5308,73.8474,12-05-2024 02:15,2024-05-12 02:15:00,2024,5,12,2,133,950.8
Shivajinagar AWS,18.5308,73.8474,12-05-2024 02:20,2024-05-12 02:20:00,2024,5,12,2,133,950.85
Shivajinagar AWS,18.5308,73.8474,12-05-2024 02:25,2024-05-12 02:25:00,2024,5,12,2,133,950.95
Shivajinagar AWS,18.5308,73.8474,12-05-2024 02:30,2024-05-12 02:30:00,2024,5,12,2,133,950.87
Shivajinagar AWS,18.5308,73.8474,12-05-2024 02:35,2024-05-12 02:35:00,2024,5,12,2,133,950.9
Shivajinagar AWS,18.5308,73.8474,12-05-2024 02:40,2024-05-12 02:40:00,2024,5,12,2,133,951.01
Shivajinagar AWS,18.5308,73.8474,12-05-2024 02:45,2024-05-12 02:45:00,2024,5,12,2,133,950.82
Shivajinagar AWS,18.5308,73.8474,12-05-2024 02:50,2024-05-12 02:50:00,2024,5,12,2,133,950.98
Shivajinagar AWS,18.5308,73.8474,12-05-2024 02:55,2024-05-12 02:55:00,2024,5,12,2,133,951.07
Shivajinagar AWS,18.5308,73.8474,12-05-2024 03:00,2024-05-12 03:00:00,2024,5,12,3,133,951.18
Shivajinagar AWS,18.5308,73.8474,12-05-2024 03:05,2024-05-12 03:05:00,2024,5,12,3,133,951.2
Shivajinagar AWS,18.5308,73.8474,12-05-2024 03:10,2024-05-12 03:10:00,2024,5,12,3,133,951.12
Shivajinagar AWS,18.5308,73.8474,12-05-2024 03:15,2024-05-12 03:15:00,2024,5,12,3,133,951.22
Shivajinagar AWS,18.5308,73.8474,12-05-2024 03:20,2024-05-12 03:20:00,2024,5,12,3,133,951.28
Shivajinagar AWS,18.5308,73.8474,12-05-2024 03:25,2024-05-12 03:25:00,2024,5,12,3,133,951.34
Shivajinagar AWS,18.5308,73.8474,12-05-2024 03:30,2024-05-12 03:30:00,2024,5,12,3,133,951.49
Shivajinagar AWS,18.5308,73.8474,12-05-2024 03:35,2024-05-12 03:35:00,2024,5,12,3,133,951.61
Shivajinagar AWS,18.5308,73.8474,12-05-2024 03:40,2024-05-12 03:40:00,2024,5,12,3,133,951.83
Shivajinagar AWS,18.5308,73.8474,12-05-2024 03:45,2024-05-12 03:45:00,2024,5,12,3,133,951.89
Shivajinagar AWS,18.5308,73.8474,12-05-2024 03:50,2024-05-12 03:50:00,2024,5,12,3,133,951.89
Shivajinagar AWS,18.5308,73.8474,12-05-2024 03:55,2024-05-12 03:55:00,2024,5,12,3,133,951.93
Shivajinagar AWS,18.5308,73.8474,12-05-2024 04:00,2024-05-12 04:00:00,2024,5,12,4,133,952.01
Shivajinagar AWS,18.5308,73.8474,12-05-2024 04:05,2024-05-12 04:05:00,2024,5,12,4,133,952.15
Shivajinagar AWS,18.5308,73.8474,12-05-2024 04:10,2024-05-12 04:10:00,2024,5,12,4,133,952.08
Shivajinagar AWS,18.5308,73.8474,12-05-2024 04:15,2024-05-12 04:15:00,2024,5,12,4,133,952.14
Shivajinagar AWS,18.5308,73.8474,12-05-2024 04:20,2024-05-12 04:20:00,2024,5,12,4,133,952.32
Shivajinagar AWS,18.5308,73.8474,12-05-2024 04:25,2024-05-12 04:25:00,2024,5,12,4,133,952.35
Shivajinagar AWS,18.5308,73.8474,12-05-2024 04:30,2024-05-12 04:30:00,2024,5,12,4,133,952.47
Shivajinagar AWS,18.5308,73.8474,12-05-2024 04:35,2024-05-12 04:35:00,2024,5,12,4,133,952.56
Shivajinagar AWS,18.5308,73.8474,12-05-2024 04:40,2024-05-12 04:40:00,2024,5,12,4,133,952.68
Shivajinagar AWS,18.5308,73.8474,12-05-2024 04:45,2024-05-12 04:45:00,2024,5,12,4,133,952.65
Shivajinagar AWS,18.5308,73.8474,12-05-2024 04:50,2024-05-12 04:50:00,2024,5,12,4,133,952.63
Shivajinagar AWS,18.5308,73.8474,12-05-2024 04:55,2024-05-12 04:55:00,2024,5,12,4,133,952.68
Shivajinagar AWS,18.5308,73.8474,12-05-2024 05:00,2024-05-12 05:00:00,2024,5,12,5,133,952.6
Shivajinagar AWS,18.5308,73.8474,12-05-2024 05:05,2024-05-12 05:05:00,2024,5,12,5,133,952.62
Shivajinagar AWS,18.5308,73.8474,12-05-2024 05:10,2024-05-12 05:10:00,2024,5,12,5,133,952.69
Shivajinagar AWS,18.5308,73.8474,12-05-2024 05:15,2024-05-12 05:15:00,2024,5,12,5,133,952.87
Shivajinagar AWS,18.5308,73.8474,12-05-2024 05:20,2024-05-12 05:20:00,2024,5,12,5,133,952.94
Shivajinagar AWS,18.5308,73.8474,12-05-2024 05:25,2024-05-12 05:25:00,2024,5,12,5,133,953.02
Shivajinagar AWS,18.5308,73.8474,12-05-2024 05:30,2024-05-12 05:30:00,2024,5,12,5,133,953.14
Shivajinagar AWS,18.5308,73.8474,12-05-2024 05:35,2024-05-12 05:35:00,2024,5,12,5,133,953.09
Shivajinagar AWS,18.5308,73.8474,12-05-2024 05:40,2024-05-12 05:40:00,2024,5,12,5,133,953.1
Shivajinagar AWS,18.5308,73.8474,12-05-2024 05:45,2024-05-12 05:45:00,2024,5,12,5,133,953.32
Shivajinagar AWS,18.5308,73.8474,12-05-2024 05:50,2024-05-12 05:50:00,2024,5,12,5,133,953.33
Shivajinagar AWS,18.5308,73.8474,12-05-2024 05:55,2024-05-12 05:55:00,2024,5,12,5,133,953.43
Shivajinagar AWS,18.5308,73.8474,12-05-2024 06:00,2024-05-12 06:00:00,2024,5,12,6,133,953.51
Shivajinagar AWS,18.5308,73.8474,12-05-2024 06:05,2024-05-12 06:05:00,2024,5,12,6,133,953.4
Shivajinagar AWS,18.5308,73.8474,12-05-2024 06:10,2024-05-12 06:10:00,2024,5,12,6,133,953.43
Shivajinagar AWS,18.5308,73.8474,12-05-2024 06:15,2024-05-12 06:15:00,2024,5,12,6,133,953.44
Shivajinagar AWS,18.5308,73.8474,12-05-2024 06:20,2024-05-12 06:20:00,2024,5,12,6,133,953.47
Shivajinagar AWS,18.5308,73.8474,12-05-2024 06:25,2024-05-12 06:25:00,2024,5,12,6,133,953.4
Shivajinagar AWS,18.5308,73.8474,12-05-2024 06:30,2024-05-12 06:30:00,2024,5,12,6,133,953.31
Shivajinagar AWS,18.5308,73.8474,12-05-2024 06:35,2024-05-12 06:35:00,2024,5,12,6,133,953.27
Shivajinagar AWS,18.5308,73.8474,12-05-2024 06:40,2024-05-12 06:40:00,2024,5,12,6,133,953.26
Shivajinagar AWS,18.5308,73.8474,12-05-2024 06:45,2024-05-12 06:45:00,2024,5,12,6,133,953.35
Shivajinagar AWS,18.5308,73.8474,12-05-2024 06:50,2024-05-12 06:50:00,2024,5,12,6,133,953.48
Shivajinagar AWS,18.5308,73.8474,12-05-2024 06:55,2024-05-12 06:55:00,2024,5,12,6,133,953.58
Shivajinagar AWS,18.5308,73.8474,12-05-2024 07:00,2024-05-12 07:00:00,2024,5,12,7,133,953.62
Shivajinagar AWS,18.5308,73.8474,12-05-2024 07:05,2024-05-12 07:05:00,2024,5,12,7,133,953.51
Shivajinagar AWS,18.5308,73.8474,12-05-2024 07:10,2024-05-12 07:10:00,2024,5,12,7,133,953.44
Shivajinagar AWS,18.5308,73.8474,12-05-2024 07:15,2024-05-12 07:15:00,2024,5,12,7,133,953.43
Shivajinagar AWS,18.5308,73.8474,12-05-2024 07:20,2024-05-12 07:20:00,2024,5,12,7,133,953.35
Shivajinagar AWS,18.5308,73.8474,12-05-2024 07:25,2024-05-12 07:25:00,2024,5,12,7,133,953.36
Shivajinagar AWS,18.5308,73.8474,12-05-2024 07:30,2024-05-12 07:30:00,2024,5,12,7,133,953.38
Shivajinagar AWS,18.5308,73.8474,12-05-2024 07:35,2024-05-12 07:35:00,2024,5,12,7,133,953.38
Shivajinagar AWS,18.5308,73.8474,12-05-2024 07:40,2024-05-12 07:40:00,2024,5,12,7,133,953.41
Shivajinagar AWS,18.5308,73.8474,12-05-2024 07:45,2024-05-12 07:45:00,2024,5,12,7,133,953.29
Shivajinagar AWS,18.5308,73.8474,12-05-2024 07:50,2024-05-12 07:50:00,2024,5,12,7,133,953.31
Shivajinagar AWS,18.5308,73.8474,12-05-2024 07:55,2024-05-12 07:55:00,2024,5,12,7,133,953.2
Shivajinagar AWS,18.5308,73.8474,12-05-2024 08:00,2024-05-12 08:00:00,2024,5,12,8,133,953.07
Shivajinagar AWS,18.5308,73.8474,12-05-2024 08:05,2024-05-12 08:05:00,2024,5,12,8,133,953.06
Shivajinagar AWS,18.5308,73.8474,12-05-2024 08:10,2024-05-12 08:10:00,2024,5,12,8,133,953.1
Shivajinagar AWS,18.5308,73.8474,12-05-2024 08:15,2024-05-12 08:15:00,2024,5,12,8,133,953.07
Shivajinagar AWS,18.5308,73.8474,12-05-2024 08:20,2024-05-12 08:20:00,2024,5,12,8,133,953.01
Shivajinagar AWS,18.5308,73.8474,12-05-2024 08:25,2024-05-12 08:25:00,2024,5,12,8,133,952.96
Shivajinagar AWS,18.5308,73.8474,12-05-2024 08:30,2024-05-12 08:30:00,2024,5,12,8,133,952.9
Shivajinagar AWS,18.5308,73.8474,12-05-2024 08:35,2024-05-12 08:35:00,2024,5,12,8,133,952.74
Shivajinagar AWS,18.5308,73.8474,12-05-2024 08:40,2024-05-12 08:40:00,2024,5,12,8,133,952.57
Shivajinagar AWS,18.5308,73.8474,12-05-2024 08:45,2024-05-12 08:45:00,2024,5,12,8,133,952.5
Shivajinagar AWS,18.5308,73.8474,12-05-2024 08:50,2024-05-12 08:50:00,2024,5,12,8,133,952.44
Shivajinagar AWS,18.5308,73.8474,12-05-2024 08:55,2024-05-12 08:55:00,2024,5,12,8,133,952.37
Shivajinagar AWS,18.5308,73.8474,12-05-2024 09:00,2024-05-12 09:00:00,2024,5,12,9,133,952.35
Shivajinagar AWS,18.5308,73.8474,12-05-2024 09:05,2024-05-12 09:05:00,2024,5,12,9,133,952.26
Shivajinagar AWS,18.5308,73.8474,12-05-2024 09:10,2024-05-12 09:10:00,2024,5,12,9,133,952.23
Shivajinagar AWS,18.5308,73.8474,12-05-2024 09:15,2024-05-12 09:15:00,2024,5,12,9,133,952.14
Shivajinagar AWS,18.5308,73.8474,12-05-2024 09:20,2024-05-12 09:20:00,2024,5,12,9,133,952.21
Shivajinagar AWS,18.5308,73.8474,12-05-2024 09:25,2024-05-12 09:25:00,2024,5,12,9,133,952.13
Shivajinagar AWS,18.5308,73.8474,12-05-2024 09:30,2024-05-12 09:30:00,2024,5,12,9,133,952.23
Shivajinagar AWS,18.5308,73.8474,12-05-2024 09:35,2024-05-12 09:35:00,2024,5,12,9,133,952.17
Shivajinagar AWS,18.5308,73.8474,12-05-2024 09:40,2024-05-12 09:40:00,2024,5,12,9,133,952.05
Shivajinagar AWS,18.5308,73.8474,12-05-2024 09:45,2024-05-12 09:45:00,2024,5,12,9,133,951.89
Shivajinagar AWS,18.5308,73.8474,12-05-2024 09:50,2024-05-12 09:50:00,2024,5,12,9,133,951.69
Shivajinagar AWS,18.5308,73.8474,12-05-2024 09:55,2024-05-12 09:55:00,2024,5,12,9,133,951.52
Shivajinagar AWS,18.5308,73.8474,12-05-2024 10:00,2024-05-12 10:00:00,2024,5,12,10,133,951.37
Shivajinagar AWS,18.5308,73.8474,12-05-2024 10:05,2024-05-12 10:05:00,2024,5,12,10,133,951.33
Shivajinagar AWS,18.5308,73.8474,12-05-2024 10:10,2024-05-12 10:10:00,2024,5,12,10,133,951.2
Shivajinagar AWS,18.5308,73.8474,12-05-2024 10:15,2024-05-12 10:15:00,2024,5,12,10,133,951.14
Shivajinagar AWS,18.5308,73.8474,12-05-2024 10:20,2024-05-12 10:20:00,2024,5,12,10,133,951.17
Shivajinagar AWS,18.5308,73.8474,12-05-2024 10:25,2024-05-12 10:25:00,2024,5,12,10,133,951.08
Shivajinagar AWS,18.5308,73.8474,12-05-2024 10:30,2024-05-12 10:30:00,2024,5,12,10,133,951.17
Shivajinagar AWS,18.5308,73.8474,12-05-2024 10:35,2024-05-12 10:35:00,2024,5,12,10,133,950.99
Shivajinagar AWS,18.5308,73.8474,12-05-2024 10:40,2024-05-12 10:40:00,2024,5,12,10,133,950.9
Shivajinagar AWS,18.5308,73.8474,12-05-2024 10:45,2024-05-12 10:45:00,2024,5,12,10,133,950.78
Shivajinagar AWS,18.5308,73.8474,12-05-2024 10:50,2024-05-12 10:50:00,2024,5,12,10,133,950.78
Shivajinagar AWS,18.5308,73.8474,12-05-2024 10:55,2024-05-12 10:55:00,2024,5,12,10,133,950.53
Shivajinagar AWS,18.5308,73.8474,12-05-2024 11:00,2024-05-12 11:00:00,2024,5,12,11,133,950.34
Shivajinagar AWS,18.5308,73.8474,12-05-2024 11:05,2024-05-12 11:05:00,2024,5,12,11,133,950.27
Shivajinagar AWS,18.5308,73.8474,12-05-2024 11:10,2024-05-12 11:10:00,2024,5,12,11,133,950.34
Shivajinagar AWS,18.5308,73.8474,12-05-2024 11:15,2024-05-12 11:15:00,2024,5,12,11,133,950.3
Shivajinagar AWS,18.5308,73.8474,12-05-2024 11:20,2024-05-12 11:20:00,2024,5,12,11,133,950.13
Shivajinagar AWS,18.5308,73.8474,12-05-2024 11:25,2024-05-12 11:25:00,2024,5,12,11,133,949.98
Shivajinagar AWS,18.5308,73.8474,12-05-2024 11:30,2024-05-12 11:30:00,2024,5,12,11,133,950.06
Shivajinagar AWS,18.5308,73.8474,12-05-2024 11:35,2024-05-12 11:35:00,2024,5,12,11,133,949.96
Shivajinagar AWS,18.5308,73.8474,12-05-2024 11:40,2024-05-12 11:40:00,2024,5,12,11,133,949.83
Shivajinagar AWS,18.5308,73.8474,12-05-2024 11:45,2024-05-12 11:45:00,2024,5,12,11,133,949.91
Shivajinagar AWS,18.5308,73.8474,12-05-2024 11:50,2024-05-12 11:50:00,2024,5,12,11,133,949.94
Shivajinagar AWS,18.5308,73.8474,12-05-2024 11:55,2024-05-12 11:55:00,2024,5,12,11,133,950.0
Shivajinagar AWS,18.5308,73.8474,12-05-2024 12:00,2024-05-12 12:00:00,2024,5,12,12,133,949.87
Shivajinagar AWS,18.5308,73.8474,12-05-2024 12:05,2024-05-12 12:05:00,2024,5,12,12,133,949.71
Shivajinagar AWS,18.5308,73.8474,12-05-2024 12:10,2024-05-12 12:10:00,2024,5,12,12,133,949.68
Shivajinagar AWS,18.5308,73.8474,12-05-2024 12:15,2024-05-12 12:15:00,2024,5,12,12,133,949.68
Shivajinagar AWS,18.5308,73.8474,12-05-2024 12:20,2024-05-12 12:20:00,2024,5,12,12,133,949.68
Shivajinagar AWS,18.5308,73.8474,12-05-2024 12:25,2024-05-12 12:25:00,2024,5,12,12,133,949.76
Shivajinagar AWS,18.5308,73.8474,12-05-2024 12:30,2024-05-12 12:30:00,2024,5,12,12,133,949.59
Shivajinagar AWS,18.5308,73.8474,12-05-2024 12:35,2024-05-12 12:35:00,2024,5,12,12,133,949.64
Shivajinagar AWS,18.5308,73.8474,12-05-2024 12:40,2024-05-12 12:40:00,2024,5,12,12,133,949.53
Shivajinagar AWS,18.5308,73.8474,12-05-2024 12:45,2024-05-12 12:45:00,2024,5,12,12,133,949.58
Shivajinagar AWS,18.5308,73.8474,12-05-2024 12:50,2024-05-12 12:50:00,2024,5,12,12,133,949.53
Shivajinagar AWS,18.5308,73.8474,12-05-2024 12:55,2024-05-12 12:55:00,2024,5,12,12,133,949.45
Shivajinagar AWS,18.5308,73.8474,12-05-2024 13:00,2024-05-12 13:00:00,2024,5,12,13,133,949.39
Shivajinagar AWS,18.5308,73.8474,12-05-2024 13:05,2024-05-12 13:05:00,2024,5,12,13,133,949.28
Shivajinagar AWS,18.5308,73.8474,12-05-2024 13:10,2024-05-12 13:10:00,2024,5,12,13,133,949.29
Shivajinagar AWS,18.5308,73.8474,12-05-2024 13:15,2024-05-12 13:15:00,2024,5,12,13,133,949.23
Shivajinagar AWS,18.5308,73.8474,12-05-2024 13:20,2024-05-12 13:20:00,2024,5,12,13,133,949.31
Shivajinagar AWS,18.5308,73.8474,12-05-2024 13:25,2024-05-12 13:25:00,2024,5,12,13,133,949.37
Shivajinagar AWS,18.5308,73.8474,12-05-2024 13:30,2024-05-12 13:30:00,2024,5,12,13,133,949.52
Shivajinagar AWS,18.5308,73.8474,12-05-2024 13:35,2024-05-12 13:35:00,2024,5,12,13,133,949.56
Shivajinagar AWS,18.5308,73.8474,12-05-2024 13:40,2024-05-12 13:40:00,2024,5,12,13,133,949.62
Shivajinagar AWS,18.5308,73.8474,12-05-2024 13:45,2024-05-12 13:45:00,2024,5,12,13,133,949.74
Shivajinagar AWS,18.5308,73.8474,12-05-2024 13:50,2024-05-12 13:50:00,2024,5,12,13,133,949.7
Shivajinagar AWS,18.5308,73.8474,12-05-2024 13:55,2024-05-12 13:55:00,2024,5,12,13,133,949.6
Shivajinagar AWS,18.5308,73.8474,12-05-2024 14:00,2024-05-12 14:00:00,2024,5,12,14,133,949.64
Shivajinagar AWS,18.5308,73.8474,12-05-2024 14:05,2024-05-12 14:05:00,2024,5,12,14,133,949.55
Shivajinagar AWS,18.5308,73.8474,12-05-2024 14:10,2024-05-12 14:10:00,2024,5,12,14,133,949.78
Shivajinagar AWS,18.5308,73.8474,12-05-2024 14:15,2024-05-12 14:15:00,2024,5,12,14,133,949.93
Shivajinagar AWS,18.5308,73.8474,12-05-2024 14:20,2024-05-12 14:20:00,2024,5,12,14,133,950.13
Shivajinagar AWS,18.5308,73.8474,12-05-2024 14:25,2024-05-12 14:25:00,2024,5,12,14,133,950.15
Shivajinagar AWS,18.5308,73.8474,12-05-2024 14:30,2024-05-12 14:30:00,2024,5,12,14,133,950.22
Shivajinagar AWS,18.5308,73.8474,12-05-2024 14:35,2024-05-12 14:35:00,2024,5,12,14,133,950.21
Shivajinagar AWS,18.5308,73.8474,12-05-2024 14:40,2024-05-12 14:40:00,2024,5,12,14,133,950.31
Shivajinagar AWS,18.5308,73.8474,12-05-2024 14:45,2024-05-12 14:45:00,2024,5,12,14,133,950.24
Shivajinagar AWS,18.5308,73.8474,12-05-2024 14:50,2024-05-12 14:50:00,2024,5,12,14,133,950.07
Shivajinagar AWS,18.5308,73.8474,12-05-2024 14:55,2024-05-12 14:55:00,2024,5,12,14,133,950.05
Shivajinagar AWS,18.5308,73.8474,12-05-2024 15:00,2024-05-12 15:00:00,2024,5,12,15,133,949.98
Shivajinagar AWS,18.5308,73.8474,12-05-2024 15:05,2024-05-12 15:05:00,2024,5,12,15,133,950.16
Shivajinagar AWS,18.5308,73.8474,12-05-2024 15:10,2024-05-12 15:10:00,2024,5,12,15,133,950.36
Shivajinagar AWS,18.5308,73.8474,12-05-2024 15:15,2024-05-12 15:15:00,2024,5,12,15,133,950.29
Shivajinagar AWS,18.5308,73.8474,12-05-2024 15:20,2024-05-12 15:20:00,2024,5,12,15,133,950.45
Shivajinagar AWS,18.5308,73.8474,12-05-2024 15:25,2024-05-12 15:25:00,2024,5,12,15,133,950.57
Shivajinagar AWS,18.5308,73.8474,12-05-2024 15:30,2024-05-12 15:30:00,2024,5,12,15,133,950.5
Shivajinagar AWS,18.5308,73.8474,12-05-2024 15:35,2024-05-12 15:35:00,2024,5,12,15,133,950.52
Shivajinagar AWS,18.5308,73.8474,12-05-2024 15:40,2024-05-12 15:40:00,2024,5,12,15,133,950.53
Shivajinagar AWS,18.5308,73.8474,12-05-2024 15:45,2024-05-12 15:45:00,2024,5,12,15,133,950.65
Shivajinagar AWS,18.5308,73.8474,12-05-2024 15:50,2024-05-12 15:50:00,2024,5,12,15,133,950.61
Shivajinagar AWS,18.5308,73.8474,12-05-2024 15:55,2024-05-12 15:55:00,2024,5,12,15,133,950.66
Shivajinagar AWS,18.5308,73.8474,12-05-2024 16:00,2024-05-12 16:00:00,2024,5,12,16,133,950.67
Shivajinagar AWS,18.5308,73.8474,12-05-2024 16:05,2024-05-12 16:05:00,2024,5,12,16,133,950.77
Shivajinagar AWS,18.5308,73.8474,12-05-2024 16:10,2024-05-12 16:10:00,2024,5,12,16,133,950.81
Shivajinagar AWS,18.5308,73.8474,12-05-2024 16:15,2024-05-12 16:15:00,2024,5,12,16,133,950.83
Shivajinagar AWS,18.5308,73.8474,12-05-2024 16:20,2024-05-12 16:20:00,2024,5,12,16,133,950.88
Shivajinagar AWS,18.5308,73.8474,12-05-2024 16:25,2024-05-12 16:25:00,2024,5,12,16,133,951.11
Shivajinagar AWS,18.5308,73.8474,12-05-2024 16:30,2024-05-12 16:30:00,2024,5,12,16,133,951.13
Shivajinagar AWS,18.5308,73.8474,12-05-2024 16:35,2024-05-12 16:35:00,2024,5,12,16,133,951.11
Shivajinagar AWS,18.5308,73.8474,12-05-2024 16:40,2024-05-12 16:40:00,2024,5,12,16,133,951.21
Shivajinagar AWS,18.5308,73.8474,12-05-2024 16:45,2024-05-12 16:45:00,2024,5,12,16,133,951.26
Shivajinagar AWS,18.5308,73.8474,12-05-2024 16:50,2024-05-12 16:50:00,2024,5,12,16,133,951.2
Shivajinagar AWS,18.5308,73.8474,12-05-2024 16:55,2024-05-12 16:55:00,2024,5,12,16,133,951.44
Shivajinagar AWS,18.5308,73.8474,12-05-2024 17:00,2024-05-12 17:00:00,2024,5,12,17,133,951.46
Shivajinagar AWS,18.5308,73.8474,12-05-2024 17:05,2024-05-12 17:05:00,2024,5,12,17,133,951.48
Shivajinagar AWS,18.5308,73.8474,12-05-2024 17:10,2024-05-12 17:10:00,2024,5,12,17,133,951.55
Shivajinagar AWS,18.5308,73.8474,12-05-2024 17:15,2024-05-12 17:15:00,2024,5,12,17,133,951.73
Shivajinagar AWS,18.5308,73.8474,12-05-2024 17:20,2024-05-12 17:20:00,2024,5,12,17,133,951.64
Shivajinagar AWS,18.5308,73.8474,12-05-2024 17:25,2024-05-12 17:25:00,2024,5,12,17,133,951.71
Shivajinagar AWS,18.5308,73.8474,12-05-2024 17:30,2024-05-12 17:30:00,2024,5,12,17,133,951.92
Shivajinagar AWS,18.5308,73.8474,12-05-2024 17:35,2024-05-12 17:35:00,2024,5,12,17,133,951.96
Shivajinagar AWS,18.5308,73.8474,12-05-2024 17:40,2024-05-12 17:40:00,2024,5,12,17,133,951.89
Shivajinagar AWS,18.5308,73.8474,12-05-2024 17:45,2024-05-12 17:45:00,2024,5,12,17,133,951.88
Shivajinagar AWS,18.5308,73.8474,12-05-2024 17:50,2024-05-12 17:50:00,2024,5,12,17,133,951.93
Shivajinagar AWS,18.5308,73.8474,12-05-2024 17:55,2024-05-12 17:55:00,2024,5,12,17,133,952.06
Shivajinagar AWS,18.5308,73.8474,12-05-2024 18:00,2024-05-12 18:00:00,2024,5,12,18,133,952.06
Shivajinagar AWS,18.5308,73.8474,12-05-2024 18:05,2024-05-12 18:05:00,2024,5,12,18,133,952.15
Shivajinagar AWS,18.5308,73.8474,12-05-2024 18:10,2024-05-12 18:10:00,2024,5,12,18,133,952.05
Shivajinagar AWS,18.5308,73.8474,12-05-2024 18:15,2024-05-12 18:15:00,2024,5,12,18,133,951.96
Shivajinagar AWS,18.5308,73.8474,12-05-2024 18:20,2024-05-12 18:20:00,2024,5,12,18,133,951.94
Shivajinagar AWS,18.5308,73.8474,12-05-2024 18:25,2024-05-12 18:25:00,2024,5,12,18,133,952.08
Shivajinagar AWS,18.5308,73.8474,12-05-2024 18:30,2024-05-12 18:30:00,2024,5,12,18,133,952.1
Shivajinagar AWS,18.5308,73.8474,12-05-2024 18:35,2024-05-12 18:35:00,2024,5,12,18,133,952.13
Shivajinagar AWS,18.5308,73.8474,12-05-2024 18:40,2024-05-12 18:40:00,2024,5,12,18,133,952.16
Shivajinagar AWS,18.5308,73.8474,12-05-2024 18:45,2024-05-12 18:45:00,2024,5,12,18,133,952.25
Shivajinagar AWS,18.5308,73.8474,12-05-2024 18:50,2024-05-12 18:50:00,2024,5,12,18,133,952.2
Shivajinagar AWS,18.5308,73.8474,12-05-2024 18:55,2024-05-12 18:55:00,2024,5,12,18,133,952.25
Shivajinagar AWS,18.5308,73.8474,12-05-2024 19:00,2024-05-12 19:00:00,2024,5,12,19,133,952.18
Shivajinagar AWS,18.5308,73.8474,12-05-2024 19:05,2024-05-12 19:05:00,2024,5,12,19,133,952.33
Shivajinagar AWS,18.5308,73.8474,12-05-2024 19:10,2024-05-12 19:10:00,2024,5,12,19,133,952.25
Shivajinagar AWS,18.5308,73.8474,12-05-2024 19:15,2024-05-12 19:15:00,2024,5,12,19,133,952.16
Shivajinagar AWS,18.5308,73.8474,12-05-2024 19:20,2024-05-12 19:20:00,2024,5,12,19,133,952.19
Shivajinagar AWS,18.5308,73.8474,12-05-2024 19:25,2024-05-12 19:25:00,2024,5,12,19,133,952.18
Shivajinagar AWS,18.5308,73.8474,12-05-2024 19:30,2024-05-12 19:30:00,2024,5,12,19,133,952.18
Shivajinagar AWS,18.5308,73.8474,12-05-2024 19:35,2024-05-12 19:35:00,2024,5,12,19,133,952.17
Shivajinagar AWS,18.5308,73.8474,12-05-2024 19:40,2024-05-12 19:40:00,2024,5,12,19,133,952.05
Shivajinagar AWS,18.5308,73.8474,12-05-2024 19:45,2024-05-12 19:45:00,2024,5,12,19,133,952.15
Shivajinagar AWS,18.5308,73.8474,12-05-2024 19:50,2024-05-12 19:50:00,2024,5,12,19,133,952.19
Shivajinagar AWS,18.5308,73.8474,12-05-2024 19:55,2024-05-12 19:55:00,2024,5,12,19,133,952.25
Shivajinagar AWS,18.5308,73.8474,12-05-2024 20:00,2024-05-12 20:00:00,2024,5,12,20,133,952.16
Shivajinagar AWS,18.5308,73.8474,12-05-2024 20:05,2024-05-12 20:05:00,2024,5,12,20,133,952.15
Shivajinagar AWS,18.5308,73.8474,12-05-2024 20:10,2024-05-12 20:10:00,2024,5,12,20,133,952.11
Shivajinagar AWS,18.5308,73.8474,12-05-2024 20:15,2024-05-12 20:15:00,2024,5,12,20,133,952.15
Shivajinagar AWS,18.5308,73.8474,12-05-2024 20:20,2024-05-12 20:20:00,2024,5,12,20,133,952.18
Shivajinagar AWS,18.5308,73.8474,12-05-2024 20:25,2024-05-12 20:25:00,2024,5,12,20,133,952.13
Shivajinagar AWS,18.5308,73.8474,12-05-2024 20:30,2024-05-12 20:30:00,2024,5,12,20,133,951.94
Shivajinagar AWS,18.5308,73.8474,12-05-2024 20:35,2024-05-12 20:35:00,2024,5,12,20,133,952.02
Shivajinagar AWS,18.5308,73.8474,12-05-2024 20:40,2024-05-12 20:40:00,2024,5,12,20,133,952.0
Shivajinagar AWS,18.5308,73.8474,12-05-2024 20:45,2024-05-12 20:45:00,2024,5,12,20,133,951.88
Shivajinagar AWS,18.5308,73.8474,12-05-2024 20:50,2024-05-12 20:50:00,2024,5,12,20,133,951.84
Shivajinagar AWS,18.5308,73.8474,12-05-2024 20:55,2024-05-12 20:55:00,2024,5,12,20,133,951.64
Shivajinagar AWS,18.5308,73.8474,12-05-2024 21:00,2024-05-12 21:00:00,2024,5,12,21,133,951.66
Shivajinagar AWS,18.5308,73.8474,12-05-2024 21:05,2024-05-12 21:05:00,2024,5,12,21,133,951.46
Shivajinagar AWS,18.5308,73.8474,12-05-2024 21:10,2024-05-12 21:10:00,2024,5,12,21,133,951.38
Shivajinagar AWS,18.5308,73.8474,12-05-2024 21:15,2024-05-12 21:15:00,2024,5,12,21,133,951.33
Shivajinagar AWS,18.5308,73.8474,12-05-2024 21:20,2024-05-12 21:20:00,2024,5,12,21,133,951.34
Shivajinagar AWS,18.5308,73.8474,12-05-2024 21:25,2024-05-12 21:25:00,2024,5,12,21,133,951.27
Shivajinagar AWS,18.5308,73.8474,12-05-2024 21:30,2024-05-12 21:30:00,2024,5,12,21,133,951.24
Shivajinagar AWS,18.5308,73.8474,12-05-2024 21:35,2024-05-12 21:35:00,2024,5,12,21,133,951.16
Shivajinagar AWS,18.5308,73.8474,12-05-2024 21:40,2024-05-12 21:40:00,2024,5,12,21,133,951.08
Shivajinagar AWS,18.5308,73.8474,12-05-2024 21:45,2024-05-12 21:45:00,2024,5,12,21,133,951.01
Shivajinagar AWS,18.5308,73.8474,12-05-2024 21:50,2024-05-12 21:50:00,2024,5,12,21,133,950.92
Shivajinagar AWS,18.5308,73.8474,12-05-2024 21:55,2024-05-12 21:55:00,2024,5,12,21,133,950.71
Shivajinagar AWS,18.5308,73.8474,12-05-2024 22:00,2024-05-12 22:00:00,2024,5,12,22,133,950.57
Shivajinagar AWS,18.5308,73.8474,12-05-2024 22:05,2024-05-12 22:05:00,2024,5,12,22,133,950.52
Shivajinagar AWS,18.5308,73.8474,12-05-2024 22:10,2024-05-12 22:10:00,2024,5,12,22,133,950.43
Shivajinagar AWS,18.5308,73.8474,12-05-2024 22:15,2024-05-12 22:15:00,2024,5,12,22,133,950.35
Shivajinagar AWS,18.5308,73.8474,12-05-2024 22:20,2024-05-12 22:20:00,2024,5,12,22,133,950.26
Shivajinagar AWS,18.5308,73.8474,12-05-2024 22:25,2024-05-12 22:25:00,2024,5,12,22,133,950.12
Shivajinagar AWS,18.5308,73.8474,12-05-2024 22:30,2024-05-12 22:30:00,2024,5,12,22,133,950.02
Shivajinagar AWS,18.5308,73.8474,12-05-2024 22:35,2024-05-12 22:35:00,2024,5,12,22,133,949.94
Shivajinagar AWS,18.5308,73.8474,12-05-2024 22:40,2024-05-12 22:40:00,2024,5,12,22,133,949.88
Shivajinagar AWS,18.5308,73.8474,12-05-2024 22:45,2024-05-12 22:45:00,2024,5,12,22,133,949.85
Shivajinagar AWS,18.5308,73.8474,12-05-2024 22:50,2024-05-12 22:50:00,2024,5,12,22,133,949.78
Shivajinagar AWS,18.5308,73.8474,12-05-2024 22:55,2024-05-12 22:55:00,2024,5,12,22,133,949.64
Shivajinagar AWS,18.5308,73.8474,12-05-2024 23:00,2024-05-12 23:00:00,2024,5,12,23,133,949.48
Shivajinagar AWS,18.5308,73.8474,12-05-2024 23:05,2024-05-12 23:05:00,2024,5,12,23,133,949.64
Shivajinagar AWS,18.5308,73.8474,12-05-2024 23:10,2024-05-12 23:10:00,2024,5,12,23,133,949.5
Shivajinagar AWS,18.5308,73.8474,12-05-2024 23:15,2024-05-12 23:15:00,2024,5,12,23,133,949.41
Shivajinagar AWS,18.5308,73.8474,12-05-2024 23:20,2024-05-12 23:20:00,2024,5,12,23,133,949.41
Shivajinagar AWS,18.5308,73.8474,12-05-2024 23:25,2024-05-12 23:25:00,2024,5,12,23,133,949.39
Shivajinagar AWS,18.5308,73.8474,12-05-2024 23:30,2024-05-12 23:30:00,2024,5,12,23,133,949.39
Shivajinagar AWS,18.5308,73.8474,12-05-2024 23:35,2024-05-12 23:35:00,2024,5,12,23,133,949.31
Shivajinagar AWS,18.5308,73.8474,12-05-2024 23:40,2024-05-12 23:40:00,2024,5,12,23,133,949.29
Shivajinagar AWS,18.5308,73.8474,12-05-2024 23:45,2024-05-12 23:45:00,2024,5,12,23,133,949.26
Shivajinagar AWS,18.5308,73.8474,12-05-2024 23:50,2024-05-12 23:50:00,2024,5,12,23,133,949.19
Shivajinagar AWS,18.5308,73.8474,12-05-2024 23:55,2024-05-12 23:55:00,2024,5,12,23,133,949.18
Shivajinagar AWS,18.5308,73.8474,13-05-2024 00:00,2024-05-13 00:00:00,2024,5,13,0,134,949.23
Shivajinagar AWS,18.5308,73.8474,13-05-2024 00:05,2024-05-13 00:05:00,2024,5,13,0,134,949.2
Shivajinagar AWS,18.5308,73.8474,13-05-2024 00:10,2024-05-13 00:10:00,2024,5,13,0,134,949.17
Shivajinagar AWS,18.5308,73.8474,13-05-2024 00:15,2024-05-13 00:15:00,2024,5,13,0,134,949.23
Shivajinagar AWS,18.5308,73.8474,13-05-2024 00:20,2024-05-13 00:20:00,2024,5,13,0,134,949.27
Shivajinagar AWS,18.5308,73.8474,13-05-2024 00:25,2024-05-13 00:25:00,2024,5,13,0,134,949.37
Shivajinagar AWS,18.5308,73.8474,13-05-2024 00:30,2024-05-13 00:30:00,2024,5,13,0,134,949.2
Shivajinagar AWS,18.5308,73.8474,13-05-2024 00:35,2024-05-13 00:35:00,2024,5,13,0,134,949.25
Shivajinagar AWS,18.5308,73.8474,13-05-2024 00:40,2024-05-13 00:40:00,2024,5,13,0,134,949.28
Shivajinagar AWS,18.5308,73.8474,13-05-2024 00:45,2024-05-13 00:45:00,2024,5,13,0,134,949.19
Shivajinagar AWS,18.5308,73.8474,13-05-2024 00:50,2024-05-13 00:50:00,2024,5,13,0,134,949.2
Shivajinagar AWS,18.5308,73.8474,13-05-2024 00:55,2024-05-13 00:55:00,2024,5,13,0,134,949.27
Shivajinagar AWS,18.5308,73.8474,13-05-2024 01:00,2024-05-13 01:00:00,2024,5,13,1,134,949.19
Shivajinagar AWS,18.5308,73.8474,13-05-2024 01:05,2024-05-13 01:05:00,2024,5,13,1,134,949.22
Shivajinagar AWS,18.5308,73.8474,13-05-2024 01:10,2024-05-13 01:10:00,2024,5,13,1,134,949.29
Shivajinagar AWS,18.5308,73.8474,13-05-2024 01:15,2024-05-13 01:15:00,2024,5,13,1,134,949.2
Shivajinagar AWS,18.5308,73.8474,13-05-2024 01:20,2024-05-13 01:20:00,2024,5,13,1,134,949.19
Shivajinagar AWS,18.5308,73.8474,13-05-2024 01:25,2024-05-13 01:25:00,2024,5,13,1,134,949.22
Shivajinagar AWS,18.5308,73.8474,13-05-2024 01:30,2024-05-13 01:30:00,2024,5,13,1,134,949.17
Shivajinagar AWS,18.5308,73.8474,13-05-2024 01:35,2024-05-13 01:35:00,2024,5,13,1,134,949.11
Shivajinagar AWS,18.5308,73.8474,13-05-2024 01:40,2024-05-13 01:40:00,2024,5,13,1,134,949.12
Shivajinagar AWS,18.5308,73.8474,13-05-2024 01:45,2024-05-13 01:45:00,2024,5,13,1,134,949.21
Shivajinagar AWS,18.5308,73.8474,13-05-2024 01:50,2024-05-13 01:50:00,2024,5,13,1,134,949.29
Shivajinagar AWS,18.5308,73.8474,13-05-2024 01:55,2024-05-13 01:55:00,2024,5,13,1,134,949.24
Shivajinagar AWS,18.5308,73.8474,13-05-2024 02:00,2024-05-13 02:00:00,2024,5,13,2,134,949.33
Shivajinagar AWS,18.5308,73.8474,13-05-2024 02:05,2024-05-13 02:05:00,2024,5,13,2,134,949.29
Shivajinagar AWS,18.5308,73.8474,13-05-2024 02:10,2024-05-13 02:10:00,2024,5,13,2,134,949.2
Shivajinagar AWS,18.5308,73.8474,13-05-2024 02:15,2024-05-13 02:15:00,2024,5,13,2,134,949.21
Shivajinagar AWS,18.5308,73.8474,13-05-2024 02:20,2024-05-13 02:20:00,2024,5,13,2,134,949.35
Shivajinagar AWS,18.5308,73.8474,13-05-2024 02:25,2024-05-13 02:25:00,2024,5,13,2,134,949.45
Shivajinagar AWS,18.5308,73.8474,13-05-2024 02:30,2024-05-13 02:30:00,2024,5,13,2,134,949.49
Shivajinagar AWS,18.5308,73.8474,13-05-2024 02:35,2024-05-13 02:35:00,2024,5,13,2,134,949.51
Shivajinagar AWS,18.5308,73.8474,13-05-2024 02:40,2024-05-13 02:40:00,2024,5,13,2,134,949.53
Shivajinagar AWS,18.5308,73.8474,13-05-2024 02:45,2024-05-13 02:45:00,2024,5,13,2,134,949.59
Shivajinagar AWS,18.5308,73.8474,13-05-2024 02:50,2024-05-13 02:50:00,2024,5,13,2,134,949.56
Shivajinagar AWS,18.5308,73.8474,13-05-2024 02:55,2024-05-13 02:55:00,2024,5,13,2,134,949.6
Shivajinagar AWS,18.5308,73.8474,13-05-2024 03:00,2024-05-13 03:00:00,2024,5,13,3,134,949.64
Shivajinagar AWS,18.5308,73.8474,13-05-2024 03:05,2024-05-13 03:05:00,2024,5,13,3,134,949.6
Shivajinagar AWS,18.5308,73.8474,13-05-2024 03:10,2024-05-13 03:10:00,2024,5,13,3,134,949.6
Shivajinagar AWS,18.5308,73.8474,13-05-2024 03:15,2024-05-13 03:15:00,2024,5,13,3,134,949.71
Shivajinagar AWS,18.5308,73.8474,13-05-2024 03:20,2024-05-13 03:20:00,2024,5,13,3,134,949.78
Shivajinagar AWS,18.5308,73.8474,13-05-2024 03:25,2024-05-13 03:25:00,2024,5,13,3,134,949.83
Shivajinagar AWS,18.5308,73.8474,13-05-2024 03:30,2024-05-13 03:30:00,2024,5,13,3,134,949.84
Shivajinagar AWS,18.5308,73.8474,13-05-2024 03:35,2024-05-13 03:35:00,2024,5,13,3,134,950.04
Shivajinagar AWS,18.5308,73.8474,13-05-2024 03:40,2024-05-13 03:40:00,2024,5,13,3,134,950.05
Shivajinagar AWS,18.5308,73.8474,13-05-2024 03:45,2024-05-13 03:45:00,2024,5,13,3,134,950.15
Shivajinagar AWS,18.5308,73.8474,13-05-2024 03:50,2024-05-13 03:50:00,2024,5,13,3,134,950.18
Shivajinagar AWS,18.5308,73.8474,13-05-2024 03:55,2024-05-13 03:55:00,2024,5,13,3,134,950.27
Shivajinagar AWS,18.5308,73.8474,13-05-2024 04:00,2024-05-13 04:00:00,2024,5,13,4,134,950.38
Shivajinagar AWS,18.5308,73.8474,13-05-2024 04:05,2024-05-13 04:05:00,2024,5,13,4,134,950.35
Shivajinagar AWS,18.5308,73.8474,13-05-2024 04:10,2024-05-13 04:10:00,2024,5,13,4,134,950.42
Shivajinagar AWS,18.5308,73.8474,13-05-2024 04:15,2024-05-13 04:15:00,2024,5,13,4,134,950.6
Shivajinagar AWS,18.5308,73.8474,13-05-2024 04:20,2024-05-13 04:20:00,2024,5,13,4,134,950.82
Shivajinagar AWS,18.5308,73.8474,13-05-2024 04:25,2024-05-13 04:25:00,2024,5,13,4,134,950.87
Shivajinagar AWS,18.5308,73.8474,13-05-2024 04:30,2024-05-13 04:30:00,2024,5,13,4,134,950.94
Shivajinagar AWS,18.5308,73.8474,13-05-2024 04:35,2024-05-13 04:35:00,2024,5,13,4,134,951.19
Shivajinagar AWS,18.5308,73.8474,13-05-2024 04:40,2024-05-13 04:40:00,2024,5,13,4,134,951.34
Shivajinagar AWS,18.5308,73.8474,13-05-2024 04:45,2024-05-13 04:45:00,2024,5,13,4,134,951.34
Shivajinagar AWS,18.5308,73.8474,13-05-2024 04:50,2024-05-13 04:50:00,2024,5,13,4,134,951.35
Shivajinagar AWS,18.5308,73.8474,13-05-2024 04:55,2024-05-13 04:55:00,2024,5,13,4,134,951.48
Shivajinagar AWS,18.5308,73.8474,13-05-2024 05:00,2024-05-13 05:00:00,2024,5,13,5,134,951.46
Shivajinagar AWS,18.5308,73.8474,13-05-2024 05:05,2024-05-13 05:05:00,2024,5,13,5,134,951.6
Shivajinagar AWS,18.5308,73.8474,13-05-2024 05:10,2024-05-13 05:10:00,2024,5,13,5,134,951.68
Shivajinagar AWS,18.5308,73.8474,13-05-2024 05:15,2024-05-13 05:15:00,2024,5,13,5,134,951.77
Shivajinagar AWS,18.5308,73.8474,13-05-2024 05:20,2024-05-13 05:20:00,2024,5,13,5,134,951.79
Shivajinagar AWS,18.5308,73.8474,13-05-2024 05:25,2024-05-13 05:25:00,2024,5,13,5,134,951.79
Shivajinagar AWS,18.5308,73.8474,13-05-2024 05:30,2024-05-13 05:30:00,2024,5,13,5,134,951.95
Shivajinagar AWS,18.5308,73.8474,13-05-2024 05:35,2024-05-13 05:35:00,2024,5,13,5,134,951.97
Shivajinagar AWS,18.5308,73.8474,13-05-2024 05:40,2024-05-13 05:40:00,2024,5,13,5,134,951.97
Shivajinagar AWS,18.5308,73.8474,13-05-2024 05:45,2024-05-13 05:45:00,2024,5,13,5,134,952.0
Shivajinagar AWS,18.5308,73.8474,13-05-2024 05:50,2024-05-13 05:50:00,2024,5,13,5,134,952.05
Shivajinagar AWS,18.5308,73.8474,13-05-2024 05:55,2024-05-13 05:55:00,2024,5,13,5,134,952.01
Shivajinagar AWS,18.5308,73.8474,13-05-2024 06:00,2024-05-13 06:00:00,2024,5,13,6,134,951.99
Shivajinagar AWS,18.5308,73.8474,13-05-2024 06:05,2024-05-13 06:05:00,2024,5,13,6,134,951.98
Shivajinagar AWS,18.5308,73.8474,13-05-2024 06:10,2024-05-13 06:10:00,2024,5,13,6,134,952.08
Shivajinagar AWS,18.5308,73.8474,13-05-2024 06:15,2024-05-13 06:15:00,2024,5,13,6,134,952.04
Shivajinagar AWS,18.5308,73.8474,13-05-2024 06:20,2024-05-13 06:20:00,2024,5,13,6,134,951.93
Shivajinagar AWS,18.5308,73.8474,13-05-2024 06:25,2024-05-13 06:25:00,2024,5,13,6,134,951.8
Shivajinagar AWS,18.5308,73.8474,13-05-2024 06:30,2024-05-13 06:30:00,2024,5,13,6,134,951.72
Shivajinagar AWS,18.5308,73.8474,13-05-2024 06:35,2024-05-13 06:35:00,2024,5,13,6,134,951.86
Shivajinagar AWS,18.5308,73.8474,13-05-2024 06:40,2024-05-13 06:40:00,2024,5,13,6,134,951.89
Shivajinagar AWS,18.5308,73.8474,13-05-2024 06:45,2024-05-13 06:45:00,2024,5,13,6,134,951.96
Shivajinagar AWS,18.5308,73.8474,13-05-2024 06:50,2024-05-13 06:50:00,2024,5,13,6,134,952.02
Shivajinagar AWS,18.5308,73.8474,13-05-2024 06:55,2024-05-13 06:55:00,2024,5,13,6,134,952.04
Shivajinagar AWS,18.5308,73.8474,13-05-2024 07:00,2024-05-13 07:00:00,2024,5,13,7,134,952.05
Shivajinagar AWS,18.5308,73.8474,13-05-2024 07:05,2024-05-13 07:05:00,2024,5,13,7,134,952.14
Shivajinagar AWS,18.5308,73.8474,13-05-2024 07:10,2024-05-13 07:10:00,2024,5,13,7,134,952.16
Shivajinagar AWS,18.5308,73.8474,13-05-2024 07:15,2024-05-13 07:15:00,2024,5,13,7,134,952.27
Shivajinagar AWS,18.5308,73.8474,13-05-2024 07:20,2024-05-13 07:20:00,2024,5,13,7,134,952.31
Shivajinagar AWS,18.5308,73.8474,13-05-2024 07:25,2024-05-13 07:25:00,2024,5,13,7,134,952.25
Shivajinagar AWS,18.5308,73.8474,13-05-2024 07:30,2024-05-13 07:30:00,2024,5,13,7,134,952.2
Shivajinagar AWS,18.5308,73.8474,13-05-2024 07:35,2024-05-13 07:35:00,2024,5,13,7,134,952.13
Shivajinagar AWS,18.5308,73.8474,13-05-2024 07:40,2024-05-13 07:40:00,2024,5,13,7,134,952.21
Shivajinagar AWS,18.5308,73.8474,13-05-2024 07:45,2024-05-13 07:45:00,2024,5,13,7,134,952.16
Shivajinagar AWS,18.5308,73.8474,13-05-2024 07:50,2024-05-13 07:50:00,2024,5,13,7,134,952.07
Shivajinagar AWS,18.5308,73.8474,13-05-2024 07:55,2024-05-13 07:55:00,2024,5,13,7,134,952.07
Shivajinagar AWS,18.5308,73.8474,13-05-2024 08:00,2024-05-13 08:00:00,2024,5,13,8,134,952.04
Shivajinagar AWS,18.5308,73.8474,13-05-2024 08:05,2024-05-13 08:05:00,2024,5,13,8,134,952.04
Shivajinagar AWS,18.5308,73.8474,13-05-2024 08:10,2024-05-13 08:10:00,2024,5,13,8,134,952.16
Shivajinagar AWS,18.5308,73.8474,13-05-2024 08:15,2024-05-13 08:15:00,2024,5,13,8,134,952.19
Shivajinagar AWS,18.5308,73.8474,13-05-2024 08:20,2024-05-13 08:20:00,2024,5,13,8,134,952.15
Shivajinagar AWS,18.5308,73.8474,13-05-2024 08:25,2024-05-13 08:25:00,2024,5,13,8,134,951.99
Shivajinagar AWS,18.5308,73.8474,13-05-2024 08:30,2024-05-13 08:30:00,2024,5,13,8,134,951.91
Shivajinagar AWS,18.5308,73.8474,13-05-2024 08:35,2024-05-13 08:35:00,2024,5,13,8,134,951.92
Shivajinagar AWS,18.5308,73.8474,13-05-2024 08:40,2024-05-13 08:40:00,2024,5,13,8,134,951.78
Shivajinagar AWS,18.5308,73.8474,13-05-2024 08:45,2024-05-13 08:45:00,2024,5,13,8,134,951.91
Shivajinagar AWS,18.5308,73.8474,13-05-2024 08:50,2024-05-13 08:50:00,2024,5,13,8,134,951.85
Shivajinagar AWS,18.5308,73.8474,13-05-2024 08:55,2024-05-13 08:55:00,2024,5,13,8,134,951.8
Shivajinagar AWS,18.5308,73.8474,13-05-2024 09:00,2024-05-13 09:00:00,2024,5,13,9,134,951.69
Shivajinagar AWS,18.5308,73.8474,13-05-2024 09:05,2024-05-13 09:05:00,2024,5,13,9,134,951.68
Shivajinagar AWS,18.5308,73.8474,13-05-2024 09:10,2024-05-13 09:10:00,2024,5,13,9,134,951.53
Shivajinagar AWS,18.5308,73.8474,13-05-2024 09:15,2024-05-13 09:15:00,2024,5,13,9,134,951.64
Shivajinagar AWS,18.5308,73.8474,13-05-2024 09:20,2024-05-13 09:20:00,2024,5,13,9,134,951.69
Shivajinagar AWS,18.5308,73.8474,13-05-2024 09:25,2024-05-13 09:25:00,2024,5,13,9,134,951.7
Shivajinagar AWS,18.5308,73.8474,13-05-2024 09:30,2024-05-13 09:30:00,2024,5,13,9,134,951.51
Shivajinagar AWS,18.5308,73.8474,13-05-2024 09:35,2024-05-13 09:35:00,2024,5,13,9,134,951.46
Shivajinagar AWS,18.5308,73.8474,13-05-2024 09:40,2024-05-13 09:40:00,2024,5,13,9,134,951.49
Shivajinagar AWS,18.5308,73.8474,13-05-2024 09:45,2024-05-13 09:45:00,2024,5,13,9,134,951.47
Shivajinagar AWS,18.5308,73.8474,13-05-2024 09:50,2024-05-13 09:50:00,2024,5,13,9,134,951.31
Shivajinagar AWS,18.5308,73.8474,13-05-2024 09:55,2024-05-13 09:55:00,2024,5,13,9,134,951.19
Shivajinagar AWS,18.5308,73.8474,13-05-2024 10:00,2024-05-13 10:00:00,2024,5,13,10,134,951.09
Shivajinagar AWS,18.5308,73.8474,13-05-2024 10:05,2024-05-13 10:05:00,2024,5,13,10,134,950.97
Shivajinagar AWS,18.5308,73.8474,13-05-2024 10:10,2024-05-13 10:10:00,2024,5,13,10,134,951.03
Shivajinagar AWS,18.5308,73.8474,13-05-2024 10:15,2024-05-13 10:15:00,2024,5,13,10,134,950.81
Shivajinagar AWS,18.5308,73.8474,13-05-2024 10:20,2024-05-13 10:20:00,2024,5,13,10,134,950.8
Shivajinagar AWS,18.5308,73.8474,13-05-2024 10:25,2024-05-13 10:25:00,2024,5,13,10,134,950.64
Shivajinagar AWS,18.5308,73.8474,13-05-2024 10:30,2024-05-13 10:30:00,2024,5,13,10,134,950.5
Shivajinagar AWS,18.5308,73.8474,13-05-2024 10:35,2024-05-13 10:35:00,2024,5,13,10,134,950.29
Shivajinagar AWS,18.5308,73.8474,13-05-2024 10:40,2024-05-13 10:40:00,2024,5,13,10,134,950.2
Shivajinagar AWS,18.5308,73.8474,13-05-2024 10:45,2024-05-13 10:45:00,2024,5,13,10,134,950.28
Shivajinagar AWS,18.5308,73.8474,13-05-2024 10:50,2024-05-13 10:50:00,2024,5,13,10,134,950.25
Shivajinagar AWS,18.5308,73.8474,13-05-2024 10:55,2024-05-13 10:55:00,2024,5,13,10,134,950.11
Shivajinagar AWS,18.5308,73.8474,13-05-2024 11:00,2024-05-13 11:00:00,2024,5,13,11,134,950.14
Shivajinagar AWS,18.5308,73.8474,13-05-2024 11:05,2024-05-13 11:05:00,2024,5,13,11,134,950.2
Shivajinagar AWS,18.5308,73.8474,13-05-2024 11:10,2024-05-13 11:10:00,2024,5,13,11,134,950.16
Shivajinagar AWS,18.5308,73.8474,13-05-2024 11:15,2024-05-13 11:15:00,2024,5,13,11,134,950.28
Shivajinagar AWS,18.5308,73.8474,13-05-2024 11:20,2024-05-13 11:20:00,2024,5,13,11,134,950.29
Shivajinagar AWS,18.5308,73.8474,13-05-2024 11:25,2024-05-13 11:25:00,2024,5,13,11,134,950.3
Shivajinagar AWS,18.5308,73.8474,13-05-2024 11:30,2024-05-13 11:30:00,2024,5,13,11,134,950.18
Shivajinagar AWS,18.5308,73.8474,13-05-2024 11:35,2024-05-13 11:35:00,2024,5,13,11,134,950.18
Shivajinagar AWS,18.5308,73.8474,13-05-2024 11:40,2024-05-13 11:40:00,2024,5,13,11,134,950.16
Shivajinagar AWS,18.5308,73.8474,13-05-2024 11:45,2024-05-13 11:45:00,2024,5,13,11,134,950.15
Shivajinagar AWS,18.5308,73.8474,13-05-2024 11:50,2024-05-13 11:50:00,2024,5,13,11,134,950.06
Shivajinagar AWS,18.5308,73.8474,13-05-2024 11:55,2024-05-13 11:55:00,2024,5,13,11,134,950.03
Shivajinagar AWS,18.5308,73.8474,13-05-2024 12:00,2024-05-13 12:00:00,2024,5,13,12,134,949.93
Shivajinagar AWS,18.5308,73.8474,13-05-2024 12:05,2024-05-13 12:05:00,2024,5,13,12,134,949.73
Shivajinagar AWS,18.5308,73.8474,13-05-2024 12:10,2024-05-13 12:10:00,2024,5,13,12,134,949.79
Shivajinagar AWS,18.5308,73.8474,13-05-2024 12:15,2024-05-13 12:15:00,2024,5,13,12,134,949.65
Shivajinagar AWS,18.5308,73.8474,13-05-2024 12:20,2024-05-13 12:20:00,2024,5,13,12,134,949.64
Shivajinagar AWS,18.5308,73.8474,13-05-2024 12:25,2024-05-13 12:25:00,2024,5,13,12,134,949.66
Shivajinagar AWS,18.5308,73.8474,13-05-2024 12:30,2024-05-13 12:30:00,2024,5,13,12,134,949.68
Shivajinagar AWS,18.5308,73.8474,13-05-2024 12:35,2024-05-13 12:35:00,2024,5,13,12,134,949.65
Shivajinagar AWS,18.5308,73.8474,13-05-2024 12:40,2024-05-13 12:40:00,2024,5,13,12,134,949.67
Shivajinagar AWS,18.5308,73.8474,13-05-2024 12:45,2024-05-13 12:45:00,2024,5,13,12,134,949.7
Shivajinagar AWS,18.5308,73.8474,13-05-2024 12:50,2024-05-13 12:50:00,2024,5,13,12,134,949.76
Shivajinagar AWS,18.5308,73.8474,13-05-2024 12:55,2024-05-13 12:55:00,2024,5,13,12,134,949.9
Shivajinagar AWS,18.5308,73.8474,13-05-2024 13:00,2024-05-13 13:00:00,2024,5,13,13,134,949.92
Shivajinagar AWS,18.5308,73.8474,13-05-2024 13:05,2024-05-13 13:05:00,2024,5,13,13,134,949.92
Shivajinagar AWS,18.5308,73.8474,13-05-2024 13:10,2024-05-13 13:10:00,2024,5,13,13,134,949.85
Shivajinagar AWS,18.5308,73.8474,13-05-2024 13:15,2024-05-13 13:15:00,2024,5,13,13,134,949.9
Shivajinagar AWS,18.5308,73.8474,13-05-2024 13:20,2024-05-13 13:20:00,2024,5,13,13,134,949.96
Shivajinagar AWS,18.5308,73.8474,13-05-2024 13:25,2024-05-13 13:25:00,2024,5,13,13,134,949.96
Shivajinagar AWS,18.5308,73.8474,13-05-2024 13:30,2024-05-13 13:30:00,2024,5,13,13,134,950.02
Shivajinagar AWS,18.5308,73.8474,13-05-2024 13:35,2024-05-13 13:35:00,2024,5,13,13,134,950.01
Shivajinagar AWS,18.5308,73.8474,13-05-2024 13:40,2024-05-13 13:40:00,2024,5,13,13,134,950.09
Shivajinagar AWS,18.5308,73.8474,13-05-2024 13:45,2024-05-13 13:45:00,2024,5,13,13,134,950.18
Shivajinagar AWS,18.5308,73.8474,13-05-2024 13:50,2024-05-13 13:50:00,2024,5,13,13,134,950.28
Shivajinagar AWS,18.5308,73.8474,13-05-2024 13:55,2024-05-13 13:55:00,2024,5,13,13,134,950.31
Shivajinagar AWS,18.5308,73.8474,13-05-2024 14:00,2024-05-13 14:00:00,2024,5,13,14,134,950.25
Shivajinagar AWS,18.5308,73.8474,13-05-2024 14:05,2024-05-13 14:05:00,2024,5,13,14,134,950.23
Shivajinagar AWS,18.5308,73.8474,13-05-2024 14:10,2024-05-13 14:10:00,2024,5,13,14,134,950.32
Shivajinagar AWS,18.5308,73.8474,13-05-2024 14:15,2024-05-13 14:15:00,2024,5,13,14,134,950.55
Shivajinagar AWS,18.5308,73.8474,13-05-2024 14:20,2024-05-13 14:20:00,2024,5,13,14,134,950.56
Shivajinagar AWS,18.5308,73.8474,13-05-2024 14:25,2024-05-13 14:25:00,2024,5,13,14,134,950.63
Shivajinagar AWS,18.5308,73.8474,13-05-2024 14:30,2024-05-13 14:30:00,2024,5,13,14,134,950.62
Shivajinagar AWS,18.5308,73.8474,13-05-2024 14:35,2024-05-13 14:35:00,2024,5,13,14,134,950.59
Shivajinagar AWS,18.5308,73.8474,13-05-2024 14:40,2024-05-13 14:40:00,2024,5,13,14,134,950.58
Shivajinagar AWS,18.5308,73.8474,13-05-2024 14:45,2024-05-13 14:45:00,2024,5,13,14,134,950.47
Shivajinagar AWS,18.5308,73.8474,13-05-2024 14:50,2024-05-13 14:50:00,2024,5,13,14,134,950.64
Shivajinagar AWS,18.5308,73.8474,13-05-2024 14:55,2024-05-13 14:55:00,2024,5,13,14,134,950.52
Shivajinagar AWS,18.5308,73.8474,13-05-2024 15:00,2024-05-13 15:00:00,2024,5,13,15,134,950.56
Shivajinagar AWS,18.5308,73.8474,13-05-2024 15:05,2024-05-13 15:05:00,2024,5,13,15,134,950.54
Shivajinagar AWS,18.5308,73.8474,13-05-2024 15:10,2024-05-13 15:10:00,2024,5,13,15,134,950.54
Shivajinagar AWS,18.5308,73.8474,13-05-2024 15:15,2024-05-13 15:15:00,2024,5,13,15,134,950.73
Shivajinagar AWS,18.5308,73.8474,13-05-2024 15:20,2024-05-13 15:20:00,2024,5,13,15,134,950.82
Shivajinagar AWS,18.5308,73.8474,13-05-2024 15:25,2024-05-13 15:25:00,2024,5,13,15,134,950.82
Shivajinagar AWS,18.5308,73.8474,13-05-2024 15:30,2024-05-13 15:30:00,2024,5,13,15,134,950.85
Shivajinagar AWS,18.5308,73.8474,13-05-2024 15:35,2024-05-13 15:35:00,2024,5,13,15,134,950.87
Shivajinagar AWS,18.5308,73.8474,13-05-2024 15:40,2024-05-13 15:40:00,2024,5,13,15,134,950.95
Shivajinagar AWS,18.5308,73.8474,13-05-2024 15:45,2024-05-13 15:45:00,2024,5,13,15,134,951.05
Shivajinagar AWS,18.5308,73.8474,13-05-2024 15:50,2024-05-13 15:50:00,2024,5,13,15,134,951.28
Shivajinagar AWS,18.5308,73.8474,13-05-2024 15:55,2024-05-13 15:55:00,2024,5,13,15,134,951.21
Shivajinagar AWS,18.5308,73.8474,13-05-2024 16:00,2024-05-13 16:00:00,2024,5,13,16,134,951.29
Shivajinagar AWS,18.5308,73.8474,13-05-2024 16:05,2024-05-13 16:05:00,2024,5,13,16,134,951.35
Shivajinagar AWS,18.5308,73.8474,13-05-2024 16:10,2024-05-13 16:10:00,2024,5,13,16,134,951.51
Shivajinagar AWS,18.5308,73.8474,13-05-2024 16:15,2024-05-13 16:15:00,2024,5,13,16,134,951.61
Shivajinagar AWS,18.5308,73.8474,13-05-2024 16:20,2024-05-13 16:20:00,2024,5,13,16,134,951.74
Shivajinagar AWS,18.5308,73.8474,13-05-2024 16:25,2024-05-13 16:25:00,2024,5,13,16,134,951.84
Shivajinagar AWS,18.5308,73.8474,13-05-2024 16:30,2024-05-13 16:30:00,2024,5,13,16,134,951.84
Shivajinagar AWS,18.5308,73.8474,13-05-2024 16:35,2024-05-13 16:35:00,2024,5,13,16,134,952.02
Shivajinagar AWS,18.5308,73.8474,13-05-2024 16:40,2024-05-13 16:40:00,2024,5,13,16,134,952.15
Shivajinagar AWS,18.5308,73.8474,13-05-2024 16:45,2024-05-13 16:45:00,2024,5,13,16,134,952.29
Shivajinagar AWS,18.5308,73.8474,13-05-2024 16:50,2024-05-13 16:50:00,2024,5,13,16,134,952.46
Shivajinagar AWS,18.5308,73.8474,13-05-2024 16:55,2024-05-13 16:55:00,2024,5,13,16,134,952.55
Shivajinagar AWS,18.5308,73.8474,13-05-2024 17:00,2024-05-13 17:00:00,2024,5,13,17,134,952.73
Shivajinagar AWS,18.5308,73.8474,13-05-2024 17:05,2024-05-13 17:05:00,2024,5,13,17,134,952.81
Shivajinagar AWS,18.5308,73.8474,13-05-2024 17:10,2024-05-13 17:10:00,2024,5,13,17,134,952.84
Shivajinagar AWS,18.5308,73.8474,13-05-2024 17:15,2024-05-13 17:15:00,2024,5,13,17,134,952.89
Shivajinagar AWS,18.5308,73.8474,13-05-2024 17:20,2024-05-13 17:20:00,2024,5,13,17,134,952.93
Shivajinagar AWS,18.5308,73.8474,13-05-2024 17:25,2024-05-13 17:25:00,2024,5,13,17,134,952.94
Shivajinagar AWS,18.5308,73.8474,13-05-2024 17:30,2024-05-13 17:30:00,2024,5,13,17,134,953.12
Shivajinagar AWS,18.5308,73.8474,13-05-2024 17:35,2024-05-13 17:35:00,2024,5,13,17,134,953.18
Shivajinagar AWS,18.5308,73.8474,13-05-2024 17:40,2024-05-13 17:40:00,2024,5,13,17,134,953.23
Shivajinagar AWS,18.5308,73.8474,13-05-2024 17:45,2024-05-13 17:45:00,2024,5,13,17,134,953.29
Shivajinagar AWS,18.5308,73.8474,13-05-2024 17:50,2024-05-13 17:50:00,2024,5,13,17,134,953.56
Shivajinagar AWS,18.5308,73.8474,13-05-2024 17:55,2024-05-13 17:55:00,2024,5,13,17,134,953.49
Shivajinagar AWS,18.5308,73.8474,13-05-2024 18:00,2024-05-13 18:00:00,2024,5,13,18,134,953.45
Shivajinagar AWS,18.5308,73.8474,13-05-2024 18:05,2024-05-13 18:05:00,2024,5,13,18,134,953.37
Shivajinagar AWS,18.5308,73.8474,13-05-2024 18:10,2024-05-13 18:10:00,2024,5,13,18,134,953.37
Shivajinagar AWS,18.5308,73.8474,13-05-2024 18:15,2024-05-13 18:15:00,2024,5,13,18,134,953.42
Shivajinagar AWS,18.5308,73.8474,13-05-2024 18:20,2024-05-13 18:20:00,2024,5,13,18,134,953.41
Shivajinagar AWS,18.5308,73.8474,13-05-2024 18:25,2024-05-13 18:25:00,2024,5,13,18,134,953.38
Shivajinagar AWS,18.5308,73.8474,13-05-2024 18:30,2024-05-13 18:30:00,2024,5,13,18,134,953.42
Shivajinagar AWS,18.5308,73.8474,13-05-2024 18:35,2024-05-13 18:35:00,2024,5,13,18,134,953.4
Shivajinagar AWS,18.5308,73.8474,13-05-2024 19:15,2024-05-13 19:15:00,2024,5,13,19,134,953.68
Shivajinagar AWS,18.5308,73.8474,13-05-2024 19:20,2024-05-13 19:20:00,2024,5,13,19,134,953.64
Shivajinagar AWS,18.5308,73.8474,13-05-2024 19:25,2024-05-13 19:25:00,2024,5,13,19,134,953.58
Shivajinagar AWS,18.5308,73.8474,13-05-2024 19:30,2024-05-13 19:30:00,2024,5,13,19,134,953.63
Shivajinagar AWS,18.5308,73.8474,13-05-2024 19:35,2024-05-13 19:35:00,2024,5,13,19,134,953.64
Shivajinagar AWS,18.5308,73.8474,13-05-2024 19:40,2024-05-13 19:40:00,2024,5,13,19,134,953.67
Shivajinagar AWS,18.5308,73.8474,13-05-2024 19:45,2024-05-13 19:45:00,2024,5,13,19,134,953.55
Shivajinagar AWS,18.5308,73.8474,13-05-2024 19:50,2024-05-13 19:50:00,2024,5,13,19,134,953.64
Shivajinagar AWS,18.5308,73.8474,13-05-2024 19:55,2024-05-13 19:55:00,2024,5,13,19,134,953.58
Shivajinagar AWS,18.5308,73.8474,13-05-2024 20:00,2024-05-13 20:00:00,2024,5,13,20,134,953.46
Shivajinagar AWS,18.5308,73.8474,13-05-2024 20:05,2024-05-13 20:05:00,2024,5,13,20,134,953.39
Shivajinagar AWS,18.5308,73.8474,13-05-2024 20:10,2024-05-13 20:10:00,2024,5,13,20,134,953.56
Shivajinagar AWS,18.5308,73.8474,13-05-2024 20:15,2024-05-13 20:15:00,2024,5,13,20,134,953.49
Shivajinagar AWS,18.5308,73.8474,13-05-2024 20:20,2024-05-13 20:20:00,2024,5,13,20,134,953.42
Shivajinagar AWS,18.5308,73.8474,13-05-2024 20:25,2024-05-13 20:25:00,2024,5,13,20,134,953.36
Shivajinagar AWS,18.5308,73.8474,13-05-2024 20:30,2024-05-13 20:30:00,2024,5,13,20,134,953.31
Shivajinagar AWS,18.5308,73.8474,13-05-2024 20:35,2024-05-13 20:35:00,2024,5,13,20,134,953.2
Shivajinagar AWS,18.5308,73.8474,13-05-2024 20:40,2024-05-13 20:40:00,2024,5,13,20,134,953.17
Shivajinagar AWS,18.5308,73.8474,13-05-2024 20:45,2024-05-13 20:45:00,2024,5,13,20,134,953.21
Shivajinagar AWS,18.5308,73.8474,13-05-2024 20:50,2024-05-13 20:50:00,2024,5,13,20,134,953.18
Shivajinagar AWS,18.5308,73.8474,13-05-2024 20:55,2024-05-13 20:55:00,2024,5,13,20,134,953.04
Shivajinagar AWS,18.5308,73.8474,13-05-2024 21:00,2024-05-13 21:00:00,2024,5,13,21,134,952.96
Shivajinagar AWS,18.5308,73.8474,13-05-2024 21:05,2024-05-13 21:05:00,2024,5,13,21,134,952.87
Shivajinagar AWS,18.5308,73.8474,13-05-2024 21:10,2024-05-13 21:10:00,2024,5,13,21,134,952.82
Shivajinagar AWS,18.5308,73.8474,13-05-2024 21:15,2024-05-13 21:15:00,2024,5,13,21,134,952.88
Shivajinagar AWS,18.5308,73.8474,13-05-2024 21:20,2024-05-13 21:20:00,2024,5,13,21,134,952.81
Shivajinagar AWS,18.5308,73.8474,13-05-2024 21:25,2024-05-13 21:25:00,2024,5,13,21,134,952.74
Shivajinagar AWS,18.5308,73.8474,13-05-2024 21:30,2024-05-13 21:30:00,2024,5,13,21,134,952.83
Shivajinagar AWS,18.5308,73.8474,13-05-2024 21:35,2024-05-13 21:35:00,2024,5,13,21,134,952.84
Shivajinagar AWS,18.5308,73.8474,13-05-2024 21:40,2024-05-13 21:40:00,2024,5,13,21,134,952.81
Shivajinagar AWS,18.5308,73.8474,13-05-2024 21:45,2024-05-13 21:45:00,2024,5,13,21,134,952.9
Shivajinagar AWS,18.5308,73.8474,13-05-2024 21:50,2024-05-13 21:50:00,2024,5,13,21,134,952.87
Shivajinagar AWS,18.5308,73.8474,13-05-2024 21:55,2024-05-13 21:55:00,2024,5,13,21,134,952.63
Shivajinagar AWS,18.5308,73.8474,13-05-2024 22:00,2024-05-13 22:00:00,2024,5,13,22,134,952.63
Shivajinagar AWS,18.5308,73.8474,13-05-2024 22:05,2024-05-13 22:05:00,2024,5,13,22,134,952.43
Shivajinagar AWS,18.5308,73.8474,13-05-2024 22:10,2024-05-13 22:10:00,2024,5,13,22,134,952.41
Shivajinagar AWS,18.5308,73.8474,13-05-2024 22:15,2024-05-13 22:15:00,2024,5,13,22,134,952.2
Shivajinagar AWS,18.5308,73.8474,13-05-2024 22:20,2024-05-13 22:20:00,2024,5,13,22,134,952.11
Shivajinagar AWS,18.5308,73.8474,13-05-2024 22:25,2024-05-13 22:25:00,2024,5,13,22,134,952.02
Shivajinagar AWS,18.5308,73.8474,13-05-2024 22:30,2024-05-13 22:30:00,2024,5,13,22,134,951.91
Shivajinagar AWS,18.5308,73.8474,13-05-2024 22:35,2024-05-13 22:35:00,2024,5,13,22,134,951.83
Shivajinagar AWS,18.5308,73.8474,13-05-2024 22:40,2024-05-13 22:40:00,2024,5,13,22,134,951.86
Shivajinagar AWS,18.5308,73.8474,13-05-2024 22:45,2024-05-13 22:45:00,2024,5,13,22,134,951.75
Shivajinagar AWS,18.5308,73.8474,13-05-2024 22:50,2024-05-13 22:50:00,2024,5,13,22,134,951.74
Shivajinagar AWS,18.5308,73.8474,13-05-2024 22:55,2024-05-13 22:55:00,2024,5,13,22,134,951.62
Shivajinagar AWS,18.5308,73.8474,13-05-2024 23:00,2024-05-13 23:00:00,2024,5,13,23,134,951.56
Shivajinagar AWS,18.5308,73.8474,13-05-2024 23:05,2024-05-13 23:05:00,2024,5,13,23,134,951.54
Shivajinagar AWS,18.5308,73.8474,13-05-2024 23:10,2024-05-13 23:10:00,2024,5,13,23,134,951.42
Shivajinagar AWS,18.5308,73.8474,13-05-2024 23:15,2024-05-13 23:15:00,2024,5,13,23,134,951.28
Shivajinagar AWS,18.5308,73.8474,13-05-2024 23:20,2024-05-13 23:20:00,2024,5,13,23,134,951.29
Shivajinagar AWS,18.5308,73.8474,13-05-2024 23:25,2024-05-13 23:25:00,2024,5,13,23,134,951.34
Shivajinagar AWS,18.5308,73.8474,13-05-2024 23:30,2024-05-13 23:30:00,2024,5,13,23,134,951.3
Shivajinagar AWS,18.5308,73.8474,13-05-2024 23:35,2024-05-13 23:35:00,2024,5,13,23,134,951.24
Shivajinagar AWS,18.5308,73.8474,13-05-2024 23:40,2024-05-13 23:40:00,2024,5,13,23,134,951.22
Shivajinagar AWS,18.5308,73.8474,13-05-2024 23:45,2024-05-13 23:45:00,2024,5,13,23,134,951.2
Shivajinagar AWS,18.5308,73.8474,13-05-2024 23:50,2024-05-13 23:50:00,2024,5,13,23,134,951.19
Shivajinagar AWS,18.5308,73.8474,13-05-2024 23:55,2024-05-13 23:55:00,2024,5,13,23,134,950.97
Shivajinagar AWS,18.5308,73.8474,14-05-2024 00:00,2024-05-14 00:00:00,2024,5,14,0,135,950.87
Shivajinagar AWS,18.5308,73.8474,14-05-2024 00:05,2024-05-14 00:05:00,2024,5,14,0,135,950.79
Shivajinagar AWS,18.5308,73.8474,14-05-2024 00:10,2024-05-14 00:10:00,2024,5,14,0,135,950.8
Shivajinagar AWS,18.5308,73.8474,14-05-2024 00:15,2024-05-14 00:15:00,2024,5,14,0,135,950.82
Shivajinagar AWS,18.5308,73.8474,14-05-2024 00:20,2024-05-14 00:20:00,2024,5,14,0,135,950.87
Shivajinagar AWS,18.5308,73.8474,14-05-2024 00:25,2024-05-14 00:25:00,2024,5,14,0,135,950.89
Shivajinagar AWS,18.5308,73.8474,14-05-2024 00:30,2024-05-14 00:30:00,2024,5,14,0,135,950.79
Shivajinagar AWS,18.5308,73.8474,14-05-2024 00:35,2024-05-14 00:35:00,2024,5,14,0,135,950.91
Shivajinagar AWS,18.5308,73.8474,14-05-2024 00:40,2024-05-14 00:40:00,2024,5,14,0,135,951.02
Shivajinagar AWS,18.5308,73.8474,14-05-2024 00:45,2024-05-14 00:45:00,2024,5,14,0,135,950.92
Shivajinagar AWS,18.5308,73.8474,14-05-2024 00:50,2024-05-14 00:50:00,2024,5,14,0,135,950.96
Shivajinagar AWS,18.5308,73.8474,14-05-2024 00:55,2024-05-14 00:55:00,2024,5,14,0,135,950.93
Shivajinagar AWS,18.5308,73.8474,14-05-2024 01:00,2024-05-14 01:00:00,2024,5,14,1,135,950.95
Shivajinagar AWS,18.5308,73.8474,14-05-2024 01:05,2024-05-14 01:05:00,2024,5,14,1,135,951.06
Shivajinagar AWS,18.5308,73.8474,14-05-2024 01:10,2024-05-14 01:10:00,2024,5,14,1,135,951.25
Shivajinagar AWS,18.5308,73.8474,14-05-2024 01:15,2024-05-14 01:15:00,2024,5,14,1,135,951.32
Shivajinagar AWS,18.5308,73.8474,14-05-2024 01:20,2024-05-14 01:20:00,2024,5,14,1,135,951.36
Shivajinagar AWS,18.5308,73.8474,14-05-2024 01:25,2024-05-14 01:25:00,2024,5,14,1,135,951.35
Shivajinagar AWS,18.5308,73.8474,14-05-2024 01:30,2024-05-14 01:30:00,2024,5,14,1,135,951.39
Shivajinagar AWS,18.5308,73.8474,14-05-2024 01:35,2024-05-14 01:35:00,2024,5,14,1,135,951.52
Shivajinagar AWS,18.5308,73.8474,14-05-2024 01:40,2024-05-14 01:40:00,2024,5,14,1,135,951.54
Shivajinagar AWS,18.5308,73.8474,14-05-2024 01:45,2024-05-14 01:45:00,2024,5,14,1,135,951.49
Shivajinagar AWS,18.5308,73.8474,14-05-2024 01:50,2024-05-14 01:50:00,2024,5,14,1,135,951.39
Shivajinagar AWS,18.5308,73.8474,14-05-2024 01:55,2024-05-14 01:55:00,2024,5,14,1,135,951.47
Shivajinagar AWS,18.5308,73.8474,14-05-2024 02:00,2024-05-14 02:00:00,2024,5,14,2,135,951.53
Shivajinagar AWS,18.5308,73.8474,14-05-2024 02:05,2024-05-14 02:05:00,2024,5,14,2,135,951.52
Shivajinagar AWS,18.5308,73.8474,14-05-2024 02:10,2024-05-14 02:10:00,2024,5,14,2,135,951.65
Shivajinagar AWS,18.5308,73.8474,14-05-2024 02:15,2024-05-14 02:15:00,2024,5,14,2,135,951.66
Shivajinagar AWS,18.5308,73.8474,14-05-2024 02:20,2024-05-14 02:20:00,2024,5,14,2,135,951.7
Shivajinagar AWS,18.5308,73.8474,14-05-2024 02:25,2024-05-14 02:25:00,2024,5,14,2,135,951.75
Shivajinagar AWS,18.5308,73.8474,14-05-2024 02:30,2024-05-14 02:30:00,2024,5,14,2,135,951.78
Shivajinagar AWS,18.5308,73.8474,14-05-2024 02:35,2024-05-14 02:35:00,2024,5,14,2,135,951.86
Shivajinagar AWS,18.5308,73.8474,14-05-2024 02:40,2024-05-14 02:40:00,2024,5,14,2,135,952.01
Shivajinagar AWS,18.5308,73.8474,14-05-2024 02:45,2024-05-14 02:45:00,2024,5,14,2,135,951.97
Shivajinagar AWS,18.5308,73.8474,14-05-2024 02:50,2024-05-14 02:50:00,2024,5,14,2,135,952.07
Shivajinagar AWS,18.5308,73.8474,14-05-2024 02:55,2024-05-14 02:55:00,2024,5,14,2,135,952.15
Shivajinagar AWS,18.5308,73.8474,14-05-2024 03:00,2024-05-14 03:00:00,2024,5,14,3,135,952.23
Shivajinagar AWS,18.5308,73.8474,14-05-2024 03:05,2024-05-14 03:05:00,2024,5,14,3,135,952.36
Shivajinagar AWS,18.5308,73.8474,14-05-2024 03:10,2024-05-14 03:10:00,2024,5,14,3,135,952.43
Shivajinagar AWS,18.5308,73.8474,14-05-2024 03:15,2024-05-14 03:15:00,2024,5,14,3,135,952.53
Shivajinagar AWS,18.5308,73.8474,14-05-2024 03:20,2024-05-14 03:20:00,2024,5,14,3,135,952.65
Shivajinagar AWS,18.5308,73.8474,14-05-2024 03:25,2024-05-14 03:25:00,2024,5,14,3,135,952.68
Shivajinagar AWS,18.5308,73.8474,14-05-2024 03:30,2024-05-14 03:30:00,2024,5,14,3,135,952.77
Shivajinagar AWS,18.5308,73.8474,14-05-2024 03:35,2024-05-14 03:35:00,2024,5,14,3,135,952.81
Shivajinagar AWS,18.5308,73.8474,14-05-2024 03:40,2024-05-14 03:40:00,2024,5,14,3,135,952.87
Shivajinagar AWS,18.5308,73.8474,14-05-2024 03:45,2024-05-14 03:45:00,2024,5,14,3,135,952.91
Shivajinagar AWS,18.5308,73.8474,14-05-2024 03:50,2024-05-14 03:50:00,2024,5,14,3,135,953.02
Shivajinagar AWS,18.5308,73.8474,14-05-2024 03:55,2024-05-14 03:55:00,2024,5,14,3,135,953.1
Shivajinagar AWS,18.5308,73.8474,14-05-2024 04:00,2024-05-14 04:00:00,2024,5,14,4,135,953.2
Shivajinagar AWS,18.5308,73.8474,14-05-2024 04:05,2024-05-14 04:05:00,2024,5,14,4,135,953.27
Shivajinagar AWS,18.5308,73.8474,14-05-2024 04:10,2024-05-14 04:10:00,2024,5,14,4,135,953.21
Shivajinagar AWS,18.5308,73.8474,14-05-2024 04:15,2024-05-14 04:15:00,2024,5,14,4,135,953.28
Shivajinagar AWS,18.5308,73.8474,14-05-2024 04:20,2024-05-14 04:20:00,2024,5,14,4,135,953.36
Shivajinagar AWS,18.5308,73.8474,14-05-2024 04:25,2024-05-14 04:25:00,2024,5,14,4,135,953.45
Shivajinagar AWS,18.5308,73.8474,14-05-2024 04:30,2024-05-14 04:30:00,2024,5,14,4,135,953.48
Shivajinagar AWS,18.5308,73.8474,14-05-2024 04:35,2024-05-14 04:35:00,2024,5,14,4,135,953.46
Shivajinagar AWS,18.5308,73.8474,14-05-2024 04:40,2024-05-14 04:40:00,2024,5,14,4,135,953.58
Shivajinagar AWS,18.5308,73.8474,14-05-2024 04:45,2024-05-14 04:45:00,2024,5,14,4,135,953.63
Shivajinagar AWS,18.5308,73.8474,14-05-2024 04:50,2024-05-14 04:50:00,2024,5,14,4,135,953.72
Shivajinagar AWS,18.5308,73.8474,14-05-2024 04:55,2024-05-14 04:55:00,2024,5,14,4,135,953.77
Shivajinagar AWS,18.5308,73.8474,14-05-2024 05:00,2024-05-14 05:00:00,2024,5,14,5,135,953.84
Shivajinagar AWS,18.5308,73.8474,14-05-2024 05:05,2024-05-14 05:05:00,2024,5,14,5,135,953.87
Shivajinagar AWS,18.5308,73.8474,14-05-2024 05:10,2024-05-14 05:10:00,2024,5,14,5,135,953.86
Shivajinagar AWS,18.5308,73.8474,14-05-2024 05:15,2024-05-14 05:15:00,2024,5,14,5,135,953.97
Shivajinagar AWS,18.5308,73.8474,14-05-2024 05:20,2024-05-14 05:20:00,2024,5,14,5,135,953.98
Shivajinagar AWS,18.5308,73.8474,14-05-2024 05:25,2024-05-14 05:25:00,2024,5,14,5,135,954.06
Shivajinagar AWS,18.5308,73.8474,14-05-2024 05:30,2024-05-14 05:30:00,2024,5,14,5,135,954.16
Shivajinagar AWS,18.5308,73.8474,14-05-2024 05:35,2024-05-14 05:35:00,2024,5,14,5,135,954.17
Shivajinagar AWS,18.5308,73.8474,14-05-2024 05:40,2024-05-14 05:40:00,2024,5,14,5,135,954.14
Shivajinagar AWS,18.5308,73.8474,14-05-2024 05:45,2024-05-14 05:45:00,2024,5,14,5,135,954.39
Shivajinagar AWS,18.5308,73.8474,14-05-2024 05:50,2024-05-14 05:50:00,2024,5,14,5,135,954.4
Shivajinagar AWS,18.5308,73.8474,14-05-2024 05:55,2024-05-14 05:55:00,2024,5,14,5,135,954.5
Shivajinagar AWS,18.5308,73.8474,14-05-2024 06:00,2024-05-14 06:00:00,2024,5,14,6,135,954.7
Shivajinagar AWS,18.5308,73.8474,14-05-2024 06:05,2024-05-14 06:05:00,2024,5,14,6,135,954.8
Shivajinagar AWS,18.5308,73.8474,14-05-2024 06:10,2024-05-14 06:10:00,2024,5,14,6,135,954.8
Shivajinagar AWS,18.5308,73.8474,14-05-2024 06:15,2024-05-14 06:15:00,2024,5,14,6,135,954.83
Shivajinagar AWS,18.5308,73.8474,14-05-2024 06:20,2024-05-14 06:20:00,2024,5,14,6,135,954.79
Shivajinagar AWS,18.5308,73.8474,14-05-2024 06:25,2024-05-14 06:25:00,2024,5,14,6,135,954.89
Shivajinagar AWS,18.5308,73.8474,14-05-2024 06:30,2024-05-14 06:30:00,2024,5,14,6,135,954.96
Shivajinagar AWS,18.5308,73.8474,14-05-2024 06:35,2024-05-14 06:35:00,2024,5,14,6,135,954.93
Shivajinagar AWS,18.5308,73.8474,14-05-2024 06:40,2024-05-14 06:40:00,2024,5,14,6,135,954.87
Shivajinagar AWS,18.5308,73.8474,14-05-2024 06:45,2024-05-14 06:45:00,2024,5,14,6,135,954.78
Shivajinagar AWS,18.5308,73.8474,14-05-2024 06:50,2024-05-14 06:50:00,2024,5,14,6,135,954.88
Shivajinagar AWS,18.5308,73.8474,14-05-2024 06:55,2024-05-14 06:55:00,2024,5,14,6,135,954.9
Shivajinagar AWS,18.5308,73.8474,14-05-2024 07:00,2024-05-14 07:00:00,2024,5,14,7,135,954.93
Shivajinagar AWS,18.5308,73.8474,14-05-2024 07:05,2024-05-14 07:05:00,2024,5,14,7,135,954.87
Shivajinagar AWS,18.5308,73.8474,14-05-2024 07:10,2024-05-14 07:10:00,2024,5,14,7,135,954.76
Shivajinagar AWS,18.5308,73.8474,14-05-2024 07:15,2024-05-14 07:15:00,2024,5,14,7,135,954.84
Shivajinagar AWS,18.5308,73.8474,14-05-2024 07:20,2024-05-14 07:20:00,2024,5,14,7,135,954.85
Shivajinagar AWS,18.5308,73.8474,14-05-2024 07:25,2024-05-14 07:25:00,2024,5,14,7,135,954.92
Shivajinagar AWS,18.5308,73.8474,14-05-2024 07:30,2024-05-14 07:30:00,2024,5,14,7,135,954.88
Shivajinagar AWS,18.5308,73.8474,14-05-2024 07:35,2024-05-14 07:35:00,2024,5,14,7,135,954.86
Shivajinagar AWS,18.5308,73.8474,14-05-2024 07:40,2024-05-14 07:40:00,2024,5,14,7,135,954.9
Shivajinagar AWS,18.5308,73.8474,14-05-2024 07:45,2024-05-14 07:45:00,2024,5,14,7,135,954.95
Shivajinagar AWS,18.5308,73.8474,14-05-2024 07:50,2024-05-14 07:50:00,2024,5,14,7,135,954.99
Shivajinagar AWS,18.5308,73.8474,14-05-2024 07:55,2024-05-14 07:55:00,2024,5,14,7,135,954.94
Shivajinagar AWS,18.5308,73.8474,14-05-2024 08:00,2024-05-14 08:00:00,2024,5,14,8,135,954.96
Shivajinagar AWS,18.5308,73.8474,14-05-2024 08:05,2024-05-14 08:05:00,2024,5,14,8,135,955.02
Shivajinagar AWS,18.5308,73.8474,14-05-2024 08:10,2024-05-14 08:10:00,2024,5,14,8,135,954.97
Shivajinagar AWS,18.5308,73.8474,14-05-2024 08:15,2024-05-14 08:15:00,2024,5,14,8,135,954.9
Shivajinagar AWS,18.5308,73.8474,14-05-2024 08:20,2024-05-14 08:20:00,2024,5,14,8,135,954.96
Shivajinagar AWS,18.5308,73.8474,14-05-2024 08:25,2024-05-14 08:25:00,2024,5,14,8,135,954.87
Shivajinagar AWS,18.5308,73.8474,14-05-2024 08:30,2024-05-14 08:30:00,2024,5,14,8,135,954.87
Shivajinagar AWS,18.5308,73.8474,14-05-2024 08:35,2024-05-14 08:35:00,2024,5,14,8,135,954.82
Shivajinagar AWS,18.5308,73.8474,14-05-2024 08:40,2024-05-14 08:40:00,2024,5,14,8,135,954.62
Shivajinagar AWS,18.5308,73.8474,14-05-2024 08:45,2024-05-14 08:45:00,2024,5,14,8,135,954.67
Shivajinagar AWS,18.5308,73.8474,14-05-2024 08:50,2024-05-14 08:50:00,2024,5,14,8,135,954.4
Shivajinagar AWS,18.5308,73.8474,14-05-2024 08:55,2024-05-14 08:55:00,2024,5,14,8,135,954.19
Shivajinagar AWS,18.5308,73.8474,14-05-2024 09:00,2024-05-14 09:00:00,2024,5,14,9,135,954.2
Shivajinagar AWS,18.5308,73.8474,14-05-2024 09:05,2024-05-14 09:05:00,2024,5,14,9,135,954.2
Shivajinagar AWS,18.5308,73.8474,14-05-2024 09:10,2024-05-14 09:10:00,2024,5,14,9,135,954.1
Shivajinagar AWS,18.5308,73.8474,14-05-2024 09:15,2024-05-14 09:15:00,2024,5,14,9,135,954.07
Shivajinagar AWS,18.5308,73.8474,14-05-2024 09:20,2024-05-14 09:20:00,2024,5,14,9,135,953.82
Shivajinagar AWS,18.5308,73.8474,14-05-2024 09:25,2024-05-14 09:25:00,2024,5,14,9,135,953.84
Shivajinagar AWS,18.5308,73.8474,14-05-2024 09:30,2024-05-14 09:30:00,2024,5,14,9,135,953.82
Shivajinagar AWS,18.5308,73.8474,14-05-2024 09:35,2024-05-14 09:35:00,2024,5,14,9,135,953.77
Shivajinagar AWS,18.5308,73.8474,14-05-2024 09:40,2024-05-14 09:40:00,2024,5,14,9,135,953.72
Shivajinagar AWS,18.5308,73.8474,14-05-2024 09:45,2024-05-14 09:45:00,2024,5,14,9,135,953.71
Shivajinagar AWS,18.5308,73.8474,14-05-2024 09:50,2024-05-14 09:50:00,2024,5,14,9,135,953.66
Shivajinagar AWS,18.5308,73.8474,14-05-2024 09:55,2024-05-14 09:55:00,2024,5,14,9,135,953.46
Shivajinagar AWS,18.5308,73.8474,14-05-2024 10:00,2024-05-14 10:00:00,2024,5,14,10,135,953.59
Shivajinagar AWS,18.5308,73.8474,14-05-2024 10:05,2024-05-14 10:05:00,2024,5,14,10,135,953.64
Shivajinagar AWS,18.5308,73.8474,14-05-2024 10:10,2024-05-14 10:10:00,2024,5,14,10,135,953.48
Shivajinagar AWS,18.5308,73.8474,14-05-2024 10:15,2024-05-14 10:15:00,2024,5,14,10,135,953.4
Shivajinagar AWS,18.5308,73.8474,14-05-2024 10:20,2024-05-14 10:20:00,2024,5,14,10,135,953.33
Shivajinagar AWS,18.5308,73.8474,14-05-2024 10:25,2024-05-14 10:25:00,2024,5,14,10,135,953.37
Shivajinagar AWS,18.5308,73.8474,14-05-2024 10:30,2024-05-14 10:30:00,2024,5,14,10,135,953.14
Shivajinagar AWS,18.5308,73.8474,14-05-2024 10:35,2024-05-14 10:35:00,2024,5,14,10,135,953.06
Shivajinagar AWS,18.5308,73.8474,14-05-2024 10:40,2024-05-14 10:40:00,2024,5,14,10,135,952.87
Shivajinagar AWS,18.5308,73.8474,14-05-2024 10:45,2024-05-14 10:45:00,2024,5,14,10,135,952.82
Shivajinagar AWS,18.5308,73.8474,14-05-2024 10:50,2024-05-14 10:50:00,2024,5,14,10,135,952.74
Shivajinagar AWS,18.5308,73.8474,14-05-2024 10:55,2024-05-14 10:55:00,2024,5,14,10,135,952.72
Shivajinagar AWS,18.5308,73.8474,14-05-2024 11:00,2024-05-14 11:00:00,2024,5,14,11,135,952.63
Shivajinagar AWS,18.5308,73.8474,14-05-2024 11:05,2024-05-14 11:05:00,2024,5,14,11,135,952.54
Shivajinagar AWS,18.5308,73.8474,14-05-2024 11:10,2024-05-14 11:10:00,2024,5,14,11,135,952.57
Shivajinagar AWS,18.5308,73.8474,14-05-2024 11:15,2024-05-14 11:15:00,2024,5,14,11,135,952.57
Shivajinagar AWS,18.5308,73.8474,14-05-2024 11:20,2024-05-14 11:20:00,2024,5,14,11,135,952.59
Shivajinagar AWS,18.5308,73.8474,14-05-2024 11:25,2024-05-14 11:25:00,2024,5,14,11,135,952.55
Shivajinagar AWS,18.5308,73.8474,14-05-2024 11:30,2024-05-14 11:30:00,2024,5,14,11,135,952.47
Shivajinagar AWS,18.5308,73.8474,14-05-2024 11:35,2024-05-14 11:35:00,2024,5,14,11,135,952.44
Shivajinagar AWS,18.5308,73.8474,14-05-2024 11:40,2024-05-14 11:40:00,2024,5,14,11,135,952.46
Shivajinagar AWS,18.5308,73.8474,14-05-2024 11:45,2024-05-14 11:45:00,2024,5,14,11,135,952.26
Shivajinagar AWS,18.5308,73.8474,14-05-2024 11:50,2024-05-14 11:50:00,2024,5,14,11,135,952.28
Shivajinagar AWS,18.5308,73.8474,14-05-2024 11:55,2024-05-14 11:55:00,2024,5,14,11,135,952.29
Shivajinagar AWS,18.5308,73.8474,14-05-2024 12:00,2024-05-14 12:00:00,2024,5,14,12,135,952.28
Shivajinagar AWS,18.5308,73.8474,14-05-2024 12:05,2024-05-14 12:05:00,2024,5,14,12,135,952.26
Shivajinagar AWS,18.5308,73.8474,14-05-2024 12:10,2024-05-14 12:10:00,2024,5,14,12,135,952.05
Shivajinagar AWS,18.5308,73.8474,14-05-2024 12:15,2024-05-14 12:15:00,2024,5,14,12,135,952.01
Shivajinagar AWS,18.5308,73.8474,14-05-2024 12:20,2024-05-14 12:20:00,2024,5,14,12,135,952.16
Shivajinagar AWS,18.5308,73.8474,14-05-2024 12:25,2024-05-14 12:25:00,2024,5,14,12,135,952.17
Shivajinagar AWS,18.5308,73.8474,14-05-2024 12:30,2024-05-14 12:30:00,2024,5,14,12,135,952.14
Shivajinagar AWS,18.5308,73.8474,14-05-2024 12:35,2024-05-14 12:35:00,2024,5,14,12,135,952.15
Shivajinagar AWS,18.5308,73.8474,14-05-2024 12:40,2024-05-14 12:40:00,2024,5,14,12,135,952.19
Shivajinagar AWS,18.5308,73.8474,14-05-2024 12:45,2024-05-14 12:45:00,2024,5,14,12,135,952.25
Shivajinagar AWS,18.5308,73.8474,14-05-2024 12:50,2024-05-14 12:50:00,2024,5,14,12,135,952.24
Shivajinagar AWS,18.5308,73.8474,14-05-2024 12:55,2024-05-14 12:55:00,2024,5,14,12,135,952.29
Shivajinagar AWS,18.5308,73.8474,14-05-2024 13:00,2024-05-14 13:00:00,2024,5,14,13,135,952.44
Shivajinagar AWS,18.5308,73.8474,14-05-2024 13:05,2024-05-14 13:05:00,2024,5,14,13,135,952.53
Shivajinagar AWS,18.5308,73.8474,14-05-2024 13:10,2024-05-14 13:10:00,2024,5,14,13,135,952.73
Shivajinagar AWS,18.5308,73.8474,14-05-2024 13:15,2024-05-14 13:15:00,2024,5,14,13,135,952.68
Shivajinagar AWS,18.5308,73.8474,14-05-2024 13:20,2024-05-14 13:20:00,2024,5,14,13,135,952.83
Shivajinagar AWS,18.5308,73.8474,14-05-2024 13:25,2024-05-14 13:25:00,2024,5,14,13,135,952.77
Shivajinagar AWS,18.5308,73.8474,14-05-2024 13:30,2024-05-14 13:30:00,2024,5,14,13,135,952.82
Shivajinagar AWS,18.5308,73.8474,14-05-2024 13:35,2024-05-14 13:35:00,2024,5,14,13,135,952.89
Shivajinagar AWS,18.5308,73.8474,14-05-2024 13:40,2024-05-14 13:40:00,2024,5,14,13,135,952.87
Shivajinagar AWS,18.5308,73.8474,14-05-2024 13:45,2024-05-14 13:45:00,2024,5,14,13,135,952.9
Shivajinagar AWS,18.5308,73.8474,14-05-2024 13:50,2024-05-14 13:50:00,2024,5,14,13,135,952.99
Shivajinagar AWS,18.5308,73.8474,14-05-2024 13:55,2024-05-14 13:55:00,2024,5,14,13,135,952.96
Shivajinagar AWS,18.5308,73.8474,14-05-2024 14:00,2024-05-14 14:00:00,2024,5,14,14,135,953.12
Shivajinagar AWS,18.5308,73.8474,14-05-2024 14:05,2024-05-14 14:05:00,2024,5,14,14,135,953.04
Shivajinagar AWS,18.5308,73.8474,14-05-2024 14:10,2024-05-14 14:10:00,2024,5,14,14,135,953.23
Shivajinagar AWS,18.5308,73.8474,14-05-2024 14:15,2024-05-14 14:15:00,2024,5,14,14,135,953.34
Shivajinagar AWS,18.5308,73.8474,14-05-2024 14:20,2024-05-14 14:20:00,2024,5,14,14,135,953.36
Shivajinagar AWS,18.5308,73.8474,14-05-2024 14:25,2024-05-14 14:25:00,2024,5,14,14,135,953.37
Shivajinagar AWS,18.5308,73.8474,14-05-2024 14:30,2024-05-14 14:30:00,2024,5,14,14,135,953.36
Shivajinagar AWS,18.5308,73.8474,14-05-2024 14:35,2024-05-14 14:35:00,2024,5,14,14,135,953.39
Shivajinagar AWS,18.5308,73.8474,14-05-2024 14:40,2024-05-14 14:40:00,2024,5,14,14,135,953.43
Shivajinagar AWS,18.5308,73.8474,14-05-2024 14:45,2024-05-14 14:45:00,2024,5,14,14,135,953.58
Shivajinagar AWS,18.5308,73.8474,14-05-2024 14:50,2024-05-14 14:50:00,2024,5,14,14,135,953.78
Shivajinagar AWS,18.5308,73.8474,14-05-2024 14:55,2024-05-14 14:55:00,2024,5,14,14,135,953.84
Shivajinagar AWS,18.5308,73.8474,14-05-2024 15:00,2024-05-14 15:00:00,2024,5,14,15,135,953.82
Shivajinagar AWS,18.5308,73.8474,14-05-2024 15:05,2024-05-14 15:05:00,2024,5,14,15,135,953.82
Shivajinagar AWS,18.5308,73.8474,14-05-2024 15:10,2024-05-14 15:10:00,2024,5,14,15,135,953.86
Shivajinagar AWS,18.5308,73.8474,14-05-2024 15:15,2024-05-14 15:15:00,2024,5,14,15,135,953.83
Shivajinagar AWS,18.5308,73.8474,14-05-2024 15:20,2024-05-14 15:20:00,2024,5,14,15,135,953.79
Shivajinagar AWS,18.5308,73.8474,14-05-2024 15:25,2024-05-14 15:25:00,2024,5,14,15,135,954.02
Shivajinagar AWS,18.5308,73.8474,14-05-2024 15:30,2024-05-14 15:30:00,2024,5,14,15,135,954.1
Shivajinagar AWS,18.5308,73.8474,14-05-2024 15:35,2024-05-14 15:35:00,2024,5,14,15,135,954.09
Shivajinagar AWS,18.5308,73.8474,14-05-2024 15:40,2024-05-14 15:40:00,2024,5,14,15,135,954.22
Shivajinagar AWS,18.5308,73.8474,14-05-2024 15:45,2024-05-14 15:45:00,2024,5,14,15,135,954.19
Shivajinagar AWS,18.5308,73.8474,14-05-2024 15:50,2024-05-14 15:50:00,2024,5,14,15,135,954.16
Shivajinagar AWS,18.5308,73.8474,14-05-2024 15:55,2024-05-14 15:55:00,2024,5,14,15,135,954.17
Shivajinagar AWS,18.5308,73.8474,14-05-2024 16:00,2024-05-14 16:00:00,2024,5,14,16,135,954.37
Shivajinagar AWS,18.5308,73.8474,14-05-2024 16:05,2024-05-14 16:05:00,2024,5,14,16,135,954.41
Shivajinagar AWS,18.5308,73.8474,14-05-2024 16:10,2024-05-14 16:10:00,2024,5,14,16,135,954.28
Shivajinagar AWS,18.5308,73.8474,14-05-2024 16:15,2024-05-14 16:15:00,2024,5,14,16,135,954.46
Shivajinagar AWS,18.5308,73.8474,14-05-2024 16:20,2024-05-14 16:20:00,2024,5,14,16,135,954.5
Shivajinagar AWS,18.5308,73.8474,14-05-2024 16:25,2024-05-14 16:25:00,2024,5,14,16,135,954.42
Shivajinagar AWS,18.5308,73.8474,14-05-2024 16:30,2024-05-14 16:30:00,2024,5,14,16,135,954.47
Shivajinagar AWS,18.5308,73.8474,14-05-2024 16:35,2024-05-14 16:35:00,2024,5,14,16,135,954.59
Shivajinagar AWS,18.5308,73.8474,14-05-2024 16:40,2024-05-14 16:40:00,2024,5,14,16,135,954.69
Shivajinagar AWS,18.5308,73.8474,14-05-2024 16:45,2024-05-14 16:45:00,2024,5,14,16,135,954.91
Shivajinagar AWS,18.5308,73.8474,14-05-2024 16:50,2024-05-14 16:50:00,2024,5,14,16,135,954.9
Shivajinagar AWS,18.5308,73.8474,14-05-2024 16:55,2024-05-14 16:55:00,2024,5,14,16,135,954.97
Shivajinagar AWS,18.5308,73.8474,14-05-2024 17:00,2024-05-14 17:00:00,2024,5,14,17,135,954.98
Shivajinagar AWS,18.5308,73.8474,14-05-2024 17:05,2024-05-14 17:05:00,2024,5,14,17,135,954.92
Shivajinagar AWS,18.5308,73.8474,14-05-2024 17:10,2024-05-14 17:10:00,2024,5,14,17,135,955.05
Shivajinagar AWS,18.5308,73.8474,14-05-2024 17:15,2024-05-14 17:15:00,2024,5,14,17,135,955.15
Shivajinagar AWS,18.5308,73.8474,14-05-2024 17:20,2024-05-14 17:20:00,2024,5,14,17,135,955.23
Shivajinagar AWS,18.5308,73.8474,14-05-2024 17:25,2024-05-14 17:25:00,2024,5,14,17,135,955.32
Shivajinagar AWS,18.5308,73.8474,14-05-2024 17:30,2024-05-14 17:30:00,2024,5,14,17,135,955.32
Shivajinagar AWS,18.5308,73.8474,14-05-2024 17:35,2024-05-14 17:35:00,2024,5,14,17,135,955.29
Shivajinagar AWS,18.5308,73.8474,14-05-2024 17:40,2024-05-14 17:40:00,2024,5,14,17,135,955.35
Shivajinagar AWS,18.5308,73.8474,14-05-2024 17:45,2024-05-14 17:45:00,2024,5,14,17,135,955.49
Shivajinagar AWS,18.5308,73.8474,14-05-2024 17:50,2024-05-14 17:50:00,2024,5,14,17,135,955.67
Shivajinagar AWS,18.5308,73.8474,14-05-2024 17:55,2024-05-14 17:55:00,2024,5,14,17,135,955.77
Shivajinagar AWS,18.5308,73.8474,14-05-2024 18:00,2024-05-14 18:00:00,2024,5,14,18,135,955.8
Shivajinagar AWS,18.5308,73.8474,14-05-2024 18:05,2024-05-14 18:05:00,2024,5,14,18,135,955.85
Shivajinagar AWS,18.5308,73.8474,14-05-2024 18:10,2024-05-14 18:10:00,2024,5,14,18,135,955.88
Shivajinagar AWS,18.5308,73.8474,14-05-2024 18:15,2024-05-14 18:15:00,2024,5,14,18,135,955.82
Shivajinagar AWS,18.5308,73.8474,14-05-2024 18:20,2024-05-14 18:20:00,2024,5,14,18,135,955.85
Shivajinagar AWS,18.5308,73.8474,14-05-2024 18:25,2024-05-14 18:25:00,2024,5,14,18,135,955.76
Shivajinagar AWS,18.5308,73.8474,14-05-2024 18:30,2024-05-14 18:30:00,2024,5,14,18,135,955.78
Shivajinagar AWS,18.5308,73.8474,14-05-2024 18:35,2024-05-14 18:35:00,2024,5,14,18,135,955.93
Shivajinagar AWS,18.5308,73.8474,14-05-2024 18:40,2024-05-14 18:40:00,2024,5,14,18,135,956.01
Shivajinagar AWS,18.5308,73.8474,14-05-2024 18:45,2024-05-14 18:45:00,2024,5,14,18,135,955.94
Shivajinagar AWS,18.5308,73.8474,14-05-2024 18:50,2024-05-14 18:50:00,2024,5,14,18,135,955.94
Shivajinagar AWS,18.5308,73.8474,14-05-2024 18:55,2024-05-14 18:55:00,2024,5,14,18,135,955.88
Shivajinagar AWS,18.5308,73.8474,14-05-2024 19:00,2024-05-14 19:00:00,2024,5,14,19,135,955.88
Shivajinagar AWS,18.5308,73.8474,14-05-2024 19:05,2024-05-14 19:05:00,2024,5,14,19,135,955.97
Shivajinagar AWS,18.5308,73.8474,14-05-2024 19:10,2024-05-14 19:10:00,2024,5,14,19,135,956.02
Shivajinagar AWS,18.5308,73.8474,14-05-2024 19:15,2024-05-14 19:15:00,2024,5,14,19,135,956.21
Shivajinagar AWS,18.5308,73.8474,14-05-2024 19:20,2024-05-14 19:20:00,2024,5,14,19,135,956.28
Shivajinagar AWS,18.5308,73.8474,14-05-2024 19:25,2024-05-14 19:25:00,2024,5,14,19,135,956.27
Shivajinagar AWS,18.5308,73.8474,14-05-2024 19:30,2024-05-14 19:30:00,2024,5,14,19,135,956.3
Shivajinagar AWS,18.5308,73.8474,14-05-2024 19:35,2024-05-14 19:35:00,2024,5,14,19,135,956.25
Shivajinagar AWS,18.5308,73.8474,14-05-2024 19:40,2024-05-14 19:40:00,2024,5,14,19,135,956.13
Shivajinagar AWS,18.5308,73.8474,14-05-2024 19:45,2024-05-14 19:45:00,2024,5,14,19,135,956.2
Shivajinagar AWS,18.5308,73.8474,14-05-2024 19:50,2024-05-14 19:50:00,2024,5,14,19,135,956.24
Shivajinagar AWS,18.5308,73.8474,14-05-2024 19:55,2024-05-14 19:55:00,2024,5,14,19,135,956.18
Shivajinagar AWS,18.5308,73.8474,14-05-2024 20:00,2024-05-14 20:00:00,2024,5,14,20,135,956.15
Shivajinagar AWS,18.5308,73.8474,14-05-2024 20:05,2024-05-14 20:05:00,2024,5,14,20,135,956.2
Shivajinagar AWS,18.5308,73.8474,14-05-2024 20:10,2024-05-14 20:10:00,2024,5,14,20,135,956.22
Shivajinagar AWS,18.5308,73.8474,14-05-2024 20:15,2024-05-14 20:15:00,2024,5,14,20,135,956.04
Shivajinagar AWS,18.5308,73.8474,14-05-2024 20:20,2024-05-14 20:20:00,2024,5,14,20,135,956.01
Shivajinagar AWS,18.5308,73.8474,14-05-2024 20:25,2024-05-14 20:25:00,2024,5,14,20,135,955.94
Shivajinagar AWS,18.5308,73.8474,14-05-2024 20:30,2024-05-14 20:30:00,2024,5,14,20,135,955.97
Shivajinagar AWS,18.5308,73.8474,14-05-2024 20:35,2024-05-14 20:35:00,2024,5,14,20,135,955.99
Shivajinagar AWS,18.5308,73.8474,14-05-2024 20:40,2024-05-14 20:40:00,2024,5,14,20,135,956.02
Shivajinagar AWS,18.5308,73.8474,14-05-2024 20:45,2024-05-14 20:45:00,2024,5,14,20,135,955.86
Shivajinagar AWS,18.5308,73.8474,14-05-2024 20:50,2024-05-14 20:50:00,2024,5,14,20,135,955.73
Shivajinagar AWS,18.5308,73.8474,14-05-2024 20:55,2024-05-14 20:55:00,2024,5,14,20,135,955.75
Shivajinagar AWS,18.5308,73.8474,14-05-2024 21:00,2024-05-14 21:00:00,2024,5,14,21,135,955.63
Shivajinagar AWS,18.5308,73.8474,14-05-2024 21:05,2024-05-14 21:05:00,2024,5,14,21,135,955.44
Shivajinagar AWS,18.5308,73.8474,14-05-2024 21:10,2024-05-14 21:10:00,2024,5,14,21,135,955.41
Shivajinagar AWS,18.5308,73.8474,14-05-2024 21:15,2024-05-14 21:15:00,2024,5,14,21,135,955.3
Shivajinagar AWS,18.5308,73.8474,14-05-2024 21:20,2024-05-14 21:20:00,2024,5,14,21,135,955.37
Shivajinagar AWS,18.5308,73.8474,14-05-2024 21:25,2024-05-14 21:25:00,2024,5,14,21,135,955.32
Shivajinagar AWS,18.5308,73.8474,14-05-2024 21:30,2024-05-14 21:30:00,2024,5,14,21,135,955.25
Shivajinagar AWS,18.5308,73.8474,14-05-2024 21:35,2024-05-14 21:35:00,2024,5,14,21,135,955.15
Shivajinagar AWS,18.5308,73.8474,14-05-2024 21:40,2024-05-14 21:40:00,2024,5,14,21,135,955.2
Shivajinagar AWS,18.5308,73.8474,14-05-2024 21:45,2024-05-14 21:45:00,2024,5,14,21,135,955.15
Shivajinagar AWS,18.5308,73.8474,14-05-2024 21:50,2024-05-14 21:50:00,2024,5,14,21,135,955.03
Shivajinagar AWS,18.5308,73.8474,14-05-2024 21:55,2024-05-14 21:55:00,2024,5,14,21,135,954.89
Shivajinagar AWS,18.5308,73.8474,14-05-2024 22:00,2024-05-14 22:00:00,2024,5,14,22,135,954.8
Shivajinagar AWS,18.5308,73.8474,14-05-2024 22:05,2024-05-14 22:05:00,2024,5,14,22,135,954.65
Shivajinagar AWS,18.5308,73.8474,14-05-2024 22:10,2024-05-14 22:10:00,2024,5,14,22,135,954.66
Shivajinagar AWS,18.5308,73.8474,14-05-2024 22:15,2024-05-14 22:15:00,2024,5,14,22,135,954.44
Shivajinagar AWS,18.5308,73.8474,14-05-2024 22:20,2024-05-14 22:20:00,2024,5,14,22,135,954.36
Shivajinagar AWS,18.5308,73.8474,14-05-2024 22:25,2024-05-14 22:25:00,2024,5,14,22,135,954.34
Shivajinagar AWS,18.5308,73.8474,14-05-2024 22:30,2024-05-14 22:30:00,2024,5,14,22,135,954.29
Shivajinagar AWS,18.5308,73.8474,14-05-2024 22:35,2024-05-14 22:35:00,2024,5,14,22,135,954.17
Shivajinagar AWS,18.5308,73.8474,14-05-2024 22:40,2024-05-14 22:40:00,2024,5,14,22,135,954.15
Shivajinagar AWS,18.5308,73.8474,14-05-2024 22:45,2024-05-14 22:45:00,2024,5,14,22,135,954.02
Shivajinagar AWS,18.5308,73.8474,14-05-2024 22:50,2024-05-14 22:50:00,2024,5,14,22,135,953.95
Shivajinagar AWS,18.5308,73.8474,14-05-2024 22:55,2024-05-14 22:55:00,2024,5,14,22,135,953.94
Shivajinagar AWS,18.5308,73.8474,14-05-2024 23:00,2024-05-14 23:00:00,2024,5,14,23,135,953.92
Shivajinagar AWS,18.5308,73.8474,14-05-2024 23:05,2024-05-14 23:05:00,2024,5,14,23,135,953.8
Shivajinagar AWS,18.5308,73.8474,14-05-2024 23:10,2024-05-14 23:10:00,2024,5,14,23,135,953.84
Shivajinagar AWS,18.5308,73.8474,14-05-2024 23:15,2024-05-14 23:15:00,2024,5,14,23,135,953.79
Shivajinagar AWS,18.5308,73.8474,14-05-2024 23:20,2024-05-14 23:20:00,2024,5,14,23,135,953.79
Shivajinagar AWS,18.5308,73.8474,14-05-2024 23:25,2024-05-14 23:25:00,2024,5,14,23,135,953.85
Shivajinagar AWS,18.5308,73.8474,14-05-2024 23:30,2024-05-14 23:30:00,2024,5,14,23,135,953.88
Shivajinagar AWS,18.5308,73.8474,14-05-2024 23:35,2024-05-14 23:35:00,2024,5,14,23,135,953.9
Shivajinagar AWS,18.5308,73.8474,14-05-2024 23:40,2024-05-14 23:40:00,2024,5,14,23,135,953.86
Shivajinagar AWS,18.5308,73.8474,14-05-2024 23:45,2024-05-14 23:45:00,2024,5,14,23,135,953.86
Shivajinagar AWS,18.5308,73.8474,14-05-2024 23:50,2024-05-14 23:50:00,2024,5,14,23,135,953.82
Shivajinagar AWS,18.5308,73.8474,14-05-2024 23:55,2024-05-14 23:55:00,2024,5,14,23,135,953.66
Shivajinagar AWS,18.5308,73.8474,15-05-2024 00:00,2024-05-15 00:00:00,2024,5,15,0,136,953.63
Shivajinagar AWS,18.5308,73.8474,15-05-2024 00:05,2024-05-15 00:05:00,2024,5,15,0,136,953.61
Shivajinagar AWS,18.5308,73.8474,15-05-2024 00:10,2024-05-15 00:10:00,2024,5,15,0,136,953.61
Shivajinagar AWS,18.5308,73.8474,15-05-2024 00:15,2024-05-15 00:15:00,2024,5,15,0,136,953.55
Shivajinagar AWS,18.5308,73.8474,15-05-2024 00:20,2024-05-15 00:20:00,2024,5,15,0,136,953.45
Shivajinagar AWS,18.5308,73.8474,15-05-2024 00:25,2024-05-15 00:25:00,2024,5,15,0,136,953.47
Shivajinagar AWS,18.5308,73.8474,15-05-2024 00:30,2024-05-15 00:30:00,2024,5,15,0,136,953.33
Shivajinagar AWS,18.5308,73.8474,15-05-2024 00:35,2024-05-15 00:35:00,2024,5,15,0,136,953.42
Shivajinagar AWS,18.5308,73.8474,15-05-2024 00:40,2024-05-15 00:40:00,2024,5,15,0,136,953.37
Shivajinagar AWS,18.5308,73.8474,15-05-2024 00:45,2024-05-15 00:45:00,2024,5,15,0,136,953.36
Shivajinagar AWS,18.5308,73.8474,15-05-2024 00:50,2024-05-15 00:50:00,2024,5,15,0,136,953.39
Shivajinagar AWS,18.5308,73.8474,15-05-2024 00:55,2024-05-15 00:55:00,2024,5,15,0,136,953.41
Shivajinagar AWS,18.5308,73.8474,15-05-2024 01:00,2024-05-15 01:00:00,2024,5,15,1,136,953.28
Shivajinagar AWS,18.5308,73.8474,15-05-2024 01:05,2024-05-15 01:05:00,2024,5,15,1,136,953.34
Shivajinagar AWS,18.5308,73.8474,15-05-2024 01:10,2024-05-15 01:10:00,2024,5,15,1,136,953.35
Shivajinagar AWS,18.5308,73.8474,15-05-2024 01:15,2024-05-15 01:15:00,2024,5,15,1,136,953.29
Shivajinagar AWS,18.5308,73.8474,15-05-2024 01:20,2024-05-15 01:20:00,2024,5,15,1,136,953.23
Shivajinagar AWS,18.5308,73.8474,15-05-2024 01:25,2024-05-15 01:25:00,2024,5,15,1,136,953.21
Shivajinagar AWS,18.5308,73.8474,15-05-2024 01:30,2024-05-15 01:30:00,2024,5,15,1,136,953.11
Shivajinagar AWS,18.5308,73.8474,15-05-2024 01:35,2024-05-15 01:35:00,2024,5,15,1,136,953.26
Shivajinagar AWS,18.5308,73.8474,15-05-2024 01:40,2024-05-15 01:40:00,2024,5,15,1,136,953.39
Shivajinagar AWS,18.5308,73.8474,15-05-2024 01:45,2024-05-15 01:45:00,2024,5,15,1,136,953.44
Shivajinagar AWS,18.5308,73.8474,15-05-2024 01:50,2024-05-15 01:50:00,2024,5,15,1,136,953.43
Shivajinagar AWS,18.5308,73.8474,15-05-2024 01:55,2024-05-15 01:55:00,2024,5,15,1,136,953.43
Shivajinagar AWS,18.5308,73.8474,15-05-2024 02:00,2024-05-15 02:00:00,2024,5,15,2,136,953.51
Shivajinagar AWS,18.5308,73.8474,15-05-2024 02:05,2024-05-15 02:05:00,2024,5,15,2,136,953.67
Shivajinagar AWS,18.5308,73.8474,15-05-2024 02:10,2024-05-15 02:10:00,2024,5,15,2,136,953.64
Shivajinagar AWS,18.5308,73.8474,15-05-2024 02:15,2024-05-15 02:15:00,2024,5,15,2,136,953.58
Shivajinagar AWS,18.5308,73.8474,15-05-2024 02:20,2024-05-15 02:20:00,2024,5,15,2,136,953.73
Shivajinagar AWS,18.5308,73.8474,15-05-2024 02:25,2024-05-15 02:25:00,2024,5,15,2,136,953.61
Shivajinagar AWS,18.5308,73.8474,15-05-2024 02:30,2024-05-15 02:30:00,2024,5,15,2,136,953.56
Shivajinagar AWS,18.5308,73.8474,15-05-2024 02:35,2024-05-15 02:35:00,2024,5,15,2,136,953.58
Shivajinagar AWS,18.5308,73.8474,15-05-2024 02:40,2024-05-15 02:40:00,2024,5,15,2,136,953.5
Shivajinagar AWS,18.5308,73.8474,15-05-2024 02:45,2024-05-15 02:45:00,2024,5,15,2,136,953.64
Shivajinagar AWS,18.5308,73.8474,15-05-2024 02:50,2024-05-15 02:50:00,2024,5,15,2,136,953.75
Shivajinagar AWS,18.5308,73.8474,15-05-2024 02:55,2024-05-15 02:55:00,2024,5,15,2,136,953.75
Shivajinagar AWS,18.5308,73.8474,15-05-2024 03:00,2024-05-15 03:00:00,2024,5,15,3,136,953.91
Shivajinagar AWS,18.5308,73.8474,15-05-2024 03:05,2024-05-15 03:05:00,2024,5,15,3,136,954.07
Shivajinagar AWS,18.5308,73.8474,15-05-2024 03:10,2024-05-15 03:10:00,2024,5,15,3,136,954.11
Shivajinagar AWS,18.5308,73.8474,15-05-2024 03:15,2024-05-15 03:15:00,2024,5,15,3,136,954.12
Shivajinagar AWS,18.5308,73.8474,15-05-2024 03:20,2024-05-15 03:20:00,2024,5,15,3,136,954.35
Shivajinagar AWS,18.5308,73.8474,15-05-2024 03:25,2024-05-15 03:25:00,2024,5,15,3,136,954.45
Shivajinagar AWS,18.5308,73.8474,15-05-2024 03:30,2024-05-15 03:30:00,2024,5,15,3,136,954.51
Shivajinagar AWS,18.5308,73.8474,15-05-2024 03:35,2024-05-15 03:35:00,2024,5,15,3,136,954.66
Shivajinagar AWS,18.5308,73.8474,15-05-2024 03:40,2024-05-15 03:40:00,2024,5,15,3,136,954.73
Shivajinagar AWS,18.5308,73.8474,15-05-2024 03:45,2024-05-15 03:45:00,2024,5,15,3,136,954.73
Shivajinagar AWS,18.5308,73.8474,15-05-2024 03:50,2024-05-15 03:50:00,2024,5,15,3,136,954.78
Shivajinagar AWS,18.5308,73.8474,15-05-2024 03:55,2024-05-15 03:55:00,2024,5,15,3,136,954.9
Shivajinagar AWS,18.5308,73.8474,15-05-2024 04:00,2024-05-15 04:00:00,2024,5,15,4,136,954.78
Shivajinagar AWS,18.5308,73.8474,15-05-2024 04:05,2024-05-15 04:05:00,2024,5,15,4,136,954.81
Shivajinagar AWS,18.5308,73.8474,15-05-2024 04:10,2024-05-15 04:10:00,2024,5,15,4,136,954.97
Shivajinagar AWS,18.5308,73.8474,15-05-2024 04:15,2024-05-15 04:15:00,2024,5,15,4,136,954.97
Shivajinagar AWS,18.5308,73.8474,15-05-2024 04:20,2024-05-15 04:20:00,2024,5,15,4,136,955.15
Shivajinagar AWS,18.5308,73.8474,15-05-2024 04:25,2024-05-15 04:25:00,2024,5,15,4,136,955.3
Shivajinagar AWS,18.5308,73.8474,15-05-2024 04:30,2024-05-15 04:30:00,2024,5,15,4,136,955.33
Shivajinagar AWS,18.5308,73.8474,15-05-2024 04:35,2024-05-15 04:35:00,2024,5,15,4,136,955.33
Shivajinagar AWS,18.5308,73.8474,15-05-2024 04:40,2024-05-15 04:40:00,2024,5,15,4,136,955.34
Shivajinagar AWS,18.5308,73.8474,15-05-2024 04:45,2024-05-15 04:45:00,2024,5,15,4,136,955.6
Shivajinagar AWS,18.5308,73.8474,15-05-2024 04:50,2024-05-15 04:50:00,2024,5,15,4,136,955.78
Shivajinagar AWS,18.5308,73.8474,15-05-2024 04:55,2024-05-15 04:55:00,2024,5,15,4,136,955.82
Shivajinagar AWS,18.5308,73.8474,15-05-2024 05:00,2024-05-15 05:00:00,2024,5,15,5,136,955.79
Shivajinagar AWS,18.5308,73.8474,15-05-2024 05:05,2024-05-15 05:05:00,2024,5,15,5,136,955.83
Shivajinagar AWS,18.5308,73.8474,15-05-2024 05:10,2024-05-15 05:10:00,2024,5,15,5,136,955.87
Shivajinagar AWS,18.5308,73.8474,15-05-2024 05:15,2024-05-15 05:15:00,2024,5,15,5,136,955.8
Shivajinagar AWS,18.5308,73.8474,15-05-2024 05:20,2024-05-15 05:20:00,2024,5,15,5,136,955.83
Shivajinagar AWS,18.5308,73.8474,15-05-2024 05:25,2024-05-15 05:25:00,2024,5,15,5,136,955.96
Shivajinagar AWS,18.5308,73.8474,15-05-2024 05:30,2024-05-15 05:30:00,2024,5,15,5,136,955.84
Shivajinagar AWS,18.5308,73.8474,15-05-2024 05:35,2024-05-15 05:35:00,2024,5,15,5,136,955.93
Shivajinagar AWS,18.5308,73.8474,15-05-2024 05:40,2024-05-15 05:40:00,2024,5,15,5,136,956.06
Shivajinagar AWS,18.5308,73.8474,15-05-2024 05:45,2024-05-15 05:45:00,2024,5,15,5,136,956.03
Shivajinagar AWS,18.5308,73.8474,15-05-2024 05:50,2024-05-15 05:50:00,2024,5,15,5,136,956.18
Shivajinagar AWS,18.5308,73.8474,15-05-2024 05:55,2024-05-15 05:55:00,2024,5,15,5,136,956.14
Shivajinagar AWS,18.5308,73.8474,15-05-2024 06:00,2024-05-15 06:00:00,2024,5,15,6,136,956.18
Shivajinagar AWS,18.5308,73.8474,15-05-2024 06:05,2024-05-15 06:05:00,2024,5,15,6,136,956.16
Shivajinagar AWS,18.5308,73.8474,15-05-2024 06:10,2024-05-15 06:10:00,2024,5,15,6,136,956.14
Shivajinagar AWS,18.5308,73.8474,15-05-2024 06:15,2024-05-15 06:15:00,2024,5,15,6,136,956.1
Shivajinagar AWS,18.5308,73.8474,15-05-2024 06:20,2024-05-15 06:20:00,2024,5,15,6,136,956.16
Shivajinagar AWS,18.5308,73.8474,15-05-2024 06:25,2024-05-15 06:25:00,2024,5,15,6,136,956.23
Shivajinagar AWS,18.5308,73.8474,15-05-2024 06:30,2024-05-15 06:30:00,2024,5,15,6,136,956.21
Shivajinagar AWS,18.5308,73.8474,15-05-2024 06:35,2024-05-15 06:35:00,2024,5,15,6,136,956.1
Shivajinagar AWS,18.5308,73.8474,15-05-2024 06:40,2024-05-15 06:40:00,2024,5,15,6,136,956.13
Shivajinagar AWS,18.5308,73.8474,15-05-2024 06:45,2024-05-15 06:45:00,2024,5,15,6,136,956.15
Shivajinagar AWS,18.5308,73.8474,15-05-2024 06:50,2024-05-15 06:50:00,2024,5,15,6,136,956.12
Shivajinagar AWS,18.5308,73.8474,15-05-2024 06:55,2024-05-15 06:55:00,2024,5,15,6,136,956.26
Shivajinagar AWS,18.5308,73.8474,15-05-2024 07:00,2024-05-15 07:00:00,2024,5,15,7,136,956.11
Shivajinagar AWS,18.5308,73.8474,15-05-2024 07:05,2024-05-15 07:05:00,2024,5,15,7,136,955.92
Shivajinagar AWS,18.5308,73.8474,15-05-2024 07:10,2024-05-15 07:10:00,2024,5,15,7,136,955.84
Shivajinagar AWS,18.5308,73.8474,15-05-2024 07:15,2024-05-15 07:15:00,2024,5,15,7,136,955.89
Shivajinagar AWS,18.5308,73.8474,15-05-2024 07:20,2024-05-15 07:20:00,2024,5,15,7,136,955.78
Shivajinagar AWS,18.5308,73.8474,15-05-2024 07:25,2024-05-15 07:25:00,2024,5,15,7,136,955.68
Shivajinagar AWS,18.5308,73.8474,15-05-2024 07:30,2024-05-15 07:30:00,2024,5,15,7,136,955.74
Shivajinagar AWS,18.5308,73.8474,15-05-2024 07:35,2024-05-15 07:35:00,2024,5,15,7,136,955.75
Shivajinagar AWS,18.5308,73.8474,15-05-2024 07:40,2024-05-15 07:40:00,2024,5,15,7,136,955.75
Shivajinagar AWS,18.5308,73.8474,15-05-2024 07:45,2024-05-15 07:45:00,2024,5,15,7,136,955.78
Shivajinagar AWS,18.5308,73.8474,15-05-2024 07:50,2024-05-15 07:50:00,2024,5,15,7,136,955.71
Shivajinagar AWS,18.5308,73.8474,15-05-2024 07:55,2024-05-15 07:55:00,2024,5,15,7,136,955.64
Shivajinagar AWS,18.5308,73.8474,15-05-2024 08:00,2024-05-15 08:00:00,2024,5,15,8,136,955.67
Shivajinagar AWS,18.5308,73.8474,15-05-2024 08:05,2024-05-15 08:05:00,2024,5,15,8,136,955.52
Shivajinagar AWS,18.5308,73.8474,15-05-2024 08:10,2024-05-15 08:10:00,2024,5,15,8,136,955.3
Shivajinagar AWS,18.5308,73.8474,15-05-2024 08:15,2024-05-15 08:15:00,2024,5,15,8,136,955.23
Shivajinagar AWS,18.5308,73.8474,15-05-2024 08:20,2024-05-15 08:20:00,2024,5,15,8,136,955.26
Shivajinagar AWS,18.5308,73.8474,15-05-2024 08:25,2024-05-15 08:25:00,2024,5,15,8,136,955.24
Shivajinagar AWS,18.5308,73.8474,15-05-2024 08:30,2024-05-15 08:30:00,2024,5,15,8,136,955.26
Shivajinagar AWS,18.5308,73.8474,15-05-2024 08:35,2024-05-15 08:35:00,2024,5,15,8,136,955.05
Shivajinagar AWS,18.5308,73.8474,15-05-2024 08:40,2024-05-15 08:40:00,2024,5,15,8,136,955.02
Shivajinagar AWS,18.5308,73.8474,15-05-2024 08:45,2024-05-15 08:45:00,2024,5,15,8,136,955.02
Shivajinagar AWS,18.5308,73.8474,15-05-2024 08:50,2024-05-15 08:50:00,2024,5,15,8,136,954.86
Shivajinagar AWS,18.5308,73.8474,15-05-2024 08:55,2024-05-15 08:55:00,2024,5,15,8,136,954.87
Shivajinagar AWS,18.5308,73.8474,15-05-2024 09:00,2024-05-15 09:00:00,2024,5,15,9,136,954.81
Shivajinagar AWS,18.5308,73.8474,15-05-2024 09:05,2024-05-15 09:05:00,2024,5,15,9,136,954.99
Shivajinagar AWS,18.5308,73.8474,15-05-2024 09:10,2024-05-15 09:10:00,2024,5,15,9,136,954.75
Shivajinagar AWS,18.5308,73.8474,15-05-2024 09:15,2024-05-15 09:15:00,2024,5,15,9,136,954.79
Shivajinagar AWS,18.5308,73.8474,15-05-2024 09:20,2024-05-15 09:20:00,2024,5,15,9,136,954.69
Shivajinagar AWS,18.5308,73.8474,15-05-2024 09:25,2024-05-15 09:25:00,2024,5,15,9,136,954.49
Shivajinagar AWS,18.5308,73.8474,15-05-2024 09:30,2024-05-15 09:30:00,2024,5,15,9,136,954.39
Shivajinagar AWS,18.5308,73.8474,15-05-2024 09:35,2024-05-15 09:35:00,2024,5,15,9,136,954.34
Shivajinagar AWS,18.5308,73.8474,15-05-2024 09:40,2024-05-15 09:40:00,2024,5,15,9,136,954.36
Shivajinagar AWS,18.5308,73.8474,15-05-2024 09:45,2024-05-15 09:45:00,2024,5,15,9,136,954.43
Shivajinagar AWS,18.5308,73.8474,15-05-2024 09:50,2024-05-15 09:50:00,2024,5,15,9,136,954.46
Shivajinagar AWS,18.5308,73.8474,15-05-2024 09:55,2024-05-15 09:55:00,2024,5,15,9,136,954.3
Shivajinagar AWS,18.5308,73.8474,15-05-2024 10:00,2024-05-15 10:00:00,2024,5,15,10,136,954.32
Shivajinagar AWS,18.5308,73.8474,15-05-2024 10:05,2024-05-15 10:05:00,2024,5,15,10,136,954.27
Shivajinagar AWS,18.5308,73.8474,15-05-2024 10:10,2024-05-15 10:10:00,2024,5,15,10,136,954.13
Shivajinagar AWS,18.5308,73.8474,15-05-2024 10:15,2024-05-15 10:15:00,2024,5,15,10,136,954.04
Shivajinagar AWS,18.5308,73.8474,15-05-2024 10:20,2024-05-15 10:20:00,2024,5,15,10,136,953.9
Shivajinagar AWS,18.5308,73.8474,15-05-2024 10:25,2024-05-15 10:25:00,2024,5,15,10,136,953.83
Shivajinagar AWS,18.5308,73.8474,15-05-2024 10:30,2024-05-15 10:30:00,2024,5,15,10,136,953.7
Shivajinagar AWS,18.5308,73.8474,15-05-2024 10:35,2024-05-15 10:35:00,2024,5,15,10,136,953.54
Shivajinagar AWS,18.5308,73.8474,15-05-2024 10:40,2024-05-15 10:40:00,2024,5,15,10,136,953.51
Shivajinagar AWS,18.5308,73.8474,15-05-2024 10:45,2024-05-15 10:45:00,2024,5,15,10,136,953.5
Shivajinagar AWS,18.5308,73.8474,15-05-2024 10:50,2024-05-15 10:50:00,2024,5,15,10,136,953.41
Shivajinagar AWS,18.5308,73.8474,15-05-2024 10:55,2024-05-15 10:55:00,2024,5,15,10,136,953.46
Shivajinagar AWS,18.5308,73.8474,15-05-2024 11:00,2024-05-15 11:00:00,2024,5,15,11,136,953.36
Shivajinagar AWS,18.5308,73.8474,15-05-2024 11:05,2024-05-15 11:05:00,2024,5,15,11,136,953.27
Shivajinagar AWS,18.5308,73.8474,15-05-2024 11:10,2024-05-15 11:10:00,2024,5,15,11,136,953.26
Shivajinagar AWS,18.5308,73.8474,15-05-2024 11:15,2024-05-15 11:15:00,2024,5,15,11,136,953.18
Shivajinagar AWS,18.5308,73.8474,15-05-2024 11:20,2024-05-15 11:20:00,2024,5,15,11,136,953.13
Shivajinagar AWS,18.5308,73.8474,15-05-2024 11:25,2024-05-15 11:25:00,2024,5,15,11,136,952.87
Shivajinagar AWS,18.5308,73.8474,15-05-2024 11:30,2024-05-15 11:30:00,2024,5,15,11,136,952.82
Shivajinagar AWS,18.5308,73.8474,15-05-2024 11:35,2024-05-15 11:35:00,2024,5,15,11,136,952.62
Shivajinagar AWS,18.5308,73.8474,15-05-2024 11:40,2024-05-15 11:40:00,2024,5,15,11,136,952.48
Shivajinagar AWS,18.5308,73.8474,15-05-2024 11:45,2024-05-15 11:45:00,2024,5,15,11,136,952.34
Shivajinagar AWS,18.5308,73.8474,15-05-2024 11:50,2024-05-15 11:50:00,2024,5,15,11,136,952.22
Shivajinagar AWS,18.5308,73.8474,15-05-2024 11:55,2024-05-15 11:55:00,2024,5,15,11,136,952.16
Shivajinagar AWS,18.5308,73.8474,15-05-2024 12:00,2024-05-15 12:00:00,2024,5,15,12,136,952.1
Shivajinagar AWS,18.5308,73.8474,15-05-2024 12:05,2024-05-15 12:05:00,2024,5,15,12,136,952.13
Shivajinagar AWS,18.5308,73.8474,15-05-2024 12:10,2024-05-15 12:10:00,2024,5,15,12,136,952.13
Shivajinagar AWS,18.5308,73.8474,15-05-2024 12:15,2024-05-15 12:15:00,2024,5,15,12,136,951.96
Shivajinagar AWS,18.5308,73.8474,15-05-2024 12:20,2024-05-15 12:20:00,2024,5,15,12,136,951.96
Shivajinagar AWS,18.5308,73.8474,15-05-2024 12:25,2024-05-15 12:25:00,2024,5,15,12,136,951.97
Shivajinagar AWS,18.5308,73.8474,15-05-2024 12:30,2024-05-15 12:30:00,2024,5,15,12,136,951.94
Shivajinagar AWS,18.5308,73.8474,15-05-2024 12:35,2024-05-15 12:35:00,2024,5,15,12,136,951.93
Shivajinagar AWS,18.5308,73.8474,15-05-2024 12:40,2024-05-15 12:40:00,2024,5,15,12,136,951.94
Shivajinagar AWS,18.5308,73.8474,15-05-2024 12:45,2024-05-15 12:45:00,2024,5,15,12,136,952.0
Shivajinagar AWS,18.5308,73.8474,15-05-2024 12:50,2024-05-15 12:50:00,2024,5,15,12,136,951.88
Shivajinagar AWS,18.5308,73.8474,15-05-2024 12:55,2024-05-15 12:55:00,2024,5,15,12,136,951.86
Shivajinagar AWS,18.5308,73.8474,15-05-2024 13:00,2024-05-15 13:00:00,2024,5,15,13,136,951.99
Shivajinagar AWS,18.5308,73.8474,15-05-2024 13:05,2024-05-15 13:05:00,2024,5,15,13,136,952.11
Shivajinagar AWS,18.5308,73.8474,15-05-2024 13:10,2024-05-15 13:10:00,2024,5,15,13,136,952.18
Shivajinagar AWS,18.5308,73.8474,15-05-2024 13:15,2024-05-15 13:15:00,2024,5,15,13,136,952.23
Shivajinagar AWS,18.5308,73.8474,15-05-2024 13:20,2024-05-15 13:20:00,2024,5,15,13,136,952.37
Shivajinagar AWS,18.5308,73.8474,15-05-2024 13:25,2024-05-15 13:25:00,2024,5,15,13,136,952.52
Shivajinagar AWS,18.5308,73.8474,15-05-2024 13:30,2024-05-15 13:30:00,2024,5,15,13,136,952.51
Shivajinagar AWS,18.5308,73.8474,15-05-2024 13:35,2024-05-15 13:35:00,2024,5,15,13,136,952.44
Shivajinagar AWS,18.5308,73.8474,15-05-2024 13:40,2024-05-15 13:40:00,2024,5,15,13,136,952.42
Shivajinagar AWS,18.5308,73.8474,15-05-2024 13:45,2024-05-15 13:45:00,2024,5,15,13,136,952.68
Shivajinagar AWS,18.5308,73.8474,15-05-2024 13:50,2024-05-15 13:50:00,2024,5,15,13,136,952.56
Shivajinagar AWS,18.5308,73.8474,15-05-2024 13:55,2024-05-15 13:55:00,2024,5,15,13,136,952.54
Shivajinagar AWS,18.5308,73.8474,15-05-2024 14:00,2024-05-15 14:00:00,2024,5,15,14,136,952.44
Shivajinagar AWS,18.5308,73.8474,15-05-2024 14:05,2024-05-15 14:05:00,2024,5,15,14,136,952.48
Shivajinagar AWS,18.5308,73.8474,15-05-2024 14:10,2024-05-15 14:10:00,2024,5,15,14,136,952.41
Shivajinagar AWS,18.5308,73.8474,15-05-2024 14:15,2024-05-15 14:15:00,2024,5,15,14,136,952.43
Shivajinagar AWS,18.5308,73.8474,15-05-2024 14:20,2024-05-15 14:20:00,2024,5,15,14,136,952.31
Shivajinagar AWS,18.5308,73.8474,15-05-2024 14:25,2024-05-15 14:25:00,2024,5,15,14,136,952.4
Shivajinagar AWS,18.5308,73.8474,15-05-2024 14:30,2024-05-15 14:30:00,2024,5,15,14,136,952.54
Shivajinagar AWS,18.5308,73.8474,15-05-2024 14:35,2024-05-15 14:35:00,2024,5,15,14,136,952.55
Shivajinagar AWS,18.5308,73.8474,15-05-2024 14:40,2024-05-15 14:40:00,2024,5,15,14,136,952.59
Shivajinagar AWS,18.5308,73.8474,15-05-2024 14:45,2024-05-15 14:45:00,2024,5,15,14,136,952.62
Shivajinagar AWS,18.5308,73.8474,15-05-2024 14:50,2024-05-15 14:50:00,2024,5,15,14,136,952.68
Shivajinagar AWS,18.5308,73.8474,15-05-2024 14:55,2024-05-15 14:55:00,2024,5,15,14,136,952.73
Shivajinagar AWS,18.5308,73.8474,15-05-2024 15:00,2024-05-15 15:00:00,2024,5,15,15,136,952.84
Shivajinagar AWS,18.5308,73.8474,15-05-2024 15:05,2024-05-15 15:05:00,2024,5,15,15,136,952.99
Shivajinagar AWS,18.5308,73.8474,15-05-2024 15:10,2024-05-15 15:10:00,2024,5,15,15,136,952.97
Shivajinagar AWS,18.5308,73.8474,15-05-2024 15:15,2024-05-15 15:15:00,2024,5,15,15,136,952.99
Shivajinagar AWS,18.5308,73.8474,15-05-2024 15:20,2024-05-15 15:20:00,2024,5,15,15,136,953.12
Shivajinagar AWS,18.5308,73.8474,15-05-2024 15:25,2024-05-15 15:25:00,2024,5,15,15,136,953.06
Shivajinagar AWS,18.5308,73.8474,15-05-2024 15:30,2024-05-15 15:30:00,2024,5,15,15,136,952.95
Shivajinagar AWS,18.5308,73.8474,15-05-2024 15:35,2024-05-15 15:35:00,2024,5,15,15,136,953.03
Shivajinagar AWS,18.5308,73.8474,15-05-2024 15:40,2024-05-15 15:40:00,2024,5,15,15,136,953.14
Shivajinagar AWS,18.5308,73.8474,15-05-2024 15:45,2024-05-15 15:45:00,2024,5,15,15,136,953.14
Shivajinagar AWS,18.5308,73.8474,15-05-2024 15:50,2024-05-15 15:50:00,2024,5,15,15,136,953.16
Shivajinagar AWS,18.5308,73.8474,15-05-2024 15:55,2024-05-15 15:55:00,2024,5,15,15,136,953.16
Shivajinagar AWS,18.5308,73.8474,15-05-2024 16:00,2024-05-15 16:00:00,2024,5,15,16,136,953.16
Shivajinagar AWS,18.5308,73.8474,15-05-2024 16:05,2024-05-15 16:05:00,2024,5,15,16,136,953.28
Shivajinagar AWS,18.5308,73.8474,15-05-2024 16:10,2024-05-15 16:10:00,2024,5,15,16,136,953.26
Shivajinagar AWS,18.5308,73.8474,15-05-2024 16:15,2024-05-15 16:15:00,2024,5,15,16,136,953.3
Shivajinagar AWS,18.5308,73.8474,15-05-2024 16:20,2024-05-15 16:20:00,2024,5,15,16,136,953.3
Shivajinagar AWS,18.5308,73.8474,15-05-2024 16:25,2024-05-15 16:25:00,2024,5,15,16,136,953.26
Shivajinagar AWS,18.5308,73.8474,15-05-2024 16:30,2024-05-15 16:30:00,2024,5,15,16,136,953.4
Shivajinagar AWS,18.5308,73.8474,15-05-2024 16:35,2024-05-15 16:35:00,2024,5,15,16,136,953.43
Shivajinagar AWS,18.5308,73.8474,15-05-2024 16:40,2024-05-15 16:40:00,2024,5,15,16,136,953.52
Shivajinagar AWS,18.5308,73.8474,15-05-2024 16:45,2024-05-15 16:45:00,2024,5,15,16,136,953.46
Shivajinagar AWS,18.5308,73.8474,15-05-2024 16:50,2024-05-15 16:50:00,2024,5,15,16,136,953.48
Shivajinagar AWS,18.5308,73.8474,15-05-2024 16:55,2024-05-15 16:55:00,2024,5,15,16,136,953.61
Shivajinagar AWS,18.5308,73.8474,15-05-2024 17:00,2024-05-15 17:00:00,2024,5,15,17,136,953.88
Shivajinagar AWS,18.5308,73.8474,15-05-2024 17:05,2024-05-15 17:05:00,2024,5,15,17,136,953.78
Shivajinagar AWS,18.5308,73.8474,15-05-2024 17:10,2024-05-15 17:10:00,2024,5,15,17,136,953.82
Shivajinagar AWS,18.5308,73.8474,15-05-2024 17:15,2024-05-15 17:15:00,2024,5,15,17,136,953.92
Shivajinagar AWS,18.5308,73.8474,15-05-2024 17:20,2024-05-15 17:20:00,2024,5,15,17,136,953.92
Shivajinagar AWS,18.5308,73.8474,15-05-2024 17:25,2024-05-15 17:25:00,2024,5,15,17,136,954.04
Shivajinagar AWS,18.5308,73.8474,15-05-2024 17:30,2024-05-15 17:30:00,2024,5,15,17,136,954.02
Shivajinagar AWS,18.5308,73.8474,15-05-2024 17:35,2024-05-15 17:35:00,2024,5,15,17,136,954.09
Shivajinagar AWS,18.5308,73.8474,15-05-2024 17:40,2024-05-15 17:40:00,2024,5,15,17,136,954.09
Shivajinagar AWS,18.5308,73.8474,15-05-2024 17:45,2024-05-15 17:45:00,2024,5,15,17,136,954.23
Shivajinagar AWS,18.5308,73.8474,15-05-2024 17:50,2024-05-15 17:50:00,2024,5,15,17,136,954.22
Shivajinagar AWS,18.5308,73.8474,15-05-2024 17:55,2024-05-15 17:55:00,2024,5,15,17,136,954.23
Shivajinagar AWS,18.5308,73.8474,15-05-2024 18:00,2024-05-15 18:00:00,2024,5,15,18,136,954.34
Shivajinagar AWS,18.5308,73.8474,15-05-2024 18:05,2024-05-15 18:05:00,2024,5,15,18,136,954.29
Shivajinagar AWS,18.5308,73.8474,15-05-2024 18:10,2024-05-15 18:10:00,2024,5,15,18,136,954.33
Shivajinagar AWS,18.5308,73.8474,15-05-2024 18:15,2024-05-15 18:15:00,2024,5,15,18,136,954.21
Shivajinagar AWS,18.5308,73.8474,15-05-2024 18:20,2024-05-15 18:20:00,2024,5,15,18,136,954.15
Shivajinagar AWS,18.5308,73.8474,15-05-2024 18:25,2024-05-15 18:25:00,2024,5,15,18,136,954.21
Shivajinagar AWS,18.5308,73.8474,15-05-2024 18:30,2024-05-15 18:30:00,2024,5,15,18,136,954.16
Shivajinagar AWS,18.5308,73.8474,15-05-2024 18:35,2024-05-15 18:35:00,2024,5,15,18,136,954.14
Shivajinagar AWS,18.5308,73.8474,15-05-2024 18:40,2024-05-15 18:40:00,2024,5,15,18,136,954.2
Shivajinagar AWS,18.5308,73.8474,15-05-2024 18:45,2024-05-15 18:45:00,2024,5,15,18,136,954.17
Shivajinagar AWS,18.5308,73.8474,15-05-2024 18:50,2024-05-15 18:50:00,2024,5,15,18,136,954.26
Shivajinagar AWS,18.5308,73.8474,15-05-2024 18:55,2024-05-15 18:55:00,2024,5,15,18,136,954.28
Shivajinagar AWS,18.5308,73.8474,15-05-2024 19:00,2024-05-15 19:00:00,2024,5,15,19,136,954.32
Shivajinagar AWS,18.5308,73.8474,15-05-2024 19:05,2024-05-15 19:05:00,2024,5,15,19,136,954.42
Shivajinagar AWS,18.5308,73.8474,15-05-2024 19:10,2024-05-15 19:10:00,2024,5,15,19,136,954.44
Shivajinagar AWS,18.5308,73.8474,15-05-2024 19:15,2024-05-15 19:15:00,2024,5,15,19,136,954.56
Shivajinagar AWS,18.5308,73.8474,15-05-2024 19:20,2024-05-15 19:20:00,2024,5,15,19,136,954.61
Shivajinagar AWS,18.5308,73.8474,15-05-2024 19:25,2024-05-15 19:25:00,2024,5,15,19,136,954.54
Shivajinagar AWS,18.5308,73.8474,15-05-2024 19:30,2024-05-15 19:30:00,2024,5,15,19,136,954.62
Shivajinagar AWS,18.5308,73.8474,15-05-2024 19:35,2024-05-15 19:35:00,2024,5,15,19,136,954.61
Shivajinagar AWS,18.5308,73.8474,15-05-2024 19:40,2024-05-15 19:40:00,2024,5,15,19,136,954.54
Shivajinagar AWS,18.5308,73.8474,15-05-2024 19:45,2024-05-15 19:45:00,2024,5,15,19,136,954.53
Shivajinagar AWS,18.5308,73.8474,15-05-2024 19:50,2024-05-15 19:50:00,2024,5,15,19,136,954.58
Shivajinagar AWS,18.5308,73.8474,15-05-2024 19:55,2024-05-15 19:55:00,2024,5,15,19,136,954.57
Shivajinagar AWS,18.5308,73.8474,15-05-2024 20:00,2024-05-15 20:00:00,2024,5,15,20,136,954.66
Shivajinagar AWS,18.5308,73.8474,15-05-2024 20:05,2024-05-15 20:05:00,2024,5,15,20,136,954.69
Shivajinagar AWS,18.5308,73.8474,15-05-2024 20:10,2024-05-15 20:10:00,2024,5,15,20,136,954.67
Shivajinagar AWS,18.5308,73.8474,15-05-2024 20:15,2024-05-15 20:15:00,2024,5,15,20,136,954.52
Shivajinagar AWS,18.5308,73.8474,15-05-2024 20:20,2024-05-15 20:20:00,2024,5,15,20,136,954.44
Shivajinagar AWS,18.5308,73.8474,15-05-2024 20:25,2024-05-15 20:25:00,2024,5,15,20,136,954.38
Shivajinagar AWS,18.5308,73.8474,15-05-2024 20:30,2024-05-15 20:30:00,2024,5,15,20,136,954.37
Shivajinagar AWS,18.5308,73.8474,15-05-2024 20:35,2024-05-15 20:35:00,2024,5,15,20,136,954.35
Shivajinagar AWS,18.5308,73.8474,15-05-2024 20:40,2024-05-15 20:40:00,2024,5,15,20,136,954.28
Shivajinagar AWS,18.5308,73.8474,15-05-2024 20:45,2024-05-15 20:45:00,2024,5,15,20,136,954.22
Shivajinagar AWS,18.5308,73.8474,15-05-2024 20:50,2024-05-15 20:50:00,2024,5,15,20,136,954.2
Shivajinagar AWS,18.5308,73.8474,15-05-2024 20:55,2024-05-15 20:55:00,2024,5,15,20,136,954.04
Shivajinagar AWS,18.5308,73.8474,15-05-2024 21:00,2024-05-15 21:00:00,2024,5,15,21,136,954.1
Shivajinagar AWS,18.5308,73.8474,15-05-2024 21:05,2024-05-15 21:05:00,2024,5,15,21,136,953.85
Shivajinagar AWS,18.5308,73.8474,15-05-2024 21:10,2024-05-15 21:10:00,2024,5,15,21,136,953.89
Shivajinagar AWS,18.5308,73.8474,15-05-2024 21:15,2024-05-15 21:15:00,2024,5,15,21,136,953.8
Shivajinagar AWS,18.5308,73.8474,15-05-2024 21:20,2024-05-15 21:20:00,2024,5,15,21,136,953.79
Shivajinagar AWS,18.5308,73.8474,15-05-2024 21:25,2024-05-15 21:25:00,2024,5,15,21,136,953.73
Shivajinagar AWS,18.5308,73.8474,15-05-2024 21:30,2024-05-15 21:30:00,2024,5,15,21,136,953.67
Shivajinagar AWS,18.5308,73.8474,15-05-2024 21:35,2024-05-15 21:35:00,2024,5,15,21,136,953.62
Shivajinagar AWS,18.5308,73.8474,15-05-2024 21:40,2024-05-15 21:40:00,2024,5,15,21,136,953.59
Shivajinagar AWS,18.5308,73.8474,15-05-2024 21:45,2024-05-15 21:45:00,2024,5,15,21,136,953.47
Shivajinagar AWS,18.5308,73.8474,15-05-2024 21:50,2024-05-15 21:50:00,2024,5,15,21,136,953.45
Shivajinagar AWS,18.5308,73.8474,15-05-2024 21:55,2024-05-15 21:55:00,2024,5,15,21,136,953.27
Shivajinagar AWS,18.5308,73.8474,15-05-2024 22:00,2024-05-15 22:00:00,2024,5,15,22,136,953.17
Shivajinagar AWS,18.5308,73.8474,15-05-2024 22:05,2024-05-15 22:05:00,2024,5,15,22,136,953.15
Shivajinagar AWS,18.5308,73.8474,15-05-2024 22:10,2024-05-15 22:10:00,2024,5,15,22,136,953.13
Shivajinagar AWS,18.5308,73.8474,15-05-2024 22:15,2024-05-15 22:15:00,2024,5,15,22,136,953.07
Shivajinagar AWS,18.5308,73.8474,15-05-2024 22:20,2024-05-15 22:20:00,2024,5,15,22,136,952.95
Shivajinagar AWS,18.5308,73.8474,15-05-2024 22:25,2024-05-15 22:25:00,2024,5,15,22,136,952.92
Shivajinagar AWS,18.5308,73.8474,15-05-2024 22:30,2024-05-15 22:30:00,2024,5,15,22,136,952.77
Shivajinagar AWS,18.5308,73.8474,15-05-2024 22:35,2024-05-15 22:35:00,2024,5,15,22,136,952.82
Shivajinagar AWS,18.5308,73.8474,15-05-2024 22:40,2024-05-15 22:40:00,2024,5,15,22,136,952.72
Shivajinagar AWS,18.5308,73.8474,15-05-2024 22:45,2024-05-15 22:45:00,2024,5,15,22,136,952.5
Shivajinagar AWS,18.5308,73.8474,15-05-2024 22:50,2024-05-15 22:50:00,2024,5,15,22,136,952.32
Shivajinagar AWS,18.5308,73.8474,15-05-2024 22:55,2024-05-15 22:55:00,2024,5,15,22,136,952.24
Shivajinagar AWS,18.5308,73.8474,15-05-2024 23:00,2024-05-15 23:00:00,2024,5,15,23,136,952.17
Shivajinagar AWS,18.5308,73.8474,15-05-2024 23:05,2024-05-15 23:05:00,2024,5,15,23,136,952.25
Shivajinagar AWS,18.5308,73.8474,15-05-2024 23:10,2024-05-15 23:10:00,2024,5,15,23,136,952.08
Shivajinagar AWS,18.5308,73.8474,15-05-2024 23:15,2024-05-15 23:15:00,2024,5,15,23,136,952.01
Shivajinagar AWS,18.5308,73.8474,15-05-2024 23:20,2024-05-15 23:20:00,2024,5,15,23,136,951.85
Shivajinagar AWS,18.5308,73.8474,15-05-2024 23:25,2024-05-15 23:25:00,2024,5,15,23,136,951.74
Shivajinagar AWS,18.5308,73.8474,15-05-2024 23:30,2024-05-15 23:30:00,2024,5,15,23,136,951.81
Shivajinagar AWS,18.5308,73.8474,15-05-2024 23:35,2024-05-15 23:35:00,2024,5,15,23,136,951.65
Shivajinagar AWS,18.5308,73.8474,15-05-2024 23:40,2024-05-15 23:40:00,2024,5,15,23,136,951.64
Shivajinagar AWS,18.5308,73.8474,15-05-2024 23:45,2024-05-15 23:45:00,2024,5,15,23,136,951.61
Shivajinagar AWS,18.5308,73.8474,15-05-2024 23:50,2024-05-15 23:50:00,2024,5,15,23,136,951.54
Shivajinagar AWS,18.5308,73.8474,15-05-2024 23:55,2024-05-15 23:55:00,2024,5,15,23,136,951.53
Shivajinagar AWS,18.5308,73.8474,16-05-2024 00:00,2024-05-16 00:00:00,2024,5,16,0,137,951.38
Shivajinagar AWS,18.5308,73.8474,16-05-2024 00:05,2024-05-16 00:05:00,2024,5,16,0,137,951.46
Shivajinagar AWS,18.5308,73.8474,16-05-2024 00:10,2024-05-16 00:10:00,2024,5,16,0,137,951.56
Shivajinagar AWS,18.5308,73.8474,16-05-2024 00:15,2024-05-16 00:15:00,2024,5,16,0,137,951.51
Shivajinagar AWS,18.5308,73.8474,16-05-2024 00:20,2024-05-16 00:20:00,2024,5,16,0,137,951.66
Shivajinagar AWS,18.5308,73.8474,16-05-2024 00:25,2024-05-16 00:25:00,2024,5,16,0,137,951.57
Shivajinagar AWS,18.5308,73.8474,16-05-2024 00:30,2024-05-16 00:30:00,2024,5,16,0,137,951.55
Shivajinagar AWS,18.5308,73.8474,16-05-2024 00:35,2024-05-16 00:35:00,2024,5,16,0,137,951.61
Shivajinagar AWS,18.5308,73.8474,16-05-2024 00:40,2024-05-16 00:40:00,2024,5,16,0,137,951.53
Shivajinagar AWS,18.5308,73.8474,16-05-2024 00:45,2024-05-16 00:45:00,2024,5,16,0,137,951.37
Shivajinagar AWS,18.5308,73.8474,16-05-2024 00:50,2024-05-16 00:50:00,2024,5,16,0,137,951.21
Shivajinagar AWS,18.5308,73.8474,16-05-2024 00:55,2024-05-16 00:55:00,2024,5,16,0,137,951.34
Shivajinagar AWS,18.5308,73.8474,16-05-2024 01:00,2024-05-16 01:00:00,2024,5,16,1,137,951.27
Shivajinagar AWS,18.5308,73.8474,16-05-2024 01:05,2024-05-16 01:05:00,2024,5,16,1,137,951.23
Shivajinagar AWS,18.5308,73.8474,16-05-2024 01:10,2024-05-16 01:10:00,2024,5,16,1,137,951.12
Shivajinagar AWS,18.5308,73.8474,16-05-2024 01:15,2024-05-16 01:15:00,2024,5,16,1,137,951.18
Shivajinagar AWS,18.5308,73.8474,16-05-2024 01:20,2024-05-16 01:20:00,2024,5,16,1,137,951.1
Shivajinagar AWS,18.5308,73.8474,16-05-2024 01:25,2024-05-16 01:25:00,2024,5,16,1,137,951.06
Shivajinagar AWS,18.5308,73.8474,16-05-2024 01:30,2024-05-16 01:30:00,2024,5,16,1,137,951.08
Shivajinagar AWS,18.5308,73.8474,16-05-2024 01:35,2024-05-16 01:35:00,2024,5,16,1,137,950.99
Shivajinagar AWS,18.5308,73.8474,16-05-2024 01:40,2024-05-16 01:40:00,2024,5,16,1,137,950.98
Shivajinagar AWS,18.5308,73.8474,16-05-2024 01:45,2024-05-16 01:45:00,2024,5,16,1,137,951.1
Shivajinagar AWS,18.5308,73.8474,16-05-2024 01:50,2024-05-16 01:50:00,2024,5,16,1,137,951.14
Shivajinagar AWS,18.5308,73.8474,16-05-2024 01:55,2024-05-16 01:55:00,2024,5,16,1,137,951.16
Shivajinagar AWS,18.5308,73.8474,16-05-2024 02:00,2024-05-16 02:00:00,2024,5,16,2,137,951.19
Shivajinagar AWS,18.5308,73.8474,16-05-2024 02:05,2024-05-16 02:05:00,2024,5,16,2,137,951.17
Shivajinagar AWS,18.5308,73.8474,16-05-2024 02:10,2024-05-16 02:10:00,2024,5,16,2,137,951.35
Shivajinagar AWS,18.5308,73.8474,16-05-2024 02:15,2024-05-16 02:15:00,2024,5,16,2,137,951.3
Shivajinagar AWS,18.5308,73.8474,16-05-2024 02:20,2024-05-16 02:20:00,2024,5,16,2,137,951.33
Shivajinagar AWS,18.5308,73.8474,16-05-2024 02:25,2024-05-16 02:25:00,2024,5,16,2,137,951.36
Shivajinagar AWS,18.5308,73.8474,16-05-2024 02:30,2024-05-16 02:30:00,2024,5,16,2,137,951.47
Shivajinagar AWS,18.5308,73.8474,16-05-2024 02:35,2024-05-16 02:35:00,2024,5,16,2,137,951.58
Shivajinagar AWS,18.5308,73.8474,16-05-2024 02:40,2024-05-16 02:40:00,2024,5,16,2,137,951.6
Shivajinagar AWS,18.5308,73.8474,16-05-2024 02:45,2024-05-16 02:45:00,2024,5,16,2,137,951.64
Shivajinagar AWS,18.5308,73.8474,16-05-2024 02:50,2024-05-16 02:50:00,2024,5,16,2,137,951.7
Shivajinagar AWS,18.5308,73.8474,16-05-2024 02:55,2024-05-16 02:55:00,2024,5,16,2,137,951.54
Shivajinagar AWS,18.5308,73.8474,16-05-2024 03:00,2024-05-16 03:00:00,2024,5,16,3,137,951.45
Shivajinagar AWS,18.5308,73.8474,16-05-2024 03:05,2024-05-16 03:05:00,2024,5,16,3,137,951.44
Shivajinagar AWS,18.5308,73.8474,16-05-2024 03:10,2024-05-16 03:10:00,2024,5,16,3,137,951.45
Shivajinagar AWS,18.5308,73.8474,16-05-2024 03:15,2024-05-16 03:15:00,2024,5,16,3,137,951.4
Shivajinagar AWS,18.5308,73.8474,16-05-2024 03:20,2024-05-16 03:20:00,2024,5,16,3,137,951.51
Shivajinagar AWS,18.5308,73.8474,16-05-2024 03:25,2024-05-16 03:25:00,2024,5,16,3,137,951.57
Shivajinagar AWS,18.5308,73.8474,16-05-2024 03:30,2024-05-16 03:30:00,2024,5,16,3,137,951.6
Shivajinagar AWS,18.5308,73.8474,16-05-2024 03:35,2024-05-16 03:35:00,2024,5,16,3,137,951.56
Shivajinagar AWS,18.5308,73.8474,16-05-2024 03:40,2024-05-16 03:40:00,2024,5,16,3,137,951.61
Shivajinagar AWS,18.5308,73.8474,16-05-2024 03:45,2024-05-16 03:45:00,2024,5,16,3,137,951.46
Shivajinagar AWS,18.5308,73.8474,16-05-2024 03:50,2024-05-16 03:50:00,2024,5,16,3,137,951.52
Shivajinagar AWS,18.5308,73.8474,16-05-2024 03:55,2024-05-16 03:55:00,2024,5,16,3,137,951.59
Shivajinagar AWS,18.5308,73.8474,16-05-2024 04:00,2024-05-16 04:00:00,2024,5,16,4,137,951.68
Shivajinagar AWS,18.5308,73.8474,16-05-2024 04:05,2024-05-16 04:05:00,2024,5,16,4,137,951.62
Shivajinagar AWS,18.5308,73.8474,16-05-2024 04:10,2024-05-16 04:10:00,2024,5,16,4,137,951.71
Shivajinagar AWS,18.5308,73.8474,16-05-2024 04:15,2024-05-16 04:15:00,2024,5,16,4,137,951.7
Shivajinagar AWS,18.5308,73.8474,16-05-2024 04:20,2024-05-16 04:20:00,2024,5,16,4,137,951.71
Shivajinagar AWS,18.5308,73.8474,16-05-2024 04:25,2024-05-16 04:25:00,2024,5,16,4,137,951.84
Shivajinagar AWS,18.5308,73.8474,16-05-2024 04:30,2024-05-16 04:30:00,2024,5,16,4,137,952.07
Shivajinagar AWS,18.5308,73.8474,16-05-2024 04:35,2024-05-16 04:35:00,2024,5,16,4,137,952.13
Shivajinagar AWS,18.5308,73.8474,16-05-2024 04:40,2024-05-16 04:40:00,2024,5,16,4,137,952.13
Shivajinagar AWS,18.5308,73.8474,16-05-2024 04:45,2024-05-16 04:45:00,2024,5,16,4,137,952.21
Shivajinagar AWS,18.5308,73.8474,16-05-2024 04:50,2024-05-16 04:50:00,2024,5,16,4,137,952.34
Shivajinagar AWS,18.5308,73.8474,16-05-2024 04:55,2024-05-16 04:55:00,2024,5,16,4,137,952.45
Shivajinagar AWS,18.5308,73.8474,16-05-2024 05:00,2024-05-16 05:00:00,2024,5,16,5,137,952.72
Shivajinagar AWS,18.5308,73.8474,16-05-2024 05:05,2024-05-16 05:05:00,2024,5,16,5,137,952.7
Shivajinagar AWS,18.5308,73.8474,16-05-2024 05:10,2024-05-16 05:10:00,2024,5,16,5,137,952.76
Shivajinagar AWS,18.5308,73.8474,16-05-2024 05:15,2024-05-16 05:15:00,2024,5,16,5,137,952.93
Shivajinagar AWS,18.5308,73.8474,16-05-2024 05:20,2024-05-16 05:20:00,2024,5,16,5,137,953.08
Shivajinagar AWS,18.5308,73.8474,16-05-2024 05:25,2024-05-16 05:25:00,2024,5,16,5,137,952.95
Shivajinagar AWS,18.5308,73.8474,16-05-2024 05:30,2024-05-16 05:30:00,2024,5,16,5,137,952.98
Shivajinagar AWS,18.5308,73.8474,16-05-2024 05:35,2024-05-16 05:35:00,2024,5,16,5,137,953.13
Shivajinagar AWS,18.5308,73.8474,16-05-2024 05:40,2024-05-16 05:40:00,2024,5,16,5,137,953.39
Shivajinagar AWS,18.5308,73.8474,16-05-2024 05:45,2024-05-16 05:45:00,2024,5,16,5,137,953.45
Shivajinagar AWS,18.5308,73.8474,16-05-2024 05:50,2024-05-16 05:50:00,2024,5,16,5,137,953.43
Shivajinagar AWS,18.5308,73.8474,16-05-2024 05:55,2024-05-16 05:55:00,2024,5,16,5,137,953.36
Shivajinagar AWS,18.5308,73.8474,16-05-2024 06:00,2024-05-16 06:00:00,2024,5,16,6,137,953.55
Shivajinagar AWS,18.5308,73.8474,16-05-2024 06:05,2024-05-16 06:05:00,2024,5,16,6,137,953.61
Shivajinagar AWS,18.5308,73.8474,16-05-2024 06:10,2024-05-16 06:10:00,2024,5,16,6,137,953.54
Shivajinagar AWS,18.5308,73.8474,16-05-2024 06:15,2024-05-16 06:15:00,2024,5,16,6,137,953.52
Shivajinagar AWS,18.5308,73.8474,16-05-2024 06:20,2024-05-16 06:20:00,2024,5,16,6,137,953.54
Shivajinagar AWS,18.5308,73.8474,16-05-2024 06:25,2024-05-16 06:25:00,2024,5,16,6,137,953.58
Shivajinagar AWS,18.5308,73.8474,16-05-2024 06:30,2024-05-16 06:30:00,2024,5,16,6,137,953.49
Shivajinagar AWS,18.5308,73.8474,16-05-2024 06:35,2024-05-16 06:35:00,2024,5,16,6,137,953.44
Shivajinagar AWS,18.5308,73.8474,16-05-2024 06:40,2024-05-16 06:40:00,2024,5,16,6,137,953.29
Shivajinagar AWS,18.5308,73.8474,16-05-2024 06:45,2024-05-16 06:45:00,2024,5,16,6,137,953.37
Shivajinagar AWS,18.5308,73.8474,16-05-2024 06:50,2024-05-16 06:50:00,2024,5,16,6,137,953.33
Shivajinagar AWS,18.5308,73.8474,16-05-2024 06:55,2024-05-16 06:55:00,2024,5,16,6,137,953.36
Shivajinagar AWS,18.5308,73.8474,16-05-2024 07:00,2024-05-16 07:00:00,2024,5,16,7,137,953.45
Shivajinagar AWS,18.5308,73.8474,16-05-2024 07:05,2024-05-16 07:05:00,2024,5,16,7,137,953.44
Shivajinagar AWS,18.5308,73.8474,16-05-2024 07:10,2024-05-16 07:10:00,2024,5,16,7,137,953.41
Shivajinagar AWS,18.5308,73.8474,16-05-2024 07:15,2024-05-16 07:15:00,2024,5,16,7,137,953.39
Shivajinagar AWS,18.5308,73.8474,16-05-2024 07:20,2024-05-16 07:20:00,2024,5,16,7,137,953.37
Shivajinagar AWS,18.5308,73.8474,16-05-2024 07:25,2024-05-16 07:25:00,2024,5,16,7,137,953.43
Shivajinagar AWS,18.5308,73.8474,16-05-2024 07:30,2024-05-16 07:30:00,2024,5,16,7,137,953.41
Shivajinagar AWS,18.5308,73.8474,16-05-2024 07:35,2024-05-16 07:35:00,2024,5,16,7,137,953.33
Shivajinagar AWS,18.5308,73.8474,16-05-2024 07:40,2024-05-16 07:40:00,2024,5,16,7,137,953.37
Shivajinagar AWS,18.5308,73.8474,16-05-2024 07:45,2024-05-16 07:45:00,2024,5,16,7,137,953.41
Shivajinagar AWS,18.5308,73.8474,16-05-2024 07:50,2024-05-16 07:50:00,2024,5,16,7,137,953.25
Shivajinagar AWS,18.5308,73.8474,16-05-2024 07:55,2024-05-16 07:55:00,2024,5,16,7,137,953.32
Shivajinagar AWS,18.5308,73.8474,16-05-2024 08:00,2024-05-16 08:00:00,2024,5,16,8,137,953.29
Shivajinagar AWS,18.5308,73.8474,16-05-2024 08:05,2024-05-16 08:05:00,2024,5,16,8,137,953.25
Shivajinagar AWS,18.5308,73.8474,16-05-2024 08:10,2024-05-16 08:10:00,2024,5,16,8,137,953.26
Shivajinagar AWS,18.5308,73.8474,16-05-2024 08:15,2024-05-16 08:15:00,2024,5,16,8,137,953.15
Shivajinagar AWS,18.5308,73.8474,16-05-2024 08:20,2024-05-16 08:20:00,2024,5,16,8,137,953.16
Shivajinagar AWS,18.5308,73.8474,16-05-2024 08:25,2024-05-16 08:25:00,2024,5,16,8,137,953.05
Shivajinagar AWS,18.5308,73.8474,16-05-2024 08:30,2024-05-16 08:30:00,2024,5,16,8,137,952.86
Shivajinagar AWS,18.5308,73.8474,16-05-2024 08:35,2024-05-16 08:35:00,2024,5,16,8,137,952.71
Shivajinagar AWS,18.5308,73.8474,16-05-2024 08:40,2024-05-16 08:40:00,2024,5,16,8,137,952.68
Shivajinagar AWS,18.5308,73.8474,16-05-2024 08:45,2024-05-16 08:45:00,2024,5,16,8,137,952.54
Shivajinagar AWS,18.5308,73.8474,16-05-2024 08:50,2024-05-16 08:50:00,2024,5,16,8,137,952.6
Shivajinagar AWS,18.5308,73.8474,16-05-2024 08:55,2024-05-16 08:55:00,2024,5,16,8,137,952.61
Shivajinagar AWS,18.5308,73.8474,16-05-2024 09:00,2024-05-16 09:00:00,2024,5,16,9,137,952.64
Shivajinagar AWS,18.5308,73.8474,16-05-2024 09:05,2024-05-16 09:05:00,2024,5,16,9,137,952.56
Shivajinagar AWS,18.5308,73.8474,16-05-2024 09:10,2024-05-16 09:10:00,2024,5,16,9,137,952.5
Shivajinagar AWS,18.5308,73.8474,16-05-2024 09:15,2024-05-16 09:15:00,2024,5,16,9,137,952.31
Shivajinagar AWS,18.5308,73.8474,16-05-2024 09:20,2024-05-16 09:20:00,2024,5,16,9,137,952.31
Shivajinagar AWS,18.5308,73.8474,16-05-2024 09:25,2024-05-16 09:25:00,2024,5,16,9,137,952.25
Shivajinagar AWS,18.5308,73.8474,16-05-2024 09:30,2024-05-16 09:30:00,2024,5,16,9,137,952.2
Shivajinagar AWS,18.5308,73.8474,16-05-2024 09:35,2024-05-16 09:35:00,2024,5,16,9,137,952.25
Shivajinagar AWS,18.5308,73.8474,16-05-2024 09:40,2024-05-16 09:40:00,2024,5,16,9,137,952.1
Shivajinagar AWS,18.5308,73.8474,16-05-2024 09:45,2024-05-16 09:45:00,2024,5,16,9,137,952.0
Shivajinagar AWS,18.5308,73.8474,16-05-2024 09:50,2024-05-16 09:50:00,2024,5,16,9,137,951.93
Shivajinagar AWS,18.5308,73.8474,16-05-2024 09:55,2024-05-16 09:55:00,2024,5,16,9,137,951.76
Shivajinagar AWS,18.5308,73.8474,16-05-2024 10:00,2024-05-16 10:00:00,2024,5,16,10,137,951.66
Shivajinagar AWS,18.5308,73.8474,16-05-2024 10:05,2024-05-16 10:05:00,2024,5,16,10,137,951.61
Shivajinagar AWS,18.5308,73.8474,16-05-2024 10:10,2024-05-16 10:10:00,2024,5,16,10,137,951.49
Shivajinagar AWS,18.5308,73.8474,16-05-2024 10:15,2024-05-16 10:15:00,2024,5,16,10,137,951.51
Shivajinagar AWS,18.5308,73.8474,16-05-2024 10:20,2024-05-16 10:20:00,2024,5,16,10,137,951.3
Shivajinagar AWS,18.5308,73.8474,16-05-2024 10:25,2024-05-16 10:25:00,2024,5,16,10,137,951.3
Shivajinagar AWS,18.5308,73.8474,16-05-2024 10:30,2024-05-16 10:30:00,2024,5,16,10,137,951.27
Shivajinagar AWS,18.5308,73.8474,16-05-2024 10:35,2024-05-16 10:35:00,2024,5,16,10,137,951.13
Shivajinagar AWS,18.5308,73.8474,16-05-2024 10:40,2024-05-16 10:40:00,2024,5,16,10,137,950.97
Shivajinagar AWS,18.5308,73.8474,16-05-2024 10:45,2024-05-16 10:45:00,2024,5,16,10,137,950.73
Shivajinagar AWS,18.5308,73.8474,16-05-2024 10:50,2024-05-16 10:50:00,2024,5,16,10,137,950.59
Shivajinagar AWS,18.5308,73.8474,16-05-2024 10:55,2024-05-16 10:55:00,2024,5,16,10,137,950.61
Shivajinagar AWS,18.5308,73.8474,16-05-2024 11:00,2024-05-16 11:00:00,2024,5,16,11,137,950.53
Shivajinagar AWS,18.5308,73.8474,16-05-2024 11:05,2024-05-16 11:05:00,2024,5,16,11,137,950.56
Shivajinagar AWS,18.5308,73.8474,16-05-2024 11:10,2024-05-16 11:10:00,2024,5,16,11,137,950.44
Shivajinagar AWS,18.5308,73.8474,16-05-2024 11:15,2024-05-16 11:15:00,2024,5,16,11,137,950.43
Shivajinagar AWS,18.5308,73.8474,16-05-2024 11:20,2024-05-16 11:20:00,2024,5,16,11,137,950.3
Shivajinagar AWS,18.5308,73.8474,16-05-2024 11:25,2024-05-16 11:25:00,2024,5,16,11,137,950.16
Shivajinagar AWS,18.5308,73.8474,16-05-2024 11:30,2024-05-16 11:30:00,2024,5,16,11,137,950.1
Shivajinagar AWS,18.5308,73.8474,16-05-2024 11:35,2024-05-16 11:35:00,2024,5,16,11,137,949.99
Shivajinagar AWS,18.5308,73.8474,16-05-2024 11:40,2024-05-16 11:40:00,2024,5,16,11,137,949.82
Shivajinagar AWS,18.5308,73.8474,16-05-2024 11:45,2024-05-16 11:45:00,2024,5,16,11,137,949.76
Shivajinagar AWS,18.5308,73.8474,16-05-2024 11:50,2024-05-16 11:50:00,2024,5,16,11,137,949.73
Shivajinagar AWS,18.5308,73.8474,16-05-2024 11:55,2024-05-16 11:55:00,2024,5,16,11,137,949.79
Shivajinagar AWS,18.5308,73.8474,16-05-2024 12:00,2024-05-16 12:00:00,2024,5,16,12,137,949.83
Shivajinagar AWS,18.5308,73.8474,16-05-2024 12:05,2024-05-16 12:05:00,2024,5,16,12,137,949.88
Shivajinagar AWS,18.5308,73.8474,16-05-2024 12:10,2024-05-16 12:10:00,2024,5,16,12,137,949.9
Shivajinagar AWS,18.5308,73.8474,16-05-2024 12:15,2024-05-16 12:15:00,2024,5,16,12,137,949.88
Shivajinagar AWS,18.5308,73.8474,16-05-2024 12:20,2024-05-16 12:20:00,2024,5,16,12,137,949.75
Shivajinagar AWS,18.5308,73.8474,16-05-2024 12:25,2024-05-16 12:25:00,2024,5,16,12,137,949.73
Shivajinagar AWS,18.5308,73.8474,16-05-2024 12:30,2024-05-16 12:30:00,2024,5,16,12,137,949.74
Shivajinagar AWS,18.5308,73.8474,16-05-2024 12:35,2024-05-16 12:35:00,2024,5,16,12,137,949.83
Shivajinagar AWS,18.5308,73.8474,16-05-2024 12:40,2024-05-16 12:40:00,2024,5,16,12,137,949.86
Shivajinagar AWS,18.5308,73.8474,16-05-2024 12:45,2024-05-16 12:45:00,2024,5,16,12,137,949.93
Shivajinagar AWS,18.5308,73.8474,16-05-2024 12:50,2024-05-16 12:50:00,2024,5,16,12,137,949.81
Shivajinagar AWS,18.5308,73.8474,16-05-2024 12:55,2024-05-16 12:55:00,2024,5,16,12,137,949.76
Shivajinagar AWS,18.5308,73.8474,16-05-2024 13:00,2024-05-16 13:00:00,2024,5,16,13,137,949.78
Shivajinagar AWS,18.5308,73.8474,16-05-2024 13:05,2024-05-16 13:05:00,2024,5,16,13,137,949.85
Shivajinagar AWS,18.5308,73.8474,16-05-2024 13:10,2024-05-16 13:10:00,2024,5,16,13,137,949.83
Shivajinagar AWS,18.5308,73.8474,16-05-2024 13:15,2024-05-16 13:15:00,2024,5,16,13,137,949.81
Shivajinagar AWS,18.5308,73.8474,16-05-2024 13:20,2024-05-16 13:20:00,2024,5,16,13,137,949.85
Shivajinagar AWS,18.5308,73.8474,16-05-2024 13:25,2024-05-16 13:25:00,2024,5,16,13,137,949.75
Shivajinagar AWS,18.5308,73.8474,16-05-2024 13:30,2024-05-16 13:30:00,2024,5,16,13,137,949.88
Shivajinagar AWS,18.5308,73.8474,16-05-2024 13:35,2024-05-16 13:35:00,2024,5,16,13,137,949.8
Shivajinagar AWS,18.5308,73.8474,16-05-2024 13:40,2024-05-16 13:40:00,2024,5,16,13,137,949.65
Shivajinagar AWS,18.5308,73.8474,16-05-2024 13:45,2024-05-16 13:45:00,2024,5,16,13,137,949.67
Shivajinagar AWS,18.5308,73.8474,16-05-2024 13:50,2024-05-16 13:50:00,2024,5,16,13,137,949.82
Shivajinagar AWS,18.5308,73.8474,16-05-2024 13:55,2024-05-16 13:55:00,2024,5,16,13,137,949.88
Shivajinagar AWS,18.5308,73.8474,16-05-2024 14:00,2024-05-16 14:00:00,2024,5,16,14,137,949.95
Shivajinagar AWS,18.5308,73.8474,16-05-2024 14:05,2024-05-16 14:05:00,2024,5,16,14,137,949.97
Shivajinagar AWS,18.5308,73.8474,16-05-2024 14:10,2024-05-16 14:10:00,2024,5,16,14,137,949.97
Shivajinagar AWS,18.5308,73.8474,16-05-2024 14:15,2024-05-16 14:15:00,2024,5,16,14,137,949.87
Shivajinagar AWS,18.5308,73.8474,16-05-2024 14:20,2024-05-16 14:20:00,2024,5,16,14,137,949.72
Shivajinagar AWS,18.5308,73.8474,16-05-2024 14:25,2024-05-16 14:25:00,2024,5,16,14,137,949.77
Shivajinagar AWS,18.5308,73.8474,16-05-2024 14:30,2024-05-16 14:30:00,2024,5,16,14,137,949.91
Shivajinagar AWS,18.5308,73.8474,16-05-2024 14:35,2024-05-16 14:35:00,2024,5,16,14,137,949.98
Shivajinagar AWS,18.5308,73.8474,16-05-2024 14:40,2024-05-16 14:40:00,2024,5,16,14,137,950.07
Shivajinagar AWS,18.5308,73.8474,16-05-2024 14:45,2024-05-16 14:45:00,2024,5,16,14,137,950.23
Shivajinagar AWS,18.5308,73.8474,16-05-2024 14:50,2024-05-16 14:50:00,2024,5,16,14,137,950.29
Shivajinagar AWS,18.5308,73.8474,16-05-2024 14:55,2024-05-16 14:55:00,2024,5,16,14,137,950.32
Shivajinagar AWS,18.5308,73.8474,16-05-2024 15:00,2024-05-16 15:00:00,2024,5,16,15,137,950.29
Shivajinagar AWS,18.5308,73.8474,16-05-2024 15:05,2024-05-16 15:05:00,2024,5,16,15,137,950.5
Shivajinagar AWS,18.5308,73.8474,16-05-2024 15:10,2024-05-16 15:10:00,2024,5,16,15,137,950.58
Shivajinagar AWS,18.5308,73.8474,16-05-2024 15:15,2024-05-16 15:15:00,2024,5,16,15,137,950.54
Shivajinagar AWS,18.5308,73.8474,16-05-2024 15:20,2024-05-16 15:20:00,2024,5,16,15,137,950.49
Shivajinagar AWS,18.5308,73.8474,16-05-2024 15:25,2024-05-16 15:25:00,2024,5,16,15,137,950.64
Shivajinagar AWS,18.5308,73.8474,16-05-2024 15:30,2024-05-16 15:30:00,2024,5,16,15,137,950.6
Shivajinagar AWS,18.5308,73.8474,16-05-2024 15:35,2024-05-16 15:35:00,2024,5,16,15,137,950.8
Shivajinagar AWS,18.5308,73.8474,16-05-2024 15:40,2024-05-16 15:40:00,2024,5,16,15,137,950.62
Shivajinagar AWS,18.5308,73.8474,16-05-2024 15:45,2024-05-16 15:45:00,2024,5,16,15,137,950.79
Shivajinagar AWS,18.5308,73.8474,16-05-2024 15:50,2024-05-16 15:50:00,2024,5,16,15,137,950.88
Shivajinagar AWS,18.5308,73.8474,16-05-2024 15:55,2024-05-16 15:55:00,2024,5,16,15,137,950.94
Shivajinagar AWS,18.5308,73.8474,16-05-2024 16:00,2024-05-16 16:00:00,2024,5,16,16,137,950.98
Shivajinagar AWS,18.5308,73.8474,16-05-2024 16:05,2024-05-16 16:05:00,2024,5,16,16,137,951.18
Shivajinagar AWS,18.5308,73.8474,16-05-2024 16:10,2024-05-16 16:10:00,2024,5,16,16,137,951.29
Shivajinagar AWS,18.5308,73.8474,16-05-2024 16:15,2024-05-16 16:15:00,2024,5,16,16,137,951.26
Shivajinagar AWS,18.5308,73.8474,16-05-2024 16:20,2024-05-16 16:20:00,2024,5,16,16,137,951.17
Shivajinagar AWS,18.5308,73.8474,16-05-2024 16:25,2024-05-16 16:25:00,2024,5,16,16,137,951.23
Shivajinagar AWS,18.5308,73.8474,16-05-2024 16:30,2024-05-16 16:30:00,2024,5,16,16,137,951.28
Shivajinagar AWS,18.5308,73.8474,16-05-2024 16:35,2024-05-16 16:35:00,2024,5,16,16,137,951.21
Shivajinagar AWS,18.5308,73.8474,16-05-2024 16:40,2024-05-16 16:40:00,2024,5,16,16,137,951.27
Shivajinagar AWS,18.5308,73.8474,16-05-2024 16:45,2024-05-16 16:45:00,2024,5,16,16,137,951.27
Shivajinagar AWS,18.5308,73.8474,16-05-2024 16:50,2024-05-16 16:50:00,2024,5,16,16,137,951.33
Shivajinagar AWS,18.5308,73.8474,16-05-2024 16:55,2024-05-16 16:55:00,2024,5,16,16,137,951.44
Shivajinagar AWS,18.5308,73.8474,16-05-2024 17:00,2024-05-16 17:00:00,2024,5,16,17,137,951.61
Shivajinagar AWS,18.5308,73.8474,16-05-2024 17:05,2024-05-16 17:05:00,2024,5,16,17,137,951.73
Shivajinagar AWS,18.5308,73.8474,16-05-2024 17:10,2024-05-16 17:10:00,2024,5,16,17,137,951.71
Shivajinagar AWS,18.5308,73.8474,16-05-2024 17:15,2024-05-16 17:15:00,2024,5,16,17,137,951.79
Shivajinagar AWS,18.5308,73.8474,16-05-2024 17:20,2024-05-16 17:20:00,2024,5,16,17,137,951.83
Shivajinagar AWS,18.5308,73.8474,16-05-2024 17:25,2024-05-16 17:25:00,2024,5,16,17,137,951.76
Shivajinagar AWS,18.5308,73.8474,16-05-2024 17:30,2024-05-16 17:30:00,2024,5,16,17,137,951.83
Shivajinagar AWS,18.5308,73.8474,16-05-2024 17:35,2024-05-16 17:35:00,2024,5,16,17,137,952.02
Shivajinagar AWS,18.5308,73.8474,16-05-2024 17:40,2024-05-16 17:40:00,2024,5,16,17,137,952.05
Shivajinagar AWS,18.5308,73.8474,16-05-2024 17:45,2024-05-16 17:45:00,2024,5,16,17,137,951.95
Shivajinagar AWS,18.5308,73.8474,16-05-2024 17:50,2024-05-16 17:50:00,2024,5,16,17,137,951.98
Shivajinagar AWS,18.5308,73.8474,16-05-2024 17:55,2024-05-16 17:55:00,2024,5,16,17,137,951.91
Shivajinagar AWS,18.5308,73.8474,16-05-2024 18:00,2024-05-16 18:00:00,2024,5,16,18,137,952.01
Shivajinagar AWS,18.5308,73.8474,16-05-2024 18:05,2024-05-16 18:05:00,2024,5,16,18,137,952.08
Shivajinagar AWS,18.5308,73.8474,16-05-2024 18:10,2024-05-16 18:10:00,2024,5,16,18,137,952.09
Shivajinagar AWS,18.5308,73.8474,16-05-2024 18:15,2024-05-16 18:15:00,2024,5,16,18,137,952.08
Shivajinagar AWS,18.5308,73.8474,16-05-2024 18:20,2024-05-16 18:20:00,2024,5,16,18,137,952.08
Shivajinagar AWS,18.5308,73.8474,16-05-2024 18:25,2024-05-16 18:25:00,2024,5,16,18,137,952.1
Shivajinagar AWS,18.5308,73.8474,16-05-2024 18:30,2024-05-16 18:30:00,2024,5,16,18,137,952.05
Shivajinagar AWS,18.5308,73.8474,16-05-2024 18:35,2024-05-16 18:35:00,2024,5,16,18,137,951.95
Shivajinagar AWS,18.5308,73.8474,16-05-2024 18:40,2024-05-16 18:40:00,2024,5,16,18,137,952.06
Shivajinagar AWS,18.5308,73.8474,16-05-2024 18:45,2024-05-16 18:45:00,2024,5,16,18,137,952.03
Shivajinagar AWS,18.5308,73.8474,16-05-2024 18:50,2024-05-16 18:50:00,2024,5,16,18,137,952.05
Shivajinagar AWS,18.5308,73.8474,16-05-2024 18:55,2024-05-16 18:55:00,2024,5,16,18,137,952.08
Shivajinagar AWS,18.5308,73.8474,16-05-2024 19:00,2024-05-16 19:00:00,2024,5,16,19,137,952.1
Shivajinagar AWS,18.5308,73.8474,16-05-2024 19:05,2024-05-16 19:05:00,2024,5,16,19,137,952.0
Shivajinagar AWS,18.5308,73.8474,16-05-2024 19:10,2024-05-16 19:10:00,2024,5,16,19,137,951.87
Shivajinagar AWS,18.5308,73.8474,16-05-2024 19:15,2024-05-16 19:15:00,2024,5,16,19,137,951.82
Shivajinagar AWS,18.5308,73.8474,16-05-2024 19:20,2024-05-16 19:20:00,2024,5,16,19,137,951.85
Shivajinagar AWS,18.5308,73.8474,16-05-2024 19:25,2024-05-16 19:25:00,2024,5,16,19,137,951.78
Shivajinagar AWS,18.5308,73.8474,16-05-2024 19:30,2024-05-16 19:30:00,2024,5,16,19,137,951.75
Shivajinagar AWS,18.5308,73.8474,16-05-2024 19:35,2024-05-16 19:35:00,2024,5,16,19,137,951.91
Shivajinagar AWS,18.5308,73.8474,16-05-2024 19:40,2024-05-16 19:40:00,2024,5,16,19,137,951.74
Shivajinagar AWS,18.5308,73.8474,16-05-2024 19:45,2024-05-16 19:45:00,2024,5,16,19,137,951.66
Shivajinagar AWS,18.5308,73.8474,16-05-2024 19:50,2024-05-16 19:50:00,2024,5,16,19,137,951.8
Shivajinagar AWS,18.5308,73.8474,16-05-2024 19:55,2024-05-16 19:55:00,2024,5,16,19,137,951.77
Shivajinagar AWS,18.5308,73.8474,16-05-2024 20:00,2024-05-16 20:00:00,2024,5,16,20,137,951.68
Shivajinagar AWS,18.5308,73.8474,16-05-2024 20:05,2024-05-16 20:05:00,2024,5,16,20,137,951.74
Shivajinagar AWS,18.5308,73.8474,16-05-2024 20:10,2024-05-16 20:10:00,2024,5,16,20,137,951.71
Shivajinagar AWS,18.5308,73.8474,16-05-2024 20:15,2024-05-16 20:15:00,2024,5,16,20,137,951.65
Shivajinagar AWS,18.5308,73.8474,16-05-2024 20:20,2024-05-16 20:20:00,2024,5,16,20,137,951.62
Shivajinagar AWS,18.5308,73.8474,16-05-2024 20:25,2024-05-16 20:25:00,2024,5,16,20,137,951.53
Shivajinagar AWS,18.5308,73.8474,16-05-2024 20:30,2024-05-16 20:30:00,2024,5,16,20,137,951.4
Shivajinagar AWS,18.5308,73.8474,16-05-2024 20:35,2024-05-16 20:35:00,2024,5,16,20,137,951.35
Shivajinagar AWS,18.5308,73.8474,16-05-2024 20:40,2024-05-16 20:40:00,2024,5,16,20,137,951.23
Shivajinagar AWS,18.5308,73.8474,16-05-2024 20:45,2024-05-16 20:45:00,2024,5,16,20,137,951.19
Shivajinagar AWS,18.5308,73.8474,16-05-2024 20:50,2024-05-16 20:50:00,2024,5,16,20,137,951.17
Shivajinagar AWS,18.5308,73.8474,16-05-2024 20:55,2024-05-16 20:55:00,2024,5,16,20,137,951.19
Shivajinagar AWS,18.5308,73.8474,16-05-2024 21:00,2024-05-16 21:00:00,2024,5,16,21,137,951.23
Shivajinagar AWS,18.5308,73.8474,16-05-2024 21:05,2024-05-16 21:05:00,2024,5,16,21,137,951.14
Shivajinagar AWS,18.5308,73.8474,16-05-2024 21:10,2024-05-16 21:10:00,2024,5,16,21,137,951.12
Shivajinagar AWS,18.5308,73.8474,16-05-2024 21:15,2024-05-16 21:15:00,2024,5,16,21,137,951.1
Shivajinagar AWS,18.5308,73.8474,16-05-2024 21:20,2024-05-16 21:20:00,2024,5,16,21,137,951.07
Shivajinagar AWS,18.5308,73.8474,16-05-2024 21:25,2024-05-16 21:25:00,2024,5,16,21,137,950.96
Shivajinagar AWS,18.5308,73.8474,16-05-2024 21:30,2024-05-16 21:30:00,2024,5,16,21,137,950.82
Shivajinagar AWS,18.5308,73.8474,16-05-2024 21:35,2024-05-16 21:35:00,2024,5,16,21,137,950.8
Shivajinagar AWS,18.5308,73.8474,16-05-2024 21:40,2024-05-16 21:40:00,2024,5,16,21,137,950.6
Shivajinagar AWS,18.5308,73.8474,16-05-2024 21:45,2024-05-16 21:45:00,2024,5,16,21,137,950.52
Shivajinagar AWS,18.5308,73.8474,16-05-2024 21:50,2024-05-16 21:50:00,2024,5,16,21,137,950.25
Shivajinagar AWS,18.5308,73.8474,16-05-2024 21:55,2024-05-16 21:55:00,2024,5,16,21,137,950.1
Shivajinagar AWS,18.5308,73.8474,16-05-2024 22:00,2024-05-16 22:00:00,2024,5,16,22,137,949.98
Shivajinagar AWS,18.5308,73.8474,16-05-2024 22:05,2024-05-16 22:05:00,2024,5,16,22,137,950.02
Shivajinagar AWS,18.5308,73.8474,16-05-2024 22:10,2024-05-16 22:10:00,2024,5,16,22,137,950.03
Shivajinagar AWS,18.5308,73.8474,16-05-2024 22:15,2024-05-16 22:15:00,2024,5,16,22,137,949.93
Shivajinagar AWS,18.5308,73.8474,16-05-2024 22:20,2024-05-16 22:20:00,2024,5,16,22,137,949.94
Shivajinagar AWS,18.5308,73.8474,16-05-2024 22:25,2024-05-16 22:25:00,2024,5,16,22,137,949.96
Shivajinagar AWS,18.5308,73.8474,16-05-2024 22:30,2024-05-16 22:30:00,2024,5,16,22,137,949.89
Shivajinagar AWS,18.5308,73.8474,16-05-2024 22:35,2024-05-16 22:35:00,2024,5,16,22,137,949.72
Shivajinagar AWS,18.5308,73.8474,16-05-2024 22:40,2024-05-16 22:40:00,2024,5,16,22,137,949.66
Shivajinagar AWS,18.5308,73.8474,16-05-2024 22:45,2024-05-16 22:45:00,2024,5,16,22,137,949.6
Shivajinagar AWS,18.5308,73.8474,16-05-2024 22:50,2024-05-16 22:50:00,2024,5,16,22,137,949.45
Shivajinagar AWS,18.5308,73.8474,16-05-2024 22:55,2024-05-16 22:55:00,2024,5,16,22,137,949.44
Shivajinagar AWS,18.5308,73.8474,16-05-2024 23:00,2024-05-16 23:00:00,2024,5,16,23,137,949.42
Shivajinagar AWS,18.5308,73.8474,16-05-2024 23:05,2024-05-16 23:05:00,2024,5,16,23,137,949.41
Shivajinagar AWS,18.5308,73.8474,16-05-2024 23:10,2024-05-16 23:10:00,2024,5,16,23,137,949.39
Shivajinagar AWS,18.5308,73.8474,16-05-2024 23:15,2024-05-16 23:15:00,2024,5,16,23,137,949.41
Shivajinagar AWS,18.5308,73.8474,16-05-2024 23:20,2024-05-16 23:20:00,2024,5,16,23,137,949.35
Shivajinagar AWS,18.5308,73.8474,16-05-2024 23:25,2024-05-16 23:25:00,2024,5,16,23,137,949.32
Shivajinagar AWS,18.5308,73.8474,16-05-2024 23:30,2024-05-16 23:30:00,2024,5,16,23,137,949.25
Shivajinagar AWS,18.5308,73.8474,16-05-2024 23:35,2024-05-16 23:35:00,2024,5,16,23,137,949.16
Shivajinagar AWS,18.5308,73.8474,16-05-2024 23:40,2024-05-16 23:40:00,2024,5,16,23,137,949.24
Shivajinagar AWS,18.5308,73.8474,16-05-2024 23:45,2024-05-16 23:45:00,2024,5,16,23,137,949.04
Shivajinagar AWS,18.5308,73.8474,16-05-2024 23:50,2024-05-16 23:50:00,2024,5,16,23,137,949.08
Shivajinagar AWS,18.5308,73.8474,16-05-2024 23:55,2024-05-16 23:55:00,2024,5,16,23,137,949.0
Shivajinagar AWS,18.5308,73.8474,17-05-2024 00:00,2024-05-17 00:00:00,2024,5,17,0,138,948.92
Shivajinagar AWS,18.5308,73.8474,17-05-2024 00:05,2024-05-17 00:05:00,2024,5,17,0,138,948.92
Shivajinagar AWS,18.5308,73.8474,17-05-2024 00:10,2024-05-17 00:10:00,2024,5,17,0,138,948.78
Shivajinagar AWS,18.5308,73.8474,17-05-2024 00:15,2024-05-17 00:15:00,2024,5,17,0,138,948.7
Shivajinagar AWS,18.5308,73.8474,17-05-2024 00:20,2024-05-17 00:20:00,2024,5,17,0,138,948.63
Shivajinagar AWS,18.5308,73.8474,17-05-2024 00:25,2024-05-17 00:25:00,2024,5,17,0,138,948.61
Shivajinagar AWS,18.5308,73.8474,17-05-2024 00:30,2024-05-17 00:30:00,2024,5,17,0,138,948.54
Shivajinagar AWS,18.5308,73.8474,17-05-2024 00:35,2024-05-17 00:35:00,2024,5,17,0,138,948.68
Shivajinagar AWS,18.5308,73.8474,17-05-2024 00:40,2024-05-17 00:40:00,2024,5,17,0,138,948.82
Shivajinagar AWS,18.5308,73.8474,17-05-2024 00:45,2024-05-17 00:45:00,2024,5,17,0,138,948.66
Shivajinagar AWS,18.5308,73.8474,17-05-2024 00:50,2024-05-17 00:50:00,2024,5,17,0,138,948.71
Shivajinagar AWS,18.5308,73.8474,17-05-2024 00:55,2024-05-17 00:55:00,2024,5,17,0,138,948.79
Shivajinagar AWS,18.5308,73.8474,17-05-2024 01:00,2024-05-17 01:00:00,2024,5,17,1,138,948.84
Shivajinagar AWS,18.5308,73.8474,17-05-2024 01:05,2024-05-17 01:05:00,2024,5,17,1,138,948.79
Shivajinagar AWS,18.5308,73.8474,17-05-2024 01:10,2024-05-17 01:10:00,2024,5,17,1,138,948.79
Shivajinagar AWS,18.5308,73.8474,17-05-2024 01:15,2024-05-17 01:15:00,2024,5,17,1,138,948.75
Shivajinagar AWS,18.5308,73.8474,17-05-2024 01:20,2024-05-17 01:20:00,2024,5,17,1,138,948.73
Shivajinagar AWS,18.5308,73.8474,17-05-2024 01:25,2024-05-17 01:25:00,2024,5,17,1,138,948.66
Shivajinagar AWS,18.5308,73.8474,17-05-2024 01:30,2024-05-17 01:30:00,2024,5,17,1,138,948.69
Shivajinagar AWS,18.5308,73.8474,17-05-2024 01:35,2024-05-17 01:35:00,2024,5,17,1,138,948.6
Shivajinagar AWS,18.5308,73.8474,17-05-2024 01:40,2024-05-17 01:40:00,2024,5,17,1,138,948.63
Shivajinagar AWS,18.5308,73.8474,17-05-2024 01:45,2024-05-17 01:45:00,2024,5,17,1,138,948.57
Shivajinagar AWS,18.5308,73.8474,17-05-2024 01:50,2024-05-17 01:50:00,2024,5,17,1,138,948.64
Shivajinagar AWS,18.5308,73.8474,17-05-2024 01:55,2024-05-17 01:55:00,2024,5,17,1,138,948.63
Shivajinagar AWS,18.5308,73.8474,17-05-2024 02:00,2024-05-17 02:00:00,2024,5,17,2,138,948.71
Shivajinagar AWS,18.5308,73.8474,17-05-2024 02:05,2024-05-17 02:05:00,2024,5,17,2,138,948.85
Shivajinagar AWS,18.5308,73.8474,17-05-2024 02:10,2024-05-17 02:10:00,2024,5,17,2,138,949.03
Shivajinagar AWS,18.5308,73.8474,17-05-2024 02:15,2024-05-17 02:15:00,2024,5,17,2,138,948.88
Shivajinagar AWS,18.5308,73.8474,17-05-2024 02:20,2024-05-17 02:20:00,2024,5,17,2,138,948.88
Shivajinagar AWS,18.5308,73.8474,17-05-2024 02:25,2024-05-17 02:25:00,2024,5,17,2,138,948.92
Shivajinagar AWS,18.5308,73.8474,17-05-2024 02:30,2024-05-17 02:30:00,2024,5,17,2,138,949.02
Shivajinagar AWS,18.5308,73.8474,17-05-2024 02:35,2024-05-17 02:35:00,2024,5,17,2,138,948.96
Shivajinagar AWS,18.5308,73.8474,17-05-2024 02:40,2024-05-17 02:40:00,2024,5,17,2,138,948.95
Shivajinagar AWS,18.5308,73.8474,17-05-2024 02:45,2024-05-17 02:45:00,2024,5,17,2,138,949.04
Shivajinagar AWS,18.5308,73.8474,17-05-2024 02:50,2024-05-17 02:50:00,2024,5,17,2,138,949.12
Shivajinagar AWS,18.5308,73.8474,17-05-2024 02:55,2024-05-17 02:55:00,2024,5,17,2,138,949.23
Shivajinagar AWS,18.5308,73.8474,17-05-2024 03:00,2024-05-17 03:00:00,2024,5,17,3,138,949.35
Shivajinagar AWS,18.5308,73.8474,17-05-2024 03:05,2024-05-17 03:05:00,2024,5,17,3,138,949.45
Shivajinagar AWS,18.5308,73.8474,17-05-2024 03:10,2024-05-17 03:10:00,2024,5,17,3,138,949.54
Shivajinagar AWS,18.5308,73.8474,17-05-2024 03:15,2024-05-17 03:15:00,2024,5,17,3,138,949.62
Shivajinagar AWS,18.5308,73.8474,17-05-2024 03:20,2024-05-17 03:20:00,2024,5,17,3,138,949.75
Shivajinagar AWS,18.5308,73.8474,17-05-2024 03:25,2024-05-17 03:25:00,2024,5,17,3,138,949.65
Shivajinagar AWS,18.5308,73.8474,17-05-2024 03:30,2024-05-17 03:30:00,2024,5,17,3,138,949.86
Shivajinagar AWS,18.5308,73.8474,17-05-2024 03:35,2024-05-17 03:35:00,2024,5,17,3,138,949.76
Shivajinagar AWS,18.5308,73.8474,17-05-2024 03:40,2024-05-17 03:40:00,2024,5,17,3,138,949.76
Shivajinagar AWS,18.5308,73.8474,17-05-2024 03:45,2024-05-17 03:45:00,2024,5,17,3,138,949.83
Shivajinagar AWS,18.5308,73.8474,17-05-2024 03:50,2024-05-17 03:50:00,2024,5,17,3,138,949.97
Shivajinagar AWS,18.5308,73.8474,17-05-2024 03:55,2024-05-17 03:55:00,2024,5,17,3,138,949.82
Shivajinagar AWS,18.5308,73.8474,17-05-2024 04:00,2024-05-17 04:00:00,2024,5,17,4,138,949.91
Shivajinagar AWS,18.5308,73.8474,17-05-2024 04:05,2024-05-17 04:05:00,2024,5,17,4,138,950.07
Shivajinagar AWS,18.5308,73.8474,17-05-2024 04:10,2024-05-17 04:10:00,2024,5,17,4,138,950.24
Shivajinagar AWS,18.5308,73.8474,17-05-2024 04:15,2024-05-17 04:15:00,2024,5,17,4,138,950.27
Shivajinagar AWS,18.5308,73.8474,17-05-2024 04:20,2024-05-17 04:20:00,2024,5,17,4,138,950.33
Shivajinagar AWS,18.5308,73.8474,17-05-2024 04:25,2024-05-17 04:25:00,2024,5,17,4,138,950.37
Shivajinagar AWS,18.5308,73.8474,17-05-2024 04:30,2024-05-17 04:30:00,2024,5,17,4,138,950.43
Shivajinagar AWS,18.5308,73.8474,17-05-2024 04:35,2024-05-17 04:35:00,2024,5,17,4,138,950.43
Shivajinagar AWS,18.5308,73.8474,17-05-2024 04:40,2024-05-17 04:40:00,2024,5,17,4,138,950.45
Shivajinagar AWS,18.5308,73.8474,17-05-2024 04:45,2024-05-17 04:45:00,2024,5,17,4,138,950.58
Shivajinagar AWS,18.5308,73.8474,17-05-2024 04:50,2024-05-17 04:50:00,2024,5,17,4,138,950.68
Shivajinagar AWS,18.5308,73.8474,17-05-2024 04:55,2024-05-17 04:55:00,2024,5,17,4,138,950.8
Shivajinagar AWS,18.5308,73.8474,17-05-2024 05:00,2024-05-17 05:00:00,2024,5,17,5,138,950.9
Shivajinagar AWS,18.5308,73.8474,17-05-2024 05:05,2024-05-17 05:05:00,2024,5,17,5,138,951.03
Shivajinagar AWS,18.5308,73.8474,17-05-2024 05:10,2024-05-17 05:10:00,2024,5,17,5,138,951.18
Shivajinagar AWS,18.5308,73.8474,17-05-2024 05:15,2024-05-17 05:15:00,2024,5,17,5,138,951.1
Shivajinagar AWS,18.5308,73.8474,17-05-2024 05:20,2024-05-17 05:20:00,2024,5,17,5,138,951.11
Shivajinagar AWS,18.5308,73.8474,17-05-2024 05:25,2024-05-17 05:25:00,2024,5,17,5,138,951.16
Shivajinagar AWS,18.5308,73.8474,17-05-2024 05:30,2024-05-17 05:30:00,2024,5,17,5,138,951.23
Shivajinagar AWS,18.5308,73.8474,17-05-2024 05:35,2024-05-17 05:35:00,2024,5,17,5,138,951.24
Shivajinagar AWS,18.5308,73.8474,17-05-2024 05:40,2024-05-17 05:40:00,2024,5,17,5,138,951.38
Shivajinagar AWS,18.5308,73.8474,17-05-2024 05:45,2024-05-17 05:45:00,2024,5,17,5,138,951.6
Shivajinagar AWS,18.5308,73.8474,17-05-2024 05:50,2024-05-17 05:50:00,2024,5,17,5,138,951.67
Shivajinagar AWS,18.5308,73.8474,17-05-2024 05:55,2024-05-17 05:55:00,2024,5,17,5,138,951.72
Shivajinagar AWS,18.5308,73.8474,17-05-2024 06:00,2024-05-17 06:00:00,2024,5,17,6,138,951.84
Shivajinagar AWS,18.5308,73.8474,17-05-2024 06:05,2024-05-17 06:05:00,2024,5,17,6,138,951.73
Shivajinagar AWS,18.5308,73.8474,17-05-2024 06:10,2024-05-17 06:10:00,2024,5,17,6,138,951.78
Shivajinagar AWS,18.5308,73.8474,17-05-2024 06:15,2024-05-17 06:15:00,2024,5,17,6,138,951.89
Shivajinagar AWS,18.5308,73.8474,17-05-2024 06:20,2024-05-17 06:20:00,2024,5,17,6,138,951.88
Shivajinagar AWS,18.5308,73.8474,17-05-2024 06:25,2024-05-17 06:25:00,2024,5,17,6,138,951.81
Shivajinagar AWS,18.5308,73.8474,17-05-2024 06:30,2024-05-17 06:30:00,2024,5,17,6,138,951.83
Shivajinagar AWS,18.5308,73.8474,17-05-2024 06:35,2024-05-17 06:35:00,2024,5,17,6,138,951.86
Shivajinagar AWS,18.5308,73.8474,17-05-2024 06:40,2024-05-17 06:40:00,2024,5,17,6,138,951.82
Shivajinagar AWS,18.5308,73.8474,17-05-2024 06:45,2024-05-17 06:45:00,2024,5,17,6,138,952.01
Shivajinagar AWS,18.5308,73.8474,17-05-2024 06:50,2024-05-17 06:50:00,2024,5,17,6,138,951.99
Shivajinagar AWS,18.5308,73.8474,17-05-2024 06:55,2024-05-17 06:55:00,2024,5,17,6,138,951.92
Shivajinagar AWS,18.5308,73.8474,17-05-2024 07:00,2024-05-17 07:00:00,2024,5,17,7,138,951.93
Shivajinagar AWS,18.5308,73.8474,17-05-2024 07:05,2024-05-17 07:05:00,2024,5,17,7,138,952.01
Shivajinagar AWS,18.5308,73.8474,17-05-2024 07:10,2024-05-17 07:10:00,2024,5,17,7,138,952.02
Shivajinagar AWS,18.5308,73.8474,17-05-2024 07:15,2024-05-17 07:15:00,2024,5,17,7,138,952.07
Shivajinagar AWS,18.5308,73.8474,17-05-2024 07:20,2024-05-17 07:20:00,2024,5,17,7,138,952.0
Shivajinagar AWS,18.5308,73.8474,17-05-2024 07:25,2024-05-17 07:25:00,2024,5,17,7,138,952.12
Shivajinagar AWS,18.5308,73.8474,17-05-2024 07:30,2024-05-17 07:30:00,2024,5,17,7,138,952.16
Shivajinagar AWS,18.5308,73.8474,17-05-2024 07:35,2024-05-17 07:35:00,2024,5,17,7,138,952.23
Shivajinagar AWS,18.5308,73.8474,17-05-2024 07:40,2024-05-17 07:40:00,2024,5,17,7,138,952.24
Shivajinagar AWS,18.5308,73.8474,17-05-2024 07:45,2024-05-17 07:45:00,2024,5,17,7,138,952.28
Shivajinagar AWS,18.5308,73.8474,17-05-2024 07:50,2024-05-17 07:50:00,2024,5,17,7,138,952.19
Shivajinagar AWS,18.5308,73.8474,17-05-2024 07:55,2024-05-17 07:55:00,2024,5,17,7,138,952.12
Shivajinagar AWS,18.5308,73.8474,17-05-2024 08:00,2024-05-17 08:00:00,2024,5,17,8,138,952.2
Shivajinagar AWS,18.5308,73.8474,17-05-2024 08:05,2024-05-17 08:05:00,2024,5,17,8,138,952.29
Shivajinagar AWS,18.5308,73.8474,17-05-2024 08:10,2024-05-17 08:10:00,2024,5,17,8,138,952.16
Shivajinagar AWS,18.5308,73.8474,17-05-2024 08:15,2024-05-17 08:15:00,2024,5,17,8,138,952.14
Shivajinagar AWS,18.5308,73.8474,17-05-2024 08:20,2024-05-17 08:20:00,2024,5,17,8,138,952.06
Shivajinagar AWS,18.5308,73.8474,17-05-2024 08:25,2024-05-17 08:25:00,2024,5,17,8,138,951.97
Shivajinagar AWS,18.5308,73.8474,17-05-2024 08:30,2024-05-17 08:30:00,2024,5,17,8,138,951.95
Shivajinagar AWS,18.5308,73.8474,17-05-2024 08:35,2024-05-17 08:35:00,2024,5,17,8,138,951.99
Shivajinagar AWS,18.5308,73.8474,17-05-2024 08:40,2024-05-17 08:40:00,2024,5,17,8,138,951.98
Shivajinagar AWS,18.5308,73.8474,17-05-2024 08:45,2024-05-17 08:45:00,2024,5,17,8,138,951.9
Shivajinagar AWS,18.5308,73.8474,17-05-2024 08:50,2024-05-17 08:50:00,2024,5,17,8,138,951.89
Shivajinagar AWS,18.5308,73.8474,17-05-2024 08:55,2024-05-17 08:55:00,2024,5,17,8,138,951.8
Shivajinagar AWS,18.5308,73.8474,17-05-2024 09:00,2024-05-17 09:00:00,2024,5,17,9,138,951.78
Shivajinagar AWS,18.5308,73.8474,17-05-2024 09:05,2024-05-17 09:05:00,2024,5,17,9,138,951.83
Shivajinagar AWS,18.5308,73.8474,17-05-2024 09:10,2024-05-17 09:10:00,2024,5,17,9,138,951.6
Shivajinagar AWS,18.5308,73.8474,17-05-2024 09:15,2024-05-17 09:15:00,2024,5,17,9,138,951.61
Shivajinagar AWS,18.5308,73.8474,17-05-2024 09:20,2024-05-17 09:20:00,2024,5,17,9,138,951.42
Shivajinagar AWS,18.5308,73.8474,17-05-2024 09:25,2024-05-17 09:25:00,2024,5,17,9,138,951.46
Shivajinagar AWS,18.5308,73.8474,17-05-2024 09:30,2024-05-17 09:30:00,2024,5,17,9,138,951.35
Shivajinagar AWS,18.5308,73.8474,17-05-2024 09:35,2024-05-17 09:35:00,2024,5,17,9,138,951.19
Shivajinagar AWS,18.5308,73.8474,17-05-2024 09:40,2024-05-17 09:40:00,2024,5,17,9,138,951.19
Shivajinagar AWS,18.5308,73.8474,17-05-2024 09:45,2024-05-17 09:45:00,2024,5,17,9,138,951.16
Shivajinagar AWS,18.5308,73.8474,17-05-2024 09:50,2024-05-17 09:50:00,2024,5,17,9,138,951.02
Shivajinagar AWS,18.5308,73.8474,17-05-2024 09:55,2024-05-17 09:55:00,2024,5,17,9,138,950.86
Shivajinagar AWS,18.5308,73.8474,17-05-2024 10:00,2024-05-17 10:00:00,2024,5,17,10,138,950.79
Shivajinagar AWS,18.5308,73.8474,17-05-2024 10:05,2024-05-17 10:05:00,2024,5,17,10,138,950.64
Shivajinagar AWS,18.5308,73.8474,17-05-2024 10:10,2024-05-17 10:10:00,2024,5,17,10,138,950.5
Shivajinagar AWS,18.5308,73.8474,17-05-2024 10:15,2024-05-17 10:15:00,2024,5,17,10,138,950.47
Shivajinagar AWS,18.5308,73.8474,17-05-2024 10:20,2024-05-17 10:20:00,2024,5,17,10,138,950.34
Shivajinagar AWS,18.5308,73.8474,17-05-2024 10:25,2024-05-17 10:25:00,2024,5,17,10,138,950.33
Shivajinagar AWS,18.5308,73.8474,17-05-2024 10:30,2024-05-17 10:30:00,2024,5,17,10,138,950.41
Shivajinagar AWS,18.5308,73.8474,17-05-2024 10:35,2024-05-17 10:35:00,2024,5,17,10,138,950.35
Shivajinagar AWS,18.5308,73.8474,17-05-2024 10:40,2024-05-17 10:40:00,2024,5,17,10,138,950.31
Shivajinagar AWS,18.5308,73.8474,17-05-2024 10:45,2024-05-17 10:45:00,2024,5,17,10,138,950.42
Shivajinagar AWS,18.5308,73.8474,17-05-2024 10:50,2024-05-17 10:50:00,2024,5,17,10,138,950.27
Shivajinagar AWS,18.5308,73.8474,17-05-2024 10:55,2024-05-17 10:55:00,2024,5,17,10,138,950.32
Shivajinagar AWS,18.5308,73.8474,17-05-2024 11:00,2024-05-17 11:00:00,2024,5,17,11,138,950.35
Shivajinagar AWS,18.5308,73.8474,17-05-2024 11:05,2024-05-17 11:05:00,2024,5,17,11,138,950.37
Shivajinagar AWS,18.5308,73.8474,17-05-2024 11:10,2024-05-17 11:10:00,2024,5,17,11,138,950.42
Shivajinagar AWS,18.5308,73.8474,17-05-2024 11:15,2024-05-17 11:15:00,2024,5,17,11,138,950.38
Shivajinagar AWS,18.5308,73.8474,17-05-2024 11:20,2024-05-17 11:20:00,2024,5,17,11,138,950.28
Shivajinagar AWS,18.5308,73.8474,17-05-2024 11:25,2024-05-17 11:25:00,2024,5,17,11,138,950.32
Shivajinagar AWS,18.5308,73.8474,17-05-2024 11:30,2024-05-17 11:30:00,2024,5,17,11,138,950.36
Shivajinagar AWS,18.5308,73.8474,17-05-2024 11:35,2024-05-17 11:35:00,2024,5,17,11,138,950.39
Shivajinagar AWS,18.5308,73.8474,17-05-2024 11:40,2024-05-17 11:40:00,2024,5,17,11,138,950.34
Shivajinagar AWS,18.5308,73.8474,17-05-2024 11:45,2024-05-17 11:45:00,2024,5,17,11,138,950.24
Shivajinagar AWS,18.5308,73.8474,17-05-2024 11:50,2024-05-17 11:50:00,2024,5,17,11,138,950.21
Shivajinagar AWS,18.5308,73.8474,17-05-2024 11:55,2024-05-17 11:55:00,2024,5,17,11,138,950.24
Shivajinagar AWS,18.5308,73.8474,17-05-2024 12:00,2024-05-17 12:00:00,2024,5,17,12,138,950.28
Shivajinagar AWS,18.5308,73.8474,17-05-2024 12:05,2024-05-17 12:05:00,2024,5,17,12,138,950.2
Shivajinagar AWS,18.5308,73.8474,17-05-2024 12:10,2024-05-17 12:10:00,2024,5,17,12,138,950.19
Shivajinagar AWS,18.5308,73.8474,17-05-2024 12:15,2024-05-17 12:15:00,2024,5,17,12,138,950.04
Shivajinagar AWS,18.5308,73.8474,17-05-2024 12:20,2024-05-17 12:20:00,2024,5,17,12,138,950.09
Shivajinagar AWS,18.5308,73.8474,17-05-2024 12:25,2024-05-17 12:25:00,2024,5,17,12,138,950.0
Shivajinagar AWS,18.5308,73.8474,17-05-2024 12:30,2024-05-17 12:30:00,2024,5,17,12,138,950.04
Shivajinagar AWS,18.5308,73.8474,17-05-2024 12:35,2024-05-17 12:35:00,2024,5,17,12,138,949.93
Shivajinagar AWS,18.5308,73.8474,17-05-2024 12:40,2024-05-17 12:40:00,2024,5,17,12,138,950.0
Shivajinagar AWS,18.5308,73.8474,17-05-2024 12:45,2024-05-17 12:45:00,2024,5,17,12,138,950.01
Shivajinagar AWS,18.5308,73.8474,17-05-2024 12:50,2024-05-17 12:50:00,2024,5,17,12,138,949.93
Shivajinagar AWS,18.5308,73.8474,17-05-2024 12:55,2024-05-17 12:55:00,2024,5,17,12,138,949.98
Shivajinagar AWS,18.5308,73.8474,17-05-2024 13:00,2024-05-17 13:00:00,2024,5,17,13,138,949.93
Shivajinagar AWS,18.5308,73.8474,17-05-2024 13:05,2024-05-17 13:05:00,2024,5,17,13,138,949.99
Shivajinagar AWS,18.5308,73.8474,17-05-2024 13:10,2024-05-17 13:10:00,2024,5,17,13,138,949.97
Shivajinagar AWS,18.5308,73.8474,17-05-2024 13:15,2024-05-17 13:15:00,2024,5,17,13,138,949.83
Shivajinagar AWS,18.5308,73.8474,17-05-2024 13:20,2024-05-17 13:20:00,2024,5,17,13,138,949.77
Shivajinagar AWS,18.5308,73.8474,17-05-2024 13:25,2024-05-17 13:25:00,2024,5,17,13,138,949.75
Shivajinagar AWS,18.5308,73.8474,17-05-2024 13:30,2024-05-17 13:30:00,2024,5,17,13,138,949.89
Shivajinagar AWS,18.5308,73.8474,17-05-2024 13:35,2024-05-17 13:35:00,2024,5,17,13,138,949.98
Shivajinagar AWS,18.5308,73.8474,17-05-2024 13:40,2024-05-17 13:40:00,2024,5,17,13,138,950.14
Shivajinagar AWS,18.5308,73.8474,17-05-2024 13:45,2024-05-17 13:45:00,2024,5,17,13,138,950.29
Shivajinagar AWS,18.5308,73.8474,17-05-2024 13:50,2024-05-17 13:50:00,2024,5,17,13,138,950.26
Shivajinagar AWS,18.5308,73.8474,17-05-2024 13:55,2024-05-17 13:55:00,2024,5,17,13,138,950.27
Shivajinagar AWS,18.5308,73.8474,17-05-2024 14:00,2024-05-17 14:00:00,2024,5,17,14,138,950.27
Shivajinagar AWS,18.5308,73.8474,17-05-2024 14:05,2024-05-17 14:05:00,2024,5,17,14,138,950.24
Shivajinagar AWS,18.5308,73.8474,17-05-2024 14:10,2024-05-17 14:10:00,2024,5,17,14,138,950.13
Shivajinagar AWS,18.5308,73.8474,17-05-2024 14:15,2024-05-17 14:15:00,2024,5,17,14,138,950.18
Shivajinagar AWS,18.5308,73.8474,17-05-2024 14:20,2024-05-17 14:20:00,2024,5,17,14,138,950.12
Shivajinagar AWS,18.5308,73.8474,17-05-2024 14:25,2024-05-17 14:25:00,2024,5,17,14,138,950.17
Shivajinagar AWS,18.5308,73.8474,17-05-2024 14:30,2024-05-17 14:30:00,2024,5,17,14,138,950.4
Shivajinagar AWS,18.5308,73.8474,17-05-2024 14:35,2024-05-17 14:35:00,2024,5,17,14,138,950.41
Shivajinagar AWS,18.5308,73.8474,17-05-2024 14:40,2024-05-17 14:40:00,2024,5,17,14,138,950.48
Shivajinagar AWS,18.5308,73.8474,17-05-2024 14:45,2024-05-17 14:45:00,2024,5,17,14,138,950.61
Shivajinagar AWS,18.5308,73.8474,17-05-2024 14:50,2024-05-17 14:50:00,2024,5,17,14,138,950.69
Shivajinagar AWS,18.5308,73.8474,17-05-2024 14:55,2024-05-17 14:55:00,2024,5,17,14,138,950.77
Shivajinagar AWS,18.5308,73.8474,17-05-2024 15:00,2024-05-17 15:00:00,2024,5,17,15,138,950.79
Shivajinagar AWS,18.5308,73.8474,17-05-2024 15:05,2024-05-17 15:05:00,2024,5,17,15,138,950.84
Shivajinagar AWS,18.5308,73.8474,17-05-2024 15:10,2024-05-17 15:10:00,2024,5,17,15,138,950.82
Shivajinagar AWS,18.5308,73.8474,17-05-2024 15:15,2024-05-17 15:15:00,2024,5,17,15,138,950.96
Shivajinagar AWS,18.5308,73.8474,17-05-2024 15:20,2024-05-17 15:20:00,2024,5,17,15,138,950.88
Shivajinagar AWS,18.5308,73.8474,17-05-2024 15:25,2024-05-17 15:25:00,2024,5,17,15,138,951.03
Shivajinagar AWS,18.5308,73.8474,17-05-2024 15:30,2024-05-17 15:30:00,2024,5,17,15,138,950.99
Shivajinagar AWS,18.5308,73.8474,17-05-2024 15:35,2024-05-17 15:35:00,2024,5,17,15,138,951.14
Shivajinagar AWS,18.5308,73.8474,17-05-2024 15:40,2024-05-17 15:40:00,2024,5,17,15,138,951.19
Shivajinagar AWS,18.5308,73.8474,17-05-2024 15:45,2024-05-17 15:45:00,2024,5,17,15,138,951.16
Shivajinagar AWS,18.5308,73.8474,17-05-2024 15:50,2024-05-17 15:50:00,2024,5,17,15,138,951.29
Shivajinagar AWS,18.5308,73.8474,17-05-2024 15:55,2024-05-17 15:55:00,2024,5,17,15,138,951.44
Shivajinagar AWS,18.5308,73.8474,17-05-2024 16:00,2024-05-17 16:00:00,2024,5,17,16,138,951.48
Shivajinagar AWS,18.5308,73.8474,17-05-2024 16:05,2024-05-17 16:05:00,2024,5,17,16,138,951.61
Shivajinagar AWS,18.5308,73.8474,17-05-2024 16:10,2024-05-17 16:10:00,2024,5,17,16,138,951.5
Shivajinagar AWS,18.5308,73.8474,17-05-2024 16:15,2024-05-17 16:15:00,2024,5,17,16,138,951.48
Shivajinagar AWS,18.5308,73.8474,17-05-2024 16:20,2024-05-17 16:20:00,2024,5,17,16,138,951.67
Shivajinagar AWS,18.5308,73.8474,17-05-2024 16:25,2024-05-17 16:25:00,2024,5,17,16,138,951.73
Shivajinagar AWS,18.5308,73.8474,17-05-2024 16:30,2024-05-17 16:30:00,2024,5,17,16,138,951.66
Shivajinagar AWS,18.5308,73.8474,17-05-2024 16:35,2024-05-17 16:35:00,2024,5,17,16,138,951.68
Shivajinagar AWS,18.5308,73.8474,17-05-2024 16:40,2024-05-17 16:40:00,2024,5,17,16,138,951.7
Shivajinagar AWS,18.5308,73.8474,17-05-2024 16:45,2024-05-17 16:45:00,2024,5,17,16,138,951.77
Shivajinagar AWS,18.5308,73.8474,17-05-2024 16:50,2024-05-17 16:50:00,2024,5,17,16,138,951.82
Shivajinagar AWS,18.5308,73.8474,17-05-2024 16:55,2024-05-17 16:55:00,2024,5,17,16,138,951.92
Shivajinagar AWS,18.5308,73.8474,17-05-2024 17:00,2024-05-17 17:00:00,2024,5,17,17,138,952.0
Shivajinagar AWS,18.5308,73.8474,17-05-2024 17:05,2024-05-17 17:05:00,2024,5,17,17,138,952.19
Shivajinagar AWS,18.5308,73.8474,17-05-2024 17:10,2024-05-17 17:10:00,2024,5,17,17,138,952.3
Shivajinagar AWS,18.5308,73.8474,17-05-2024 17:15,2024-05-17 17:15:00,2024,5,17,17,138,952.4
Shivajinagar AWS,18.5308,73.8474,17-05-2024 17:20,2024-05-17 17:20:00,2024,5,17,17,138,952.56
Shivajinagar AWS,18.5308,73.8474,17-05-2024 17:25,2024-05-17 17:25:00,2024,5,17,17,138,952.59
Shivajinagar AWS,18.5308,73.8474,17-05-2024 17:30,2024-05-17 17:30:00,2024,5,17,17,138,952.55
Shivajinagar AWS,18.5308,73.8474,17-05-2024 17:35,2024-05-17 17:35:00,2024,5,17,17,138,952.71
Shivajinagar AWS,18.5308,73.8474,17-05-2024 17:40,2024-05-17 17:40:00,2024,5,17,17,138,952.78
Shivajinagar AWS,18.5308,73.8474,17-05-2024 17:45,2024-05-17 17:45:00,2024,5,17,17,138,952.85
Shivajinagar AWS,18.5308,73.8474,17-05-2024 17:50,2024-05-17 17:50:00,2024,5,17,17,138,952.85
Shivajinagar AWS,18.5308,73.8474,17-05-2024 17:55,2024-05-17 17:55:00,2024,5,17,17,138,952.85
Shivajinagar AWS,18.5308,73.8474,17-05-2024 18:00,2024-05-17 18:00:00,2024,5,17,18,138,952.96
Shivajinagar AWS,18.5308,73.8474,17-05-2024 18:05,2024-05-17 18:05:00,2024,5,17,18,138,953.09
Shivajinagar AWS,18.5308,73.8474,17-05-2024 18:10,2024-05-17 18:10:00,2024,5,17,18,138,953.19
Shivajinagar AWS,18.5308,73.8474,17-05-2024 18:15,2024-05-17 18:15:00,2024,5,17,18,138,953.28
Shivajinagar AWS,18.5308,73.8474,17-05-2024 18:20,2024-05-17 18:20:00,2024,5,17,18,138,953.36
Shivajinagar AWS,18.5308,73.8474,17-05-2024 18:25,2024-05-17 18:25:00,2024,5,17,18,138,953.39
Shivajinagar AWS,18.5308,73.8474,17-05-2024 18:30,2024-05-17 18:30:00,2024,5,17,18,138,953.4
Shivajinagar AWS,18.5308,73.8474,17-05-2024 18:35,2024-05-17 18:35:00,2024,5,17,18,138,953.52
Shivajinagar AWS,18.5308,73.8474,17-05-2024 18:40,2024-05-17 18:40:00,2024,5,17,18,138,953.5
Shivajinagar AWS,18.5308,73.8474,17-05-2024 18:45,2024-05-17 18:45:00,2024,5,17,18,138,953.54
Shivajinagar AWS,18.5308,73.8474,17-05-2024 18:50,2024-05-17 18:50:00,2024,5,17,18,138,953.49
Shivajinagar AWS,18.5308,73.8474,17-05-2024 18:55,2024-05-17 18:55:00,2024,5,17,18,138,953.44
Shivajinagar AWS,18.5308,73.8474,17-05-2024 19:00,2024-05-17 19:00:00,2024,5,17,19,138,953.43
Shivajinagar AWS,18.5308,73.8474,17-05-2024 19:05,2024-05-17 19:05:00,2024,5,17,19,138,953.37
Shivajinagar AWS,18.5308,73.8474,17-05-2024 19:10,2024-05-17 19:10:00,2024,5,17,19,138,953.44
Shivajinagar AWS,18.5308,73.8474,17-05-2024 19:15,2024-05-17 19:15:00,2024,5,17,19,138,953.33
Shivajinagar AWS,18.5308,73.8474,17-05-2024 19:20,2024-05-17 19:20:00,2024,5,17,19,138,953.34
Shivajinagar AWS,18.5308,73.8474,17-05-2024 19:25,2024-05-17 19:25:00,2024,5,17,19,138,953.35
Shivajinagar AWS,18.5308,73.8474,17-05-2024 19:30,2024-05-17 19:30:00,2024,5,17,19,138,953.2
Shivajinagar AWS,18.5308,73.8474,17-05-2024 19:35,2024-05-17 19:35:00,2024,5,17,19,138,953.17
Shivajinagar AWS,18.5308,73.8474,17-05-2024 19:40,2024-05-17 19:40:00,2024,5,17,19,138,953.19
Shivajinagar AWS,18.5308,73.8474,17-05-2024 19:45,2024-05-17 19:45:00,2024,5,17,19,138,953.21
Shivajinagar AWS,18.5308,73.8474,17-05-2024 19:50,2024-05-17 19:50:00,2024,5,17,19,138,953.19
Shivajinagar AWS,18.5308,73.8474,17-05-2024 19:55,2024-05-17 19:55:00,2024,5,17,19,138,953.23
Shivajinagar AWS,18.5308,73.8474,17-05-2024 20:00,2024-05-17 20:00:00,2024,5,17,20,138,953.2
Shivajinagar AWS,18.5308,73.8474,17-05-2024 20:05,2024-05-17 20:05:00,2024,5,17,20,138,953.18
Shivajinagar AWS,18.5308,73.8474,17-05-2024 20:10,2024-05-17 20:10:00,2024,5,17,20,138,953.18
Shivajinagar AWS,18.5308,73.8474,17-05-2024 20:15,2024-05-17 20:15:00,2024,5,17,20,138,953.23
Shivajinagar AWS,18.5308,73.8474,17-05-2024 20:20,2024-05-17 20:20:00,2024,5,17,20,138,953.14
Shivajinagar AWS,18.5308,73.8474,17-05-2024 20:25,2024-05-17 20:25:00,2024,5,17,20,138,953.07
Shivajinagar AWS,18.5308,73.8474,17-05-2024 20:30,2024-05-17 20:30:00,2024,5,17,20,138,952.99
Shivajinagar AWS,18.5308,73.8474,17-05-2024 20:35,2024-05-17 20:35:00,2024,5,17,20,138,952.93
Shivajinagar AWS,18.5308,73.8474,17-05-2024 20:40,2024-05-17 20:40:00,2024,5,17,20,138,953.01
Shivajinagar AWS,18.5308,73.8474,17-05-2024 20:45,2024-05-17 20:45:00,2024,5,17,20,138,953.02
Shivajinagar AWS,18.5308,73.8474,17-05-2024 20:50,2024-05-17 20:50:00,2024,5,17,20,138,952.88
Shivajinagar AWS,18.5308,73.8474,17-05-2024 20:55,2024-05-17 20:55:00,2024,5,17,20,138,952.79
Shivajinagar AWS,18.5308,73.8474,17-05-2024 21:00,2024-05-17 21:00:00,2024,5,17,21,138,952.78
Shivajinagar AWS,18.5308,73.8474,17-05-2024 21:05,2024-05-17 21:05:00,2024,5,17,21,138,952.67
Shivajinagar AWS,18.5308,73.8474,17-05-2024 21:10,2024-05-17 21:10:00,2024,5,17,21,138,952.57
Shivajinagar AWS,18.5308,73.8474,17-05-2024 21:15,2024-05-17 21:15:00,2024,5,17,21,138,952.63
Shivajinagar AWS,18.5308,73.8474,17-05-2024 21:20,2024-05-17 21:20:00,2024,5,17,21,138,952.54
Shivajinagar AWS,18.5308,73.8474,17-05-2024 21:25,2024-05-17 21:25:00,2024,5,17,21,138,952.57
Shivajinagar AWS,18.5308,73.8474,17-05-2024 21:30,2024-05-17 21:30:00,2024,5,17,21,138,952.62
Shivajinagar AWS,18.5308,73.8474,17-05-2024 21:35,2024-05-17 21:35:00,2024,5,17,21,138,952.5
Shivajinagar AWS,18.5308,73.8474,17-05-2024 21:40,2024-05-17 21:40:00,2024,5,17,21,138,952.38
Shivajinagar AWS,18.5308,73.8474,17-05-2024 21:45,2024-05-17 21:45:00,2024,5,17,21,138,952.31
Shivajinagar AWS,18.5308,73.8474,17-05-2024 21:50,2024-05-17 21:50:00,2024,5,17,21,138,952.17
Shivajinagar AWS,18.5308,73.8474,17-05-2024 21:55,2024-05-17 21:55:00,2024,5,17,21,138,952.13
Shivajinagar AWS,18.5308,73.8474,17-05-2024 22:00,2024-05-17 22:00:00,2024,5,17,22,138,952.07
Shivajinagar AWS,18.5308,73.8474,17-05-2024 22:05,2024-05-17 22:05:00,2024,5,17,22,138,952.05
Shivajinagar AWS,18.5308,73.8474,17-05-2024 22:10,2024-05-17 22:10:00,2024,5,17,22,138,952.11
Shivajinagar AWS,18.5308,73.8474,17-05-2024 22:15,2024-05-17 22:15:00,2024,5,17,22,138,952.12
Shivajinagar AWS,18.5308,73.8474,17-05-2024 22:20,2024-05-17 22:20:00,2024,5,17,22,138,952.11
Shivajinagar AWS,18.5308,73.8474,17-05-2024 22:25,2024-05-17 22:25:00,2024,5,17,22,138,951.89
Shivajinagar AWS,18.5308,73.8474,17-05-2024 22:30,2024-05-17 22:30:00,2024,5,17,22,138,951.88
Shivajinagar AWS,18.5308,73.8474,17-05-2024 22:35,2024-05-17 22:35:00,2024,5,17,22,138,951.96
Shivajinagar AWS,18.5308,73.8474,17-05-2024 22:40,2024-05-17 22:40:00,2024,5,17,22,138,951.67
Shivajinagar AWS,18.5308,73.8474,17-05-2024 22:45,2024-05-17 22:45:00,2024,5,17,22,138,951.68
Shivajinagar AWS,18.5308,73.8474,17-05-2024 22:50,2024-05-17 22:50:00,2024,5,17,22,138,951.62
Shivajinagar AWS,18.5308,73.8474,17-05-2024 22:55,2024-05-17 22:55:00,2024,5,17,22,138,951.51
Shivajinagar AWS,18.5308,73.8474,17-05-2024 23:00,2024-05-17 23:00:00,2024,5,17,23,138,951.53
Shivajinagar AWS,18.5308,73.8474,17-05-2024 23:05,2024-05-17 23:05:00,2024,5,17,23,138,951.63
Shivajinagar AWS,18.5308,73.8474,17-05-2024 23:10,2024-05-17 23:10:00,2024,5,17,23,138,951.64
Shivajinagar AWS,18.5308,73.8474,17-05-2024 23:15,2024-05-17 23:15:00,2024,5,17,23,138,951.57
Shivajinagar AWS,18.5308,73.8474,17-05-2024 23:20,2024-05-17 23:20:00,2024,5,17,23,138,951.45
Shivajinagar AWS,18.5308,73.8474,17-05-2024 23:25,2024-05-17 23:25:00,2024,5,17,23,138,951.42
Shivajinagar AWS,18.5308,73.8474,17-05-2024 23:30,2024-05-17 23:30:00,2024,5,17,23,138,951.46
Shivajinagar AWS,18.5308,73.8474,17-05-2024 23:35,2024-05-17 23:35:00,2024,5,17,23,138,951.39
Shivajinagar AWS,18.5308,73.8474,17-05-2024 23:40,2024-05-17 23:40:00,2024,5,17,23,138,951.33
Shivajinagar AWS,18.5308,73.8474,17-05-2024 23:45,2024-05-17 23:45:00,2024,5,17,23,138,951.52
Shivajinagar AWS,18.5308,73.8474,17-05-2024 23:50,2024-05-17 23:50:00,2024,5,17,23,138,951.57
Shivajinagar AWS,18.5308,73.8474,17-05-2024 23:55,2024-05-17 23:55:00,2024,5,17,23,138,951.63
Lavale AWS,18.5422,73.7389,11-05-2024 00:00,2024-05-11 00:00:00,2024,5,11,0,132,951.2
Lavale AWS,18.5422,73.7389,11-05-2024 00:05,2024-05-11 00:05:00,2024,5,11,0,132,951.25
Lavale AWS,18.5422,73.7389,11-05-2024 00:10,2024-05-11 00:10:00,2024,5,11,0,132,951.11
Lavale AWS,18.5422,73.7389,11-05-2024 00:15,2024-05-11 00:15:00,2024,5,11,0,132,951.24
Lavale AWS,18.5422,73.7389,11-05-2024 00:20,2024-05-11 00:20:00,2024,5,11,0,132,951.21
Lavale AWS,18.5422,73.7389,11-05-2024 00:25,2024-05-11 00:25:00,2024,5,11,0,132,951.1
Lavale AWS,18.5422,73.7389,11-05-2024 00:30,2024-05-11 00:30:00,2024,5,11,0,132,950.98
Lavale AWS,18.5422,73.7389,11-05-2024 00:35,2024-05-11 00:35:00,2024,5,11,0,132,950.87
Lavale AWS,18.5422,73.7389,11-05-2024 00:40,2024-05-11 00:40:00,2024,5,11,0,132,950.87
Lavale AWS,18.5422,73.7389,11-05-2024 00:45,2024-05-11 00:45:00,2024,5,11,0,132,950.87
Lavale AWS,18.5422,73.7389,11-05-2024 00:50,2024-05-11 00:50:00,2024,5,11,0,132,950.77
Lavale AWS,18.5422,73.7389,11-05-2024 00:55,2024-05-11 00:55:00,2024,5,11,0,132,950.74
Lavale AWS,18.5422,73.7389,11-05-2024 01:00,2024-05-11 01:00:00,2024,5,11,1,132,950.64
Lavale AWS,18.5422,73.7389,11-05-2024 01:05,2024-05-11 01:05:00,2024,5,11,1,132,950.7
Lavale AWS,18.5422,73.7389,11-05-2024 01:10,2024-05-11 01:10:00,2024,5,11,1,132,950.71
Lavale AWS,18.5422,73.7389,11-05-2024 01:15,2024-05-11 01:15:00,2024,5,11,1,132,950.7
Lavale AWS,18.5422,73.7389,11-05-2024 01:20,2024-05-11 01:20:00,2024,5,11,1,132,950.62
Lavale AWS,18.5422,73.7389,11-05-2024 01:25,2024-05-11 01:25:00,2024,5,11,1,132,950.62
Lavale AWS,18.5422,73.7389,11-05-2024 01:30,2024-05-11 01:30:00,2024,5,11,1,132,950.62
Lavale AWS,18.5422,73.7389,11-05-2024 01:35,2024-05-11 01:35:00,2024,5,11,1,132,950.68
Lavale AWS,18.5422,73.7389,11-05-2024 01:40,2024-05-11 01:40:00,2024,5,11,1,132,950.73
Lavale AWS,18.5422,73.7389,11-05-2024 01:45,2024-05-11 01:45:00,2024,5,11,1,132,950.83
Lavale AWS,18.5422,73.7389,11-05-2024 01:50,2024-05-11 01:50:00,2024,5,11,1,132,950.82
Lavale AWS,18.5422,73.7389,11-05-2024 01:55,2024-05-11 01:55:00,2024,5,11,1,132,950.72
Lavale AWS,18.5422,73.7389,11-05-2024 02:00,2024-05-11 02:00:00,2024,5,11,2,132,950.84
Lavale AWS,18.5422,73.7389,11-05-2024 02:05,2024-05-11 02:05:00,2024,5,11,2,132,950.81
Lavale AWS,18.5422,73.7389,11-05-2024 02:10,2024-05-11 02:10:00,2024,5,11,2,132,950.78
Lavale AWS,18.5422,73.7389,11-05-2024 02:15,2024-05-11 02:15:00,2024,5,11,2,132,950.83
Lavale AWS,18.5422,73.7389,11-05-2024 02:20,2024-05-11 02:20:00,2024,5,11,2,132,950.91
Lavale AWS,18.5422,73.7389,11-05-2024 02:25,2024-05-11 02:25:00,2024,5,11,2,132,950.93
Lavale AWS,18.5422,73.7389,11-05-2024 02:30,2024-05-11 02:30:00,2024,5,11,2,132,950.94
Lavale AWS,18.5422,73.7389,11-05-2024 02:35,2024-05-11 02:35:00,2024,5,11,2,132,950.98
Lavale AWS,18.5422,73.7389,11-05-2024 02:40,2024-05-11 02:40:00,2024,5,11,2,132,951.16
Lavale AWS,18.5422,73.7389,11-05-2024 02:45,2024-05-11 02:45:00,2024,5,11,2,132,951.22
Lavale AWS,18.5422,73.7389,11-05-2024 02:50,2024-05-11 02:50:00,2024,5,11,2,132,951.21
Lavale AWS,18.5422,73.7389,11-05-2024 02:55,2024-05-11 02:55:00,2024,5,11,2,132,951.2
Lavale AWS,18.5422,73.7389,11-05-2024 03:00,2024-05-11 03:00:00,2024,5,11,3,132,951.25
Lavale AWS,18.5422,73.7389,11-05-2024 03:05,2024-05-11 03:05:00,2024,5,11,3,132,951.34
Lavale AWS,18.5422,73.7389,11-05-2024 03:10,2024-05-11 03:10:00,2024,5,11,3,132,951.46
Lavale AWS,18.5422,73.7389,11-05-2024 03:15,2024-05-11 03:15:00,2024,5,11,3,132,951.54
Lavale AWS,18.5422,73.7389,11-05-2024 03:20,2024-05-11 03:20:00,2024,5,11,3,132,951.54
Lavale AWS,18.5422,73.7389,11-05-2024 03:25,2024-05-11 03:25:00,2024,5,11,3,132,951.58
Lavale AWS,18.5422,73.7389,11-05-2024 03:30,2024-05-11 03:30:00,2024,5,11,3,132,951.72
Lavale AWS,18.5422,73.7389,11-05-2024 03:35,2024-05-11 03:35:00,2024,5,11,3,132,951.7
Lavale AWS,18.5422,73.7389,11-05-2024 03:40,2024-05-11 03:40:00,2024,5,11,3,132,951.74
Lavale AWS,18.5422,73.7389,11-05-2024 03:45,2024-05-11 03:45:00,2024,5,11,3,132,951.87
Lavale AWS,18.5422,73.7389,11-05-2024 03:50,2024-05-11 03:50:00,2024,5,11,3,132,952.02
Lavale AWS,18.5422,73.7389,11-05-2024 03:55,2024-05-11 03:55:00,2024,5,11,3,132,952.08
Lavale AWS,18.5422,73.7389,11-05-2024 04:00,2024-05-11 04:00:00,2024,5,11,4,132,952.12
Lavale AWS,18.5422,73.7389,11-05-2024 04:05,2024-05-11 04:05:00,2024,5,11,4,132,952.09
Lavale AWS,18.5422,73.7389,11-05-2024 04:10,2024-05-11 04:10:00,2024,5,11,4,132,952.21
Lavale AWS,18.5422,73.7389,11-05-2024 04:15,2024-05-11 04:15:00,2024,5,11,4,132,952.39
Lavale AWS,18.5422,73.7389,11-05-2024 04:20,2024-05-11 04:20:00,2024,5,11,4,132,952.67
Lavale AWS,18.5422,73.7389,11-05-2024 04:25,2024-05-11 04:25:00,2024,5,11,4,132,952.76
Lavale AWS,18.5422,73.7389,11-05-2024 04:30,2024-05-11 04:30:00,2024,5,11,4,132,952.81
Lavale AWS,18.5422,73.7389,11-05-2024 04:35,2024-05-11 04:35:00,2024,5,11,4,132,952.8
Lavale AWS,18.5422,73.7389,11-05-2024 04:40,2024-05-11 04:40:00,2024,5,11,4,132,952.71
Lavale AWS,18.5422,73.7389,11-05-2024 04:45,2024-05-11 04:45:00,2024,5,11,4,132,952.79
Lavale AWS,18.5422,73.7389,11-05-2024 04:50,2024-05-11 04:50:00,2024,5,11,4,132,953.04
Lavale AWS,18.5422,73.7389,11-05-2024 04:55,2024-05-11 04:55:00,2024,5,11,4,132,953.2
Lavale AWS,18.5422,73.7389,11-05-2024 05:00,2024-05-11 05:00:00,2024,5,11,5,132,953.34
Lavale AWS,18.5422,73.7389,11-05-2024 05:05,2024-05-11 05:05:00,2024,5,11,5,132,953.4
Lavale AWS,18.5422,73.7389,11-05-2024 05:10,2024-05-11 05:10:00,2024,5,11,5,132,953.47
Lavale AWS,18.5422,73.7389,11-05-2024 05:15,2024-05-11 05:15:00,2024,5,11,5,132,953.32
Lavale AWS,18.5422,73.7389,11-05-2024 05:20,2024-05-11 05:20:00,2024,5,11,5,132,953.43
Lavale AWS,18.5422,73.7389,11-05-2024 05:25,2024-05-11 05:25:00,2024,5,11,5,132,953.42
Lavale AWS,18.5422,73.7389,11-05-2024 05:30,2024-05-11 05:30:00,2024,5,11,5,132,953.41
Lavale AWS,18.5422,73.7389,11-05-2024 05:35,2024-05-11 05:35:00,2024,5,11,5,132,953.43
Lavale AWS,18.5422,73.7389,11-05-2024 05:40,2024-05-11 05:40:00,2024,5,11,5,132,953.44
Lavale AWS,18.5422,73.7389,11-05-2024 05:45,2024-05-11 05:45:00,2024,5,11,5,132,953.42
Lavale AWS,18.5422,73.7389,11-05-2024 05:50,2024-05-11 05:50:00,2024,5,11,5,132,953.46
Lavale AWS,18.5422,73.7389,11-05-2024 05:55,2024-05-11 05:55:00,2024,5,11,5,132,953.45
Lavale AWS,18.5422,73.7389,11-05-2024 06:00,2024-05-11 06:00:00,2024,5,11,6,132,953.5
Lavale AWS,18.5422,73.7389,11-05-2024 06:05,2024-05-11 06:05:00,2024,5,11,6,132,953.41
Lavale AWS,18.5422,73.7389,11-05-2024 06:10,2024-05-11 06:10:00,2024,5,11,6,132,953.43
Lavale AWS,18.5422,73.7389,11-05-2024 06:15,2024-05-11 06:15:00,2024,5,11,6,132,953.38
Lavale AWS,18.5422,73.7389,11-05-2024 06:20,2024-05-11 06:20:00,2024,5,11,6,132,953.36
Lavale AWS,18.5422,73.7389,11-05-2024 06:25,2024-05-11 06:25:00,2024,5,11,6,132,953.4
Lavale AWS,18.5422,73.7389,11-05-2024 06:30,2024-05-11 06:30:00,2024,5,11,6,132,953.3
Lavale AWS,18.5422,73.7389,11-05-2024 06:35,2024-05-11 06:35:00,2024,5,11,6,132,953.27
Lavale AWS,18.5422,73.7389,11-05-2024 06:40,2024-05-11 06:40:00,2024,5,11,6,132,953.34
Lavale AWS,18.5422,73.7389,11-05-2024 06:45,2024-05-11 06:45:00,2024,5,11,6,132,953.25
Lavale AWS,18.5422,73.7389,11-05-2024 06:50,2024-05-11 06:50:00,2024,5,11,6,132,953.42
Lavale AWS,18.5422,73.7389,11-05-2024 06:55,2024-05-11 06:55:00,2024,5,11,6,132,953.53
Lavale AWS,18.5422,73.7389,11-05-2024 07:00,2024-05-11 07:00:00,2024,5,11,7,132,953.5
Lavale AWS,18.5422,73.7389,11-05-2024 07:05,2024-05-11 07:05:00,2024,5,11,7,132,953.44
Lavale AWS,18.5422,73.7389,11-05-2024 07:10,2024-05-11 07:10:00,2024,5,11,7,132,953.46
Lavale AWS,18.5422,73.7389,11-05-2024 07:15,2024-05-11 07:15:00,2024,5,11,7,132,953.34
Lavale AWS,18.5422,73.7389,11-05-2024 07:20,2024-05-11 07:20:00,2024,5,11,7,132,953.19
Lavale AWS,18.5422,73.7389,11-05-2024 07:25,2024-05-11 07:25:00,2024,5,11,7,132,953.15
Lavale AWS,18.5422,73.7389,11-05-2024 07:30,2024-05-11 07:30:00,2024,5,11,7,132,953.15
Lavale AWS,18.5422,73.7389,11-05-2024 07:35,2024-05-11 07:35:00,2024,5,11,7,132,953.15
Lavale AWS,18.5422,73.7389,11-05-2024 07:40,2024-05-11 07:40:00,2024,5,11,7,132,953.1
Lavale AWS,18.5422,73.7389,11-05-2024 07:45,2024-05-11 07:45:00,2024,5,11,7,132,953.19
Lavale AWS,18.5422,73.7389,11-05-2024 07:50,2024-05-11 07:50:00,2024,5,11,7,132,953.06
Lavale AWS,18.5422,73.7389,11-05-2024 07:55,2024-05-11 07:55:00,2024,5,11,7,132,952.96
Lavale AWS,18.5422,73.7389,11-05-2024 08:00,2024-05-11 08:00:00,2024,5,11,8,132,952.98
Lavale AWS,18.5422,73.7389,11-05-2024 08:05,2024-05-11 08:05:00,2024,5,11,8,132,952.87
Lavale AWS,18.5422,73.7389,11-05-2024 08:10,2024-05-11 08:10:00,2024,5,11,8,132,952.76
Lavale AWS,18.5422,73.7389,11-05-2024 08:15,2024-05-11 08:15:00,2024,5,11,8,132,952.75
Lavale AWS,18.5422,73.7389,11-05-2024 08:20,2024-05-11 08:20:00,2024,5,11,8,132,952.65
Lavale AWS,18.5422,73.7389,11-05-2024 08:25,2024-05-11 08:25:00,2024,5,11,8,132,952.62
Lavale AWS,18.5422,73.7389,11-05-2024 08:30,2024-05-11 08:30:00,2024,5,11,8,132,952.54
Lavale AWS,18.5422,73.7389,11-05-2024 08:35,2024-05-11 08:35:00,2024,5,11,8,132,952.44
Lavale AWS,18.5422,73.7389,11-05-2024 08:40,2024-05-11 08:40:00,2024,5,11,8,132,952.25
Lavale AWS,18.5422,73.7389,11-05-2024 08:45,2024-05-11 08:45:00,2024,5,11,8,132,952.24
Lavale AWS,18.5422,73.7389,11-05-2024 08:50,2024-05-11 08:50:00,2024,5,11,8,132,952.12
Lavale AWS,18.5422,73.7389,11-05-2024 08:55,2024-05-11 08:55:00,2024,5,11,8,132,952.08
Lavale AWS,18.5422,73.7389,11-05-2024 09:00,2024-05-11 09:00:00,2024,5,11,9,132,952.01
Lavale AWS,18.5422,73.7389,11-05-2024 09:05,2024-05-11 09:05:00,2024,5,11,9,132,951.97
Lavale AWS,18.5422,73.7389,11-05-2024 09:10,2024-05-11 09:10:00,2024,5,11,9,132,951.93
Lavale AWS,18.5422,73.7389,11-05-2024 09:15,2024-05-11 09:15:00,2024,5,11,9,132,951.91
Lavale AWS,18.5422,73.7389,11-05-2024 09:20,2024-05-11 09:20:00,2024,5,11,9,132,951.82
Lavale AWS,18.5422,73.7389,11-05-2024 09:25,2024-05-11 09:25:00,2024,5,11,9,132,951.88
Lavale AWS,18.5422,73.7389,11-05-2024 09:30,2024-05-11 09:30:00,2024,5,11,9,132,951.69
Lavale AWS,18.5422,73.7389,11-05-2024 09:35,2024-05-11 09:35:00,2024,5,11,9,132,951.64
Lavale AWS,18.5422,73.7389,11-05-2024 09:40,2024-05-11 09:40:00,2024,5,11,9,132,951.67
Lavale AWS,18.5422,73.7389,11-05-2024 09:45,2024-05-11 09:45:00,2024,5,11,9,132,951.66
Lavale AWS,18.5422,73.7389,11-05-2024 09:50,2024-05-11 09:50:00,2024,5,11,9,132,951.54
Lavale AWS,18.5422,73.7389,11-05-2024 09:55,2024-05-11 09:55:00,2024,5,11,9,132,951.43
Lavale AWS,18.5422,73.7389,11-05-2024 10:00,2024-05-11 10:00:00,2024,5,11,10,132,951.31
Lavale AWS,18.5422,73.7389,11-05-2024 10:05,2024-05-11 10:05:00,2024,5,11,10,132,951.31
Lavale AWS,18.5422,73.7389,11-05-2024 10:10,2024-05-11 10:10:00,2024,5,11,10,132,951.21
Lavale AWS,18.5422,73.7389,11-05-2024 10:15,2024-05-11 10:15:00,2024,5,11,10,132,951.19
Lavale AWS,18.5422,73.7389,11-05-2024 10:20,2024-05-11 10:20:00,2024,5,11,10,132,951.16
Lavale AWS,18.5422,73.7389,11-05-2024 10:25,2024-05-11 10:25:00,2024,5,11,10,132,951.31
Lavale AWS,18.5422,73.7389,11-05-2024 10:30,2024-05-11 10:30:00,2024,5,11,10,132,951.28
Lavale AWS,18.5422,73.7389,11-05-2024 10:35,2024-05-11 10:35:00,2024,5,11,10,132,951.16
Lavale AWS,18.5422,73.7389,11-05-2024 10:40,2024-05-11 10:40:00,2024,5,11,10,132,950.99
Lavale AWS,18.5422,73.7389,11-05-2024 10:45,2024-05-11 10:45:00,2024,5,11,10,132,950.92
Lavale AWS,18.5422,73.7389,11-05-2024 10:50,2024-05-11 10:50:00,2024,5,11,10,132,950.87
Lavale AWS,18.5422,73.7389,11-05-2024 10:55,2024-05-11 10:55:00,2024,5,11,10,132,950.65
Lavale AWS,18.5422,73.7389,11-05-2024 11:00,2024-05-11 11:00:00,2024,5,11,11,132,950.55
Lavale AWS,18.5422,73.7389,11-05-2024 11:05,2024-05-11 11:05:00,2024,5,11,11,132,950.54
Lavale AWS,18.5422,73.7389,11-05-2024 11:10,2024-05-11 11:10:00,2024,5,11,11,132,950.46
Lavale AWS,18.5422,73.7389,11-05-2024 11:15,2024-05-11 11:15:00,2024,5,11,11,132,950.51
Lavale AWS,18.5422,73.7389,11-05-2024 11:20,2024-05-11 11:20:00,2024,5,11,11,132,950.34
Lavale AWS,18.5422,73.7389,11-05-2024 11:25,2024-05-11 11:25:00,2024,5,11,11,132,950.37
Lavale AWS,18.5422,73.7389,11-05-2024 11:30,2024-05-11 11:30:00,2024,5,11,11,132,950.41
Lavale AWS,18.5422,73.7389,11-05-2024 11:35,2024-05-11 11:35:00,2024,5,11,11,132,950.45
Lavale AWS,18.5422,73.7389,11-05-2024 11:40,2024-05-11 11:40:00,2024,5,11,11,132,950.29
Lavale AWS,18.5422,73.7389,11-05-2024 11:45,2024-05-11 11:45:00,2024,5,11,11,132,950.29
Lavale AWS,18.5422,73.7389,11-05-2024 11:50,2024-05-11 11:50:00,2024,5,11,11,132,950.21
Lavale AWS,18.5422,73.7389,11-05-2024 11:55,2024-05-11 11:55:00,2024,5,11,11,132,950.07
Lavale AWS,18.5422,73.7389,11-05-2024 12:00,2024-05-11 12:00:00,2024,5,11,12,132,950.02
Lavale AWS,18.5422,73.7389,11-05-2024 12:05,2024-05-11 12:05:00,2024,5,11,12,132,949.93
Lavale AWS,18.5422,73.7389,11-05-2024 12:10,2024-05-11 12:10:00,2024,5,11,12,132,950.0
Lavale AWS,18.5422,73.7389,11-05-2024 12:15,2024-05-11 12:15:00,2024,5,11,12,132,950.02
Lavale AWS,18.5422,73.7389,11-05-2024 12:20,2024-05-11 12:20:00,2024,5,11,12,132,949.92
Lavale AWS,18.5422,73.7389,11-05-2024 12:25,2024-05-11 12:25:00,2024,5,11,12,132,949.85
Lavale AWS,18.5422,73.7389,11-05-2024 12:30,2024-05-11 12:30:00,2024,5,11,12,132,949.82
Lavale AWS,18.5422,73.7389,11-05-2024 12:35,2024-05-11 12:35:00,2024,5,11,12,132,949.82
Lavale AWS,18.5422,73.7389,11-05-2024 12:40,2024-05-11 12:40:00,2024,5,11,12,132,949.9
Lavale AWS,18.5422,73.7389,11-05-2024 12:45,2024-05-11 12:45:00,2024,5,11,12,132,949.96
Lavale AWS,18.5422,73.7389,11-05-2024 12:50,2024-05-11 12:50:00,2024,5,11,12,132,949.96
Lavale AWS,18.5422,73.7389,11-05-2024 12:55,2024-05-11 12:55:00,2024,5,11,12,132,949.94
Lavale AWS,18.5422,73.7389,11-05-2024 13:00,2024-05-11 13:00:00,2024,5,11,13,132,949.81
Lavale AWS,18.5422,73.7389,11-05-2024 13:05,2024-05-11 13:05:00,2024,5,11,13,132,949.92
Lavale AWS,18.5422,73.7389,11-05-2024 13:10,2024-05-11 13:10:00,2024,5,11,13,132,949.9
Lavale AWS,18.5422,73.7389,11-05-2024 13:15,2024-05-11 13:15:00,2024,5,11,13,132,950.04
Lavale AWS,18.5422,73.7389,11-05-2024 13:20,2024-05-11 13:20:00,2024,5,11,13,132,950.07
Lavale AWS,18.5422,73.7389,11-05-2024 13:25,2024-05-11 13:25:00,2024,5,11,13,132,950.24
Lavale AWS,18.5422,73.7389,11-05-2024 13:30,2024-05-11 13:30:00,2024,5,11,13,132,950.3
Lavale AWS,18.5422,73.7389,11-05-2024 13:35,2024-05-11 13:35:00,2024,5,11,13,132,950.2
Lavale AWS,18.5422,73.7389,11-05-2024 13:40,2024-05-11 13:40:00,2024,5,11,13,132,950.17
Lavale AWS,18.5422,73.7389,11-05-2024 13:45,2024-05-11 13:45:00,2024,5,11,13,132,950.17
Lavale AWS,18.5422,73.7389,11-05-2024 13:50,2024-05-11 13:50:00,2024,5,11,13,132,950.13
Lavale AWS,18.5422,73.7389,11-05-2024 13:55,2024-05-11 13:55:00,2024,5,11,13,132,950.13
Lavale AWS,18.5422,73.7389,11-05-2024 14:00,2024-05-11 14:00:00,2024,5,11,14,132,950.05
Lavale AWS,18.5422,73.7389,11-05-2024 14:05,2024-05-11 14:05:00,2024,5,11,14,132,950.09
Lavale AWS,18.5422,73.7389,11-05-2024 14:10,2024-05-11 14:10:00,2024,5,11,14,132,950.15
Lavale AWS,18.5422,73.7389,11-05-2024 14:15,2024-05-11 14:15:00,2024,5,11,14,132,950.12
Lavale AWS,18.5422,73.7389,11-05-2024 14:20,2024-05-11 14:20:00,2024,5,11,14,132,950.32
Lavale AWS,18.5422,73.7389,11-05-2024 14:25,2024-05-11 14:25:00,2024,5,11,14,132,950.37
Lavale AWS,18.5422,73.7389,11-05-2024 14:30,2024-05-11 14:30:00,2024,5,11,14,132,950.35
Lavale AWS,18.5422,73.7389,11-05-2024 14:35,2024-05-11 14:35:00,2024,5,11,14,132,950.27
Lavale AWS,18.5422,73.7389,11-05-2024 14:40,2024-05-11 14:40:00,2024,5,11,14,132,950.33
Lavale AWS,18.5422,73.7389,11-05-2024 14:45,2024-05-11 14:45:00,2024,5,11,14,132,950.36
Lavale AWS,18.5422,73.7389,11-05-2024 14:50,2024-05-11 14:50:00,2024,5,11,14,132,950.48
Lavale AWS,18.5422,73.7389,11-05-2024 14:55,2024-05-11 14:55:00,2024,5,11,14,132,950.53
Lavale AWS,18.5422,73.7389,11-05-2024 15:00,2024-05-11 15:00:00,2024,5,11,15,132,950.49
Lavale AWS,18.5422,73.7389,11-05-2024 15:05,2024-05-11 15:05:00,2024,5,11,15,132,950.69
Lavale AWS,18.5422,73.7389,11-05-2024 15:10,2024-05-11 15:10:00,2024,5,11,15,132,950.78
Lavale AWS,18.5422,73.7389,11-05-2024 15:15,2024-05-11 15:15:00,2024,5,11,15,132,950.82
Lavale AWS,18.5422,73.7389,11-05-2024 15:20,2024-05-11 15:20:00,2024,5,11,15,132,950.89
Lavale AWS,18.5422,73.7389,11-05-2024 15:25,2024-05-11 15:25:00,2024,5,11,15,132,950.99
Lavale AWS,18.5422,73.7389,11-05-2024 15:30,2024-05-11 15:30:00,2024,5,11,15,132,950.93
Lavale AWS,18.5422,73.7389,11-05-2024 15:35,2024-05-11 15:35:00,2024,5,11,15,132,951.01
Lavale AWS,18.5422,73.7389,11-05-2024 15:40,2024-05-11 15:40:00,2024,5,11,15,132,951.04
Lavale AWS,18.5422,73.7389,11-05-2024 15:45,2024-05-11 15:45:00,2024,5,11,15,132,951.14
Lavale AWS,18.5422,73.7389,11-05-2024 15:50,2024-05-11 15:50:00,2024,5,11,15,132,951.15
Lavale AWS,18.5422,73.7389,11-05-2024 15:55,2024-05-11 15:55:00,2024,5,11,15,132,951.16
Lavale AWS,18.5422,73.7389,11-05-2024 16:00,2024-05-11 16:00:00,2024,5,11,16,132,951.36
Lavale AWS,18.5422,73.7389,11-05-2024 16:05,2024-05-11 16:05:00,2024,5,11,16,132,951.52
Lavale AWS,18.5422,73.7389,11-05-2024 16:10,2024-05-11 16:10:00,2024,5,11,16,132,951.32
Lavale AWS,18.5422,73.7389,11-05-2024 16:15,2024-05-11 16:15:00,2024,5,11,16,132,951.48
Lavale AWS,18.5422,73.7389,11-05-2024 16:20,2024-05-11 16:20:00,2024,5,11,16,132,951.53
Lavale AWS,18.5422,73.7389,11-05-2024 16:25,2024-05-11 16:25:00,2024,5,11,16,132,951.54
Lavale AWS,18.5422,73.7389,11-05-2024 16:30,2024-05-11 16:30:00,2024,5,11,16,132,951.52
Lavale AWS,18.5422,73.7389,11-05-2024 16:35,2024-05-11 16:35:00,2024,5,11,16,132,951.51
Lavale AWS,18.5422,73.7389,11-05-2024 16:40,2024-05-11 16:40:00,2024,5,11,16,132,951.52
Lavale AWS,18.5422,73.7389,11-05-2024 16:45,2024-05-11 16:45:00,2024,5,11,16,132,951.5
Lavale AWS,18.5422,73.7389,11-05-2024 16:50,2024-05-11 16:50:00,2024,5,11,16,132,951.46
Lavale AWS,18.5422,73.7389,11-05-2024 16:55,2024-05-11 16:55:00,2024,5,11,16,132,951.45
Lavale AWS,18.5422,73.7389,11-05-2024 17:00,2024-05-11 17:00:00,2024,5,11,17,132,951.55
Lavale AWS,18.5422,73.7389,11-05-2024 17:05,2024-05-11 17:05:00,2024,5,11,17,132,951.62
Lavale AWS,18.5422,73.7389,11-05-2024 17:10,2024-05-11 17:10:00,2024,5,11,17,132,951.74
Lavale AWS,18.5422,73.7389,11-05-2024 17:15,2024-05-11 17:15:00,2024,5,11,17,132,951.79
Lavale AWS,18.5422,73.7389,11-05-2024 17:20,2024-05-11 17:20:00,2024,5,11,17,132,951.75
Lavale AWS,18.5422,73.7389,11-05-2024 17:25,2024-05-11 17:25:00,2024,5,11,17,132,951.85
Lavale AWS,18.5422,73.7389,11-05-2024 17:30,2024-05-11 17:30:00,2024,5,11,17,132,951.83
Lavale AWS,18.5422,73.7389,11-05-2024 17:35,2024-05-11 17:35:00,2024,5,11,17,132,951.94
Lavale AWS,18.5422,73.7389,11-05-2024 17:40,2024-05-11 17:40:00,2024,5,11,17,132,951.9
Lavale AWS,18.5422,73.7389,11-05-2024 17:45,2024-05-11 17:45:00,2024,5,11,17,132,951.89
Lavale AWS,18.5422,73.7389,11-05-2024 17:50,2024-05-11 17:50:00,2024,5,11,17,132,951.92
Lavale AWS,18.5422,73.7389,11-05-2024 17:55,2024-05-11 17:55:00,2024,5,11,17,132,952.02
Lavale AWS,18.5422,73.7389,11-05-2024 18:00,2024-05-11 18:00:00,2024,5,11,18,132,952.08
Lavale AWS,18.5422,73.7389,11-05-2024 18:05,2024-05-11 18:05:00,2024,5,11,18,132,952.12
Lavale AWS,18.5422,73.7389,11-05-2024 18:10,2024-05-11 18:10:00,2024,5,11,18,132,952.31
Lavale AWS,18.5422,73.7389,11-05-2024 18:15,2024-05-11 18:15:00,2024,5,11,18,132,952.19
Lavale AWS,18.5422,73.7389,11-05-2024 18:20,2024-05-11 18:20:00,2024,5,11,18,132,952.14
Lavale AWS,18.5422,73.7389,11-05-2024 18:25,2024-05-11 18:25:00,2024,5,11,18,132,952.08
Lavale AWS,18.5422,73.7389,11-05-2024 18:30,2024-05-11 18:30:00,2024,5,11,18,132,951.97
Lavale AWS,18.5422,73.7389,11-05-2024 18:35,2024-05-11 18:35:00,2024,5,11,18,132,951.95
Lavale AWS,18.5422,73.7389,11-05-2024 18:40,2024-05-11 18:40:00,2024,5,11,18,132,952.03
Lavale AWS,18.5422,73.7389,11-05-2024 18:45,2024-05-11 18:45:00,2024,5,11,18,132,952.01
Lavale AWS,18.5422,73.7389,11-05-2024 18:50,2024-05-11 18:50:00,2024,5,11,18,132,952.01
Lavale AWS,18.5422,73.7389,11-05-2024 18:55,2024-05-11 18:55:00,2024,5,11,18,132,951.89
Lavale AWS,18.5422,73.7389,11-05-2024 19:00,2024-05-11 19:00:00,2024,5,11,19,132,951.85
Lavale AWS,18.5422,73.7389,11-05-2024 19:05,2024-05-11 19:05:00,2024,5,11,19,132,951.83
Lavale AWS,18.5422,73.7389,11-05-2024 19:10,2024-05-11 19:10:00,2024,5,11,19,132,951.9
Lavale AWS,18.5422,73.7389,11-05-2024 19:15,2024-05-11 19:15:00,2024,5,11,19,132,951.78
Lavale AWS,18.5422,73.7389,11-05-2024 19:20,2024-05-11 19:20:00,2024,5,11,19,132,951.75
Lavale AWS,18.5422,73.7389,11-05-2024 19:25,2024-05-11 19:25:00,2024,5,11,19,132,951.85
Lavale AWS,18.5422,73.7389,11-05-2024 19:30,2024-05-11 19:30:00,2024,5,11,19,132,951.82
Lavale AWS,18.5422,73.7389,11-05-2024 19:35,2024-05-11 19:35:00,2024,5,11,19,132,951.65
Lavale AWS,18.5422,73.7389,11-05-2024 19:40,2024-05-11 19:40:00,2024,5,11,19,132,951.75
Lavale AWS,18.5422,73.7389,11-05-2024 19:45,2024-05-11 19:45:00,2024,5,11,19,132,951.8
Lavale AWS,18.5422,73.7389,11-05-2024 19:50,2024-05-11 19:50:00,2024,5,11,19,132,951.86
Lavale AWS,18.5422,73.7389,11-05-2024 19:55,2024-05-11 19:55:00,2024,5,11,19,132,951.71
Lavale AWS,18.5422,73.7389,11-05-2024 20:00,2024-05-11 20:00:00,2024,5,11,20,132,951.81
Lavale AWS,18.5422,73.7389,11-05-2024 20:05,2024-05-11 20:05:00,2024,5,11,20,132,951.72
Lavale AWS,18.5422,73.7389,11-05-2024 20:10,2024-05-11 20:10:00,2024,5,11,20,132,951.66
Lavale AWS,18.5422,73.7389,11-05-2024 20:15,2024-05-11 20:15:00,2024,5,11,20,132,951.58
Lavale AWS,18.5422,73.7389,11-05-2024 20:20,2024-05-11 20:20:00,2024,5,11,20,132,951.62
Lavale AWS,18.5422,73.7389,11-05-2024 20:25,2024-05-11 20:25:00,2024,5,11,20,132,951.58
Lavale AWS,18.5422,73.7389,11-05-2024 20:30,2024-05-11 20:30:00,2024,5,11,20,132,951.58
Lavale AWS,18.5422,73.7389,11-05-2024 20:35,2024-05-11 20:35:00,2024,5,11,20,132,951.54
Lavale AWS,18.5422,73.7389,11-05-2024 20:40,2024-05-11 20:40:00,2024,5,11,20,132,951.49
Lavale AWS,18.5422,73.7389,11-05-2024 20:45,2024-05-11 20:45:00,2024,5,11,20,132,951.37
Lavale AWS,18.5422,73.7389,11-05-2024 20:50,2024-05-11 20:50:00,2024,5,11,20,132,951.47
Lavale AWS,18.5422,73.7389,11-05-2024 20:55,2024-05-11 20:55:00,2024,5,11,20,132,951.3
Lavale AWS,18.5422,73.7389,11-05-2024 21:00,2024-05-11 21:00:00,2024,5,11,21,132,951.28
Lavale AWS,18.5422,73.7389,11-05-2024 21:05,2024-05-11 21:05:00,2024,5,11,21,132,951.26
Lavale AWS,18.5422,73.7389,11-05-2024 21:10,2024-05-11 21:10:00,2024,5,11,21,132,951.3
Lavale AWS,18.5422,73.7389,11-05-2024 21:15,2024-05-11 21:15:00,2024,5,11,21,132,951.34
Lavale AWS,18.5422,73.7389,11-05-2024 21:20,2024-05-11 21:20:00,2024,5,11,21,132,951.27
Lavale AWS,18.5422,73.7389,11-05-2024 21:25,2024-05-11 21:25:00,2024,5,11,21,132,951.24
Lavale AWS,18.5422,73.7389,11-05-2024 21:30,2024-05-11 21:30:00,2024,5,11,21,132,951.31
Lavale AWS,18.5422,73.7389,11-05-2024 21:35,2024-05-11 21:35:00,2024,5,11,21,132,951.23
Lavale AWS,18.5422,73.7389,11-05-2024 21:40,2024-05-11 21:40:00,2024,5,11,21,132,951.06
Lavale AWS,18.5422,73.7389,11-05-2024 21:45,2024-05-11 21:45:00,2024,5,11,21,132,950.96
Lavale AWS,18.5422,73.7389,11-05-2024 21:50,2024-05-11 21:50:00,2024,5,11,21,132,950.78
Lavale AWS,18.5422,73.7389,11-05-2024 21:55,2024-05-11 21:55:00,2024,5,11,21,132,950.74
Lavale AWS,18.5422,73.7389,11-05-2024 22:00,2024-05-11 22:00:00,2024,5,11,22,132,950.75
Lavale AWS,18.5422,73.7389,11-05-2024 22:05,2024-05-11 22:05:00,2024,5,11,22,132,950.66
Lavale AWS,18.5422,73.7389,11-05-2024 22:10,2024-05-11 22:10:00,2024,5,11,22,132,950.46
Lavale AWS,18.5422,73.7389,11-05-2024 22:15,2024-05-11 22:15:00,2024,5,11,22,132,950.47
Lavale AWS,18.5422,73.7389,11-05-2024 22:20,2024-05-11 22:20:00,2024,5,11,22,132,950.25
Lavale AWS,18.5422,73.7389,11-05-2024 22:25,2024-05-11 22:25:00,2024,5,11,22,132,950.06
Lavale AWS,18.5422,73.7389,11-05-2024 22:30,2024-05-11 22:30:00,2024,5,11,22,132,949.99
Lavale AWS,18.5422,73.7389,11-05-2024 22:35,2024-05-11 22:35:00,2024,5,11,22,132,949.95
Lavale AWS,18.5422,73.7389,11-05-2024 22:40,2024-05-11 22:40:00,2024,5,11,22,132,949.92
Lavale AWS,18.5422,73.7389,11-05-2024 22:45,2024-05-11 22:45:00,2024,5,11,22,132,949.85
Lavale AWS,18.5422,73.7389,11-05-2024 22:50,2024-05-11 22:50:00,2024,5,11,22,132,949.93
Lavale AWS,18.5422,73.7389,11-05-2024 22:55,2024-05-11 22:55:00,2024,5,11,22,132,949.87
Lavale AWS,18.5422,73.7389,11-05-2024 23:00,2024-05-11 23:00:00,2024,5,11,23,132,949.89
Lavale AWS,18.5422,73.7389,11-05-2024 23:05,2024-05-11 23:05:00,2024,5,11,23,132,949.88
Lavale AWS,18.5422,73.7389,11-05-2024 23:10,2024-05-11 23:10:00,2024,5,11,23,132,949.71
Lavale AWS,18.5422,73.7389,11-05-2024 23:15,2024-05-11 23:15:00,2024,5,11,23,132,949.64
Lavale AWS,18.5422,73.7389,11-05-2024 23:20,2024-05-11 23:20:00,2024,5,11,23,132,949.75
Lavale AWS,18.5422,73.7389,11-05-2024 23:25,2024-05-11 23:25:00,2024,5,11,23,132,949.64
Lavale AWS,18.5422,73.7389,11-05-2024 23:30,2024-05-11 23:30:00,2024,5,11,23,132,949.53
Lavale AWS,18.5422,73.7389,11-05-2024 23:35,2024-05-11 23:35:00,2024,5,11,23,132,949.48
Lavale AWS,18.5422,73.7389,11-05-2024 23:40,2024-05-11 23:40:00,2024,5,11,23,132,949.39
Lavale AWS,18.5422,73.7389,11-05-2024 23:45,2024-05-11 23:45:00,2024,5,11,23,132,949.27
Lavale AWS,18.5422,73.7389,11-05-2024 23:50,2024-05-11 23:50:00,2024,5,11,23,132,949.19
Lavale AWS,18.5422,73.7389,11-05-2024 23:55,2024-05-11 23:55:00,2024,5,11,23,132,949.26
Lavale AWS,18.5422,73.7389,12-05-2024 00:00,2024-05-12 00:00:00,2024,5,12,0,133,949.2
Lavale AWS,18.5422,73.7389,12-05-2024 00:05,2024-05-12 00:05:00,2024,5,12,0,133,949.06
Lavale AWS,18.5422,73.7389,12-05-2024 00:10,2024-05-12 00:10:00,2024,5,12,0,133,948.9
Lavale AWS,18.5422,73.7389,12-05-2024 00:15,2024-05-12 00:15:00,2024,5,12,0,133,949.05
Lavale AWS,18.5422,73.7389,12-05-2024 00:20,2024-05-12 00:20:00,2024,5,12,0,133,949.0
Lavale AWS,18.5422,73.7389,12-05-2024 00:25,2024-05-12 00:25:00,2024,5,12,0,133,949.0
Lavale AWS,18.5422,73.7389,12-05-2024 00:30,2024-05-12 00:30:00,2024,5,12,0,133,948.91
Lavale AWS,18.5422,73.7389,12-05-2024 00:35,2024-05-12 00:35:00,2024,5,12,0,133,948.91
Lavale AWS,18.5422,73.7389,12-05-2024 00:40,2024-05-12 00:40:00,2024,5,12,0,133,949.01
Lavale AWS,18.5422,73.7389,12-05-2024 00:45,2024-05-12 00:45:00,2024,5,12,0,133,948.93
Lavale AWS,18.5422,73.7389,12-05-2024 00:50,2024-05-12 00:50:00,2024,5,12,0,133,948.95
Lavale AWS,18.5422,73.7389,12-05-2024 00:55,2024-05-12 00:55:00,2024,5,12,0,133,948.82
Lavale AWS,18.5422,73.7389,12-05-2024 01:00,2024-05-12 01:00:00,2024,5,12,1,133,948.97
Lavale AWS,18.5422,73.7389,12-05-2024 01:05,2024-05-12 01:05:00,2024,5,12,1,133,948.98
Lavale AWS,18.5422,73.7389,12-05-2024 01:10,2024-05-12 01:10:00,2024,5,12,1,133,948.94
Lavale AWS,18.5422,73.7389,12-05-2024 01:15,2024-05-12 01:15:00,2024,5,12,1,133,948.9
Lavale AWS,18.5422,73.7389,12-05-2024 01:20,2024-05-12 01:20:00,2024,5,12,1,133,948.86
Lavale AWS,18.5422,73.7389,12-05-2024 01:25,2024-05-12 01:25:00,2024,5,12,1,133,948.83
Lavale AWS,18.5422,73.7389,12-05-2024 01:30,2024-05-12 01:30:00,2024,5,12,1,133,948.64
Lavale AWS,18.5422,73.7389,12-05-2024 01:35,2024-05-12 01:35:00,2024,5,12,1,133,948.64
Lavale AWS,18.5422,73.7389,12-05-2024 01:40,2024-05-12 01:40:00,2024,5,12,1,133,948.65
Lavale AWS,18.5422,73.7389,12-05-2024 01:45,2024-05-12 01:45:00,2024,5,12,1,133,948.71
Lavale AWS,18.5422,73.7389,12-05-2024 01:50,2024-05-12 01:50:00,2024,5,12,1,133,948.69
Lavale AWS,18.5422,73.7389,12-05-2024 01:55,2024-05-12 01:55:00,2024,5,12,1,133,948.66
Lavale AWS,18.5422,73.7389,12-05-2024 02:00,2024-05-12 02:00:00,2024,5,12,2,133,948.69
Lavale AWS,18.5422,73.7389,12-05-2024 02:05,2024-05-12 02:05:00,2024,5,12,2,133,948.59
Lavale AWS,18.5422,73.7389,12-05-2024 02:10,2024-05-12 02:10:00,2024,5,12,2,133,948.64
Lavale AWS,18.5422,73.7389,12-05-2024 02:15,2024-05-12 02:15:00,2024,5,12,2,133,948.54
Lavale AWS,18.5422,73.7389,12-05-2024 02:20,2024-05-12 02:20:00,2024,5,12,2,133,948.68
Lavale AWS,18.5422,73.7389,12-05-2024 02:25,2024-05-12 02:25:00,2024,5,12,2,133,948.78
Lavale AWS,18.5422,73.7389,12-05-2024 02:30,2024-05-12 02:30:00,2024,5,12,2,133,948.75
Lavale AWS,18.5422,73.7389,12-05-2024 02:35,2024-05-12 02:35:00,2024,5,12,2,133,948.85
Lavale AWS,18.5422,73.7389,12-05-2024 02:40,2024-05-12 02:40:00,2024,5,12,2,133,948.91
Lavale AWS,18.5422,73.7389,12-05-2024 02:45,2024-05-12 02:45:00,2024,5,12,2,133,948.88
Lavale AWS,18.5422,73.7389,12-05-2024 02:50,2024-05-12 02:50:00,2024,5,12,2,133,948.78
Lavale AWS,18.5422,73.7389,12-05-2024 02:55,2024-05-12 02:55:00,2024,5,12,2,133,948.87
Lavale AWS,18.5422,73.7389,12-05-2024 03:00,2024-05-12 03:00:00,2024,5,12,3,133,948.87
Lavale AWS,18.5422,73.7389,12-05-2024 03:05,2024-05-12 03:05:00,2024,5,12,3,133,949.02
Lavale AWS,18.5422,73.7389,12-05-2024 03:10,2024-05-12 03:10:00,2024,5,12,3,133,949.08
Lavale AWS,18.5422,73.7389,12-05-2024 03:15,2024-05-12 03:15:00,2024,5,12,3,133,949.09
Lavale AWS,18.5422,73.7389,12-05-2024 03:20,2024-05-12 03:20:00,2024,5,12,3,133,949.3
Lavale AWS,18.5422,73.7389,12-05-2024 03:25,2024-05-12 03:25:00,2024,5,12,3,133,949.41
Lavale AWS,18.5422,73.7389,12-05-2024 03:30,2024-05-12 03:30:00,2024,5,12,3,133,949.18
Lavale AWS,18.5422,73.7389,12-05-2024 03:35,2024-05-12 03:35:00,2024,5,12,3,133,949.21
Lavale AWS,18.5422,73.7389,12-05-2024 03:40,2024-05-12 03:40:00,2024,5,12,3,133,949.17
Lavale AWS,18.5422,73.7389,12-05-2024 03:45,2024-05-12 03:45:00,2024,5,12,3,133,949.19
Lavale AWS,18.5422,73.7389,12-05-2024 03:50,2024-05-12 03:50:00,2024,5,12,3,133,949.26
Lavale AWS,18.5422,73.7389,12-05-2024 03:55,2024-05-12 03:55:00,2024,5,12,3,133,949.36
Lavale AWS,18.5422,73.7389,12-05-2024 04:00,2024-05-12 04:00:00,2024,5,12,4,133,949.46
Lavale AWS,18.5422,73.7389,12-05-2024 04:05,2024-05-12 04:05:00,2024,5,12,4,133,949.62
Lavale AWS,18.5422,73.7389,12-05-2024 04:10,2024-05-12 04:10:00,2024,5,12,4,133,949.75
Lavale AWS,18.5422,73.7389,12-05-2024 04:15,2024-05-12 04:15:00,2024,5,12,4,133,949.86
Lavale AWS,18.5422,73.7389,12-05-2024 04:20,2024-05-12 04:20:00,2024,5,12,4,133,949.94
Lavale AWS,18.5422,73.7389,12-05-2024 04:25,2024-05-12 04:25:00,2024,5,12,4,133,950.11
Lavale AWS,18.5422,73.7389,12-05-2024 04:30,2024-05-12 04:30:00,2024,5,12,4,133,950.14
Lavale AWS,18.5422,73.7389,12-05-2024 04:35,2024-05-12 04:35:00,2024,5,12,4,133,950.18
Lavale AWS,18.5422,73.7389,12-05-2024 04:40,2024-05-12 04:40:00,2024,5,12,4,133,950.09
Lavale AWS,18.5422,73.7389,12-05-2024 04:45,2024-05-12 04:45:00,2024,5,12,4,133,950.23
Lavale AWS,18.5422,73.7389,12-05-2024 04:50,2024-05-12 04:50:00,2024,5,12,4,133,950.29
Lavale AWS,18.5422,73.7389,12-05-2024 04:55,2024-05-12 04:55:00,2024,5,12,4,133,950.58
Lavale AWS,18.5422,73.7389,12-05-2024 05:00,2024-05-12 05:00:00,2024,5,12,5,133,950.59
Lavale AWS,18.5422,73.7389,12-05-2024 05:05,2024-05-12 05:05:00,2024,5,12,5,133,950.65
Lavale AWS,18.5422,73.7389,12-05-2024 05:10,2024-05-12 05:10:00,2024,5,12,5,133,950.73
Lavale AWS,18.5422,73.7389,12-05-2024 05:15,2024-05-12 05:15:00,2024,5,12,5,133,950.69
Lavale AWS,18.5422,73.7389,12-05-2024 05:20,2024-05-12 05:20:00,2024,5,12,5,133,950.76
Lavale AWS,18.5422,73.7389,12-05-2024 05:25,2024-05-12 05:25:00,2024,5,12,5,133,950.8
Lavale AWS,18.5422,73.7389,12-05-2024 05:30,2024-05-12 05:30:00,2024,5,12,5,133,950.81
Lavale AWS,18.5422,73.7389,12-05-2024 05:35,2024-05-12 05:35:00,2024,5,12,5,133,950.94
Lavale AWS,18.5422,73.7389,12-05-2024 05:40,2024-05-12 05:40:00,2024,5,12,5,133,950.9
Lavale AWS,18.5422,73.7389,12-05-2024 05:45,2024-05-12 05:45:00,2024,5,12,5,133,950.96
Lavale AWS,18.5422,73.7389,12-05-2024 05:50,2024-05-12 05:50:00,2024,5,12,5,133,951.1
Lavale AWS,18.5422,73.7389,12-05-2024 05:55,2024-05-12 05:55:00,2024,5,12,5,133,951.07
Lavale AWS,18.5422,73.7389,12-05-2024 06:00,2024-05-12 06:00:00,2024,5,12,6,133,951.06
Lavale AWS,18.5422,73.7389,12-05-2024 06:05,2024-05-12 06:05:00,2024,5,12,6,133,951.27
Lavale AWS,18.5422,73.7389,12-05-2024 06:10,2024-05-12 06:10:00,2024,5,12,6,133,951.32
Lavale AWS,18.5422,73.7389,12-05-2024 06:15,2024-05-12 06:15:00,2024,5,12,6,133,951.29
Lavale AWS,18.5422,73.7389,12-05-2024 06:20,2024-05-12 06:20:00,2024,5,12,6,133,951.36
Lavale AWS,18.5422,73.7389,12-05-2024 06:25,2024-05-12 06:25:00,2024,5,12,6,133,951.31
Lavale AWS,18.5422,73.7389,12-05-2024 06:30,2024-05-12 06:30:00,2024,5,12,6,133,951.19
Lavale AWS,18.5422,73.7389,12-05-2024 06:35,2024-05-12 06:35:00,2024,5,12,6,133,951.3
Lavale AWS,18.5422,73.7389,12-05-2024 06:40,2024-05-12 06:40:00,2024,5,12,6,133,951.21
Lavale AWS,18.5422,73.7389,12-05-2024 06:45,2024-05-12 06:45:00,2024,5,12,6,133,951.4
Lavale AWS,18.5422,73.7389,12-05-2024 06:50,2024-05-12 06:50:00,2024,5,12,6,133,951.35
Lavale AWS,18.5422,73.7389,12-05-2024 06:55,2024-05-12 06:55:00,2024,5,12,6,133,951.5
Lavale AWS,18.5422,73.7389,12-05-2024 07:00,2024-05-12 07:00:00,2024,5,12,7,133,951.37
Lavale AWS,18.5422,73.7389,12-05-2024 07:05,2024-05-12 07:05:00,2024,5,12,7,133,951.43
Lavale AWS,18.5422,73.7389,12-05-2024 07:10,2024-05-12 07:10:00,2024,5,12,7,133,951.45
Lavale AWS,18.5422,73.7389,12-05-2024 07:15,2024-05-12 07:15:00,2024,5,12,7,133,951.48
Lavale AWS,18.5422,73.7389,12-05-2024 07:20,2024-05-12 07:20:00,2024,5,12,7,133,951.52
Lavale AWS,18.5422,73.7389,12-05-2024 07:25,2024-05-12 07:25:00,2024,5,12,7,133,951.44
Lavale AWS,18.5422,73.7389,12-05-2024 07:30,2024-05-12 07:30:00,2024,5,12,7,133,951.3
Lavale AWS,18.5422,73.7389,12-05-2024 07:35,2024-05-12 07:35:00,2024,5,12,7,133,951.25
Lavale AWS,18.5422,73.7389,12-05-2024 07:40,2024-05-12 07:40:00,2024,5,12,7,133,951.23
Lavale AWS,18.5422,73.7389,12-05-2024 07:45,2024-05-12 07:45:00,2024,5,12,7,133,951.15
Lavale AWS,18.5422,73.7389,12-05-2024 07:50,2024-05-12 07:50:00,2024,5,12,7,133,951.12
Lavale AWS,18.5422,73.7389,12-05-2024 07:55,2024-05-12 07:55:00,2024,5,12,7,133,951.1
Lavale AWS,18.5422,73.7389,12-05-2024 08:00,2024-05-12 08:00:00,2024,5,12,8,133,950.98
Lavale AWS,18.5422,73.7389,12-05-2024 08:05,2024-05-12 08:05:00,2024,5,12,8,133,950.96
Lavale AWS,18.5422,73.7389,12-05-2024 08:10,2024-05-12 08:10:00,2024,5,12,8,133,950.88
Lavale AWS,18.5422,73.7389,12-05-2024 08:15,2024-05-12 08:15:00,2024,5,12,8,133,950.77
Lavale AWS,18.5422,73.7389,12-05-2024 08:20,2024-05-12 08:20:00,2024,5,12,8,133,950.78
Lavale AWS,18.5422,73.7389,12-05-2024 08:25,2024-05-12 08:25:00,2024,5,12,8,133,950.66
Lavale AWS,18.5422,73.7389,12-05-2024 08:30,2024-05-12 08:30:00,2024,5,12,8,133,950.56
Lavale AWS,18.5422,73.7389,12-05-2024 08:35,2024-05-12 08:35:00,2024,5,12,8,133,950.51
Lavale AWS,18.5422,73.7389,12-05-2024 08:40,2024-05-12 08:40:00,2024,5,12,8,133,950.56
Lavale AWS,18.5422,73.7389,12-05-2024 08:45,2024-05-12 08:45:00,2024,5,12,8,133,950.51
Lavale AWS,18.5422,73.7389,12-05-2024 08:50,2024-05-12 08:50:00,2024,5,12,8,133,950.48
Lavale AWS,18.5422,73.7389,12-05-2024 08:55,2024-05-12 08:55:00,2024,5,12,8,133,950.39
Lavale AWS,18.5422,73.7389,12-05-2024 09:00,2024-05-12 09:00:00,2024,5,12,9,133,950.31
Lavale AWS,18.5422,73.7389,12-05-2024 09:05,2024-05-12 09:05:00,2024,5,12,9,133,950.23
Lavale AWS,18.5422,73.7389,12-05-2024 09:10,2024-05-12 09:10:00,2024,5,12,9,133,950.18
Lavale AWS,18.5422,73.7389,12-05-2024 09:15,2024-05-12 09:15:00,2024,5,12,9,133,950.08
Lavale AWS,18.5422,73.7389,12-05-2024 09:20,2024-05-12 09:20:00,2024,5,12,9,133,950.11
Lavale AWS,18.5422,73.7389,12-05-2024 09:25,2024-05-12 09:25:00,2024,5,12,9,133,950.0
Lavale AWS,18.5422,73.7389,12-05-2024 09:30,2024-05-12 09:30:00,2024,5,12,9,133,949.78
Lavale AWS,18.5422,73.7389,12-05-2024 09:35,2024-05-12 09:35:00,2024,5,12,9,133,949.93
Lavale AWS,18.5422,73.7389,12-05-2024 09:40,2024-05-12 09:40:00,2024,5,12,9,133,949.82
Lavale AWS,18.5422,73.7389,12-05-2024 09:45,2024-05-12 09:45:00,2024,5,12,9,133,949.84
Lavale AWS,18.5422,73.7389,12-05-2024 09:50,2024-05-12 09:50:00,2024,5,12,9,133,949.87
Lavale AWS,18.5422,73.7389,12-05-2024 09:55,2024-05-12 09:55:00,2024,5,12,9,133,949.85
Lavale AWS,18.5422,73.7389,12-05-2024 10:00,2024-05-12 10:00:00,2024,5,12,10,133,949.74
Lavale AWS,18.5422,73.7389,12-05-2024 10:05,2024-05-12 10:05:00,2024,5,12,10,133,949.67
Lavale AWS,18.5422,73.7389,12-05-2024 10:10,2024-05-12 10:10:00,2024,5,12,10,133,949.48
Lavale AWS,18.5422,73.7389,12-05-2024 10:15,2024-05-12 10:15:00,2024,5,12,10,133,949.55
Lavale AWS,18.5422,73.7389,12-05-2024 10:20,2024-05-12 10:20:00,2024,5,12,10,133,949.39
Lavale AWS,18.5422,73.7389,12-05-2024 10:25,2024-05-12 10:25:00,2024,5,12,10,133,949.28
Lavale AWS,18.5422,73.7389,12-05-2024 10:30,2024-05-12 10:30:00,2024,5,12,10,133,949.2
Lavale AWS,18.5422,73.7389,12-05-2024 10:35,2024-05-12 10:35:00,2024,5,12,10,133,949.11
Lavale AWS,18.5422,73.7389,12-05-2024 10:40,2024-05-12 10:40:00,2024,5,12,10,133,948.97
Lavale AWS,18.5422,73.7389,12-05-2024 10:45,2024-05-12 10:45:00,2024,5,12,10,133,949.0
Lavale AWS,18.5422,73.7389,12-05-2024 10:50,2024-05-12 10:50:00,2024,5,12,10,133,948.99
Lavale AWS,18.5422,73.7389,12-05-2024 10:55,2024-05-12 10:55:00,2024,5,12,10,133,948.94
Lavale AWS,18.5422,73.7389,12-05-2024 11:00,2024-05-12 11:00:00,2024,5,12,11,133,948.82
Lavale AWS,18.5422,73.7389,12-05-2024 11:05,2024-05-12 11:05:00,2024,5,12,11,133,948.83
Lavale AWS,18.5422,73.7389,12-05-2024 11:10,2024-05-12 11:10:00,2024,5,12,11,133,948.71
Lavale AWS,18.5422,73.7389,12-05-2024 11:15,2024-05-12 11:15:00,2024,5,12,11,133,948.76
Lavale AWS,18.5422,73.7389,12-05-2024 11:20,2024-05-12 11:20:00,2024,5,12,11,133,948.69
Lavale AWS,18.5422,73.7389,12-05-2024 11:25,2024-05-12 11:25:00,2024,5,12,11,133,948.71
Lavale AWS,18.5422,73.7389,12-05-2024 11:30,2024-05-12 11:30:00,2024,5,12,11,133,948.62
Lavale AWS,18.5422,73.7389,12-05-2024 11:35,2024-05-12 11:35:00,2024,5,12,11,133,948.55
Lavale AWS,18.5422,73.7389,12-05-2024 11:40,2024-05-12 11:40:00,2024,5,12,11,133,948.58
Lavale AWS,18.5422,73.7389,12-05-2024 11:45,2024-05-12 11:45:00,2024,5,12,11,133,948.68
Lavale AWS,18.5422,73.7389,12-05-2024 11:50,2024-05-12 11:50:00,2024,5,12,11,133,948.73
Lavale AWS,18.5422,73.7389,12-05-2024 11:55,2024-05-12 11:55:00,2024,5,12,11,133,948.72
Lavale AWS,18.5422,73.7389,12-05-2024 12:00,2024-05-12 12:00:00,2024,5,12,12,133,948.69
Lavale AWS,18.5422,73.7389,12-05-2024 12:05,2024-05-12 12:05:00,2024,5,12,12,133,948.57
Lavale AWS,18.5422,73.7389,12-05-2024 12:10,2024-05-12 12:10:00,2024,5,12,12,133,948.53
Lavale AWS,18.5422,73.7389,12-05-2024 12:15,2024-05-12 12:15:00,2024,5,12,12,133,948.39
Lavale AWS,18.5422,73.7389,12-05-2024 12:20,2024-05-12 12:20:00,2024,5,12,12,133,948.36
Lavale AWS,18.5422,73.7389,12-05-2024 12:25,2024-05-12 12:25:00,2024,5,12,12,133,948.34
Lavale AWS,18.5422,73.7389,12-05-2024 12:30,2024-05-12 12:30:00,2024,5,12,12,133,948.12
Lavale AWS,18.5422,73.7389,12-05-2024 12:35,2024-05-12 12:35:00,2024,5,12,12,133,948.08
Lavale AWS,18.5422,73.7389,12-05-2024 12:40,2024-05-12 12:40:00,2024,5,12,12,133,948.07
Lavale AWS,18.5422,73.7389,12-05-2024 12:45,2024-05-12 12:45:00,2024,5,12,12,133,948.03
Lavale AWS,18.5422,73.7389,12-05-2024 12:50,2024-05-12 12:50:00,2024,5,12,12,133,948.02
Lavale AWS,18.5422,73.7389,12-05-2024 12:55,2024-05-12 12:55:00,2024,5,12,12,133,947.88
Lavale AWS,18.5422,73.7389,12-05-2024 13:00,2024-05-12 13:00:00,2024,5,12,13,133,947.8
Lavale AWS,18.5422,73.7389,12-05-2024 13:05,2024-05-12 13:05:00,2024,5,12,13,133,947.86
Lavale AWS,18.5422,73.7389,12-05-2024 13:10,2024-05-12 13:10:00,2024,5,12,13,133,947.85
Lavale AWS,18.5422,73.7389,12-05-2024 13:15,2024-05-12 13:15:00,2024,5,12,13,133,947.86
Lavale AWS,18.5422,73.7389,12-05-2024 13:20,2024-05-12 13:20:00,2024,5,12,13,133,947.8
Lavale AWS,18.5422,73.7389,12-05-2024 13:25,2024-05-12 13:25:00,2024,5,12,13,133,947.8
Lavale AWS,18.5422,73.7389,12-05-2024 13:30,2024-05-12 13:30:00,2024,5,12,13,133,947.61
Lavale AWS,18.5422,73.7389,12-05-2024 13:35,2024-05-12 13:35:00,2024,5,12,13,133,947.69
Lavale AWS,18.5422,73.7389,12-05-2024 13:40,2024-05-12 13:40:00,2024,5,12,13,133,947.84
Lavale AWS,18.5422,73.7389,12-05-2024 13:45,2024-05-12 13:45:00,2024,5,12,13,133,947.76
Lavale AWS,18.5422,73.7389,12-05-2024 13:50,2024-05-12 13:50:00,2024,5,12,13,133,947.69
Lavale AWS,18.5422,73.7389,12-05-2024 13:55,2024-05-12 13:55:00,2024,5,12,13,133,947.75
Lavale AWS,18.5422,73.7389,12-05-2024 14:00,2024-05-12 14:00:00,2024,5,12,14,133,947.88
Lavale AWS,18.5422,73.7389,12-05-2024 14:05,2024-05-12 14:05:00,2024,5,12,14,133,947.9
Lavale AWS,18.5422,73.7389,12-05-2024 14:10,2024-05-12 14:10:00,2024,5,12,14,133,947.82
Lavale AWS,18.5422,73.7389,12-05-2024 14:15,2024-05-12 14:15:00,2024,5,12,14,133,947.83
Lavale AWS,18.5422,73.7389,12-05-2024 14:20,2024-05-12 14:20:00,2024,5,12,14,133,947.78
Lavale AWS,18.5422,73.7389,12-05-2024 14:25,2024-05-12 14:25:00,2024,5,12,14,133,947.76
Lavale AWS,18.5422,73.7389,12-05-2024 14:30,2024-05-12 14:30:00,2024,5,12,14,133,947.77
Lavale AWS,18.5422,73.7389,12-05-2024 14:35,2024-05-12 14:35:00,2024,5,12,14,133,947.74
Lavale AWS,18.5422,73.7389,12-05-2024 14:40,2024-05-12 14:40:00,2024,5,12,14,133,947.73
Lavale AWS,18.5422,73.7389,12-05-2024 14:45,2024-05-12 14:45:00,2024,5,12,14,133,947.78
Lavale AWS,18.5422,73.7389,12-05-2024 14:50,2024-05-12 14:50:00,2024,5,12,14,133,947.85
Lavale AWS,18.5422,73.7389,12-05-2024 14:55,2024-05-12 14:55:00,2024,5,12,14,133,947.79
Lavale AWS,18.5422,73.7389,12-05-2024 15:00,2024-05-12 15:00:00,2024,5,12,15,133,947.89
Lavale AWS,18.5422,73.7389,12-05-2024 15:05,2024-05-12 15:05:00,2024,5,12,15,133,947.91
Lavale AWS,18.5422,73.7389,12-05-2024 15:10,2024-05-12 15:10:00,2024,5,12,15,133,948.03
Lavale AWS,18.5422,73.7389,12-05-2024 15:15,2024-05-12 15:15:00,2024,5,12,15,133,948.16
Lavale AWS,18.5422,73.7389,12-05-2024 15:20,2024-05-12 15:20:00,2024,5,12,15,133,948.17
Lavale AWS,18.5422,73.7389,12-05-2024 15:25,2024-05-12 15:25:00,2024,5,12,15,133,948.28
Lavale AWS,18.5422,73.7389,12-05-2024 15:30,2024-05-12 15:30:00,2024,5,12,15,133,948.27
Lavale AWS,18.5422,73.7389,12-05-2024 15:35,2024-05-12 15:35:00,2024,5,12,15,133,948.44
Lavale AWS,18.5422,73.7389,12-05-2024 15:40,2024-05-12 15:40:00,2024,5,12,15,133,948.44
Lavale AWS,18.5422,73.7389,12-05-2024 15:45,2024-05-12 15:45:00,2024,5,12,15,133,948.53
Lavale AWS,18.5422,73.7389,12-05-2024 15:50,2024-05-12 15:50:00,2024,5,12,15,133,948.58
Lavale AWS,18.5422,73.7389,12-05-2024 15:55,2024-05-12 15:55:00,2024,5,12,15,133,948.56
Lavale AWS,18.5422,73.7389,12-05-2024 16:00,2024-05-12 16:00:00,2024,5,12,16,133,948.7
Lavale AWS,18.5422,73.7389,12-05-2024 16:05,2024-05-12 16:05:00,2024,5,12,16,133,948.71
Lavale AWS,18.5422,73.7389,12-05-2024 16:10,2024-05-12 16:10:00,2024,5,12,16,133,948.64
Lavale AWS,18.5422,73.7389,12-05-2024 16:15,2024-05-12 16:15:00,2024,5,12,16,133,948.48
Lavale AWS,18.5422,73.7389,12-05-2024 16:20,2024-05-12 16:20:00,2024,5,12,16,133,948.49
Lavale AWS,18.5422,73.7389,12-05-2024 16:25,2024-05-12 16:25:00,2024,5,12,16,133,948.68
Lavale AWS,18.5422,73.7389,12-05-2024 16:30,2024-05-12 16:30:00,2024,5,12,16,133,948.85
Lavale AWS,18.5422,73.7389,12-05-2024 16:35,2024-05-12 16:35:00,2024,5,12,16,133,948.86
Lavale AWS,18.5422,73.7389,12-05-2024 16:40,2024-05-12 16:40:00,2024,5,12,16,133,948.9
Lavale AWS,18.5422,73.7389,12-05-2024 16:45,2024-05-12 16:45:00,2024,5,12,16,133,948.93
Lavale AWS,18.5422,73.7389,12-05-2024 16:50,2024-05-12 16:50:00,2024,5,12,16,133,948.9
Lavale AWS,18.5422,73.7389,12-05-2024 16:55,2024-05-12 16:55:00,2024,5,12,16,133,948.89
Lavale AWS,18.5422,73.7389,12-05-2024 17:00,2024-05-12 17:00:00,2024,5,12,17,133,949.04
Lavale AWS,18.5422,73.7389,12-05-2024 17:05,2024-05-12 17:05:00,2024,5,12,17,133,949.15
Lavale AWS,18.5422,73.7389,12-05-2024 17:10,2024-05-12 17:10:00,2024,5,12,17,133,949.24
Lavale AWS,18.5422,73.7389,12-05-2024 17:15,2024-05-12 17:15:00,2024,5,12,17,133,949.19
Lavale AWS,18.5422,73.7389,12-05-2024 17:20,2024-05-12 17:20:00,2024,5,12,17,133,949.26
Lavale AWS,18.5422,73.7389,12-05-2024 17:25,2024-05-12 17:25:00,2024,5,12,17,133,949.14
Lavale AWS,18.5422,73.7389,12-05-2024 17:30,2024-05-12 17:30:00,2024,5,12,17,133,949.27
Lavale AWS,18.5422,73.7389,12-05-2024 17:35,2024-05-12 17:35:00,2024,5,12,17,133,949.35
Lavale AWS,18.5422,73.7389,12-05-2024 17:40,2024-05-12 17:40:00,2024,5,12,17,133,949.3
Lavale AWS,18.5422,73.7389,12-05-2024 17:45,2024-05-12 17:45:00,2024,5,12,17,133,949.49
Lavale AWS,18.5422,73.7389,12-05-2024 17:50,2024-05-12 17:50:00,2024,5,12,17,133,949.39
Lavale AWS,18.5422,73.7389,12-05-2024 17:55,2024-05-12 17:55:00,2024,5,12,17,133,949.49
Lavale AWS,18.5422,73.7389,12-05-2024 18:00,2024-05-12 18:00:00,2024,5,12,18,133,949.58
Lavale AWS,18.5422,73.7389,12-05-2024 18:05,2024-05-12 18:05:00,2024,5,12,18,133,949.52
Lavale AWS,18.5422,73.7389,12-05-2024 18:10,2024-05-12 18:10:00,2024,5,12,18,133,949.56
Lavale AWS,18.5422,73.7389,12-05-2024 18:15,2024-05-12 18:15:00,2024,5,12,18,133,949.47
Lavale AWS,18.5422,73.7389,12-05-2024 18:20,2024-05-12 18:20:00,2024,5,12,18,133,949.28
Lavale AWS,18.5422,73.7389,12-05-2024 18:25,2024-05-12 18:25:00,2024,5,12,18,133,949.25
Lavale AWS,18.5422,73.7389,12-05-2024 18:30,2024-05-12 18:30:00,2024,5,12,18,133,949.24
Lavale AWS,18.5422,73.7389,12-05-2024 18:35,2024-05-12 18:35:00,2024,5,12,18,133,949.34
Lavale AWS,18.5422,73.7389,12-05-2024 18:40,2024-05-12 18:40:00,2024,5,12,18,133,949.39
Lavale AWS,18.5422,73.7389,12-05-2024 18:45,2024-05-12 18:45:00,2024,5,12,18,133,949.43
Lavale AWS,18.5422,73.7389,12-05-2024 18:50,2024-05-12 18:50:00,2024,5,12,18,133,949.38
Lavale AWS,18.5422,73.7389,12-05-2024 18:55,2024-05-12 18:55:00,2024,5,12,18,133,949.36
Lavale AWS,18.5422,73.7389,12-05-2024 19:00,2024-05-12 19:00:00,2024,5,12,19,133,949.32
Lavale AWS,18.5422,73.7389,12-05-2024 19:05,2024-05-12 19:05:00,2024,5,12,19,133,949.25
Lavale AWS,18.5422,73.7389,12-05-2024 19:10,2024-05-12 19:10:00,2024,5,12,19,133,949.23
Lavale AWS,18.5422,73.7389,12-05-2024 19:15,2024-05-12 19:15:00,2024,5,12,19,133,949.26
Lavale AWS,18.5422,73.7389,12-05-2024 19:20,2024-05-12 19:20:00,2024,5,12,19,133,949.23
Lavale AWS,18.5422,73.7389,12-05-2024 19:25,2024-05-12 19:25:00,2024,5,12,19,133,949.22
Lavale AWS,18.5422,73.7389,12-05-2024 19:30,2024-05-12 19:30:00,2024,5,12,19,133,949.29
Lavale AWS,18.5422,73.7389,12-05-2024 19:35,2024-05-12 19:35:00,2024,5,12,19,133,949.26
Lavale AWS,18.5422,73.7389,12-05-2024 19:40,2024-05-12 19:40:00,2024,5,12,19,133,949.16
Lavale AWS,18.5422,73.7389,12-05-2024 19:45,2024-05-12 19:45:00,2024,5,12,19,133,949.21
Lavale AWS,18.5422,73.7389,12-05-2024 19:50,2024-05-12 19:50:00,2024,5,12,19,133,949.23
Lavale AWS,18.5422,73.7389,12-05-2024 19:55,2024-05-12 19:55:00,2024,5,12,19,133,949.25
Lavale AWS,18.5422,73.7389,12-05-2024 20:00,2024-05-12 20:00:00,2024,5,12,20,133,949.3
Lavale AWS,18.5422,73.7389,12-05-2024 20:05,2024-05-12 20:05:00,2024,5,12,20,133,949.32
Lavale AWS,18.5422,73.7389,12-05-2024 20:10,2024-05-12 20:10:00,2024,5,12,20,133,949.3
Lavale AWS,18.5422,73.7389,12-05-2024 20:15,2024-05-12 20:15:00,2024,5,12,20,133,949.47
Lavale AWS,18.5422,73.7389,12-05-2024 20:20,2024-05-12 20:20:00,2024,5,12,20,133,949.34
Lavale AWS,18.5422,73.7389,12-05-2024 20:25,2024-05-12 20:25:00,2024,5,12,20,133,949.26
Lavale AWS,18.5422,73.7389,12-05-2024 20:30,2024-05-12 20:30:00,2024,5,12,20,133,949.3
Lavale AWS,18.5422,73.7389,12-05-2024 20:35,2024-05-12 20:35:00,2024,5,12,20,133,949.28
Lavale AWS,18.5422,73.7389,12-05-2024 20:40,2024-05-12 20:40:00,2024,5,12,20,133,949.3
Lavale AWS,18.5422,73.7389,12-05-2024 20:45,2024-05-12 20:45:00,2024,5,12,20,133,949.27
Lavale AWS,18.5422,73.7389,12-05-2024 20:50,2024-05-12 20:50:00,2024,5,12,20,133,949.33
Lavale AWS,18.5422,73.7389,12-05-2024 20:55,2024-05-12 20:55:00,2024,5,12,20,133,949.2
Lavale AWS,18.5422,73.7389,12-05-2024 21:00,2024-05-12 21:00:00,2024,5,12,21,133,949.25
Lavale AWS,18.5422,73.7389,12-05-2024 21:05,2024-05-12 21:05:00,2024,5,12,21,133,949.29
Lavale AWS,18.5422,73.7389,12-05-2024 21:10,2024-05-12 21:10:00,2024,5,12,21,133,949.13
Lavale AWS,18.5422,73.7389,12-05-2024 21:15,2024-05-12 21:15:00,2024,5,12,21,133,949.12
Lavale AWS,18.5422,73.7389,12-05-2024 21:20,2024-05-12 21:20:00,2024,5,12,21,133,949.05
Lavale AWS,18.5422,73.7389,12-05-2024 21:25,2024-05-12 21:25:00,2024,5,12,21,133,948.94
Lavale AWS,18.5422,73.7389,12-05-2024 21:30,2024-05-12 21:30:00,2024,5,12,21,133,948.72
Lavale AWS,18.5422,73.7389,12-05-2024 21:35,2024-05-12 21:35:00,2024,5,12,21,133,948.59
Lavale AWS,18.5422,73.7389,12-05-2024 21:40,2024-05-12 21:40:00,2024,5,12,21,133,948.59
Lavale AWS,18.5422,73.7389,12-05-2024 21:45,2024-05-12 21:45:00,2024,5,12,21,133,948.59
Lavale AWS,18.5422,73.7389,12-05-2024 21:50,2024-05-12 21:50:00,2024,5,12,21,133,948.51
Lavale AWS,18.5422,73.7389,12-05-2024 21:55,2024-05-12 21:55:00,2024,5,12,21,133,948.52
Lavale AWS,18.5422,73.7389,12-05-2024 22:00,2024-05-12 22:00:00,2024,5,12,22,133,948.53
Lavale AWS,18.5422,73.7389,12-05-2024 22:05,2024-05-12 22:05:00,2024,5,12,22,133,948.48
Lavale AWS,18.5422,73.7389,12-05-2024 22:10,2024-05-12 22:10:00,2024,5,12,22,133,948.35
Lavale AWS,18.5422,73.7389,12-05-2024 22:15,2024-05-12 22:15:00,2024,5,12,22,133,948.32
Lavale AWS,18.5422,73.7389,12-05-2024 22:20,2024-05-12 22:20:00,2024,5,12,22,133,948.29
Lavale AWS,18.5422,73.7389,12-05-2024 22:25,2024-05-12 22:25:00,2024,5,12,22,133,948.28
Lavale AWS,18.5422,73.7389,12-05-2024 22:30,2024-05-12 22:30:00,2024,5,12,22,133,948.28
Lavale AWS,18.5422,73.7389,12-05-2024 22:35,2024-05-12 22:35:00,2024,5,12,22,133,948.1
Lavale AWS,18.5422,73.7389,12-05-2024 22:40,2024-05-12 22:40:00,2024,5,12,22,133,948.0
Lavale AWS,18.5422,73.7389,12-05-2024 22:45,2024-05-12 22:45:00,2024,5,12,22,133,947.78
Lavale AWS,18.5422,73.7389,12-05-2024 22:50,2024-05-12 22:50:00,2024,5,12,22,133,947.79
Lavale AWS,18.5422,73.7389,12-05-2024 22:55,2024-05-12 22:55:00,2024,5,12,22,133,947.71
Lavale AWS,18.5422,73.7389,12-05-2024 23:00,2024-05-12 23:00:00,2024,5,12,23,133,947.69
Lavale AWS,18.5422,73.7389,12-05-2024 23:05,2024-05-12 23:05:00,2024,5,12,23,133,947.52
Lavale AWS,18.5422,73.7389,12-05-2024 23:10,2024-05-12 23:10:00,2024,5,12,23,133,947.59
Lavale AWS,18.5422,73.7389,12-05-2024 23:15,2024-05-12 23:15:00,2024,5,12,23,133,947.44
Lavale AWS,18.5422,73.7389,12-05-2024 23:20,2024-05-12 23:20:00,2024,5,12,23,133,947.46
Lavale AWS,18.5422,73.7389,12-05-2024 23:25,2024-05-12 23:25:00,2024,5,12,23,133,947.42
Lavale AWS,18.5422,73.7389,12-05-2024 23:30,2024-05-12 23:30:00,2024,5,12,23,133,947.36
Lavale AWS,18.5422,73.7389,12-05-2024 23:35,2024-05-12 23:35:00,2024,5,12,23,133,947.29
Lavale AWS,18.5422,73.7389,12-05-2024 23:40,2024-05-12 23:40:00,2024,5,12,23,133,947.2
Lavale AWS,18.5422,73.7389,12-05-2024 23:45,2024-05-12 23:45:00,2024,5,12,23,133,947.27
Lavale AWS,18.5422,73.7389,12-05-2024 23:50,2024-05-12 23:50:00,2024,5,12,23,133,947.24
Lavale AWS,18.5422,73.7389,12-05-2024 23:55,2024-05-12 23:55:00,2024,5,12,23,133,947.1
Lavale AWS,18.5422,73.7389,13-05-2024 00:00,2024-05-13 00:00:00,2024,5,13,0,134,947.04
Lavale AWS,18.5422,73.7389,13-05-2024 00:05,2024-05-13 00:05:00,2024,5,13,0,134,947.03
Lavale AWS,18.5422,73.7389,13-05-2024 00:10,2024-05-13 00:10:00,2024,5,13,0,134,947.07
Lavale AWS,18.5422,73.7389,13-05-2024 00:15,2024-05-13 00:15:00,2024,5,13,0,134,947.0
Lavale AWS,18.5422,73.7389,13-05-2024 00:20,2024-05-13 00:20:00,2024,5,13,0,134,946.94
Lavale AWS,18.5422,73.7389,13-05-2024 00:25,2024-05-13 00:25:00,2024,5,13,0,134,946.93
Lavale AWS,18.5422,73.7389,13-05-2024 00:30,2024-05-13 00:30:00,2024,5,13,0,134,946.99
Lavale AWS,18.5422,73.7389,13-05-2024 00:35,2024-05-13 00:35:00,2024,5,13,0,134,946.86
Lavale AWS,18.5422,73.7389,13-05-2024 00:40,2024-05-13 00:40:00,2024,5,13,0,134,946.9
Lavale AWS,18.5422,73.7389,13-05-2024 00:45,2024-05-13 00:45:00,2024,5,13,0,134,946.86
Lavale AWS,18.5422,73.7389,13-05-2024 00:50,2024-05-13 00:50:00,2024,5,13,0,134,946.83
Lavale AWS,18.5422,73.7389,13-05-2024 00:55,2024-05-13 00:55:00,2024,5,13,0,134,946.99
Lavale AWS,18.5422,73.7389,13-05-2024 01:00,2024-05-13 01:00:00,2024,5,13,1,134,946.98
Lavale AWS,18.5422,73.7389,13-05-2024 01:05,2024-05-13 01:05:00,2024,5,13,1,134,947.04
Lavale AWS,18.5422,73.7389,13-05-2024 01:10,2024-05-13 01:10:00,2024,5,13,1,134,947.1
Lavale AWS,18.5422,73.7389,13-05-2024 01:15,2024-05-13 01:15:00,2024,5,13,1,134,947.01
Lavale AWS,18.5422,73.7389,13-05-2024 01:20,2024-05-13 01:20:00,2024,5,13,1,134,946.88
Lavale AWS,18.5422,73.7389,13-05-2024 01:25,2024-05-13 01:25:00,2024,5,13,1,134,946.96
Lavale AWS,18.5422,73.7389,13-05-2024 01:30,2024-05-13 01:30:00,2024,5,13,1,134,946.9
Lavale AWS,18.5422,73.7389,13-05-2024 01:35,2024-05-13 01:35:00,2024,5,13,1,134,946.79
Lavale AWS,18.5422,73.7389,13-05-2024 01:40,2024-05-13 01:40:00,2024,5,13,1,134,946.9
Lavale AWS,18.5422,73.7389,13-05-2024 01:45,2024-05-13 01:45:00,2024,5,13,1,134,946.86
Lavale AWS,18.5422,73.7389,13-05-2024 01:50,2024-05-13 01:50:00,2024,5,13,1,134,946.83
Lavale AWS,18.5422,73.7389,13-05-2024 01:55,2024-05-13 01:55:00,2024,5,13,1,134,947.03
Lavale AWS,18.5422,73.7389,13-05-2024 02:00,2024-05-13 02:00:00,2024,5,13,2,134,946.94
Lavale AWS,18.5422,73.7389,13-05-2024 02:05,2024-05-13 02:05:00,2024,5,13,2,134,946.89
Lavale AWS,18.5422,73.7389,13-05-2024 02:10,2024-05-13 02:10:00,2024,5,13,2,134,946.9
Lavale AWS,18.5422,73.7389,13-05-2024 02:15,2024-05-13 02:15:00,2024,5,13,2,134,946.94
Lavale AWS,18.5422,73.7389,13-05-2024 02:20,2024-05-13 02:20:00,2024,5,13,2,134,946.92
Lavale AWS,18.5422,73.7389,13-05-2024 02:25,2024-05-13 02:25:00,2024,5,13,2,134,946.89
Lavale AWS,18.5422,73.7389,13-05-2024 02:30,2024-05-13 02:30:00,2024,5,13,2,134,947.08
Lavale AWS,18.5422,73.7389,13-05-2024 02:35,2024-05-13 02:35:00,2024,5,13,2,134,947.17
Lavale AWS,18.5422,73.7389,13-05-2024 02:40,2024-05-13 02:40:00,2024,5,13,2,134,947.28
Lavale AWS,18.5422,73.7389,13-05-2024 02:45,2024-05-13 02:45:00,2024,5,13,2,134,947.33
Lavale AWS,18.5422,73.7389,13-05-2024 02:50,2024-05-13 02:50:00,2024,5,13,2,134,947.42
Lavale AWS,18.5422,73.7389,13-05-2024 02:55,2024-05-13 02:55:00,2024,5,13,2,134,947.56
Lavale AWS,18.5422,73.7389,13-05-2024 03:00,2024-05-13 03:00:00,2024,5,13,3,134,947.55
Lavale AWS,18.5422,73.7389,13-05-2024 03:05,2024-05-13 03:05:00,2024,5,13,3,134,947.64
Lavale AWS,18.5422,73.7389,13-05-2024 03:10,2024-05-13 03:10:00,2024,5,13,3,134,947.76
Lavale AWS,18.5422,73.7389,13-05-2024 03:15,2024-05-13 03:15:00,2024,5,13,3,134,947.96
Lavale AWS,18.5422,73.7389,13-05-2024 03:20,2024-05-13 03:20:00,2024,5,13,3,134,948.18
Lavale AWS,18.5422,73.7389,13-05-2024 03:25,2024-05-13 03:25:00,2024,5,13,3,134,948.24
Lavale AWS,18.5422,73.7389,13-05-2024 03:30,2024-05-13 03:30:00,2024,5,13,3,134,948.39
Lavale AWS,18.5422,73.7389,13-05-2024 03:35,2024-05-13 03:35:00,2024,5,13,3,134,948.23
Lavale AWS,18.5422,73.7389,13-05-2024 03:40,2024-05-13 03:40:00,2024,5,13,3,134,948.43
Lavale AWS,18.5422,73.7389,13-05-2024 03:45,2024-05-13 03:45:00,2024,5,13,3,134,948.43
Lavale AWS,18.5422,73.7389,13-05-2024 03:50,2024-05-13 03:50:00,2024,5,13,3,134,948.48
Lavale AWS,18.5422,73.7389,13-05-2024 03:55,2024-05-13 03:55:00,2024,5,13,3,134,948.58
Lavale AWS,18.5422,73.7389,13-05-2024 04:00,2024-05-13 04:00:00,2024,5,13,4,134,948.63
Lavale AWS,18.5422,73.7389,13-05-2024 04:05,2024-05-13 04:05:00,2024,5,13,4,134,948.71
Lavale AWS,18.5422,73.7389,13-05-2024 04:10,2024-05-13 04:10:00,2024,5,13,4,134,948.9
Lavale AWS,18.5422,73.7389,13-05-2024 04:15,2024-05-13 04:15:00,2024,5,13,4,134,948.93
Lavale AWS,18.5422,73.7389,13-05-2024 04:20,2024-05-13 04:20:00,2024,5,13,4,134,948.91
Lavale AWS,18.5422,73.7389,13-05-2024 04:25,2024-05-13 04:25:00,2024,5,13,4,134,949.12
Lavale AWS,18.5422,73.7389,13-05-2024 04:30,2024-05-13 04:30:00,2024,5,13,4,134,949.22
Lavale AWS,18.5422,73.7389,13-05-2024 04:35,2024-05-13 04:35:00,2024,5,13,4,134,949.43
Lavale AWS,18.5422,73.7389,13-05-2024 04:40,2024-05-13 04:40:00,2024,5,13,4,134,949.55
Lavale AWS,18.5422,73.7389,13-05-2024 04:45,2024-05-13 04:45:00,2024,5,13,4,134,949.49
Lavale AWS,18.5422,73.7389,13-05-2024 04:50,2024-05-13 04:50:00,2024,5,13,4,134,949.59
Lavale AWS,18.5422,73.7389,13-05-2024 04:55,2024-05-13 04:55:00,2024,5,13,4,134,949.56
Lavale AWS,18.5422,73.7389,13-05-2024 05:00,2024-05-13 05:00:00,2024,5,13,5,134,949.61
Lavale AWS,18.5422,73.7389,13-05-2024 05:05,2024-05-13 05:05:00,2024,5,13,5,134,949.65
Lavale AWS,18.5422,73.7389,13-05-2024 05:10,2024-05-13 05:10:00,2024,5,13,5,134,949.57
Lavale AWS,18.5422,73.7389,13-05-2024 05:15,2024-05-13 05:15:00,2024,5,13,5,134,949.56
Lavale AWS,18.5422,73.7389,13-05-2024 05:20,2024-05-13 05:20:00,2024,5,13,5,134,949.79
Lavale AWS,18.5422,73.7389,13-05-2024 05:25,2024-05-13 05:25:00,2024,5,13,5,134,949.85
Lavale AWS,18.5422,73.7389,13-05-2024 05:30,2024-05-13 05:30:00,2024,5,13,5,134,949.88
Lavale AWS,18.5422,73.7389,13-05-2024 05:35,2024-05-13 05:35:00,2024,5,13,5,134,950.07
Lavale AWS,18.5422,73.7389,13-05-2024 05:40,2024-05-13 05:40:00,2024,5,13,5,134,950.07
Lavale AWS,18.5422,73.7389,13-05-2024 05:45,2024-05-13 05:45:00,2024,5,13,5,134,950.1
Lavale AWS,18.5422,73.7389,13-05-2024 05:50,2024-05-13 05:50:00,2024,5,13,5,134,950.21
Lavale AWS,18.5422,73.7389,13-05-2024 05:55,2024-05-13 05:55:00,2024,5,13,5,134,950.2
Lavale AWS,18.5422,73.7389,13-05-2024 06:00,2024-05-13 06:00:00,2024,5,13,6,134,950.17
Lavale AWS,18.5422,73.7389,13-05-2024 06:05,2024-05-13 06:05:00,2024,5,13,6,134,950.02
Lavale AWS,18.5422,73.7389,13-05-2024 06:10,2024-05-13 06:10:00,2024,5,13,6,134,949.97
Lavale AWS,18.5422,73.7389,13-05-2024 06:15,2024-05-13 06:15:00,2024,5,13,6,134,949.93
Lavale AWS,18.5422,73.7389,13-05-2024 06:20,2024-05-13 06:20:00,2024,5,13,6,134,949.98
Lavale AWS,18.5422,73.7389,13-05-2024 06:25,2024-05-13 06:25:00,2024,5,13,6,134,949.96
Lavale AWS,18.5422,73.7389,13-05-2024 06:30,2024-05-13 06:30:00,2024,5,13,6,134,950.16
Lavale AWS,18.5422,73.7389,13-05-2024 06:35,2024-05-13 06:35:00,2024,5,13,6,134,950.09
Lavale AWS,18.5422,73.7389,13-05-2024 06:40,2024-05-13 06:40:00,2024,5,13,6,134,950.22
Lavale AWS,18.5422,73.7389,13-05-2024 06:45,2024-05-13 06:45:00,2024,5,13,6,134,950.25
Lavale AWS,18.5422,73.7389,13-05-2024 06:50,2024-05-13 06:50:00,2024,5,13,6,134,950.33
Lavale AWS,18.5422,73.7389,13-05-2024 06:55,2024-05-13 06:55:00,2024,5,13,6,134,950.39
Lavale AWS,18.5422,73.7389,13-05-2024 07:00,2024-05-13 07:00:00,2024,5,13,7,134,950.21
Lavale AWS,18.5422,73.7389,13-05-2024 07:05,2024-05-13 07:05:00,2024,5,13,7,134,950.21
Lavale AWS,18.5422,73.7389,13-05-2024 07:10,2024-05-13 07:10:00,2024,5,13,7,134,950.19
Lavale AWS,18.5422,73.7389,13-05-2024 07:15,2024-05-13 07:15:00,2024,5,13,7,134,950.1
Lavale AWS,18.5422,73.7389,13-05-2024 07:20,2024-05-13 07:20:00,2024,5,13,7,134,950.14
Lavale AWS,18.5422,73.7389,13-05-2024 07:25,2024-05-13 07:25:00,2024,5,13,7,134,950.27
Lavale AWS,18.5422,73.7389,13-05-2024 07:30,2024-05-13 07:30:00,2024,5,13,7,134,950.04
Lavale AWS,18.5422,73.7389,13-05-2024 07:35,2024-05-13 07:35:00,2024,5,13,7,134,949.99
Lavale AWS,18.5422,73.7389,13-05-2024 07:40,2024-05-13 07:40:00,2024,5,13,7,134,949.88
Lavale AWS,18.5422,73.7389,13-05-2024 07:45,2024-05-13 07:45:00,2024,5,13,7,134,949.88
Lavale AWS,18.5422,73.7389,13-05-2024 07:50,2024-05-13 07:50:00,2024,5,13,7,134,949.84
Lavale AWS,18.5422,73.7389,13-05-2024 07:55,2024-05-13 07:55:00,2024,5,13,7,134,949.78
Lavale AWS,18.5422,73.7389,13-05-2024 08:00,2024-05-13 08:00:00,2024,5,13,8,134,949.83
Lavale AWS,18.5422,73.7389,13-05-2024 08:05,2024-05-13 08:05:00,2024,5,13,8,134,949.94
Lavale AWS,18.5422,73.7389,13-05-2024 08:10,2024-05-13 08:10:00,2024,5,13,8,134,950.12
Lavale AWS,18.5422,73.7389,13-05-2024 08:15,2024-05-13 08:15:00,2024,5,13,8,134,950.03
Lavale AWS,18.5422,73.7389,13-05-2024 08:20,2024-05-13 08:20:00,2024,5,13,8,134,949.84
Lavale AWS,18.5422,73.7389,13-05-2024 08:25,2024-05-13 08:25:00,2024,5,13,8,134,949.85
Lavale AWS,18.5422,73.7389,13-05-2024 08:30,2024-05-13 08:30:00,2024,5,13,8,134,949.95
Lavale AWS,18.5422,73.7389,13-05-2024 08:35,2024-05-13 08:35:00,2024,5,13,8,134,949.97
Lavale AWS,18.5422,73.7389,13-05-2024 08:40,2024-05-13 08:40:00,2024,5,13,8,134,950.05
Lavale AWS,18.5422,73.7389,13-05-2024 08:45,2024-05-13 08:45:00,2024,5,13,8,134,949.97
Lavale AWS,18.5422,73.7389,13-05-2024 08:50,2024-05-13 08:50:00,2024,5,13,8,134,949.87
Lavale AWS,18.5422,73.7389,13-05-2024 08:55,2024-05-13 08:55:00,2024,5,13,8,134,949.82
Lavale AWS,18.5422,73.7389,13-05-2024 09:00,2024-05-13 09:00:00,2024,5,13,9,134,949.74
Lavale AWS,18.5422,73.7389,13-05-2024 09:05,2024-05-13 09:05:00,2024,5,13,9,134,949.73
Lavale AWS,18.5422,73.7389,13-05-2024 09:10,2024-05-13 09:10:00,2024,5,13,9,134,949.75
Lavale AWS,18.5422,73.7389,13-05-2024 09:15,2024-05-13 09:15:00,2024,5,13,9,134,949.77
Lavale AWS,18.5422,73.7389,13-05-2024 09:20,2024-05-13 09:20:00,2024,5,13,9,134,949.74
Lavale AWS,18.5422,73.7389,13-05-2024 09:25,2024-05-13 09:25:00,2024,5,13,9,134,949.69
Lavale AWS,18.5422,73.7389,13-05-2024 09:30,2024-05-13 09:30:00,2024,5,13,9,134,949.68
Lavale AWS,18.5422,73.7389,13-05-2024 09:35,2024-05-13 09:35:00,2024,5,13,9,134,949.45
Lavale AWS,18.5422,73.7389,13-05-2024 09:40,2024-05-13 09:40:00,2024,5,13,9,134,949.4
Lavale AWS,18.5422,73.7389,13-05-2024 09:45,2024-05-13 09:45:00,2024,5,13,9,134,949.34
Lavale AWS,18.5422,73.7389,13-05-2024 09:50,2024-05-13 09:50:00,2024,5,13,9,134,949.29
Lavale AWS,18.5422,73.7389,13-05-2024 09:55,2024-05-13 09:55:00,2024,5,13,9,134,949.21
Lavale AWS,18.5422,73.7389,13-05-2024 10:00,2024-05-13 10:00:00,2024,5,13,10,134,949.18
Lavale AWS,18.5422,73.7389,13-05-2024 10:05,2024-05-13 10:05:00,2024,5,13,10,134,949.06
Lavale AWS,18.5422,73.7389,13-05-2024 10:10,2024-05-13 10:10:00,2024,5,13,10,134,949.08
Lavale AWS,18.5422,73.7389,13-05-2024 10:15,2024-05-13 10:15:00,2024,5,13,10,134,949.05
Lavale AWS,18.5422,73.7389,13-05-2024 10:20,2024-05-13 10:20:00,2024,5,13,10,134,948.99
Lavale AWS,18.5422,73.7389,13-05-2024 10:25,2024-05-13 10:25:00,2024,5,13,10,134,948.87
Lavale AWS,18.5422,73.7389,13-05-2024 10:30,2024-05-13 10:30:00,2024,5,13,10,134,948.87
Lavale AWS,18.5422,73.7389,13-05-2024 10:35,2024-05-13 10:35:00,2024,5,13,10,134,948.82
Lavale AWS,18.5422,73.7389,13-05-2024 10:40,2024-05-13 10:40:00,2024,5,13,10,134,948.69
Lavale AWS,18.5422,73.7389,13-05-2024 10:45,2024-05-13 10:45:00,2024,5,13,10,134,948.62
Lavale AWS,18.5422,73.7389,13-05-2024 10:50,2024-05-13 10:50:00,2024,5,13,10,134,948.61
Lavale AWS,18.5422,73.7389,13-05-2024 10:55,2024-05-13 10:55:00,2024,5,13,10,134,948.59
Lavale AWS,18.5422,73.7389,13-05-2024 11:00,2024-05-13 11:00:00,2024,5,13,11,134,948.57
Lavale AWS,18.5422,73.7389,13-05-2024 11:05,2024-05-13 11:05:00,2024,5,13,11,134,948.51
Lavale AWS,18.5422,73.7389,13-05-2024 11:10,2024-05-13 11:10:00,2024,5,13,11,134,948.54
Lavale AWS,18.5422,73.7389,13-05-2024 11:15,2024-05-13 11:15:00,2024,5,13,11,134,948.57
Lavale AWS,18.5422,73.7389,13-05-2024 11:20,2024-05-13 11:20:00,2024,5,13,11,134,948.57
Lavale AWS,18.5422,73.7389,13-05-2024 11:25,2024-05-13 11:25:00,2024,5,13,11,134,948.46
Lavale AWS,18.5422,73.7389,13-05-2024 11:30,2024-05-13 11:30:00,2024,5,13,11,134,948.32
Lavale AWS,18.5422,73.7389,13-05-2024 11:35,2024-05-13 11:35:00,2024,5,13,11,134,948.22
Lavale AWS,18.5422,73.7389,13-05-2024 11:40,2024-05-13 11:40:00,2024,5,13,11,134,948.33
Lavale AWS,18.5422,73.7389,13-05-2024 11:45,2024-05-13 11:45:00,2024,5,13,11,134,948.31
Lavale AWS,18.5422,73.7389,13-05-2024 11:50,2024-05-13 11:50:00,2024,5,13,11,134,948.43
Lavale AWS,18.5422,73.7389,13-05-2024 11:55,2024-05-13 11:55:00,2024,5,13,11,134,948.37
Lavale AWS,18.5422,73.7389,13-05-2024 12:00,2024-05-13 12:00:00,2024,5,13,12,134,948.3
Lavale AWS,18.5422,73.7389,13-05-2024 12:05,2024-05-13 12:05:00,2024,5,13,12,134,948.25
Lavale AWS,18.5422,73.7389,13-05-2024 12:10,2024-05-13 12:10:00,2024,5,13,12,134,948.2
Lavale AWS,18.5422,73.7389,13-05-2024 12:15,2024-05-13 12:15:00,2024,5,13,12,134,948.1
Lavale AWS,18.5422,73.7389,13-05-2024 12:20,2024-05-13 12:20:00,2024,5,13,12,134,947.98
Lavale AWS,18.5422,73.7389,13-05-2024 12:25,2024-05-13 12:25:00,2024,5,13,12,134,947.99
Lavale AWS,18.5422,73.7389,13-05-2024 12:30,2024-05-13 12:30:00,2024,5,13,12,134,948.06
Lavale AWS,18.5422,73.7389,13-05-2024 12:35,2024-05-13 12:35:00,2024,5,13,12,134,948.23
Lavale AWS,18.5422,73.7389,13-05-2024 12:40,2024-05-13 12:40:00,2024,5,13,12,134,948.17
Lavale AWS,18.5422,73.7389,13-05-2024 12:45,2024-05-13 12:45:00,2024,5,13,12,134,948.12
Lavale AWS,18.5422,73.7389,13-05-2024 12:50,2024-05-13 12:50:00,2024,5,13,12,134,948.04
Lavale AWS,18.5422,73.7389,13-05-2024 12:55,2024-05-13 12:55:00,2024,5,13,12,134,948.12
Lavale AWS,18.5422,73.7389,13-05-2024 13:00,2024-05-13 13:00:00,2024,5,13,13,134,948.17
Lavale AWS,18.5422,73.7389,13-05-2024 13:05,2024-05-13 13:05:00,2024,5,13,13,134,948.09
Lavale AWS,18.5422,73.7389,13-05-2024 13:10,2024-05-13 13:10:00,2024,5,13,13,134,948.02
Lavale AWS,18.5422,73.7389,13-05-2024 13:15,2024-05-13 13:15:00,2024,5,13,13,134,948.1
Lavale AWS,18.5422,73.7389,13-05-2024 13:20,2024-05-13 13:20:00,2024,5,13,13,134,948.13
Lavale AWS,18.5422,73.7389,13-05-2024 13:25,2024-05-13 13:25:00,2024,5,13,13,134,948.2
Lavale AWS,18.5422,73.7389,13-05-2024 13:30,2024-05-13 13:30:00,2024,5,13,13,134,948.13
Lavale AWS,18.5422,73.7389,13-05-2024 13:35,2024-05-13 13:35:00,2024,5,13,13,134,947.99
Lavale AWS,18.5422,73.7389,13-05-2024 13:40,2024-05-13 13:40:00,2024,5,13,13,134,947.95
Lavale AWS,18.5422,73.7389,13-05-2024 13:45,2024-05-13 13:45:00,2024,5,13,13,134,948.03
Lavale AWS,18.5422,73.7389,13-05-2024 13:50,2024-05-13 13:50:00,2024,5,13,13,134,948.23
Lavale AWS,18.5422,73.7389,13-05-2024 13:55,2024-05-13 13:55:00,2024,5,13,13,134,948.22
Lavale AWS,18.5422,73.7389,13-05-2024 14:00,2024-05-13 14:00:00,2024,5,13,14,134,948.43
Lavale AWS,18.5422,73.7389,13-05-2024 14:05,2024-05-13 14:05:00,2024,5,13,14,134,948.52
Lavale AWS,18.5422,73.7389,13-05-2024 14:10,2024-05-13 14:10:00,2024,5,13,14,134,948.43
Lavale AWS,18.5422,73.7389,13-05-2024 14:15,2024-05-13 14:15:00,2024,5,13,14,134,948.48
Lavale AWS,18.5422,73.7389,13-05-2024 14:20,2024-05-13 14:20:00,2024,5,13,14,134,948.59
Lavale AWS,18.5422,73.7389,13-05-2024 14:25,2024-05-13 14:25:00,2024,5,13,14,134,948.43
Lavale AWS,18.5422,73.7389,13-05-2024 14:30,2024-05-13 14:30:00,2024,5,13,14,134,948.53
Lavale AWS,18.5422,73.7389,13-05-2024 14:35,2024-05-13 14:35:00,2024,5,13,14,134,948.67
Lavale AWS,18.5422,73.7389,13-05-2024 14:40,2024-05-13 14:40:00,2024,5,13,14,134,948.74
Lavale AWS,18.5422,73.7389,13-05-2024 14:45,2024-05-13 14:45:00,2024,5,13,14,134,948.78
Lavale AWS,18.5422,73.7389,13-05-2024 14:50,2024-05-13 14:50:00,2024,5,13,14,134,948.82
Lavale AWS,18.5422,73.7389,13-05-2024 14:55,2024-05-13 14:55:00,2024,5,13,14,134,948.85
Lavale AWS,18.5422,73.7389,13-05-2024 15:00,2024-05-13 15:00:00,2024,5,13,15,134,948.81
Lavale AWS,18.5422,73.7389,13-05-2024 15:05,2024-05-13 15:05:00,2024,5,13,15,134,948.81
Lavale AWS,18.5422,73.7389,13-05-2024 15:10,2024-05-13 15:10:00,2024,5,13,15,134,948.85
Lavale AWS,18.5422,73.7389,13-05-2024 15:15,2024-05-13 15:15:00,2024,5,13,15,134,948.92
Lavale AWS,18.5422,73.7389,13-05-2024 15:20,2024-05-13 15:20:00,2024,5,13,15,134,948.94
Lavale AWS,18.5422,73.7389,13-05-2024 15:25,2024-05-13 15:25:00,2024,5,13,15,134,948.94
Lavale AWS,18.5422,73.7389,13-05-2024 15:30,2024-05-13 15:30:00,2024,5,13,15,134,949.08
Lavale AWS,18.5422,73.7389,13-05-2024 15:35,2024-05-13 15:35:00,2024,5,13,15,134,949.18
Lavale AWS,18.5422,73.7389,13-05-2024 15:40,2024-05-13 15:40:00,2024,5,13,15,134,949.21
Lavale AWS,18.5422,73.7389,13-05-2024 15:45,2024-05-13 15:45:00,2024,5,13,15,134,949.32
Lavale AWS,18.5422,73.7389,13-05-2024 15:50,2024-05-13 15:50:00,2024,5,13,15,134,949.36
Lavale AWS,18.5422,73.7389,13-05-2024 15:55,2024-05-13 15:55:00,2024,5,13,15,134,949.44
Lavale AWS,18.5422,73.7389,13-05-2024 16:00,2024-05-13 16:00:00,2024,5,13,16,134,949.59
Lavale AWS,18.5422,73.7389,13-05-2024 16:05,2024-05-13 16:05:00,2024,5,13,16,134,949.61
Lavale AWS,18.5422,73.7389,13-05-2024 16:10,2024-05-13 16:10:00,2024,5,13,16,134,949.59
Lavale AWS,18.5422,73.7389,13-05-2024 16:15,2024-05-13 16:15:00,2024,5,13,16,134,949.66
Lavale AWS,18.5422,73.7389,13-05-2024 16:20,2024-05-13 16:20:00,2024,5,13,16,134,949.63
Lavale AWS,18.5422,73.7389,13-05-2024 16:25,2024-05-13 16:25:00,2024,5,13,16,134,949.68
Lavale AWS,18.5422,73.7389,13-05-2024 16:30,2024-05-13 16:30:00,2024,5,13,16,134,949.74
Lavale AWS,18.5422,73.7389,13-05-2024 16:35,2024-05-13 16:35:00,2024,5,13,16,134,949.63
Lavale AWS,18.5422,73.7389,13-05-2024 16:40,2024-05-13 16:40:00,2024,5,13,16,134,949.76
Lavale AWS,18.5422,73.7389,13-05-2024 16:45,2024-05-13 16:45:00,2024,5,13,16,134,949.83
Lavale AWS,18.5422,73.7389,13-05-2024 16:50,2024-05-13 16:50:00,2024,5,13,16,134,950.0
Lavale AWS,18.5422,73.7389,13-05-2024 16:55,2024-05-13 16:55:00,2024,5,13,16,134,950.1
Lavale AWS,18.5422,73.7389,13-05-2024 17:00,2024-05-13 17:00:00,2024,5,13,17,134,950.23
Lavale AWS,18.5422,73.7389,13-05-2024 17:05,2024-05-13 17:05:00,2024,5,13,17,134,950.4
Lavale AWS,18.5422,73.7389,13-05-2024 17:10,2024-05-13 17:10:00,2024,5,13,17,134,950.45
Lavale AWS,18.5422,73.7389,13-05-2024 17:15,2024-05-13 17:15:00,2024,5,13,17,134,950.52
Lavale AWS,18.5422,73.7389,13-05-2024 17:20,2024-05-13 17:20:00,2024,5,13,17,134,950.45
Lavale AWS,18.5422,73.7389,13-05-2024 17:25,2024-05-13 17:25:00,2024,5,13,17,134,950.62
Lavale AWS,18.5422,73.7389,13-05-2024 17:30,2024-05-13 17:30:00,2024,5,13,17,134,950.67
Lavale AWS,18.5422,73.7389,13-05-2024 17:35,2024-05-13 17:35:00,2024,5,13,17,134,950.64
Lavale AWS,18.5422,73.7389,13-05-2024 17:40,2024-05-13 17:40:00,2024,5,13,17,134,950.76
Lavale AWS,18.5422,73.7389,13-05-2024 17:45,2024-05-13 17:45:00,2024,5,13,17,134,950.64
Lavale AWS,18.5422,73.7389,13-05-2024 17:50,2024-05-13 17:50:00,2024,5,13,17,134,950.67
Lavale AWS,18.5422,73.7389,13-05-2024 17:55,2024-05-13 17:55:00,2024,5,13,17,134,950.8
Lavale AWS,18.5422,73.7389,13-05-2024 18:00,2024-05-13 18:00:00,2024,5,13,18,134,950.81
Lavale AWS,18.5422,73.7389,13-05-2024 18:05,2024-05-13 18:05:00,2024,5,13,18,134,950.81
Lavale AWS,18.5422,73.7389,13-05-2024 18:10,2024-05-13 18:10:00,2024,5,13,18,134,950.82
Lavale AWS,18.5422,73.7389,13-05-2024 18:15,2024-05-13 18:15:00,2024,5,13,18,134,950.71
Lavale AWS,18.5422,73.7389,13-05-2024 18:20,2024-05-13 18:20:00,2024,5,13,18,134,950.82
Lavale AWS,18.5422,73.7389,13-05-2024 18:25,2024-05-13 18:25:00,2024,5,13,18,134,950.85
Lavale AWS,18.5422,73.7389,13-05-2024 18:30,2024-05-13 18:30:00,2024,5,13,18,134,950.88
Lavale AWS,18.5422,73.7389,13-05-2024 18:35,2024-05-13 18:35:00,2024,5,13,18,134,950.9
Lavale AWS,18.5422,73.7389,13-05-2024 18:40,2024-05-13 18:40:00,2024,5,13,18,134,950.93
Lavale AWS,18.5422,73.7389,13-05-2024 18:45,2024-05-13 18:45:00,2024,5,13,18,134,951.02
Lavale AWS,18.5422,73.7389,13-05-2024 18:50,2024-05-13 18:50:00,2024,5,13,18,134,951.05
Lavale AWS,18.5422,73.7389,13-05-2024 18:55,2024-05-13 18:55:00,2024,5,13,18,134,950.96
Lavale AWS,18.5422,73.7389,13-05-2024 19:00,2024-05-13 19:00:00,2024,5,13,19,134,951.04
Lavale AWS,18.5422,73.7389,13-05-2024 19:05,2024-05-13 19:05:00,2024,5,13,19,134,951.1
Lavale AWS,18.5422,73.7389,13-05-2024 19:10,2024-05-13 19:10:00,2024,5,13,19,134,951.13
Lavale AWS,18.5422,73.7389,13-05-2024 19:15,2024-05-13 19:15:00,2024,5,13,19,134,951.23
Lavale AWS,18.5422,73.7389,13-05-2024 19:20,2024-05-13 19:20:00,2024,5,13,19,134,951.24
Lavale AWS,18.5422,73.7389,13-05-2024 19:25,2024-05-13 19:25:00,2024,5,13,19,134,951.33
Lavale AWS,18.5422,73.7389,13-05-2024 19:30,2024-05-13 19:30:00,2024,5,13,19,134,951.44
Lavale AWS,18.5422,73.7389,13-05-2024 19:35,2024-05-13 19:35:00,2024,5,13,19,134,951.48
Lavale AWS,18.5422,73.7389,13-05-2024 19:40,2024-05-13 19:40:00,2024,5,13,19,134,951.4
Lavale AWS,18.5422,73.7389,13-05-2024 19:45,2024-05-13 19:45:00,2024,5,13,19,134,951.37
Lavale AWS,18.5422,73.7389,13-05-2024 19:50,2024-05-13 19:50:00,2024,5,13,19,134,951.46
Lavale AWS,18.5422,73.7389,13-05-2024 19:55,2024-05-13 19:55:00,2024,5,13,19,134,951.31
Lavale AWS,18.5422,73.7389,13-05-2024 20:00,2024-05-13 20:00:00,2024,5,13,20,134,951.26
Lavale AWS,18.5422,73.7389,13-05-2024 20:05,2024-05-13 20:05:00,2024,5,13,20,134,951.21
Lavale AWS,18.5422,73.7389,13-05-2024 20:10,2024-05-13 20:10:00,2024,5,13,20,134,951.12
Lavale AWS,18.5422,73.7389,13-05-2024 20:15,2024-05-13 20:15:00,2024,5,13,20,134,951.16
Lavale AWS,18.5422,73.7389,13-05-2024 20:20,2024-05-13 20:20:00,2024,5,13,20,134,951.16
Lavale AWS,18.5422,73.7389,13-05-2024 20:25,2024-05-13 20:25:00,2024,5,13,20,134,951.08
Lavale AWS,18.5422,73.7389,13-05-2024 20:30,2024-05-13 20:30:00,2024,5,13,20,134,951.09
Lavale AWS,18.5422,73.7389,13-05-2024 20:35,2024-05-13 20:35:00,2024,5,13,20,134,951.04
Lavale AWS,18.5422,73.7389,13-05-2024 20:40,2024-05-13 20:40:00,2024,5,13,20,134,950.93
Lavale AWS,18.5422,73.7389,13-05-2024 20:45,2024-05-13 20:45:00,2024,5,13,20,134,950.84
Lavale AWS,18.5422,73.7389,13-05-2024 20:50,2024-05-13 20:50:00,2024,5,13,20,134,950.84
Lavale AWS,18.5422,73.7389,13-05-2024 20:55,2024-05-13 20:55:00,2024,5,13,20,134,950.88
Lavale AWS,18.5422,73.7389,13-05-2024 21:00,2024-05-13 21:00:00,2024,5,13,21,134,950.79
Lavale AWS,18.5422,73.7389,13-05-2024 21:05,2024-05-13 21:05:00,2024,5,13,21,134,950.79
Lavale AWS,18.5422,73.7389,13-05-2024 21:10,2024-05-13 21:10:00,2024,5,13,21,134,950.87
Lavale AWS,18.5422,73.7389,13-05-2024 21:15,2024-05-13 21:15:00,2024,5,13,21,134,950.72
Lavale AWS,18.5422,73.7389,13-05-2024 21:20,2024-05-13 21:20:00,2024,5,13,21,134,950.7
Lavale AWS,18.5422,73.7389,13-05-2024 21:25,2024-05-13 21:25:00,2024,5,13,21,134,950.71
Lavale AWS,18.5422,73.7389,13-05-2024 21:30,2024-05-13 21:30:00,2024,5,13,21,134,950.65
Lavale AWS,18.5422,73.7389,13-05-2024 21:35,2024-05-13 21:35:00,2024,5,13,21,134,950.69
Lavale AWS,18.5422,73.7389,13-05-2024 21:40,2024-05-13 21:40:00,2024,5,13,21,134,950.8
Lavale AWS,18.5422,73.7389,13-05-2024 21:45,2024-05-13 21:45:00,2024,5,13,21,134,950.76
Lavale AWS,18.5422,73.7389,13-05-2024 21:50,2024-05-13 21:50:00,2024,5,13,21,134,950.68
Lavale AWS,18.5422,73.7389,13-05-2024 21:55,2024-05-13 21:55:00,2024,5,13,21,134,950.69
Lavale AWS,18.5422,73.7389,13-05-2024 22:00,2024-05-13 22:00:00,2024,5,13,22,134,950.68
Lavale AWS,18.5422,73.7389,13-05-2024 22:05,2024-05-13 22:05:00,2024,5,13,22,134,950.41
Lavale AWS,18.5422,73.7389,13-05-2024 22:10,2024-05-13 22:10:00,2024,5,13,22,134,950.35
Lavale AWS,18.5422,73.7389,13-05-2024 22:15,2024-05-13 22:15:00,2024,5,13,22,134,950.25
Lavale AWS,18.5422,73.7389,13-05-2024 22:20,2024-05-13 22:20:00,2024,5,13,22,134,950.22
Lavale AWS,18.5422,73.7389,13-05-2024 22:25,2024-05-13 22:25:00,2024,5,13,22,134,950.15
Lavale AWS,18.5422,73.7389,13-05-2024 22:30,2024-05-13 22:30:00,2024,5,13,22,134,950.08
Lavale AWS,18.5422,73.7389,13-05-2024 22:35,2024-05-13 22:35:00,2024,5,13,22,134,949.95
Lavale AWS,18.5422,73.7389,13-05-2024 22:40,2024-05-13 22:40:00,2024,5,13,22,134,949.96
Lavale AWS,18.5422,73.7389,13-05-2024 22:45,2024-05-13 22:45:00,2024,5,13,22,134,950.03
Lavale AWS,18.5422,73.7389,13-05-2024 22:50,2024-05-13 22:50:00,2024,5,13,22,134,949.9
Lavale AWS,18.5422,73.7389,13-05-2024 22:55,2024-05-13 22:55:00,2024,5,13,22,134,949.74
Lavale AWS,18.5422,73.7389,13-05-2024 23:00,2024-05-13 23:00:00,2024,5,13,23,134,949.69
Lavale AWS,18.5422,73.7389,13-05-2024 23:05,2024-05-13 23:05:00,2024,5,13,23,134,949.64
Lavale AWS,18.5422,73.7389,13-05-2024 23:10,2024-05-13 23:10:00,2024,5,13,23,134,949.69
Lavale AWS,18.5422,73.7389,13-05-2024 23:15,2024-05-13 23:15:00,2024,5,13,23,134,949.54
Lavale AWS,18.5422,73.7389,13-05-2024 23:20,2024-05-13 23:20:00,2024,5,13,23,134,949.46
Lavale AWS,18.5422,73.7389,13-05-2024 23:25,2024-05-13 23:25:00,2024,5,13,23,134,949.25
Lavale AWS,18.5422,73.7389,13-05-2024 23:30,2024-05-13 23:30:00,2024,5,13,23,134,949.33
Lavale AWS,18.5422,73.7389,13-05-2024 23:35,2024-05-13 23:35:00,2024,5,13,23,134,949.31
Lavale AWS,18.5422,73.7389,13-05-2024 23:40,2024-05-13 23:40:00,2024,5,13,23,134,949.24
Lavale AWS,18.5422,73.7389,13-05-2024 23:45,2024-05-13 23:45:00,2024,5,13,23,134,949.11
Lavale AWS,18.5422,73.7389,13-05-2024 23:50,2024-05-13 23:50:00,2024,5,13,23,134,948.99
Lavale AWS,18.5422,73.7389,13-05-2024 23:55,2024-05-13 23:55:00,2024,5,13,23,134,949.01
Lavale AWS,18.5422,73.7389,14-05-2024 00:00,2024-05-14 00:00:00,2024,5,14,0,135,948.91
Lavale AWS,18.5422,73.7389,14-05-2024 00:05,2024-05-14 00:05:00,2024,5,14,0,135,948.91
Lavale AWS,18.5422,73.7389,14-05-2024 00:10,2024-05-14 00:10:00,2024,5,14,0,135,949.06
Lavale AWS,18.5422,73.7389,14-05-2024 00:15,2024-05-14 00:15:00,2024,5,14,0,135,949.02
Lavale AWS,18.5422,73.7389,14-05-2024 00:20,2024-05-14 00:20:00,2024,5,14,0,135,948.94
Lavale AWS,18.5422,73.7389,14-05-2024 00:25,2024-05-14 00:25:00,2024,5,14,0,135,948.97
Lavale AWS,18.5422,73.7389,14-05-2024 00:30,2024-05-14 00:30:00,2024,5,14,0,135,948.87
Lavale AWS,18.5422,73.7389,14-05-2024 00:35,2024-05-14 00:35:00,2024,5,14,0,135,949.01
Lavale AWS,18.5422,73.7389,14-05-2024 00:40,2024-05-14 00:40:00,2024,5,14,0,135,949.12
Lavale AWS,18.5422,73.7389,14-05-2024 00:45,2024-05-14 00:45:00,2024,5,14,0,135,949.11
Lavale AWS,18.5422,73.7389,14-05-2024 00:50,2024-05-14 00:50:00,2024,5,14,0,135,949.04
Lavale AWS,18.5422,73.7389,14-05-2024 00:55,2024-05-14 00:55:00,2024,5,14,0,135,949.02
Lavale AWS,18.5422,73.7389,14-05-2024 01:00,2024-05-14 01:00:00,2024,5,14,1,135,949.01
Lavale AWS,18.5422,73.7389,14-05-2024 01:05,2024-05-14 01:05:00,2024,5,14,1,135,949.06
Lavale AWS,18.5422,73.7389,14-05-2024 01:10,2024-05-14 01:10:00,2024,5,14,1,135,949.16
Lavale AWS,18.5422,73.7389,14-05-2024 01:15,2024-05-14 01:15:00,2024,5,14,1,135,949.09
Lavale AWS,18.5422,73.7389,14-05-2024 01:20,2024-05-14 01:20:00,2024,5,14,1,135,949.2
Lavale AWS,18.5422,73.7389,14-05-2024 01:25,2024-05-14 01:25:00,2024,5,14,1,135,949.27
Lavale AWS,18.5422,73.7389,14-05-2024 01:30,2024-05-14 01:30:00,2024,5,14,1,135,949.26
Lavale AWS,18.5422,73.7389,14-05-2024 01:35,2024-05-14 01:35:00,2024,5,14,1,135,949.2
Lavale AWS,18.5422,73.7389,14-05-2024 01:40,2024-05-14 01:40:00,2024,5,14,1,135,949.24
Lavale AWS,18.5422,73.7389,14-05-2024 01:45,2024-05-14 01:45:00,2024,5,14,1,135,949.19
Lavale AWS,18.5422,73.7389,14-05-2024 01:50,2024-05-14 01:50:00,2024,5,14,1,135,949.32
Lavale AWS,18.5422,73.7389,14-05-2024 01:55,2024-05-14 01:55:00,2024,5,14,1,135,949.27
Lavale AWS,18.5422,73.7389,14-05-2024 02:00,2024-05-14 02:00:00,2024,5,14,2,135,949.36
Lavale AWS,18.5422,73.7389,14-05-2024 02:05,2024-05-14 02:05:00,2024,5,14,2,135,949.41
Lavale AWS,18.5422,73.7389,14-05-2024 02:10,2024-05-14 02:10:00,2024,5,14,2,135,949.41
Lavale AWS,18.5422,73.7389,14-05-2024 02:15,2024-05-14 02:15:00,2024,5,14,2,135,949.46
Lavale AWS,18.5422,73.7389,14-05-2024 02:20,2024-05-14 02:20:00,2024,5,14,2,135,949.6
Lavale AWS,18.5422,73.7389,14-05-2024 02:25,2024-05-14 02:25:00,2024,5,14,2,135,949.56
Lavale AWS,18.5422,73.7389,14-05-2024 02:30,2024-05-14 02:30:00,2024,5,14,2,135,949.59
Lavale AWS,18.5422,73.7389,14-05-2024 02:35,2024-05-14 02:35:00,2024,5,14,2,135,949.6
Lavale AWS,18.5422,73.7389,14-05-2024 02:40,2024-05-14 02:40:00,2024,5,14,2,135,949.66
Lavale AWS,18.5422,73.7389,14-05-2024 02:45,2024-05-14 02:45:00,2024,5,14,2,135,949.68
Lavale AWS,18.5422,73.7389,14-05-2024 02:50,2024-05-14 02:50:00,2024,5,14,2,135,949.61
Lavale AWS,18.5422,73.7389,14-05-2024 02:55,2024-05-14 02:55:00,2024,5,14,2,135,949.61
Lavale AWS,18.5422,73.7389,14-05-2024 03:00,2024-05-14 03:00:00,2024,5,14,3,135,949.82
Lavale AWS,18.5422,73.7389,14-05-2024 03:05,2024-05-14 03:05:00,2024,5,14,3,135,949.93
Lavale AWS,18.5422,73.7389,14-05-2024 03:10,2024-05-14 03:10:00,2024,5,14,3,135,950.02
Lavale AWS,18.5422,73.7389,14-05-2024 03:15,2024-05-14 03:15:00,2024,5,14,3,135,950.08
Lavale AWS,18.5422,73.7389,14-05-2024 03:20,2024-05-14 03:20:00,2024,5,14,3,135,950.16
Lavale AWS,18.5422,73.7389,14-05-2024 03:25,2024-05-14 03:25:00,2024,5,14,3,135,950.21
Lavale AWS,18.5422,73.7389,14-05-2024 03:30,2024-05-14 03:30:00,2024,5,14,3,135,950.33
Lavale AWS,18.5422,73.7389,14-05-2024 03:35,2024-05-14 03:35:00,2024,5,14,3,135,950.43
Lavale AWS,18.5422,73.7389,14-05-2024 03:40,2024-05-14 03:40:00,2024,5,14,3,135,950.42
Lavale AWS,18.5422,73.7389,14-05-2024 03:45,2024-05-14 03:45:00,2024,5,14,3,135,950.52
Lavale AWS,18.5422,73.7389,14-05-2024 03:50,2024-05-14 03:50:00,2024,5,14,3,135,950.41
Lavale AWS,18.5422,73.7389,14-05-2024 03:55,2024-05-14 03:55:00,2024,5,14,3,135,950.54
Lavale AWS,18.5422,73.7389,14-05-2024 04:00,2024-05-14 04:00:00,2024,5,14,4,135,950.52
Lavale AWS,18.5422,73.7389,14-05-2024 04:05,2024-05-14 04:05:00,2024,5,14,4,135,950.61
Lavale AWS,18.5422,73.7389,14-05-2024 04:10,2024-05-14 04:10:00,2024,5,14,4,135,950.61
Lavale AWS,18.5422,73.7389,14-05-2024 04:15,2024-05-14 04:15:00,2024,5,14,4,135,950.71
Lavale AWS,18.5422,73.7389,14-05-2024 04:20,2024-05-14 04:20:00,2024,5,14,4,135,950.85
Lavale AWS,18.5422,73.7389,14-05-2024 04:25,2024-05-14 04:25:00,2024,5,14,4,135,951.06
Lavale AWS,18.5422,73.7389,14-05-2024 04:30,2024-05-14 04:30:00,2024,5,14,4,135,951.03
Lavale AWS,18.5422,73.7389,14-05-2024 04:35,2024-05-14 04:35:00,2024,5,14,4,135,951.2
Lavale AWS,18.5422,73.7389,14-05-2024 04:40,2024-05-14 04:40:00,2024,5,14,4,135,951.29
Lavale AWS,18.5422,73.7389,14-05-2024 04:45,2024-05-14 04:45:00,2024,5,14,4,135,951.34
Lavale AWS,18.5422,73.7389,14-05-2024 04:50,2024-05-14 04:50:00,2024,5,14,4,135,951.49
Lavale AWS,18.5422,73.7389,14-05-2024 04:55,2024-05-14 04:55:00,2024,5,14,4,135,951.55
Lavale AWS,18.5422,73.7389,14-05-2024 05:00,2024-05-14 05:00:00,2024,5,14,5,135,951.68
Lavale AWS,18.5422,73.7389,14-05-2024 05:05,2024-05-14 05:05:00,2024,5,14,5,135,951.68
Lavale AWS,18.5422,73.7389,14-05-2024 05:10,2024-05-14 05:10:00,2024,5,14,5,135,951.7
Lavale AWS,18.5422,73.7389,14-05-2024 05:15,2024-05-14 05:15:00,2024,5,14,5,135,951.85
Lavale AWS,18.5422,73.7389,14-05-2024 05:20,2024-05-14 05:20:00,2024,5,14,5,135,952.04
Lavale AWS,18.5422,73.7389,14-05-2024 05:25,2024-05-14 05:25:00,2024,5,14,5,135,952.1
Lavale AWS,18.5422,73.7389,14-05-2024 05:30,2024-05-14 05:30:00,2024,5,14,5,135,951.94
Lavale AWS,18.5422,73.7389,14-05-2024 05:35,2024-05-14 05:35:00,2024,5,14,5,135,952.0
Lavale AWS,18.5422,73.7389,14-05-2024 05:40,2024-05-14 05:40:00,2024,5,14,5,135,952.06
Lavale AWS,18.5422,73.7389,14-05-2024 05:45,2024-05-14 05:45:00,2024,5,14,5,135,952.11
Lavale AWS,18.5422,73.7389,14-05-2024 05:50,2024-05-14 05:50:00,2024,5,14,5,135,952.2
Lavale AWS,18.5422,73.7389,14-05-2024 05:55,2024-05-14 05:55:00,2024,5,14,5,135,952.22
Lavale AWS,18.5422,73.7389,14-05-2024 06:00,2024-05-14 06:00:00,2024,5,14,6,135,952.34
Lavale AWS,18.5422,73.7389,14-05-2024 06:05,2024-05-14 06:05:00,2024,5,14,6,135,952.3
Lavale AWS,18.5422,73.7389,14-05-2024 06:10,2024-05-14 06:10:00,2024,5,14,6,135,952.45
Lavale AWS,18.5422,73.7389,14-05-2024 06:15,2024-05-14 06:15:00,2024,5,14,6,135,952.62
Lavale AWS,18.5422,73.7389,14-05-2024 06:20,2024-05-14 06:20:00,2024,5,14,6,135,952.58
Lavale AWS,18.5422,73.7389,14-05-2024 06:25,2024-05-14 06:25:00,2024,5,14,6,135,952.54
Lavale AWS,18.5422,73.7389,14-05-2024 06:30,2024-05-14 06:30:00,2024,5,14,6,135,952.61
Lavale AWS,18.5422,73.7389,14-05-2024 06:35,2024-05-14 06:35:00,2024,5,14,6,135,952.55
Lavale AWS,18.5422,73.7389,14-05-2024 06:40,2024-05-14 06:40:00,2024,5,14,6,135,952.54
Lavale AWS,18.5422,73.7389,14-05-2024 06:45,2024-05-14 06:45:00,2024,5,14,6,135,952.66
Lavale AWS,18.5422,73.7389,14-05-2024 06:50,2024-05-14 06:50:00,2024,5,14,6,135,952.74
Lavale AWS,18.5422,73.7389,14-05-2024 06:55,2024-05-14 06:55:00,2024,5,14,6,135,952.92
Lavale AWS,18.5422,73.7389,14-05-2024 07:00,2024-05-14 07:00:00,2024,5,14,7,135,952.94
Lavale AWS,18.5422,73.7389,14-05-2024 07:05,2024-05-14 07:05:00,2024,5,14,7,135,952.9
Lavale AWS,18.5422,73.7389,14-05-2024 07:10,2024-05-14 07:10:00,2024,5,14,7,135,952.91
Lavale AWS,18.5422,73.7389,14-05-2024 07:15,2024-05-14 07:15:00,2024,5,14,7,135,952.9
Lavale AWS,18.5422,73.7389,14-05-2024 07:20,2024-05-14 07:20:00,2024,5,14,7,135,952.89
Lavale AWS,18.5422,73.7389,14-05-2024 07:25,2024-05-14 07:25:00,2024,5,14,7,135,952.89
Lavale AWS,18.5422,73.7389,14-05-2024 07:30,2024-05-14 07:30:00,2024,5,14,7,135,952.81
Lavale AWS,18.5422,73.7389,14-05-2024 07:35,2024-05-14 07:35:00,2024,5,14,7,135,952.82
Lavale AWS,18.5422,73.7389,14-05-2024 07:40,2024-05-14 07:40:00,2024,5,14,7,135,952.7
Lavale AWS,18.5422,73.7389,14-05-2024 07:45,2024-05-14 07:45:00,2024,5,14,7,135,952.64
Lavale AWS,18.5422,73.7389,14-05-2024 07:50,2024-05-14 07:50:00,2024,5,14,7,135,952.62
Lavale AWS,18.5422,73.7389,14-05-2024 07:55,2024-05-14 07:55:00,2024,5,14,7,135,952.43
Lavale AWS,18.5422,73.7389,14-05-2024 08:00,2024-05-14 08:00:00,2024,5,14,8,135,952.48
Lavale AWS,18.5422,73.7389,14-05-2024 08:05,2024-05-14 08:05:00,2024,5,14,8,135,952.31
Lavale AWS,18.5422,73.7389,14-05-2024 08:10,2024-05-14 08:10:00,2024,5,14,8,135,952.35
Lavale AWS,18.5422,73.7389,14-05-2024 08:15,2024-05-14 08:15:00,2024,5,14,8,135,952.23
Lavale AWS,18.5422,73.7389,14-05-2024 08:20,2024-05-14 08:20:00,2024,5,14,8,135,952.19
Lavale AWS,18.5422,73.7389,14-05-2024 08:25,2024-05-14 08:25:00,2024,5,14,8,135,952.22
Lavale AWS,18.5422,73.7389,14-05-2024 08:30,2024-05-14 08:30:00,2024,5,14,8,135,952.38
Lavale AWS,18.5422,73.7389,14-05-2024 08:35,2024-05-14 08:35:00,2024,5,14,8,135,952.36
Lavale AWS,18.5422,73.7389,14-05-2024 08:40,2024-05-14 08:40:00,2024,5,14,8,135,952.17
Lavale AWS,18.5422,73.7389,14-05-2024 08:45,2024-05-14 08:45:00,2024,5,14,8,135,952.22
Lavale AWS,18.5422,73.7389,14-05-2024 08:50,2024-05-14 08:50:00,2024,5,14,8,135,952.16
Lavale AWS,18.5422,73.7389,14-05-2024 08:55,2024-05-14 08:55:00,2024,5,14,8,135,952.14
Lavale AWS,18.5422,73.7389,14-05-2024 09:00,2024-05-14 09:00:00,2024,5,14,9,135,952.15
Lavale AWS,18.5422,73.7389,14-05-2024 09:05,2024-05-14 09:05:00,2024,5,14,9,135,951.93
Lavale AWS,18.5422,73.7389,14-05-2024 09:10,2024-05-14 09:10:00,2024,5,14,9,135,951.89
Lavale AWS,18.5422,73.7389,14-05-2024 09:15,2024-05-14 09:15:00,2024,5,14,9,135,951.82
Lavale AWS,18.5422,73.7389,14-05-2024 09:20,2024-05-14 09:20:00,2024,5,14,9,135,951.89
Lavale AWS,18.5422,73.7389,14-05-2024 09:25,2024-05-14 09:25:00,2024,5,14,9,135,951.9
Lavale AWS,18.5422,73.7389,14-05-2024 09:30,2024-05-14 09:30:00,2024,5,14,9,135,951.73
Lavale AWS,18.5422,73.7389,14-05-2024 09:35,2024-05-14 09:35:00,2024,5,14,9,135,951.79
Lavale AWS,18.5422,73.7389,14-05-2024 09:40,2024-05-14 09:40:00,2024,5,14,9,135,951.77
Lavale AWS,18.5422,73.7389,14-05-2024 09:45,2024-05-14 09:45:00,2024,5,14,9,135,951.6
Lavale AWS,18.5422,73.7389,14-05-2024 09:50,2024-05-14 09:50:00,2024,5,14,9,135,951.56
Lavale AWS,18.5422,73.7389,14-05-2024 09:55,2024-05-14 09:55:00,2024,5,14,9,135,951.6
Lavale AWS,18.5422,73.7389,14-05-2024 10:00,2024-05-14 10:00:00,2024,5,14,10,135,951.45
Lavale AWS,18.5422,73.7389,14-05-2024 10:05,2024-05-14 10:05:00,2024,5,14,10,135,951.52
Lavale AWS,18.5422,73.7389,14-05-2024 10:10,2024-05-14 10:10:00,2024,5,14,10,135,951.34
Lavale AWS,18.5422,73.7389,14-05-2024 10:15,2024-05-14 10:15:00,2024,5,14,10,135,951.23
Lavale AWS,18.5422,73.7389,14-05-2024 10:20,2024-05-14 10:20:00,2024,5,14,10,135,951.12
Lavale AWS,18.5422,73.7389,14-05-2024 10:25,2024-05-14 10:25:00,2024,5,14,10,135,951.18
Lavale AWS,18.5422,73.7389,14-05-2024 10:30,2024-05-14 10:30:00,2024,5,14,10,135,951.1
Lavale AWS,18.5422,73.7389,14-05-2024 10:35,2024-05-14 10:35:00,2024,5,14,10,135,950.96
Lavale AWS,18.5422,73.7389,14-05-2024 10:40,2024-05-14 10:40:00,2024,5,14,10,135,950.96
Lavale AWS,18.5422,73.7389,14-05-2024 10:45,2024-05-14 10:45:00,2024,5,14,10,135,950.97
Lavale AWS,18.5422,73.7389,14-05-2024 10:50,2024-05-14 10:50:00,2024,5,14,10,135,950.98
Lavale AWS,18.5422,73.7389,14-05-2024 10:55,2024-05-14 10:55:00,2024,5,14,10,135,950.92
Lavale AWS,18.5422,73.7389,14-05-2024 11:00,2024-05-14 11:00:00,2024,5,14,11,135,950.9
Lavale AWS,18.5422,73.7389,14-05-2024 11:05,2024-05-14 11:05:00,2024,5,14,11,135,950.81
Lavale AWS,18.5422,73.7389,14-05-2024 11:10,2024-05-14 11:10:00,2024,5,14,11,135,950.9
Lavale AWS,18.5422,73.7389,14-05-2024 11:15,2024-05-14 11:15:00,2024,5,14,11,135,950.95
Lavale AWS,18.5422,73.7389,14-05-2024 11:20,2024-05-14 11:20:00,2024,5,14,11,135,951.0
Lavale AWS,18.5422,73.7389,14-05-2024 11:25,2024-05-14 11:25:00,2024,5,14,11,135,951.01
Lavale AWS,18.5422,73.7389,14-05-2024 11:30,2024-05-14 11:30:00,2024,5,14,11,135,951.01
Lavale AWS,18.5422,73.7389,14-05-2024 11:35,2024-05-14 11:35:00,2024,5,14,11,135,950.86
Lavale AWS,18.5422,73.7389,14-05-2024 11:40,2024-05-14 11:40:00,2024,5,14,11,135,950.88
Lavale AWS,18.5422,73.7389,14-05-2024 11:45,2024-05-14 11:45:00,2024,5,14,11,135,950.85
Lavale AWS,18.5422,73.7389,14-05-2024 11:50,2024-05-14 11:50:00,2024,5,14,11,135,950.91
Lavale AWS,18.5422,73.7389,14-05-2024 11:55,2024-05-14 11:55:00,2024,5,14,11,135,950.94
Lavale AWS,18.5422,73.7389,14-05-2024 12:00,2024-05-14 12:00:00,2024,5,14,12,135,950.94
Lavale AWS,18.5422,73.7389,14-05-2024 12:05,2024-05-14 12:05:00,2024,5,14,12,135,950.77
Lavale AWS,18.5422,73.7389,14-05-2024 12:10,2024-05-14 12:10:00,2024,5,14,12,135,950.74
Lavale AWS,18.5422,73.7389,14-05-2024 12:15,2024-05-14 12:15:00,2024,5,14,12,135,950.67
Lavale AWS,18.5422,73.7389,14-05-2024 12:20,2024-05-14 12:20:00,2024,5,14,12,135,950.66
Lavale AWS,18.5422,73.7389,14-05-2024 12:25,2024-05-14 12:25:00,2024,5,14,12,135,950.61
Lavale AWS,18.5422,73.7389,14-05-2024 12:30,2024-05-14 12:30:00,2024,5,14,12,135,950.58
Lavale AWS,18.5422,73.7389,14-05-2024 12:35,2024-05-14 12:35:00,2024,5,14,12,135,950.6
Lavale AWS,18.5422,73.7389,14-05-2024 12:40,2024-05-14 12:40:00,2024,5,14,12,135,950.56
Lavale AWS,18.5422,73.7389,14-05-2024 12:45,2024-05-14 12:45:00,2024,5,14,12,135,950.56
Lavale AWS,18.5422,73.7389,14-05-2024 12:50,2024-05-14 12:50:00,2024,5,14,12,135,950.44
Lavale AWS,18.5422,73.7389,14-05-2024 12:55,2024-05-14 12:55:00,2024,5,14,12,135,950.38
Lavale AWS,18.5422,73.7389,14-05-2024 13:00,2024-05-14 13:00:00,2024,5,14,13,135,950.44
Lavale AWS,18.5422,73.7389,14-05-2024 13:05,2024-05-14 13:05:00,2024,5,14,13,135,950.35
Lavale AWS,18.5422,73.7389,14-05-2024 13:10,2024-05-14 13:10:00,2024,5,14,13,135,950.47
Lavale AWS,18.5422,73.7389,14-05-2024 13:15,2024-05-14 13:15:00,2024,5,14,13,135,950.57
Lavale AWS,18.5422,73.7389,14-05-2024 13:20,2024-05-14 13:20:00,2024,5,14,13,135,950.56
Lavale AWS,18.5422,73.7389,14-05-2024 13:25,2024-05-14 13:25:00,2024,5,14,13,135,950.82
Lavale AWS,18.5422,73.7389,14-05-2024 13:30,2024-05-14 13:30:00,2024,5,14,13,135,950.93
Lavale AWS,18.5422,73.7389,14-05-2024 13:35,2024-05-14 13:35:00,2024,5,14,13,135,950.87
Lavale AWS,18.5422,73.7389,14-05-2024 13:40,2024-05-14 13:40:00,2024,5,14,13,135,950.94
Lavale AWS,18.5422,73.7389,14-05-2024 13:45,2024-05-14 13:45:00,2024,5,14,13,135,950.97
Lavale AWS,18.5422,73.7389,14-05-2024 13:50,2024-05-14 13:50:00,2024,5,14,13,135,950.93
Lavale AWS,18.5422,73.7389,14-05-2024 13:55,2024-05-14 13:55:00,2024,5,14,13,135,950.87
Lavale AWS,18.5422,73.7389,14-05-2024 14:00,2024-05-14 14:00:00,2024,5,14,14,135,950.98
Lavale AWS,18.5422,73.7389,14-05-2024 14:05,2024-05-14 14:05:00,2024,5,14,14,135,950.97
Lavale AWS,18.5422,73.7389,14-05-2024 14:10,2024-05-14 14:10:00,2024,5,14,14,135,951.0
Lavale AWS,18.5422,73.7389,14-05-2024 14:15,2024-05-14 14:15:00,2024,5,14,14,135,950.96
Lavale AWS,18.5422,73.7389,14-05-2024 14:20,2024-05-14 14:20:00,2024,5,14,14,135,950.95
Lavale AWS,18.5422,73.7389,14-05-2024 14:25,2024-05-14 14:25:00,2024,5,14,14,135,950.99
Lavale AWS,18.5422,73.7389,14-05-2024 14:30,2024-05-14 14:30:00,2024,5,14,14,135,951.07
Lavale AWS,18.5422,73.7389,14-05-2024 14:35,2024-05-14 14:35:00,2024,5,14,14,135,950.92
Lavale AWS,18.5422,73.7389,14-05-2024 14:40,2024-05-14 14:40:00,2024,5,14,14,135,950.98
Lavale AWS,18.5422,73.7389,14-05-2024 14:45,2024-05-14 14:45:00,2024,5,14,14,135,950.99
Lavale AWS,18.5422,73.7389,14-05-2024 14:50,2024-05-14 14:50:00,2024,5,14,14,135,951.17
Lavale AWS,18.5422,73.7389,14-05-2024 14:55,2024-05-14 14:55:00,2024,5,14,14,135,951.47
Lavale AWS,18.5422,73.7389,14-05-2024 15:00,2024-05-14 15:00:00,2024,5,14,15,135,951.5
Lavale AWS,18.5422,73.7389,14-05-2024 15:05,2024-05-14 15:05:00,2024,5,14,15,135,951.42
Lavale AWS,18.5422,73.7389,14-05-2024 15:10,2024-05-14 15:10:00,2024,5,14,15,135,951.5
Lavale AWS,18.5422,73.7389,14-05-2024 15:15,2024-05-14 15:15:00,2024,5,14,15,135,951.55
Lavale AWS,18.5422,73.7389,14-05-2024 15:20,2024-05-14 15:20:00,2024,5,14,15,135,951.78
Lavale AWS,18.5422,73.7389,14-05-2024 15:25,2024-05-14 15:25:00,2024,5,14,15,135,951.97
Lavale AWS,18.5422,73.7389,14-05-2024 15:30,2024-05-14 15:30:00,2024,5,14,15,135,952.1
Lavale AWS,18.5422,73.7389,14-05-2024 15:35,2024-05-14 15:35:00,2024,5,14,15,135,952.11
Lavale AWS,18.5422,73.7389,14-05-2024 15:40,2024-05-14 15:40:00,2024,5,14,15,135,952.23
Lavale AWS,18.5422,73.7389,14-05-2024 15:45,2024-05-14 15:45:00,2024,5,14,15,135,952.31
Lavale AWS,18.5422,73.7389,14-05-2024 15:50,2024-05-14 15:50:00,2024,5,14,15,135,952.39
Lavale AWS,18.5422,73.7389,14-05-2024 15:55,2024-05-14 15:55:00,2024,5,14,15,135,952.32
Lavale AWS,18.5422,73.7389,14-05-2024 16:00,2024-05-14 16:00:00,2024,5,14,16,135,952.47
Lavale AWS,18.5422,73.7389,14-05-2024 16:05,2024-05-14 16:05:00,2024,5,14,16,135,952.54
Lavale AWS,18.5422,73.7389,14-05-2024 16:10,2024-05-14 16:10:00,2024,5,14,16,135,952.59
Lavale AWS,18.5422,73.7389,14-05-2024 16:15,2024-05-14 16:15:00,2024,5,14,16,135,952.61
Lavale AWS,18.5422,73.7389,14-05-2024 16:20,2024-05-14 16:20:00,2024,5,14,16,135,952.61
Lavale AWS,18.5422,73.7389,14-05-2024 16:25,2024-05-14 16:25:00,2024,5,14,16,135,952.7
Lavale AWS,18.5422,73.7389,14-05-2024 16:30,2024-05-14 16:30:00,2024,5,14,16,135,952.62
Lavale AWS,18.5422,73.7389,14-05-2024 16:35,2024-05-14 16:35:00,2024,5,14,16,135,952.75
Lavale AWS,18.5422,73.7389,14-05-2024 16:40,2024-05-14 16:40:00,2024,5,14,16,135,952.74
Lavale AWS,18.5422,73.7389,14-05-2024 16:45,2024-05-14 16:45:00,2024,5,14,16,135,952.64
Lavale AWS,18.5422,73.7389,14-05-2024 16:50,2024-05-14 16:50:00,2024,5,14,16,135,952.86
Lavale AWS,18.5422,73.7389,14-05-2024 16:55,2024-05-14 16:55:00,2024,5,14,16,135,952.86
Lavale AWS,18.5422,73.7389,14-05-2024 17:00,2024-05-14 17:00:00,2024,5,14,17,135,952.86
Lavale AWS,18.5422,73.7389,14-05-2024 17:05,2024-05-14 17:05:00,2024,5,14,17,135,953.02
Lavale AWS,18.5422,73.7389,14-05-2024 17:10,2024-05-14 17:10:00,2024,5,14,17,135,953.23
Lavale AWS,18.5422,73.7389,14-05-2024 17:15,2024-05-14 17:15:00,2024,5,14,17,135,953.17
Lavale AWS,18.5422,73.7389,14-05-2024 17:20,2024-05-14 17:20:00,2024,5,14,17,135,953.15
Lavale AWS,18.5422,73.7389,14-05-2024 17:25,2024-05-14 17:25:00,2024,5,14,17,135,953.14
Lavale AWS,18.5422,73.7389,14-05-2024 17:30,2024-05-14 17:30:00,2024,5,14,17,135,953.27
Lavale AWS,18.5422,73.7389,14-05-2024 17:35,2024-05-14 17:35:00,2024,5,14,17,135,953.46
Lavale AWS,18.5422,73.7389,14-05-2024 17:40,2024-05-14 17:40:00,2024,5,14,17,135,953.42
Lavale AWS,18.5422,73.7389,14-05-2024 17:45,2024-05-14 17:45:00,2024,5,14,17,135,953.58
Lavale AWS,18.5422,73.7389,14-05-2024 17:50,2024-05-14 17:50:00,2024,5,14,17,135,953.56
Lavale AWS,18.5422,73.7389,14-05-2024 17:55,2024-05-14 17:55:00,2024,5,14,17,135,953.63
Lavale AWS,18.5422,73.7389,14-05-2024 18:00,2024-05-14 18:00:00,2024,5,14,18,135,953.56
Lavale AWS,18.5422,73.7389,14-05-2024 18:05,2024-05-14 18:05:00,2024,5,14,18,135,953.59
Lavale AWS,18.5422,73.7389,14-05-2024 18:10,2024-05-14 18:10:00,2024,5,14,18,135,953.62
Lavale AWS,18.5422,73.7389,14-05-2024 18:15,2024-05-14 18:15:00,2024,5,14,18,135,953.63
Lavale AWS,18.5422,73.7389,14-05-2024 18:20,2024-05-14 18:20:00,2024,5,14,18,135,953.69
Lavale AWS,18.5422,73.7389,14-05-2024 18:25,2024-05-14 18:25:00,2024,5,14,18,135,953.64
Lavale AWS,18.5422,73.7389,14-05-2024 18:30,2024-05-14 18:30:00,2024,5,14,18,135,953.6
Lavale AWS,18.5422,73.7389,14-05-2024 18:35,2024-05-14 18:35:00,2024,5,14,18,135,953.66
Lavale AWS,18.5422,73.7389,14-05-2024 18:40,2024-05-14 18:40:00,2024,5,14,18,135,953.79
Lavale AWS,18.5422,73.7389,14-05-2024 18:45,2024-05-14 18:45:00,2024,5,14,18,135,953.81
Lavale AWS,18.5422,73.7389,14-05-2024 18:50,2024-05-14 18:50:00,2024,5,14,18,135,953.86
Lavale AWS,18.5422,73.7389,14-05-2024 18:55,2024-05-14 18:55:00,2024,5,14,18,135,953.93
Lavale AWS,18.5422,73.7389,14-05-2024 19:00,2024-05-14 19:00:00,2024,5,14,19,135,954.0
Lavale AWS,18.5422,73.7389,14-05-2024 19:05,2024-05-14 19:05:00,2024,5,14,19,135,953.92
Lavale AWS,18.5422,73.7389,14-05-2024 19:10,2024-05-14 19:10:00,2024,5,14,19,135,953.86
Lavale AWS,18.5422,73.7389,14-05-2024 19:15,2024-05-14 19:15:00,2024,5,14,19,135,953.8
Lavale AWS,18.5422,73.7389,14-05-2024 19:20,2024-05-14 19:20:00,2024,5,14,19,135,953.95
Lavale AWS,18.5422,73.7389,14-05-2024 19:25,2024-05-14 19:25:00,2024,5,14,19,135,953.98
Lavale AWS,18.5422,73.7389,14-05-2024 19:30,2024-05-14 19:30:00,2024,5,14,19,135,954.0
Lavale AWS,18.5422,73.7389,14-05-2024 19:35,2024-05-14 19:35:00,2024,5,14,19,135,954.01
Lavale AWS,18.5422,73.7389,14-05-2024 19:40,2024-05-14 19:40:00,2024,5,14,19,135,953.88
Lavale AWS,18.5422,73.7389,14-05-2024 19:45,2024-05-14 19:45:00,2024,5,14,19,135,954.01
Lavale AWS,18.5422,73.7389,14-05-2024 19:50,2024-05-14 19:50:00,2024,5,14,19,135,954.02
Lavale AWS,18.5422,73.7389,14-05-2024 19:55,2024-05-14 19:55:00,2024,5,14,19,135,954.04
Lavale AWS,18.5422,73.7389,14-05-2024 20:00,2024-05-14 20:00:00,2024,5,14,20,135,953.86
Lavale AWS,18.5422,73.7389,14-05-2024 20:05,2024-05-14 20:05:00,2024,5,14,20,135,953.89
Lavale AWS,18.5422,73.7389,14-05-2024 20:10,2024-05-14 20:10:00,2024,5,14,20,135,953.82
Lavale AWS,18.5422,73.7389,14-05-2024 20:15,2024-05-14 20:15:00,2024,5,14,20,135,953.67
Lavale AWS,18.5422,73.7389,14-05-2024 20:20,2024-05-14 20:20:00,2024,5,14,20,135,953.55
Lavale AWS,18.5422,73.7389,14-05-2024 20:25,2024-05-14 20:25:00,2024,5,14,20,135,953.41
Lavale AWS,18.5422,73.7389,14-05-2024 20:30,2024-05-14 20:30:00,2024,5,14,20,135,953.27
Lavale AWS,18.5422,73.7389,14-05-2024 20:35,2024-05-14 20:35:00,2024,5,14,20,135,953.24
Lavale AWS,18.5422,73.7389,14-05-2024 20:40,2024-05-14 20:40:00,2024,5,14,20,135,953.17
Lavale AWS,18.5422,73.7389,14-05-2024 20:45,2024-05-14 20:45:00,2024,5,14,20,135,953.16
Lavale AWS,18.5422,73.7389,14-05-2024 20:50,2024-05-14 20:50:00,2024,5,14,20,135,953.25
Lavale AWS,18.5422,73.7389,14-05-2024 20:55,2024-05-14 20:55:00,2024,5,14,20,135,953.19
Lavale AWS,18.5422,73.7389,14-05-2024 21:00,2024-05-14 21:00:00,2024,5,14,21,135,952.96
Lavale AWS,18.5422,73.7389,14-05-2024 21:05,2024-05-14 21:05:00,2024,5,14,21,135,952.9
Lavale AWS,18.5422,73.7389,14-05-2024 21:10,2024-05-14 21:10:00,2024,5,14,21,135,952.95
Lavale AWS,18.5422,73.7389,14-05-2024 21:15,2024-05-14 21:15:00,2024,5,14,21,135,952.89
Lavale AWS,18.5422,73.7389,14-05-2024 21:20,2024-05-14 21:20:00,2024,5,14,21,135,952.96
Lavale AWS,18.5422,73.7389,14-05-2024 21:25,2024-05-14 21:25:00,2024,5,14,21,135,952.93
Lavale AWS,18.5422,73.7389,14-05-2024 21:30,2024-05-14 21:30:00,2024,5,14,21,135,952.73
Lavale AWS,18.5422,73.7389,14-05-2024 21:35,2024-05-14 21:35:00,2024,5,14,21,135,952.68
Lavale AWS,18.5422,73.7389,14-05-2024 21:40,2024-05-14 21:40:00,2024,5,14,21,135,952.64
Lavale AWS,18.5422,73.7389,14-05-2024 21:45,2024-05-14 21:45:00,2024,5,14,21,135,952.67
Lavale AWS,18.5422,73.7389,14-05-2024 21:50,2024-05-14 21:50:00,2024,5,14,21,135,952.75
Lavale AWS,18.5422,73.7389,14-05-2024 21:55,2024-05-14 21:55:00,2024,5,14,21,135,952.76
Lavale AWS,18.5422,73.7389,14-05-2024 22:00,2024-05-14 22:00:00,2024,5,14,22,135,952.72
Lavale AWS,18.5422,73.7389,14-05-2024 22:05,2024-05-14 22:05:00,2024,5,14,22,135,952.7
Lavale AWS,18.5422,73.7389,14-05-2024 22:10,2024-05-14 22:10:00,2024,5,14,22,135,952.61
Lavale AWS,18.5422,73.7389,14-05-2024 22:15,2024-05-14 22:15:00,2024,5,14,22,135,952.42
Lavale AWS,18.5422,73.7389,14-05-2024 22:20,2024-05-14 22:20:00,2024,5,14,22,135,952.36
Lavale AWS,18.5422,73.7389,14-05-2024 22:25,2024-05-14 22:25:00,2024,5,14,22,135,952.32
Lavale AWS,18.5422,73.7389,14-05-2024 22:30,2024-05-14 22:30:00,2024,5,14,22,135,952.15
Lavale AWS,18.5422,73.7389,14-05-2024 22:35,2024-05-14 22:35:00,2024,5,14,22,135,952.19
Lavale AWS,18.5422,73.7389,14-05-2024 22:40,2024-05-14 22:40:00,2024,5,14,22,135,952.21
Lavale AWS,18.5422,73.7389,14-05-2024 22:45,2024-05-14 22:45:00,2024,5,14,22,135,952.03
Lavale AWS,18.5422,73.7389,14-05-2024 22:50,2024-05-14 22:50:00,2024,5,14,22,135,952.07
Lavale AWS,18.5422,73.7389,14-05-2024 22:55,2024-05-14 22:55:00,2024,5,14,22,135,951.98
Lavale AWS,18.5422,73.7389,14-05-2024 23:00,2024-05-14 23:00:00,2024,5,14,23,135,951.86
Lavale AWS,18.5422,73.7389,14-05-2024 23:05,2024-05-14 23:05:00,2024,5,14,23,135,951.88
Lavale AWS,18.5422,73.7389,14-05-2024 23:10,2024-05-14 23:10:00,2024,5,14,23,135,951.82
Lavale AWS,18.5422,73.7389,14-05-2024 23:15,2024-05-14 23:15:00,2024,5,14,23,135,951.91
Lavale AWS,18.5422,73.7389,14-05-2024 23:20,2024-05-14 23:20:00,2024,5,14,23,135,951.78
Lavale AWS,18.5422,73.7389,14-05-2024 23:25,2024-05-14 23:25:00,2024,5,14,23,135,951.58
Lavale AWS,18.5422,73.7389,14-05-2024 23:30,2024-05-14 23:30:00,2024,5,14,23,135,951.51
Lavale AWS,18.5422,73.7389,14-05-2024 23:35,2024-05-14 23:35:00,2024,5,14,23,135,951.52
Lavale AWS,18.5422,73.7389,14-05-2024 23:40,2024-05-14 23:40:00,2024,5,14,23,135,951.4
Lavale AWS,18.5422,73.7389,14-05-2024 23:45,2024-05-14 23:45:00,2024,5,14,23,135,951.25
Lavale AWS,18.5422,73.7389,14-05-2024 23:50,2024-05-14 23:50:00,2024,5,14,23,135,951.23
Lavale AWS,18.5422,73.7389,14-05-2024 23:55,2024-05-14 23:55:00,2024,5,14,23,135,951.08
Lavale AWS,18.5422,73.7389,15-05-2024 00:00,2024-05-15 00:00:00,2024,5,15,0,136,951.08
Lavale AWS,18.5422,73.7389,15-05-2024 00:05,2024-05-15 00:05:00,2024,5,15,0,136,951.03
Lavale AWS,18.5422,73.7389,15-05-2024 00:10,2024-05-15 00:10:00,2024,5,15,0,136,951.04
Lavale AWS,18.5422,73.7389,15-05-2024 00:15,2024-05-15 00:15:00,2024,5,15,0,136,950.91
Lavale AWS,18.5422,73.7389,15-05-2024 00:20,2024-05-15 00:20:00,2024,5,15,0,136,951.0
Lavale AWS,18.5422,73.7389,15-05-2024 00:25,2024-05-15 00:25:00,2024,5,15,0,136,950.96
Lavale AWS,18.5422,73.7389,15-05-2024 00:30,2024-05-15 00:30:00,2024,5,15,0,136,951.01
Lavale AWS,18.5422,73.7389,15-05-2024 00:35,2024-05-15 00:35:00,2024,5,15,0,136,951.07
Lavale AWS,18.5422,73.7389,15-05-2024 00:40,2024-05-15 00:40:00,2024,5,15,0,136,950.97
Lavale AWS,18.5422,73.7389,15-05-2024 00:45,2024-05-15 00:45:00,2024,5,15,0,136,951.03
Lavale AWS,18.5422,73.7389,15-05-2024 00:50,2024-05-15 00:50:00,2024,5,15,0,136,950.91
Lavale AWS,18.5422,73.7389,15-05-2024 00:55,2024-05-15 00:55:00,2024,5,15,0,136,950.8
Lavale AWS,18.5422,73.7389,15-05-2024 01:00,2024-05-15 01:00:00,2024,5,15,1,136,950.96
Lavale AWS,18.5422,73.7389,15-05-2024 01:05,2024-05-15 01:05:00,2024,5,15,1,136,951.05
Lavale AWS,18.5422,73.7389,15-05-2024 01:10,2024-05-15 01:10:00,2024,5,15,1,136,951.22
Lavale AWS,18.5422,73.7389,15-05-2024 01:15,2024-05-15 01:15:00,2024,5,15,1,136,951.18
Lavale AWS,18.5422,73.7389,15-05-2024 01:20,2024-05-15 01:20:00,2024,5,15,1,136,951.19
Lavale AWS,18.5422,73.7389,15-05-2024 01:25,2024-05-15 01:25:00,2024,5,15,1,136,951.24
Lavale AWS,18.5422,73.7389,15-05-2024 01:30,2024-05-15 01:30:00,2024,5,15,1,136,951.25
Lavale AWS,18.5422,73.7389,15-05-2024 01:35,2024-05-15 01:35:00,2024,5,15,1,136,951.2
Lavale AWS,18.5422,73.7389,15-05-2024 01:40,2024-05-15 01:40:00,2024,5,15,1,136,951.14
Lavale AWS,18.5422,73.7389,15-05-2024 01:45,2024-05-15 01:45:00,2024,5,15,1,136,951.18
Lavale AWS,18.5422,73.7389,15-05-2024 01:50,2024-05-15 01:50:00,2024,5,15,1,136,951.11
Lavale AWS,18.5422,73.7389,15-05-2024 01:55,2024-05-15 01:55:00,2024,5,15,1,136,951.05
Lavale AWS,18.5422,73.7389,15-05-2024 02:00,2024-05-15 02:00:00,2024,5,15,2,136,951.12
Lavale AWS,18.5422,73.7389,15-05-2024 02:05,2024-05-15 02:05:00,2024,5,15,2,136,951.15
Lavale AWS,18.5422,73.7389,15-05-2024 02:10,2024-05-15 02:10:00,2024,5,15,2,136,951.26
Lavale AWS,18.5422,73.7389,15-05-2024 02:15,2024-05-15 02:15:00,2024,5,15,2,136,951.26
Lavale AWS,18.5422,73.7389,15-05-2024 02:20,2024-05-15 02:20:00,2024,5,15,2,136,951.26
Lavale AWS,18.5422,73.7389,15-05-2024 02:25,2024-05-15 02:25:00,2024,5,15,2,136,951.33
Lavale AWS,18.5422,73.7389,15-05-2024 02:30,2024-05-15 02:30:00,2024,5,15,2,136,951.31
Lavale AWS,18.5422,73.7389,15-05-2024 02:35,2024-05-15 02:35:00,2024,5,15,2,136,951.31
Lavale AWS,18.5422,73.7389,15-05-2024 02:40,2024-05-15 02:40:00,2024,5,15,2,136,951.31
Lavale AWS,18.5422,73.7389,15-05-2024 02:45,2024-05-15 02:45:00,2024,5,15,2,136,951.35
Lavale AWS,18.5422,73.7389,15-05-2024 02:50,2024-05-15 02:50:00,2024,5,15,2,136,951.55
Lavale AWS,18.5422,73.7389,15-05-2024 02:55,2024-05-15 02:55:00,2024,5,15,2,136,951.5
Lavale AWS,18.5422,73.7389,15-05-2024 03:00,2024-05-15 03:00:00,2024,5,15,3,136,951.66
Lavale AWS,18.5422,73.7389,15-05-2024 03:05,2024-05-15 03:05:00,2024,5,15,3,136,951.78
Lavale AWS,18.5422,73.7389,15-05-2024 03:10,2024-05-15 03:10:00,2024,5,15,3,136,951.96
Lavale AWS,18.5422,73.7389,15-05-2024 03:15,2024-05-15 03:15:00,2024,5,15,3,136,952.26
Lavale AWS,18.5422,73.7389,15-05-2024 03:20,2024-05-15 03:20:00,2024,5,15,3,136,952.42
Lavale AWS,18.5422,73.7389,15-05-2024 03:25,2024-05-15 03:25:00,2024,5,15,3,136,952.54
Lavale AWS,18.5422,73.7389,15-05-2024 03:30,2024-05-15 03:30:00,2024,5,15,3,136,952.47
Lavale AWS,18.5422,73.7389,15-05-2024 03:35,2024-05-15 03:35:00,2024,5,15,3,136,952.42
Lavale AWS,18.5422,73.7389,15-05-2024 03:40,2024-05-15 03:40:00,2024,5,15,3,136,952.5
Lavale AWS,18.5422,73.7389,15-05-2024 03:45,2024-05-15 03:45:00,2024,5,15,3,136,952.41
Lavale AWS,18.5422,73.7389,15-05-2024 03:50,2024-05-15 03:50:00,2024,5,15,3,136,952.52
Lavale AWS,18.5422,73.7389,15-05-2024 03:55,2024-05-15 03:55:00,2024,5,15,3,136,952.4
Lavale AWS,18.5422,73.7389,15-05-2024 04:00,2024-05-15 04:00:00,2024,5,15,4,136,952.55
Lavale AWS,18.5422,73.7389,15-05-2024 04:05,2024-05-15 04:05:00,2024,5,15,4,136,952.59
Lavale AWS,18.5422,73.7389,15-05-2024 04:10,2024-05-15 04:10:00,2024,5,15,4,136,952.65
Lavale AWS,18.5422,73.7389,15-05-2024 04:15,2024-05-15 04:15:00,2024,5,15,4,136,952.65
Lavale AWS,18.5422,73.7389,15-05-2024 04:20,2024-05-15 04:20:00,2024,5,15,4,136,952.56
Lavale AWS,18.5422,73.7389,15-05-2024 04:25,2024-05-15 04:25:00,2024,5,15,4,136,952.73
Lavale AWS,18.5422,73.7389,15-05-2024 04:30,2024-05-15 04:30:00,2024,5,15,4,136,952.89
Lavale AWS,18.5422,73.7389,15-05-2024 04:35,2024-05-15 04:35:00,2024,5,15,4,136,952.92
Lavale AWS,18.5422,73.7389,15-05-2024 04:40,2024-05-15 04:40:00,2024,5,15,4,136,953.03
Lavale AWS,18.5422,73.7389,15-05-2024 04:45,2024-05-15 04:45:00,2024,5,15,4,136,953.05
Lavale AWS,18.5422,73.7389,15-05-2024 04:50,2024-05-15 04:50:00,2024,5,15,4,136,953.13
Lavale AWS,18.5422,73.7389,15-05-2024 04:55,2024-05-15 04:55:00,2024,5,15,4,136,953.24
Lavale AWS,18.5422,73.7389,15-05-2024 05:00,2024-05-15 05:00:00,2024,5,15,5,136,953.33
Lavale AWS,18.5422,73.7389,15-05-2024 05:05,2024-05-15 05:05:00,2024,5,15,5,136,953.49
Lavale AWS,18.5422,73.7389,15-05-2024 05:10,2024-05-15 05:10:00,2024,5,15,5,136,953.57
Lavale AWS,18.5422,73.7389,15-05-2024 05:15,2024-05-15 05:15:00,2024,5,15,5,136,953.61
Lavale AWS,18.5422,73.7389,15-05-2024 05:20,2024-05-15 05:20:00,2024,5,15,5,136,953.58
Lavale AWS,18.5422,73.7389,15-05-2024 05:25,2024-05-15 05:25:00,2024,5,15,5,136,953.58
Lavale AWS,18.5422,73.7389,15-05-2024 05:30,2024-05-15 05:30:00,2024,5,15,5,136,953.68
Lavale AWS,18.5422,73.7389,15-05-2024 05:35,2024-05-15 05:35:00,2024,5,15,5,136,953.59
Lavale AWS,18.5422,73.7389,15-05-2024 05:40,2024-05-15 05:40:00,2024,5,15,5,136,953.71
Lavale AWS,18.5422,73.7389,15-05-2024 05:45,2024-05-15 05:45:00,2024,5,15,5,136,953.72
Lavale AWS,18.5422,73.7389,15-05-2024 05:50,2024-05-15 05:50:00,2024,5,15,5,136,953.68
Lavale AWS,18.5422,73.7389,15-05-2024 05:55,2024-05-15 05:55:00,2024,5,15,5,136,953.62
Lavale AWS,18.5422,73.7389,15-05-2024 06:00,2024-05-15 06:00:00,2024,5,15,6,136,953.71
Lavale AWS,18.5422,73.7389,15-05-2024 06:05,2024-05-15 06:05:00,2024,5,15,6,136,953.73
Lavale AWS,18.5422,73.7389,15-05-2024 06:10,2024-05-15 06:10:00,2024,5,15,6,136,953.88
Lavale AWS,18.5422,73.7389,15-05-2024 06:15,2024-05-15 06:15:00,2024,5,15,6,136,953.79
Lavale AWS,18.5422,73.7389,15-05-2024 06:20,2024-05-15 06:20:00,2024,5,15,6,136,953.76
Lavale AWS,18.5422,73.7389,15-05-2024 06:25,2024-05-15 06:25:00,2024,5,15,6,136,953.77
Lavale AWS,18.5422,73.7389,15-05-2024 06:30,2024-05-15 06:30:00,2024,5,15,6,136,953.72
Lavale AWS,18.5422,73.7389,15-05-2024 06:35,2024-05-15 06:35:00,2024,5,15,6,136,953.74
Lavale AWS,18.5422,73.7389,15-05-2024 06:40,2024-05-15 06:40:00,2024,5,15,6,136,953.77
Lavale AWS,18.5422,73.7389,15-05-2024 06:45,2024-05-15 06:45:00,2024,5,15,6,136,953.82
Lavale AWS,18.5422,73.7389,15-05-2024 06:50,2024-05-15 06:50:00,2024,5,15,6,136,953.94
Lavale AWS,18.5422,73.7389,15-05-2024 06:55,2024-05-15 06:55:00,2024,5,15,6,136,953.83
Lavale AWS,18.5422,73.7389,15-05-2024 07:00,2024-05-15 07:00:00,2024,5,15,7,136,953.85
Lavale AWS,18.5422,73.7389,15-05-2024 07:05,2024-05-15 07:05:00,2024,5,15,7,136,953.79
Lavale AWS,18.5422,73.7389,15-05-2024 07:10,2024-05-15 07:10:00,2024,5,15,7,136,953.82
Lavale AWS,18.5422,73.7389,15-05-2024 07:15,2024-05-15 07:15:00,2024,5,15,7,136,953.84
Lavale AWS,18.5422,73.7389,15-05-2024 07:20,2024-05-15 07:20:00,2024,5,15,7,136,953.74
Lavale AWS,18.5422,73.7389,15-05-2024 07:25,2024-05-15 07:25:00,2024,5,15,7,136,953.65
Lavale AWS,18.5422,73.7389,15-05-2024 07:30,2024-05-15 07:30:00,2024,5,15,7,136,953.67
Lavale AWS,18.5422,73.7389,15-05-2024 07:35,2024-05-15 07:35:00,2024,5,15,7,136,953.65
Lavale AWS,18.5422,73.7389,15-05-2024 07:40,2024-05-15 07:40:00,2024,5,15,7,136,953.61
Lavale AWS,18.5422,73.7389,15-05-2024 07:45,2024-05-15 07:45:00,2024,5,15,7,136,953.64
Lavale AWS,18.5422,73.7389,15-05-2024 07:50,2024-05-15 07:50:00,2024,5,15,7,136,953.66
Lavale AWS,18.5422,73.7389,15-05-2024 07:55,2024-05-15 07:55:00,2024,5,15,7,136,953.59
Lavale AWS,18.5422,73.7389,15-05-2024 08:00,2024-05-15 08:00:00,2024,5,15,8,136,953.48
Lavale AWS,18.5422,73.7389,15-05-2024 08:05,2024-05-15 08:05:00,2024,5,15,8,136,953.34
Lavale AWS,18.5422,73.7389,15-05-2024 08:10,2024-05-15 08:10:00,2024,5,15,8,136,953.31
Lavale AWS,18.5422,73.7389,15-05-2024 08:15,2024-05-15 08:15:00,2024,5,15,8,136,953.16
Lavale AWS,18.5422,73.7389,15-05-2024 08:20,2024-05-15 08:20:00,2024,5,15,8,136,953.13
Lavale AWS,18.5422,73.7389,15-05-2024 08:25,2024-05-15 08:25:00,2024,5,15,8,136,953.18
Lavale AWS,18.5422,73.7389,15-05-2024 08:30,2024-05-15 08:30:00,2024,5,15,8,136,953.11
Lavale AWS,18.5422,73.7389,15-05-2024 08:35,2024-05-15 08:35:00,2024,5,15,8,136,953.02
Lavale AWS,18.5422,73.7389,15-05-2024 08:40,2024-05-15 08:40:00,2024,5,15,8,136,953.13
Lavale AWS,18.5422,73.7389,15-05-2024 08:45,2024-05-15 08:45:00,2024,5,15,8,136,953.2
Lavale AWS,18.5422,73.7389,15-05-2024 08:50,2024-05-15 08:50:00,2024,5,15,8,136,953.07
Lavale AWS,18.5422,73.7389,15-05-2024 08:55,2024-05-15 08:55:00,2024,5,15,8,136,953.02
Lavale AWS,18.5422,73.7389,15-05-2024 09:00,2024-05-15 09:00:00,2024,5,15,9,136,952.98
Lavale AWS,18.5422,73.7389,15-05-2024 09:05,2024-05-15 09:05:00,2024,5,15,9,136,952.93
Lavale AWS,18.5422,73.7389,15-05-2024 09:10,2024-05-15 09:10:00,2024,5,15,9,136,953.01
Lavale AWS,18.5422,73.7389,15-05-2024 09:15,2024-05-15 09:15:00,2024,5,15,9,136,952.94
Lavale AWS,18.5422,73.7389,15-05-2024 09:20,2024-05-15 09:20:00,2024,5,15,9,136,952.89
Lavale AWS,18.5422,73.7389,15-05-2024 09:25,2024-05-15 09:25:00,2024,5,15,9,136,952.86
Lavale AWS,18.5422,73.7389,15-05-2024 09:30,2024-05-15 09:30:00,2024,5,15,9,136,952.88
Lavale AWS,18.5422,73.7389,15-05-2024 09:35,2024-05-15 09:35:00,2024,5,15,9,136,952.87
Lavale AWS,18.5422,73.7389,15-05-2024 09:40,2024-05-15 09:40:00,2024,5,15,9,136,952.82
Lavale AWS,18.5422,73.7389,15-05-2024 09:45,2024-05-15 09:45:00,2024,5,15,9,136,952.61
Lavale AWS,18.5422,73.7389,15-05-2024 09:50,2024-05-15 09:50:00,2024,5,15,9,136,952.49
Lavale AWS,18.5422,73.7389,15-05-2024 09:55,2024-05-15 09:55:00,2024,5,15,9,136,952.47
Lavale AWS,18.5422,73.7389,15-05-2024 10:00,2024-05-15 10:00:00,2024,5,15,10,136,952.41
Lavale AWS,18.5422,73.7389,15-05-2024 10:05,2024-05-15 10:05:00,2024,5,15,10,136,952.39
Lavale AWS,18.5422,73.7389,15-05-2024 10:10,2024-05-15 10:10:00,2024,5,15,10,136,952.45
Lavale AWS,18.5422,73.7389,15-05-2024 10:15,2024-05-15 10:15:00,2024,5,15,10,136,952.27
Lavale AWS,18.5422,73.7389,15-05-2024 10:20,2024-05-15 10:20:00,2024,5,15,10,136,952.27
Lavale AWS,18.5422,73.7389,15-05-2024 10:25,2024-05-15 10:25:00,2024,5,15,10,136,952.15
Lavale AWS,18.5422,73.7389,15-05-2024 10:30,2024-05-15 10:30:00,2024,5,15,10,136,952.14
Lavale AWS,18.5422,73.7389,15-05-2024 10:35,2024-05-15 10:35:00,2024,5,15,10,136,952.05
Lavale AWS,18.5422,73.7389,15-05-2024 10:40,2024-05-15 10:40:00,2024,5,15,10,136,952.13
Lavale AWS,18.5422,73.7389,15-05-2024 10:45,2024-05-15 10:45:00,2024,5,15,10,136,952.05
Lavale AWS,18.5422,73.7389,15-05-2024 10:50,2024-05-15 10:50:00,2024,5,15,10,136,951.91
Lavale AWS,18.5422,73.7389,15-05-2024 10:55,2024-05-15 10:55:00,2024,5,15,10,136,951.85
Lavale AWS,18.5422,73.7389,15-05-2024 11:00,2024-05-15 11:00:00,2024,5,15,11,136,951.79
Lavale AWS,18.5422,73.7389,15-05-2024 11:05,2024-05-15 11:05:00,2024,5,15,11,136,951.8
Lavale AWS,18.5422,73.7389,15-05-2024 11:10,2024-05-15 11:10:00,2024,5,15,11,136,951.75
Lavale AWS,18.5422,73.7389,15-05-2024 11:15,2024-05-15 11:15:00,2024,5,15,11,136,951.86
Lavale AWS,18.5422,73.7389,15-05-2024 11:20,2024-05-15 11:20:00,2024,5,15,11,136,951.76
Lavale AWS,18.5422,73.7389,15-05-2024 11:25,2024-05-15 11:25:00,2024,5,15,11,136,951.67
Lavale AWS,18.5422,73.7389,15-05-2024 11:30,2024-05-15 11:30:00,2024,5,15,11,136,951.54
Lavale AWS,18.5422,73.7389,15-05-2024 11:35,2024-05-15 11:35:00,2024,5,15,11,136,951.47
Lavale AWS,18.5422,73.7389,15-05-2024 11:40,2024-05-15 11:40:00,2024,5,15,11,136,951.41
Lavale AWS,18.5422,73.7389,15-05-2024 11:45,2024-05-15 11:45:00,2024,5,15,11,136,951.36
Lavale AWS,18.5422,73.7389,15-05-2024 11:50,2024-05-15 11:50:00,2024,5,15,11,136,951.29
Lavale AWS,18.5422,73.7389,15-05-2024 11:55,2024-05-15 11:55:00,2024,5,15,11,136,951.18
Lavale AWS,18.5422,73.7389,15-05-2024 12:00,2024-05-15 12:00:00,2024,5,15,12,136,951.04
Lavale AWS,18.5422,73.7389,15-05-2024 12:05,2024-05-15 12:05:00,2024,5,15,12,136,950.96
Lavale AWS,18.5422,73.7389,15-05-2024 12:10,2024-05-15 12:10:00,2024,5,15,12,136,951.0
Lavale AWS,18.5422,73.7389,15-05-2024 12:15,2024-05-15 12:15:00,2024,5,15,12,136,951.05
Lavale AWS,18.5422,73.7389,15-05-2024 12:20,2024-05-15 12:20:00,2024,5,15,12,136,950.99
Lavale AWS,18.5422,73.7389,15-05-2024 12:25,2024-05-15 12:25:00,2024,5,15,12,136,950.87
Lavale AWS,18.5422,73.7389,15-05-2024 12:30,2024-05-15 12:30:00,2024,5,15,12,136,950.82
Lavale AWS,18.5422,73.7389,15-05-2024 12:35,2024-05-15 12:35:00,2024,5,15,12,136,950.95
Lavale AWS,18.5422,73.7389,15-05-2024 12:40,2024-05-15 12:40:00,2024,5,15,12,136,950.98
Lavale AWS,18.5422,73.7389,15-05-2024 12:45,2024-05-15 12:45:00,2024,5,15,12,136,950.98
Lavale AWS,18.5422,73.7389,15-05-2024 12:50,2024-05-15 12:50:00,2024,5,15,12,136,951.02
Lavale AWS,18.5422,73.7389,15-05-2024 12:55,2024-05-15 12:55:00,2024,5,15,12,136,951.1
Lavale AWS,18.5422,73.7389,15-05-2024 13:00,2024-05-15 13:00:00,2024,5,15,13,136,950.97
Lavale AWS,18.5422,73.7389,15-05-2024 13:05,2024-05-15 13:05:00,2024,5,15,13,136,950.91
Lavale AWS,18.5422,73.7389,15-05-2024 13:10,2024-05-15 13:10:00,2024,5,15,13,136,950.84
Lavale AWS,18.5422,73.7389,15-05-2024 13:15,2024-05-15 13:15:00,2024,5,15,13,136,950.86
Lavale AWS,18.5422,73.7389,15-05-2024 13:20,2024-05-15 13:20:00,2024,5,15,13,136,950.85
Lavale AWS,18.5422,73.7389,15-05-2024 13:25,2024-05-15 13:25:00,2024,5,15,13,136,950.9
Lavale AWS,18.5422,73.7389,15-05-2024 13:30,2024-05-15 13:30:00,2024,5,15,13,136,950.84
Lavale AWS,18.5422,73.7389,15-05-2024 13:35,2024-05-15 13:35:00,2024,5,15,13,136,950.94
Lavale AWS,18.5422,73.7389,15-05-2024 13:40,2024-05-15 13:40:00,2024,5,15,13,136,950.92
Lavale AWS,18.5422,73.7389,15-05-2024 13:45,2024-05-15 13:45:00,2024,5,15,13,136,950.97
Lavale AWS,18.5422,73.7389,15-05-2024 13:50,2024-05-15 13:50:00,2024,5,15,13,136,951.06
Lavale AWS,18.5422,73.7389,15-05-2024 13:55,2024-05-15 13:55:00,2024,5,15,13,136,951.14
Lavale AWS,18.5422,73.7389,15-05-2024 14:00,2024-05-15 14:00:00,2024,5,15,14,136,951.16
Lavale AWS,18.5422,73.7389,15-05-2024 14:05,2024-05-15 14:05:00,2024,5,15,14,136,951.22
Lavale AWS,18.5422,73.7389,15-05-2024 14:10,2024-05-15 14:10:00,2024,5,15,14,136,951.36
Lavale AWS,18.5422,73.7389,15-05-2024 14:15,2024-05-15 14:15:00,2024,5,15,14,136,951.4
Lavale AWS,18.5422,73.7389,15-05-2024 14:20,2024-05-15 14:20:00,2024,5,15,14,136,951.33
Lavale AWS,18.5422,73.7389,15-05-2024 14:25,2024-05-15 14:25:00,2024,5,15,14,136,951.38
Lavale AWS,18.5422,73.7389,15-05-2024 14:30,2024-05-15 14:30:00,2024,5,15,14,136,951.38
Lavale AWS,18.5422,73.7389,15-05-2024 14:35,2024-05-15 14:35:00,2024,5,15,14,136,951.2
Lavale AWS,18.5422,73.7389,15-05-2024 14:40,2024-05-15 14:40:00,2024,5,15,14,136,951.26
Lavale AWS,18.5422,73.7389,15-05-2024 14:45,2024-05-15 14:45:00,2024,5,15,14,136,951.29
Lavale AWS,18.5422,73.7389,15-05-2024 14:50,2024-05-15 14:50:00,2024,5,15,14,136,951.4
Lavale AWS,18.5422,73.7389,15-05-2024 14:55,2024-05-15 14:55:00,2024,5,15,14,136,951.36
Lavale AWS,18.5422,73.7389,15-05-2024 15:00,2024-05-15 15:00:00,2024,5,15,15,136,951.26
Lavale AWS,18.5422,73.7389,15-05-2024 15:05,2024-05-15 15:05:00,2024,5,15,15,136,951.31
Lavale AWS,18.5422,73.7389,15-05-2024 15:10,2024-05-15 15:10:00,2024,5,15,15,136,951.37
Lavale AWS,18.5422,73.7389,15-05-2024 15:15,2024-05-15 15:15:00,2024,5,15,15,136,951.42
Lavale AWS,18.5422,73.7389,15-05-2024 15:20,2024-05-15 15:20:00,2024,5,15,15,136,951.45
Lavale AWS,18.5422,73.7389,15-05-2024 15:25,2024-05-15 15:25:00,2024,5,15,15,136,951.4
Lavale AWS,18.5422,73.7389,15-05-2024 15:30,2024-05-15 15:30:00,2024,5,15,15,136,951.44
Lavale AWS,18.5422,73.7389,15-05-2024 15:35,2024-05-15 15:35:00,2024,5,15,15,136,951.45
Lavale AWS,18.5422,73.7389,15-05-2024 15:40,2024-05-15 15:40:00,2024,5,15,15,136,951.58
Lavale AWS,18.5422,73.7389,15-05-2024 15:45,2024-05-15 15:45:00,2024,5,15,15,136,951.66
Lavale AWS,18.5422,73.7389,15-05-2024 15:50,2024-05-15 15:50:00,2024,5,15,15,136,951.68
Lavale AWS,18.5422,73.7389,15-05-2024 15:55,2024-05-15 15:55:00,2024,5,15,15,136,951.86
Lavale AWS,18.5422,73.7389,15-05-2024 16:00,2024-05-15 16:00:00,2024,5,15,16,136,951.88
Lavale AWS,18.5422,73.7389,15-05-2024 16:05,2024-05-15 16:05:00,2024,5,15,16,136,951.96
Lavale AWS,18.5422,73.7389,15-05-2024 16:10,2024-05-15 16:10:00,2024,5,15,16,136,951.99
Lavale AWS,18.5422,73.7389,15-05-2024 16:15,2024-05-15 16:15:00,2024,5,15,16,136,952.16
Lavale AWS,18.5422,73.7389,15-05-2024 16:20,2024-05-15 16:20:00,2024,5,15,16,136,952.2
Lavale AWS,18.5422,73.7389,15-05-2024 16:25,2024-05-15 16:25:00,2024,5,15,16,136,952.25
Lavale AWS,18.5422,73.7389,15-05-2024 16:30,2024-05-15 16:30:00,2024,5,15,16,136,952.27
Lavale AWS,18.5422,73.7389,15-05-2024 16:35,2024-05-15 16:35:00,2024,5,15,16,136,952.32
Lavale AWS,18.5422,73.7389,15-05-2024 16:40,2024-05-15 16:40:00,2024,5,15,16,136,952.45
Lavale AWS,18.5422,73.7389,15-05-2024 16:45,2024-05-15 16:45:00,2024,5,15,16,136,952.55
Lavale AWS,18.5422,73.7389,15-05-2024 16:50,2024-05-15 16:50:00,2024,5,15,16,136,952.58
Lavale AWS,18.5422,73.7389,15-05-2024 16:55,2024-05-15 16:55:00,2024,5,15,16,136,952.74
Lavale AWS,18.5422,73.7389,15-05-2024 17:00,2024-05-15 17:00:00,2024,5,15,17,136,952.84
Lavale AWS,18.5422,73.7389,15-05-2024 17:05,2024-05-15 17:05:00,2024,5,15,17,136,952.82
Lavale AWS,18.5422,73.7389,15-05-2024 17:10,2024-05-15 17:10:00,2024,5,15,17,136,952.73
Lavale AWS,18.5422,73.7389,15-05-2024 17:15,2024-05-15 17:15:00,2024,5,15,17,136,952.72
Lavale AWS,18.5422,73.7389,15-05-2024 17:20,2024-05-15 17:20:00,2024,5,15,17,136,952.77
Lavale AWS,18.5422,73.7389,15-05-2024 17:25,2024-05-15 17:25:00,2024,5,15,17,136,952.84
Lavale AWS,18.5422,73.7389,15-05-2024 17:30,2024-05-15 17:30:00,2024,5,15,17,136,952.97
Lavale AWS,18.5422,73.7389,15-05-2024 17:35,2024-05-15 17:35:00,2024,5,15,17,136,952.89
Lavale AWS,18.5422,73.7389,15-05-2024 17:40,2024-05-15 17:40:00,2024,5,15,17,136,952.87
Lavale AWS,18.5422,73.7389,15-05-2024 17:45,2024-05-15 17:45:00,2024,5,15,17,136,952.79
Lavale AWS,18.5422,73.7389,15-05-2024 17:50,2024-05-15 17:50:00,2024,5,15,17,136,952.7
Lavale AWS,18.5422,73.7389,15-05-2024 17:55,2024-05-15 17:55:00,2024,5,15,17,136,952.67
Lavale AWS,18.5422,73.7389,15-05-2024 18:00,2024-05-15 18:00:00,2024,5,15,18,136,952.72
Lavale AWS,18.5422,73.7389,15-05-2024 18:05,2024-05-15 18:05:00,2024,5,15,18,136,952.79
Lavale AWS,18.5422,73.7389,15-05-2024 18:10,2024-05-15 18:10:00,2024,5,15,18,136,952.73
Lavale AWS,18.5422,73.7389,15-05-2024 18:15,2024-05-15 18:15:00,2024,5,15,18,136,952.68
Lavale AWS,18.5422,73.7389,15-05-2024 18:20,2024-05-15 18:20:00,2024,5,15,18,136,952.54
Lavale AWS,18.5422,73.7389,15-05-2024 18:25,2024-05-15 18:25:00,2024,5,15,18,136,952.58
Lavale AWS,18.5422,73.7389,15-05-2024 18:30,2024-05-15 18:30:00,2024,5,15,18,136,952.53
Lavale AWS,18.5422,73.7389,15-05-2024 18:35,2024-05-15 18:35:00,2024,5,15,18,136,952.67
Lavale AWS,18.5422,73.7389,15-05-2024 18:40,2024-05-15 18:40:00,2024,5,15,18,136,952.71
Lavale AWS,18.5422,73.7389,15-05-2024 18:45,2024-05-15 18:45:00,2024,5,15,18,136,952.69
Lavale AWS,18.5422,73.7389,15-05-2024 18:50,2024-05-15 18:50:00,2024,5,15,18,136,952.64
Lavale AWS,18.5422,73.7389,15-05-2024 18:55,2024-05-15 18:55:00,2024,5,15,18,136,952.51
Lavale AWS,18.5422,73.7389,15-05-2024 19:00,2024-05-15 19:00:00,2024,5,15,19,136,952.4
Lavale AWS,18.5422,73.7389,15-05-2024 19:05,2024-05-15 19:05:00,2024,5,15,19,136,952.35
Lavale AWS,18.5422,73.7389,15-05-2024 19:10,2024-05-15 19:10:00,2024,5,15,19,136,952.29
Lavale AWS,18.5422,73.7389,15-05-2024 19:15,2024-05-15 19:15:00,2024,5,15,19,136,952.2
Lavale AWS,18.5422,73.7389,15-05-2024 19:20,2024-05-15 19:20:00,2024,5,15,19,136,952.23
Lavale AWS,18.5422,73.7389,15-05-2024 19:25,2024-05-15 19:25:00,2024,5,15,19,136,952.26
Lavale AWS,18.5422,73.7389,15-05-2024 19:30,2024-05-15 19:30:00,2024,5,15,19,136,952.21
Lavale AWS,18.5422,73.7389,15-05-2024 19:35,2024-05-15 19:35:00,2024,5,15,19,136,952.35
Lavale AWS,18.5422,73.7389,15-05-2024 19:40,2024-05-15 19:40:00,2024,5,15,19,136,952.18
Lavale AWS,18.5422,73.7389,15-05-2024 19:45,2024-05-15 19:45:00,2024,5,15,19,136,952.17
Lavale AWS,18.5422,73.7389,15-05-2024 19:50,2024-05-15 19:50:00,2024,5,15,19,136,952.12
Lavale AWS,18.5422,73.7389,15-05-2024 19:55,2024-05-15 19:55:00,2024,5,15,19,136,952.05
Lavale AWS,18.5422,73.7389,15-05-2024 20:00,2024-05-15 20:00:00,2024,5,15,20,136,951.96
Lavale AWS,18.5422,73.7389,15-05-2024 20:05,2024-05-15 20:05:00,2024,5,15,20,136,951.93
Lavale AWS,18.5422,73.7389,15-05-2024 20:10,2024-05-15 20:10:00,2024,5,15,20,136,951.88
Lavale AWS,18.5422,73.7389,15-05-2024 20:15,2024-05-15 20:15:00,2024,5,15,20,136,951.81
Lavale AWS,18.5422,73.7389,15-05-2024 20:20,2024-05-15 20:20:00,2024,5,15,20,136,951.67
Lavale AWS,18.5422,73.7389,15-05-2024 20:25,2024-05-15 20:25:00,2024,5,15,20,136,951.51
Lavale AWS,18.5422,73.7389,15-05-2024 20:30,2024-05-15 20:30:00,2024,5,15,20,136,951.45
Lavale AWS,18.5422,73.7389,15-05-2024 20:35,2024-05-15 20:35:00,2024,5,15,20,136,951.38
Lavale AWS,18.5422,73.7389,15-05-2024 20:40,2024-05-15 20:40:00,2024,5,15,20,136,951.33
Lavale AWS,18.5422,73.7389,15-05-2024 20:45,2024-05-15 20:45:00,2024,5,15,20,136,951.28
Lavale AWS,18.5422,73.7389,15-05-2024 20:50,2024-05-15 20:50:00,2024,5,15,20,136,951.2
Lavale AWS,18.5422,73.7389,15-05-2024 20:55,2024-05-15 20:55:00,2024,5,15,20,136,951.14
Lavale AWS,18.5422,73.7389,15-05-2024 21:00,2024-05-15 21:00:00,2024,5,15,21,136,951.03
Lavale AWS,18.5422,73.7389,15-05-2024 21:05,2024-05-15 21:05:00,2024,5,15,21,136,951.11
Lavale AWS,18.5422,73.7389,15-05-2024 21:10,2024-05-15 21:10:00,2024,5,15,21,136,950.99
Lavale AWS,18.5422,73.7389,15-05-2024 21:15,2024-05-15 21:15:00,2024,5,15,21,136,950.91
Lavale AWS,18.5422,73.7389,15-05-2024 21:20,2024-05-15 21:20:00,2024,5,15,21,136,950.8
Lavale AWS,18.5422,73.7389,15-05-2024 21:25,2024-05-15 21:25:00,2024,5,15,21,136,950.69
Lavale AWS,18.5422,73.7389,15-05-2024 21:30,2024-05-15 21:30:00,2024,5,15,21,136,950.65
Lavale AWS,18.5422,73.7389,15-05-2024 21:35,2024-05-15 21:35:00,2024,5,15,21,136,950.59
Lavale AWS,18.5422,73.7389,15-05-2024 21:40,2024-05-15 21:40:00,2024,5,15,21,136,950.5
Lavale AWS,18.5422,73.7389,15-05-2024 21:45,2024-05-15 21:45:00,2024,5,15,21,136,950.42
Lavale AWS,18.5422,73.7389,15-05-2024 21:50,2024-05-15 21:50:00,2024,5,15,21,136,950.31
Lavale AWS,18.5422,73.7389,15-05-2024 21:55,2024-05-15 21:55:00,2024,5,15,21,136,950.29
Lavale AWS,18.5422,73.7389,15-05-2024 22:00,2024-05-15 22:00:00,2024,5,15,22,136,950.4
Lavale AWS,18.5422,73.7389,15-05-2024 22:05,2024-05-15 22:05:00,2024,5,15,22,136,950.27
Lavale AWS,18.5422,73.7389,15-05-2024 22:10,2024-05-15 22:10:00,2024,5,15,22,136,950.24
Lavale AWS,18.5422,73.7389,15-05-2024 22:15,2024-05-15 22:15:00,2024,5,15,22,136,950.18
Lavale AWS,18.5422,73.7389,15-05-2024 22:20,2024-05-15 22:20:00,2024,5,15,22,136,950.18
Lavale AWS,18.5422,73.7389,15-05-2024 22:25,2024-05-15 22:25:00,2024,5,15,22,136,950.17
Lavale AWS,18.5422,73.7389,15-05-2024 22:30,2024-05-15 22:30:00,2024,5,15,22,136,950.12
Lavale AWS,18.5422,73.7389,15-05-2024 22:35,2024-05-15 22:35:00,2024,5,15,22,136,950.05
Lavale AWS,18.5422,73.7389,15-05-2024 22:40,2024-05-15 22:40:00,2024,5,15,22,136,949.95
Lavale AWS,18.5422,73.7389,15-05-2024 22:45,2024-05-15 22:45:00,2024,5,15,22,136,949.82
Lavale AWS,18.5422,73.7389,15-05-2024 22:50,2024-05-15 22:50:00,2024,5,15,22,136,949.76
Lavale AWS,18.5422,73.7389,15-05-2024 22:55,2024-05-15 22:55:00,2024,5,15,22,136,949.59
Lavale AWS,18.5422,73.7389,15-05-2024 23:00,2024-05-15 23:00:00,2024,5,15,23,136,949.49
Lavale AWS,18.5422,73.7389,15-05-2024 23:05,2024-05-15 23:05:00,2024,5,15,23,136,949.53
Lavale AWS,18.5422,73.7389,15-05-2024 23:10,2024-05-15 23:10:00,2024,5,15,23,136,949.48
Lavale AWS,18.5422,73.7389,15-05-2024 23:15,2024-05-15 23:15:00,2024,5,15,23,136,949.5
Lavale AWS,18.5422,73.7389,15-05-2024 23:20,2024-05-15 23:20:00,2024,5,15,23,136,949.57
Lavale AWS,18.5422,73.7389,15-05-2024 23:25,2024-05-15 23:25:00,2024,5,15,23,136,949.49
Lavale AWS,18.5422,73.7389,15-05-2024 23:30,2024-05-15 23:30:00,2024,5,15,23,136,949.45
Lavale AWS,18.5422,73.7389,15-05-2024 23:35,2024-05-15 23:35:00,2024,5,15,23,136,949.38
Lavale AWS,18.5422,73.7389,15-05-2024 23:40,2024-05-15 23:40:00,2024,5,15,23,136,949.26
Lavale AWS,18.5422,73.7389,15-05-2024 23:45,2024-05-15 23:45:00,2024,5,15,23,136,949.14
Lavale AWS,18.5422,73.7389,15-05-2024 23:50,2024-05-15 23:50:00,2024,5,15,23,136,949.16
Lavale AWS,18.5422,73.7389,15-05-2024 23:55,2024-05-15 23:55:00,2024,5,15,23,136,949.14
Lavale AWS,18.5422,73.7389,16-05-2024 00:00,2024-05-16 00:00:00,2024,5,16,0,137,949.25
Lavale AWS,18.5422,73.7389,16-05-2024 00:05,2024-05-16 00:05:00,2024,5,16,0,137,949.28
Lavale AWS,18.5422,73.7389,16-05-2024 00:10,2024-05-16 00:10:00,2024,5,16,0,137,949.18
Lavale AWS,18.5422,73.7389,16-05-2024 00:15,2024-05-16 00:15:00,2024,5,16,0,137,949.2
Lavale AWS,18.5422,73.7389,16-05-2024 00:20,2024-05-16 00:20:00,2024,5,16,0,137,949.14
Lavale AWS,18.5422,73.7389,16-05-2024 00:25,2024-05-16 00:25:00,2024,5,16,0,137,949.2
Lavale AWS,18.5422,73.7389,16-05-2024 00:30,2024-05-16 00:30:00,2024,5,16,0,137,949.13
Lavale AWS,18.5422,73.7389,16-05-2024 00:35,2024-05-16 00:35:00,2024,5,16,0,137,949.01
Lavale AWS,18.5422,73.7389,16-05-2024 00:40,2024-05-16 00:40:00,2024,5,16,0,137,948.92
Lavale AWS,18.5422,73.7389,16-05-2024 00:45,2024-05-16 00:45:00,2024,5,16,0,137,948.84
Lavale AWS,18.5422,73.7389,16-05-2024 00:50,2024-05-16 00:50:00,2024,5,16,0,137,948.76
Lavale AWS,18.5422,73.7389,16-05-2024 00:55,2024-05-16 00:55:00,2024,5,16,0,137,948.7
Lavale AWS,18.5422,73.7389,16-05-2024 01:00,2024-05-16 01:00:00,2024,5,16,1,137,948.77
Lavale AWS,18.5422,73.7389,16-05-2024 01:05,2024-05-16 01:05:00,2024,5,16,1,137,948.9
Lavale AWS,18.5422,73.7389,16-05-2024 01:10,2024-05-16 01:10:00,2024,5,16,1,137,948.79
Lavale AWS,18.5422,73.7389,16-05-2024 01:15,2024-05-16 01:15:00,2024,5,16,1,137,948.89
Lavale AWS,18.5422,73.7389,16-05-2024 01:20,2024-05-16 01:20:00,2024,5,16,1,137,948.85
Lavale AWS,18.5422,73.7389,16-05-2024 01:25,2024-05-16 01:25:00,2024,5,16,1,137,948.88
Lavale AWS,18.5422,73.7389,16-05-2024 01:30,2024-05-16 01:30:00,2024,5,16,1,137,948.75
Lavale AWS,18.5422,73.7389,16-05-2024 01:35,2024-05-16 01:35:00,2024,5,16,1,137,948.8
Lavale AWS,18.5422,73.7389,16-05-2024 01:40,2024-05-16 01:40:00,2024,5,16,1,137,948.66
Lavale AWS,18.5422,73.7389,16-05-2024 01:45,2024-05-16 01:45:00,2024,5,16,1,137,948.7
Lavale AWS,18.5422,73.7389,16-05-2024 01:50,2024-05-16 01:50:00,2024,5,16,1,137,948.75
Lavale AWS,18.5422,73.7389,16-05-2024 01:55,2024-05-16 01:55:00,2024,5,16,1,137,948.79
Lavale AWS,18.5422,73.7389,16-05-2024 02:00,2024-05-16 02:00:00,2024,5,16,2,137,948.75
Lavale AWS,18.5422,73.7389,16-05-2024 02:05,2024-05-16 02:05:00,2024,5,16,2,137,948.83
Lavale AWS,18.5422,73.7389,16-05-2024 02:10,2024-05-16 02:10:00,2024,5,16,2,137,948.89
Lavale AWS,18.5422,73.7389,16-05-2024 02:15,2024-05-16 02:15:00,2024,5,16,2,137,948.9
Lavale AWS,18.5422,73.7389,16-05-2024 02:20,2024-05-16 02:20:00,2024,5,16,2,137,948.99
Lavale AWS,18.5422,73.7389,16-05-2024 02:25,2024-05-16 02:25:00,2024,5,16,2,137,949.02
Lavale AWS,18.5422,73.7389,16-05-2024 02:30,2024-05-16 02:30:00,2024,5,16,2,137,949.1
Lavale AWS,18.5422,73.7389,16-05-2024 02:35,2024-05-16 02:35:00,2024,5,16,2,137,949.13
Lavale AWS,18.5422,73.7389,16-05-2024 02:40,2024-05-16 02:40:00,2024,5,16,2,137,949.18
Lavale AWS,18.5422,73.7389,16-05-2024 02:45,2024-05-16 02:45:00,2024,5,16,2,137,949.27
Lavale AWS,18.5422,73.7389,16-05-2024 02:50,2024-05-16 02:50:00,2024,5,16,2,137,949.28
Lavale AWS,18.5422,73.7389,16-05-2024 02:55,2024-05-16 02:55:00,2024,5,16,2,137,949.22
Lavale AWS,18.5422,73.7389,16-05-2024 03:00,2024-05-16 03:00:00,2024,5,16,3,137,949.29
Lavale AWS,18.5422,73.7389,16-05-2024 03:05,2024-05-16 03:05:00,2024,5,16,3,137,949.44
Lavale AWS,18.5422,73.7389,16-05-2024 03:10,2024-05-16 03:10:00,2024,5,16,3,137,949.51
Lavale AWS,18.5422,73.7389,16-05-2024 03:15,2024-05-16 03:15:00,2024,5,16,3,137,949.58
Lavale AWS,18.5422,73.7389,16-05-2024 03:20,2024-05-16 03:20:00,2024,5,16,3,137,949.62
Lavale AWS,18.5422,73.7389,16-05-2024 03:25,2024-05-16 03:25:00,2024,5,16,3,137,949.73
Lavale AWS,18.5422,73.7389,16-05-2024 03:30,2024-05-16 03:30:00,2024,5,16,3,137,949.76
Lavale AWS,18.5422,73.7389,16-05-2024 03:35,2024-05-16 03:35:00,2024,5,16,3,137,949.78
Lavale AWS,18.5422,73.7389,16-05-2024 03:40,2024-05-16 03:40:00,2024,5,16,3,137,949.92
Lavale AWS,18.5422,73.7389,16-05-2024 03:45,2024-05-16 03:45:00,2024,5,16,3,137,949.92
Lavale AWS,18.5422,73.7389,16-05-2024 03:50,2024-05-16 03:50:00,2024,5,16,3,137,950.04
Lavale AWS,18.5422,73.7389,16-05-2024 03:55,2024-05-16 03:55:00,2024,5,16,3,137,950.18
Lavale AWS,18.5422,73.7389,16-05-2024 04:00,2024-05-16 04:00:00,2024,5,16,4,137,950.27
Lavale AWS,18.5422,73.7389,16-05-2024 04:05,2024-05-16 04:05:00,2024,5,16,4,137,950.21
Lavale AWS,18.5422,73.7389,16-05-2024 04:10,2024-05-16 04:10:00,2024,5,16,4,137,950.26
Lavale AWS,18.5422,73.7389,16-05-2024 04:15,2024-05-16 04:15:00,2024,5,16,4,137,950.29
Lavale AWS,18.5422,73.7389,16-05-2024 04:20,2024-05-16 04:20:00,2024,5,16,4,137,950.3
Lavale AWS,18.5422,73.7389,16-05-2024 04:25,2024-05-16 04:25:00,2024,5,16,4,137,950.36
Lavale AWS,18.5422,73.7389,16-05-2024 04:30,2024-05-16 04:30:00,2024,5,16,4,137,950.47
Lavale AWS,18.5422,73.7389,16-05-2024 04:35,2024-05-16 04:35:00,2024,5,16,4,137,950.48
Lavale AWS,18.5422,73.7389,16-05-2024 04:40,2024-05-16 04:40:00,2024,5,16,4,137,950.52
Lavale AWS,18.5422,73.7389,16-05-2024 04:45,2024-05-16 04:45:00,2024,5,16,4,137,950.54
Lavale AWS,18.5422,73.7389,16-05-2024 04:50,2024-05-16 04:50:00,2024,5,16,4,137,950.68
Lavale AWS,18.5422,73.7389,16-05-2024 04:55,2024-05-16 04:55:00,2024,5,16,4,137,950.7
Lavale AWS,18.5422,73.7389,16-05-2024 05:00,2024-05-16 05:00:00,2024,5,16,5,137,950.65
Lavale AWS,18.5422,73.7389,16-05-2024 05:05,2024-05-16 05:05:00,2024,5,16,5,137,950.56
Lavale AWS,18.5422,73.7389,16-05-2024 05:10,2024-05-16 05:10:00,2024,5,16,5,137,950.64
Lavale AWS,18.5422,73.7389,16-05-2024 05:15,2024-05-16 05:15:00,2024,5,16,5,137,950.63
Lavale AWS,18.5422,73.7389,16-05-2024 05:20,2024-05-16 05:20:00,2024,5,16,5,137,950.72
Lavale AWS,18.5422,73.7389,16-05-2024 05:25,2024-05-16 05:25:00,2024,5,16,5,137,950.66
Lavale AWS,18.5422,73.7389,16-05-2024 05:30,2024-05-16 05:30:00,2024,5,16,5,137,950.66
Lavale AWS,18.5422,73.7389,16-05-2024 05:35,2024-05-16 05:35:00,2024,5,16,5,137,950.6
Lavale AWS,18.5422,73.7389,16-05-2024 05:40,2024-05-16 05:40:00,2024,5,16,5,137,950.68
Lavale AWS,18.5422,73.7389,16-05-2024 05:45,2024-05-16 05:45:00,2024,5,16,5,137,950.77
Lavale AWS,18.5422,73.7389,16-05-2024 05:50,2024-05-16 05:50:00,2024,5,16,5,137,950.83
Lavale AWS,18.5422,73.7389,16-05-2024 05:55,2024-05-16 05:55:00,2024,5,16,5,137,950.78
Lavale AWS,18.5422,73.7389,16-05-2024 06:00,2024-05-16 06:00:00,2024,5,16,6,137,950.75
Lavale AWS,18.5422,73.7389,16-05-2024 06:05,2024-05-16 06:05:00,2024,5,16,6,137,950.8
Lavale AWS,18.5422,73.7389,16-05-2024 06:10,2024-05-16 06:10:00,2024,5,16,6,137,950.7
Lavale AWS,18.5422,73.7389,16-05-2024 06:15,2024-05-16 06:15:00,2024,5,16,6,137,950.71
Lavale AWS,18.5422,73.7389,16-05-2024 06:20,2024-05-16 06:20:00,2024,5,16,6,137,950.86
Lavale AWS,18.5422,73.7389,16-05-2024 06:25,2024-05-16 06:25:00,2024,5,16,6,137,950.86
Lavale AWS,18.5422,73.7389,16-05-2024 06:30,2024-05-16 06:30:00,2024,5,16,6,137,950.76
Lavale AWS,18.5422,73.7389,16-05-2024 06:35,2024-05-16 06:35:00,2024,5,16,6,137,950.74
Lavale AWS,18.5422,73.7389,16-05-2024 06:40,2024-05-16 06:40:00,2024,5,16,6,137,950.7
Lavale AWS,18.5422,73.7389,16-05-2024 06:45,2024-05-16 06:45:00,2024,5,16,6,137,950.89
Lavale AWS,18.5422,73.7389,16-05-2024 06:50,2024-05-16 06:50:00,2024,5,16,6,137,951.03
Lavale AWS,18.5422,73.7389,16-05-2024 06:55,2024-05-16 06:55:00,2024,5,16,6,137,951.09
Lavale AWS,18.5422,73.7389,16-05-2024 07:00,2024-05-16 07:00:00,2024,5,16,7,137,951.05
Lavale AWS,18.5422,73.7389,16-05-2024 07:05,2024-05-16 07:05:00,2024,5,16,7,137,951.14
Lavale AWS,18.5422,73.7389,16-05-2024 07:10,2024-05-16 07:10:00,2024,5,16,7,137,951.04
Lavale AWS,18.5422,73.7389,16-05-2024 07:15,2024-05-16 07:15:00,2024,5,16,7,137,951.11
Lavale AWS,18.5422,73.7389,16-05-2024 07:20,2024-05-16 07:20:00,2024,5,16,7,137,951.16
Lavale AWS,18.5422,73.7389,16-05-2024 07:25,2024-05-16 07:25:00,2024,5,16,7,137,951.12
Lavale AWS,18.5422,73.7389,16-05-2024 07:30,2024-05-16 07:30:00,2024,5,16,7,137,951.18
Lavale AWS,18.5422,73.7389,16-05-2024 07:35,2024-05-16 07:35:00,2024,5,16,7,137,951.11
Lavale AWS,18.5422,73.7389,16-05-2024 07:40,2024-05-16 07:40:00,2024,5,16,7,137,950.98
Lavale AWS,18.5422,73.7389,16-05-2024 07:45,2024-05-16 07:45:00,2024,5,16,7,137,951.02
Lavale AWS,18.5422,73.7389,16-05-2024 07:50,2024-05-16 07:50:00,2024,5,16,7,137,950.97
Lavale AWS,18.5422,73.7389,16-05-2024 07:55,2024-05-16 07:55:00,2024,5,16,7,137,950.98
Lavale AWS,18.5422,73.7389,16-05-2024 08:00,2024-05-16 08:00:00,2024,5,16,8,137,951.08
Lavale AWS,18.5422,73.7389,16-05-2024 08:05,2024-05-16 08:05:00,2024,5,16,8,137,950.97
Lavale AWS,18.5422,73.7389,16-05-2024 08:10,2024-05-16 08:10:00,2024,5,16,8,137,950.9
Lavale AWS,18.5422,73.7389,16-05-2024 08:15,2024-05-16 08:15:00,2024,5,16,8,137,950.97
Lavale AWS,18.5422,73.7389,16-05-2024 08:20,2024-05-16 08:20:00,2024,5,16,8,137,950.96
Lavale AWS,18.5422,73.7389,16-05-2024 08:25,2024-05-16 08:25:00,2024,5,16,8,137,950.84
Lavale AWS,18.5422,73.7389,16-05-2024 08:30,2024-05-16 08:30:00,2024,5,16,8,137,950.7
Lavale AWS,18.5422,73.7389,16-05-2024 08:35,2024-05-16 08:35:00,2024,5,16,8,137,950.59
Lavale AWS,18.5422,73.7389,16-05-2024 08:40,2024-05-16 08:40:00,2024,5,16,8,137,950.47
Lavale AWS,18.5422,73.7389,16-05-2024 08:45,2024-05-16 08:45:00,2024,5,16,8,137,950.42
Lavale AWS,18.5422,73.7389,16-05-2024 08:50,2024-05-16 08:50:00,2024,5,16,8,137,950.36
Lavale AWS,18.5422,73.7389,16-05-2024 08:55,2024-05-16 08:55:00,2024,5,16,8,137,950.32
Lavale AWS,18.5422,73.7389,16-05-2024 09:00,2024-05-16 09:00:00,2024,5,16,9,137,950.18
Lavale AWS,18.5422,73.7389,16-05-2024 09:05,2024-05-16 09:05:00,2024,5,16,9,137,950.11
Lavale AWS,18.5422,73.7389,16-05-2024 09:10,2024-05-16 09:10:00,2024,5,16,9,137,949.87
Lavale AWS,18.5422,73.7389,16-05-2024 09:15,2024-05-16 09:15:00,2024,5,16,9,137,949.82
Lavale AWS,18.5422,73.7389,16-05-2024 09:20,2024-05-16 09:20:00,2024,5,16,9,137,949.85
Lavale AWS,18.5422,73.7389,16-05-2024 09:25,2024-05-16 09:25:00,2024,5,16,9,137,949.67
Lavale AWS,18.5422,73.7389,16-05-2024 09:30,2024-05-16 09:30:00,2024,5,16,9,137,949.64
Lavale AWS,18.5422,73.7389,16-05-2024 09:35,2024-05-16 09:35:00,2024,5,16,9,137,949.52
Lavale AWS,18.5422,73.7389,16-05-2024 09:40,2024-05-16 09:40:00,2024,5,16,9,137,949.52
Lavale AWS,18.5422,73.7389,16-05-2024 09:45,2024-05-16 09:45:00,2024,5,16,9,137,949.46
Lavale AWS,18.5422,73.7389,16-05-2024 09:50,2024-05-16 09:50:00,2024,5,16,9,137,949.42
Lavale AWS,18.5422,73.7389,16-05-2024 09:55,2024-05-16 09:55:00,2024,5,16,9,137,949.35
Lavale AWS,18.5422,73.7389,16-05-2024 10:00,2024-05-16 10:00:00,2024,5,16,10,137,949.38
Lavale AWS,18.5422,73.7389,16-05-2024 10:05,2024-05-16 10:05:00,2024,5,16,10,137,949.33
Lavale AWS,18.5422,73.7389,16-05-2024 10:10,2024-05-16 10:10:00,2024,5,16,10,137,949.2
Lavale AWS,18.5422,73.7389,16-05-2024 10:15,2024-05-16 10:15:00,2024,5,16,10,137,949.13
Lavale AWS,18.5422,73.7389,16-05-2024 10:20,2024-05-16 10:20:00,2024,5,16,10,137,949.02
Lavale AWS,18.5422,73.7389,16-05-2024 10:25,2024-05-16 10:25:00,2024,5,16,10,137,948.96
Lavale AWS,18.5422,73.7389,16-05-2024 10:30,2024-05-16 10:30:00,2024,5,16,10,137,948.85
Lavale AWS,18.5422,73.7389,16-05-2024 10:35,2024-05-16 10:35:00,2024,5,16,10,137,948.73
Lavale AWS,18.5422,73.7389,16-05-2024 10:40,2024-05-16 10:40:00,2024,5,16,10,137,948.68
Lavale AWS,18.5422,73.7389,16-05-2024 10:45,2024-05-16 10:45:00,2024,5,16,10,137,948.61
Lavale AWS,18.5422,73.7389,16-05-2024 10:50,2024-05-16 10:50:00,2024,5,16,10,137,948.63
Lavale AWS,18.5422,73.7389,16-05-2024 10:55,2024-05-16 10:55:00,2024,5,16,10,137,948.53
Lavale AWS,18.5422,73.7389,16-05-2024 11:00,2024-05-16 11:00:00,2024,5,16,11,137,948.3
Lavale AWS,18.5422,73.7389,16-05-2024 11:05,2024-05-16 11:05:00,2024,5,16,11,137,948.21
Lavale AWS,18.5422,73.7389,16-05-2024 11:10,2024-05-16 11:10:00,2024,5,16,11,137,948.03
Lavale AWS,18.5422,73.7389,16-05-2024 11:15,2024-05-16 11:15:00,2024,5,16,11,137,948.01
Lavale AWS,18.5422,73.7389,16-05-2024 11:20,2024-05-16 11:20:00,2024,5,16,11,137,947.83
Lavale AWS,18.5422,73.7389,16-05-2024 11:25,2024-05-16 11:25:00,2024,5,16,11,137,947.71
Lavale AWS,18.5422,73.7389,16-05-2024 11:30,2024-05-16 11:30:00,2024,5,16,11,137,947.64
Lavale AWS,18.5422,73.7389,16-05-2024 11:35,2024-05-16 11:35:00,2024,5,16,11,137,947.73
Lavale AWS,18.5422,73.7389,16-05-2024 11:40,2024-05-16 11:40:00,2024,5,16,11,137,947.6
Lavale AWS,18.5422,73.7389,16-05-2024 11:45,2024-05-16 11:45:00,2024,5,16,11,137,947.57
Lavale AWS,18.5422,73.7389,16-05-2024 11:50,2024-05-16 11:50:00,2024,5,16,11,137,947.58
Lavale AWS,18.5422,73.7389,16-05-2024 11:55,2024-05-16 11:55:00,2024,5,16,11,137,947.67
Lavale AWS,18.5422,73.7389,16-05-2024 12:00,2024-05-16 12:00:00,2024,5,16,12,137,947.69
Lavale AWS,18.5422,73.7389,16-05-2024 12:05,2024-05-16 12:05:00,2024,5,16,12,137,947.75
Lavale AWS,18.5422,73.7389,16-05-2024 12:10,2024-05-16 12:10:00,2024,5,16,12,137,947.78
Lavale AWS,18.5422,73.7389,16-05-2024 12:15,2024-05-16 12:15:00,2024,5,16,12,137,947.65
Lavale AWS,18.5422,73.7389,16-05-2024 12:20,2024-05-16 12:20:00,2024,5,16,12,137,947.64
Lavale AWS,18.5422,73.7389,16-05-2024 12:25,2024-05-16 12:25:00,2024,5,16,12,137,947.68
Lavale AWS,18.5422,73.7389,16-05-2024 12:30,2024-05-16 12:30:00,2024,5,16,12,137,947.58
Lavale AWS,18.5422,73.7389,16-05-2024 12:35,2024-05-16 12:35:00,2024,5,16,12,137,947.51
Lavale AWS,18.5422,73.7389,16-05-2024 12:40,2024-05-16 12:40:00,2024,5,16,12,137,947.43
Lavale AWS,18.5422,73.7389,16-05-2024 12:45,2024-05-16 12:45:00,2024,5,16,12,137,947.48
Lavale AWS,18.5422,73.7389,16-05-2024 12:50,2024-05-16 12:50:00,2024,5,16,12,137,947.46
Lavale AWS,18.5422,73.7389,16-05-2024 12:55,2024-05-16 12:55:00,2024,5,16,12,137,947.42
Lavale AWS,18.5422,73.7389,16-05-2024 13:00,2024-05-16 13:00:00,2024,5,16,13,137,947.32
Lavale AWS,18.5422,73.7389,16-05-2024 13:05,2024-05-16 13:05:00,2024,5,16,13,137,947.31
Lavale AWS,18.5422,73.7389,16-05-2024 13:10,2024-05-16 13:10:00,2024,5,16,13,137,947.27
Lavale AWS,18.5422,73.7389,16-05-2024 13:15,2024-05-16 13:15:00,2024,5,16,13,137,947.3
Lavale AWS,18.5422,73.7389,16-05-2024 13:20,2024-05-16 13:20:00,2024,5,16,13,137,947.22
Lavale AWS,18.5422,73.7389,16-05-2024 13:25,2024-05-16 13:25:00,2024,5,16,13,137,947.25
Lavale AWS,18.5422,73.7389,16-05-2024 13:30,2024-05-16 13:30:00,2024,5,16,13,137,947.23
Lavale AWS,18.5422,73.7389,16-05-2024 13:35,2024-05-16 13:35:00,2024,5,16,13,137,947.16
Lavale AWS,18.5422,73.7389,16-05-2024 13:40,2024-05-16 13:40:00,2024,5,16,13,137,947.08
Lavale AWS,18.5422,73.7389,16-05-2024 13:45,2024-05-16 13:45:00,2024,5,16,13,137,947.02
Lavale AWS,18.5422,73.7389,16-05-2024 13:50,2024-05-16 13:50:00,2024,5,16,13,137,947.04
Lavale AWS,18.5422,73.7389,16-05-2024 13:55,2024-05-16 13:55:00,2024,5,16,13,137,947.1
Lavale AWS,18.5422,73.7389,16-05-2024 14:00,2024-05-16 14:00:00,2024,5,16,14,137,947.16
Lavale AWS,18.5422,73.7389,16-05-2024 14:05,2024-05-16 14:05:00,2024,5,16,14,137,947.23
Lavale AWS,18.5422,73.7389,16-05-2024 14:10,2024-05-16 14:10:00,2024,5,16,14,137,947.22
Lavale AWS,18.5422,73.7389,16-05-2024 14:15,2024-05-16 14:15:00,2024,5,16,14,137,947.35
Lavale AWS,18.5422,73.7389,16-05-2024 14:20,2024-05-16 14:20:00,2024,5,16,14,137,947.37
Lavale AWS,18.5422,73.7389,16-05-2024 14:25,2024-05-16 14:25:00,2024,5,16,14,137,947.45
Lavale AWS,18.5422,73.7389,16-05-2024 14:30,2024-05-16 14:30:00,2024,5,16,14,137,947.49
Lavale AWS,18.5422,73.7389,16-05-2024 14:35,2024-05-16 14:35:00,2024,5,16,14,137,947.58
Lavale AWS,18.5422,73.7389,16-05-2024 14:40,2024-05-16 14:40:00,2024,5,16,14,137,947.61
Lavale AWS,18.5422,73.7389,16-05-2024 14:45,2024-05-16 14:45:00,2024,5,16,14,137,947.7
Lavale AWS,18.5422,73.7389,16-05-2024 14:50,2024-05-16 14:50:00,2024,5,16,14,137,947.76
Lavale AWS,18.5422,73.7389,16-05-2024 14:55,2024-05-16 14:55:00,2024,5,16,14,137,947.88
Lavale AWS,18.5422,73.7389,16-05-2024 15:00,2024-05-16 15:00:00,2024,5,16,15,137,947.87
Lavale AWS,18.5422,73.7389,16-05-2024 15:05,2024-05-16 15:05:00,2024,5,16,15,137,947.79
Lavale AWS,18.5422,73.7389,16-05-2024 15:10,2024-05-16 15:10:00,2024,5,16,15,137,947.78
Lavale AWS,18.5422,73.7389,16-05-2024 15:15,2024-05-16 15:15:00,2024,5,16,15,137,947.93
Lavale AWS,18.5422,73.7389,16-05-2024 15:20,2024-05-16 15:20:00,2024,5,16,15,137,947.99
Lavale AWS,18.5422,73.7389,16-05-2024 15:25,2024-05-16 15:25:00,2024,5,16,15,137,948.06
Lavale AWS,18.5422,73.7389,16-05-2024 15:30,2024-05-16 15:30:00,2024,5,16,15,137,948.05
Lavale AWS,18.5422,73.7389,16-05-2024 15:35,2024-05-16 15:35:00,2024,5,16,15,137,948.13
Lavale AWS,18.5422,73.7389,16-05-2024 15:40,2024-05-16 15:40:00,2024,5,16,15,137,948.12
Lavale AWS,18.5422,73.7389,16-05-2024 15:45,2024-05-16 15:45:00,2024,5,16,15,137,948.12
Lavale AWS,18.5422,73.7389,16-05-2024 15:50,2024-05-16 15:50:00,2024,5,16,15,137,948.17
Lavale AWS,18.5422,73.7389,16-05-2024 15:55,2024-05-16 15:55:00,2024,5,16,15,137,948.28
Lavale AWS,18.5422,73.7389,16-05-2024 16:00,2024-05-16 16:00:00,2024,5,16,16,137,948.4
Lavale AWS,18.5422,73.7389,16-05-2024 16:05,2024-05-16 16:05:00,2024,5,16,16,137,948.52
Lavale AWS,18.5422,73.7389,16-05-2024 16:10,2024-05-16 16:10:00,2024,5,16,16,137,948.47
Lavale AWS,18.5422,73.7389,16-05-2024 16:15,2024-05-16 16:15:00,2024,5,16,16,137,948.55
Lavale AWS,18.5422,73.7389,16-05-2024 16:20,2024-05-16 16:20:00,2024,5,16,16,137,948.61
Lavale AWS,18.5422,73.7389,16-05-2024 16:25,2024-05-16 16:25:00,2024,5,16,16,137,948.56
Lavale AWS,18.5422,73.7389,16-05-2024 16:30,2024-05-16 16:30:00,2024,5,16,16,137,948.64
Lavale AWS,18.5422,73.7389,16-05-2024 16:35,2024-05-16 16:35:00,2024,5,16,16,137,948.69
Lavale AWS,18.5422,73.7389,16-05-2024 16:40,2024-05-16 16:40:00,2024,5,16,16,137,948.81
Lavale AWS,18.5422,73.7389,16-05-2024 16:45,2024-05-16 16:45:00,2024,5,16,16,137,948.89
Lavale AWS,18.5422,73.7389,16-05-2024 16:50,2024-05-16 16:50:00,2024,5,16,16,137,948.92
Lavale AWS,18.5422,73.7389,16-05-2024 16:55,2024-05-16 16:55:00,2024,5,16,16,137,949.06
Lavale AWS,18.5422,73.7389,16-05-2024 17:00,2024-05-16 17:00:00,2024,5,16,17,137,948.95
Lavale AWS,18.5422,73.7389,16-05-2024 17:05,2024-05-16 17:05:00,2024,5,16,17,137,949.02
Lavale AWS,18.5422,73.7389,16-05-2024 17:10,2024-05-16 17:10:00,2024,5,16,17,137,948.95
Lavale AWS,18.5422,73.7389,16-05-2024 17:15,2024-05-16 17:15:00,2024,5,16,17,137,948.95
Lavale AWS,18.5422,73.7389,16-05-2024 17:20,2024-05-16 17:20:00,2024,5,16,17,137,949.06
Lavale AWS,18.5422,73.7389,16-05-2024 17:25,2024-05-16 17:25:00,2024,5,16,17,137,949.03
Lavale AWS,18.5422,73.7389,16-05-2024 17:30,2024-05-16 17:30:00,2024,5,16,17,137,948.98
Lavale AWS,18.5422,73.7389,16-05-2024 17:35,2024-05-16 17:35:00,2024,5,16,17,137,949.24
Lavale AWS,18.5422,73.7389,16-05-2024 17:40,2024-05-16 17:40:00,2024,5,16,17,137,949.2
Lavale AWS,18.5422,73.7389,16-05-2024 17:45,2024-05-16 17:45:00,2024,5,16,17,137,949.39
Lavale AWS,18.5422,73.7389,16-05-2024 17:50,2024-05-16 17:50:00,2024,5,16,17,137,949.43
Lavale AWS,18.5422,73.7389,16-05-2024 17:55,2024-05-16 17:55:00,2024,5,16,17,137,949.44
Lavale AWS,18.5422,73.7389,16-05-2024 18:00,2024-05-16 18:00:00,2024,5,16,18,137,949.53
Lavale AWS,18.5422,73.7389,16-05-2024 18:05,2024-05-16 18:05:00,2024,5,16,18,137,949.68
Lavale AWS,18.5422,73.7389,16-05-2024 18:10,2024-05-16 18:10:00,2024,5,16,18,137,949.63
Lavale AWS,18.5422,73.7389,16-05-2024 18:15,2024-05-16 18:15:00,2024,5,16,18,137,949.62
Lavale AWS,18.5422,73.7389,16-05-2024 18:20,2024-05-16 18:20:00,2024,5,16,18,137,949.73
Lavale AWS,18.5422,73.7389,16-05-2024 18:25,2024-05-16 18:25:00,2024,5,16,18,137,949.78
Lavale AWS,18.5422,73.7389,16-05-2024 18:30,2024-05-16 18:30:00,2024,5,16,18,137,949.89
Lavale AWS,18.5422,73.7389,16-05-2024 18:35,2024-05-16 18:35:00,2024,5,16,18,137,949.95
Lavale AWS,18.5422,73.7389,16-05-2024 18:40,2024-05-16 18:40:00,2024,5,16,18,137,950.11
Lavale AWS,18.5422,73.7389,16-05-2024 18:45,2024-05-16 18:45:00,2024,5,16,18,137,950.13
Lavale AWS,18.5422,73.7389,16-05-2024 18:50,2024-05-16 18:50:00,2024,5,16,18,137,950.15
Lavale AWS,18.5422,73.7389,16-05-2024 18:55,2024-05-16 18:55:00,2024,5,16,18,137,950.18
Lavale AWS,18.5422,73.7389,16-05-2024 19:00,2024-05-16 19:00:00,2024,5,16,19,137,950.16
Lavale AWS,18.5422,73.7389,16-05-2024 19:05,2024-05-16 19:05:00,2024,5,16,19,137,950.22
Lavale AWS,18.5422,73.7389,16-05-2024 19:10,2024-05-16 19:10:00,2024,5,16,19,137,950.23
Lavale AWS,18.5422,73.7389,16-05-2024 19:15,2024-05-16 19:15:00,2024,5,16,19,137,950.28
Lavale AWS,18.5422,73.7389,16-05-2024 19:20,2024-05-16 19:20:00,2024,5,16,19,137,950.33
Lavale AWS,18.5422,73.7389,16-05-2024 19:25,2024-05-16 19:25:00,2024,5,16,19,137,950.34
Lavale AWS,18.5422,73.7389,16-05-2024 19:30,2024-05-16 19:30:00,2024,5,16,19,137,950.35
Lavale AWS,18.5422,73.7389,16-05-2024 19:35,2024-05-16 19:35:00,2024,5,16,19,137,950.23
Lavale AWS,18.5422,73.7389,16-05-2024 19:40,2024-05-16 19:40:00,2024,5,16,19,137,950.16
Lavale AWS,18.5422,73.7389,16-05-2024 19:45,2024-05-16 19:45:00,2024,5,16,19,137,950.19
Lavale AWS,18.5422,73.7389,16-05-2024 19:50,2024-05-16 19:50:00,2024,5,16,19,137,950.27
Lavale AWS,18.5422,73.7389,16-05-2024 19:55,2024-05-16 19:55:00,2024,5,16,19,137,950.07
Lavale AWS,18.5422,73.7389,16-05-2024 20:00,2024-05-16 20:00:00,2024,5,16,20,137,949.98
Lavale AWS,18.5422,73.7389,16-05-2024 20:05,2024-05-16 20:05:00,2024,5,16,20,137,949.94
Lavale AWS,18.5422,73.7389,16-05-2024 20:10,2024-05-16 20:10:00,2024,5,16,20,137,949.83
Lavale AWS,18.5422,73.7389,16-05-2024 20:15,2024-05-16 20:15:00,2024,5,16,20,137,949.72
Lavale AWS,18.5422,73.7389,16-05-2024 20:20,2024-05-16 20:20:00,2024,5,16,20,137,949.71
Lavale AWS,18.5422,73.7389,16-05-2024 20:25,2024-05-16 20:25:00,2024,5,16,20,137,949.79
Lavale AWS,18.5422,73.7389,16-05-2024 20:30,2024-05-16 20:30:00,2024,5,16,20,137,949.58
Lavale AWS,18.5422,73.7389,16-05-2024 20:35,2024-05-16 20:35:00,2024,5,16,20,137,949.52
Lavale AWS,18.5422,73.7389,16-05-2024 20:40,2024-05-16 20:40:00,2024,5,16,20,137,949.5
Lavale AWS,18.5422,73.7389,16-05-2024 20:45,2024-05-16 20:45:00,2024,5,16,20,137,949.51
Lavale AWS,18.5422,73.7389,16-05-2024 20:50,2024-05-16 20:50:00,2024,5,16,20,137,949.48
Lavale AWS,18.5422,73.7389,16-05-2024 20:55,2024-05-16 20:55:00,2024,5,16,20,137,949.56
Lavale AWS,18.5422,73.7389,16-05-2024 21:00,2024-05-16 21:00:00,2024,5,16,21,137,949.5
Lavale AWS,18.5422,73.7389,16-05-2024 21:05,2024-05-16 21:05:00,2024,5,16,21,137,949.54
Lavale AWS,18.5422,73.7389,16-05-2024 21:10,2024-05-16 21:10:00,2024,5,16,21,137,949.41
Lavale AWS,18.5422,73.7389,16-05-2024 21:15,2024-05-16 21:15:00,2024,5,16,21,137,949.34
Lavale AWS,18.5422,73.7389,16-05-2024 21:20,2024-05-16 21:20:00,2024,5,16,21,137,949.17
Lavale AWS,18.5422,73.7389,16-05-2024 21:25,2024-05-16 21:25:00,2024,5,16,21,137,949.18
Lavale AWS,18.5422,73.7389,16-05-2024 21:30,2024-05-16 21:30:00,2024,5,16,21,137,949.09
Lavale AWS,18.5422,73.7389,16-05-2024 21:35,2024-05-16 21:35:00,2024,5,16,21,137,949.05
Lavale AWS,18.5422,73.7389,16-05-2024 21:40,2024-05-16 21:40:00,2024,5,16,21,137,948.95
Lavale AWS,18.5422,73.7389,16-05-2024 21:45,2024-05-16 21:45:00,2024,5,16,21,137,948.93
Lavale AWS,18.5422,73.7389,16-05-2024 21:50,2024-05-16 21:50:00,2024,5,16,21,137,948.88
Lavale AWS,18.5422,73.7389,16-05-2024 21:55,2024-05-16 21:55:00,2024,5,16,21,137,948.73
Lavale AWS,18.5422,73.7389,16-05-2024 22:00,2024-05-16 22:00:00,2024,5,16,22,137,948.58
Lavale AWS,18.5422,73.7389,16-05-2024 22:05,2024-05-16 22:05:00,2024,5,16,22,137,948.51
Lavale AWS,18.5422,73.7389,16-05-2024 22:10,2024-05-16 22:10:00,2024,5,16,22,137,948.49
Lavale AWS,18.5422,73.7389,16-05-2024 22:15,2024-05-16 22:15:00,2024,5,16,22,137,948.57
Lavale AWS,18.5422,73.7389,16-05-2024 22:20,2024-05-16 22:20:00,2024,5,16,22,137,948.52
Lavale AWS,18.5422,73.7389,16-05-2024 22:25,2024-05-16 22:25:00,2024,5,16,22,137,948.52
Lavale AWS,18.5422,73.7389,16-05-2024 22:30,2024-05-16 22:30:00,2024,5,16,22,137,948.32
Lavale AWS,18.5422,73.7389,16-05-2024 22:35,2024-05-16 22:35:00,2024,5,16,22,137,948.41
Lavale AWS,18.5422,73.7389,16-05-2024 22:40,2024-05-16 22:40:00,2024,5,16,22,137,948.38
Lavale AWS,18.5422,73.7389,16-05-2024 22:45,2024-05-16 22:45:00,2024,5,16,22,137,948.3
Lavale AWS,18.5422,73.7389,16-05-2024 22:50,2024-05-16 22:50:00,2024,5,16,22,137,948.21
Lavale AWS,18.5422,73.7389,16-05-2024 22:55,2024-05-16 22:55:00,2024,5,16,22,137,948.05
Lavale AWS,18.5422,73.7389,16-05-2024 23:00,2024-05-16 23:00:00,2024,5,16,23,137,947.91
Lavale AWS,18.5422,73.7389,16-05-2024 23:05,2024-05-16 23:05:00,2024,5,16,23,137,948.0
Lavale AWS,18.5422,73.7389,16-05-2024 23:10,2024-05-16 23:10:00,2024,5,16,23,137,947.86
Lavale AWS,18.5422,73.7389,16-05-2024 23:15,2024-05-16 23:15:00,2024,5,16,23,137,947.71
Lavale AWS,18.5422,73.7389,16-05-2024 23:20,2024-05-16 23:20:00,2024,5,16,23,137,947.6
Lavale AWS,18.5422,73.7389,16-05-2024 23:25,2024-05-16 23:25:00,2024,5,16,23,137,947.45
Lavale AWS,18.5422,73.7389,16-05-2024 23:30,2024-05-16 23:30:00,2024,5,16,23,137,947.41
Lavale AWS,18.5422,73.7389,16-05-2024 23:35,2024-05-16 23:35:00,2024,5,16,23,137,947.45
Lavale AWS,18.5422,73.7389,16-05-2024 23:40,2024-05-16 23:40:00,2024,5,16,23,137,947.36
Lavale AWS,18.5422,73.7389,16-05-2024 23:45,2024-05-16 23:45:00,2024,5,16,23,137,947.2
Lavale AWS,18.5422,73.7389,16-05-2024 23:50,2024-05-16 23:50:00,2024,5,16,23,137,947.19
Lavale AWS,18.5422,73.7389,16-05-2024 23:55,2024-05-16 23:55:00,2024,5,16,23,137,947.16
Lavale AWS,18.5422,73.7389,17-05-2024 00:00,2024-05-17 00:00:00,2024,5,17,0,138,947.21
Lavale AWS,18.5422,73.7389,17-05-2024 00:05,2024-05-17 00:05:00,2024,5,17,0,138,947.14
Lavale AWS,18.5422,73.7389,17-05-2024 00:10,2024-05-17 00:10:00,2024,5,17,0,138,947.09
Lavale AWS,18.5422,73.7389,17-05-2024 00:15,2024-05-17 00:15:00,2024,5,17,0,138,947.05
Lavale AWS,18.5422,73.7389,17-05-2024 00:20,2024-05-17 00:20:00,2024,5,17,0,138,947.04
Lavale AWS,18.5422,73.7389,17-05-2024 00:25,2024-05-17 00:25:00,2024,5,17,0,138,946.99
Lavale AWS,18.5422,73.7389,17-05-2024 00:30,2024-05-17 00:30:00,2024,5,17,0,138,946.93
Lavale AWS,18.5422,73.7389,17-05-2024 00:35,2024-05-17 00:35:00,2024,5,17,0,138,946.77
Lavale AWS,18.5422,73.7389,17-05-2024 00:40,2024-05-17 00:40:00,2024,5,17,0,138,946.72
Lavale AWS,18.5422,73.7389,17-05-2024 00:45,2024-05-17 00:45:00,2024,5,17,0,138,946.78
Lavale AWS,18.5422,73.7389,17-05-2024 00:50,2024-05-17 00:50:00,2024,5,17,0,138,946.85
Lavale AWS,18.5422,73.7389,17-05-2024 00:55,2024-05-17 00:55:00,2024,5,17,0,138,946.82
Lavale AWS,18.5422,73.7389,17-05-2024 01:00,2024-05-17 01:00:00,2024,5,17,1,138,946.93
Lavale AWS,18.5422,73.7389,17-05-2024 01:05,2024-05-17 01:05:00,2024,5,17,1,138,946.93
Lavale AWS,18.5422,73.7389,17-05-2024 01:10,2024-05-17 01:10:00,2024,5,17,1,138,946.83
Lavale AWS,18.5422,73.7389,17-05-2024 01:15,2024-05-17 01:15:00,2024,5,17,1,138,946.72
Lavale AWS,18.5422,73.7389,17-05-2024 01:20,2024-05-17 01:20:00,2024,5,17,1,138,946.84
Lavale AWS,18.5422,73.7389,17-05-2024 01:25,2024-05-17 01:25:00,2024,5,17,1,138,946.83
Lavale AWS,18.5422,73.7389,17-05-2024 01:30,2024-05-17 01:30:00,2024,5,17,1,138,946.76
Lavale AWS,18.5422,73.7389,17-05-2024 01:35,2024-05-17 01:35:00,2024,5,17,1,138,946.61
Lavale AWS,18.5422,73.7389,17-05-2024 01:40,2024-05-17 01:40:00,2024,5,17,1,138,946.62
Lavale AWS,18.5422,73.7389,17-05-2024 01:45,2024-05-17 01:45:00,2024,5,17,1,138,946.69
Lavale AWS,18.5422,73.7389,17-05-2024 01:50,2024-05-17 01:50:00,2024,5,17,1,138,946.68
Lavale AWS,18.5422,73.7389,17-05-2024 01:55,2024-05-17 01:55:00,2024,5,17,1,138,946.65
Lavale AWS,18.5422,73.7389,17-05-2024 02:00,2024-05-17 02:00:00,2024,5,17,2,138,946.66
Lavale AWS,18.5422,73.7389,17-05-2024 02:05,2024-05-17 02:05:00,2024,5,17,2,138,946.82
Lavale AWS,18.5422,73.7389,17-05-2024 02:10,2024-05-17 02:10:00,2024,5,17,2,138,946.76
Lavale AWS,18.5422,73.7389,17-05-2024 02:15,2024-05-17 02:15:00,2024,5,17,2,138,946.77
Lavale AWS,18.5422,73.7389,17-05-2024 02:20,2024-05-17 02:20:00,2024,5,17,2,138,946.93
Lavale AWS,18.5422,73.7389,17-05-2024 02:25,2024-05-17 02:25:00,2024,5,17,2,138,947.03
Lavale AWS,18.5422,73.7389,17-05-2024 02:30,2024-05-17 02:30:00,2024,5,17,2,138,947.11
Lavale AWS,18.5422,73.7389,17-05-2024 02:35,2024-05-17 02:35:00,2024,5,17,2,138,947.12
Lavale AWS,18.5422,73.7389,17-05-2024 02:40,2024-05-17 02:40:00,2024,5,17,2,138,947.19
Lavale AWS,18.5422,73.7389,17-05-2024 02:45,2024-05-17 02:45:00,2024,5,17,2,138,947.22
Lavale AWS,18.5422,73.7389,17-05-2024 02:50,2024-05-17 02:50:00,2024,5,17,2,138,947.22
Lavale AWS,18.5422,73.7389,17-05-2024 02:55,2024-05-17 02:55:00,2024,5,17,2,138,947.21
Lavale AWS,18.5422,73.7389,17-05-2024 03:00,2024-05-17 03:00:00,2024,5,17,3,138,947.35
Lavale AWS,18.5422,73.7389,17-05-2024 03:05,2024-05-17 03:05:00,2024,5,17,3,138,947.42
Lavale AWS,18.5422,73.7389,17-05-2024 03:10,2024-05-17 03:10:00,2024,5,17,3,138,947.52
Lavale AWS,18.5422,73.7389,17-05-2024 03:15,2024-05-17 03:15:00,2024,5,17,3,138,947.61
Lavale AWS,18.5422,73.7389,17-05-2024 03:20,2024-05-17 03:20:00,2024,5,17,3,138,947.73
Lavale AWS,18.5422,73.7389,17-05-2024 03:25,2024-05-17 03:25:00,2024,5,17,3,138,947.78
Lavale AWS,18.5422,73.7389,17-05-2024 03:30,2024-05-17 03:30:00,2024,5,17,3,138,947.82
Lavale AWS,18.5422,73.7389,17-05-2024 03:35,2024-05-17 03:35:00,2024,5,17,3,138,947.84
Lavale AWS,18.5422,73.7389,17-05-2024 03:40,2024-05-17 03:40:00,2024,5,17,3,138,947.81
Lavale AWS,18.5422,73.7389,17-05-2024 03:45,2024-05-17 03:45:00,2024,5,17,3,138,947.8
Lavale AWS,18.5422,73.7389,17-05-2024 03:50,2024-05-17 03:50:00,2024,5,17,3,138,947.86
Lavale AWS,18.5422,73.7389,17-05-2024 03:55,2024-05-17 03:55:00,2024,5,17,3,138,947.83
Lavale AWS,18.5422,73.7389,17-05-2024 04:00,2024-05-17 04:00:00,2024,5,17,4,138,947.81
Lavale AWS,18.5422,73.7389,17-05-2024 04:05,2024-05-17 04:05:00,2024,5,17,4,138,947.99
Lavale AWS,18.5422,73.7389,17-05-2024 04:10,2024-05-17 04:10:00,2024,5,17,4,138,948.11
Lavale AWS,18.5422,73.7389,17-05-2024 04:15,2024-05-17 04:15:00,2024,5,17,4,138,948.16
Lavale AWS,18.5422,73.7389,17-05-2024 04:20,2024-05-17 04:20:00,2024,5,17,4,138,948.43
Lavale AWS,18.5422,73.7389,17-05-2024 04:25,2024-05-17 04:25:00,2024,5,17,4,138,948.39
Lavale AWS,18.5422,73.7389,17-05-2024 04:30,2024-05-17 04:30:00,2024,5,17,4,138,948.55
Lavale AWS,18.5422,73.7389,17-05-2024 04:35,2024-05-17 04:35:00,2024,5,17,4,138,948.63
Lavale AWS,18.5422,73.7389,17-05-2024 04:40,2024-05-17 04:40:00,2024,5,17,4,138,948.77
Lavale AWS,18.5422,73.7389,17-05-2024 04:45,2024-05-17 04:45:00,2024,5,17,4,138,948.86
Lavale AWS,18.5422,73.7389,17-05-2024 04:50,2024-05-17 04:50:00,2024,5,17,4,138,948.78
Lavale AWS,18.5422,73.7389,17-05-2024 04:55,2024-05-17 04:55:00,2024,5,17,4,138,948.87
Lavale AWS,18.5422,73.7389,17-05-2024 05:00,2024-05-17 05:00:00,2024,5,17,5,138,948.98
Lavale AWS,18.5422,73.7389,17-05-2024 05:05,2024-05-17 05:05:00,2024,5,17,5,138,948.87
Lavale AWS,18.5422,73.7389,17-05-2024 05:10,2024-05-17 05:10:00,2024,5,17,5,138,949.11
Lavale AWS,18.5422,73.7389,17-05-2024 05:15,2024-05-17 05:15:00,2024,5,17,5,138,949.21
Lavale AWS,18.5422,73.7389,17-05-2024 05:20,2024-05-17 05:20:00,2024,5,17,5,138,949.33
Lavale AWS,18.5422,73.7389,17-05-2024 05:25,2024-05-17 05:25:00,2024,5,17,5,138,949.3
Lavale AWS,18.5422,73.7389,17-05-2024 05:30,2024-05-17 05:30:00,2024,5,17,5,138,949.42
Lavale AWS,18.5422,73.7389,17-05-2024 05:35,2024-05-17 05:35:00,2024,5,17,5,138,949.56
Lavale AWS,18.5422,73.7389,17-05-2024 05:40,2024-05-17 05:40:00,2024,5,17,5,138,949.64
Lavale AWS,18.5422,73.7389,17-05-2024 05:45,2024-05-17 05:45:00,2024,5,17,5,138,949.69
Lavale AWS,18.5422,73.7389,17-05-2024 05:50,2024-05-17 05:50:00,2024,5,17,5,138,949.67
Lavale AWS,18.5422,73.7389,17-05-2024 05:55,2024-05-17 05:55:00,2024,5,17,5,138,949.7
Lavale AWS,18.5422,73.7389,17-05-2024 06:00,2024-05-17 06:00:00,2024,5,17,6,138,949.7
Lavale AWS,18.5422,73.7389,17-05-2024 06:05,2024-05-17 06:05:00,2024,5,17,6,138,949.79
Lavale AWS,18.5422,73.7389,17-05-2024 06:10,2024-05-17 06:10:00,2024,5,17,6,138,949.77
Lavale AWS,18.5422,73.7389,17-05-2024 06:15,2024-05-17 06:15:00,2024,5,17,6,138,949.85
Lavale AWS,18.5422,73.7389,17-05-2024 06:20,2024-05-17 06:20:00,2024,5,17,6,138,949.82
Lavale AWS,18.5422,73.7389,17-05-2024 06:25,2024-05-17 06:25:00,2024,5,17,6,138,949.84
Lavale AWS,18.5422,73.7389,17-05-2024 06:30,2024-05-17 06:30:00,2024,5,17,6,138,949.92
Lavale AWS,18.5422,73.7389,17-05-2024 06:35,2024-05-17 06:35:00,2024,5,17,6,138,949.89
Lavale AWS,18.5422,73.7389,17-05-2024 06:40,2024-05-17 06:40:00,2024,5,17,6,138,949.97
Lavale AWS,18.5422,73.7389,17-05-2024 06:45,2024-05-17 06:45:00,2024,5,17,6,138,950.04
Lavale AWS,18.5422,73.7389,17-05-2024 06:50,2024-05-17 06:50:00,2024,5,17,6,138,950.03
Lavale AWS,18.5422,73.7389,17-05-2024 06:55,2024-05-17 06:55:00,2024,5,17,6,138,950.14
Lavale AWS,18.5422,73.7389,17-05-2024 07:00,2024-05-17 07:00:00,2024,5,17,7,138,950.16
Lavale AWS,18.5422,73.7389,17-05-2024 07:05,2024-05-17 07:05:00,2024,5,17,7,138,950.25
Lavale AWS,18.5422,73.7389,17-05-2024 07:10,2024-05-17 07:10:00,2024,5,17,7,138,950.39
Lavale AWS,18.5422,73.7389,17-05-2024 07:15,2024-05-17 07:15:00,2024,5,17,7,138,950.36
Lavale AWS,18.5422,73.7389,17-05-2024 07:20,2024-05-17 07:20:00,2024,5,17,7,138,950.4
Lavale AWS,18.5422,73.7389,17-05-2024 07:25,2024-05-17 07:25:00,2024,5,17,7,138,950.34
Lavale AWS,18.5422,73.7389,17-05-2024 07:30,2024-05-17 07:30:00,2024,5,17,7,138,950.24
Lavale AWS,18.5422,73.7389,17-05-2024 07:35,2024-05-17 07:35:00,2024,5,17,7,138,950.21
Lavale AWS,18.5422,73.7389,17-05-2024 07:40,2024-05-17 07:40:00,2024,5,17,7,138,950.08
Lavale AWS,18.5422,73.7389,17-05-2024 07:45,2024-05-17 07:45:00,2024,5,17,7,138,949.99
Lavale AWS,18.5422,73.7389,17-05-2024 07:50,2024-05-17 07:50:00,2024,5,17,7,138,950.02
Lavale AWS,18.5422,73.7389,17-05-2024 07:55,2024-05-17 07:55:00,2024,5,17,7,138,949.96
Lavale AWS,18.5422,73.7389,17-05-2024 08:00,2024-05-17 08:00:00,2024,5,17,8,138,950.0
Lavale AWS,18.5422,73.7389,17-05-2024 08:05,2024-05-17 08:05:00,2024,5,17,8,138,950.0
Lavale AWS,18.5422,73.7389,17-05-2024 08:10,2024-05-17 08:10:00,2024,5,17,8,138,950.12
Lavale AWS,18.5422,73.7389,17-05-2024 08:15,2024-05-17 08:15:00,2024,5,17,8,138,950.12
Lavale AWS,18.5422,73.7389,17-05-2024 08:20,2024-05-17 08:20:00,2024,5,17,8,138,950.17
Lavale AWS,18.5422,73.7389,17-05-2024 08:25,2024-05-17 08:25:00,2024,5,17,8,138,950.15
Lavale AWS,18.5422,73.7389,17-05-2024 08:30,2024-05-17 08:30:00,2024,5,17,8,138,950.13
Lavale AWS,18.5422,73.7389,17-05-2024 08:35,2024-05-17 08:35:00,2024,5,17,8,138,950.17
Lavale AWS,18.5422,73.7389,17-05-2024 08:40,2024-05-17 08:40:00,2024,5,17,8,138,950.17
Lavale AWS,18.5422,73.7389,17-05-2024 08:45,2024-05-17 08:45:00,2024,5,17,8,138,950.12
Lavale AWS,18.5422,73.7389,17-05-2024 08:50,2024-05-17 08:50:00,2024,5,17,8,138,950.08
Lavale AWS,18.5422,73.7389,17-05-2024 08:55,2024-05-17 08:55:00,2024,5,17,8,138,950.06
Lavale AWS,18.5422,73.7389,17-05-2024 09:00,2024-05-17 09:00:00,2024,5,17,9,138,949.93
Lavale AWS,18.5422,73.7389,17-05-2024 09:05,2024-05-17 09:05:00,2024,5,17,9,138,949.81
Lavale AWS,18.5422,73.7389,17-05-2024 09:10,2024-05-17 09:10:00,2024,5,17,9,138,949.86
Lavale AWS,18.5422,73.7389,17-05-2024 09:15,2024-05-17 09:15:00,2024,5,17,9,138,949.94
Lavale AWS,18.5422,73.7389,17-05-2024 09:20,2024-05-17 09:20:00,2024,5,17,9,138,949.79
Lavale AWS,18.5422,73.7389,17-05-2024 09:25,2024-05-17 09:25:00,2024,5,17,9,138,949.67
Lavale AWS,18.5422,73.7389,17-05-2024 09:30,2024-05-17 09:30:00,2024,5,17,9,138,949.69
Lavale AWS,18.5422,73.7389,17-05-2024 09:35,2024-05-17 09:35:00,2024,5,17,9,138,949.66
Lavale AWS,18.5422,73.7389,17-05-2024 09:40,2024-05-17 09:40:00,2024,5,17,9,138,949.64
Lavale AWS,18.5422,73.7389,17-05-2024 09:45,2024-05-17 09:45:00,2024,5,17,9,138,949.63
Lavale AWS,18.5422,73.7389,17-05-2024 09:50,2024-05-17 09:50:00,2024,5,17,9,138,949.53
Lavale AWS,18.5422,73.7389,17-05-2024 09:55,2024-05-17 09:55:00,2024,5,17,9,138,949.48
Lavale AWS,18.5422,73.7389,17-05-2024 10:00,2024-05-17 10:00:00,2024,5,17,10,138,949.42
Lavale AWS,18.5422,73.7389,17-05-2024 10:05,2024-05-17 10:05:00,2024,5,17,10,138,949.27
Lavale AWS,18.5422,73.7389,17-05-2024 10:10,2024-05-17 10:10:00,2024,5,17,10,138,949.22
Lavale AWS,18.5422,73.7389,17-05-2024 10:15,2024-05-17 10:15:00,2024,5,17,10,138,949.24
Lavale AWS,18.5422,73.7389,17-05-2024 10:20,2024-05-17 10:20:00,2024,5,17,10,138,949.14
Lavale AWS,18.5422,73.7389,17-05-2024 10:25,2024-05-17 10:25:00,2024,5,17,10,138,949.08
Lavale AWS,18.5422,73.7389,17-05-2024 10:30,2024-05-17 10:30:00,2024,5,17,10,138,949.02
Lavale AWS,18.5422,73.7389,17-05-2024 10:35,2024-05-17 10:35:00,2024,5,17,10,138,948.92
Lavale AWS,18.5422,73.7389,17-05-2024 10:40,2024-05-17 10:40:00,2024,5,17,10,138,948.9
Lavale AWS,18.5422,73.7389,17-05-2024 10:45,2024-05-17 10:45:00,2024,5,17,10,138,948.78
Lavale AWS,18.5422,73.7389,17-05-2024 10:50,2024-05-17 10:50:00,2024,5,17,10,138,948.82
Lavale AWS,18.5422,73.7389,17-05-2024 10:55,2024-05-17 10:55:00,2024,5,17,10,138,948.8
Lavale AWS,18.5422,73.7389,17-05-2024 11:00,2024-05-17 11:00:00,2024,5,17,11,138,948.65
Lavale AWS,18.5422,73.7389,17-05-2024 11:05,2024-05-17 11:05:00,2024,5,17,11,138,948.72
Lavale AWS,18.5422,73.7389,17-05-2024 11:10,2024-05-17 11:10:00,2024,5,17,11,138,948.67
Lavale AWS,18.5422,73.7389,17-05-2024 11:15,2024-05-17 11:15:00,2024,5,17,11,138,948.54
Lavale AWS,18.5422,73.7389,17-05-2024 11:20,2024-05-17 11:20:00,2024,5,17,11,138,948.57
Lavale AWS,18.5422,73.7389,17-05-2024 11:25,2024-05-17 11:25:00,2024,5,17,11,138,948.55
Lavale AWS,18.5422,73.7389,17-05-2024 11:30,2024-05-17 11:30:00,2024,5,17,11,138,948.35
Lavale AWS,18.5422,73.7389,17-05-2024 11:35,2024-05-17 11:35:00,2024,5,17,11,138,948.25
Lavale AWS,18.5422,73.7389,17-05-2024 11:40,2024-05-17 11:40:00,2024,5,17,11,138,948.23
Lavale AWS,18.5422,73.7389,17-05-2024 11:45,2024-05-17 11:45:00,2024,5,17,11,138,948.01
Lavale AWS,18.5422,73.7389,17-05-2024 11:50,2024-05-17 11:50:00,2024,5,17,11,138,947.98
Lavale AWS,18.5422,73.7389,17-05-2024 11:55,2024-05-17 11:55:00,2024,5,17,11,138,947.96
Lavale AWS,18.5422,73.7389,17-05-2024 12:00,2024-05-17 12:00:00,2024,5,17,12,138,947.83
Lavale AWS,18.5422,73.7389,17-05-2024 12:05,2024-05-17 12:05:00,2024,5,17,12,138,947.82
Lavale AWS,18.5422,73.7389,17-05-2024 12:10,2024-05-17 12:10:00,2024,5,17,12,138,947.8
Lavale AWS,18.5422,73.7389,17-05-2024 12:15,2024-05-17 12:15:00,2024,5,17,12,138,947.69
Lavale AWS,18.5422,73.7389,17-05-2024 12:20,2024-05-17 12:20:00,2024,5,17,12,138,947.74
Lavale AWS,18.5422,73.7389,17-05-2024 12:25,2024-05-17 12:25:00,2024,5,17,12,138,947.8
Lavale AWS,18.5422,73.7389,17-05-2024 12:30,2024-05-17 12:30:00,2024,5,17,12,138,947.76
Lavale AWS,18.5422,73.7389,17-05-2024 12:35,2024-05-17 12:35:00,2024,5,17,12,138,947.73
Lavale AWS,18.5422,73.7389,17-05-2024 12:40,2024-05-17 12:40:00,2024,5,17,12,138,947.78
Lavale AWS,18.5422,73.7389,17-05-2024 12:45,2024-05-17 12:45:00,2024,5,17,12,138,947.76
Lavale AWS,18.5422,73.7389,17-05-2024 12:50,2024-05-17 12:50:00,2024,5,17,12,138,947.6
Lavale AWS,18.5422,73.7389,17-05-2024 12:55,2024-05-17 12:55:00,2024,5,17,12,138,947.65
Lavale AWS,18.5422,73.7389,17-05-2024 13:00,2024-05-17 13:00:00,2024,5,17,13,138,947.59
Lavale AWS,18.5422,73.7389,17-05-2024 13:05,2024-05-17 13:05:00,2024,5,17,13,138,947.57
Lavale AWS,18.5422,73.7389,17-05-2024 13:10,2024-05-17 13:10:00,2024,5,17,13,138,947.71
Lavale AWS,18.5422,73.7389,17-05-2024 13:15,2024-05-17 13:15:00,2024,5,17,13,138,947.71
Lavale AWS,18.5422,73.7389,17-05-2024 13:20,2024-05-17 13:20:00,2024,5,17,13,138,947.73
Lavale AWS,18.5422,73.7389,17-05-2024 13:25,2024-05-17 13:25:00,2024,5,17,13,138,947.79
Lavale AWS,18.5422,73.7389,17-05-2024 13:30,2024-05-17 13:30:00,2024,5,17,13,138,947.86
Lavale AWS,18.5422,73.7389,17-05-2024 13:35,2024-05-17 13:35:00,2024,5,17,13,138,947.81
Lavale AWS,18.5422,73.7389,17-05-2024 13:40,2024-05-17 13:40:00,2024,5,17,13,138,947.83
Lavale AWS,18.5422,73.7389,17-05-2024 13:45,2024-05-17 13:45:00,2024,5,17,13,138,947.87
Lavale AWS,18.5422,73.7389,17-05-2024 13:50,2024-05-17 13:50:00,2024,5,17,13,138,947.92
Lavale AWS,18.5422,73.7389,17-05-2024 13:55,2024-05-17 13:55:00,2024,5,17,13,138,947.98
Lavale AWS,18.5422,73.7389,17-05-2024 14:00,2024-05-17 14:00:00,2024,5,17,14,138,948.23
Lavale AWS,18.5422,73.7389,17-05-2024 14:05,2024-05-17 14:05:00,2024,5,17,14,138,948.17
Lavale AWS,18.5422,73.7389,17-05-2024 14:10,2024-05-17 14:10:00,2024,5,17,14,138,948.29
Lavale AWS,18.5422,73.7389,17-05-2024 14:15,2024-05-17 14:15:00,2024,5,17,14,138,948.42
Lavale AWS,18.5422,73.7389,17-05-2024 14:20,2024-05-17 14:20:00,2024,5,17,14,138,948.5
Lavale AWS,18.5422,73.7389,17-05-2024 14:25,2024-05-17 14:25:00,2024,5,17,14,138,948.48
Lavale AWS,18.5422,73.7389,17-05-2024 14:30,2024-05-17 14:30:00,2024,5,17,14,138,948.66
Lavale AWS,18.5422,73.7389,17-05-2024 14:35,2024-05-17 14:35:00,2024,5,17,14,138,948.53
Lavale AWS,18.5422,73.7389,17-05-2024 14:40,2024-05-17 14:40:00,2024,5,17,14,138,948.52
Lavale AWS,18.5422,73.7389,17-05-2024 14:45,2024-05-17 14:45:00,2024,5,17,14,138,948.67
Lavale AWS,18.5422,73.7389,17-05-2024 14:50,2024-05-17 14:50:00,2024,5,17,14,138,948.69
Lavale AWS,18.5422,73.7389,17-05-2024 14:55,2024-05-17 14:55:00,2024,5,17,14,138,948.88
Lavale AWS,18.5422,73.7389,17-05-2024 15:00,2024-05-17 15:00:00,2024,5,17,15,138,948.81
Lavale AWS,18.5422,73.7389,17-05-2024 15:05,2024-05-17 15:05:00,2024,5,17,15,138,948.78
Lavale AWS,18.5422,73.7389,17-05-2024 15:10,2024-05-17 15:10:00,2024,5,17,15,138,948.8
Lavale AWS,18.5422,73.7389,17-05-2024 15:15,2024-05-17 15:15:00,2024,5,17,15,138,948.9
Lavale AWS,18.5422,73.7389,17-05-2024 15:20,2024-05-17 15:20:00,2024,5,17,15,138,948.95
Lavale AWS,18.5422,73.7389,17-05-2024 15:25,2024-05-17 15:25:00,2024,5,17,15,138,948.98
Lavale AWS,18.5422,73.7389,17-05-2024 15:30,2024-05-17 15:30:00,2024,5,17,15,138,949.17
Lavale AWS,18.5422,73.7389,17-05-2024 15:35,2024-05-17 15:35:00,2024,5,17,15,138,949.36
Lavale AWS,18.5422,73.7389,17-05-2024 15:40,2024-05-17 15:40:00,2024,5,17,15,138,949.39
Lavale AWS,18.5422,73.7389,17-05-2024 15:45,2024-05-17 15:45:00,2024,5,17,15,138,949.32
Lavale AWS,18.5422,73.7389,17-05-2024 15:50,2024-05-17 15:50:00,2024,5,17,15,138,949.22
Lavale AWS,18.5422,73.7389,17-05-2024 15:55,2024-05-17 15:55:00,2024,5,17,15,138,949.32
Lavale AWS,18.5422,73.7389,17-05-2024 16:00,2024-05-17 16:00:00,2024,5,17,16,138,949.45
Lavale AWS,18.5422,73.7389,17-05-2024 16:05,2024-05-17 16:05:00,2024,5,17,16,138,949.53
Lavale AWS,18.5422,73.7389,17-05-2024 16:10,2024-05-17 16:10:00,2024,5,17,16,138,949.6
Lavale AWS,18.5422,73.7389,17-05-2024 16:15,2024-05-17 16:15:00,2024,5,17,16,138,949.61
Lavale AWS,18.5422,73.7389,17-05-2024 16:20,2024-05-17 16:20:00,2024,5,17,16,138,949.75
Lavale AWS,18.5422,73.7389,17-05-2024 16:25,2024-05-17 16:25:00,2024,5,17,16,138,949.96
Lavale AWS,18.5422,73.7389,17-05-2024 16:30,2024-05-17 16:30:00,2024,5,17,16,138,949.85
Lavale AWS,18.5422,73.7389,17-05-2024 16:35,2024-05-17 16:35:00,2024,5,17,16,138,949.92
Lavale AWS,18.5422,73.7389,17-05-2024 16:40,2024-05-17 16:40:00,2024,5,17,16,138,949.92
Lavale AWS,18.5422,73.7389,17-05-2024 16:45,2024-05-17 16:45:00,2024,5,17,16,138,949.88
Lavale AWS,18.5422,73.7389,17-05-2024 16:50,2024-05-17 16:50:00,2024,5,17,16,138,949.87
Lavale AWS,18.5422,73.7389,17-05-2024 16:55,2024-05-17 16:55:00,2024,5,17,16,138,949.98
Lavale AWS,18.5422,73.7389,17-05-2024 17:00,2024-05-17 17:00:00,2024,5,17,17,138,950.09
Lavale AWS,18.5422,73.7389,17-05-2024 17:05,2024-05-17 17:05:00,2024,5,17,17,138,950.28
Lavale AWS,18.5422,73.7389,17-05-2024 17:10,2024-05-17 17:10:00,2024,5,17,17,138,950.36
Lavale AWS,18.5422,73.7389,17-05-2024 17:15,2024-05-17 17:15:00,2024,5,17,17,138,950.28
Lavale AWS,18.5422,73.7389,17-05-2024 17:20,2024-05-17 17:20:00,2024,5,17,17,138,950.34
Lavale AWS,18.5422,73.7389,17-05-2024 17:25,2024-05-17 17:25:00,2024,5,17,17,138,950.3
Lavale AWS,18.5422,73.7389,17-05-2024 17:30,2024-05-17 17:30:00,2024,5,17,17,138,950.27
Lavale AWS,18.5422,73.7389,17-05-2024 17:35,2024-05-17 17:35:00,2024,5,17,17,138,950.39
Lavale AWS,18.5422,73.7389,17-05-2024 17:40,2024-05-17 17:40:00,2024,5,17,17,138,950.48
Lavale AWS,18.5422,73.7389,17-05-2024 17:45,2024-05-17 17:45:00,2024,5,17,17,138,950.59
Lavale AWS,18.5422,73.7389,17-05-2024 17:50,2024-05-17 17:50:00,2024,5,17,17,138,950.62
Lavale AWS,18.5422,73.7389,17-05-2024 17:55,2024-05-17 17:55:00,2024,5,17,17,138,950.74
Lavale AWS,18.5422,73.7389,17-05-2024 18:00,2024-05-17 18:00:00,2024,5,17,18,138,950.76
Lavale AWS,18.5422,73.7389,17-05-2024 18:05,2024-05-17 18:05:00,2024,5,17,18,138,950.91
Lavale AWS,18.5422,73.7389,17-05-2024 18:10,2024-05-17 18:10:00,2024,5,17,18,138,950.98
Lavale AWS,18.5422,73.7389,17-05-2024 18:15,2024-05-17 18:15:00,2024,5,17,18,138,951.01
Lavale AWS,18.5422,73.7389,17-05-2024 18:20,2024-05-17 18:20:00,2024,5,17,18,138,951.06
Lavale AWS,18.5422,73.7389,17-05-2024 18:25,2024-05-17 18:25:00,2024,5,17,18,138,951.1
Lavale AWS,18.5422,73.7389,17-05-2024 18:30,2024-05-17 18:30:00,2024,5,17,18,138,951.26
Lavale AWS,18.5422,73.7389,17-05-2024 18:35,2024-05-17 18:35:00,2024,5,17,18,138,951.3
Lavale AWS,18.5422,73.7389,17-05-2024 18:40,2024-05-17 18:40:00,2024,5,17,18,138,951.32
Lavale AWS,18.5422,73.7389,17-05-2024 18:45,2024-05-17 18:45:00,2024,5,17,18,138,951.32
Lavale AWS,18.5422,73.7389,17-05-2024 18:50,2024-05-17 18:50:00,2024,5,17,18,138,951.41
Lavale AWS,18.5422,73.7389,17-05-2024 18:55,2024-05-17 18:55:00,2024,5,17,18,138,951.48
Lavale AWS,18.5422,73.7389,17-05-2024 19:00,2024-05-17 19:00:00,2024,5,17,19,138,951.46
Lavale AWS,18.5422,73.7389,17-05-2024 19:05,2024-05-17 19:05:00,2024,5,17,19,138,951.37
Lavale AWS,18.5422,73.7389,17-05-2024 19:10,2024-05-17 19:10:00,2024,5,17,19,138,951.31
Lavale AWS,18.5422,73.7389,17-05-2024 19:15,2024-05-17 19:15:00,2024,5,17,19,138,951.3
Lavale AWS,18.5422,73.7389,17-05-2024 19:20,2024-05-17 19:20:00,2024,5,17,19,138,951.41
Lavale AWS,18.5422,73.7389,17-05-2024 19:25,2024-05-17 19:25:00,2024,5,17,19,138,951.39
Lavale AWS,18.5422,73.7389,17-05-2024 19:30,2024-05-17 19:30:00,2024,5,17,19,138,951.33
Lavale AWS,18.5422,73.7389,17-05-2024 19:35,2024-05-17 19:35:00,2024,5,17,19,138,951.19
Lavale AWS,18.5422,73.7389,17-05-2024 19:40,2024-05-17 19:40:00,2024,5,17,19,138,951.3
Lavale AWS,18.5422,73.7389,17-05-2024 19:45,2024-05-17 19:45:00,2024,5,17,19,138,951.34
Lavale AWS,18.5422,73.7389,17-05-2024 19:50,2024-05-17 19:50:00,2024,5,17,19,138,951.38
Lavale AWS,18.5422,73.7389,17-05-2024 19:55,2024-05-17 19:55:00,2024,5,17,19,138,951.44
Lavale AWS,18.5422,73.7389,17-05-2024 20:00,2024-05-17 20:00:00,2024,5,17,20,138,951.4
Lavale AWS,18.5422,73.7389,17-05-2024 20:05,2024-05-17 20:05:00,2024,5,17,20,138,951.38
Lavale AWS,18.5422,73.7389,17-05-2024 20:10,2024-05-17 20:10:00,2024,5,17,20,138,951.47
Lavale AWS,18.5422,73.7389,17-05-2024 20:15,2024-05-17 20:15:00,2024,5,17,20,138,951.44
Lavale AWS,18.5422,73.7389,17-05-2024 20:20,2024-05-17 20:20:00,2024,5,17,20,138,951.45
Lavale AWS,18.5422,73.7389,17-05-2024 20:25,2024-05-17 20:25:00,2024,5,17,20,138,951.48
Lavale AWS,18.5422,73.7389,17-05-2024 20:30,2024-05-17 20:30:00,2024,5,17,20,138,951.48
Lavale AWS,18.5422,73.7389,17-05-2024 20:35,2024-05-17 20:35:00,2024,5,17,20,138,951.42
Lavale AWS,18.5422,73.7389,17-05-2024 20:40,2024-05-17 20:40:00,2024,5,17,20,138,951.36
Lavale AWS,18.5422,73.7389,17-05-2024 20:45,2024-05-17 20:45:00,2024,5,17,20,138,951.37
Lavale AWS,18.5422,73.7389,17-05-2024 20:50,2024-05-17 20:50:00,2024,5,17,20,138,951.38
Lavale AWS,18.5422,73.7389,17-05-2024 20:55,2024-05-17 20:55:00,2024,5,17,20,138,951.41
Lavale AWS,18.5422,73.7389,17-05-2024 21:00,2024-05-17 21:00:00,2024,5,17,21,138,951.39
Lavale AWS,18.5422,73.7389,17-05-2024 21:05,2024-05-17 21:05:00,2024,5,17,21,138,951.37
Lavale AWS,18.5422,73.7389,17-05-2024 21:10,2024-05-17 21:10:00,2024,5,17,21,138,951.26
Lavale AWS,18.5422,73.7389,17-05-2024 21:15,2024-05-17 21:15:00,2024,5,17,21,138,951.15
Lavale AWS,18.5422,73.7389,17-05-2024 21:20,2024-05-17 21:20:00,2024,5,17,21,138,951.14
Lavale AWS,18.5422,73.7389,17-05-2024 21:25,2024-05-17 21:25:00,2024,5,17,21,138,951.03
Lavale AWS,18.5422,73.7389,17-05-2024 21:30,2024-05-17 21:30:00,2024,5,17,21,138,950.96
Lavale AWS,18.5422,73.7389,17-05-2024 21:35,2024-05-17 21:35:00,2024,5,17,21,138,951.0
Lavale AWS,18.5422,73.7389,17-05-2024 21:40,2024-05-17 21:40:00,2024,5,17,21,138,951.02
Lavale AWS,18.5422,73.7389,17-05-2024 21:45,2024-05-17 21:45:00,2024,5,17,21,138,950.97
Lavale AWS,18.5422,73.7389,17-05-2024 21:50,2024-05-17 21:50:00,2024,5,17,21,138,950.87
Lavale AWS,18.5422,73.7389,17-05-2024 21:55,2024-05-17 21:55:00,2024,5,17,21,138,950.78
Lavale AWS,18.5422,73.7389,17-05-2024 22:00,2024-05-17 22:00:00,2024,5,17,22,138,950.78
Lavale AWS,18.5422,73.7389,17-05-2024 22:05,2024-05-17 22:05:00,2024,5,17,22,138,950.7
Lavale AWS,18.5422,73.7389,17-05-2024 22:10,2024-05-17 22:10:00,2024,5,17,22,138,950.58
Lavale AWS,18.5422,73.7389,17-05-2024 22:15,2024-05-17 22:15:00,2024,5,17,22,138,950.61
Lavale AWS,18.5422,73.7389,17-05-2024 22:20,2024-05-17 22:20:00,2024,5,17,22,138,950.54
Lavale AWS,18.5422,73.7389,17-05-2024 22:25,2024-05-17 22:25:00,2024,5,17,22,138,950.42
Lavale AWS,18.5422,73.7389,17-05-2024 22:30,2024-05-17 22:30:00,2024,5,17,22,138,950.39
Lavale AWS,18.5422,73.7389,17-05-2024 22:35,2024-05-17 22:35:00,2024,5,17,22,138,950.4
Lavale AWS,18.5422,73.7389,17-05-2024 22:40,2024-05-17 22:40:00,2024,5,17,22,138,950.25
Lavale AWS,18.5422,73.7389,17-05-2024 22:45,2024-05-17 22:45:00,2024,5,17,22,138,950.16
Lavale AWS,18.5422,73.7389,17-05-2024 22:50,2024-05-17 22:50:00,2024,5,17,22,138,950.08
Lavale AWS,18.5422,73.7389,17-05-2024 22:55,2024-05-17 22:55:00,2024,5,17,22,138,950.05
Lavale AWS,18.5422,73.7389,17-05-2024 23:00,2024-05-17 23:00:00,2024,5,17,23,138,950.04
Lavale AWS,18.5422,73.7389,17-05-2024 23:05,2024-05-17 23:05:00,2024,5,17,23,138,949.93
Lavale AWS,18.5422,73.7389,17-05-2024 23:10,2024-05-17 23:10:00,2024,5,17,23,138,949.76
Lavale AWS,18.5422,73.7389,17-05-2024 23:15,2024-05-17 23:15:00,2024,5,17,23,138,949.79
Lavale AWS,18.5422,73.7389,17-05-2024 23:20,2024-05-17 23:20:00,2024,5,17,23,138,949.65
Lavale AWS,18.5422,73.7389,17-05-2024 23:25,2024-05-17 23:25:00,2024,5,17,23,138,949.62
Lavale AWS,18.5422,73.7389,17-05-2024 23:30,2024-05-17 23:30:00,2024,5,17,23,138,949.57
Lavale AWS,18.5422,73.7389,17-05-2024 23:35,2024-05-17 23:35:00,2024,5,17,23,138,949.54
Lavale AWS,18.5422,73.7389,17-05-2024 23:40,2024-05-17 23:40:00,2024,5,17,23,138,949.63
Lavale AWS,18.5422,73.7389,17-05-2024 23:45,2024-05-17 23:45:00,2024,5,17,23,138,949.83
Lavale AWS,18.5422,73.7389,17-05-2024 23:50,2024-05-17 23:50:00,2024,5,17,23,138,949.65
Lavale AWS,18.5422,73.7389,17-05-2024 23:55,2024-05-17 23:55:00,2024,5,17,23,138,949.69
