station_id,latitude,longitude,original_time,timestamp,year,month,day,hour,day_of_year,temperature
CWPRS campus,18.446944,73.785,11-05-2024 00:00,2024-05-11 00:00:00,2024,5,11,0,132,24.9
CWPRS campus,18.446944,73.785,11-05-2024 00:05,2024-05-11 00:05:00,2024,5,11,0,132,24.9
CWPRS campus,18.446944,73.785,11-05-2024 00:10,2024-05-11 00:10:00,2024,5,11,0,132,24.8
CWPRS campus,18.446944,73.785,11-05-2024 00:15,2024-05-11 00:15:00,2024,5,11,0,132,24.9
CWPRS campus,18.446944,73.785,11-05-2024 00:20,2024-05-11 00:20:00,2024,5,11,0,132,25.0
CWPRS campus,18.446944,73.785,11-05-2024 00:25,2024-05-11 00:25:00,2024,5,11,0,132,24.9
CWPRS campus,18.446944,73.785,11-05-2024 00:30,2024-05-11 00:30:00,2024,5,11,0,132,24.8
CWPRS campus,18.446944,73.785,11-05-2024 00:35,2024-05-11 00:35:00,2024,5,11,0,132,24.9
CWPRS campus,18.446944,73.785,11-05-2024 00:40,2024-05-11 00:40:00,2024,5,11,0,132,24.9
CWPRS campus,18.446944,73.785,11-05-2024 00:45,2024-05-11 00:45:00,2024,5,11,0,132,24.8
CWPRS campus,18.446944,73.785,11-05-2024 00:50,2024-05-11 00:50:00,2024,5,11,0,132,24.8
CWPRS campus,18.446944,73.785,11-05-2024 00:55,2024-05-11 00:55:00,2024,5,11,0,132,24.6
CWPRS campus,18.446944,73.785,11-05-2024 01:00,2024-05-11 01:00:00,2024,5,11,1,132,24.5
CWPRS campus,18.446944,73.785,11-05-2024 01:05,2024-05-11 01:05:00,2024,5,11,1,132,24.5
CWPRS campus,18.446944,73.785,11-05-2024 01:10,2024-05-11 01:10:00,2024,5,11,1,132,24.1
CWPRS campus,18.446944,73.785,11-05-2024 01:15,2024-05-11 01:15:00,2024,5,11,1,132,23.8
CWPRS campus,18.446944,73.785,11-05-2024 01:20,2024-05-11 01:20:00,2024,5,11,1,132,23.7
CWPRS campus,18.446944,73.785,11-05-2024 01:25,2024-05-11 01:25:00,2024,5,11,1,132,23.5
CWPRS campus,18.446944,73.785,11-05-2024 01:30,2024-05-11 01:30:00,2024,5,11,1,132,23.6
CWPRS campus,18.446944,73.785,11-05-2024 01:35,2024-05-11 01:35:00,2024,5,11,1,132,23.4
CWPRS campus,18.446944,73.785,11-05-2024 01:40,2024-05-11 01:40:00,2024,5,11,1,132,23.2
CWPRS campus,18.446944,73.785,11-05-2024 01:45,2024-05-11 01:45:00,2024,5,11,1,132,23.4
CWPRS campus,18.446944,73.785,11-05-2024 01:50,2024-05-11 01:50:00,2024,5,11,1,132,23.4
CWPRS campus,18.446944,73.785,11-05-2024 01:55,2024-05-11 01:55:00,2024,5,11,1,132,23.4
CWPRS campus,18.446944,73.785,11-05-2024 02:00,2024-05-11 02:00:00,2024,5,11,2,132,23.2
CWPRS campus,18.446944,73.785,11-05-2024 02:05,2024-05-11 02:05:00,2024,5,11,2,132,23.1
CWPRS campus,18.446944,73.785,11-05-2024 02:10,2024-05-11 02:10:00,2024,5,11,2,132,23.2
CWPRS campus,18.446944,73.785,11-05-2024 02:15,2024-05-11 02:15:00,2024,5,11,2,132,23.0
CWPRS campus,18.446944,73.785,11-05-2024 02:20,2024-05-11 02:20:00,2024,5,11,2,132,23.1
CWPRS campus,18.446944,73.785,11-05-2024 02:25,2024-05-11 02:25:00,2024,5,11,2,132,23.1
CWPRS campus,18.446944,73.785,11-05-2024 02:30,2024-05-11 02:30:00,2024,5,11,2,132,23.1
CWPRS campus,18.446944,73.785,11-05-2024 02:35,2024-05-11 02:35:00,2024,5,11,2,132,23.0
CWPRS campus,18.446944,73.785,11-05-2024 02:40,2024-05-11 02:40:00,2024,5,11,2,132,23.4
CWPRS campus,18.446944,73.785,11-05-2024 02:45,2024-05-11 02:45:00,2024,5,11,2,132,23.4
CWPRS campus,18.446944,73.785,11-05-2024 02:50,2024-05-11 02:50:00,2024,5,11,2,132,23.3
CWPRS campus,18.446944,73.785,11-05-2024 02:55,2024-05-11 02:55:00,2024,5,11,2,132,23.5
CWPRS campus,18.446944,73.785,11-05-2024 03:00,2024-05-11 03:00:00,2024,5,11,3,132,23.3
CWPRS campus,18.446944,73.785,11-05-2024 03:05,2024-05-11 03:05:00,2024,5,11,3,132,23.4
CWPRS campus,18.446944,73.785,11-05-2024 03:10,2024-05-11 03:10:00,2024,5,11,3,132,23.2
CWPRS campus,18.446944,73.785,11-05-2024 03:15,2024-05-11 03:15:00,2024,5,11,3,132,23.1
CWPRS campus,18.446944,73.785,11-05-2024 03:20,2024-05-11 03:20:00,2024,5,11,3,132,23.2
CWPRS campus,18.446944,73.785,11-05-2024 03:25,2024-05-11 03:25:00,2024,5,11,3,132,23.4
CWPRS campus,18.446944,73.785,11-05-2024 03:30,2024-05-11 03:30:00,2024,5,11,3,132,23.5
CWPRS campus,18.446944,73.785,11-05-2024 03:35,2024-05-11 03:35:00,2024,5,11,3,132,23.5
CWPRS campus,18.446944,73.785,11-05-2024 03:40,2024-05-11 03:40:00,2024,5,11,3,132,23.6
CWPRS campus,18.446944,73.785,11-05-2024 03:45,2024-05-11 03:45:00,2024,5,11,3,132,23.5
CWPRS campus,18.446944,73.785,11-05-2024 03:50,2024-05-11 03:50:00,2024,5,11,3,132,23.4
CWPRS campus,18.446944,73.785,11-05-2024 03:55,2024-05-11 03:55:00,2024,5,11,3,132,23.5
CWPRS campus,18.446944,73.785,11-05-2024 04:00,2024-05-11 04:00:00,2024,5,11,4,132,23.8
CWPRS campus,18.446944,73.785,11-05-2024 04:05,2024-05-11 04:05:00,2024,5,11,4,132,23.9
CWPRS campus,18.446944,73.785,11-05-2024 04:10,2024-05-11 04:10:00,2024,5,11,4,132,23.7
CWPRS campus,18.446944,73.785,11-05-2024 04:15,2024-05-11 04:15:00,2024,5,11,4,132,23.9
CWPRS campus,18.446944,73.785,11-05-2024 04:20,2024-05-11 04:20:00,2024,5,11,4,132,24.0
CWPRS campus,18.446944,73.785,11-05-2024 04:25,2024-05-11 04:25:00,2024,5,11,4,132,24.0
CWPRS campus,18.446944,73.785,11-05-2024 04:30,2024-05-11 04:30:00,2024,5,11,4,132,24.2
CWPRS campus,18.446944,73.785,11-05-2024 04:35,2024-05-11 04:35:00,2024,5,11,4,132,24.5
CWPRS campus,18.446944,73.785,11-05-2024 04:40,2024-05-11 04:40:00,2024,5,11,4,132,24.7
CWPRS campus,18.446944,73.785,11-05-2024 04:45,2024-05-11 04:45:00,2024,5,11,4,132,24.7
CWPRS campus,18.446944,73.785,11-05-2024 04:50,2024-05-11 04:50:00,2024,5,11,4,132,24.8
CWPRS campus,18.446944,73.785,11-05-2024 04:55,2024-05-11 04:55:00,2024,5,11,4,132,25.0
CWPRS campus,18.446944,73.785,11-05-2024 05:00,2024-05-11 05:00:00,2024,5,11,5,132,25.2
CWPRS campus,18.446944,73.785,11-05-2024 05:05,2024-05-11 05:05:00,2024,5,11,5,132,25.3
CWPRS campus,18.446944,73.785,11-05-2024 05:10,2024-05-11 05:10:00,2024,5,11,5,132,25.4
CWPRS campus,18.446944,73.785,11-05-2024 05:15,2024-05-11 05:15:00,2024,5,11,5,132,25.3
CWPRS campus,18.446944,73.785,11-05-2024 05:20,2024-05-11 05:20:00,2024,5,11,5,132,25.3
CWPRS campus,18.446944,73.785,11-05-2024 05:25,2024-05-11 05:25:00,2024,5,11,5,132,25.6
CWPRS campus,18.446944,73.785,11-05-2024 05:30,2024-05-11 05:30:00,2024,5,11,5,132,25.9
CWPRS campus,18.446944,73.785,11-05-2024 05:35,2024-05-11 05:35:00,2024,5,11,5,132,26.0
CWPRS campus,18.446944,73.785,11-05-2024 05:40,2024-05-11 05:40:00,2024,5,11,5,132,26.3
CWPRS campus,18.446944,73.785,11-05-2024 05:45,2024-05-11 05:45:00,2024,5,11,5,132,26.5
CWPRS campus,18.446944,73.785,11-05-2024 05:50,2024-05-11 05:50:00,2024,5,11,5,132,26.5
CWPRS campus,18.446944,73.785,11-05-2024 05:55,2024-05-11 05:55:00,2024,5,11,5,132,26.7
CWPRS campus,18.446944,73.785,11-05-2024 06:00,2024-05-11 06:00:00,2024,5,11,6,132,27.1
CWPRS campus,18.446944,73.785,11-05-2024 06:05,2024-05-11 06:05:00,2024,5,11,6,132,27.2
CWPRS campus,18.446944,73.785,11-05-2024 06:10,2024-05-11 06:10:00,2024,5,11,6,132,27.5
CWPRS campus,18.446944,73.785,11-05-2024 06:15,2024-05-11 06:15:00,2024,5,11,6,132,27.3
CWPRS campus,18.446944,73.785,11-05-2024 06:20,2024-05-11 06:20:00,2024,5,11,6,132,27.5
CWPRS campus,18.446944,73.785,11-05-2024 06:25,2024-05-11 06:25:00,2024,5,11,6,132,27.7
CWPRS campus,18.446944,73.785,11-05-2024 06:30,2024-05-11 06:30:00,2024,5,11,6,132,27.8
CWPRS campus,18.446944,73.785,11-05-2024 06:35,2024-05-11 06:35:00,2024,5,11,6,132,27.9
CWPRS campus,18.446944,73.785,11-05-2024 06:40,2024-05-11 06:40:00,2024,5,11,6,132,27.8
CWPRS campus,18.446944,73.785,11-05-2024 06:45,2024-05-11 06:45:00,2024,5,11,6,132,27.9
CWPRS campus,18.446944,73.785,11-05-2024 06:50,2024-05-11 06:50:00,2024,5,11,6,132,28.1
CWPRS campus,18.446944,73.785,11-05-2024 06:55,2024-05-11 06:55:00,2024,5,11,6,132,28.5
CWPRS campus,18.446944,73.785,11-05-2024 07:00,2024-05-11 07:00:00,2024,5,11,7,132,28.5
CWPRS campus,18.446944,73.785,11-05-2024 07:05,2024-05-11 07:05:00,2024,5,11,7,132,28.6
CWPRS campus,18.446944,73.785,11-05-2024 07:10,2024-05-11 07:10:00,2024,5,11,7,132,28.6
CWPRS campus,18.446944,73.785,11-05-2024 07:15,2024-05-11 07:15:00,2024,5,11,7,132,28.9
CWPRS campus,18.446944,73.785,11-05-2024 07:20,2024-05-11 07:20:00,2024,5,11,7,132,29.2
CWPRS campus,18.446944,73.785,11-05-2024 07:25,2024-05-11 07:25:00,2024,5,11,7,132,29.2
CWPRS campus,18.446944,73.785,11-05-2024 07:30,2024-05-11 07:30:00,2024,5,11,7,132,29.5
CWPRS campus,18.446944,73.785,11-05-2024 07:35,2024-05-11 07:35:00,2024,5,11,7,132,29.6
CWPRS campus,18.446944,73.785,11-05-2024 07:40,2024-05-11 07:40:00,2024,5,11,7,132,29.9
CWPRS campus,18.446944,73.785,11-05-2024 07:45,2024-05-11 07:45:00,2024,5,11,7,132,30.0
CWPRS campus,18.446944,73.785,11-05-2024 07:50,2024-05-11 07:50:00,2024,5,11,7,132,30.1
CWPRS campus,18.446944,73.785,11-05-2024 07:55,2024-05-11 07:55:00,2024,5,11,7,132,30.2
CWPRS campus,18.446944,73.785,11-05-2024 08:00,2024-05-11 08:00:00,2024,5,11,8,132,30.1
CWPRS campus,18.446944,73.785,11-05-2024 08:05,2024-05-11 08:05:00,2024,5,11,8,132,30.4
CWPRS campus,18.446944,73.785,11-05-2024 08:10,2024-05-11 08:10:00,2024,5,11,8,132,30.6
CWPRS campus,18.446944,73.785,11-05-2024 08:15,2024-05-11 08:15:00,2024,5,11,8,132,30.7
CWPRS campus,18.446944,73.785,11-05-2024 08:20,2024-05-11 08:20:00,2024,5,11,8,132,30.9
CWPRS campus,18.446944,73.785,11-05-2024 08:25,2024-05-11 08:25:00,2024,5,11,8,132,30.8
CWPRS campus,18.446944,73.785,11-05-2024 08:30,2024-05-11 08:30:00,2024,5,11,8,132,30.9
CWPRS campus,18.446944,73.785,11-05-2024 08:35,2024-05-11 08:35:00,2024,5,11,8,132,31.1
CWPRS campus,18.446944,73.785,11-05-2024 08:40,2024-05-11 08:40:00,2024,5,11,8,132,31.1
CWPRS campus,18.446944,73.785,11-05-2024 08:45,2024-05-11 08:45:00,2024,5,11,8,132,31.3
CWPRS campus,18.446944,73.785,11-05-2024 08:50,2024-05-11 08:50:00,2024,5,11,8,132,31.6
CWPRS campus,18.446944,73.785,11-05-2024 08:55,2024-05-11 08:55:00,2024,5,11,8,132,32.0
CWPRS campus,18.446944,73.785,11-05-2024 09:00,2024-05-11 09:00:00,2024,5,11,9,132,32.2
CWPRS campus,18.446944,73.785,11-05-2024 09:05,2024-05-11 09:05:00,2024,5,11,9,132,32.4
CWPRS campus,18.446944,73.785,11-05-2024 09:10,2024-05-11 09:10:00,2024,5,11,9,132,32.6
CWPRS campus,18.446944,73.785,11-05-2024 09:15,2024-05-11 09:15:00,2024,5,11,9,132,32.4
CWPRS campus,18.446944,73.785,11-05-2024 09:20,2024-05-11 09:20:00,2024,5,11,9,132,32.6
CWPRS campus,18.446944,73.785,11-05-2024 09:25,2024-05-11 09:25:00,2024,5,11,9,132,32.8
CWPRS campus,18.446944,73.785,11-05-2024 09:30,2024-05-11 09:30:00,2024,5,11,9,132,33.3
CWPRS campus,18.446944,73.785,11-05-2024 09:35,2024-05-11 09:35:00,2024,5,11,9,132,33.5
CWPRS campus,18.446944,73.785,11-05-2024 09:40,2024-05-11 09:40:00,2024,5,11,9,132,33.7
CWPRS campus,18.446944,73.785,11-05-2024 09:45,2024-05-11 09:45:00,2024,5,11,9,132,33.8
CWPRS campus,18.446944,73.785,11-05-2024 09:50,2024-05-11 09:50:00,2024,5,11,9,132,33.8
CWPRS campus,18.446944,73.785,11-05-2024 09:55,2024-05-11 09:55:00,2024,5,11,9,132,34.1
CWPRS campus,18.446944,73.785,11-05-2024 10:00,2024-05-11 10:00:00,2024,5,11,10,132,34.4
CWPRS campus,18.446944,73.785,11-05-2024 10:05,2024-05-11 10:05:00,2024,5,11,10,132,34.6
CWPRS campus,18.446944,73.785,11-05-2024 10:10,2024-05-11 10:10:00,2024,5,11,10,132,34.6
CWPRS campus,18.446944,73.785,11-05-2024 10:15,2024-05-11 10:15:00,2024,5,11,10,132,35.0
CWPRS campus,18.446944,73.785,11-05-2024 10:20,2024-05-11 10:20:00,2024,5,11,10,132,34.9
CWPRS campus,18.446944,73.785,11-05-2024 10:25,2024-05-11 10:25:00,2024,5,11,10,132,35.1
CWPRS campus,18.446944,73.785,11-05-2024 10:30,2024-05-11 10:30:00,2024,5,11,10,132,35.6
CWPRS campus,18.446944,73.785,11-05-2024 10:35,2024-05-11 10:35:00,2024,5,11,10,132,35.5
CWPRS campus,18.446944,73.785,11-05-2024 10:40,2024-05-11 10:40:00,2024,5,11,10,132,35.6
CWPRS campus,18.446944,73.785,11-05-2024 10:45,2024-05-11 10:45:00,2024,5,11,10,132,35.7
CWPRS campus,18.446944,73.785,11-05-2024 10:50,2024-05-11 10:50:00,2024,5,11,10,132,35.7
CWPRS campus,18.446944,73.785,11-05-2024 10:55,2024-05-11 10:55:00,2024,5,11,10,132,35.6
CWPRS campus,18.446944,73.785,11-05-2024 11:00,2024-05-11 11:00:00,2024,5,11,11,132,35.8
CWPRS campus,18.446944,73.785,11-05-2024 11:05,2024-05-11 11:05:00,2024,5,11,11,132,35.8
CWPRS campus,18.446944,73.785,11-05-2024 11:10,2024-05-11 11:10:00,2024,5,11,11,132,36.0
CWPRS campus,18.446944,73.785,11-05-2024 11:15,2024-05-11 11:15:00,2024,5,11,11,132,36.0
CWPRS campus,18.446944,73.785,11-05-2024 11:20,2024-05-11 11:20:00,2024,5,11,11,132,36.3
CWPRS campus,18.446944,73.785,11-05-2024 11:25,2024-05-11 11:25:00,2024,5,11,11,132,36.3
CWPRS campus,18.446944,73.785,11-05-2024 11:30,2024-05-11 11:30:00,2024,5,11,11,132,36.4
CWPRS campus,18.446944,73.785,11-05-2024 11:35,2024-05-11 11:35:00,2024,5,11,11,132,36.6
CWPRS campus,18.446944,73.785,11-05-2024 11:40,2024-05-11 11:40:00,2024,5,11,11,132,36.6
CWPRS campus,18.446944,73.785,11-05-2024 11:45,2024-05-11 11:45:00,2024,5,11,11,132,36.7
CWPRS campus,18.446944,73.785,11-05-2024 11:50,2024-05-11 11:50:00,2024,5,11,11,132,37.0
CWPRS campus,18.446944,73.785,11-05-2024 11:55,2024-05-11 11:55:00,2024,5,11,11,132,36.9
CWPRS campus,18.446944,73.785,11-05-2024 12:00,2024-05-11 12:00:00,2024,5,11,12,132,37.0
CWPRS campus,18.446944,73.785,11-05-2024 12:05,2024-05-11 12:05:00,2024,5,11,12,132,37.2
CWPRS campus,18.446944,73.785,11-05-2024 12:10,2024-05-11 12:10:00,2024,5,11,12,132,37.4
CWPRS campus,18.446944,73.785,11-05-2024 12:15,2024-05-11 12:15:00,2024,5,11,12,132,37.3
CWPRS campus,18.446944,73.785,11-05-2024 12:20,2024-05-11 12:20:00,2024,5,11,12,132,37.2
CWPRS campus,18.446944,73.785,11-05-2024 12:25,2024-05-11 12:25:00,2024,5,11,12,132,37.4
CWPRS campus,18.446944,73.785,11-05-2024 12:30,2024-05-11 12:30:00,2024,5,11,12,132,37.5
CWPRS campus,18.446944,73.785,11-05-2024 12:35,2024-05-11 12:35:00,2024,5,11,12,132,37.7
CWPRS campus,18.446944,73.785,11-05-2024 12:40,2024-05-11 12:40:00,2024,5,11,12,132,37.8
CWPRS campus,18.446944,73.785,11-05-2024 12:45,2024-05-11 12:45:00,2024,5,11,12,132,37.8
CWPRS campus,18.446944,73.785,11-05-2024 12:50,2024-05-11 12:50:00,2024,5,11,12,132,37.9
CWPRS campus,18.446944,73.785,11-05-2024 12:55,2024-05-11 12:55:00,2024,5,11,12,132,38.0
CWPRS campus,18.446944,73.785,11-05-2024 13:00,2024-05-11 13:00:00,2024,5,11,13,132,38.0
CWPRS campus,18.446944,73.785,11-05-2024 13:05,2024-05-11 13:05:00,2024,5,11,13,132,38.3
CWPRS campus,18.446944,73.785,11-05-2024 13:10,2024-05-11 13:10:00,2024,5,11,13,132,38.5
CWPRS campus,18.446944,73.785,11-05-2024 13:15,2024-05-11 13:15:00,2024,5,11,13,132,38.3
CWPRS campus,18.446944,73.785,11-05-2024 13:20,2024-05-11 13:20:00,2024,5,11,13,132,38.5
CWPRS campus,18.446944,73.785,11-05-2024 13:25,2024-05-11 13:25:00,2024,5,11,13,132,38.4
CWPRS campus,18.446944,73.785,11-05-2024 13:30,2024-05-11 13:30:00,2024,5,11,13,132,38.6
CWPRS campus,18.446944,73.785,11-05-2024 13:35,2024-05-11 13:35:00,2024,5,11,13,132,38.8
CWPRS campus,18.446944,73.785,11-05-2024 13:40,2024-05-11 13:40:00,2024,5,11,13,132,38.7
CWPRS campus,18.446944,73.785,11-05-2024 13:45,2024-05-11 13:45:00,2024,5,11,13,132,38.9
CWPRS campus,18.446944,73.785,11-05-2024 13:50,2024-05-11 13:50:00,2024,5,11,13,132,38.9
CWPRS campus,18.446944,73.785,11-05-2024 13:55,2024-05-11 13:55:00,2024,5,11,13,132,39.1
CWPRS campus,18.446944,73.785,11-05-2024 14:00,2024-05-11 14:00:00,2024,5,11,14,132,39.4
CWPRS campus,18.446944,73.785,11-05-2024 14:05,2024-05-11 14:05:00,2024,5,11,14,132,39.3
CWPRS campus,18.446944,73.785,11-05-2024 14:10,2024-05-11 14:10:00,2024,5,11,14,132,39.2
CWPRS campus,18.446944,73.785,11-05-2024 14:15,2024-05-11 14:15:00,2024,5,11,14,132,39.1
CWPRS campus,18.446944,73.785,11-05-2024 14:20,2024-05-11 14:20:00,2024,5,11,14,132,38.9
CWPRS campus,18.446944,73.785,11-05-2024 14:25,2024-05-11 14:25:00,2024,5,11,14,132,38.9
CWPRS campus,18.446944,73.785,11-05-2024 14:30,2024-05-11 14:30:00,2024,5,11,14,132,39.0
CWPRS campus,18.446944,73.785,11-05-2024 14:35,2024-05-11 14:35:00,2024,5,11,14,132,39.0
CWPRS campus,18.446944,73.785,11-05-2024 14:40,2024-05-11 14:40:00,2024,5,11,14,132,39.1
CWPRS campus,18.446944,73.785,11-05-2024 14:45,2024-05-11 14:45:00,2024,5,11,14,132,39.1
CWPRS campus,18.446944,73.785,11-05-2024 14:50,2024-05-11 14:50:00,2024,5,11,14,132,39.3
CWPRS campus,18.446944,73.785,11-05-2024 14:55,2024-05-11 14:55:00,2024,5,11,14,132,39.2
CWPRS campus,18.446944,73.785,11-05-2024 15:00,2024-05-11 15:00:00,2024,5,11,15,132,39.6
CWPRS campus,18.446944,73.785,11-05-2024 15:05,2024-05-11 15:05:00,2024,5,11,15,132,39.6
CWPRS campus,18.446944,73.785,11-05-2024 15:10,2024-05-11 15:10:00,2024,5,11,15,132,39.5
CWPRS campus,18.446944,73.785,11-05-2024 15:15,2024-05-11 15:15:00,2024,5,11,15,132,39.2
CWPRS campus,18.446944,73.785,11-05-2024 15:20,2024-05-11 15:20:00,2024,5,11,15,132,39.3
CWPRS campus,18.446944,73.785,11-05-2024 15:25,2024-05-11 15:25:00,2024,5,11,15,132,39.2
CWPRS campus,18.446944,73.785,11-05-2024 15:30,2024-05-11 15:30:00,2024,5,11,15,132,39.2
CWPRS campus,18.446944,73.785,11-05-2024 15:35,2024-05-11 15:35:00,2024,5,11,15,132,39.2
CWPRS campus,18.446944,73.785,11-05-2024 15:40,2024-05-11 15:40:00,2024,5,11,15,132,39.1
CWPRS campus,18.446944,73.785,11-05-2024 15:45,2024-05-11 15:45:00,2024,5,11,15,132,38.9
CWPRS campus,18.446944,73.785,11-05-2024 15:50,2024-05-11 15:50:00,2024,5,11,15,132,38.6
CWPRS campus,18.446944,73.785,11-05-2024 15:55,2024-05-11 15:55:00,2024,5,11,15,132,38.5
CWPRS campus,18.446944,73.785,11-05-2024 16:00,2024-05-11 16:00:00,2024,5,11,16,132,38.6
CWPRS campus,18.446944,73.785,11-05-2024 16:05,2024-05-11 16:05:00,2024,5,11,16,132,38.5
CWPRS campus,18.446944,73.785,11-05-2024 16:10,2024-05-11 16:10:00,2024,5,11,16,132,38.3
CWPRS campus,18.446944,73.785,11-05-2024 16:15,2024-05-11 16:15:00,2024,5,11,16,132,38.2
CWPRS campus,18.446944,73.785,11-05-2024 16:20,2024-05-11 16:20:00,2024,5,11,16,132,38.2
CWPRS campus,18.446944,73.785,11-05-2024 16:25,2024-05-11 16:25:00,2024,5,11,16,132,38.0
CWPRS campus,18.446944,73.785,11-05-2024 16:30,2024-05-11 16:30:00,2024,5,11,16,132,38.0
CWPRS campus,18.446944,73.785,11-05-2024 16:35,2024-05-11 16:35:00,2024,5,11,16,132,37.9
CWPRS campus,18.446944,73.785,11-05-2024 16:40,2024-05-11 16:40:00,2024,5,11,16,132,37.7
CWPRS campus,18.446944,73.785,11-05-2024 16:45,2024-05-11 16:45:00,2024,5,11,16,132,37.6
CWPRS campus,18.446944,73.785,11-05-2024 16:50,2024-05-11 16:50:00,2024,5,11,16,132,37.7
CWPRS campus,18.446944,73.785,11-05-2024 16:55,2024-05-11 16:55:00,2024,5,11,16,132,37.7
CWPRS campus,18.446944,73.785,11-05-2024 17:00,2024-05-11 17:00:00,2024,5,11,17,132,37.8
CWPRS campus,18.446944,73.785,11-05-2024 17:05,2024-05-11 17:05:00,2024,5,11,17,132,37.5
CWPRS campus,18.446944,73.785,11-05-2024 17:10,2024-05-11 17:10:00,2024,5,11,17,132,37.2
CWPRS campus,18.446944,73.785,11-05-2024 17:15,2024-05-11 17:15:00,2024,5,11,17,132,37.2
CWPRS campus,18.446944,73.785,11-05-2024 17:20,2024-05-11 17:20:00,2024,5,11,17,132,37.2
CWPRS campus,18.446944,73.785,11-05-2024 17:25,2024-05-11 17:25:00,2024,5,11,17,132,37.2
CWPRS campus,18.446944,73.785,11-05-2024 17:30,2024-05-11 17:30:00,2024,5,11,17,132,37.6
CWPRS campus,18.446944,73.785,11-05-2024 17:35,2024-05-11 17:35:00,2024,5,11,17,132,37.6
CWPRS campus,18.446944,73.785,11-05-2024 17:40,2024-05-11 17:40:00,2024,5,11,17,132,37.6
CWPRS campus,18.446944,73.785,11-05-2024 17:45,2024-05-11 17:45:00,2024,5,11,17,132,37.6
CWPRS campus,18.446944,73.785,11-05-2024 17:50,2024-05-11 17:50:00,2024,5,11,17,132,37.5
CWPRS campus,18.446944,73.785,11-05-2024 17:55,2024-05-11 17:55:00,2024,5,11,17,132,37.3
CWPRS campus,18.446944,73.785,11-05-2024 18:00,2024-05-11 18:00:00,2024,5,11,18,132,37.3
CWPRS campus,18.446944,73.785,11-05-2024 18:05,2024-05-11 18:05:00,2024,5,11,18,132,37.0
CWPRS campus,18.446944,73.785,11-05-2024 18:10,2024-05-11 18:10:00,2024,5,11,18,132,36.8
CWPRS campus,18.446944,73.785,11-05-2024 18:15,2024-05-11 18:15:00,2024,5,11,18,132,36.5
CWPRS campus,18.446944,73.785,11-05-2024 18:20,2024-05-11 18:20:00,2024,5,11,18,132,36.4
CWPRS campus,18.446944,73.785,11-05-2024 18:25,2024-05-11 18:25:00,2024,5,11,18,132,36.6
CWPRS campus,18.446944,73.785,11-05-2024 18:30,2024-05-11 18:30:00,2024,5,11,18,132,36.1
CWPRS campus,18.446944,73.785,11-05-2024 18:35,2024-05-11 18:35:00,2024,5,11,18,132,36.0
CWPRS campus,18.446944,73.785,11-05-2024 18:40,2024-05-11 18:40:00,2024,5,11,18,132,35.6
CWPRS campus,18.446944,73.785,11-05-2024 18:45,2024-05-11 18:45:00,2024,5,11,18,132,35.4
CWPRS campus,18.446944,73.785,11-05-2024 18:50,2024-05-11 18:50:00,2024,5,11,18,132,35.4
CWPRS campus,18.446944,73.785,11-05-2024 18:55,2024-05-11 18:55:00,2024,5,11,18,132,35.3
CWPRS campus,18.446944,73.785,11-05-2024 19:00,2024-05-11 19:00:00,2024,5,11,19,132,34.9
CWPRS campus,18.446944,73.785,11-05-2024 19:05,2024-05-11 19:05:00,2024,5,11,19,132,34.7
CWPRS campus,18.446944,73.785,11-05-2024 19:10,2024-05-11 19:10:00,2024,5,11,19,132,34.6
CWPRS campus,18.446944,73.785,11-05-2024 19:15,2024-05-11 19:15:00,2024,5,11,19,132,34.4
CWPRS campus,18.446944,73.785,11-05-2024 19:20,2024-05-11 19:20:00,2024,5,11,19,132,34.3
CWPRS campus,18.446944,73.785,11-05-2024 19:25,2024-05-11 19:25:00,2024,5,11,19,132,34.1
CWPRS campus,18.446944,73.785,11-05-2024 19:30,2024-05-11 19:30:00,2024,5,11,19,132,33.9
CWPRS campus,18.446944,73.785,11-05-2024 19:35,2024-05-11 19:35:00,2024,5,11,19,132,34.0
CWPRS campus,18.446944,73.785,11-05-2024 19:40,2024-05-11 19:40:00,2024,5,11,19,132,34.0
CWPRS campus,18.446944,73.785,11-05-2024 19:45,2024-05-11 19:45:00,2024,5,11,19,132,33.5
CWPRS campus,18.446944,73.785,11-05-2024 19:50,2024-05-11 19:50:00,2024,5,11,19,132,33.4
CWPRS campus,18.446944,73.785,11-05-2024 19:55,2024-05-11 19:55:00,2024,5,11,19,132,33.1
CWPRS campus,18.446944,73.785,11-05-2024 20:00,2024-05-11 20:00:00,2024,5,11,20,132,33.1
CWPRS campus,18.446944,73.785,11-05-2024 20:05,2024-05-11 20:05:00,2024,5,11,20,132,32.8
CWPRS campus,18.446944,73.785,11-05-2024 20:10,2024-05-11 20:10:00,2024,5,11,20,132,32.6
CWPRS campus,18.446944,73.785,11-05-2024 20:15,2024-05-11 20:15:00,2024,5,11,20,132,32.5
CWPRS campus,18.446944,73.785,11-05-2024 20:20,2024-05-11 20:20:00,2024,5,11,20,132,32.5
CWPRS campus,18.446944,73.785,11-05-2024 20:25,2024-05-11 20:25:00,2024,5,11,20,132,32.2
CWPRS campus,18.446944,73.785,11-05-2024 20:30,2024-05-11 20:30:00,2024,5,11,20,132,32.0
CWPRS campus,18.446944,73.785,11-05-2024 20:35,2024-05-11 20:35:00,2024,5,11,20,132,31.8
CWPRS campus,18.446944,73.785,11-05-2024 20:40,2024-05-11 20:40:00,2024,5,11,20,132,31.5
CWPRS campus,18.446944,73.785,11-05-2024 20:45,2024-05-11 20:45:00,2024,5,11,20,132,31.6
CWPRS campus,18.446944,73.785,11-05-2024 20:50,2024-05-11 20:50:00,2024,5,11,20,132,31.5
CWPRS campus,18.446944,73.785,11-05-2024 20:55,2024-05-11 20:55:00,2024,5,11,20,132,31.2
CWPRS campus,18.446944,73.785,11-05-2024 21:00,2024-05-11 21:00:00,2024,5,11,21,132,31.2
CWPRS campus,18.446944,73.785,11-05-2024 21:05,2024-05-11 21:05:00,2024,5,11,21,132,31.3
CWPRS campus,18.446944,73.785,11-05-2024 21:10,2024-05-11 21:10:00,2024,5,11,21,132,31.3
CWPRS campus,18.446944,73.785,11-05-2024 21:15,2024-05-11 21:15:00,2024,5,11,21,132,30.9
CWPRS campus,18.446944,73.785,11-05-2024 21:20,2024-05-11 21:20:00,2024,5,11,21,132,30.7
CWPRS campus,18.446944,73.785,11-05-2024 21:25,2024-05-11 21:25:00,2024,5,11,21,132,30.7
CWPRS campus,18.446944,73.785,11-05-2024 21:30,2024-05-11 21:30:00,2024,5,11,21,132,30.4
CWPRS campus,18.446944,73.785,11-05-2024 21:35,2024-05-11 21:35:00,2024,5,11,21,132,30.3
CWPRS campus,18.446944,73.785,11-05-2024 21:40,2024-05-11 21:40:00,2024,5,11,21,132,30.3
CWPRS campus,18.446944,73.785,11-05-2024 21:45,2024-05-11 21:45:00,2024,5,11,21,132,30.0
CWPRS campus,18.446944,73.785,11-05-2024 21:50,2024-05-11 21:50:00,2024,5,11,21,132,29.8
CWPRS campus,18.446944,73.785,11-05-2024 21:55,2024-05-11 21:55:00,2024,5,11,21,132,29.2
CWPRS campus,18.446944,73.785,11-05-2024 22:00,2024-05-11 22:00:00,2024,5,11,22,132,28.9
CWPRS campus,18.446944,73.785,11-05-2024 22:05,2024-05-11 22:05:00,2024,5,11,22,132,28.7
CWPRS campus,18.446944,73.785,11-05-2024 22:10,2024-05-11 22:10:00,2024,5,11,22,132,28.4
CWPRS campus,18.446944,73.785,11-05-2024 22:15,2024-05-11 22:15:00,2024,5,11,22,132,28.6
CWPRS campus,18.446944,73.785,11-05-2024 22:20,2024-05-11 22:20:00,2024,5,11,22,132,28.2
CWPRS campus,18.446944,73.785,11-05-2024 22:25,2024-05-11 22:25:00,2024,5,11,22,132,28.1
CWPRS campus,18.446944,73.785,11-05-2024 22:30,2024-05-11 22:30:00,2024,5,11,22,132,28.0
CWPRS campus,18.446944,73.785,11-05-2024 22:35,2024-05-11 22:35:00,2024,5,11,22,132,28.1
CWPRS campus,18.446944,73.785,11-05-2024 22:40,2024-05-11 22:40:00,2024,5,11,22,132,27.8
CWPRS campus,18.446944,73.785,11-05-2024 22:45,2024-05-11 22:45:00,2024,5,11,22,132,27.8
CWPRS campus,18.446944,73.785,11-05-2024 22:50,2024-05-11 22:50:00,2024,5,11,22,132,27.7
CWPRS campus,18.446944,73.785,11-05-2024 22:55,2024-05-11 22:55:00,2024,5,11,22,132,27.5
CWPRS campus,18.446944,73.785,11-05-2024 23:00,2024-05-11 23:00:00,2024,5,11,23,132,27.4
CWPRS campus,18.446944,73.785,11-05-2024 23:05,2024-05-11 23:05:00,2024,5,11,23,132,27.3
CWPRS campus,18.446944,73.785,11-05-2024 23:10,2024-05-11 23:10:00,2024,5,11,23,132,27.1
CWPRS campus,18.446944,73.785,11-05-2024 23:15,2024-05-11 23:15:00,2024,5,11,23,132,27.1
CWPRS campus,18.446944,73.785,11-05-2024 23:20,2024-05-11 23:20:00,2024,5,11,23,132,26.9
CWPRS campus,18.446944,73.785,11-05-2024 23:25,2024-05-11 23:25:00,2024,5,11,23,132,26.8
CWPRS campus,18.446944,73.785,11-05-2024 23:30,2024-05-11 23:30:00,2024,5,11,23,132,26.8
CWPRS campus,18.446944,73.785,11-05-2024 23:35,2024-05-11 23:35:00,2024,5,11,23,132,27.0
CWPRS campus,18.446944,73.785,11-05-2024 23:40,2024-05-11 23:40:00,2024,5,11,23,132,26.7
CWPRS campus,18.446944,73.785,11-05-2024 23:45,2024-05-11 23:45:00,2024,5,11,23,132,26.9
CWPRS campus,18.446944,73.785,11-05-2024 23:50,2024-05-11 23:50:00,2024,5,11,23,132,26.5
CWPRS campus,18.446944,73.785,11-05-2024 23:55,2024-05-11 23:55:00,2024,5,11,23,132,26.4
CWPRS campus,18.446944,73.785,12-05-2024 00:00,2024-05-12 00:00:00,2024,5,12,0,133,26.4
CWPRS campus,18.446944,73.785,12-05-2024 00:05,2024-05-12 00:05:00,2024,5,12,0,133,26.3
CWPRS campus,18.446944,73.785,12-05-2024 00:10,2024-05-12 00:10:00,2024,5,12,0,133,26.1
CWPRS campus,18.446944,73.785,12-05-2024 00:15,2024-05-12 00:15:00,2024,5,12,0,133,26.0
CWPRS campus,18.446944,73.785,12-05-2024 00:20,2024-05-12 00:20:00,2024,5,12,0,133,25.9
CWPRS campus,18.446944,73.785,12-05-2024 00:25,2024-05-12 00:25:00,2024,5,12,0,133,25.7
CWPRS campus,18.446944,73.785,12-05-2024 00:30,2024-05-12 00:30:00,2024,5,12,0,133,25.8
CWPRS campus,18.446944,73.785,12-05-2024 00:35,2024-05-12 00:35:00,2024,5,12,0,133,25.7
CWPRS campus,18.446944,73.785,12-05-2024 00:40,2024-05-12 00:40:00,2024,5,12,0,133,25.6
CWPRS campus,18.446944,73.785,12-05-2024 00:45,2024-05-12 00:45:00,2024,5,12,0,133,25.6
CWPRS campus,18.446944,73.785,12-05-2024 00:50,2024-05-12 00:50:00,2024,5,12,0,133,25.6
CWPRS campus,18.446944,73.785,12-05-2024 00:55,2024-05-12 00:55:00,2024,5,12,0,133,25.7
CWPRS campus,18.446944,73.785,12-05-2024 01:00,2024-05-12 01:00:00,2024,5,12,1,133,25.7
CWPRS campus,18.446944,73.785,12-05-2024 01:05,2024-05-12 01:05:00,2024,5,12,1,133,25.5
CWPRS campus,18.446944,73.785,12-05-2024 01:10,2024-05-12 01:10:00,2024,5,12,1,133,25.4
CWPRS campus,18.446944,73.785,12-05-2024 01:15,2024-05-12 01:15:00,2024,5,12,1,133,25.4
CWPRS campus,18.446944,73.785,12-05-2024 01:20,2024-05-12 01:20:00,2024,5,12,1,133,25.5
CWPRS campus,18.446944,73.785,12-05-2024 01:25,2024-05-12 01:25:00,2024,5,12,1,133,25.4
CWPRS campus,18.446944,73.785,12-05-2024 01:30,2024-05-12 01:30:00,2024,5,12,1,133,25.4
CWPRS campus,18.446944,73.785,12-05-2024 01:35,2024-05-12 01:35:00,2024,5,12,1,133,25.5
CWPRS campus,18.446944,73.785,12-05-2024 01:40,2024-05-12 01:40:00,2024,5,12,1,133,25.4
CWPRS campus,18.446944,73.785,12-05-2024 01:45,2024-05-12 01:45:00,2024,5,12,1,133,25.4
CWPRS campus,18.446944,73.785,12-05-2024 01:50,2024-05-12 01:50:00,2024,5,12,1,133,25.3
CWPRS campus,18.446944,73.785,12-05-2024 01:55,2024-05-12 01:55:00,2024,5,12,1,133,25.2
CWPRS campus,18.446944,73.785,12-05-2024 02:00,2024-05-12 02:00:00,2024,5,12,2,133,25.4
CWPRS campus,18.446944,73.785,12-05-2024 02:05,2024-05-12 02:05:00,2024,5,12,2,133,25.4
CWPRS campus,18.446944,73.785,12-05-2024 02:10,2024-05-12 02:10:00,2024,5,12,2,133,25.5
CWPRS campus,18.446944,73.785,12-05-2024 02:15,2024-05-12 02:15:00,2024,5,12,2,133,25.7
CWPRS campus,18.446944,73.785,12-05-2024 02:20,2024-05-12 02:20:00,2024,5,12,2,133,25.6
CWPRS campus,18.446944,73.785,12-05-2024 02:25,2024-05-12 02:25:00,2024,5,12,2,133,25.7
CWPRS campus,18.446944,73.785,12-05-2024 02:30,2024-05-12 02:30:00,2024,5,12,2,133,25.6
CWPRS campus,18.446944,73.785,12-05-2024 02:35,2024-05-12 02:35:00,2024,5,12,2,133,25.6
CWPRS campus,18.446944,73.785,12-05-2024 02:40,2024-05-12 02:40:00,2024,5,12,2,133,25.5
CWPRS campus,18.446944,73.785,12-05-2024 02:45,2024-05-12 02:45:00,2024,5,12,2,133,25.5
CWPRS campus,18.446944,73.785,12-05-2024 02:50,2024-05-12 02:50:00,2024,5,12,2,133,25.6
CWPRS campus,18.446944,73.785,12-05-2024 02:55,2024-05-12 02:55:00,2024,5,12,2,133,25.4
CWPRS campus,18.446944,73.785,12-05-2024 03:00,2024-05-12 03:00:00,2024,5,12,3,133,25.7
CWPRS campus,18.446944,73.785,12-05-2024 03:05,2024-05-12 03:05:00,2024,5,12,3,133,25.6
CWPRS campus,18.446944,73.785,12-05-2024 03:10,2024-05-12 03:10:00,2024,5,12,3,133,25.4
CWPRS campus,18.446944,73.785,12-05-2024 03:15,2024-05-12 03:15:00,2024,5,12,3,133,25.6
CWPRS campus,18.446944,73.785,12-05-2024 03:20,2024-05-12 03:20:00,2024,5,12,3,133,25.7
CWPRS campus,18.446944,73.785,12-05-2024 03:25,2024-05-12 03:25:00,2024,5,12,3,133,25.8
CWPRS campus,18.446944,73.785,12-05-2024 03:30,2024-05-12 03:30:00,2024,5,12,3,133,25.9
CWPRS campus,18.446944,73.785,12-05-2024 03:35,2024-05-12 03:35:00,2024,5,12,3,133,25.8
CWPRS campus,18.446944,73.785,12-05-2024 03:40,2024-05-12 03:40:00,2024,5,12,3,133,25.7
CWPRS campus,18.446944,73.785,12-05-2024 03:45,2024-05-12 03:45:00,2024,5,12,3,133,25.7
CWPRS campus,18.446944,73.785,12-05-2024 03:50,2024-05-12 03:50:00,2024,5,12,3,133,25.7
CWPRS campus,18.446944,73.785,12-05-2024 03:55,2024-05-12 03:55:00,2024,5,12,3,133,25.8
CWPRS campus,18.446944,73.785,12-05-2024 04:00,2024-05-12 04:00:00,2024,5,12,4,133,25.8
CWPRS campus,18.446944,73.785,12-05-2024 04:05,2024-05-12 04:05:00,2024,5,12,4,133,25.7
CWPRS campus,18.446944,73.785,12-05-2024 04:10,2024-05-12 04:10:00,2024,5,12,4,133,25.7
CWPRS campus,18.446944,73.785,12-05-2024 04:15,2024-05-12 04:15:00,2024,5,12,4,133,25.8
CWPRS campus,18.446944,73.785,12-05-2024 04:20,2024-05-12 04:20:00,2024,5,12,4,133,25.8
CWPRS campus,18.446944,73.785,12-05-2024 04:25,2024-05-12 04:25:00,2024,5,12,4,133,25.7
CWPRS campus,18.446944,73.785,12-05-2024 04:30,2024-05-12 04:30:00,2024,5,12,4,133,25.8
CWPRS campus,18.446944,73.785,12-05-2024 04:35,2024-05-12 04:35:00,2024,5,12,4,133,25.9
CWPRS campus,18.446944,73.785,12-05-2024 04:40,2024-05-12 04:40:00,2024,5,12,4,133,25.9
CWPRS campus,18.446944,73.785,12-05-2024 04:45,2024-05-12 04:45:00,2024,5,12,4,133,25.9
CWPRS campus,18.446944,73.785,12-05-2024 04:50,2024-05-12 04:50:00,2024,5,12,4,133,26.1
CWPRS campus,18.446944,73.785,12-05-2024 04:55,2024-05-12 04:55:00,2024,5,12,4,133,25.9
CWPRS campus,18.446944,73.785,12-05-2024 05:00,2024-05-12 05:00:00,2024,5,12,5,133,25.8
CWPRS campus,18.446944,73.785,12-05-2024 05:05,2024-05-12 05:05:00,2024,5,12,5,133,25.8
CWPRS campus,18.446944,73.785,12-05-2024 05:10,2024-05-12 05:10:00,2024,5,12,5,133,25.9
CWPRS campus,18.446944,73.785,12-05-2024 05:15,2024-05-12 05:15:00,2024,5,12,5,133,26.1
CWPRS campus,18.446944,73.785,12-05-2024 05:20,2024-05-12 05:20:00,2024,5,12,5,133,26.4
CWPRS campus,18.446944,73.785,12-05-2024 05:25,2024-05-12 05:25:00,2024,5,12,5,133,26.6
CWPRS campus,18.446944,73.785,12-05-2024 05:30,2024-05-12 05:30:00,2024,5,12,5,133,26.7
CWPRS campus,18.446944,73.785,12-05-2024 05:35,2024-05-12 05:35:00,2024,5,12,5,133,26.8
CWPRS campus,18.446944,73.785,12-05-2024 05:40,2024-05-12 05:40:00,2024,5,12,5,133,26.8
CWPRS campus,18.446944,73.785,12-05-2024 05:45,2024-05-12 05:45:00,2024,5,12,5,133,26.9
CWPRS campus,18.446944,73.785,12-05-2024 05:50,2024-05-12 05:50:00,2024,5,12,5,133,27.0
CWPRS campus,18.446944,73.785,12-05-2024 05:55,2024-05-12 05:55:00,2024,5,12,5,133,27.1
CWPRS campus,18.446944,73.785,12-05-2024 06:00,2024-05-12 06:00:00,2024,5,12,6,133,27.1
CWPRS campus,18.446944,73.785,12-05-2024 06:05,2024-05-12 06:05:00,2024,5,12,6,133,27.3
CWPRS campus,18.446944,73.785,12-05-2024 06:10,2024-05-12 06:10:00,2024,5,12,6,133,27.7
CWPRS campus,18.446944,73.785,12-05-2024 06:15,2024-05-12 06:15:00,2024,5,12,6,133,27.8
CWPRS campus,18.446944,73.785,12-05-2024 06:20,2024-05-12 06:20:00,2024,5,12,6,133,28.0
CWPRS campus,18.446944,73.785,12-05-2024 06:25,2024-05-12 06:25:00,2024,5,12,6,133,28.2
CWPRS campus,18.446944,73.785,12-05-2024 06:30,2024-05-12 06:30:00,2024,5,12,6,133,28.3
CWPRS campus,18.446944,73.785,12-05-2024 06:35,2024-05-12 06:35:00,2024,5,12,6,133,28.4
CWPRS campus,18.446944,73.785,12-05-2024 06:40,2024-05-12 06:40:00,2024,5,12,6,133,28.5
CWPRS campus,18.446944,73.785,12-05-2024 06:45,2024-05-12 06:45:00,2024,5,12,6,133,28.7
CWPRS campus,18.446944,73.785,12-05-2024 06:50,2024-05-12 06:50:00,2024,5,12,6,133,28.7
CWPRS campus,18.446944,73.785,12-05-2024 06:55,2024-05-12 06:55:00,2024,5,12,6,133,28.8
CWPRS campus,18.446944,73.785,12-05-2024 07:00,2024-05-12 07:00:00,2024,5,12,7,133,29.0
CWPRS campus,18.446944,73.785,12-05-2024 07:05,2024-05-12 07:05:00,2024,5,12,7,133,29.4
CWPRS campus,18.446944,73.785,12-05-2024 07:10,2024-05-12 07:10:00,2024,5,12,7,133,29.6
CWPRS campus,18.446944,73.785,12-05-2024 07:15,2024-05-12 07:15:00,2024,5,12,7,133,30.1
CWPRS campus,18.446944,73.785,12-05-2024 07:20,2024-05-12 07:20:00,2024,5,12,7,133,30.1
CWPRS campus,18.446944,73.785,12-05-2024 07:25,2024-05-12 07:25:00,2024,5,12,7,133,30.3
CWPRS campus,18.446944,73.785,12-05-2024 07:30,2024-05-12 07:30:00,2024,5,12,7,133,30.4
CWPRS campus,18.446944,73.785,12-05-2024 07:35,2024-05-12 07:35:00,2024,5,12,7,133,30.9
CWPRS campus,18.446944,73.785,12-05-2024 07:40,2024-05-12 07:40:00,2024,5,12,7,133,30.8
CWPRS campus,18.446944,73.785,12-05-2024 07:45,2024-05-12 07:45:00,2024,5,12,7,133,30.8
CWPRS campus,18.446944,73.785,12-05-2024 07:50,2024-05-12 07:50:00,2024,5,12,7,133,30.8
CWPRS campus,18.446944,73.785,12-05-2024 07:55,2024-05-12 07:55:00,2024,5,12,7,133,30.6
CWPRS campus,18.446944,73.785,12-05-2024 08:00,2024-05-12 08:00:00,2024,5,12,8,133,30.7
CWPRS campus,18.446944,73.785,12-05-2024 08:05,2024-05-12 08:05:00,2024,5,12,8,133,30.7
CWPRS campus,18.446944,73.785,12-05-2024 08:10,2024-05-12 08:10:00,2024,5,12,8,133,30.9
CWPRS campus,18.446944,73.785,12-05-2024 08:15,2024-05-12 08:15:00,2024,5,12,8,133,31.1
CWPRS campus,18.446944,73.785,12-05-2024 08:20,2024-05-12 08:20:00,2024,5,12,8,133,31.5
CWPRS campus,18.446944,73.785,12-05-2024 08:25,2024-05-12 08:25:00,2024,5,12,8,133,31.8
CWPRS campus,18.446944,73.785,12-05-2024 08:30,2024-05-12 08:30:00,2024,5,12,8,133,31.8
CWPRS campus,18.446944,73.785,12-05-2024 08:35,2024-05-12 08:35:00,2024,5,12,8,133,31.8
CWPRS campus,18.446944,73.785,12-05-2024 08:40,2024-05-12 08:40:00,2024,5,12,8,133,32.0
CWPRS campus,18.446944,73.785,12-05-2024 08:45,2024-05-12 08:45:00,2024,5,12,8,133,32.0
CWPRS campus,18.446944,73.785,12-05-2024 08:50,2024-05-12 08:50:00,2024,5,12,8,133,32.4
CWPRS campus,18.446944,73.785,12-05-2024 08:55,2024-05-12 08:55:00,2024,5,12,8,133,32.7
CWPRS campus,18.446944,73.785,12-05-2024 09:00,2024-05-12 09:00:00,2024,5,12,9,133,32.7
CWPRS campus,18.446944,73.785,12-05-2024 09:05,2024-05-12 09:05:00,2024,5,12,9,133,32.6
CWPRS campus,18.446944,73.785,12-05-2024 09:10,2024-05-12 09:10:00,2024,5,12,9,133,32.9
CWPRS campus,18.446944,73.785,12-05-2024 09:15,2024-05-12 09:15:00,2024,5,12,9,133,33.1
CWPRS campus,18.446944,73.785,12-05-2024 09:20,2024-05-12 09:20:00,2024,5,12,9,133,33.4
CWPRS campus,18.446944,73.785,12-05-2024 09:25,2024-05-12 09:25:00,2024,5,12,9,133,33.2
CWPRS campus,18.446944,73.785,12-05-2024 09:30,2024-05-12 09:30:00,2024,5,12,9,133,33.3
CWPRS campus,18.446944,73.785,12-05-2024 09:35,2024-05-12 09:35:00,2024,5,12,9,133,33.4
CWPRS campus,18.446944,73.785,12-05-2024 09:40,2024-05-12 09:40:00,2024,5,12,9,133,33.6
CWPRS campus,18.446944,73.785,12-05-2024 09:45,2024-05-12 09:45:00,2024,5,12,9,133,33.6
CWPRS campus,18.446944,73.785,12-05-2024 09:50,2024-05-12 09:50:00,2024,5,12,9,133,33.9
CWPRS campus,18.446944,73.785,12-05-2024 09:55,2024-05-12 09:55:00,2024,5,12,9,133,33.8
CWPRS campus,18.446944,73.785,12-05-2024 10:00,2024-05-12 10:00:00,2024,5,12,10,133,33.9
CWPRS campus,18.446944,73.785,12-05-2024 10:05,2024-05-12 10:05:00,2024,5,12,10,133,34.1
CWPRS campus,18.446944,73.785,12-05-2024 10:10,2024-05-12 10:10:00,2024,5,12,10,133,34.3
CWPRS campus,18.446944,73.785,12-05-2024 10:15,2024-05-12 10:15:00,2024,5,12,10,133,34.5
CWPRS campus,18.446944,73.785,12-05-2024 10:20,2024-05-12 10:20:00,2024,5,12,10,133,34.5
CWPRS campus,18.446944,73.785,12-05-2024 10:25,2024-05-12 10:25:00,2024,5,12,10,133,34.4
CWPRS campus,18.446944,73.785,12-05-2024 10:30,2024-05-12 10:30:00,2024,5,12,10,133,34.7
CWPRS campus,18.446944,73.785,12-05-2024 10:35,2024-05-12 10:35:00,2024,5,12,10,133,34.9
CWPRS campus,18.446944,73.785,12-05-2024 10:40,2024-05-12 10:40:00,2024,5,12,10,133,34.9
CWPRS campus,18.446944,73.785,12-05-2024 10:45,2024-05-12 10:45:00,2024,5,12,10,133,35.3
CWPRS campus,18.446944,73.785,12-05-2024 10:50,2024-05-12 10:50:00,2024,5,12,10,133,35.4
CWPRS campus,18.446944,73.785,12-05-2024 10:55,2024-05-12 10:55:00,2024,5,12,10,133,35.7
CWPRS campus,18.446944,73.785,12-05-2024 11:00,2024-05-12 11:00:00,2024,5,12,11,133,35.8
CWPRS campus,18.446944,73.785,12-05-2024 11:05,2024-05-12 11:05:00,2024,5,12,11,133,36.2
CWPRS campus,18.446944,73.785,12-05-2024 11:10,2024-05-12 11:10:00,2024,5,12,11,133,36.6
CWPRS campus,18.446944,73.785,12-05-2024 11:15,2024-05-12 11:15:00,2024,5,12,11,133,36.6
CWPRS campus,18.446944,73.785,12-05-2024 11:20,2024-05-12 11:20:00,2024,5,12,11,133,36.8
CWPRS campus,18.446944,73.785,12-05-2024 11:25,2024-05-12 11:25:00,2024,5,12,11,133,37.0
CWPRS campus,18.446944,73.785,12-05-2024 11:30,2024-05-12 11:30:00,2024,5,12,11,133,37.2
CWPRS campus,18.446944,73.785,12-05-2024 11:35,2024-05-12 11:35:00,2024,5,12,11,133,37.1
CWPRS campus,18.446944,73.785,12-05-2024 11:40,2024-05-12 11:40:00,2024,5,12,11,133,37.3
CWPRS campus,18.446944,73.785,12-05-2024 11:45,2024-05-12 11:45:00,2024,5,12,11,133,37.5
CWPRS campus,18.446944,73.785,12-05-2024 11:50,2024-05-12 11:50:00,2024,5,12,11,133,37.3
CWPRS campus,18.446944,73.785,12-05-2024 11:55,2024-05-12 11:55:00,2024,5,12,11,133,37.1
CWPRS campus,18.446944,73.785,12-05-2024 12:00,2024-05-12 12:00:00,2024,5,12,12,133,36.9
CWPRS campus,18.446944,73.785,12-05-2024 12:05,2024-05-12 12:05:00,2024,5,12,12,133,36.9
CWPRS campus,18.446944,73.785,12-05-2024 12:10,2024-05-12 12:10:00,2024,5,12,12,133,37.1
CWPRS campus,18.446944,73.785,12-05-2024 12:15,2024-05-12 12:15:00,2024,5,12,12,133,37.4
CWPRS campus,18.446944,73.785,12-05-2024 12:20,2024-05-12 12:20:00,2024,5,12,12,133,37.5
CWPRS campus,18.446944,73.785,12-05-2024 12:25,2024-05-12 12:25:00,2024,5,12,12,133,37.7
CWPRS campus,18.446944,73.785,12-05-2024 12:30,2024-05-12 12:30:00,2024,5,12,12,133,37.6
CWPRS campus,18.446944,73.785,12-05-2024 12:35,2024-05-12 12:35:00,2024,5,12,12,133,37.4
CWPRS campus,18.446944,73.785,12-05-2024 12:40,2024-05-12 12:40:00,2024,5,12,12,133,37.4
CWPRS campus,18.446944,73.785,12-05-2024 12:45,2024-05-12 12:45:00,2024,5,12,12,133,37.5
CWPRS campus,18.446944,73.785,12-05-2024 12:50,2024-05-12 12:50:00,2024,5,12,12,133,37.6
CWPRS campus,18.446944,73.785,12-05-2024 12:55,2024-05-12 12:55:00,2024,5,12,12,133,37.3
CWPRS campus,18.446944,73.785,12-05-2024 13:00,2024-05-12 13:00:00,2024,5,12,13,133,37.4
CWPRS campus,18.446944,73.785,12-05-2024 13:05,2024-05-12 13:05:00,2024,5,12,13,133,37.2
CWPRS campus,18.446944,73.785,12-05-2024 13:10,2024-05-12 13:10:00,2024,5,12,13,133,37.4
CWPRS campus,18.446944,73.785,12-05-2024 13:15,2024-05-12 13:15:00,2024,5,12,13,133,37.5
CWPRS campus,18.446944,73.785,12-05-2024 13:20,2024-05-12 13:20:00,2024,5,12,13,133,37.4
CWPRS campus,18.446944,73.785,12-05-2024 13:25,2024-05-12 13:25:00,2024,5,12,13,133,37.4
CWPRS campus,18.446944,73.785,12-05-2024 13:30,2024-05-12 13:30:00,2024,5,12,13,133,37.3
CWPRS campus,18.446944,73.785,12-05-2024 13:35,2024-05-12 13:35:00,2024,5,12,13,133,37.3
CWPRS campus,18.446944,73.785,12-05-2024 13:40,2024-05-12 13:40:00,2024,5,12,13,133,37.5
CWPRS campus,18.446944,73.785,12-05-2024 13:45,2024-05-12 13:45:00,2024,5,12,13,133,37.4
CWPRS campus,18.446944,73.785,12-05-2024 13:50,2024-05-12 13:50:00,2024,5,12,13,133,37.5
CWPRS campus,18.446944,73.785,12-05-2024 13:55,2024-05-12 13:55:00,2024,5,12,13,133,37.5
CWPRS campus,18.446944,73.785,12-05-2024 14:00,2024-05-12 14:00:00,2024,5,12,14,133,37.4
CWPRS campus,18.446944,73.785,12-05-2024 14:05,2024-05-12 14:05:00,2024,5,12,14,133,37.4
CWPRS campus,18.446944,73.785,12-05-2024 14:10,2024-05-12 14:10:00,2024,5,12,14,133,37.3
CWPRS campus,18.446944,73.785,12-05-2024 14:15,2024-05-12 14:15:00,2024,5,12,14,133,37.2
CWPRS campus,18.446944,73.785,12-05-2024 14:20,2024-05-12 14:20:00,2024,5,12,14,133,37.1
CWPRS campus,18.446944,73.785,12-05-2024 14:25,2024-05-12 14:25:00,2024,5,12,14,133,37.4
CWPRS campus,18.446944,73.785,12-05-2024 14:30,2024-05-12 14:30:00,2024,5,12,14,133,37.4
CWPRS campus,18.446944,73.785,12-05-2024 14:35,2024-05-12 14:35:00,2024,5,12,14,133,37.3
CWPRS campus,18.446944,73.785,12-05-2024 14:40,2024-05-12 14:40:00,2024,5,12,14,133,37.4
CWPRS campus,18.446944,73.785,12-05-2024 14:45,2024-05-12 14:45:00,2024,5,12,14,133,37.4
CWPRS campus,18.446944,73.785,12-05-2024 14:50,2024-05-12 14:50:00,2024,5,12,14,133,37.3
CWPRS campus,18.446944,73.785,12-05-2024 14:55,2024-05-12 14:55:00,2024,5,12,14,133,37.4
CWPRS campus,18.446944,73.785,12-05-2024 15:00,2024-05-12 15:00:00,2024,5,12,15,133,37.5
CWPRS campus,18.446944,73.785,12-05-2024 15:05,2024-05-12 15:05:00,2024,5,12,15,133,37.4
CWPRS campus,18.446944,73.785,12-05-2024 15:10,2024-05-12 15:10:00,2024,5,12,15,133,37.3
CWPRS campus,18.446944,73.785,12-05-2024 15:15,2024-05-12 15:15:00,2024,5,12,15,133,37.3
CWPRS campus,18.446944,73.785,12-05-2024 15:20,2024-05-12 15:20:00,2024,5,12,15,133,36.9
CWPRS campus,18.446944,73.785,12-05-2024 15:25,2024-05-12 15:25:00,2024,5,12,15,133,36.7
CWPRS campus,18.446944,73.785,12-05-2024 15:30,2024-05-12 15:30:00,2024,5,12,15,133,36.9
CWPRS campus,18.446944,73.785,12-05-2024 15:35,2024-05-12 15:35:00,2024,5,12,15,133,37.1
CWPRS campus,18.446944,73.785,12-05-2024 15:40,2024-05-12 15:40:00,2024,5,12,15,133,37.0
CWPRS campus,18.446944,73.785,12-05-2024 15:45,2024-05-12 15:45:00,2024,5,12,15,133,37.1
CWPRS campus,18.446944,73.785,12-05-2024 15:50,2024-05-12 15:50:00,2024,5,12,15,133,37.1
CWPRS campus,18.446944,73.785,12-05-2024 15:55,2024-05-12 15:55:00,2024,5,12,15,133,37.5
CWPRS campus,18.446944,73.785,12-05-2024 16:00,2024-05-12 16:00:00,2024,5,12,16,133,37.6
CWPRS campus,18.446944,73.785,12-05-2024 16:05,2024-05-12 16:05:00,2024,5,12,16,133,37.5
CWPRS campus,18.446944,73.785,12-05-2024 16:10,2024-05-12 16:10:00,2024,5,12,16,133,37.2
CWPRS campus,18.446944,73.785,12-05-2024 16:15,2024-05-12 16:15:00,2024,5,12,16,133,36.9
CWPRS campus,18.446944,73.785,12-05-2024 16:20,2024-05-12 16:20:00,2024,5,12,16,133,36.9
CWPRS campus,18.446944,73.785,12-05-2024 16:25,2024-05-12 16:25:00,2024,5,12,16,133,36.7
CWPRS campus,18.446944,73.785,12-05-2024 16:30,2024-05-12 16:30:00,2024,5,12,16,133,36.4
CWPRS campus,18.446944,73.785,12-05-2024 16:35,2024-05-12 16:35:00,2024,5,12,16,133,36.2
CWPRS campus,18.446944,73.785,12-05-2024 16:40,2024-05-12 16:40:00,2024,5,12,16,133,36.0
CWPRS campus,18.446944,73.785,12-05-2024 16:45,2024-05-12 16:45:00,2024,5,12,16,133,36.2
CWPRS campus,18.446944,73.785,12-05-2024 16:50,2024-05-12 16:50:00,2024,5,12,16,133,36.2
CWPRS campus,18.446944,73.785,12-05-2024 16:55,2024-05-12 16:55:00,2024,5,12,16,133,36.1
CWPRS campus,18.446944,73.785,12-05-2024 17:00,2024-05-12 17:00:00,2024,5,12,17,133,36.3
CWPRS campus,18.446944,73.785,12-05-2024 17:05,2024-05-12 17:05:00,2024,5,12,17,133,36.2
CWPRS campus,18.446944,73.785,12-05-2024 17:10,2024-05-12 17:10:00,2024,5,12,17,133,35.9
CWPRS campus,18.446944,73.785,12-05-2024 17:15,2024-05-12 17:15:00,2024,5,12,17,133,36.0
CWPRS campus,18.446944,73.785,12-05-2024 17:20,2024-05-12 17:20:00,2024,5,12,17,133,36.0
CWPRS campus,18.446944,73.785,12-05-2024 17:25,2024-05-12 17:25:00,2024,5,12,17,133,35.7
CWPRS campus,18.446944,73.785,12-05-2024 17:30,2024-05-12 17:30:00,2024,5,12,17,133,35.6
CWPRS campus,18.446944,73.785,12-05-2024 17:35,2024-05-12 17:35:00,2024,5,12,17,133,35.3
CWPRS campus,18.446944,73.785,12-05-2024 17:40,2024-05-12 17:40:00,2024,5,12,17,133,35.0
CWPRS campus,18.446944,73.785,12-05-2024 17:45,2024-05-12 17:45:00,2024,5,12,17,133,35.0
CWPRS campus,18.446944,73.785,12-05-2024 17:50,2024-05-12 17:50:00,2024,5,12,17,133,35.2
CWPRS campus,18.446944,73.785,12-05-2024 17:55,2024-05-12 17:55:00,2024,5,12,17,133,34.8
CWPRS campus,18.446944,73.785,12-05-2024 18:00,2024-05-12 18:00:00,2024,5,12,18,133,34.8
CWPRS campus,18.446944,73.785,12-05-2024 18:05,2024-05-12 18:05:00,2024,5,12,18,133,34.6
CWPRS campus,18.446944,73.785,12-05-2024 18:10,2024-05-12 18:10:00,2024,5,12,18,133,34.4
CWPRS campus,18.446944,73.785,12-05-2024 18:15,2024-05-12 18:15:00,2024,5,12,18,133,34.2
CWPRS campus,18.446944,73.785,12-05-2024 18:20,2024-05-12 18:20:00,2024,5,12,18,133,33.9
CWPRS campus,18.446944,73.785,12-05-2024 18:25,2024-05-12 18:25:00,2024,5,12,18,133,33.8
CWPRS campus,18.446944,73.785,12-05-2024 18:30,2024-05-12 18:30:00,2024,5,12,18,133,33.5
CWPRS campus,18.446944,73.785,12-05-2024 18:35,2024-05-12 18:35:00,2024,5,12,18,133,33.4
CWPRS campus,18.446944,73.785,12-05-2024 18:40,2024-05-12 18:40:00,2024,5,12,18,133,33.3
CWPRS campus,18.446944,73.785,12-05-2024 18:45,2024-05-12 18:45:00,2024,5,12,18,133,33.2
CWPRS campus,18.446944,73.785,12-05-2024 18:50,2024-05-12 18:50:00,2024,5,12,18,133,32.9
CWPRS campus,18.446944,73.785,12-05-2024 18:55,2024-05-12 18:55:00,2024,5,12,18,133,32.7
CWPRS campus,18.446944,73.785,12-05-2024 19:00,2024-05-12 19:00:00,2024,5,12,19,133,32.7
CWPRS campus,18.446944,73.785,12-05-2024 19:05,2024-05-12 19:05:00,2024,5,12,19,133,32.6
CWPRS campus,18.446944,73.785,12-05-2024 19:10,2024-05-12 19:10:00,2024,5,12,19,133,32.3
CWPRS campus,18.446944,73.785,12-05-2024 19:15,2024-05-12 19:15:00,2024,5,12,19,133,32.2
CWPRS campus,18.446944,73.785,12-05-2024 19:20,2024-05-12 19:20:00,2024,5,12,19,133,32.2
CWPRS campus,18.446944,73.785,12-05-2024 19:25,2024-05-12 19:25:00,2024,5,12,19,133,31.8
CWPRS campus,18.446944,73.785,12-05-2024 19:30,2024-05-12 19:30:00,2024,5,12,19,133,31.7
CWPRS campus,18.446944,73.785,12-05-2024 19:35,2024-05-12 19:35:00,2024,5,12,19,133,31.5
CWPRS campus,18.446944,73.785,12-05-2024 19:40,2024-05-12 19:40:00,2024,5,12,19,133,31.5
CWPRS campus,18.446944,73.785,12-05-2024 19:45,2024-05-12 19:45:00,2024,5,12,19,133,31.2
CWPRS campus,18.446944,73.785,12-05-2024 19:50,2024-05-12 19:50:00,2024,5,12,19,133,30.8
CWPRS campus,18.446944,73.785,12-05-2024 19:55,2024-05-12 19:55:00,2024,5,12,19,133,30.4
CWPRS campus,18.446944,73.785,12-05-2024 20:00,2024-05-12 20:00:00,2024,5,12,20,133,30.3
CWPRS campus,18.446944,73.785,12-05-2024 20:05,2024-05-12 20:05:00,2024,5,12,20,133,30.2
CWPRS campus,18.446944,73.785,12-05-2024 20:10,2024-05-12 20:10:00,2024,5,12,20,133,30.0
CWPRS campus,18.446944,73.785,12-05-2024 20:15,2024-05-12 20:15:00,2024,5,12,20,133,30.0
CWPRS campus,18.446944,73.785,12-05-2024 20:20,2024-05-12 20:20:00,2024,5,12,20,133,29.6
CWPRS campus,18.446944,73.785,12-05-2024 20:25,2024-05-12 20:25:00,2024,5,12,20,133,29.5
CWPRS campus,18.446944,73.785,12-05-2024 20:30,2024-05-12 20:30:00,2024,5,12,20,133,29.2
CWPRS campus,18.446944,73.785,12-05-2024 20:35,2024-05-12 20:35:00,2024,5,12,20,133,29.0
CWPRS campus,18.446944,73.785,12-05-2024 20:40,2024-05-12 20:40:00,2024,5,12,20,133,28.9
CWPRS campus,18.446944,73.785,12-05-2024 20:45,2024-05-12 20:45:00,2024,5,12,20,133,28.6
CWPRS campus,18.446944,73.785,12-05-2024 20:50,2024-05-12 20:50:00,2024,5,12,20,133,28.5
CWPRS campus,18.446944,73.785,12-05-2024 20:55,2024-05-12 20:55:00,2024,5,12,20,133,28.5
CWPRS campus,18.446944,73.785,12-05-2024 21:00,2024-05-12 21:00:00,2024,5,12,21,133,28.3
CWPRS campus,18.446944,73.785,12-05-2024 21:05,2024-05-12 21:05:00,2024,5,12,21,133,28.3
CWPRS campus,18.446944,73.785,12-05-2024 21:10,2024-05-12 21:10:00,2024,5,12,21,133,28.0
CWPRS campus,18.446944,73.785,12-05-2024 21:15,2024-05-12 21:15:00,2024,5,12,21,133,28.0
CWPRS campus,18.446944,73.785,12-05-2024 21:20,2024-05-12 21:20:00,2024,5,12,21,133,28.1
CWPRS campus,18.446944,73.785,12-05-2024 21:25,2024-05-12 21:25:00,2024,5,12,21,133,27.6
CWPRS campus,18.446944,73.785,12-05-2024 21:30,2024-05-12 21:30:00,2024,5,12,21,133,27.4
CWPRS campus,18.446944,73.785,12-05-2024 21:35,2024-05-12 21:35:00,2024,5,12,21,133,27.3
CWPRS campus,18.446944,73.785,12-05-2024 21:40,2024-05-12 21:40:00,2024,5,12,21,133,27.2
CWPRS campus,18.446944,73.785,12-05-2024 21:45,2024-05-12 21:45:00,2024,5,12,21,133,27.1
CWPRS campus,18.446944,73.785,12-05-2024 21:50,2024-05-12 21:50:00,2024,5,12,21,133,26.9
CWPRS campus,18.446944,73.785,12-05-2024 21:55,2024-05-12 21:55:00,2024,5,12,21,133,26.8
CWPRS campus,18.446944,73.785,12-05-2024 22:00,2024-05-12 22:00:00,2024,5,12,22,133,26.7
CWPRS campus,18.446944,73.785,12-05-2024 22:05,2024-05-12 22:05:00,2024,5,12,22,133,26.7
CWPRS campus,18.446944,73.785,12-05-2024 22:10,2024-05-12 22:10:00,2024,5,12,22,133,26.7
CWPRS campus,18.446944,73.785,12-05-2024 22:15,2024-05-12 22:15:00,2024,5,12,22,133,26.6
CWPRS campus,18.446944,73.785,12-05-2024 22:20,2024-05-12 22:20:00,2024,5,12,22,133,26.4
CWPRS campus,18.446944,73.785,12-05-2024 22:25,2024-05-12 22:25:00,2024,5,12,22,133,26.2
CWPRS campus,18.446944,73.785,12-05-2024 22:30,2024-05-12 22:30:00,2024,5,12,22,133,26.0
CWPRS campus,18.446944,73.785,12-05-2024 22:35,2024-05-12 22:35:00,2024,5,12,22,133,26.0
CWPRS campus,18.446944,73.785,12-05-2024 22:40,2024-05-12 22:40:00,2024,5,12,22,133,25.8
CWPRS campus,18.446944,73.785,12-05-2024 22:45,2024-05-12 22:45:00,2024,5,12,22,133,25.7
CWPRS campus,18.446944,73.785,12-05-2024 22:50,2024-05-12 22:50:00,2024,5,12,22,133,25.9
CWPRS campus,18.446944,73.785,12-05-2024 22:55,2024-05-12 22:55:00,2024,5,12,22,133,25.9
CWPRS campus,18.446944,73.785,12-05-2024 23:00,2024-05-12 23:00:00,2024,5,12,23,133,25.7
CWPRS campus,18.446944,73.785,12-05-2024 23:05,2024-05-12 23:05:00,2024,5,12,23,133,25.8
CWPRS campus,18.446944,73.785,12-05-2024 23:10,2024-05-12 23:10:00,2024,5,12,23,133,25.6
CWPRS campus,18.446944,73.785,12-05-2024 23:15,2024-05-12 23:15:00,2024,5,12,23,133,25.1
CWPRS campus,18.446944,73.785,12-05-2024 23:20,2024-05-12 23:20:00,2024,5,12,23,133,24.9
CWPRS campus,18.446944,73.785,12-05-2024 23:25,2024-05-12 23:25:00,2024,5,12,23,133,24.5
CWPRS campus,18.446944,73.785,12-05-2024 23:30,2024-05-12 23:30:00,2024,5,12,23,133,24.3
CWPRS campus,18.446944,73.785,12-05-2024 23:35,2024-05-12 23:35:00,2024,5,12,23,133,24.3
CWPRS campus,18.446944,73.785,12-05-2024 23:40,2024-05-12 23:40:00,2024,5,12,23,133,24.4
CWPRS campus,18.446944,73.785,12-05-2024 23:45,2024-05-12 23:45:00,2024,5,12,23,133,24.4
CWPRS campus,18.446944,73.785,12-05-2024 23:50,2024-05-12 23:50:00,2024,5,12,23,133,24.2
CWPRS campus,18.446944,73.785,12-05-2024 23:55,2024-05-12 23:55:00,2024,5,12,23,133,24.3
CWPRS campus,18.446944,73.785,13-05-2024 00:00,2024-05-13 00:00:00,2024,5,13,0,134,23.9
CWPRS campus,18.446944,73.785,13-05-2024 00:05,2024-05-13 00:05:00,2024,5,13,0,134,23.8
CWPRS campus,18.446944,73.785,13-05-2024 00:10,2024-05-13 00:10:00,2024,5,13,0,134,23.8
CWPRS campus,18.446944,73.785,13-05-2024 00:15,2024-05-13 00:15:00,2024,5,13,0,134,23.5
CWPRS campus,18.446944,73.785,13-05-2024 00:20,2024-05-13 00:20:00,2024,5,13,0,134,23.6
CWPRS campus,18.446944,73.785,13-05-2024 00:25,2024-05-13 00:25:00,2024,5,13,0,134,23.6
CWPRS campus,18.446944,73.785,13-05-2024 00:30,2024-05-13 00:30:00,2024,5,13,0,134,23.5
CWPRS campus,18.446944,73.785,13-05-2024 00:35,2024-05-13 00:35:00,2024,5,13,0,134,23.5
CWPRS campus,18.446944,73.785,13-05-2024 00:40,2024-05-13 00:40:00,2024,5,13,0,134,23.8
CWPRS campus,18.446944,73.785,13-05-2024 00:45,2024-05-13 00:45:00,2024,5,13,0,134,23.7
CWPRS campus,18.446944,73.785,13-05-2024 00:50,2024-05-13 00:50:00,2024,5,13,0,134,23.7
CWPRS campus,18.446944,73.785,13-05-2024 00:55,2024-05-13 00:55:00,2024,5,13,0,134,23.5
CWPRS campus,18.446944,73.785,13-05-2024 01:00,2024-05-13 01:00:00,2024,5,13,1,134,23.3
CWPRS campus,18.446944,73.785,13-05-2024 01:05,2024-05-13 01:05:00,2024,5,13,1,134,23.4
CWPRS campus,18.446944,73.785,13-05-2024 01:10,2024-05-13 01:10:00,2024,5,13,1,134,23.2
CWPRS campus,18.446944,73.785,13-05-2024 01:15,2024-05-13 01:15:00,2024,5,13,1,134,23.1
CWPRS campus,18.446944,73.785,13-05-2024 01:20,2024-05-13 01:20:00,2024,5,13,1,134,23.0
CWPRS campus,18.446944,73.785,13-05-2024 01:25,2024-05-13 01:25:00,2024,5,13,1,134,23.0
CWPRS campus,18.446944,73.785,13-05-2024 01:30,2024-05-13 01:30:00,2024,5,13,1,134,23.0
CWPRS campus,18.446944,73.785,13-05-2024 01:35,2024-05-13 01:35:00,2024,5,13,1,134,23.1
CWPRS campus,18.446944,73.785,13-05-2024 01:40,2024-05-13 01:40:00,2024,5,13,1,134,23.0
CWPRS campus,18.446944,73.785,13-05-2024 01:45,2024-05-13 01:45:00,2024,5,13,1,134,22.9
CWPRS campus,18.446944,73.785,13-05-2024 01:50,2024-05-13 01:50:00,2024,5,13,1,134,22.7
CWPRS campus,18.446944,73.785,13-05-2024 01:55,2024-05-13 01:55:00,2024,5,13,1,134,22.6
CWPRS campus,18.446944,73.785,13-05-2024 02:00,2024-05-13 02:00:00,2024,5,13,2,134,22.7
CWPRS campus,18.446944,73.785,13-05-2024 02:05,2024-05-13 02:05:00,2024,5,13,2,134,22.7
CWPRS campus,18.446944,73.785,13-05-2024 02:10,2024-05-13 02:10:00,2024,5,13,2,134,22.6
CWPRS campus,18.446944,73.785,13-05-2024 02:15,2024-05-13 02:15:00,2024,5,13,2,134,22.7
CWPRS campus,18.446944,73.785,13-05-2024 02:20,2024-05-13 02:20:00,2024,5,13,2,134,22.9
CWPRS campus,18.446944,73.785,13-05-2024 02:25,2024-05-13 02:25:00,2024,5,13,2,134,22.9
CWPRS campus,18.446944,73.785,13-05-2024 02:30,2024-05-13 02:30:00,2024,5,13,2,134,23.2
CWPRS campus,18.446944,73.785,13-05-2024 02:35,2024-05-13 02:35:00,2024,5,13,2,134,23.0
CWPRS campus,18.446944,73.785,13-05-2024 02:40,2024-05-13 02:40:00,2024,5,13,2,134,22.8
CWPRS campus,18.446944,73.785,13-05-2024 02:45,2024-05-13 02:45:00,2024,5,13,2,134,22.5
CWPRS campus,18.446944,73.785,13-05-2024 02:50,2024-05-13 02:50:00,2024,5,13,2,134,22.8
CWPRS campus,18.446944,73.785,13-05-2024 02:55,2024-05-13 02:55:00,2024,5,13,2,134,22.9
CWPRS campus,18.446944,73.785,13-05-2024 03:00,2024-05-13 03:00:00,2024,5,13,3,134,22.9
CWPRS campus,18.446944,73.785,13-05-2024 03:05,2024-05-13 03:05:00,2024,5,13,3,134,22.9
CWPRS campus,18.446944,73.785,13-05-2024 03:10,2024-05-13 03:10:00,2024,5,13,3,134,22.7
CWPRS campus,18.446944,73.785,13-05-2024 03:15,2024-05-13 03:15:00,2024,5,13,3,134,23.1
CWPRS campus,18.446944,73.785,13-05-2024 03:20,2024-05-13 03:20:00,2024,5,13,3,134,23.1
CWPRS campus,18.446944,73.785,13-05-2024 03:25,2024-05-13 03:25:00,2024,5,13,3,134,23.2
CWPRS campus,18.446944,73.785,13-05-2024 03:30,2024-05-13 03:30:00,2024,5,13,3,134,23.3
CWPRS campus,18.446944,73.785,13-05-2024 03:35,2024-05-13 03:35:00,2024,5,13,3,134,23.4
CWPRS campus,18.446944,73.785,13-05-2024 03:40,2024-05-13 03:40:00,2024,5,13,3,134,23.4
CWPRS campus,18.446944,73.785,13-05-2024 03:45,2024-05-13 03:45:00,2024,5,13,3,134,23.3
CWPRS campus,18.446944,73.785,13-05-2024 03:50,2024-05-13 03:50:00,2024,5,13,3,134,23.4
CWPRS campus,18.446944,73.785,13-05-2024 03:55,2024-05-13 03:55:00,2024,5,13,3,134,23.7
CWPRS campus,18.446944,73.785,13-05-2024 04:00,2024-05-13 04:00:00,2024,5,13,4,134,23.9
CWPRS campus,18.446944,73.785,13-05-2024 04:05,2024-05-13 04:05:00,2024,5,13,4,134,24.2
CWPRS campus,18.446944,73.785,13-05-2024 04:10,2024-05-13 04:10:00,2024,5,13,4,134,24.1
CWPRS campus,18.446944,73.785,13-05-2024 04:15,2024-05-13 04:15:00,2024,5,13,4,134,23.9
CWPRS campus,18.446944,73.785,13-05-2024 04:20,2024-05-13 04:20:00,2024,5,13,4,134,24.0
CWPRS campus,18.446944,73.785,13-05-2024 04:25,2024-05-13 04:25:00,2024,5,13,4,134,24.0
CWPRS campus,18.446944,73.785,13-05-2024 04:30,2024-05-13 04:30:00,2024,5,13,4,134,24.2
CWPRS campus,18.446944,73.785,13-05-2024 04:35,2024-05-13 04:35:00,2024,5,13,4,134,24.0
CWPRS campus,18.446944,73.785,13-05-2024 04:40,2024-05-13 04:40:00,2024,5,13,4,134,24.2
CWPRS campus,18.446944,73.785,13-05-2024 04:45,2024-05-13 04:45:00,2024,5,13,4,134,24.3
CWPRS campus,18.446944,73.785,13-05-2024 04:50,2024-05-13 04:50:00,2024,5,13,4,134,24.2
CWPRS campus,18.446944,73.785,13-05-2024 04:55,2024-05-13 04:55:00,2024,5,13,4,134,24.1
CWPRS campus,18.446944,73.785,13-05-2024 05:00,2024-05-13 05:00:00,2024,5,13,5,134,24.0
CWPRS campus,18.446944,73.785,13-05-2024 05:05,2024-05-13 05:05:00,2024,5,13,5,134,24.2
CWPRS campus,18.446944,73.785,13-05-2024 05:10,2024-05-13 05:10:00,2024,5,13,5,134,24.3
CWPRS campus,18.446944,73.785,13-05-2024 05:15,2024-05-13 05:15:00,2024,5,13,5,134,24.1
CWPRS campus,18.446944,73.785,13-05-2024 05:20,2024-05-13 05:20:00,2024,5,13,5,134,24.0
CWPRS campus,18.446944,73.785,13-05-2024 05:25,2024-05-13 05:25:00,2024,5,13,5,134,24.1
CWPRS campus,18.446944,73.785,13-05-2024 05:30,2024-05-13 05:30:00,2024,5,13,5,134,24.5
CWPRS campus,18.446944,73.785,13-05-2024 05:35,2024-05-13 05:35:00,2024,5,13,5,134,24.5
CWPRS campus,18.446944,73.785,13-05-2024 05:40,2024-05-13 05:40:00,2024,5,13,5,134,24.4
CWPRS campus,18.446944,73.785,13-05-2024 05:45,2024-05-13 05:45:00,2024,5,13,5,134,24.5
CWPRS campus,18.446944,73.785,13-05-2024 05:50,2024-05-13 05:50:00,2024,5,13,5,134,24.6
CWPRS campus,18.446944,73.785,13-05-2024 05:55,2024-05-13 05:55:00,2024,5,13,5,134,24.3
CWPRS campus,18.446944,73.785,13-05-2024 06:00,2024-05-13 06:00:00,2024,5,13,6,134,24.4
CWPRS campus,18.446944,73.785,13-05-2024 06:05,2024-05-13 06:05:00,2024,5,13,6,134,24.5
CWPRS campus,18.446944,73.785,13-05-2024 06:10,2024-05-13 06:10:00,2024,5,13,6,134,24.8
CWPRS campus,18.446944,73.785,13-05-2024 06:15,2024-05-13 06:15:00,2024,5,13,6,134,25.2
CWPRS campus,18.446944,73.785,13-05-2024 06:20,2024-05-13 06:20:00,2024,5,13,6,134,25.5
CWPRS campus,18.446944,73.785,13-05-2024 06:25,2024-05-13 06:25:00,2024,5,13,6,134,25.6
CWPRS campus,18.446944,73.785,13-05-2024 06:30,2024-05-13 06:30:00,2024,5,13,6,134,25.6
CWPRS campus,18.446944,73.785,13-05-2024 06:35,2024-05-13 06:35:00,2024,5,13,6,134,26.1
CWPRS campus,18.446944,73.785,13-05-2024 06:40,2024-05-13 06:40:00,2024,5,13,6,134,26.2
CWPRS campus,18.446944,73.785,13-05-2024 06:45,2024-05-13 06:45:00,2024,5,13,6,134,26.3
CWPRS campus,18.446944,73.785,13-05-2024 06:50,2024-05-13 06:50:00,2024,5,13,6,134,26.5
CWPRS campus,18.446944,73.785,13-05-2024 06:55,2024-05-13 06:55:00,2024,5,13,6,134,26.6
CWPRS campus,18.446944,73.785,13-05-2024 07:00,2024-05-13 07:00:00,2024,5,13,7,134,26.7
CWPRS campus,18.446944,73.785,13-05-2024 07:05,2024-05-13 07:05:00,2024,5,13,7,134,26.8
CWPRS campus,18.446944,73.785,13-05-2024 07:10,2024-05-13 07:10:00,2024,5,13,7,134,26.8
CWPRS campus,18.446944,73.785,13-05-2024 07:15,2024-05-13 07:15:00,2024,5,13,7,134,27.0
CWPRS campus,18.446944,73.785,13-05-2024 07:20,2024-05-13 07:20:00,2024,5,13,7,134,27.0
CWPRS campus,18.446944,73.785,13-05-2024 07:25,2024-05-13 07:25:00,2024,5,13,7,134,27.1
CWPRS campus,18.446944,73.785,13-05-2024 07:30,2024-05-13 07:30:00,2024,5,13,7,134,27.2
CWPRS campus,18.446944,73.785,13-05-2024 07:35,2024-05-13 07:35:00,2024,5,13,7,134,27.3
CWPRS campus,18.446944,73.785,13-05-2024 07:40,2024-05-13 07:40:00,2024,5,13,7,134,27.7
CWPRS campus,18.446944,73.785,13-05-2024 07:45,2024-05-13 07:45:00,2024,5,13,7,134,27.5
CWPRS campus,18.446944,73.785,13-05-2024 07:50,2024-05-13 07:50:00,2024,5,13,7,134,27.8
CWPRS campus,18.446944,73.785,13-05-2024 07:55,2024-05-13 07:55:00,2024,5,13,7,134,28.1
CWPRS campus,18.446944,73.785,13-05-2024 08:00,2024-05-13 08:00:00,2024,5,13,8,134,28.0
CWPRS campus,18.446944,73.785,13-05-2024 08:05,2024-05-13 08:05:00,2024,5,13,8,134,28.1
CWPRS campus,18.446944,73.785,13-05-2024 08:10,2024-05-13 08:10:00,2024,5,13,8,134,28.2
CWPRS campus,18.446944,73.785,13-05-2024 08:15,2024-05-13 08:15:00,2024,5,13,8,134,28.2
CWPRS campus,18.446944,73.785,13-05-2024 08:20,2024-05-13 08:20:00,2024,5,13,8,134,28.2
CWPRS campus,18.446944,73.785,13-05-2024 08:25,2024-05-13 08:25:00,2024,5,13,8,134,28.2
CWPRS campus,18.446944,73.785,13-05-2024 08:30,2024-05-13 08:30:00,2024,5,13,8,134,28.7
CWPRS campus,18.446944,73.785,13-05-2024 08:35,2024-05-13 08:35:00,2024,5,13,8,134,29.0
CWPRS campus,18.446944,73.785,13-05-2024 08:40,2024-05-13 08:40:00,2024,5,13,8,134,29.3
CWPRS campus,18.446944,73.785,13-05-2024 08:45,2024-05-13 08:45:00,2024,5,13,8,134,29.6
CWPRS campus,18.446944,73.785,13-05-2024 08:50,2024-05-13 08:50:00,2024,5,13,8,134,29.6
CWPRS campus,18.446944,73.785,13-05-2024 08:55,2024-05-13 08:55:00,2024,5,13,8,134,29.7
CWPRS campus,18.446944,73.785,13-05-2024 09:00,2024-05-13 09:00:00,2024,5,13,9,134,29.9
CWPRS campus,18.446944,73.785,13-05-2024 09:05,2024-05-13 09:05:00,2024,5,13,9,134,29.9
CWPRS campus,18.446944,73.785,13-05-2024 09:10,2024-05-13 09:10:00,2024,5,13,9,134,30.1
CWPRS campus,18.446944,73.785,13-05-2024 09:15,2024-05-13 09:15:00,2024,5,13,9,134,30.3
CWPRS campus,18.446944,73.785,13-05-2024 09:20,2024-05-13 09:20:00,2024,5,13,9,134,30.4
CWPRS campus,18.446944,73.785,13-05-2024 09:25,2024-05-13 09:25:00,2024,5,13,9,134,30.6
CWPRS campus,18.446944,73.785,13-05-2024 09:30,2024-05-13 09:30:00,2024,5,13,9,134,30.8
CWPRS campus,18.446944,73.785,13-05-2024 09:35,2024-05-13 09:35:00,2024,5,13,9,134,30.9
CWPRS campus,18.446944,73.785,13-05-2024 09:40,2024-05-13 09:40:00,2024,5,13,9,134,31.3
CWPRS campus,18.446944,73.785,13-05-2024 09:45,2024-05-13 09:45:00,2024,5,13,9,134,31.2
CWPRS campus,18.446944,73.785,13-05-2024 09:50,2024-05-13 09:50:00,2024,5,13,9,134,31.5
CWPRS campus,18.446944,73.785,13-05-2024 09:55,2024-05-13 09:55:00,2024,5,13,9,134,31.7
CWPRS campus,18.446944,73.785,13-05-2024 10:00,2024-05-13 10:00:00,2024,5,13,10,134,31.8
CWPRS campus,18.446944,73.785,13-05-2024 10:05,2024-05-13 10:05:00,2024,5,13,10,134,32.0
CWPRS campus,18.446944,73.785,13-05-2024 10:10,2024-05-13 10:10:00,2024,5,13,10,134,31.9
CWPRS campus,18.446944,73.785,13-05-2024 10:15,2024-05-13 10:15:00,2024,5,13,10,134,32.2
CWPRS campus,18.446944,73.785,13-05-2024 10:20,2024-05-13 10:20:00,2024,5,13,10,134,32.3
CWPRS campus,18.446944,73.785,13-05-2024 10:25,2024-05-13 10:25:00,2024,5,13,10,134,32.4
CWPRS campus,18.446944,73.785,13-05-2024 10:30,2024-05-13 10:30:00,2024,5,13,10,134,32.7
CWPRS campus,18.446944,73.785,13-05-2024 10:35,2024-05-13 10:35:00,2024,5,13,10,134,32.7
CWPRS campus,18.446944,73.785,13-05-2024 10:40,2024-05-13 10:40:00,2024,5,13,10,134,32.6
CWPRS campus,18.446944,73.785,13-05-2024 10:45,2024-05-13 10:45:00,2024,5,13,10,134,32.5
CWPRS campus,18.446944,73.785,13-05-2024 10:50,2024-05-13 10:50:00,2024,5,13,10,134,32.7
CWPRS campus,18.446944,73.785,13-05-2024 10:55,2024-05-13 10:55:00,2024,5,13,10,134,32.7
CWPRS campus,18.446944,73.785,13-05-2024 11:00,2024-05-13 11:00:00,2024,5,13,11,134,33.1
CWPRS campus,18.446944,73.785,13-05-2024 11:05,2024-05-13 11:05:00,2024,5,13,11,134,32.9
CWPRS campus,18.446944,73.785,13-05-2024 11:10,2024-05-13 11:10:00,2024,5,13,11,134,33.3
CWPRS campus,18.446944,73.785,13-05-2024 11:15,2024-05-13 11:15:00,2024,5,13,11,134,33.5
CWPRS campus,18.446944,73.785,13-05-2024 11:20,2024-05-13 11:20:00,2024,5,13,11,134,33.6
CWPRS campus,18.446944,73.785,13-05-2024 11:25,2024-05-13 11:25:00,2024,5,13,11,134,33.6
CWPRS campus,18.446944,73.785,13-05-2024 11:30,2024-05-13 11:30:00,2024,5,13,11,134,33.8
CWPRS campus,18.446944,73.785,13-05-2024 11:35,2024-05-13 11:35:00,2024,5,13,11,134,33.9
CWPRS campus,18.446944,73.785,13-05-2024 11:40,2024-05-13 11:40:00,2024,5,13,11,134,34.2
CWPRS campus,18.446944,73.785,13-05-2024 11:45,2024-05-13 11:45:00,2024,5,13,11,134,34.3
CWPRS campus,18.446944,73.785,13-05-2024 11:50,2024-05-13 11:50:00,2024,5,13,11,134,34.4
CWPRS campus,18.446944,73.785,13-05-2024 11:55,2024-05-13 11:55:00,2024,5,13,11,134,34.5
CWPRS campus,18.446944,73.785,13-05-2024 12:00,2024-05-13 12:00:00,2024,5,13,12,134,34.5
CWPRS campus,18.446944,73.785,13-05-2024 12:05,2024-05-13 12:05:00,2024,5,13,12,134,34.7
CWPRS campus,18.446944,73.785,13-05-2024 12:10,2024-05-13 12:10:00,2024,5,13,12,134,34.5
CWPRS campus,18.446944,73.785,13-05-2024 12:15,2024-05-13 12:15:00,2024,5,13,12,134,34.4
CWPRS campus,18.446944,73.785,13-05-2024 12:20,2024-05-13 12:20:00,2024,5,13,12,134,34.6
CWPRS campus,18.446944,73.785,13-05-2024 12:25,2024-05-13 12:25:00,2024,5,13,12,134,34.7
CWPRS campus,18.446944,73.785,13-05-2024 12:30,2024-05-13 12:30:00,2024,5,13,12,134,34.8
CWPRS campus,18.446944,73.785,13-05-2024 12:35,2024-05-13 12:35:00,2024,5,13,12,134,34.9
CWPRS campus,18.446944,73.785,13-05-2024 12:40,2024-05-13 12:40:00,2024,5,13,12,134,35.0
CWPRS campus,18.446944,73.785,13-05-2024 12:45,2024-05-13 12:45:00,2024,5,13,12,134,35.0
CWPRS campus,18.446944,73.785,13-05-2024 12:50,2024-05-13 12:50:00,2024,5,13,12,134,35.0
CWPRS campus,18.446944,73.785,13-05-2024 12:55,2024-05-13 12:55:00,2024,5,13,12,134,35.1
CWPRS campus,18.446944,73.785,13-05-2024 13:00,2024-05-13 13:00:00,2024,5,13,13,134,35.0
CWPRS campus,18.446944,73.785,13-05-2024 13:05,2024-05-13 13:05:00,2024,5,13,13,134,35.2
CWPRS campus,18.446944,73.785,13-05-2024 13:10,2024-05-13 13:10:00,2024,5,13,13,134,35.0
CWPRS campus,18.446944,73.785,13-05-2024 13:15,2024-05-13 13:15:00,2024,5,13,13,134,35.2
CWPRS campus,18.446944,73.785,13-05-2024 13:20,2024-05-13 13:20:00,2024,5,13,13,134,35.4
CWPRS campus,18.446944,73.785,13-05-2024 13:25,2024-05-13 13:25:00,2024,5,13,13,134,35.5
CWPRS campus,18.446944,73.785,13-05-2024 13:30,2024-05-13 13:30:00,2024,5,13,13,134,35.7
CWPRS campus,18.446944,73.785,13-05-2024 13:35,2024-05-13 13:35:00,2024,5,13,13,134,35.9
CWPRS campus,18.446944,73.785,13-05-2024 13:40,2024-05-13 13:40:00,2024,5,13,13,134,36.1
CWPRS campus,18.446944,73.785,13-05-2024 13:45,2024-05-13 13:45:00,2024,5,13,13,134,35.9
CWPRS campus,18.446944,73.785,13-05-2024 13:50,2024-05-13 13:50:00,2024,5,13,13,134,35.7
CWPRS campus,18.446944,73.785,13-05-2024 13:55,2024-05-13 13:55:00,2024,5,13,13,134,35.6
CWPRS campus,18.446944,73.785,13-05-2024 14:00,2024-05-13 14:00:00,2024,5,13,14,134,35.7
CWPRS campus,18.446944,73.785,13-05-2024 14:05,2024-05-13 14:05:00,2024,5,13,14,134,35.8
CWPRS campus,18.446944,73.785,13-05-2024 14:10,2024-05-13 14:10:00,2024,5,13,14,134,35.7
CWPRS campus,18.446944,73.785,13-05-2024 14:15,2024-05-13 14:15:00,2024,5,13,14,134,35.8
CWPRS campus,18.446944,73.785,13-05-2024 14:20,2024-05-13 14:20:00,2024,5,13,14,134,35.7
CWPRS campus,18.446944,73.785,13-05-2024 14:25,2024-05-13 14:25:00,2024,5,13,14,134,35.6
CWPRS campus,18.446944,73.785,13-05-2024 14:30,2024-05-13 14:30:00,2024,5,13,14,134,35.4
CWPRS campus,18.446944,73.785,13-05-2024 14:35,2024-05-13 14:35:00,2024,5,13,14,134,35.3
CWPRS campus,18.446944,73.785,13-05-2024 14:40,2024-05-13 14:40:00,2024,5,13,14,134,35.1
CWPRS campus,18.446944,73.785,13-05-2024 14:45,2024-05-13 14:45:00,2024,5,13,14,134,35.0
CWPRS campus,18.446944,73.785,13-05-2024 14:50,2024-05-13 14:50:00,2024,5,13,14,134,35.2
CWPRS campus,18.446944,73.785,13-05-2024 14:55,2024-05-13 14:55:00,2024,5,13,14,134,35.1
CWPRS campus,18.446944,73.785,13-05-2024 15:00,2024-05-13 15:00:00,2024,5,13,15,134,35.5
CWPRS campus,18.446944,73.785,13-05-2024 15:05,2024-05-13 15:05:00,2024,5,13,15,134,35.6
CWPRS campus,18.446944,73.785,13-05-2024 15:10,2024-05-13 15:10:00,2024,5,13,15,134,35.6
CWPRS campus,18.446944,73.785,13-05-2024 15:15,2024-05-13 15:15:00,2024,5,13,15,134,35.5
CWPRS campus,18.446944,73.785,13-05-2024 15:20,2024-05-13 15:20:00,2024,5,13,15,134,35.6
CWPRS campus,18.446944,73.785,13-05-2024 15:25,2024-05-13 15:25:00,2024,5,13,15,134,35.4
CWPRS campus,18.446944,73.785,13-05-2024 15:30,2024-05-13 15:30:00,2024,5,13,15,134,35.4
CWPRS campus,18.446944,73.785,13-05-2024 15:35,2024-05-13 15:35:00,2024,5,13,15,134,35.8
CWPRS campus,18.446944,73.785,13-05-2024 15:40,2024-05-13 15:40:00,2024,5,13,15,134,35.7
CWPRS campus,18.446944,73.785,13-05-2024 15:45,2024-05-13 15:45:00,2024,5,13,15,134,35.9
CWPRS campus,18.446944,73.785,13-05-2024 15:50,2024-05-13 15:50:00,2024,5,13,15,134,35.7
CWPRS campus,18.446944,73.785,13-05-2024 15:55,2024-05-13 15:55:00,2024,5,13,15,134,35.6
CWPRS campus,18.446944,73.785,13-05-2024 16:00,2024-05-13 16:00:00,2024,5,13,16,134,35.8
CWPRS campus,18.446944,73.785,13-05-2024 16:05,2024-05-13 16:05:00,2024,5,13,16,134,35.7
CWPRS campus,18.446944,73.785,13-05-2024 16:10,2024-05-13 16:10:00,2024,5,13,16,134,35.9
CWPRS campus,18.446944,73.785,13-05-2024 16:15,2024-05-13 16:15:00,2024,5,13,16,134,35.9
CWPRS campus,18.446944,73.785,13-05-2024 16:20,2024-05-13 16:20:00,2024,5,13,16,134,35.7
CWPRS campus,18.446944,73.785,13-05-2024 16:25,2024-05-13 16:25:00,2024,5,13,16,134,35.7
CWPRS campus,18.446944,73.785,13-05-2024 16:30,2024-05-13 16:30:00,2024,5,13,16,134,35.7
CWPRS campus,18.446944,73.785,13-05-2024 16:35,2024-05-13 16:35:00,2024,5,13,16,134,35.7
CWPRS campus,18.446944,73.785,13-05-2024 16:40,2024-05-13 16:40:00,2024,5,13,16,134,35.4
CWPRS campus,18.446944,73.785,13-05-2024 16:45,2024-05-13 16:45:00,2024,5,13,16,134,35.2
CWPRS campus,18.446944,73.785,13-05-2024 16:50,2024-05-13 16:50:00,2024,5,13,16,134,35.0
CWPRS campus,18.446944,73.785,13-05-2024 16:55,2024-05-13 16:55:00,2024,5,13,16,134,34.9
CWPRS campus,18.446944,73.785,13-05-2024 17:00,2024-05-13 17:00:00,2024,5,13,17,134,34.9
CWPRS campus,18.446944,73.785,13-05-2024 17:05,2024-05-13 17:05:00,2024,5,13,17,134,34.8
CWPRS campus,18.446944,73.785,13-05-2024 17:10,2024-05-13 17:10:00,2024,5,13,17,134,34.5
CWPRS campus,18.446944,73.785,13-05-2024 17:15,2024-05-13 17:15:00,2024,5,13,17,134,34.5
CWPRS campus,18.446944,73.785,13-05-2024 17:20,2024-05-13 17:20:00,2024,5,13,17,134,34.4
CWPRS campus,18.446944,73.785,13-05-2024 17:25,2024-05-13 17:25:00,2024,5,13,17,134,34.4
CWPRS campus,18.446944,73.785,13-05-2024 17:30,2024-05-13 17:30:00,2024,5,13,17,134,34.4
CWPRS campus,18.446944,73.785,13-05-2024 17:35,2024-05-13 17:35:00,2024,5,13,17,134,34.4
CWPRS campus,18.446944,73.785,13-05-2024 17:40,2024-05-13 17:40:00,2024,5,13,17,134,34.4
CWPRS campus,18.446944,73.785,13-05-2024 17:45,2024-05-13 17:45:00,2024,5,13,17,134,34.2
CWPRS campus,18.446944,73.785,13-05-2024 17:50,2024-05-13 17:50:00,2024,5,13,17,134,33.8
CWPRS campus,18.446944,73.785,13-05-2024 17:55,2024-05-13 17:55:00,2024,5,13,17,134,33.8
CWPRS campus,18.446944,73.785,13-05-2024 18:00,2024-05-13 18:00:00,2024,5,13,18,134,33.7
CWPRS campus,18.446944,73.785,13-05-2024 18:05,2024-05-13 18:05:00,2024,5,13,18,134,33.6
CWPRS campus,18.446944,73.785,13-05-2024 18:10,2024-05-13 18:10:00,2024,5,13,18,134,33.2
CWPRS campus,18.446944,73.785,13-05-2024 18:15,2024-05-13 18:15:00,2024,5,13,18,134,32.9
CWPRS campus,18.446944,73.785,13-05-2024 18:20,2024-05-13 18:20:00,2024,5,13,18,134,33.0
CWPRS campus,18.446944,73.785,13-05-2024 18:25,2024-05-13 18:25:00,2024,5,13,18,134,32.8
CWPRS campus,18.446944,73.785,13-05-2024 18:30,2024-05-13 18:30:00,2024,5,13,18,134,32.8
CWPRS campus,18.446944,73.785,13-05-2024 18:35,2024-05-13 18:35:00,2024,5,13,18,134,32.7
CWPRS campus,18.446944,73.785,13-05-2024 18:40,2024-05-13 18:40:00,2024,5,13,18,134,32.5
CWPRS campus,18.446944,73.785,13-05-2024 18:45,2024-05-13 18:45:00,2024,5,13,18,134,32.5
CWPRS campus,18.446944,73.785,13-05-2024 18:50,2024-05-13 18:50:00,2024,5,13,18,134,32.3
CWPRS campus,18.446944,73.785,13-05-2024 18:55,2024-05-13 18:55:00,2024,5,13,18,134,32.1
CWPRS campus,18.446944,73.785,13-05-2024 19:00,2024-05-13 19:00:00,2024,5,13,19,134,31.9
CWPRS campus,18.446944,73.785,13-05-2024 19:05,2024-05-13 19:05:00,2024,5,13,19,134,31.7
CWPRS campus,18.446944,73.785,13-05-2024 19:10,2024-05-13 19:10:00,2024,5,13,19,134,31.5
CWPRS campus,18.446944,73.785,13-05-2024 19:15,2024-05-13 19:15:00,2024,5,13,19,134,31.4
CWPRS campus,18.446944,73.785,13-05-2024 19:20,2024-05-13 19:20:00,2024,5,13,19,134,31.2
CWPRS campus,18.446944,73.785,13-05-2024 19:25,2024-05-13 19:25:00,2024,5,13,19,134,31.2
CWPRS campus,18.446944,73.785,13-05-2024 19:30,2024-05-13 19:30:00,2024,5,13,19,134,30.9
CWPRS campus,18.446944,73.785,13-05-2024 19:35,2024-05-13 19:35:00,2024,5,13,19,134,30.8
CWPRS campus,18.446944,73.785,13-05-2024 19:40,2024-05-13 19:40:00,2024,5,13,19,134,30.6
CWPRS campus,18.446944,73.785,13-05-2024 19:45,2024-05-13 19:45:00,2024,5,13,19,134,30.6
CWPRS campus,18.446944,73.785,13-05-2024 19:50,2024-05-13 19:50:00,2024,5,13,19,134,30.5
CWPRS campus,18.446944,73.785,13-05-2024 19:55,2024-05-13 19:55:00,2024,5,13,19,134,30.5
CWPRS campus,18.446944,73.785,13-05-2024 20:00,2024-05-13 20:00:00,2024,5,13,20,134,30.1
CWPRS campus,18.446944,73.785,13-05-2024 20:05,2024-05-13 20:05:00,2024,5,13,20,134,30.0
CWPRS campus,18.446944,73.785,13-05-2024 20:10,2024-05-13 20:10:00,2024,5,13,20,134,30.0
CWPRS campus,18.446944,73.785,13-05-2024 20:15,2024-05-13 20:15:00,2024,5,13,20,134,29.8
CWPRS campus,18.446944,73.785,13-05-2024 20:20,2024-05-13 20:20:00,2024,5,13,20,134,29.8
CWPRS campus,18.446944,73.785,13-05-2024 20:25,2024-05-13 20:25:00,2024,5,13,20,134,29.6
CWPRS campus,18.446944,73.785,13-05-2024 20:30,2024-05-13 20:30:00,2024,5,13,20,134,29.6
CWPRS campus,18.446944,73.785,13-05-2024 20:35,2024-05-13 20:35:00,2024,5,13,20,134,29.8
CWPRS campus,18.446944,73.785,13-05-2024 20:40,2024-05-13 20:40:00,2024,5,13,20,134,29.6
CWPRS campus,18.446944,73.785,13-05-2024 20:45,2024-05-13 20:45:00,2024,5,13,20,134,29.3
CWPRS campus,18.446944,73.785,13-05-2024 20:50,2024-05-13 20:50:00,2024,5,13,20,134,29.3
CWPRS campus,18.446944,73.785,13-05-2024 20:55,2024-05-13 20:55:00,2024,5,13,20,134,29.4
CWPRS campus,18.446944,73.785,13-05-2024 21:00,2024-05-13 21:00:00,2024,5,13,21,134,29.1
CWPRS campus,18.446944,73.785,13-05-2024 21:05,2024-05-13 21:05:00,2024,5,13,21,134,28.9
CWPRS campus,18.446944,73.785,13-05-2024 21:10,2024-05-13 21:10:00,2024,5,13,21,134,28.6
CWPRS campus,18.446944,73.785,13-05-2024 21:15,2024-05-13 21:15:00,2024,5,13,21,134,28.3
CWPRS campus,18.446944,73.785,13-05-2024 21:20,2024-05-13 21:20:00,2024,5,13,21,134,27.9
CWPRS campus,18.446944,73.785,13-05-2024 21:25,2024-05-13 21:25:00,2024,5,13,21,134,27.6
CWPRS campus,18.446944,73.785,13-05-2024 21:30,2024-05-13 21:30:00,2024,5,13,21,134,27.4
CWPRS campus,18.446944,73.785,13-05-2024 21:35,2024-05-13 21:35:00,2024,5,13,21,134,27.2
CWPRS campus,18.446944,73.785,13-05-2024 21:40,2024-05-13 21:40:00,2024,5,13,21,134,27.1
CWPRS campus,18.446944,73.785,13-05-2024 21:45,2024-05-13 21:45:00,2024,5,13,21,134,27.2
CWPRS campus,18.446944,73.785,13-05-2024 21:50,2024-05-13 21:50:00,2024,5,13,21,134,26.9
CWPRS campus,18.446944,73.785,13-05-2024 21:55,2024-05-13 21:55:00,2024,5,13,21,134,26.9
CWPRS campus,18.446944,73.785,13-05-2024 22:00,2024-05-13 22:00:00,2024,5,13,22,134,26.7
CWPRS campus,18.446944,73.785,13-05-2024 22:05,2024-05-13 22:05:00,2024,5,13,22,134,26.6
CWPRS campus,18.446944,73.785,13-05-2024 22:10,2024-05-13 22:10:00,2024,5,13,22,134,26.5
CWPRS campus,18.446944,73.785,13-05-2024 22:15,2024-05-13 22:15:00,2024,5,13,22,134,26.2
CWPRS campus,18.446944,73.785,13-05-2024 22:20,2024-05-13 22:20:00,2024,5,13,22,134,26.1
CWPRS campus,18.446944,73.785,13-05-2024 22:25,2024-05-13 22:25:00,2024,5,13,22,134,26.0
CWPRS campus,18.446944,73.785,13-05-2024 22:30,2024-05-13 22:30:00,2024,5,13,22,134,26.0
CWPRS campus,18.446944,73.785,13-05-2024 22:35,2024-05-13 22:35:00,2024,5,13,22,134,25.9
CWPRS campus,18.446944,73.785,13-05-2024 22:40,2024-05-13 22:40:00,2024,5,13,22,134,26.1
CWPRS campus,18.446944,73.785,13-05-2024 22:45,2024-05-13 22:45:00,2024,5,13,22,134,25.8
CWPRS campus,18.446944,73.785,13-05-2024 22:50,2024-05-13 22:50:00,2024,5,13,22,134,25.6
CWPRS campus,18.446944,73.785,13-05-2024 22:55,2024-05-13 22:55:00,2024,5,13,22,134,25.4
CWPRS campus,18.446944,73.785,13-05-2024 23:00,2024-05-13 23:00:00,2024,5,13,23,134,25.2
CWPRS campus,18.446944,73.785,13-05-2024 23:05,2024-05-13 23:05:00,2024,5,13,23,134,25.0
CWPRS campus,18.446944,73.785,13-05-2024 23:10,2024-05-13 23:10:00,2024,5,13,23,134,25.0
CWPRS campus,18.446944,73.785,13-05-2024 23:15,2024-05-13 23:15:00,2024,5,13,23,134,25.1
CWPRS campus,18.446944,73.785,13-05-2024 23:20,2024-05-13 23:20:00,2024,5,13,23,134,24.9
CWPRS campus,18.446944,73.785,13-05-2024 23:25,2024-05-13 23:25:00,2024,5,13,23,134,24.6
CWPRS campus,18.446944,73.785,13-05-2024 23:30,2024-05-13 23:30:00,2024,5,13,23,134,24.6
CWPRS campus,18.446944,73.785,13-05-2024 23:35,2024-05-13 23:35:00,2024,5,13,23,134,24.4
CWPRS campus,18.446944,73.785,13-05-2024 23:40,2024-05-13 23:40:00,2024,5,13,23,134,24.4
CWPRS campus,18.446944,73.785,13-05-2024 23:45,2024-05-13 23:45:00,2024,5,13,23,134,24.3
CWPRS campus,18.446944,73.785,13-05-2024 23:50,2024-05-13 23:50:00,2024,5,13,23,134,24.0
CWPRS campus,18.446944,73.785,13-05-2024 23:55,2024-05-13 23:55:00,2024,5,13,23,134,24.1
CWPRS campus,18.446944,73.785,14-05-2024 00:00,2024-05-14 00:00:00,2024,5,14,0,135,24.3
CWPRS campus,18.446944,73.785,14-05-2024 00:05,2024-05-14 00:05:00,2024,5,14,0,135,24.1
CWPRS campus,18.446944,73.785,14-05-2024 00:10,2024-05-14 00:10:00,2024,5,14,0,135,23.9
CWPRS campus,18.446944,73.785,14-05-2024 00:15,2024-05-14 00:15:00,2024,5,14,0,135,23.9
CWPRS campus,18.446944,73.785,14-05-2024 00:20,2024-05-14 00:20:00,2024,5,14,0,135,23.8
CWPRS campus,18.446944,73.785,14-05-2024 00:25,2024-05-14 00:25:00,2024,5,14,0,135,23.8
CWPRS campus,18.446944,73.785,14-05-2024 00:30,2024-05-14 00:30:00,2024,5,14,0,135,24.0
CWPRS campus,18.446944,73.785,14-05-2024 00:35,2024-05-14 00:35:00,2024,5,14,0,135,23.9
CWPRS campus,18.446944,73.785,14-05-2024 00:40,2024-05-14 00:40:00,2024,5,14,0,135,23.7
CWPRS campus,18.446944,73.785,14-05-2024 00:45,2024-05-14 00:45:00,2024,5,14,0,135,23.4
CWPRS campus,18.446944,73.785,14-05-2024 00:50,2024-05-14 00:50:00,2024,5,14,0,135,23.2
CWPRS campus,18.446944,73.785,14-05-2024 00:55,2024-05-14 00:55:00,2024,5,14,0,135,23.1
CWPRS campus,18.446944,73.785,14-05-2024 01:00,2024-05-14 01:00:00,2024,5,14,1,135,23.3
CWPRS campus,18.446944,73.785,14-05-2024 01:05,2024-05-14 01:05:00,2024,5,14,1,135,23.2
CWPRS campus,18.446944,73.785,14-05-2024 01:10,2024-05-14 01:10:00,2024,5,14,1,135,23.2
CWPRS campus,18.446944,73.785,14-05-2024 01:15,2024-05-14 01:15:00,2024,5,14,1,135,23.1
CWPRS campus,18.446944,73.785,14-05-2024 01:20,2024-05-14 01:20:00,2024,5,14,1,135,23.2
CWPRS campus,18.446944,73.785,14-05-2024 01:25,2024-05-14 01:25:00,2024,5,14,1,135,23.5
CWPRS campus,18.446944,73.785,14-05-2024 01:30,2024-05-14 01:30:00,2024,5,14,1,135,23.4
CWPRS campus,18.446944,73.785,14-05-2024 01:35,2024-05-14 01:35:00,2024,5,14,1,135,23.2
CWPRS campus,18.446944,73.785,14-05-2024 01:40,2024-05-14 01:40:00,2024,5,14,1,135,23.3
CWPRS campus,18.446944,73.785,14-05-2024 01:45,2024-05-14 01:45:00,2024,5,14,1,135,23.4
CWPRS campus,18.446944,73.785,14-05-2024 01:50,2024-05-14 01:50:00,2024,5,14,1,135,23.6
CWPRS campus,18.446944,73.785,14-05-2024 01:55,2024-05-14 01:55:00,2024,5,14,1,135,23.6
CWPRS campus,18.446944,73.785,14-05-2024 02:00,2024-05-14 02:00:00,2024,5,14,2,135,23.5
CWPRS campus,18.446944,73.785,14-05-2024 02:05,2024-05-14 02:05:00,2024,5,14,2,135,23.5
CWPRS campus,18.446944,73.785,14-05-2024 02:10,2024-05-14 02:10:00,2024,5,14,2,135,23.6
CWPRS campus,18.446944,73.785,14-05-2024 02:15,2024-05-14 02:15:00,2024,5,14,2,135,23.7
CWPRS campus,18.446944,73.785,14-05-2024 02:20,2024-05-14 02:20:00,2024,5,14,2,135,23.7
CWPRS campus,18.446944,73.785,14-05-2024 02:25,2024-05-14 02:25:00,2024,5,14,2,135,23.8
CWPRS campus,18.446944,73.785,14-05-2024 02:30,2024-05-14 02:30:00,2024,5,14,2,135,23.9
CWPRS campus,18.446944,73.785,14-05-2024 02:35,2024-05-14 02:35:00,2024,5,14,2,135,24.1
CWPRS campus,18.446944,73.785,14-05-2024 02:40,2024-05-14 02:40:00,2024,5,14,2,135,24.1
CWPRS campus,18.446944,73.785,14-05-2024 02:45,2024-05-14 02:45:00,2024,5,14,2,135,24.0
CWPRS campus,18.446944,73.785,14-05-2024 02:50,2024-05-14 02:50:00,2024,5,14,2,135,24.0
CWPRS campus,18.446944,73.785,14-05-2024 02:55,2024-05-14 02:55:00,2024,5,14,2,135,24.1
CWPRS campus,18.446944,73.785,14-05-2024 03:00,2024-05-14 03:00:00,2024,5,14,3,135,23.9
CWPRS campus,18.446944,73.785,14-05-2024 03:05,2024-05-14 03:05:00,2024,5,14,3,135,24.0
CWPRS campus,18.446944,73.785,14-05-2024 03:10,2024-05-14 03:10:00,2024,5,14,3,135,23.9
CWPRS campus,18.446944,73.785,14-05-2024 03:15,2024-05-14 03:15:00,2024,5,14,3,135,23.9
CWPRS campus,18.446944,73.785,14-05-2024 03:20,2024-05-14 03:20:00,2024,5,14,3,135,24.0
CWPRS campus,18.446944,73.785,14-05-2024 03:25,2024-05-14 03:25:00,2024,5,14,3,135,24.0
CWPRS campus,18.446944,73.785,14-05-2024 03:30,2024-05-14 03:30:00,2024,5,14,3,135,24.0
CWPRS campus,18.446944,73.785,14-05-2024 03:35,2024-05-14 03:35:00,2024,5,14,3,135,23.8
CWPRS campus,18.446944,73.785,14-05-2024 03:40,2024-05-14 03:40:00,2024,5,14,3,135,23.9
CWPRS campus,18.446944,73.785,14-05-2024 03:45,2024-05-14 03:45:00,2024,5,14,3,135,24.0
CWPRS campus,18.446944,73.785,14-05-2024 03:50,2024-05-14 03:50:00,2024,5,14,3,135,24.4
CWPRS campus,18.446944,73.785,14-05-2024 03:55,2024-05-14 03:55:00,2024,5,14,3,135,24.3
CWPRS campus,18.446944,73.785,14-05-2024 04:00,2024-05-14 04:00:00,2024,5,14,4,135,24.4
CWPRS campus,18.446944,73.785,14-05-2024 04:05,2024-05-14 04:05:00,2024,5,14,4,135,24.4
CWPRS campus,18.446944,73.785,14-05-2024 04:10,2024-05-14 04:10:00,2024,5,14,4,135,24.7
CWPRS campus,18.446944,73.785,14-05-2024 04:15,2024-05-14 04:15:00,2024,5,14,4,135,24.6
CWPRS campus,18.446944,73.785,14-05-2024 04:20,2024-05-14 04:20:00,2024,5,14,4,135,24.7
CWPRS campus,18.446944,73.785,14-05-2024 04:25,2024-05-14 04:25:00,2024,5,14,4,135,24.8
CWPRS campus,18.446944,73.785,14-05-2024 04:30,2024-05-14 04:30:00,2024,5,14,4,135,24.9
CWPRS campus,18.446944,73.785,14-05-2024 04:35,2024-05-14 04:35:00,2024,5,14,4,135,24.8
CWPRS campus,18.446944,73.785,14-05-2024 04:40,2024-05-14 04:40:00,2024,5,14,4,135,24.9
CWPRS campus,18.446944,73.785,14-05-2024 04:45,2024-05-14 04:45:00,2024,5,14,4,135,25.1
CWPRS campus,18.446944,73.785,14-05-2024 04:50,2024-05-14 04:50:00,2024,5,14,4,135,25.0
CWPRS campus,18.446944,73.785,14-05-2024 04:55,2024-05-14 04:55:00,2024,5,14,4,135,25.0
CWPRS campus,18.446944,73.785,14-05-2024 05:00,2024-05-14 05:00:00,2024,5,14,5,135,25.0
CWPRS campus,18.446944,73.785,14-05-2024 05:05,2024-05-14 05:05:00,2024,5,14,5,135,25.2
CWPRS campus,18.446944,73.785,14-05-2024 05:10,2024-05-14 05:10:00,2024,5,14,5,135,25.1
CWPRS campus,18.446944,73.785,14-05-2024 05:15,2024-05-14 05:15:00,2024,5,14,5,135,25.0
CWPRS campus,18.446944,73.785,14-05-2024 05:20,2024-05-14 05:20:00,2024,5,14,5,135,25.2
CWPRS campus,18.446944,73.785,14-05-2024 05:25,2024-05-14 05:25:00,2024,5,14,5,135,25.5
CWPRS campus,18.446944,73.785,14-05-2024 05:30,2024-05-14 05:30:00,2024,5,14,5,135,25.6
CWPRS campus,18.446944,73.785,14-05-2024 05:35,2024-05-14 05:35:00,2024,5,14,5,135,25.6
CWPRS campus,18.446944,73.785,14-05-2024 05:40,2024-05-14 05:40:00,2024,5,14,5,135,25.9
CWPRS campus,18.446944,73.785,14-05-2024 05:45,2024-05-14 05:45:00,2024,5,14,5,135,25.8
CWPRS campus,18.446944,73.785,14-05-2024 05:50,2024-05-14 05:50:00,2024,5,14,5,135,25.6
CWPRS campus,18.446944,73.785,14-05-2024 05:55,2024-05-14 05:55:00,2024,5,14,5,135,25.7
CWPRS campus,18.446944,73.785,14-05-2024 06:00,2024-05-14 06:00:00,2024,5,14,6,135,25.8
CWPRS campus,18.446944,73.785,14-05-2024 06:05,2024-05-14 06:05:00,2024,5,14,6,135,25.8
CWPRS campus,18.446944,73.785,14-05-2024 06:10,2024-05-14 06:10:00,2024,5,14,6,135,26.0
CWPRS campus,18.446944,73.785,14-05-2024 06:15,2024-05-14 06:15:00,2024,5,14,6,135,26.2
CWPRS campus,18.446944,73.785,14-05-2024 06:20,2024-05-14 06:20:00,2024,5,14,6,135,26.2
CWPRS campus,18.446944,73.785,14-05-2024 06:25,2024-05-14 06:25:00,2024,5,14,6,135,26.1
CWPRS campus,18.446944,73.785,14-05-2024 06:30,2024-05-14 06:30:00,2024,5,14,6,135,26.4
CWPRS campus,18.446944,73.785,14-05-2024 06:35,2024-05-14 06:35:00,2024,5,14,6,135,26.7
CWPRS campus,18.446944,73.785,14-05-2024 06:40,2024-05-14 06:40:00,2024,5,14,6,135,26.8
CWPRS campus,18.446944,73.785,14-05-2024 06:45,2024-05-14 06:45:00,2024,5,14,6,135,27.2
CWPRS campus,18.446944,73.785,14-05-2024 06:50,2024-05-14 06:50:00,2024,5,14,6,135,27.2
CWPRS campus,18.446944,73.785,14-05-2024 06:55,2024-05-14 06:55:00,2024,5,14,6,135,27.1
CWPRS campus,18.446944,73.785,14-05-2024 07:00,2024-05-14 07:00:00,2024,5,14,7,135,27.1
CWPRS campus,18.446944,73.785,14-05-2024 07:05,2024-05-14 07:05:00,2024,5,14,7,135,27.3
CWPRS campus,18.446944,73.785,14-05-2024 07:10,2024-05-14 07:10:00,2024,5,14,7,135,27.5
CWPRS campus,18.446944,73.785,14-05-2024 07:15,2024-05-14 07:15:00,2024,5,14,7,135,27.6
CWPRS campus,18.446944,73.785,14-05-2024 07:20,2024-05-14 07:20:00,2024,5,14,7,135,27.8
CWPRS campus,18.446944,73.785,14-05-2024 07:25,2024-05-14 07:25:00,2024,5,14,7,135,27.8
CWPRS campus,18.446944,73.785,14-05-2024 07:30,2024-05-14 07:30:00,2024,5,14,7,135,28.2
CWPRS campus,18.446944,73.785,14-05-2024 07:35,2024-05-14 07:35:00,2024,5,14,7,135,28.3
CWPRS campus,18.446944,73.785,14-05-2024 07:40,2024-05-14 07:40:00,2024,5,14,7,135,28.6
CWPRS campus,18.446944,73.785,14-05-2024 07:45,2024-05-14 07:45:00,2024,5,14,7,135,28.8
CWPRS campus,18.446944,73.785,14-05-2024 07:50,2024-05-14 07:50:00,2024,5,14,7,135,29.1
CWPRS campus,18.446944,73.785,14-05-2024 07:55,2024-05-14 07:55:00,2024,5,14,7,135,29.3
CWPRS campus,18.446944,73.785,14-05-2024 08:00,2024-05-14 08:00:00,2024,5,14,8,135,29.5
CWPRS campus,18.446944,73.785,14-05-2024 08:05,2024-05-14 08:05:00,2024,5,14,8,135,29.7
CWPRS campus,18.446944,73.785,14-05-2024 08:10,2024-05-14 08:10:00,2024,5,14,8,135,30.1
CWPRS campus,18.446944,73.785,14-05-2024 08:15,2024-05-14 08:15:00,2024,5,14,8,135,30.2
CWPRS campus,18.446944,73.785,14-05-2024 08:20,2024-05-14 08:20:00,2024,5,14,8,135,30.5
CWPRS campus,18.446944,73.785,14-05-2024 08:25,2024-05-14 08:25:00,2024,5,14,8,135,30.6
CWPRS campus,18.446944,73.785,14-05-2024 08:30,2024-05-14 08:30:00,2024,5,14,8,135,30.9
CWPRS campus,18.446944,73.785,14-05-2024 08:35,2024-05-14 08:35:00,2024,5,14,8,135,31.0
CWPRS campus,18.446944,73.785,14-05-2024 08:40,2024-05-14 08:40:00,2024,5,14,8,135,31.4
CWPRS campus,18.446944,73.785,14-05-2024 08:45,2024-05-14 08:45:00,2024,5,14,8,135,31.5
CWPRS campus,18.446944,73.785,14-05-2024 08:50,2024-05-14 08:50:00,2024,5,14,8,135,31.4
CWPRS campus,18.446944,73.785,14-05-2024 08:55,2024-05-14 08:55:00,2024,5,14,8,135,31.5
CWPRS campus,18.446944,73.785,14-05-2024 09:00,2024-05-14 09:00:00,2024,5,14,9,135,31.5
CWPRS campus,18.446944,73.785,14-05-2024 09:05,2024-05-14 09:05:00,2024,5,14,9,135,31.8
CWPRS campus,18.446944,73.785,14-05-2024 09:10,2024-05-14 09:10:00,2024,5,14,9,135,31.8
CWPRS campus,18.446944,73.785,14-05-2024 09:15,2024-05-14 09:15:00,2024,5,14,9,135,31.9
CWPRS campus,18.446944,73.785,14-05-2024 09:20,2024-05-14 09:20:00,2024,5,14,9,135,31.8
CWPRS campus,18.446944,73.785,14-05-2024 09:25,2024-05-14 09:25:00,2024,5,14,9,135,31.9
CWPRS campus,18.446944,73.785,14-05-2024 09:30,2024-05-14 09:30:00,2024,5,14,9,135,31.7
CWPRS campus,18.446944,73.785,14-05-2024 09:35,2024-05-14 09:35:00,2024,5,14,9,135,31.6
CWPRS campus,18.446944,73.785,14-05-2024 09:40,2024-05-14 09:40:00,2024,5,14,9,135,31.9
CWPRS campus,18.446944,73.785,14-05-2024 09:45,2024-05-14 09:45:00,2024,5,14,9,135,32.2
CWPRS campus,18.446944,73.785,14-05-2024 09:50,2024-05-14 09:50:00,2024,5,14,9,135,32.4
CWPRS campus,18.446944,73.785,14-05-2024 09:55,2024-05-14 09:55:00,2024,5,14,9,135,32.4
CWPRS campus,18.446944,73.785,14-05-2024 10:00,2024-05-14 10:00:00,2024,5,14,10,135,32.6
CWPRS campus,18.446944,73.785,14-05-2024 10:05,2024-05-14 10:05:00,2024,5,14,10,135,32.8
CWPRS campus,18.446944,73.785,14-05-2024 10:10,2024-05-14 10:10:00,2024,5,14,10,135,32.8
CWPRS campus,18.446944,73.785,14-05-2024 10:15,2024-05-14 10:15:00,2024,5,14,10,135,33.2
CWPRS campus,18.446944,73.785,14-05-2024 10:20,2024-05-14 10:20:00,2024,5,14,10,135,33.4
CWPRS campus,18.446944,73.785,14-05-2024 10:25,2024-05-14 10:25:00,2024,5,14,10,135,33.6
CWPRS campus,18.446944,73.785,14-05-2024 10:30,2024-05-14 10:30:00,2024,5,14,10,135,33.7
CWPRS campus,18.446944,73.785,14-05-2024 10:35,2024-05-14 10:35:00,2024,5,14,10,135,33.9
CWPRS campus,18.446944,73.785,14-05-2024 10:40,2024-05-14 10:40:00,2024,5,14,10,135,33.7
CWPRS campus,18.446944,73.785,14-05-2024 10:45,2024-05-14 10:45:00,2024,5,14,10,135,33.8
CWPRS campus,18.446944,73.785,14-05-2024 10:50,2024-05-14 10:50:00,2024,5,14,10,135,33.9
CWPRS campus,18.446944,73.785,14-05-2024 10:55,2024-05-14 10:55:00,2024,5,14,10,135,33.9
CWPRS campus,18.446944,73.785,14-05-2024 11:00,2024-05-14 11:00:00,2024,5,14,11,135,34.0
CWPRS campus,18.446944,73.785,14-05-2024 11:05,2024-05-14 11:05:00,2024,5,14,11,135,34.5
CWPRS campus,18.446944,73.785,14-05-2024 11:10,2024-05-14 11:10:00,2024,5,14,11,135,34.7
CWPRS campus,18.446944,73.785,14-05-2024 11:15,2024-05-14 11:15:00,2024,5,14,11,135,34.7
CWPRS campus,18.446944,73.785,14-05-2024 11:20,2024-05-14 11:20:00,2024,5,14,11,135,35.0
CWPRS campus,18.446944,73.785,14-05-2024 11:25,2024-05-14 11:25:00,2024,5,14,11,135,35.3
CWPRS campus,18.446944,73.785,14-05-2024 11:30,2024-05-14 11:30:00,2024,5,14,11,135,35.6
CWPRS campus,18.446944,73.785,14-05-2024 11:35,2024-05-14 11:35:00,2024,5,14,11,135,35.7
CWPRS campus,18.446944,73.785,14-05-2024 11:40,2024-05-14 11:40:00,2024,5,14,11,135,35.7
CWPRS campus,18.446944,73.785,14-05-2024 11:45,2024-05-14 11:45:00,2024,5,14,11,135,35.9
CWPRS campus,18.446944,73.785,14-05-2024 11:50,2024-05-14 11:50:00,2024,5,14,11,135,36.1
CWPRS campus,18.446944,73.785,14-05-2024 11:55,2024-05-14 11:55:00,2024,5,14,11,135,36.3
CWPRS campus,18.446944,73.785,14-05-2024 12:00,2024-05-14 12:00:00,2024,5,14,12,135,36.5
CWPRS campus,18.446944,73.785,14-05-2024 12:05,2024-05-14 12:05:00,2024,5,14,12,135,36.7
CWPRS campus,18.446944,73.785,14-05-2024 12:10,2024-05-14 12:10:00,2024,5,14,12,135,36.7
CWPRS campus,18.446944,73.785,14-05-2024 12:15,2024-05-14 12:15:00,2024,5,14,12,135,37.0
CWPRS campus,18.446944,73.785,14-05-2024 12:20,2024-05-14 12:20:00,2024,5,14,12,135,37.1
CWPRS campus,18.446944,73.785,14-05-2024 12:25,2024-05-14 12:25:00,2024,5,14,12,135,37.4
CWPRS campus,18.446944,73.785,14-05-2024 12:30,2024-05-14 12:30:00,2024,5,14,12,135,37.4
CWPRS campus,18.446944,73.785,14-05-2024 12:35,2024-05-14 12:35:00,2024,5,14,12,135,37.7
CWPRS campus,18.446944,73.785,14-05-2024 12:40,2024-05-14 12:40:00,2024,5,14,12,135,37.7
CWPRS campus,18.446944,73.785,14-05-2024 12:45,2024-05-14 12:45:00,2024,5,14,12,135,37.7
CWPRS campus,18.446944,73.785,14-05-2024 12:50,2024-05-14 12:50:00,2024,5,14,12,135,37.6
CWPRS campus,18.446944,73.785,14-05-2024 12:55,2024-05-14 12:55:00,2024,5,14,12,135,37.6
CWPRS campus,18.446944,73.785,14-05-2024 13:00,2024-05-14 13:00:00,2024,5,14,13,135,37.7
CWPRS campus,18.446944,73.785,14-05-2024 13:05,2024-05-14 13:05:00,2024,5,14,13,135,37.8
CWPRS campus,18.446944,73.785,14-05-2024 13:10,2024-05-14 13:10:00,2024,5,14,13,135,37.8
CWPRS campus,18.446944,73.785,14-05-2024 13:15,2024-05-14 13:15:00,2024,5,14,13,135,37.8
CWPRS campus,18.446944,73.785,14-05-2024 13:20,2024-05-14 13:20:00,2024,5,14,13,135,38.2
CWPRS campus,18.446944,73.785,14-05-2024 13:25,2024-05-14 13:25:00,2024,5,14,13,135,38.4
CWPRS campus,18.446944,73.785,14-05-2024 13:30,2024-05-14 13:30:00,2024,5,14,13,135,38.5
CWPRS campus,18.446944,73.785,14-05-2024 13:35,2024-05-14 13:35:00,2024,5,14,13,135,38.5
CWPRS campus,18.446944,73.785,14-05-2024 13:40,2024-05-14 13:40:00,2024,5,14,13,135,38.5
CWPRS campus,18.446944,73.785,14-05-2024 13:45,2024-05-14 13:45:00,2024,5,14,13,135,38.6
CWPRS campus,18.446944,73.785,14-05-2024 13:50,2024-05-14 13:50:00,2024,5,14,13,135,38.4
CWPRS campus,18.446944,73.785,14-05-2024 13:55,2024-05-14 13:55:00,2024,5,14,13,135,38.4
CWPRS campus,18.446944,73.785,14-05-2024 14:00,2024-05-14 14:00:00,2024,5,14,14,135,38.1
CWPRS campus,18.446944,73.785,14-05-2024 14:05,2024-05-14 14:05:00,2024,5,14,14,135,38.2
CWPRS campus,18.446944,73.785,14-05-2024 14:10,2024-05-14 14:10:00,2024,5,14,14,135,38.3
CWPRS campus,18.446944,73.785,14-05-2024 14:15,2024-05-14 14:15:00,2024,5,14,14,135,38.2
CWPRS campus,18.446944,73.785,14-05-2024 14:20,2024-05-14 14:20:00,2024,5,14,14,135,38.4
CWPRS campus,18.446944,73.785,14-05-2024 14:25,2024-05-14 14:25:00,2024,5,14,14,135,38.2
CWPRS campus,18.446944,73.785,14-05-2024 14:30,2024-05-14 14:30:00,2024,5,14,14,135,38.0
CWPRS campus,18.446944,73.785,14-05-2024 14:35,2024-05-14 14:35:00,2024,5,14,14,135,38.0
CWPRS campus,18.446944,73.785,14-05-2024 14:40,2024-05-14 14:40:00,2024,5,14,14,135,38.2
CWPRS campus,18.446944,73.785,14-05-2024 14:45,2024-05-14 14:45:00,2024,5,14,14,135,38.4
CWPRS campus,18.446944,73.785,14-05-2024 14:50,2024-05-14 14:50:00,2024,5,14,14,135,38.3
CWPRS campus,18.446944,73.785,14-05-2024 14:55,2024-05-14 14:55:00,2024,5,14,14,135,38.4
CWPRS campus,18.446944,73.785,14-05-2024 15:00,2024-05-14 15:00:00,2024,5,14,15,135,38.4
CWPRS campus,18.446944,73.785,14-05-2024 15:05,2024-05-14 15:05:00,2024,5,14,15,135,38.3
CWPRS campus,18.446944,73.785,14-05-2024 15:10,2024-05-14 15:10:00,2024,5,14,15,135,38.4
CWPRS campus,18.446944,73.785,14-05-2024 15:15,2024-05-14 15:15:00,2024,5,14,15,135,38.5
CWPRS campus,18.446944,73.785,14-05-2024 15:20,2024-05-14 15:20:00,2024,5,14,15,135,38.2
CWPRS campus,18.446944,73.785,14-05-2024 15:25,2024-05-14 15:25:00,2024,5,14,15,135,38.3
CWPRS campus,18.446944,73.785,14-05-2024 15:30,2024-05-14 15:30:00,2024,5,14,15,135,38.5
CWPRS campus,18.446944,73.785,14-05-2024 15:35,2024-05-14 15:35:00,2024,5,14,15,135,38.3
CWPRS campus,18.446944,73.785,14-05-2024 15:40,2024-05-14 15:40:00,2024,5,14,15,135,38.3
CWPRS campus,18.446944,73.785,14-05-2024 15:45,2024-05-14 15:45:00,2024,5,14,15,135,38.3
CWPRS campus,18.446944,73.785,14-05-2024 15:50,2024-05-14 15:50:00,2024,5,14,15,135,38.3
CWPRS campus,18.446944,73.785,14-05-2024 15:55,2024-05-14 15:55:00,2024,5,14,15,135,38.1
CWPRS campus,18.446944,73.785,14-05-2024 16:00,2024-05-14 16:00:00,2024,5,14,16,135,37.9
CWPRS campus,18.446944,73.785,14-05-2024 16:05,2024-05-14 16:05:00,2024,5,14,16,135,37.8
CWPRS campus,18.446944,73.785,14-05-2024 16:10,2024-05-14 16:10:00,2024,5,14,16,135,37.9
CWPRS campus,18.446944,73.785,14-05-2024 16:15,2024-05-14 16:15:00,2024,5,14,16,135,37.9
CWPRS campus,18.446944,73.785,14-05-2024 16:20,2024-05-14 16:20:00,2024,5,14,16,135,37.8
CWPRS campus,18.446944,73.785,14-05-2024 16:25,2024-05-14 16:25:00,2024,5,14,16,135,37.8
CWPRS campus,18.446944,73.785,14-05-2024 16:30,2024-05-14 16:30:00,2024,5,14,16,135,37.3
CWPRS campus,18.446944,73.785,14-05-2024 16:35,2024-05-14 16:35:00,2024,5,14,16,135,37.4
CWPRS campus,18.446944,73.785,14-05-2024 16:40,2024-05-14 16:40:00,2024,5,14,16,135,37.0
CWPRS campus,18.446944,73.785,14-05-2024 16:45,2024-05-14 16:45:00,2024,5,14,16,135,36.9
CWPRS campus,18.446944,73.785,14-05-2024 16:50,2024-05-14 16:50:00,2024,5,14,16,135,36.6
CWPRS campus,18.446944,73.785,14-05-2024 16:55,2024-05-14 16:55:00,2024,5,14,16,135,36.4
CWPRS campus,18.446944,73.785,14-05-2024 17:00,2024-05-14 17:00:00,2024,5,14,17,135,36.5
CWPRS campus,18.446944,73.785,14-05-2024 17:05,2024-05-14 17:05:00,2024,5,14,17,135,36.3
CWPRS campus,18.446944,73.785,14-05-2024 17:10,2024-05-14 17:10:00,2024,5,14,17,135,36.3
CWPRS campus,18.446944,73.785,14-05-2024 17:15,2024-05-14 17:15:00,2024,5,14,17,135,36.2
CWPRS campus,18.446944,73.785,14-05-2024 17:20,2024-05-14 17:20:00,2024,5,14,17,135,36.2
CWPRS campus,18.446944,73.785,14-05-2024 17:25,2024-05-14 17:25:00,2024,5,14,17,135,36.1
CWPRS campus,18.446944,73.785,14-05-2024 17:30,2024-05-14 17:30:00,2024,5,14,17,135,35.8
CWPRS campus,18.446944,73.785,14-05-2024 17:35,2024-05-14 17:35:00,2024,5,14,17,135,35.9
CWPRS campus,18.446944,73.785,14-05-2024 17:40,2024-05-14 17:40:00,2024,5,14,17,135,35.7
CWPRS campus,18.446944,73.785,14-05-2024 17:45,2024-05-14 17:45:00,2024,5,14,17,135,35.4
CWPRS campus,18.446944,73.785,14-05-2024 17:50,2024-05-14 17:50:00,2024,5,14,17,135,35.2
CWPRS campus,18.446944,73.785,14-05-2024 17:55,2024-05-14 17:55:00,2024,5,14,17,135,35.4
CWPRS campus,18.446944,73.785,14-05-2024 18:00,2024-05-14 18:00:00,2024,5,14,18,135,35.4
CWPRS campus,18.446944,73.785,14-05-2024 18:05,2024-05-14 18:05:00,2024,5,14,18,135,35.2
CWPRS campus,18.446944,73.785,14-05-2024 18:10,2024-05-14 18:10:00,2024,5,14,18,135,35.1
CWPRS campus,18.446944,73.785,14-05-2024 18:15,2024-05-14 18:15:00,2024,5,14,18,135,34.9
CWPRS campus,18.446944,73.785,14-05-2024 18:20,2024-05-14 18:20:00,2024,5,14,18,135,35.1
CWPRS campus,18.446944,73.785,14-05-2024 18:25,2024-05-14 18:25:00,2024,5,14,18,135,35.0
CWPRS campus,18.446944,73.785,14-05-2024 18:30,2024-05-14 18:30:00,2024,5,14,18,135,35.0
CWPRS campus,18.446944,73.785,14-05-2024 18:35,2024-05-14 18:35:00,2024,5,14,18,135,35.0
CWPRS campus,18.446944,73.785,14-05-2024 18:40,2024-05-14 18:40:00,2024,5,14,18,135,34.9
CWPRS campus,18.446944,73.785,14-05-2024 18:45,2024-05-14 18:45:00,2024,5,14,18,135,34.7
CWPRS campus,18.446944,73.785,14-05-2024 18:50,2024-05-14 18:50:00,2024,5,14,18,135,34.5
CWPRS campus,18.446944,73.785,14-05-2024 18:55,2024-05-14 18:55:00,2024,5,14,18,135,34.3
CWPRS campus,18.446944,73.785,14-05-2024 19:00,2024-05-14 19:00:00,2024,5,14,19,135,34.2
CWPRS campus,18.446944,73.785,14-05-2024 19:05,2024-05-14 19:05:00,2024,5,14,19,135,34.2
CWPRS campus,18.446944,73.785,14-05-2024 19:10,2024-05-14 19:10:00,2024,5,14,19,135,34.0
CWPRS campus,18.446944,73.785,14-05-2024 19:15,2024-05-14 19:15:00,2024,5,14,19,135,34.0
CWPRS campus,18.446944,73.785,14-05-2024 19:20,2024-05-14 19:20:00,2024,5,14,19,135,33.8
CWPRS campus,18.446944,73.785,14-05-2024 19:25,2024-05-14 19:25:00,2024,5,14,19,135,33.6
CWPRS campus,18.446944,73.785,14-05-2024 19:30,2024-05-14 19:30:00,2024,5,14,19,135,33.2
CWPRS campus,18.446944,73.785,14-05-2024 19:35,2024-05-14 19:35:00,2024,5,14,19,135,33.2
CWPRS campus,18.446944,73.785,14-05-2024 19:40,2024-05-14 19:40:00,2024,5,14,19,135,33.1
CWPRS campus,18.446944,73.785,14-05-2024 19:45,2024-05-14 19:45:00,2024,5,14,19,135,33.1
CWPRS campus,18.446944,73.785,14-05-2024 19:50,2024-05-14 19:50:00,2024,5,14,19,135,32.5
CWPRS campus,18.446944,73.785,14-05-2024 19:55,2024-05-14 19:55:00,2024,5,14,19,135,32.7
CWPRS campus,18.446944,73.785,14-05-2024 20:00,2024-05-14 20:00:00,2024,5,14,20,135,32.5
CWPRS campus,18.446944,73.785,14-05-2024 20:05,2024-05-14 20:05:00,2024,5,14,20,135,32.5
CWPRS campus,18.446944,73.785,14-05-2024 20:10,2024-05-14 20:10:00,2024,5,14,20,135,32.2
CWPRS campus,18.446944,73.785,14-05-2024 20:15,2024-05-14 20:15:00,2024,5,14,20,135,32.1
CWPRS campus,18.446944,73.785,14-05-2024 20:20,2024-05-14 20:20:00,2024,5,14,20,135,31.8
CWPRS campus,18.446944,73.785,14-05-2024 20:25,2024-05-14 20:25:00,2024,5,14,20,135,31.5
CWPRS campus,18.446944,73.785,14-05-2024 20:30,2024-05-14 20:30:00,2024,5,14,20,135,31.7
CWPRS campus,18.446944,73.785,14-05-2024 20:35,2024-05-14 20:35:00,2024,5,14,20,135,31.5
CWPRS campus,18.446944,73.785,14-05-2024 20:40,2024-05-14 20:40:00,2024,5,14,20,135,31.4
CWPRS campus,18.446944,73.785,14-05-2024 20:45,2024-05-14 20:45:00,2024,5,14,20,135,31.3
CWPRS campus,18.446944,73.785,14-05-2024 20:50,2024-05-14 20:50:00,2024,5,14,20,135,31.3
CWPRS campus,18.446944,73.785,14-05-2024 20:55,2024-05-14 20:55:00,2024,5,14,20,135,31.1
CWPRS campus,18.446944,73.785,14-05-2024 21:00,2024-05-14 21:00:00,2024,5,14,21,135,31.0
CWPRS campus,18.446944,73.785,14-05-2024 21:05,2024-05-14 21:05:00,2024,5,14,21,135,31.2
CWPRS campus,18.446944,73.785,14-05-2024 21:10,2024-05-14 21:10:00,2024,5,14,21,135,31.0
CWPRS campus,18.446944,73.785,14-05-2024 21:15,2024-05-14 21:15:00,2024,5,14,21,135,30.8
CWPRS campus,18.446944,73.785,14-05-2024 21:20,2024-05-14 21:20:00,2024,5,14,21,135,30.8
CWPRS campus,18.446944,73.785,14-05-2024 21:25,2024-05-14 21:25:00,2024,5,14,21,135,30.8
CWPRS campus,18.446944,73.785,14-05-2024 21:30,2024-05-14 21:30:00,2024,5,14,21,135,30.8
CWPRS campus,18.446944,73.785,14-05-2024 21:35,2024-05-14 21:35:00,2024,5,14,21,135,30.7
CWPRS campus,18.446944,73.785,14-05-2024 21:40,2024-05-14 21:40:00,2024,5,14,21,135,30.3
CWPRS campus,18.446944,73.785,14-05-2024 21:45,2024-05-14 21:45:00,2024,5,14,21,135,30.4
CWPRS campus,18.446944,73.785,14-05-2024 21:50,2024-05-14 21:50:00,2024,5,14,21,135,30.0
CWPRS campus,18.446944,73.785,14-05-2024 21:55,2024-05-14 21:55:00,2024,5,14,21,135,29.9
CWPRS campus,18.446944,73.785,14-05-2024 22:00,2024-05-14 22:00:00,2024,5,14,22,135,29.6
CWPRS campus,18.446944,73.785,14-05-2024 22:05,2024-05-14 22:05:00,2024,5,14,22,135,29.4
CWPRS campus,18.446944,73.785,14-05-2024 22:10,2024-05-14 22:10:00,2024,5,14,22,135,29.3
CWPRS campus,18.446944,73.785,14-05-2024 22:15,2024-05-14 22:15:00,2024,5,14,22,135,29.2
CWPRS campus,18.446944,73.785,14-05-2024 22:20,2024-05-14 22:20:00,2024,5,14,22,135,29.1
CWPRS campus,18.446944,73.785,14-05-2024 22:25,2024-05-14 22:25:00,2024,5,14,22,135,29.1
CWPRS campus,18.446944,73.785,14-05-2024 22:30,2024-05-14 22:30:00,2024,5,14,22,135,29.0
CWPRS campus,18.446944,73.785,14-05-2024 22:35,2024-05-14 22:35:00,2024,5,14,22,135,28.8
CWPRS campus,18.446944,73.785,14-05-2024 22:40,2024-05-14 22:40:00,2024,5,14,22,135,28.8
CWPRS campus,18.446944,73.785,14-05-2024 22:45,2024-05-14 22:45:00,2024,5,14,22,135,28.8
CWPRS campus,18.446944,73.785,14-05-2024 22:50,2024-05-14 22:50:00,2024,5,14,22,135,28.5
CWPRS campus,18.446944,73.785,14-05-2024 22:55,2024-05-14 22:55:00,2024,5,14,22,135,28.4
CWPRS campus,18.446944,73.785,14-05-2024 23:00,2024-05-14 23:00:00,2024,5,14,23,135,28.3
CWPRS campus,18.446944,73.785,14-05-2024 23:05,2024-05-14 23:05:00,2024,5,14,23,135,28.1
CWPRS campus,18.446944,73.785,14-05-2024 23:10,2024-05-14 23:10:00,2024,5,14,23,135,28.2
CWPRS campus,18.446944,73.785,14-05-2024 23:15,2024-05-14 23:15:00,2024,5,14,23,135,28.0
CWPRS campus,18.446944,73.785,14-05-2024 23:20,2024-05-14 23:20:00,2024,5,14,23,135,27.8
CWPRS campus,18.446944,73.785,14-05-2024 23:25,2024-05-14 23:25:00,2024,5,14,23,135,27.7
CWPRS campus,18.446944,73.785,14-05-2024 23:30,2024-05-14 23:30:00,2024,5,14,23,135,27.5
CWPRS campus,18.446944,73.785,14-05-2024 23:35,2024-05-14 23:35:00,2024,5,14,23,135,27.2
CWPRS campus,18.446944,73.785,14-05-2024 23:40,2024-05-14 23:40:00,2024,5,14,23,135,26.9
CWPRS campus,18.446944,73.785,14-05-2024 23:45,2024-05-14 23:45:00,2024,5,14,23,135,27.0
CWPRS campus,18.446944,73.785,14-05-2024 23:50,2024-05-14 23:50:00,2024,5,14,23,135,26.7
CWPRS campus,18.446944,73.785,14-05-2024 23:55,2024-05-14 23:55:00,2024,5,14,23,135,26.5
CWPRS campus,18.446944,73.785,15-05-2024 00:00,2024-05-15 00:00:00,2024,5,15,0,136,26.1
CWPRS campus,18.446944,73.785,15-05-2024 00:05,2024-05-15 00:05:00,2024,5,15,0,136,25.9
CWPRS campus,18.446944,73.785,15-05-2024 00:10,2024-05-15 00:10:00,2024,5,15,0,136,25.6
CWPRS campus,18.446944,73.785,15-05-2024 00:15,2024-05-15 00:15:00,2024,5,15,0,136,25.8
CWPRS campus,18.446944,73.785,15-05-2024 00:20,2024-05-15 00:20:00,2024,5,15,0,136,25.9
CWPRS campus,18.446944,73.785,15-05-2024 00:25,2024-05-15 00:25:00,2024,5,15,0,136,25.7
CWPRS campus,18.446944,73.785,15-05-2024 00:30,2024-05-15 00:30:00,2024,5,15,0,136,25.9
CWPRS campus,18.446944,73.785,15-05-2024 00:35,2024-05-15 00:35:00,2024,5,15,0,136,26.0
CWPRS campus,18.446944,73.785,15-05-2024 00:40,2024-05-15 00:40:00,2024,5,15,0,136,25.9
CWPRS campus,18.446944,73.785,15-05-2024 00:45,2024-05-15 00:45:00,2024,5,15,0,136,25.4
CWPRS campus,18.446944,73.785,15-05-2024 00:50,2024-05-15 00:50:00,2024,5,15,0,136,25.7
CWPRS campus,18.446944,73.785,15-05-2024 00:55,2024-05-15 00:55:00,2024,5,15,0,136,25.4
CWPRS campus,18.446944,73.785,15-05-2024 01:00,2024-05-15 01:00:00,2024,5,15,1,136,25.1
CWPRS campus,18.446944,73.785,15-05-2024 01:05,2024-05-15 01:05:00,2024,5,15,1,136,25.2
CWPRS campus,18.446944,73.785,15-05-2024 01:10,2024-05-15 01:10:00,2024,5,15,1,136,25.5
CWPRS campus,18.446944,73.785,15-05-2024 01:15,2024-05-15 01:15:00,2024,5,15,1,136,25.7
CWPRS campus,18.446944,73.785,15-05-2024 01:20,2024-05-15 01:20:00,2024,5,15,1,136,25.7
CWPRS campus,18.446944,73.785,15-05-2024 01:25,2024-05-15 01:25:00,2024,5,15,1,136,25.7
CWPRS campus,18.446944,73.785,15-05-2024 01:30,2024-05-15 01:30:00,2024,5,15,1,136,25.8
CWPRS campus,18.446944,73.785,15-05-2024 01:35,2024-05-15 01:35:00,2024,5,15,1,136,25.8
CWPRS campus,18.446944,73.785,15-05-2024 01:40,2024-05-15 01:40:00,2024,5,15,1,136,25.8
CWPRS campus,18.446944,73.785,15-05-2024 01:45,2024-05-15 01:45:00,2024,5,15,1,136,25.7
CWPRS campus,18.446944,73.785,15-05-2024 01:50,2024-05-15 01:50:00,2024,5,15,1,136,25.7
CWPRS campus,18.446944,73.785,15-05-2024 01:55,2024-05-15 01:55:00,2024,5,15,1,136,25.5
CWPRS campus,18.446944,73.785,15-05-2024 02:00,2024-05-15 02:00:00,2024,5,15,2,136,25.4
CWPRS campus,18.446944,73.785,15-05-2024 02:05,2024-05-15 02:05:00,2024,5,15,2,136,25.1
CWPRS campus,18.446944,73.785,15-05-2024 02:10,2024-05-15 02:10:00,2024,5,15,2,136,25.1
CWPRS campus,18.446944,73.785,15-05-2024 02:15,2024-05-15 02:15:00,2024,5,15,2,136,24.9
CWPRS campus,18.446944,73.785,15-05-2024 02:20,2024-05-15 02:20:00,2024,5,15,2,136,24.7
CWPRS campus,18.446944,73.785,15-05-2024 02:25,2024-05-15 02:25:00,2024,5,15,2,136,24.8
CWPRS campus,18.446944,73.785,15-05-2024 02:30,2024-05-15 02:30:00,2024,5,15,2,136,25.0
CWPRS campus,18.446944,73.785,15-05-2024 02:35,2024-05-15 02:35:00,2024,5,15,2,136,25.1
CWPRS campus,18.446944,73.785,15-05-2024 02:40,2024-05-15 02:40:00,2024,5,15,2,136,24.9
CWPRS campus,18.446944,73.785,15-05-2024 02:45,2024-05-15 02:45:00,2024,5,15,2,136,24.7
CWPRS campus,18.446944,73.785,15-05-2024 02:50,2024-05-15 02:50:00,2024,5,15,2,136,24.9
CWPRS campus,18.446944,73.785,15-05-2024 02:55,2024-05-15 02:55:00,2024,5,15,2,136,24.8
CWPRS campus,18.446944,73.785,15-05-2024 03:00,2024-05-15 03:00:00,2024,5,15,3,136,24.8
CWPRS campus,18.446944,73.785,15-05-2024 03:05,2024-05-15 03:05:00,2024,5,15,3,136,24.9
CWPRS campus,18.446944,73.785,15-05-2024 03:10,2024-05-15 03:10:00,2024,5,15,3,136,24.8
CWPRS campus,18.446944,73.785,15-05-2024 03:15,2024-05-15 03:15:00,2024,5,15,3,136,24.8
CWPRS campus,18.446944,73.785,15-05-2024 03:20,2024-05-15 03:20:00,2024,5,15,3,136,24.7
CWPRS campus,18.446944,73.785,15-05-2024 03:25,2024-05-15 03:25:00,2024,5,15,3,136,24.6
CWPRS campus,18.446944,73.785,15-05-2024 03:30,2024-05-15 03:30:00,2024,5,15,3,136,24.7
CWPRS campus,18.446944,73.785,15-05-2024 03:35,2024-05-15 03:35:00,2024,5,15,3,136,24.6
CWPRS campus,18.446944,73.785,15-05-2024 03:40,2024-05-15 03:40:00,2024,5,15,3,136,24.7
CWPRS campus,18.446944,73.785,15-05-2024 03:45,2024-05-15 03:45:00,2024,5,15,3,136,24.8
CWPRS campus,18.446944,73.785,15-05-2024 03:50,2024-05-15 03:50:00,2024,5,15,3,136,24.9
CWPRS campus,18.446944,73.785,15-05-2024 03:55,2024-05-15 03:55:00,2024,5,15,3,136,25.1
CWPRS campus,18.446944,73.785,15-05-2024 04:00,2024-05-15 04:00:00,2024,5,15,4,136,25.3
CWPRS campus,18.446944,73.785,15-05-2024 04:05,2024-05-15 04:05:00,2024,5,15,4,136,25.4
CWPRS campus,18.446944,73.785,15-05-2024 04:10,2024-05-15 04:10:00,2024,5,15,4,136,25.4
CWPRS campus,18.446944,73.785,15-05-2024 04:15,2024-05-15 04:15:00,2024,5,15,4,136,25.5
CWPRS campus,18.446944,73.785,15-05-2024 04:20,2024-05-15 04:20:00,2024,5,15,4,136,25.7
CWPRS campus,18.446944,73.785,15-05-2024 04:25,2024-05-15 04:25:00,2024,5,15,4,136,25.8
CWPRS campus,18.446944,73.785,15-05-2024 04:30,2024-05-15 04:30:00,2024,5,15,4,136,25.8
CWPRS campus,18.446944,73.785,15-05-2024 04:35,2024-05-15 04:35:00,2024,5,15,4,136,25.8
CWPRS campus,18.446944,73.785,15-05-2024 04:40,2024-05-15 04:40:00,2024,5,15,4,136,25.8
CWPRS campus,18.446944,73.785,15-05-2024 04:45,2024-05-15 04:45:00,2024,5,15,4,136,25.7
CWPRS campus,18.446944,73.785,15-05-2024 04:50,2024-05-15 04:50:00,2024,5,15,4,136,26.1
CWPRS campus,18.446944,73.785,15-05-2024 04:55,2024-05-15 04:55:00,2024,5,15,4,136,26.0
CWPRS campus,18.446944,73.785,15-05-2024 05:00,2024-05-15 05:00:00,2024,5,15,5,136,26.0
CWPRS campus,18.446944,73.785,15-05-2024 05:05,2024-05-15 05:05:00,2024,5,15,5,136,26.0
CWPRS campus,18.446944,73.785,15-05-2024 05:10,2024-05-15 05:10:00,2024,5,15,5,136,26.3
CWPRS campus,18.446944,73.785,15-05-2024 05:15,2024-05-15 05:15:00,2024,5,15,5,136,26.3
CWPRS campus,18.446944,73.785,15-05-2024 05:20,2024-05-15 05:20:00,2024,5,15,5,136,26.6
CWPRS campus,18.446944,73.785,15-05-2024 05:25,2024-05-15 05:25:00,2024,5,15,5,136,26.7
CWPRS campus,18.446944,73.785,15-05-2024 05:30,2024-05-15 05:30:00,2024,5,15,5,136,26.8
CWPRS campus,18.446944,73.785,15-05-2024 05:35,2024-05-15 05:35:00,2024,5,15,5,136,26.8
CWPRS campus,18.446944,73.785,15-05-2024 05:40,2024-05-15 05:40:00,2024,5,15,5,136,27.3
CWPRS campus,18.446944,73.785,15-05-2024 05:45,2024-05-15 05:45:00,2024,5,15,5,136,27.2
CWPRS campus,18.446944,73.785,15-05-2024 05:50,2024-05-15 05:50:00,2024,5,15,5,136,27.4
CWPRS campus,18.446944,73.785,15-05-2024 05:55,2024-05-15 05:55:00,2024,5,15,5,136,27.6
CWPRS campus,18.446944,73.785,15-05-2024 06:00,2024-05-15 06:00:00,2024,5,15,6,136,27.8
CWPRS campus,18.446944,73.785,15-05-2024 06:05,2024-05-15 06:05:00,2024,5,15,6,136,27.9
CWPRS campus,18.446944,73.785,15-05-2024 06:10,2024-05-15 06:10:00,2024,5,15,6,136,28.0
CWPRS campus,18.446944,73.785,15-05-2024 06:15,2024-05-15 06:15:00,2024,5,15,6,136,28.1
CWPRS campus,18.446944,73.785,15-05-2024 06:20,2024-05-15 06:20:00,2024,5,15,6,136,28.2
CWPRS campus,18.446944,73.785,15-05-2024 06:25,2024-05-15 06:25:00,2024,5,15,6,136,28.5
CWPRS campus,18.446944,73.785,15-05-2024 06:30,2024-05-15 06:30:00,2024,5,15,6,136,28.9
CWPRS campus,18.446944,73.785,15-05-2024 06:35,2024-05-15 06:35:00,2024,5,15,6,136,29.0
CWPRS campus,18.446944,73.785,15-05-2024 06:40,2024-05-15 06:40:00,2024,5,15,6,136,28.9
CWPRS campus,18.446944,73.785,15-05-2024 06:45,2024-05-15 06:45:00,2024,5,15,6,136,29.0
CWPRS campus,18.446944,73.785,15-05-2024 06:50,2024-05-15 06:50:00,2024,5,15,6,136,29.5
CWPRS campus,18.446944,73.785,15-05-2024 06:55,2024-05-15 06:55:00,2024,5,15,6,136,29.5
CWPRS campus,18.446944,73.785,15-05-2024 07:00,2024-05-15 07:00:00,2024,5,15,7,136,29.9
CWPRS campus,18.446944,73.785,15-05-2024 07:05,2024-05-15 07:05:00,2024,5,15,7,136,30.3
CWPRS campus,18.446944,73.785,15-05-2024 07:10,2024-05-15 07:10:00,2024,5,15,7,136,30.3
CWPRS campus,18.446944,73.785,15-05-2024 07:15,2024-05-15 07:15:00,2024,5,15,7,136,30.5
CWPRS campus,18.446944,73.785,15-05-2024 07:20,2024-05-15 07:20:00,2024,5,15,7,136,30.8
CWPRS campus,18.446944,73.785,15-05-2024 07:25,2024-05-15 07:25:00,2024,5,15,7,136,30.9
CWPRS campus,18.446944,73.785,15-05-2024 07:30,2024-05-15 07:30:00,2024,5,15,7,136,30.9
CWPRS campus,18.446944,73.785,15-05-2024 07:35,2024-05-15 07:35:00,2024,5,15,7,136,31.0
CWPRS campus,18.446944,73.785,15-05-2024 07:40,2024-05-15 07:40:00,2024,5,15,7,136,30.9
CWPRS campus,18.446944,73.785,15-05-2024 07:45,2024-05-15 07:45:00,2024,5,15,7,136,31.0
CWPRS campus,18.446944,73.785,15-05-2024 07:50,2024-05-15 07:50:00,2024,5,15,7,136,30.9
CWPRS campus,18.446944,73.785,15-05-2024 07:55,2024-05-15 07:55:00,2024,5,15,7,136,31.1
CWPRS campus,18.446944,73.785,15-05-2024 08:00,2024-05-15 08:00:00,2024,5,15,8,136,31.1
CWPRS campus,18.446944,73.785,15-05-2024 08:05,2024-05-15 08:05:00,2024,5,15,8,136,31.3
CWPRS campus,18.446944,73.785,15-05-2024 08:10,2024-05-15 08:10:00,2024,5,15,8,136,31.2
CWPRS campus,18.446944,73.785,15-05-2024 08:15,2024-05-15 08:15:00,2024,5,15,8,136,31.4
CWPRS campus,18.446944,73.785,15-05-2024 08:20,2024-05-15 08:20:00,2024,5,15,8,136,31.7
CWPRS campus,18.446944,73.785,15-05-2024 08:25,2024-05-15 08:25:00,2024,5,15,8,136,31.5
CWPRS campus,18.446944,73.785,15-05-2024 08:30,2024-05-15 08:30:00,2024,5,15,8,136,31.8
CWPRS campus,18.446944,73.785,15-05-2024 08:35,2024-05-15 08:35:00,2024,5,15,8,136,32.1
CWPRS campus,18.446944,73.785,15-05-2024 08:40,2024-05-15 08:40:00,2024,5,15,8,136,32.1
CWPRS campus,18.446944,73.785,15-05-2024 08:45,2024-05-15 08:45:00,2024,5,15,8,136,32.5
CWPRS campus,18.446944,73.785,15-05-2024 08:50,2024-05-15 08:50:00,2024,5,15,8,136,32.7
CWPRS campus,18.446944,73.785,15-05-2024 08:55,2024-05-15 08:55:00,2024,5,15,8,136,32.8
CWPRS campus,18.446944,73.785,15-05-2024 09:00,2024-05-15 09:00:00,2024,5,15,9,136,32.9
CWPRS campus,18.446944,73.785,15-05-2024 09:05,2024-05-15 09:05:00,2024,5,15,9,136,33.1
CWPRS campus,18.446944,73.785,15-05-2024 09:10,2024-05-15 09:10:00,2024,5,15,9,136,33.3
CWPRS campus,18.446944,73.785,15-05-2024 09:15,2024-05-15 09:15:00,2024,5,15,9,136,33.5
CWPRS campus,18.446944,73.785,15-05-2024 09:20,2024-05-15 09:20:00,2024,5,15,9,136,33.5
CWPRS campus,18.446944,73.785,15-05-2024 09:25,2024-05-15 09:25:00,2024,5,15,9,136,33.7
CWPRS campus,18.446944,73.785,15-05-2024 09:30,2024-05-15 09:30:00,2024,5,15,9,136,33.6
CWPRS campus,18.446944,73.785,15-05-2024 09:35,2024-05-15 09:35:00,2024,5,15,9,136,33.8
CWPRS campus,18.446944,73.785,15-05-2024 09:40,2024-05-15 09:40:00,2024,5,15,9,136,33.8
CWPRS campus,18.446944,73.785,15-05-2024 09:45,2024-05-15 09:45:00,2024,5,15,9,136,33.8
CWPRS campus,18.446944,73.785,15-05-2024 09:50,2024-05-15 09:50:00,2024,5,15,9,136,34.2
CWPRS campus,18.446944,73.785,15-05-2024 09:55,2024-05-15 09:55:00,2024,5,15,9,136,34.5
CWPRS campus,18.446944,73.785,15-05-2024 10:00,2024-05-15 10:00:00,2024,5,15,10,136,34.7
CWPRS campus,18.446944,73.785,15-05-2024 10:05,2024-05-15 10:05:00,2024,5,15,10,136,34.7
CWPRS campus,18.446944,73.785,15-05-2024 10:10,2024-05-15 10:10:00,2024,5,15,10,136,34.8
CWPRS campus,18.446944,73.785,15-05-2024 10:15,2024-05-15 10:15:00,2024,5,15,10,136,35.1
CWPRS campus,18.446944,73.785,15-05-2024 10:20,2024-05-15 10:20:00,2024,5,15,10,136,35.3
CWPRS campus,18.446944,73.785,15-05-2024 10:25,2024-05-15 10:25:00,2024,5,15,10,136,35.8
CWPRS campus,18.446944,73.785,15-05-2024 10:30,2024-05-15 10:30:00,2024,5,15,10,136,35.9
CWPRS campus,18.446944,73.785,15-05-2024 10:35,2024-05-15 10:35:00,2024,5,15,10,136,36.1
CWPRS campus,18.446944,73.785,15-05-2024 10:40,2024-05-15 10:40:00,2024,5,15,10,136,36.1
CWPRS campus,18.446944,73.785,15-05-2024 10:45,2024-05-15 10:45:00,2024,5,15,10,136,36.3
CWPRS campus,18.446944,73.785,15-05-2024 10:50,2024-05-15 10:50:00,2024,5,15,10,136,36.3
CWPRS campus,18.446944,73.785,15-05-2024 10:55,2024-05-15 10:55:00,2024,5,15,10,136,36.6
CWPRS campus,18.446944,73.785,15-05-2024 11:00,2024-05-15 11:00:00,2024,5,15,11,136,36.8
CWPRS campus,18.446944,73.785,15-05-2024 11:05,2024-05-15 11:05:00,2024,5,15,11,136,36.8
CWPRS campus,18.446944,73.785,15-05-2024 11:10,2024-05-15 11:10:00,2024,5,15,11,136,36.7
CWPRS campus,18.446944,73.785,15-05-2024 11:15,2024-05-15 11:15:00,2024,5,15,11,136,36.5
CWPRS campus,18.446944,73.785,15-05-2024 11:20,2024-05-15 11:20:00,2024,5,15,11,136,36.7
CWPRS campus,18.446944,73.785,15-05-2024 11:25,2024-05-15 11:25:00,2024,5,15,11,136,36.6
CWPRS campus,18.446944,73.785,15-05-2024 11:30,2024-05-15 11:30:00,2024,5,15,11,136,36.4
CWPRS campus,18.446944,73.785,15-05-2024 11:35,2024-05-15 11:35:00,2024,5,15,11,136,36.6
CWPRS campus,18.446944,73.785,15-05-2024 11:40,2024-05-15 11:40:00,2024,5,15,11,136,37.1
CWPRS campus,18.446944,73.785,15-05-2024 11:45,2024-05-15 11:45:00,2024,5,15,11,136,37.2
CWPRS campus,18.446944,73.785,15-05-2024 11:50,2024-05-15 11:50:00,2024,5,15,11,136,37.4
CWPRS campus,18.446944,73.785,15-05-2024 11:55,2024-05-15 11:55:00,2024,5,15,11,136,37.5
CWPRS campus,18.446944,73.785,15-05-2024 12:00,2024-05-15 12:00:00,2024,5,15,12,136,37.6
CWPRS campus,18.446944,73.785,15-05-2024 12:05,2024-05-15 12:05:00,2024,5,15,12,136,37.8
CWPRS campus,18.446944,73.785,15-05-2024 12:10,2024-05-15 12:10:00,2024,5,15,12,136,37.9
CWPRS campus,18.446944,73.785,15-05-2024 12:15,2024-05-15 12:15:00,2024,5,15,12,136,38.0
CWPRS campus,18.446944,73.785,15-05-2024 12:20,2024-05-15 12:20:00,2024,5,15,12,136,38.1
CWPRS campus,18.446944,73.785,15-05-2024 12:25,2024-05-15 12:25:00,2024,5,15,12,136,38.1
CWPRS campus,18.446944,73.785,15-05-2024 12:30,2024-05-15 12:30:00,2024,5,15,12,136,38.3
CWPRS campus,18.446944,73.785,15-05-2024 12:35,2024-05-15 12:35:00,2024,5,15,12,136,38.3
CWPRS campus,18.446944,73.785,15-05-2024 12:40,2024-05-15 12:40:00,2024,5,15,12,136,38.3
CWPRS campus,18.446944,73.785,15-05-2024 12:45,2024-05-15 12:45:00,2024,5,15,12,136,38.4
CWPRS campus,18.446944,73.785,15-05-2024 12:50,2024-05-15 12:50:00,2024,5,15,12,136,38.3
CWPRS campus,18.446944,73.785,15-05-2024 12:55,2024-05-15 12:55:00,2024,5,15,12,136,38.4
CWPRS campus,18.446944,73.785,15-05-2024 13:00,2024-05-15 13:00:00,2024,5,15,13,136,38.4
CWPRS campus,18.446944,73.785,15-05-2024 13:05,2024-05-15 13:05:00,2024,5,15,13,136,38.7
CWPRS campus,18.446944,73.785,15-05-2024 13:10,2024-05-15 13:10:00,2024,5,15,13,136,38.8
CWPRS campus,18.446944,73.785,15-05-2024 13:15,2024-05-15 13:15:00,2024,5,15,13,136,38.8
CWPRS campus,18.446944,73.785,15-05-2024 13:20,2024-05-15 13:20:00,2024,5,15,13,136,39.0
CWPRS campus,18.446944,73.785,15-05-2024 13:25,2024-05-15 13:25:00,2024,5,15,13,136,39.2
CWPRS campus,18.446944,73.785,15-05-2024 13:30,2024-05-15 13:30:00,2024,5,15,13,136,39.3
CWPRS campus,18.446944,73.785,15-05-2024 13:35,2024-05-15 13:35:00,2024,5,15,13,136,39.3
CWPRS campus,18.446944,73.785,15-05-2024 13:40,2024-05-15 13:40:00,2024,5,15,13,136,39.1
CWPRS campus,18.446944,73.785,15-05-2024 13:45,2024-05-15 13:45:00,2024,5,15,13,136,38.9
CWPRS campus,18.446944,73.785,15-05-2024 13:50,2024-05-15 13:50:00,2024,5,15,13,136,38.9
CWPRS campus,18.446944,73.785,15-05-2024 13:55,2024-05-15 13:55:00,2024,5,15,13,136,38.8
CWPRS campus,18.446944,73.785,15-05-2024 14:00,2024-05-15 14:00:00,2024,5,15,14,136,38.8
CWPRS campus,18.446944,73.785,15-05-2024 14:05,2024-05-15 14:05:00,2024,5,15,14,136,38.9
CWPRS campus,18.446944,73.785,15-05-2024 14:10,2024-05-15 14:10:00,2024,5,15,14,136,38.9
CWPRS campus,18.446944,73.785,15-05-2024 14:15,2024-05-15 14:15:00,2024,5,15,14,136,38.9
CWPRS campus,18.446944,73.785,15-05-2024 14:20,2024-05-15 14:20:00,2024,5,15,14,136,39.0
CWPRS campus,18.446944,73.785,15-05-2024 14:25,2024-05-15 14:25:00,2024,5,15,14,136,39.0
CWPRS campus,18.446944,73.785,15-05-2024 14:30,2024-05-15 14:30:00,2024,5,15,14,136,38.7
CWPRS campus,18.446944,73.785,15-05-2024 14:35,2024-05-15 14:35:00,2024,5,15,14,136,38.6
CWPRS campus,18.446944,73.785,15-05-2024 14:40,2024-05-15 14:40:00,2024,5,15,14,136,38.6
CWPRS campus,18.446944,73.785,15-05-2024 14:45,2024-05-15 14:45:00,2024,5,15,14,136,38.4
CWPRS campus,18.446944,73.785,15-05-2024 14:50,2024-05-15 14:50:00,2024,5,15,14,136,38.5
CWPRS campus,18.446944,73.785,15-05-2024 14:55,2024-05-15 14:55:00,2024,5,15,14,136,38.7
CWPRS campus,18.446944,73.785,15-05-2024 15:00,2024-05-15 15:00:00,2024,5,15,15,136,38.9
CWPRS campus,18.446944,73.785,15-05-2024 15:05,2024-05-15 15:05:00,2024,5,15,15,136,38.8
CWPRS campus,18.446944,73.785,15-05-2024 15:10,2024-05-15 15:10:00,2024,5,15,15,136,39.0
CWPRS campus,18.446944,73.785,15-05-2024 15:15,2024-05-15 15:15:00,2024,5,15,15,136,39.0
CWPRS campus,18.446944,73.785,15-05-2024 15:20,2024-05-15 15:20:00,2024,5,15,15,136,38.9
CWPRS campus,18.446944,73.785,15-05-2024 15:25,2024-05-15 15:25:00,2024,5,15,15,136,38.7
CWPRS campus,18.446944,73.785,15-05-2024 15:30,2024-05-15 15:30:00,2024,5,15,15,136,38.6
CWPRS campus,18.446944,73.785,15-05-2024 15:35,2024-05-15 15:35:00,2024,5,15,15,136,38.5
CWPRS campus,18.446944,73.785,15-05-2024 15:40,2024-05-15 15:40:00,2024,5,15,15,136,38.5
CWPRS campus,18.446944,73.785,15-05-2024 15:45,2024-05-15 15:45:00,2024,5,15,15,136,38.5
CWPRS campus,18.446944,73.785,15-05-2024 15:50,2024-05-15 15:50:00,2024,5,15,15,136,38.4
CWPRS campus,18.446944,73.785,15-05-2024 15:55,2024-05-15 15:55:00,2024,5,15,15,136,38.4
CWPRS campus,18.446944,73.785,15-05-2024 16:00,2024-05-15 16:00:00,2024,5,15,16,136,38.5
CWPRS campus,18.446944,73.785,15-05-2024 16:05,2024-05-15 16:05:00,2024,5,15,16,136,38.6
CWPRS campus,18.446944,73.785,15-05-2024 16:10,2024-05-15 16:10:00,2024,5,15,16,136,38.3
CWPRS campus,18.446944,73.785,15-05-2024 16:15,2024-05-15 16:15:00,2024,5,15,16,136,37.8
CWPRS campus,18.446944,73.785,15-05-2024 16:20,2024-05-15 16:20:00,2024,5,15,16,136,37.9
CWPRS campus,18.446944,73.785,15-05-2024 16:25,2024-05-15 16:25:00,2024,5,15,16,136,37.6
CWPRS campus,18.446944,73.785,15-05-2024 16:30,2024-05-15 16:30:00,2024,5,15,16,136,37.5
CWPRS campus,18.446944,73.785,15-05-2024 16:35,2024-05-15 16:35:00,2024,5,15,16,136,37.3
CWPRS campus,18.446944,73.785,15-05-2024 16:40,2024-05-15 16:40:00,2024,5,15,16,136,37.0
CWPRS campus,18.446944,73.785,15-05-2024 16:45,2024-05-15 16:45:00,2024,5,15,16,136,37.0
CWPRS campus,18.446944,73.785,15-05-2024 16:50,2024-05-15 16:50:00,2024,5,15,16,136,37.0
CWPRS campus,18.446944,73.785,15-05-2024 16:55,2024-05-15 16:55:00,2024,5,15,16,136,36.9
CWPRS campus,18.446944,73.785,15-05-2024 17:00,2024-05-15 17:00:00,2024,5,15,17,136,36.4
CWPRS campus,18.446944,73.785,15-05-2024 17:05,2024-05-15 17:05:00,2024,5,15,17,136,36.3
CWPRS campus,18.446944,73.785,15-05-2024 17:10,2024-05-15 17:10:00,2024,5,15,17,136,36.3
CWPRS campus,18.446944,73.785,15-05-2024 17:15,2024-05-15 17:15:00,2024,5,15,17,136,36.0
CWPRS campus,18.446944,73.785,15-05-2024 17:20,2024-05-15 17:20:00,2024,5,15,17,136,36.0
CWPRS campus,18.446944,73.785,15-05-2024 17:25,2024-05-15 17:25:00,2024,5,15,17,136,35.9
CWPRS campus,18.446944,73.785,15-05-2024 17:30,2024-05-15 17:30:00,2024,5,15,17,136,35.9
CWPRS campus,18.446944,73.785,15-05-2024 17:35,2024-05-15 17:35:00,2024,5,15,17,136,35.9
CWPRS campus,18.446944,73.785,15-05-2024 17:40,2024-05-15 17:40:00,2024,5,15,17,136,35.6
CWPRS campus,18.446944,73.785,15-05-2024 17:45,2024-05-15 17:45:00,2024,5,15,17,136,35.7
CWPRS campus,18.446944,73.785,15-05-2024 17:50,2024-05-15 17:50:00,2024,5,15,17,136,35.6
CWPRS campus,18.446944,73.785,15-05-2024 17:55,2024-05-15 17:55:00,2024,5,15,17,136,35.5
CWPRS campus,18.446944,73.785,15-05-2024 18:00,2024-05-15 18:00:00,2024,5,15,18,136,35.3
CWPRS campus,18.446944,73.785,15-05-2024 18:05,2024-05-15 18:05:00,2024,5,15,18,136,35.1
CWPRS campus,18.446944,73.785,15-05-2024 18:10,2024-05-15 18:10:00,2024,5,15,18,136,34.9
CWPRS campus,18.446944,73.785,15-05-2024 18:15,2024-05-15 18:15:00,2024,5,15,18,136,34.8
CWPRS campus,18.446944,73.785,15-05-2024 18:20,2024-05-15 18:20:00,2024,5,15,18,136,34.9
CWPRS campus,18.446944,73.785,15-05-2024 18:25,2024-05-15 18:25:00,2024,5,15,18,136,34.6
CWPRS campus,18.446944,73.785,15-05-2024 18:30,2024-05-15 18:30:00,2024,5,15,18,136,34.3
CWPRS campus,18.446944,73.785,15-05-2024 18:35,2024-05-15 18:35:00,2024,5,15,18,136,34.4
CWPRS campus,18.446944,73.785,15-05-2024 18:40,2024-05-15 18:40:00,2024,5,15,18,136,34.2
CWPRS campus,18.446944,73.785,15-05-2024 18:45,2024-05-15 18:45:00,2024,5,15,18,136,34.0
CWPRS campus,18.446944,73.785,15-05-2024 18:50,2024-05-15 18:50:00,2024,5,15,18,136,34.1
CWPRS campus,18.446944,73.785,15-05-2024 18:55,2024-05-15 18:55:00,2024,5,15,18,136,33.9
CWPRS campus,18.446944,73.785,15-05-2024 19:00,2024-05-15 19:00:00,2024,5,15,19,136,34.0
CWPRS campus,18.446944,73.785,15-05-2024 19:05,2024-05-15 19:05:00,2024,5,15,19,136,34.0
CWPRS campus,18.446944,73.785,15-05-2024 19:10,2024-05-15 19:10:00,2024,5,15,19,136,33.8
CWPRS campus,18.446944,73.785,15-05-2024 19:15,2024-05-15 19:15:00,2024,5,15,19,136,34.0
CWPRS campus,18.446944,73.785,15-05-2024 19:20,2024-05-15 19:20:00,2024,5,15,19,136,33.7
CWPRS campus,18.446944,73.785,15-05-2024 19:25,2024-05-15 19:25:00,2024,5,15,19,136,33.7
CWPRS campus,18.446944,73.785,15-05-2024 19:30,2024-05-15 19:30:00,2024,5,15,19,136,33.6
CWPRS campus,18.446944,73.785,15-05-2024 19:35,2024-05-15 19:35:00,2024,5,15,19,136,33.6
CWPRS campus,18.446944,73.785,15-05-2024 19:40,2024-05-15 19:40:00,2024,5,15,19,136,33.6
CWPRS campus,18.446944,73.785,15-05-2024 19:45,2024-05-15 19:45:00,2024,5,15,19,136,33.5
CWPRS campus,18.446944,73.785,15-05-2024 19:50,2024-05-15 19:50:00,2024,5,15,19,136,33.2
CWPRS campus,18.446944,73.785,15-05-2024 19:55,2024-05-15 19:55:00,2024,5,15,19,136,33.1
CWPRS campus,18.446944,73.785,15-05-2024 20:00,2024-05-15 20:00:00,2024,5,15,20,136,32.8
CWPRS campus,18.446944,73.785,15-05-2024 20:05,2024-05-15 20:05:00,2024,5,15,20,136,32.9
CWPRS campus,18.446944,73.785,15-05-2024 20:10,2024-05-15 20:10:00,2024,5,15,20,136,32.7
CWPRS campus,18.446944,73.785,15-05-2024 20:15,2024-05-15 20:15:00,2024,5,15,20,136,32.5
CWPRS campus,18.446944,73.785,15-05-2024 20:20,2024-05-15 20:20:00,2024,5,15,20,136,32.3
CWPRS campus,18.446944,73.785,15-05-2024 20:25,2024-05-15 20:25:00,2024,5,15,20,136,31.9
CWPRS campus,18.446944,73.785,15-05-2024 20:30,2024-05-15 20:30:00,2024,5,15,20,136,31.6
CWPRS campus,18.446944,73.785,15-05-2024 20:35,2024-05-15 20:35:00,2024,5,15,20,136,31.6
CWPRS campus,18.446944,73.785,15-05-2024 20:40,2024-05-15 20:40:00,2024,5,15,20,136,31.4
CWPRS campus,18.446944,73.785,15-05-2024 20:45,2024-05-15 20:45:00,2024,5,15,20,136,31.0
CWPRS campus,18.446944,73.785,15-05-2024 20:50,2024-05-15 20:50:00,2024,5,15,20,136,31.0
CWPRS campus,18.446944,73.785,15-05-2024 20:55,2024-05-15 20:55:00,2024,5,15,20,136,31.0
CWPRS campus,18.446944,73.785,15-05-2024 21:00,2024-05-15 21:00:00,2024,5,15,21,136,30.9
CWPRS campus,18.446944,73.785,15-05-2024 21:05,2024-05-15 21:05:00,2024,5,15,21,136,30.9
CWPRS campus,18.446944,73.785,15-05-2024 21:10,2024-05-15 21:10:00,2024,5,15,21,136,30.6
CWPRS campus,18.446944,73.785,15-05-2024 21:15,2024-05-15 21:15:00,2024,5,15,21,136,30.2
CWPRS campus,18.446944,73.785,15-05-2024 21:20,2024-05-15 21:20:00,2024,5,15,21,136,30.2
CWPRS campus,18.446944,73.785,15-05-2024 21:25,2024-05-15 21:25:00,2024,5,15,21,136,30.0
CWPRS campus,18.446944,73.785,15-05-2024 21:30,2024-05-15 21:30:00,2024,5,15,21,136,29.8
CWPRS campus,18.446944,73.785,15-05-2024 21:35,2024-05-15 21:35:00,2024,5,15,21,136,29.8
CWPRS campus,18.446944,73.785,15-05-2024 21:40,2024-05-15 21:40:00,2024,5,15,21,136,29.8
CWPRS campus,18.446944,73.785,15-05-2024 21:45,2024-05-15 21:45:00,2024,5,15,21,136,29.6
CWPRS campus,18.446944,73.785,15-05-2024 21:50,2024-05-15 21:50:00,2024,5,15,21,136,29.8
CWPRS campus,18.446944,73.785,15-05-2024 21:55,2024-05-15 21:55:00,2024,5,15,21,136,29.5
CWPRS campus,18.446944,73.785,15-05-2024 22:00,2024-05-15 22:00:00,2024,5,15,22,136,29.5
CWPRS campus,18.446944,73.785,15-05-2024 22:05,2024-05-15 22:05:00,2024,5,15,22,136,29.3
CWPRS campus,18.446944,73.785,15-05-2024 22:10,2024-05-15 22:10:00,2024,5,15,22,136,29.1
CWPRS campus,18.446944,73.785,15-05-2024 22:15,2024-05-15 22:15:00,2024,5,15,22,136,29.2
CWPRS campus,18.446944,73.785,15-05-2024 22:20,2024-05-15 22:20:00,2024,5,15,22,136,29.1
CWPRS campus,18.446944,73.785,15-05-2024 22:25,2024-05-15 22:25:00,2024,5,15,22,136,29.0
CWPRS campus,18.446944,73.785,15-05-2024 22:30,2024-05-15 22:30:00,2024,5,15,22,136,28.9
CWPRS campus,18.446944,73.785,15-05-2024 22:35,2024-05-15 22:35:00,2024,5,15,22,136,28.7
CWPRS campus,18.446944,73.785,15-05-2024 22:40,2024-05-15 22:40:00,2024,5,15,22,136,28.4
CWPRS campus,18.446944,73.785,15-05-2024 22:45,2024-05-15 22:45:00,2024,5,15,22,136,28.0
CWPRS campus,18.446944,73.785,15-05-2024 22:50,2024-05-15 22:50:00,2024,5,15,22,136,27.6
CWPRS campus,18.446944,73.785,15-05-2024 22:55,2024-05-15 22:55:00,2024,5,15,22,136,27.7
CWPRS campus,18.446944,73.785,15-05-2024 23:00,2024-05-15 23:00:00,2024,5,15,23,136,27.4
CWPRS campus,18.446944,73.785,15-05-2024 23:05,2024-05-15 23:05:00,2024,5,15,23,136,27.2
CWPRS campus,18.446944,73.785,15-05-2024 23:10,2024-05-15 23:10:00,2024,5,15,23,136,27.0
CWPRS campus,18.446944,73.785,15-05-2024 23:15,2024-05-15 23:15:00,2024,5,15,23,136,26.9
CWPRS campus,18.446944,73.785,15-05-2024 23:20,2024-05-15 23:20:00,2024,5,15,23,136,26.9
CWPRS campus,18.446944,73.785,15-05-2024 23:25,2024-05-15 23:25:00,2024,5,15,23,136,26.9
CWPRS campus,18.446944,73.785,15-05-2024 23:30,2024-05-15 23:30:00,2024,5,15,23,136,26.7
CWPRS campus,18.446944,73.785,15-05-2024 23:35,2024-05-15 23:35:00,2024,5,15,23,136,26.5
CWPRS campus,18.446944,73.785,15-05-2024 23:40,2024-05-15 23:40:00,2024,5,15,23,136,26.4
CWPRS campus,18.446944,73.785,15-05-2024 23:45,2024-05-15 23:45:00,2024,5,15,23,136,26.3
CWPRS campus,18.446944,73.785,15-05-2024 23:50,2024-05-15 23:50:00,2024,5,15,23,136,26.4
CWPRS campus,18.446944,73.785,15-05-2024 23:55,2024-05-15 23:55:00,2024,5,15,23,136,26.3
CWPRS campus,18.446944,73.785,16-05-2024 00:00,2024-05-16 00:00:00,2024,5,16,0,137,26.3
CWPRS campus,18.446944,73.785,16-05-2024 00:05,2024-05-16 00:05:00,2024,5,16,0,137,26.3
CWPRS campus,18.446944,73.785,16-05-2024 00:10,2024-05-16 00:10:00,2024,5,16,0,137,26.3
CWPRS campus,18.446944,73.785,16-05-2024 00:15,2024-05-16 00:15:00,2024,5,16,0,137,26.2
CWPRS campus,18.446944,73.785,16-05-2024 00:20,2024-05-16 00:20:00,2024,5,16,0,137,25.9
CWPRS campus,18.446944,73.785,16-05-2024 00:25,2024-05-16 00:25:00,2024,5,16,0,137,25.8
CWPRS campus,18.446944,73.785,16-05-2024 00:30,2024-05-16 00:30:00,2024,5,16,0,137,25.6
CWPRS campus,18.446944,73.785,16-05-2024 00:35,2024-05-16 00:35:00,2024,5,16,0,137,25.4
CWPRS campus,18.446944,73.785,16-05-2024 00:40,2024-05-16 00:40:00,2024,5,16,0,137,25.4
CWPRS campus,18.446944,73.785,16-05-2024 00:45,2024-05-16 00:45:00,2024,5,16,0,137,25.5
CWPRS campus,18.446944,73.785,16-05-2024 00:50,2024-05-16 00:50:00,2024,5,16,0,137,19.4
CWPRS campus,18.446944,73.785,16-05-2024 00:55,2024-05-16 00:55:00,2024,5,16,0,137,19.3
CWPRS campus,18.446944,73.785,16-05-2024 01:00,2024-05-16 01:00:00,2024,5,16,1,137,19.4
CWPRS campus,18.446944,73.785,16-05-2024 01:05,2024-05-16 01:05:00,2024,5,16,1,137,19.4
CWPRS campus,18.446944,73.785,16-05-2024 01:10,2024-05-16 01:10:00,2024,5,16,1,137,19.7
CWPRS campus,18.446944,73.785,16-05-2024 01:15,2024-05-16 01:15:00,2024,5,16,1,137,19.6
CWPRS campus,18.446944,73.785,16-05-2024 01:20,2024-05-16 01:20:00,2024,5,16,1,137,25.2
CWPRS campus,18.446944,73.785,16-05-2024 01:25,2024-05-16 01:25:00,2024,5,16,1,137,25.3
CWPRS campus,18.446944,73.785,16-05-2024 01:30,2024-05-16 01:30:00,2024,5,16,1,137,25.2
CWPRS campus,18.446944,73.785,16-05-2024 01:35,2024-05-16 01:35:00,2024,5,16,1,137,25.3
CWPRS campus,18.446944,73.785,16-05-2024 01:40,2024-05-16 01:40:00,2024,5,16,1,137,25.3
CWPRS campus,18.446944,73.785,16-05-2024 01:45,2024-05-16 01:45:00,2024,5,16,1,137,25.2
CWPRS campus,18.446944,73.785,16-05-2024 01:50,2024-05-16 01:50:00,2024,5,16,1,137,24.9
CWPRS campus,18.446944,73.785,16-05-2024 01:55,2024-05-16 01:55:00,2024,5,16,1,137,24.8
CWPRS campus,18.446944,73.785,16-05-2024 02:00,2024-05-16 02:00:00,2024,5,16,2,137,24.6
CWPRS campus,18.446944,73.785,16-05-2024 02:05,2024-05-16 02:05:00,2024,5,16,2,137,24.5
CWPRS campus,18.446944,73.785,16-05-2024 02:10,2024-05-16 02:10:00,2024,5,16,2,137,24.5
CWPRS campus,18.446944,73.785,16-05-2024 02:15,2024-05-16 02:15:00,2024,5,16,2,137,24.7
CWPRS campus,18.446944,73.785,16-05-2024 02:20,2024-05-16 02:20:00,2024,5,16,2,137,24.7
CWPRS campus,18.446944,73.785,16-05-2024 02:25,2024-05-16 02:25:00,2024,5,16,2,137,24.5
CWPRS campus,18.446944,73.785,16-05-2024 02:30,2024-05-16 02:30:00,2024,5,16,2,137,24.5
CWPRS campus,18.446944,73.785,16-05-2024 02:35,2024-05-16 02:35:00,2024,5,16,2,137,24.6
CWPRS campus,18.446944,73.785,16-05-2024 02:40,2024-05-16 02:40:00,2024,5,16,2,137,24.5
CWPRS campus,18.446944,73.785,16-05-2024 02:45,2024-05-16 02:45:00,2024,5,16,2,137,24.5
CWPRS campus,18.446944,73.785,16-05-2024 02:50,2024-05-16 02:50:00,2024,5,16,2,137,24.4
CWPRS campus,18.446944,73.785,16-05-2024 02:55,2024-05-16 02:55:00,2024,5,16,2,137,24.3
CWPRS campus,18.446944,73.785,16-05-2024 03:00,2024-05-16 03:00:00,2024,5,16,3,137,24.4
CWPRS campus,18.446944,73.785,16-05-2024 03:05,2024-05-16 03:05:00,2024,5,16,3,137,24.4
CWPRS campus,18.446944,73.785,16-05-2024 03:10,2024-05-16 03:10:00,2024,5,16,3,137,24.4
CWPRS campus,18.446944,73.785,16-05-2024 03:15,2024-05-16 03:15:00,2024,5,16,3,137,24.3
CWPRS campus,18.446944,73.785,16-05-2024 03:20,2024-05-16 03:20:00,2024,5,16,3,137,24.2
CWPRS campus,18.446944,73.785,16-05-2024 03:25,2024-05-16 03:25:00,2024,5,16,3,137,24.3
CWPRS campus,18.446944,73.785,16-05-2024 03:30,2024-05-16 03:30:00,2024,5,16,3,137,24.3
CWPRS campus,18.446944,73.785,16-05-2024 03:35,2024-05-16 03:35:00,2024,5,16,3,137,24.6
CWPRS campus,18.446944,73.785,16-05-2024 03:40,2024-05-16 03:40:00,2024,5,16,3,137,24.5
CWPRS campus,18.446944,73.785,16-05-2024 03:45,2024-05-16 03:45:00,2024,5,16,3,137,24.6
CWPRS campus,18.446944,73.785,16-05-2024 03:50,2024-05-16 03:50:00,2024,5,16,3,137,24.7
CWPRS campus,18.446944,73.785,16-05-2024 03:55,2024-05-16 03:55:00,2024,5,16,3,137,24.5
CWPRS campus,18.446944,73.785,16-05-2024 04:00,2024-05-16 04:00:00,2024,5,16,4,137,24.3
CWPRS campus,18.446944,73.785,16-05-2024 04:05,2024-05-16 04:05:00,2024,5,16,4,137,24.1
CWPRS campus,18.446944,73.785,16-05-2024 04:10,2024-05-16 04:10:00,2024,5,16,4,137,24.4
CWPRS campus,18.446944,73.785,16-05-2024 04:15,2024-05-16 04:15:00,2024,5,16,4,137,24.3
CWPRS campus,18.446944,73.785,16-05-2024 04:20,2024-05-16 04:20:00,2024,5,16,4,137,24.8
CWPRS campus,18.446944,73.785,16-05-2024 04:25,2024-05-16 04:25:00,2024,5,16,4,137,24.8
CWPRS campus,18.446944,73.785,16-05-2024 04:30,2024-05-16 04:30:00,2024,5,16,4,137,24.8
CWPRS campus,18.446944,73.785,16-05-2024 04:35,2024-05-16 04:35:00,2024,5,16,4,137,25.1
CWPRS campus,18.446944,73.785,16-05-2024 04:40,2024-05-16 04:40:00,2024,5,16,4,137,25.5
CWPRS campus,18.446944,73.785,16-05-2024 04:45,2024-05-16 04:45:00,2024,5,16,4,137,25.8
CWPRS campus,18.446944,73.785,16-05-2024 04:50,2024-05-16 04:50:00,2024,5,16,4,137,26.0
CWPRS campus,18.446944,73.785,16-05-2024 04:55,2024-05-16 04:55:00,2024,5,16,4,137,26.2
CWPRS campus,18.446944,73.785,16-05-2024 05:00,2024-05-16 05:00:00,2024,5,16,5,137,26.3
CWPRS campus,18.446944,73.785,16-05-2024 05:05,2024-05-16 05:05:00,2024,5,16,5,137,26.5
CWPRS campus,18.446944,73.785,16-05-2024 05:10,2024-05-16 05:10:00,2024,5,16,5,137,26.4
CWPRS campus,18.446944,73.785,16-05-2024 05:15,2024-05-16 05:15:00,2024,5,16,5,137,26.3
CWPRS campus,18.446944,73.785,16-05-2024 05:20,2024-05-16 05:20:00,2024,5,16,5,137,26.3
CWPRS campus,18.446944,73.785,16-05-2024 05:25,2024-05-16 05:25:00,2024,5,16,5,137,26.4
CWPRS campus,18.446944,73.785,16-05-2024 05:30,2024-05-16 05:30:00,2024,5,16,5,137,26.4
CWPRS campus,18.446944,73.785,16-05-2024 05:35,2024-05-16 05:35:00,2024,5,16,5,137,26.5
CWPRS campus,18.446944,73.785,16-05-2024 05:40,2024-05-16 05:40:00,2024,5,16,5,137,26.7
CWPRS campus,18.446944,73.785,16-05-2024 05:45,2024-05-16 05:45:00,2024,5,16,5,137,26.8
CWPRS campus,18.446944,73.785,16-05-2024 05:50,2024-05-16 05:50:00,2024,5,16,5,137,27.1
CWPRS campus,18.446944,73.785,16-05-2024 05:55,2024-05-16 05:55:00,2024,5,16,5,137,27.0
CWPRS campus,18.446944,73.785,16-05-2024 06:00,2024-05-16 06:00:00,2024,5,16,6,137,27.0
CWPRS campus,18.446944,73.785,16-05-2024 06:05,2024-05-16 06:05:00,2024,5,16,6,137,27.0
CWPRS campus,18.446944,73.785,16-05-2024 06:10,2024-05-16 06:10:00,2024,5,16,6,137,26.8
CWPRS campus,18.446944,73.785,16-05-2024 06:15,2024-05-16 06:15:00,2024,5,16,6,137,26.9
CWPRS campus,18.446944,73.785,16-05-2024 06:20,2024-05-16 06:20:00,2024,5,16,6,137,27.0
CWPRS campus,18.446944,73.785,16-05-2024 06:25,2024-05-16 06:25:00,2024,5,16,6,137,27.3
CWPRS campus,18.446944,73.785,16-05-2024 06:30,2024-05-16 06:30:00,2024,5,16,6,137,27.5
CWPRS campus,18.446944,73.785,16-05-2024 06:35,2024-05-16 06:35:00,2024,5,16,6,137,27.4
CWPRS campus,18.446944,73.785,16-05-2024 06:40,2024-05-16 06:40:00,2024,5,16,6,137,27.8
CWPRS campus,18.446944,73.785,16-05-2024 06:45,2024-05-16 06:45:00,2024,5,16,6,137,28.1
CWPRS campus,18.446944,73.785,16-05-2024 06:50,2024-05-16 06:50:00,2024,5,16,6,137,28.3
CWPRS campus,18.446944,73.785,16-05-2024 06:55,2024-05-16 06:55:00,2024,5,16,6,137,28.3
CWPRS campus,18.446944,73.785,16-05-2024 07:00,2024-05-16 07:00:00,2024,5,16,7,137,28.3
CWPRS campus,18.446944,73.785,16-05-2024 07:05,2024-05-16 07:05:00,2024,5,16,7,137,28.3
CWPRS campus,18.446944,73.785,16-05-2024 07:10,2024-05-16 07:10:00,2024,5,16,7,137,28.6
CWPRS campus,18.446944,73.785,16-05-2024 07:15,2024-05-16 07:15:00,2024,5,16,7,137,29.0
CWPRS campus,18.446944,73.785,16-05-2024 07:20,2024-05-16 07:20:00,2024,5,16,7,137,29.3
CWPRS campus,18.446944,73.785,16-05-2024 07:25,2024-05-16 07:25:00,2024,5,16,7,137,29.3
CWPRS campus,18.446944,73.785,16-05-2024 07:30,2024-05-16 07:30:00,2024,5,16,7,137,29.2
CWPRS campus,18.446944,73.785,16-05-2024 07:35,2024-05-16 07:35:00,2024,5,16,7,137,29.4
CWPRS campus,18.446944,73.785,16-05-2024 07:40,2024-05-16 07:40:00,2024,5,16,7,137,29.2
CWPRS campus,18.446944,73.785,16-05-2024 07:45,2024-05-16 07:45:00,2024,5,16,7,137,29.4
CWPRS campus,18.446944,73.785,16-05-2024 07:50,2024-05-16 07:50:00,2024,5,16,7,137,29.5
CWPRS campus,18.446944,73.785,16-05-2024 07:55,2024-05-16 07:55:00,2024,5,16,7,137,29.5
CWPRS campus,18.446944,73.785,16-05-2024 08:00,2024-05-16 08:00:00,2024,5,16,8,137,29.4
CWPRS campus,18.446944,73.785,16-05-2024 08:05,2024-05-16 08:05:00,2024,5,16,8,137,29.6
CWPRS campus,18.446944,73.785,16-05-2024 08:10,2024-05-16 08:10:00,2024,5,16,8,137,29.7
CWPRS campus,18.446944,73.785,16-05-2024 08:15,2024-05-16 08:15:00,2024,5,16,8,137,29.6
CWPRS campus,18.446944,73.785,16-05-2024 08:20,2024-05-16 08:20:00,2024,5,16,8,137,29.4
CWPRS campus,18.446944,73.785,16-05-2024 08:25,2024-05-16 08:25:00,2024,5,16,8,137,29.5
CWPRS campus,18.446944,73.785,16-05-2024 08:30,2024-05-16 08:30:00,2024,5,16,8,137,30.0
CWPRS campus,18.446944,73.785,16-05-2024 08:35,2024-05-16 08:35:00,2024,5,16,8,137,30.4
CWPRS campus,18.446944,73.785,16-05-2024 08:40,2024-05-16 08:40:00,2024,5,16,8,137,30.4
CWPRS campus,18.446944,73.785,16-05-2024 08:45,2024-05-16 08:45:00,2024,5,16,8,137,30.5
CWPRS campus,18.446944,73.785,16-05-2024 08:50,2024-05-16 08:50:00,2024,5,16,8,137,30.7
CWPRS campus,18.446944,73.785,16-05-2024 08:55,2024-05-16 08:55:00,2024,5,16,8,137,30.7
CWPRS campus,18.446944,73.785,16-05-2024 09:00,2024-05-16 09:00:00,2024,5,16,9,137,30.9
CWPRS campus,18.446944,73.785,16-05-2024 09:05,2024-05-16 09:05:00,2024,5,16,9,137,31.2
CWPRS campus,18.446944,73.785,16-05-2024 09:10,2024-05-16 09:10:00,2024,5,16,9,137,31.5
CWPRS campus,18.446944,73.785,16-05-2024 09:15,2024-05-16 09:15:00,2024,5,16,9,137,31.6
CWPRS campus,18.446944,73.785,16-05-2024 09:20,2024-05-16 09:20:00,2024,5,16,9,137,31.7
CWPRS campus,18.446944,73.785,16-05-2024 09:25,2024-05-16 09:25:00,2024,5,16,9,137,31.7
CWPRS campus,18.446944,73.785,16-05-2024 09:30,2024-05-16 09:30:00,2024,5,16,9,137,31.8
CWPRS campus,18.446944,73.785,16-05-2024 09:35,2024-05-16 09:35:00,2024,5,16,9,137,31.9
CWPRS campus,18.446944,73.785,16-05-2024 09:40,2024-05-16 09:40:00,2024,5,16,9,137,32.1
CWPRS campus,18.446944,73.785,16-05-2024 09:45,2024-05-16 09:45:00,2024,5,16,9,137,32.3
CWPRS campus,18.446944,73.785,16-05-2024 09:50,2024-05-16 09:50:00,2024,5,16,9,137,32.4
CWPRS campus,18.446944,73.785,16-05-2024 09:55,2024-05-16 09:55:00,2024,5,16,9,137,32.7
CWPRS campus,18.446944,73.785,16-05-2024 10:00,2024-05-16 10:00:00,2024,5,16,10,137,32.8
CWPRS campus,18.446944,73.785,16-05-2024 10:05,2024-05-16 10:05:00,2024,5,16,10,137,32.9
CWPRS campus,18.446944,73.785,16-05-2024 10:10,2024-05-16 10:10:00,2024,5,16,10,137,33.0
CWPRS campus,18.446944,73.785,16-05-2024 10:15,2024-05-16 10:15:00,2024,5,16,10,137,32.7
CWPRS campus,18.446944,73.785,16-05-2024 10:20,2024-05-16 10:20:00,2024,5,16,10,137,33.0
CWPRS campus,18.446944,73.785,16-05-2024 10:25,2024-05-16 10:25:00,2024,5,16,10,137,33.2
CWPRS campus,18.446944,73.785,16-05-2024 10:30,2024-05-16 10:30:00,2024,5,16,10,137,33.3
CWPRS campus,18.446944,73.785,16-05-2024 10:35,2024-05-16 10:35:00,2024,5,16,10,137,33.5
CWPRS campus,18.446944,73.785,16-05-2024 10:40,2024-05-16 10:40:00,2024,5,16,10,137,33.7
CWPRS campus,18.446944,73.785,16-05-2024 10:45,2024-05-16 10:45:00,2024,5,16,10,137,33.6
CWPRS campus,18.446944,73.785,16-05-2024 10:50,2024-05-16 10:50:00,2024,5,16,10,137,33.6
CWPRS campus,18.446944,73.785,16-05-2024 10:55,2024-05-16 10:55:00,2024,5,16,10,137,33.9
CWPRS campus,18.446944,73.785,16-05-2024 11:00,2024-05-16 11:00:00,2024,5,16,11,137,33.8
CWPRS campus,18.446944,73.785,16-05-2024 11:05,2024-05-16 11:05:00,2024,5,16,11,137,34.0
CWPRS campus,18.446944,73.785,16-05-2024 11:10,2024-05-16 11:10:00,2024,5,16,11,137,33.9
CWPRS campus,18.446944,73.785,16-05-2024 11:15,2024-05-16 11:15:00,2024,5,16,11,137,34.1
CWPRS campus,18.446944,73.785,16-05-2024 11:20,2024-05-16 11:20:00,2024,5,16,11,137,34.2
CWPRS campus,18.446944,73.785,16-05-2024 11:25,2024-05-16 11:25:00,2024,5,16,11,137,34.1
CWPRS campus,18.446944,73.785,16-05-2024 11:30,2024-05-16 11:30:00,2024,5,16,11,137,34.4
CWPRS campus,18.446944,73.785,16-05-2024 11:35,2024-05-16 11:35:00,2024,5,16,11,137,34.4
CWPRS campus,18.446944,73.785,16-05-2024 11:40,2024-05-16 11:40:00,2024,5,16,11,137,34.4
CWPRS campus,18.446944,73.785,16-05-2024 11:45,2024-05-16 11:45:00,2024,5,16,11,137,34.6
CWPRS campus,18.446944,73.785,16-05-2024 11:50,2024-05-16 11:50:00,2024,5,16,11,137,34.9
CWPRS campus,18.446944,73.785,16-05-2024 11:55,2024-05-16 11:55:00,2024,5,16,11,137,34.8
CWPRS campus,18.446944,73.785,16-05-2024 12:00,2024-05-16 12:00:00,2024,5,16,12,137,35.0
CWPRS campus,18.446944,73.785,16-05-2024 12:05,2024-05-16 12:05:00,2024,5,16,12,137,35.1
CWPRS campus,18.446944,73.785,16-05-2024 12:10,2024-05-16 12:10:00,2024,5,16,12,137,35.3
CWPRS campus,18.446944,73.785,16-05-2024 12:15,2024-05-16 12:15:00,2024,5,16,12,137,35.4
CWPRS campus,18.446944,73.785,16-05-2024 12:20,2024-05-16 12:20:00,2024,5,16,12,137,35.5
CWPRS campus,18.446944,73.785,16-05-2024 12:25,2024-05-16 12:25:00,2024,5,16,12,137,35.4
CWPRS campus,18.446944,73.785,16-05-2024 12:30,2024-05-16 12:30:00,2024,5,16,12,137,35.5
CWPRS campus,18.446944,73.785,16-05-2024 12:35,2024-05-16 12:35:00,2024,5,16,12,137,35.5
CWPRS campus,18.446944,73.785,16-05-2024 12:40,2024-05-16 12:40:00,2024,5,16,12,137,35.1
CWPRS campus,18.446944,73.785,16-05-2024 12:45,2024-05-16 12:45:00,2024,5,16,12,137,35.3
CWPRS campus,18.446944,73.785,16-05-2024 12:50,2024-05-16 12:50:00,2024,5,16,12,137,35.5
CWPRS campus,18.446944,73.785,16-05-2024 12:55,2024-05-16 12:55:00,2024,5,16,12,137,35.2
CWPRS campus,18.446944,73.785,16-05-2024 13:00,2024-05-16 13:00:00,2024,5,16,13,137,35.2
CWPRS campus,18.446944,73.785,16-05-2024 13:05,2024-05-16 13:05:00,2024,5,16,13,137,35.4
CWPRS campus,18.446944,73.785,16-05-2024 13:10,2024-05-16 13:10:00,2024,5,16,13,137,35.8
CWPRS campus,18.446944,73.785,16-05-2024 13:15,2024-05-16 13:15:00,2024,5,16,13,137,35.8
CWPRS campus,18.446944,73.785,16-05-2024 13:20,2024-05-16 13:20:00,2024,5,16,13,137,35.8
CWPRS campus,18.446944,73.785,16-05-2024 13:25,2024-05-16 13:25:00,2024,5,16,13,137,35.8
CWPRS campus,18.446944,73.785,16-05-2024 13:30,2024-05-16 13:30:00,2024,5,16,13,137,36.1
CWPRS campus,18.446944,73.785,16-05-2024 13:35,2024-05-16 13:35:00,2024,5,16,13,137,36.1
CWPRS campus,18.446944,73.785,16-05-2024 13:40,2024-05-16 13:40:00,2024,5,16,13,137,36.0
CWPRS campus,18.446944,73.785,16-05-2024 13:45,2024-05-16 13:45:00,2024,5,16,13,137,36.0
CWPRS campus,18.446944,73.785,16-05-2024 13:50,2024-05-16 13:50:00,2024,5,16,13,137,35.9
CWPRS campus,18.446944,73.785,16-05-2024 13:55,2024-05-16 13:55:00,2024,5,16,13,137,35.9
CWPRS campus,18.446944,73.785,16-05-2024 14:00,2024-05-16 14:00:00,2024,5,16,14,137,36.2
CWPRS campus,18.446944,73.785,16-05-2024 14:05,2024-05-16 14:05:00,2024,5,16,14,137,36.3
CWPRS campus,18.446944,73.785,16-05-2024 14:10,2024-05-16 14:10:00,2024,5,16,14,137,36.3
CWPRS campus,18.446944,73.785,16-05-2024 14:15,2024-05-16 14:15:00,2024,5,16,14,137,36.3
CWPRS campus,18.446944,73.785,16-05-2024 14:20,2024-05-16 14:20:00,2024,5,16,14,137,36.1
CWPRS campus,18.446944,73.785,16-05-2024 14:25,2024-05-16 14:25:00,2024,5,16,14,137,36.2
CWPRS campus,18.446944,73.785,16-05-2024 14:30,2024-05-16 14:30:00,2024,5,16,14,137,36.2
CWPRS campus,18.446944,73.785,16-05-2024 14:35,2024-05-16 14:35:00,2024,5,16,14,137,36.2
CWPRS campus,18.446944,73.785,16-05-2024 14:40,2024-05-16 14:40:00,2024,5,16,14,137,36.7
CWPRS campus,18.446944,73.785,16-05-2024 14:45,2024-05-16 14:45:00,2024,5,16,14,137,36.7
CWPRS campus,18.446944,73.785,16-05-2024 14:50,2024-05-16 14:50:00,2024,5,16,14,137,36.6
CWPRS campus,18.446944,73.785,16-05-2024 14:55,2024-05-16 14:55:00,2024,5,16,14,137,36.5
CWPRS campus,18.446944,73.785,16-05-2024 15:00,2024-05-16 15:00:00,2024,5,16,15,137,36.6
CWPRS campus,18.446944,73.785,16-05-2024 15:05,2024-05-16 15:05:00,2024,5,16,15,137,36.6
CWPRS campus,18.446944,73.785,16-05-2024 15:10,2024-05-16 15:10:00,2024,5,16,15,137,36.4
CWPRS campus,18.446944,73.785,16-05-2024 15:15,2024-05-16 15:15:00,2024,5,16,15,137,36.5
CWPRS campus,18.446944,73.785,16-05-2024 15:20,2024-05-16 15:20:00,2024,5,16,15,137,36.3
CWPRS campus,18.446944,73.785,16-05-2024 15:25,2024-05-16 15:25:00,2024,5,16,15,137,36.6
CWPRS campus,18.446944,73.785,16-05-2024 15:30,2024-05-16 15:30:00,2024,5,16,15,137,36.7
CWPRS campus,18.446944,73.785,16-05-2024 15:35,2024-05-16 15:35:00,2024,5,16,15,137,36.5
CWPRS campus,18.446944,73.785,16-05-2024 15:40,2024-05-16 15:40:00,2024,5,16,15,137,36.7
CWPRS campus,18.446944,73.785,16-05-2024 15:45,2024-05-16 15:45:00,2024,5,16,15,137,36.6
CWPRS campus,18.446944,73.785,16-05-2024 15:50,2024-05-16 15:50:00,2024,5,16,15,137,36.6
CWPRS campus,18.446944,73.785,16-05-2024 15:55,2024-05-16 15:55:00,2024,5,16,15,137,36.6
CWPRS campus,18.446944,73.785,16-05-2024 16:00,2024-05-16 16:00:00,2024,5,16,16,137,36.4
CWPRS campus,18.446944,73.785,16-05-2024 16:05,2024-05-16 16:05:00,2024,5,16,16,137,36.2
CWPRS campus,18.446944,73.785,16-05-2024 16:10,2024-05-16 16:10:00,2024,5,16,16,137,36.3
CWPRS campus,18.446944,73.785,16-05-2024 16:15,2024-05-16 16:15:00,2024,5,16,16,137,36.1
CWPRS campus,18.446944,73.785,16-05-2024 16:20,2024-05-16 16:20:00,2024,5,16,16,137,36.0
CWPRS campus,18.446944,73.785,16-05-2024 16:25,2024-05-16 16:25:00,2024,5,16,16,137,35.7
CWPRS campus,18.446944,73.785,16-05-2024 16:30,2024-05-16 16:30:00,2024,5,16,16,137,35.7
CWPRS campus,18.446944,73.785,16-05-2024 16:35,2024-05-16 16:35:00,2024,5,16,16,137,35.9
CWPRS campus,18.446944,73.785,16-05-2024 16:40,2024-05-16 16:40:00,2024,5,16,16,137,35.7
CWPRS campus,18.446944,73.785,16-05-2024 16:45,2024-05-16 16:45:00,2024,5,16,16,137,35.6
CWPRS campus,18.446944,73.785,16-05-2024 16:50,2024-05-16 16:50:00,2024,5,16,16,137,35.7
CWPRS campus,18.446944,73.785,16-05-2024 16:55,2024-05-16 16:55:00,2024,5,16,16,137,35.5
CWPRS campus,18.446944,73.785,16-05-2024 17:00,2024-05-16 17:00:00,2024,5,16,17,137,35.5
CWPRS campus,18.446944,73.785,16-05-2024 17:05,2024-05-16 17:05:00,2024,5,16,17,137,35.2
CWPRS campus,18.446944,73.785,16-05-2024 17:10,2024-05-16 17:10:00,2024,5,16,17,137,35.1
CWPRS campus,18.446944,73.785,16-05-2024 17:15,2024-05-16 17:15:00,2024,5,16,17,137,35.0
CWPRS campus,18.446944,73.785,16-05-2024 17:20,2024-05-16 17:20:00,2024,5,16,17,137,35.0
CWPRS campus,18.446944,73.785,16-05-2024 17:25,2024-05-16 17:25:00,2024,5,16,17,137,35.0
CWPRS campus,18.446944,73.785,16-05-2024 17:30,2024-05-16 17:30:00,2024,5,16,17,137,35.3
CWPRS campus,18.446944,73.785,16-05-2024 17:35,2024-05-16 17:35:00,2024,5,16,17,137,35.2
CWPRS campus,18.446944,73.785,16-05-2024 17:40,2024-05-16 17:40:00,2024,5,16,17,137,35.1
CWPRS campus,18.446944,73.785,16-05-2024 17:45,2024-05-16 17:45:00,2024,5,16,17,137,35.0
CWPRS campus,18.446944,73.785,16-05-2024 17:50,2024-05-16 17:50:00,2024,5,16,17,137,34.7
CWPRS campus,18.446944,73.785,16-05-2024 17:55,2024-05-16 17:55:00,2024,5,16,17,137,34.6
CWPRS campus,18.446944,73.785,16-05-2024 18:00,2024-05-16 18:00:00,2024,5,16,18,137,34.4
CWPRS campus,18.446944,73.785,16-05-2024 18:05,2024-05-16 18:05:00,2024,5,16,18,137,34.3
CWPRS campus,18.446944,73.785,16-05-2024 18:10,2024-05-16 18:10:00,2024,5,16,18,137,34.3
CWPRS campus,18.446944,73.785,16-05-2024 18:15,2024-05-16 18:15:00,2024,5,16,18,137,34.0
CWPRS campus,18.446944,73.785,16-05-2024 18:20,2024-05-16 18:20:00,2024,5,16,18,137,33.9
CWPRS campus,18.446944,73.785,16-05-2024 18:25,2024-05-16 18:25:00,2024,5,16,18,137,34.0
CWPRS campus,18.446944,73.785,16-05-2024 18:30,2024-05-16 18:30:00,2024,5,16,18,137,33.8
CWPRS campus,18.446944,73.785,16-05-2024 18:35,2024-05-16 18:35:00,2024,5,16,18,137,33.3
CWPRS campus,18.446944,73.785,16-05-2024 18:40,2024-05-16 18:40:00,2024,5,16,18,137,33.0
CWPRS campus,18.446944,73.785,16-05-2024 18:45,2024-05-16 18:45:00,2024,5,16,18,137,33.0
CWPRS campus,18.446944,73.785,16-05-2024 18:50,2024-05-16 18:50:00,2024,5,16,18,137,32.8
CWPRS campus,18.446944,73.785,16-05-2024 18:55,2024-05-16 18:55:00,2024,5,16,18,137,32.5
CWPRS campus,18.446944,73.785,16-05-2024 19:00,2024-05-16 19:00:00,2024,5,16,19,137,32.3
CWPRS campus,18.446944,73.785,16-05-2024 19:05,2024-05-16 19:05:00,2024,5,16,19,137,32.2
CWPRS campus,18.446944,73.785,16-05-2024 19:10,2024-05-16 19:10:00,2024,5,16,19,137,32.2
CWPRS campus,18.446944,73.785,16-05-2024 19:15,2024-05-16 19:15:00,2024,5,16,19,137,31.9
CWPRS campus,18.446944,73.785,16-05-2024 19:20,2024-05-16 19:20:00,2024,5,16,19,137,31.7
CWPRS campus,18.446944,73.785,16-05-2024 19:25,2024-05-16 19:25:00,2024,5,16,19,137,31.5
CWPRS campus,18.446944,73.785,16-05-2024 19:30,2024-05-16 19:30:00,2024,5,16,19,137,31.2
CWPRS campus,18.446944,73.785,16-05-2024 19:35,2024-05-16 19:35:00,2024,5,16,19,137,31.3
CWPRS campus,18.446944,73.785,16-05-2024 19:40,2024-05-16 19:40:00,2024,5,16,19,137,31.0
CWPRS campus,18.446944,73.785,16-05-2024 19:45,2024-05-16 19:45:00,2024,5,16,19,137,31.1
CWPRS campus,18.446944,73.785,16-05-2024 19:50,2024-05-16 19:50:00,2024,5,16,19,137,31.1
CWPRS campus,18.446944,73.785,16-05-2024 19:55,2024-05-16 19:55:00,2024,5,16,19,137,31.1
CWPRS campus,18.446944,73.785,16-05-2024 20:00,2024-05-16 20:00:00,2024,5,16,20,137,30.8
CWPRS campus,18.446944,73.785,16-05-2024 20:05,2024-05-16 20:05:00,2024,5,16,20,137,30.7
CWPRS campus,18.446944,73.785,16-05-2024 20:10,2024-05-16 20:10:00,2024,5,16,20,137,30.5
CWPRS campus,18.446944,73.785,16-05-2024 20:15,2024-05-16 20:15:00,2024,5,16,20,137,30.2
CWPRS campus,18.446944,73.785,16-05-2024 20:20,2024-05-16 20:20:00,2024,5,16,20,137,30.0
CWPRS campus,18.446944,73.785,16-05-2024 20:25,2024-05-16 20:25:00,2024,5,16,20,137,29.7
CWPRS campus,18.446944,73.785,16-05-2024 20:30,2024-05-16 20:30:00,2024,5,16,20,137,29.7
CWPRS campus,18.446944,73.785,16-05-2024 20:35,2024-05-16 20:35:00,2024,5,16,20,137,29.4
CWPRS campus,18.446944,73.785,16-05-2024 20:40,2024-05-16 20:40:00,2024,5,16,20,137,29.3
CWPRS campus,18.446944,73.785,16-05-2024 20:45,2024-05-16 20:45:00,2024,5,16,20,137,29.1
CWPRS campus,18.446944,73.785,16-05-2024 20:50,2024-05-16 20:50:00,2024,5,16,20,137,28.9
CWPRS campus,18.446944,73.785,16-05-2024 20:55,2024-05-16 20:55:00,2024,5,16,20,137,28.8
CWPRS campus,18.446944,73.785,16-05-2024 21:00,2024-05-16 21:00:00,2024,5,16,21,137,28.6
CWPRS campus,18.446944,73.785,16-05-2024 21:05,2024-05-16 21:05:00,2024,5,16,21,137,28.5
CWPRS campus,18.446944,73.785,16-05-2024 21:10,2024-05-16 21:10:00,2024,5,16,21,137,28.2
CWPRS campus,18.446944,73.785,16-05-2024 21:15,2024-05-16 21:15:00,2024,5,16,21,137,28.0
CWPRS campus,18.446944,73.785,16-05-2024 21:20,2024-05-16 21:20:00,2024,5,16,21,137,28.1
CWPRS campus,18.446944,73.785,16-05-2024 21:25,2024-05-16 21:25:00,2024,5,16,21,137,27.8
CWPRS campus,18.446944,73.785,16-05-2024 21:30,2024-05-16 21:30:00,2024,5,16,21,137,27.5
CWPRS campus,18.446944,73.785,16-05-2024 21:35,2024-05-16 21:35:00,2024,5,16,21,137,27.5
CWPRS campus,18.446944,73.785,16-05-2024 21:40,2024-05-16 21:40:00,2024,5,16,21,137,27.3
CWPRS campus,18.446944,73.785,16-05-2024 21:45,2024-05-16 21:45:00,2024,5,16,21,137,27.2
CWPRS campus,18.446944,73.785,16-05-2024 21:50,2024-05-16 21:50:00,2024,5,16,21,137,27.1
CWPRS campus,18.446944,73.785,16-05-2024 21:55,2024-05-16 21:55:00,2024,5,16,21,137,27.0
CWPRS campus,18.446944,73.785,16-05-2024 22:00,2024-05-16 22:00:00,2024,5,16,22,137,27.0
CWPRS campus,18.446944,73.785,16-05-2024 22:05,2024-05-16 22:05:00,2024,5,16,22,137,26.9
CWPRS campus,18.446944,73.785,16-05-2024 22:10,2024-05-16 22:10:00,2024,5,16,22,137,26.7
CWPRS campus,18.446944,73.785,16-05-2024 22:15,2024-05-16 22:15:00,2024,5,16,22,137,26.6
CWPRS campus,18.446944,73.785,16-05-2024 22:20,2024-05-16 22:20:00,2024,5,16,22,137,26.8
CWPRS campus,18.446944,73.785,16-05-2024 22:25,2024-05-16 22:25:00,2024,5,16,22,137,26.6
CWPRS campus,18.446944,73.785,16-05-2024 22:30,2024-05-16 22:30:00,2024,5,16,22,137,26.2
CWPRS campus,18.446944,73.785,16-05-2024 22:35,2024-05-16 22:35:00,2024,5,16,22,137,26.2
CWPRS campus,18.446944,73.785,16-05-2024 22:40,2024-05-16 22:40:00,2024,5,16,22,137,26.0
CWPRS campus,18.446944,73.785,16-05-2024 22:45,2024-05-16 22:45:00,2024,5,16,22,137,25.5
CWPRS campus,18.446944,73.785,16-05-2024 22:50,2024-05-16 22:50:00,2024,5,16,22,137,25.5
CWPRS campus,18.446944,73.785,16-05-2024 22:55,2024-05-16 22:55:00,2024,5,16,22,137,25.3
CWPRS campus,18.446944,73.785,16-05-2024 23:00,2024-05-16 23:00:00,2024,5,16,23,137,25.1
CWPRS campus,18.446944,73.785,16-05-2024 23:05,2024-05-16 23:05:00,2024,5,16,23,137,25.1
CWPRS campus,18.446944,73.785,16-05-2024 23:10,2024-05-16 23:10:00,2024,5,16,23,137,24.9
CWPRS campus,18.446944,73.785,16-05-2024 23:15,2024-05-16 23:15:00,2024,5,16,23,137,24.9
CWPRS campus,18.446944,73.785,16-05-2024 23:20,2024-05-16 23:20:00,2024,5,16,23,137,24.7
CWPRS campus,18.446944,73.785,16-05-2024 23:25,2024-05-16 23:25:00,2024,5,16,23,137,24.6
CWPRS campus,18.446944,73.785,16-05-2024 23:30,2024-05-16 23:30:00,2024,5,16,23,137,24.5
CWPRS campus,18.446944,73.785,16-05-2024 23:35,2024-05-16 23:35:00,2024,5,16,23,137,24.5
CWPRS campus,18.446944,73.785,16-05-2024 23:40,2024-05-16 23:40:00,2024,5,16,23,137,24.4
CWPRS campus,18.446944,73.785,16-05-2024 23:45,2024-05-16 23:45:00,2024,5,16,23,137,24.2
CWPRS campus,18.446944,73.785,16-05-2024 23:50,2024-05-16 23:50:00,2024,5,16,23,137,24.2
CWPRS campus,18.446944,73.785,16-05-2024 23:55,2024-05-16 23:55:00,2024,5,16,23,137,24.0
CWPRS campus,18.446944,73.785,17-05-2024 00:00,2024-05-17 00:00:00,2024,5,17,0,138,24.0
CWPRS campus,18.446944,73.785,17-05-2024 00:05,2024-05-17 00:05:00,2024,5,17,0,138,23.9
CWPRS campus,18.446944,73.785,17-05-2024 00:10,2024-05-17 00:10:00,2024,5,17,0,138,24.1
CWPRS campus,18.446944,73.785,17-05-2024 00:15,2024-05-17 00:15:00,2024,5,17,0,138,23.9
CWPRS campus,18.446944,73.785,17-05-2024 00:20,2024-05-17 00:20:00,2024,5,17,0,138,23.8
CWPRS campus,18.446944,73.785,17-05-2024 00:25,2024-05-17 00:25:00,2024,5,17,0,138,23.6
CWPRS campus,18.446944,73.785,17-05-2024 00:30,2024-05-17 00:30:00,2024,5,17,0,138,23.5
CWPRS campus,18.446944,73.785,17-05-2024 00:35,2024-05-17 00:35:00,2024,5,17,0,138,23.5
CWPRS campus,18.446944,73.785,17-05-2024 00:40,2024-05-17 00:40:00,2024,5,17,0,138,23.2
CWPRS campus,18.446944,73.785,17-05-2024 00:45,2024-05-17 00:45:00,2024,5,17,0,138,22.9
CWPRS campus,18.446944,73.785,17-05-2024 00:50,2024-05-17 00:50:00,2024,5,17,0,138,22.7
CWPRS campus,18.446944,73.785,17-05-2024 00:55,2024-05-17 00:55:00,2024,5,17,0,138,22.7
CWPRS campus,18.446944,73.785,17-05-2024 01:00,2024-05-17 01:00:00,2024,5,17,1,138,22.9
CWPRS campus,18.446944,73.785,17-05-2024 01:05,2024-05-17 01:05:00,2024,5,17,1,138,22.8
CWPRS campus,18.446944,73.785,17-05-2024 01:10,2024-05-17 01:10:00,2024,5,17,1,138,22.7
CWPRS campus,18.446944,73.785,17-05-2024 01:15,2024-05-17 01:15:00,2024,5,17,1,138,22.7
CWPRS campus,18.446944,73.785,17-05-2024 01:20,2024-05-17 01:20:00,2024,5,17,1,138,22.8
CWPRS campus,18.446944,73.785,17-05-2024 01:25,2024-05-17 01:25:00,2024,5,17,1,138,22.6
CWPRS campus,18.446944,73.785,17-05-2024 01:30,2024-05-17 01:30:00,2024,5,17,1,138,22.6
CWPRS campus,18.446944,73.785,17-05-2024 01:35,2024-05-17 01:35:00,2024,5,17,1,138,22.7
CWPRS campus,18.446944,73.785,17-05-2024 01:40,2024-05-17 01:40:00,2024,5,17,1,138,22.7
CWPRS campus,18.446944,73.785,17-05-2024 01:45,2024-05-17 01:45:00,2024,5,17,1,138,22.6
CWPRS campus,18.446944,73.785,17-05-2024 01:50,2024-05-17 01:50:00,2024,5,17,1,138,22.7
CWPRS campus,18.446944,73.785,17-05-2024 01:55,2024-05-17 01:55:00,2024,5,17,1,138,22.3
CWPRS campus,18.446944,73.785,17-05-2024 02:00,2024-05-17 02:00:00,2024,5,17,2,138,22.4
CWPRS campus,18.446944,73.785,17-05-2024 02:05,2024-05-17 02:05:00,2024,5,17,2,138,22.2
CWPRS campus,18.446944,73.785,17-05-2024 02:10,2024-05-17 02:10:00,2024,5,17,2,138,21.9
CWPRS campus,18.446944,73.785,17-05-2024 02:15,2024-05-17 02:15:00,2024,5,17,2,138,22.0
CWPRS campus,18.446944,73.785,17-05-2024 02:20,2024-05-17 02:20:00,2024,5,17,2,138,22.2
CWPRS campus,18.446944,73.785,17-05-2024 02:25,2024-05-17 02:25:00,2024,5,17,2,138,22.2
CWPRS campus,18.446944,73.785,17-05-2024 02:30,2024-05-17 02:30:00,2024,5,17,2,138,22.3
CWPRS campus,18.446944,73.785,17-05-2024 02:35,2024-05-17 02:35:00,2024,5,17,2,138,22.5
CWPRS campus,18.446944,73.785,17-05-2024 02:40,2024-05-17 02:40:00,2024,5,17,2,138,22.7
CWPRS campus,18.446944,73.785,17-05-2024 02:45,2024-05-17 02:45:00,2024,5,17,2,138,22.9
CWPRS campus,18.446944,73.785,17-05-2024 02:50,2024-05-17 02:50:00,2024,5,17,2,138,23.0
CWPRS campus,18.446944,73.785,17-05-2024 02:55,2024-05-17 02:55:00,2024,5,17,2,138,23.0
CWPRS campus,18.446944,73.785,17-05-2024 03:00,2024-05-17 03:00:00,2024,5,17,3,138,22.7
CWPRS campus,18.446944,73.785,17-05-2024 03:05,2024-05-17 03:05:00,2024,5,17,3,138,22.7
CWPRS campus,18.446944,73.785,17-05-2024 03:10,2024-05-17 03:10:00,2024,5,17,3,138,22.5
CWPRS campus,18.446944,73.785,17-05-2024 03:15,2024-05-17 03:15:00,2024,5,17,3,138,22.9
CWPRS campus,18.446944,73.785,17-05-2024 03:20,2024-05-17 03:20:00,2024,5,17,3,138,22.8
CWPRS campus,18.446944,73.785,17-05-2024 03:25,2024-05-17 03:25:00,2024,5,17,3,138,22.8
CWPRS campus,18.446944,73.785,17-05-2024 03:30,2024-05-17 03:30:00,2024,5,17,3,138,22.9
CWPRS campus,18.446944,73.785,17-05-2024 03:35,2024-05-17 03:35:00,2024,5,17,3,138,22.9
CWPRS campus,18.446944,73.785,17-05-2024 03:40,2024-05-17 03:40:00,2024,5,17,3,138,23.2
CWPRS campus,18.446944,73.785,17-05-2024 03:45,2024-05-17 03:45:00,2024,5,17,3,138,23.1
CWPRS campus,18.446944,73.785,17-05-2024 03:50,2024-05-17 03:50:00,2024,5,17,3,138,23.2
CWPRS campus,18.446944,73.785,17-05-2024 03:55,2024-05-17 03:55:00,2024,5,17,3,138,23.1
CWPRS campus,18.446944,73.785,17-05-2024 04:00,2024-05-17 04:00:00,2024,5,17,4,138,22.9
CWPRS campus,18.446944,73.785,17-05-2024 04:05,2024-05-17 04:05:00,2024,5,17,4,138,22.9
CWPRS campus,18.446944,73.785,17-05-2024 04:10,2024-05-17 04:10:00,2024,5,17,4,138,22.9
CWPRS campus,18.446944,73.785,17-05-2024 04:15,2024-05-17 04:15:00,2024,5,17,4,138,22.9
CWPRS campus,18.446944,73.785,17-05-2024 04:20,2024-05-17 04:20:00,2024,5,17,4,138,22.8
CWPRS campus,18.446944,73.785,17-05-2024 04:25,2024-05-17 04:25:00,2024,5,17,4,138,22.7
CWPRS campus,18.446944,73.785,17-05-2024 04:30,2024-05-17 04:30:00,2024,5,17,4,138,22.8
CWPRS campus,18.446944,73.785,17-05-2024 04:35,2024-05-17 04:35:00,2024,5,17,4,138,22.6
CWPRS campus,18.446944,73.785,17-05-2024 04:40,2024-05-17 04:40:00,2024,5,17,4,138,22.9
CWPRS campus,18.446944,73.785,17-05-2024 04:45,2024-05-17 04:45:00,2024,5,17,4,138,23.0
CWPRS campus,18.446944,73.785,17-05-2024 04:50,2024-05-17 04:50:00,2024,5,17,4,138,22.8
CWPRS campus,18.446944,73.785,17-05-2024 04:55,2024-05-17 04:55:00,2024,5,17,4,138,22.9
CWPRS campus,18.446944,73.785,17-05-2024 05:00,2024-05-17 05:00:00,2024,5,17,5,138,22.9
CWPRS campus,18.446944,73.785,17-05-2024 05:05,2024-05-17 05:05:00,2024,5,17,5,138,23.1
CWPRS campus,18.446944,73.785,17-05-2024 05:10,2024-05-17 05:10:00,2024,5,17,5,138,23.4
CWPRS campus,18.446944,73.785,17-05-2024 05:15,2024-05-17 05:15:00,2024,5,17,5,138,23.2
CWPRS campus,18.446944,73.785,17-05-2024 05:20,2024-05-17 05:20:00,2024,5,17,5,138,23.4
CWPRS campus,18.446944,73.785,17-05-2024 05:25,2024-05-17 05:25:00,2024,5,17,5,138,23.5
CWPRS campus,18.446944,73.785,17-05-2024 05:30,2024-05-17 05:30:00,2024,5,17,5,138,23.7
CWPRS campus,18.446944,73.785,17-05-2024 05:35,2024-05-17 05:35:00,2024,5,17,5,138,23.9
CWPRS campus,18.446944,73.785,17-05-2024 05:40,2024-05-17 05:40:00,2024,5,17,5,138,23.9
CWPRS campus,18.446944,73.785,17-05-2024 05:45,2024-05-17 05:45:00,2024,5,17,5,138,24.0
CWPRS campus,18.446944,73.785,17-05-2024 05:50,2024-05-17 05:50:00,2024,5,17,5,138,24.0
CWPRS campus,18.446944,73.785,17-05-2024 05:55,2024-05-17 05:55:00,2024,5,17,5,138,24.3
CWPRS campus,18.446944,73.785,17-05-2024 06:00,2024-05-17 06:00:00,2024,5,17,6,138,24.5
CWPRS campus,18.446944,73.785,17-05-2024 06:05,2024-05-17 06:05:00,2024,5,17,6,138,24.9
CWPRS campus,18.446944,73.785,17-05-2024 06:10,2024-05-17 06:10:00,2024,5,17,6,138,25.0
CWPRS campus,18.446944,73.785,17-05-2024 06:15,2024-05-17 06:15:00,2024,5,17,6,138,25.0
CWPRS campus,18.446944,73.785,17-05-2024 06:20,2024-05-17 06:20:00,2024,5,17,6,138,24.9
CWPRS campus,18.446944,73.785,17-05-2024 06:25,2024-05-17 06:25:00,2024,5,17,6,138,24.8
CWPRS campus,18.446944,73.785,17-05-2024 06:30,2024-05-17 06:30:00,2024,5,17,6,138,24.7
CWPRS campus,18.446944,73.785,17-05-2024 06:35,2024-05-17 06:35:00,2024,5,17,6,138,25.0
CWPRS campus,18.446944,73.785,17-05-2024 06:40,2024-05-17 06:40:00,2024,5,17,6,138,25.2
CWPRS campus,18.446944,73.785,17-05-2024 06:45,2024-05-17 06:45:00,2024,5,17,6,138,25.1
CWPRS campus,18.446944,73.785,17-05-2024 06:50,2024-05-17 06:50:00,2024,5,17,6,138,25.5
CWPRS campus,18.446944,73.785,17-05-2024 06:55,2024-05-17 06:55:00,2024,5,17,6,138,25.6
CWPRS campus,18.446944,73.785,17-05-2024 07:00,2024-05-17 07:00:00,2024,5,17,7,138,25.8
CWPRS campus,18.446944,73.785,17-05-2024 07:05,2024-05-17 07:05:00,2024,5,17,7,138,26.2
CWPRS campus,18.446944,73.785,17-05-2024 07:10,2024-05-17 07:10:00,2024,5,17,7,138,26.5
CWPRS campus,18.446944,73.785,17-05-2024 07:15,2024-05-17 07:15:00,2024,5,17,7,138,26.6
CWPRS campus,18.446944,73.785,17-05-2024 07:20,2024-05-17 07:20:00,2024,5,17,7,138,26.6
CWPRS campus,18.446944,73.785,17-05-2024 07:25,2024-05-17 07:25:00,2024,5,17,7,138,26.5
CWPRS campus,18.446944,73.785,17-05-2024 07:30,2024-05-17 07:30:00,2024,5,17,7,138,26.5
CWPRS campus,18.446944,73.785,17-05-2024 07:35,2024-05-17 07:35:00,2024,5,17,7,138,26.7
CWPRS campus,18.446944,73.785,17-05-2024 07:40,2024-05-17 07:40:00,2024,5,17,7,138,26.7
CWPRS campus,18.446944,73.785,17-05-2024 07:45,2024-05-17 07:45:00,2024,5,17,7,138,26.9
CWPRS campus,18.446944,73.785,17-05-2024 07:50,2024-05-17 07:50:00,2024,5,17,7,138,27.1
CWPRS campus,18.446944,73.785,17-05-2024 07:55,2024-05-17 07:55:00,2024,5,17,7,138,27.3
CWPRS campus,18.446944,73.785,17-05-2024 08:00,2024-05-17 08:00:00,2024,5,17,8,138,27.4
CWPRS campus,18.446944,73.785,17-05-2024 08:05,2024-05-17 08:05:00,2024,5,17,8,138,27.6
CWPRS campus,18.446944,73.785,17-05-2024 08:10,2024-05-17 08:10:00,2024,5,17,8,138,27.8
CWPRS campus,18.446944,73.785,17-05-2024 08:15,2024-05-17 08:15:00,2024,5,17,8,138,27.9
CWPRS campus,18.446944,73.785,17-05-2024 08:20,2024-05-17 08:20:00,2024,5,17,8,138,28.3
CWPRS campus,18.446944,73.785,17-05-2024 08:25,2024-05-17 08:25:00,2024,5,17,8,138,28.4
CWPRS campus,18.446944,73.785,17-05-2024 08:30,2024-05-17 08:30:00,2024,5,17,8,138,28.6
CWPRS campus,18.446944,73.785,17-05-2024 08:35,2024-05-17 08:35:00,2024,5,17,8,138,28.9
CWPRS campus,18.446944,73.785,17-05-2024 08:40,2024-05-17 08:40:00,2024,5,17,8,138,29.1
CWPRS campus,18.446944,73.785,17-05-2024 08:45,2024-05-17 08:45:00,2024,5,17,8,138,29.4
CWPRS campus,18.446944,73.785,17-05-2024 08:50,2024-05-17 08:50:00,2024,5,17,8,138,29.7
CWPRS campus,18.446944,73.785,17-05-2024 08:55,2024-05-17 08:55:00,2024,5,17,8,138,29.7
CWPRS campus,18.446944,73.785,17-05-2024 09:00,2024-05-17 09:00:00,2024,5,17,9,138,29.9
CWPRS campus,18.446944,73.785,17-05-2024 09:05,2024-05-17 09:05:00,2024,5,17,9,138,29.9
CWPRS campus,18.446944,73.785,17-05-2024 09:10,2024-05-17 09:10:00,2024,5,17,9,138,30.1
CWPRS campus,18.446944,73.785,17-05-2024 09:15,2024-05-17 09:15:00,2024,5,17,9,138,30.3
CWPRS campus,18.446944,73.785,17-05-2024 09:20,2024-05-17 09:20:00,2024,5,17,9,138,30.4
CWPRS campus,18.446944,73.785,17-05-2024 09:25,2024-05-17 09:25:00,2024,5,17,9,138,30.6
CWPRS campus,18.446944,73.785,17-05-2024 09:30,2024-05-17 09:30:00,2024,5,17,9,138,30.4
CWPRS campus,18.446944,73.785,17-05-2024 09:35,2024-05-17 09:35:00,2024,5,17,9,138,30.5
CWPRS campus,18.446944,73.785,17-05-2024 09:40,2024-05-17 09:40:00,2024,5,17,9,138,30.7
CWPRS campus,18.446944,73.785,17-05-2024 09:45,2024-05-17 09:45:00,2024,5,17,9,138,30.9
CWPRS campus,18.446944,73.785,17-05-2024 09:50,2024-05-17 09:50:00,2024,5,17,9,138,31.0
CWPRS campus,18.446944,73.785,17-05-2024 09:55,2024-05-17 09:55:00,2024,5,17,9,138,31.3
CWPRS campus,18.446944,73.785,17-05-2024 10:00,2024-05-17 10:00:00,2024,5,17,10,138,31.4
CWPRS campus,18.446944,73.785,17-05-2024 10:05,2024-05-17 10:05:00,2024,5,17,10,138,31.7
CWPRS campus,18.446944,73.785,17-05-2024 10:10,2024-05-17 10:10:00,2024,5,17,10,138,31.9
CWPRS campus,18.446944,73.785,17-05-2024 10:15,2024-05-17 10:15:00,2024,5,17,10,138,32.0
CWPRS campus,18.446944,73.785,17-05-2024 10:20,2024-05-17 10:20:00,2024,5,17,10,138,32.4
CWPRS campus,18.446944,73.785,17-05-2024 10:25,2024-05-17 10:25:00,2024,5,17,10,138,32.3
CWPRS campus,18.446944,73.785,17-05-2024 10:30,2024-05-17 10:30:00,2024,5,17,10,138,32.6
CWPRS campus,18.446944,73.785,17-05-2024 10:35,2024-05-17 10:35:00,2024,5,17,10,138,32.9
CWPRS campus,18.446944,73.785,17-05-2024 10:40,2024-05-17 10:40:00,2024,5,17,10,138,33.0
CWPRS campus,18.446944,73.785,17-05-2024 10:45,2024-05-17 10:45:00,2024,5,17,10,138,33.3
CWPRS campus,18.446944,73.785,17-05-2024 10:50,2024-05-17 10:50:00,2024,5,17,10,138,33.4
CWPRS campus,18.446944,73.785,17-05-2024 10:55,2024-05-17 10:55:00,2024,5,17,10,138,33.6
CWPRS campus,18.446944,73.785,17-05-2024 11:00,2024-05-17 11:00:00,2024,5,17,11,138,33.7
CWPRS campus,18.446944,73.785,17-05-2024 11:05,2024-05-17 11:05:00,2024,5,17,11,138,33.8
CWPRS campus,18.446944,73.785,17-05-2024 11:10,2024-05-17 11:10:00,2024,5,17,11,138,34.0
CWPRS campus,18.446944,73.785,17-05-2024 11:15,2024-05-17 11:15:00,2024,5,17,11,138,34.3
CWPRS campus,18.446944,73.785,17-05-2024 11:20,2024-05-17 11:20:00,2024,5,17,11,138,34.1
CWPRS campus,18.446944,73.785,17-05-2024 11:25,2024-05-17 11:25:00,2024,5,17,11,138,34.4
CWPRS campus,18.446944,73.785,17-05-2024 11:30,2024-05-17 11:30:00,2024,5,17,11,138,34.3
CWPRS campus,18.446944,73.785,17-05-2024 11:35,2024-05-17 11:35:00,2024,5,17,11,138,34.5
CWPRS campus,18.446944,73.785,17-05-2024 11:40,2024-05-17 11:40:00,2024,5,17,11,138,34.8
CWPRS campus,18.446944,73.785,17-05-2024 11:45,2024-05-17 11:45:00,2024,5,17,11,138,34.7
CWPRS campus,18.446944,73.785,17-05-2024 11:50,2024-05-17 11:50:00,2024,5,17,11,138,34.8
CWPRS campus,18.446944,73.785,17-05-2024 11:55,2024-05-17 11:55:00,2024,5,17,11,138,34.7
CWPRS campus,18.446944,73.785,17-05-2024 12:00,2024-05-17 12:00:00,2024,5,17,12,138,34.8
CWPRS campus,18.446944,73.785,17-05-2024 12:05,2024-05-17 12:05:00,2024,5,17,12,138,34.8
CWPRS campus,18.446944,73.785,17-05-2024 12:10,2024-05-17 12:10:00,2024,5,17,12,138,35.0
CWPRS campus,18.446944,73.785,17-05-2024 12:15,2024-05-17 12:15:00,2024,5,17,12,138,35.3
CWPRS campus,18.446944,73.785,17-05-2024 12:20,2024-05-17 12:20:00,2024,5,17,12,138,35.6
CWPRS campus,18.446944,73.785,17-05-2024 12:25,2024-05-17 12:25:00,2024,5,17,12,138,35.6
CWPRS campus,18.446944,73.785,17-05-2024 12:30,2024-05-17 12:30:00,2024,5,17,12,138,35.7
CWPRS campus,18.446944,73.785,17-05-2024 12:35,2024-05-17 12:35:00,2024,5,17,12,138,35.5
CWPRS campus,18.446944,73.785,17-05-2024 12:40,2024-05-17 12:40:00,2024,5,17,12,138,35.4
CWPRS campus,18.446944,73.785,17-05-2024 12:45,2024-05-17 12:45:00,2024,5,17,12,138,35.7
CWPRS campus,18.446944,73.785,17-05-2024 12:50,2024-05-17 12:50:00,2024,5,17,12,138,36.0
CWPRS campus,18.446944,73.785,17-05-2024 12:55,2024-05-17 12:55:00,2024,5,17,12,138,35.8
CWPRS campus,18.446944,73.785,17-05-2024 13:00,2024-05-17 13:00:00,2024,5,17,13,138,35.8
CWPRS campus,18.446944,73.785,17-05-2024 13:05,2024-05-17 13:05:00,2024,5,17,13,138,35.9
CWPRS campus,18.446944,73.785,17-05-2024 13:10,2024-05-17 13:10:00,2024,5,17,13,138,36.0
CWPRS campus,18.446944,73.785,17-05-2024 13:15,2024-05-17 13:15:00,2024,5,17,13,138,35.9
CWPRS campus,18.446944,73.785,17-05-2024 13:20,2024-05-17 13:20:00,2024,5,17,13,138,36.0
CWPRS campus,18.446944,73.785,17-05-2024 13:25,2024-05-17 13:25:00,2024,5,17,13,138,36.0
CWPRS campus,18.446944,73.785,17-05-2024 13:30,2024-05-17 13:30:00,2024,5,17,13,138,36.1
CWPRS campus,18.446944,73.785,17-05-2024 13:35,2024-05-17 13:35:00,2024,5,17,13,138,36.2
CWPRS campus,18.446944,73.785,17-05-2024 13:40,2024-05-17 13:40:00,2024,5,17,13,138,36.3
CWPRS campus,18.446944,73.785,17-05-2024 13:45,2024-05-17 13:45:00,2024,5,17,13,138,36.2
CWPRS campus,18.446944,73.785,17-05-2024 13:50,2024-05-17 13:50:00,2024,5,17,13,138,36.3
CWPRS campus,18.446944,73.785,17-05-2024 13:55,2024-05-17 13:55:00,2024,5,17,13,138,36.3
CWPRS campus,18.446944,73.785,17-05-2024 14:00,2024-05-17 14:00:00,2024,5,17,14,138,36.3
CWPRS campus,18.446944,73.785,17-05-2024 14:05,2024-05-17 14:05:00,2024,5,17,14,138,36.2
CWPRS campus,18.446944,73.785,17-05-2024 14:10,2024-05-17 14:10:00,2024,5,17,14,138,36.5
CWPRS campus,18.446944,73.785,17-05-2024 14:15,2024-05-17 14:15:00,2024,5,17,14,138,36.6
CWPRS campus,18.446944,73.785,17-05-2024 14:20,2024-05-17 14:20:00,2024,5,17,14,138,36.6
CWPRS campus,18.446944,73.785,17-05-2024 14:25,2024-05-17 14:25:00,2024,5,17,14,138,36.7
CWPRS campus,18.446944,73.785,17-05-2024 14:30,2024-05-17 14:30:00,2024,5,17,14,138,36.6
CWPRS campus,18.446944,73.785,17-05-2024 14:35,2024-05-17 14:35:00,2024,5,17,14,138,36.8
CWPRS campus,18.446944,73.785,17-05-2024 14:40,2024-05-17 14:40:00,2024,5,17,14,138,36.9
CWPRS campus,18.446944,73.785,17-05-2024 14:45,2024-05-17 14:45:00,2024,5,17,14,138,36.8
CWPRS campus,18.446944,73.785,17-05-2024 14:50,2024-05-17 14:50:00,2024,5,17,14,138,36.9
CWPRS campus,18.446944,73.785,17-05-2024 14:55,2024-05-17 14:55:00,2024,5,17,14,138,36.6
CWPRS campus,18.446944,73.785,17-05-2024 15:00,2024-05-17 15:00:00,2024,5,17,15,138,36.4
CWPRS campus,18.446944,73.785,17-05-2024 15:05,2024-05-17 15:05:00,2024,5,17,15,138,36.2
CWPRS campus,18.446944,73.785,17-05-2024 15:10,2024-05-17 15:10:00,2024,5,17,15,138,36.3
CWPRS campus,18.446944,73.785,17-05-2024 15:15,2024-05-17 15:15:00,2024,5,17,15,138,36.5
CWPRS campus,18.446944,73.785,17-05-2024 15:20,2024-05-17 15:20:00,2024,5,17,15,138,36.8
CWPRS campus,18.446944,73.785,17-05-2024 15:25,2024-05-17 15:25:00,2024,5,17,15,138,36.9
CWPRS campus,18.446944,73.785,17-05-2024 15:30,2024-05-17 15:30:00,2024,5,17,15,138,36.9
CWPRS campus,18.446944,73.785,17-05-2024 15:35,2024-05-17 15:35:00,2024,5,17,15,138,36.6
CWPRS campus,18.446944,73.785,17-05-2024 15:40,2024-05-17 15:40:00,2024,5,17,15,138,36.4
CWPRS campus,18.446944,73.785,17-05-2024 15:45,2024-05-17 15:45:00,2024,5,17,15,138,36.3
CWPRS campus,18.446944,73.785,17-05-2024 15:50,2024-05-17 15:50:00,2024,5,17,15,138,36.1
CWPRS campus,18.446944,73.785,17-05-2024 15:55,2024-05-17 15:55:00,2024,5,17,15,138,36.1
CWPRS campus,18.446944,73.785,17-05-2024 16:00,2024-05-17 16:00:00,2024,5,17,16,138,35.9
CWPRS campus,18.446944,73.785,17-05-2024 16:05,2024-05-17 16:05:00,2024,5,17,16,138,35.6
CWPRS campus,18.446944,73.785,17-05-2024 16:10,2024-05-17 16:10:00,2024,5,17,16,138,35.7
CWPRS campus,18.446944,73.785,17-05-2024 16:15,2024-05-17 16:15:00,2024,5,17,16,138,35.5
CWPRS campus,18.446944,73.785,17-05-2024 16:20,2024-05-17 16:20:00,2024,5,17,16,138,35.5
CWPRS campus,18.446944,73.785,17-05-2024 16:25,2024-05-17 16:25:00,2024,5,17,16,138,35.7
CWPRS campus,18.446944,73.785,17-05-2024 16:30,2024-05-17 16:30:00,2024,5,17,16,138,35.5
CWPRS campus,18.446944,73.785,17-05-2024 16:35,2024-05-17 16:35:00,2024,5,17,16,138,35.1
CWPRS campus,18.446944,73.785,17-05-2024 16:40,2024-05-17 16:40:00,2024,5,17,16,138,35.0
CWPRS campus,18.446944,73.785,17-05-2024 16:45,2024-05-17 16:45:00,2024,5,17,16,138,35.1
CWPRS campus,18.446944,73.785,17-05-2024 16:50,2024-05-17 16:50:00,2024,5,17,16,138,35.4
CWPRS campus,18.446944,73.785,17-05-2024 16:55,2024-05-17 16:55:00,2024,5,17,16,138,35.1
CWPRS campus,18.446944,73.785,17-05-2024 17:00,2024-05-17 17:00:00,2024,5,17,17,138,35.1
CWPRS campus,18.446944,73.785,17-05-2024 17:05,2024-05-17 17:05:00,2024,5,17,17,138,35.0
CWPRS campus,18.446944,73.785,17-05-2024 17:10,2024-05-17 17:10:00,2024,5,17,17,138,34.9
CWPRS campus,18.446944,73.785,17-05-2024 17:15,2024-05-17 17:15:00,2024,5,17,17,138,35.2
CWPRS campus,18.446944,73.785,17-05-2024 17:20,2024-05-17 17:20:00,2024,5,17,17,138,34.9
CWPRS campus,18.446944,73.785,17-05-2024 17:25,2024-05-17 17:25:00,2024,5,17,17,138,34.8
CWPRS campus,18.446944,73.785,17-05-2024 17:30,2024-05-17 17:30:00,2024,5,17,17,138,34.8
CWPRS campus,18.446944,73.785,17-05-2024 17:35,2024-05-17 17:35:00,2024,5,17,17,138,34.9
CWPRS campus,18.446944,73.785,17-05-2024 17:40,2024-05-17 17:40:00,2024,5,17,17,138,34.8
CWPRS campus,18.446944,73.785,17-05-2024 17:45,2024-05-17 17:45:00,2024,5,17,17,138,34.7
CWPRS campus,18.446944,73.785,17-05-2024 17:50,2024-05-17 17:50:00,2024,5,17,17,138,34.5
CWPRS campus,18.446944,73.785,17-05-2024 17:55,2024-05-17 17:55:00,2024,5,17,17,138,34.4
CWPRS campus,18.446944,73.785,17-05-2024 18:00,2024-05-17 18:00:00,2024,5,17,18,138,34.3
CWPRS campus,18.446944,73.785,17-05-2024 18:05,2024-05-17 18:05:00,2024,5,17,18,138,34.2
CWPRS campus,18.446944,73.785,17-05-2024 18:10,2024-05-17 18:10:00,2024,5,17,18,138,34.0
CWPRS campus,18.446944,73.785,17-05-2024 18:15,2024-05-17 18:15:00,2024,5,17,18,138,34.0
CWPRS campus,18.446944,73.785,17-05-2024 18:20,2024-05-17 18:20:00,2024,5,17,18,138,33.8
CWPRS campus,18.446944,73.785,17-05-2024 18:25,2024-05-17 18:25:00,2024,5,17,18,138,33.9
CWPRS campus,18.446944,73.785,17-05-2024 18:30,2024-05-17 18:30:00,2024,5,17,18,138,33.7
CWPRS campus,18.446944,73.785,17-05-2024 18:35,2024-05-17 18:35:00,2024,5,17,18,138,33.3
CWPRS campus,18.446944,73.785,17-05-2024 18:40,2024-05-17 18:40:00,2024,5,17,18,138,33.4
CWPRS campus,18.446944,73.785,17-05-2024 18:45,2024-05-17 18:45:00,2024,5,17,18,138,33.1
CWPRS campus,18.446944,73.785,17-05-2024 18:50,2024-05-17 18:50:00,2024,5,17,18,138,32.9
CWPRS campus,18.446944,73.785,17-05-2024 18:55,2024-05-17 18:55:00,2024,5,17,18,138,32.7
CWPRS campus,18.446944,73.785,17-05-2024 19:00,2024-05-17 19:00:00,2024,5,17,19,138,32.7
CWPRS campus,18.446944,73.785,17-05-2024 19:05,2024-05-17 19:05:00,2024,5,17,19,138,32.3
CWPRS campus,18.446944,73.785,17-05-2024 19:10,2024-05-17 19:10:00,2024,5,17,19,138,32.6
CWPRS campus,18.446944,73.785,17-05-2024 19:15,2024-05-17 19:15:00,2024,5,17,19,138,32.6
CWPRS campus,18.446944,73.785,17-05-2024 19:20,2024-05-17 19:20:00,2024,5,17,19,138,32.5
CWPRS campus,18.446944,73.785,17-05-2024 19:25,2024-05-17 19:25:00,2024,5,17,19,138,32.3
CWPRS campus,18.446944,73.785,17-05-2024 19:30,2024-05-17 19:30:00,2024,5,17,19,138,32.2
CWPRS campus,18.446944,73.785,17-05-2024 19:35,2024-05-17 19:35:00,2024,5,17,19,138,32.1
CWPRS campus,18.446944,73.785,17-05-2024 19:40,2024-05-17 19:40:00,2024,5,17,19,138,32.1
CWPRS campus,18.446944,73.785,17-05-2024 19:45,2024-05-17 19:45:00,2024,5,17,19,138,32.0
CWPRS campus,18.446944,73.785,17-05-2024 19:50,2024-05-17 19:50:00,2024,5,17,19,138,31.8
CWPRS campus,18.446944,73.785,17-05-2024 19:55,2024-05-17 19:55:00,2024,5,17,19,138,31.6
CWPRS campus,18.446944,73.785,17-05-2024 20:00,2024-05-17 20:00:00,2024,5,17,20,138,31.4
CWPRS campus,18.446944,73.785,17-05-2024 20:05,2024-05-17 20:05:00,2024,5,17,20,138,31.3
CWPRS campus,18.446944,73.785,17-05-2024 20:10,2024-05-17 20:10:00,2024,5,17,20,138,31.3
CWPRS campus,18.446944,73.785,17-05-2024 20:15,2024-05-17 20:15:00,2024,5,17,20,138,31.2
CWPRS campus,18.446944,73.785,17-05-2024 20:20,2024-05-17 20:20:00,2024,5,17,20,138,30.6
CWPRS campus,18.446944,73.785,17-05-2024 20:25,2024-05-17 20:25:00,2024,5,17,20,138,30.5
CWPRS campus,18.446944,73.785,17-05-2024 20:30,2024-05-17 20:30:00,2024,5,17,20,138,30.4
CWPRS campus,18.446944,73.785,17-05-2024 20:35,2024-05-17 20:35:00,2024,5,17,20,138,30.2
CWPRS campus,18.446944,73.785,17-05-2024 20:40,2024-05-17 20:40:00,2024,5,17,20,138,30.0
CWPRS campus,18.446944,73.785,17-05-2024 20:45,2024-05-17 20:45:00,2024,5,17,20,138,30.0
CWPRS campus,18.446944,73.785,17-05-2024 20:50,2024-05-17 20:50:00,2024,5,17,20,138,30.0
CWPRS campus,18.446944,73.785,17-05-2024 20:55,2024-05-17 20:55:00,2024,5,17,20,138,29.7
CWPRS campus,18.446944,73.785,17-05-2024 21:00,2024-05-17 21:00:00,2024,5,17,21,138,29.6
CWPRS campus,18.446944,73.785,17-05-2024 21:05,2024-05-17 21:05:00,2024,5,17,21,138,29.3
CWPRS campus,18.446944,73.785,17-05-2024 21:10,2024-05-17 21:10:00,2024,5,17,21,138,29.0
CWPRS campus,18.446944,73.785,17-05-2024 21:15,2024-05-17 21:15:00,2024,5,17,21,138,28.7
CWPRS campus,18.446944,73.785,17-05-2024 21:20,2024-05-17 21:20:00,2024,5,17,21,138,28.7
CWPRS campus,18.446944,73.785,17-05-2024 21:25,2024-05-17 21:25:00,2024,5,17,21,138,28.7
CWPRS campus,18.446944,73.785,17-05-2024 21:30,2024-05-17 21:30:00,2024,5,17,21,138,28.6
CWPRS campus,18.446944,73.785,17-05-2024 21:35,2024-05-17 21:35:00,2024,5,17,21,138,28.6
CWPRS campus,18.446944,73.785,17-05-2024 21:40,2024-05-17 21:40:00,2024,5,17,21,138,28.5
CWPRS campus,18.446944,73.785,17-05-2024 21:45,2024-05-17 21:45:00,2024,5,17,21,138,28.3
CWPRS campus,18.446944,73.785,17-05-2024 21:50,2024-05-17 21:50:00,2024,5,17,21,138,28.2
CWPRS campus,18.446944,73.785,17-05-2024 21:55,2024-05-17 21:55:00,2024,5,17,21,138,28.2
CWPRS campus,18.446944,73.785,17-05-2024 22:00,2024-05-17 22:00:00,2024,5,17,22,138,28.1
CWPRS campus,18.446944,73.785,17-05-2024 22:05,2024-05-17 22:05:00,2024,5,17,22,138,28.1
CWPRS campus,18.446944,73.785,17-05-2024 22:10,2024-05-17 22:10:00,2024,5,17,22,138,28.1
CWPRS campus,18.446944,73.785,17-05-2024 22:15,2024-05-17 22:15:00,2024,5,17,22,138,28.0
CWPRS campus,18.446944,73.785,17-05-2024 22:20,2024-05-17 22:20:00,2024,5,17,22,138,28.0
CWPRS campus,18.446944,73.785,17-05-2024 22:25,2024-05-17 22:25:00,2024,5,17,22,138,27.8
CWPRS campus,18.446944,73.785,17-05-2024 22:30,2024-05-17 22:30:00,2024,5,17,22,138,27.5
CWPRS campus,18.446944,73.785,17-05-2024 22:35,2024-05-17 22:35:00,2024,5,17,22,138,27.3
CWPRS campus,18.446944,73.785,17-05-2024 22:40,2024-05-17 22:40:00,2024,5,17,22,138,27.1
CWPRS campus,18.446944,73.785,17-05-2024 22:45,2024-05-17 22:45:00,2024,5,17,22,138,26.8
CWPRS campus,18.446944,73.785,17-05-2024 22:50,2024-05-17 22:50:00,2024,5,17,22,138,26.7
CWPRS campus,18.446944,73.785,17-05-2024 22:55,2024-05-17 22:55:00,2024,5,17,22,138,26.4
CWPRS campus,18.446944,73.785,17-05-2024 23:00,2024-05-17 23:00:00,2024,5,17,23,138,26.2
CWPRS campus,18.446944,73.785,17-05-2024 23:05,2024-05-17 23:05:00,2024,5,17,23,138,25.8
CWPRS campus,18.446944,73.785,17-05-2024 23:10,2024-05-17 23:10:00,2024,5,17,23,138,25.8
CWPRS campus,18.446944,73.785,17-05-2024 23:15,2024-05-17 23:15:00,2024,5,17,23,138,25.7
CWPRS campus,18.446944,73.785,17-05-2024 23:20,2024-05-17 23:20:00,2024,5,17,23,138,25.5
CWPRS campus,18.446944,73.785,17-05-2024 23:25,2024-05-17 23:25:00,2024,5,17,23,138,25.5
CWPRS campus,18.446944,73.785,17-05-2024 23:30,2024-05-17 23:30:00,2024,5,17,23,138,25.5
CWPRS campus,18.446944,73.785,17-05-2024 23:35,2024-05-17 23:35:00,2024,5,17,23,138,25.2
CWPRS campus,18.446944,73.785,17-05-2024 23:40,2024-05-17 23:40:00,2024,5,17,23,138,25.0
CWPRS campus,18.446944,73.785,17-05-2024 23:45,2024-05-17 23:45:00,2024,5,17,23,138,24.8
CWPRS campus,18.446944,73.785,17-05-2024 23:50,2024-05-17 23:50:00,2024,5,17,23,138,24.6
CWPRS campus,18.446944,73.785,17-05-2024 23:55,2024-05-17 23:55:00,2024,5,17,23,138,24.6
Pashan AWS,18.5362,73.7928,11-05-2024 00:00,2024-05-11 00:00:00,2024,5,11,0,132,25.1
Pashan AWS,18.5362,73.7928,11-05-2024 00:05,2024-05-11 00:05:00,2024,5,11,0,132,25.0
Pashan AWS,18.5362,73.7928,11-05-2024 00:10,2024-05-11 00:10:00,2024,5,11,0,132,24.9
Pashan AWS,18.5362,73.7928,11-05-2024 00:15,2024-05-11 00:15:00,2024,5,11,0,132,25.1
Pashan AWS,18.5362,73.7928,11-05-2024 00:20,2024-05-11 00:20:00,2024,5,11,0,132,24.8
Pashan AWS,18.5362,73.7928,11-05-2024 00:25,2024-05-11 00:25:00,2024,5,11,0,132,24.6
Pashan AWS,18.5362,73.7928,11-05-2024 00:30,2024-05-11 00:30:00,2024,5,11,0,132,24.7
Pashan AWS,18.5362,73.7928,11-05-2024 00:35,2024-05-11 00:35:00,2024,5,11,0,132,24.8
Pashan AWS,18.5362,73.7928,11-05-2024 00:40,2024-05-11 00:40:00,2024,5,11,0,132,24.7
Pashan AWS,18.5362,73.7928,11-05-2024 00:45,2024-05-11 00:45:00,2024,5,11,0,132,24.8
Pashan AWS,18.5362,73.7928,11-05-2024 00:50,2024-05-11 00:50:00,2024,5,11,0,132,24.7
Pashan AWS,18.5362,73.7928,11-05-2024 00:55,2024-05-11 00:55:00,2024,5,11,0,132,24.9
Pashan AWS,18.5362,73.7928,11-05-2024 01:00,2024-05-11 01:00:00,2024,5,11,1,132,24.8
Pashan AWS,18.5362,73.7928,11-05-2024 01:05,2024-05-11 01:05:00,2024,5,11,1,132,24.9
Pashan AWS,18.5362,73.7928,11-05-2024 01:10,2024-05-11 01:10:00,2024,5,11,1,132,25.2
Pashan AWS,18.5362,73.7928,11-05-2024 01:15,2024-05-11 01:15:00,2024,5,11,1,132,25.2
Pashan AWS,18.5362,73.7928,11-05-2024 01:20,2024-05-11 01:20:00,2024,5,11,1,132,25.2
Pashan AWS,18.5362,73.7928,11-05-2024 01:25,2024-05-11 01:25:00,2024,5,11,1,132,25.2
Pashan AWS,18.5362,73.7928,11-05-2024 01:30,2024-05-11 01:30:00,2024,5,11,1,132,25.0
Pashan AWS,18.5362,73.7928,11-05-2024 01:35,2024-05-11 01:35:00,2024,5,11,1,132,25.3
Pashan AWS,18.5362,73.7928,11-05-2024 01:40,2024-05-11 01:40:00,2024,5,11,1,132,25.3
Pashan AWS,18.5362,73.7928,11-05-2024 01:45,2024-05-11 01:45:00,2024,5,11,1,132,25.1
Pashan AWS,18.5362,73.7928,11-05-2024 01:50,2024-05-11 01:50:00,2024,5,11,1,132,24.9
Pashan AWS,18.5362,73.7928,11-05-2024 01:55,2024-05-11 01:55:00,2024,5,11,1,132,25.0
Pashan AWS,18.5362,73.7928,11-05-2024 02:00,2024-05-11 02:00:00,2024,5,11,2,132,25.1
Pashan AWS,18.5362,73.7928,11-05-2024 02:05,2024-05-11 02:05:00,2024,5,11,2,132,25.0
Pashan AWS,18.5362,73.7928,11-05-2024 02:10,2024-05-11 02:10:00,2024,5,11,2,132,25.0
Pashan AWS,18.5362,73.7928,11-05-2024 02:15,2024-05-11 02:15:00,2024,5,11,2,132,24.7
Pashan AWS,18.5362,73.7928,11-05-2024 02:20,2024-05-11 02:20:00,2024,5,11,2,132,24.7
Pashan AWS,18.5362,73.7928,11-05-2024 02:25,2024-05-11 02:25:00,2024,5,11,2,132,24.7
Pashan AWS,18.5362,73.7928,11-05-2024 02:30,2024-05-11 02:30:00,2024,5,11,2,132,25.0
Pashan AWS,18.5362,73.7928,11-05-2024 02:35,2024-05-11 02:35:00,2024,5,11,2,132,24.8
Pashan AWS,18.5362,73.7928,11-05-2024 02:40,2024-05-11 02:40:00,2024,5,11,2,132,24.6
Pashan AWS,18.5362,73.7928,11-05-2024 02:45,2024-05-11 02:45:00,2024,5,11,2,132,24.5
Pashan AWS,18.5362,73.7928,11-05-2024 02:50,2024-05-11 02:50:00,2024,5,11,2,132,24.2
Pashan AWS,18.5362,73.7928,11-05-2024 02:55,2024-05-11 02:55:00,2024,5,11,2,132,24.5
Pashan AWS,18.5362,73.7928,11-05-2024 03:00,2024-05-11 03:00:00,2024,5,11,3,132,24.7
Pashan AWS,18.5362,73.7928,11-05-2024 03:05,2024-05-11 03:05:00,2024,5,11,3,132,24.8
Pashan AWS,18.5362,73.7928,11-05-2024 03:10,2024-05-11 03:10:00,2024,5,11,3,132,24.9
Pashan AWS,18.5362,73.7928,11-05-2024 03:15,2024-05-11 03:15:00,2024,5,11,3,132,25.0
Pashan AWS,18.5362,73.7928,11-05-2024 03:20,2024-05-11 03:20:00,2024,5,11,3,132,24.9
Pashan AWS,18.5362,73.7928,11-05-2024 03:25,2024-05-11 03:25:00,2024,5,11,3,132,24.9
Pashan AWS,18.5362,73.7928,11-05-2024 03:30,2024-05-11 03:30:00,2024,5,11,3,132,24.9
Pashan AWS,18.5362,73.7928,11-05-2024 03:35,2024-05-11 03:35:00,2024,5,11,3,132,24.7
Pashan AWS,18.5362,73.7928,11-05-2024 03:40,2024-05-11 03:40:00,2024,5,11,3,132,24.7
Pashan AWS,18.5362,73.7928,11-05-2024 03:45,2024-05-11 03:45:00,2024,5,11,3,132,24.8
Pashan AWS,18.5362,73.7928,11-05-2024 03:50,2024-05-11 03:50:00,2024,5,11,3,132,24.9
Pashan AWS,18.5362,73.7928,11-05-2024 03:55,2024-05-11 03:55:00,2024,5,11,3,132,25.0
Pashan AWS,18.5362,73.7928,11-05-2024 04:00,2024-05-11 04:00:00,2024,5,11,4,132,25.0
Pashan AWS,18.5362,73.7928,11-05-2024 04:05,2024-05-11 04:05:00,2024,5,11,4,132,24.9
Pashan AWS,18.5362,73.7928,11-05-2024 04:10,2024-05-11 04:10:00,2024,5,11,4,132,25.0
Pashan AWS,18.5362,73.7928,11-05-2024 04:15,2024-05-11 04:15:00,2024,5,11,4,132,25.2
Pashan AWS,18.5362,73.7928,11-05-2024 04:20,2024-05-11 04:20:00,2024,5,11,4,132,25.1
Pashan AWS,18.5362,73.7928,11-05-2024 04:25,2024-05-11 04:25:00,2024,5,11,4,132,25.2
Pashan AWS,18.5362,73.7928,11-05-2024 04:30,2024-05-11 04:30:00,2024,5,11,4,132,25.3
Pashan AWS,18.5362,73.7928,11-05-2024 04:35,2024-05-11 04:35:00,2024,5,11,4,132,25.2
Pashan AWS,18.5362,73.7928,11-05-2024 04:40,2024-05-11 04:40:00,2024,5,11,4,132,25.2
Pashan AWS,18.5362,73.7928,11-05-2024 04:45,2024-05-11 04:45:00,2024,5,11,4,132,25.4
Pashan AWS,18.5362,73.7928,11-05-2024 04:50,2024-05-11 04:50:00,2024,5,11,4,132,25.3
Pashan AWS,18.5362,73.7928,11-05-2024 04:55,2024-05-11 04:55:00,2024,5,11,4,132,25.5
Pashan AWS,18.5362,73.7928,11-05-2024 05:00,2024-05-11 05:00:00,2024,5,11,5,132,25.4
Pashan AWS,18.5362,73.7928,11-05-2024 05:05,2024-05-11 05:05:00,2024,5,11,5,132,25.7
Pashan AWS,18.5362,73.7928,11-05-2024 05:10,2024-05-11 05:10:00,2024,5,11,5,132,26.2
Pashan AWS,18.5362,73.7928,11-05-2024 05:15,2024-05-11 05:15:00,2024,5,11,5,132,26.1
Pashan AWS,18.5362,73.7928,11-05-2024 05:20,2024-05-11 05:20:00,2024,5,11,5,132,26.3
Pashan AWS,18.5362,73.7928,11-05-2024 05:25,2024-05-11 05:25:00,2024,5,11,5,132,26.3
Pashan AWS,18.5362,73.7928,11-05-2024 05:30,2024-05-11 05:30:00,2024,5,11,5,132,26.6
Pashan AWS,18.5362,73.7928,11-05-2024 05:35,2024-05-11 05:35:00,2024,5,11,5,132,26.5
Pashan AWS,18.5362,73.7928,11-05-2024 05:40,2024-05-11 05:40:00,2024,5,11,5,132,26.7
Pashan AWS,18.5362,73.7928,11-05-2024 05:45,2024-05-11 05:45:00,2024,5,11,5,132,26.7
Pashan AWS,18.5362,73.7928,11-05-2024 05:50,2024-05-11 05:50:00,2024,5,11,5,132,26.8
Pashan AWS,18.5362,73.7928,11-05-2024 05:55,2024-05-11 05:55:00,2024,5,11,5,132,26.7
Pashan AWS,18.5362,73.7928,11-05-2024 06:00,2024-05-11 06:00:00,2024,5,11,6,132,27.0
Pashan AWS,18.5362,73.7928,11-05-2024 06:05,2024-05-11 06:05:00,2024,5,11,6,132,27.0
Pashan AWS,18.5362,73.7928,11-05-2024 06:10,2024-05-11 06:10:00,2024,5,11,6,132,27.2
Pashan AWS,18.5362,73.7928,11-05-2024 06:15,2024-05-11 06:15:00,2024,5,11,6,132,27.3
Pashan AWS,18.5362,73.7928,11-05-2024 06:20,2024-05-11 06:20:00,2024,5,11,6,132,27.5
Pashan AWS,18.5362,73.7928,11-05-2024 06:25,2024-05-11 06:25:00,2024,5,11,6,132,27.6
Pashan AWS,18.5362,73.7928,11-05-2024 06:30,2024-05-11 06:30:00,2024,5,11,6,132,27.7
Pashan AWS,18.5362,73.7928,11-05-2024 06:35,2024-05-11 06:35:00,2024,5,11,6,132,27.8
Pashan AWS,18.5362,73.7928,11-05-2024 06:40,2024-05-11 06:40:00,2024,5,11,6,132,28.2
Pashan AWS,18.5362,73.7928,11-05-2024 06:45,2024-05-11 06:45:00,2024,5,11,6,132,28.3
Pashan AWS,18.5362,73.7928,11-05-2024 06:50,2024-05-11 06:50:00,2024,5,11,6,132,28.6
Pashan AWS,18.5362,73.7928,11-05-2024 06:55,2024-05-11 06:55:00,2024,5,11,6,132,28.9
Pashan AWS,18.5362,73.7928,11-05-2024 07:00,2024-05-11 07:00:00,2024,5,11,7,132,29.0
Pashan AWS,18.5362,73.7928,11-05-2024 07:05,2024-05-11 07:05:00,2024,5,11,7,132,28.9
Pashan AWS,18.5362,73.7928,11-05-2024 07:10,2024-05-11 07:10:00,2024,5,11,7,132,29.1
Pashan AWS,18.5362,73.7928,11-05-2024 07:15,2024-05-11 07:15:00,2024,5,11,7,132,29.1
Pashan AWS,18.5362,73.7928,11-05-2024 07:20,2024-05-11 07:20:00,2024,5,11,7,132,29.6
Pashan AWS,18.5362,73.7928,11-05-2024 07:25,2024-05-11 07:25:00,2024,5,11,7,132,29.7
Pashan AWS,18.5362,73.7928,11-05-2024 07:30,2024-05-11 07:30:00,2024,5,11,7,132,29.8
Pashan AWS,18.5362,73.7928,11-05-2024 07:35,2024-05-11 07:35:00,2024,5,11,7,132,29.7
Pashan AWS,18.5362,73.7928,11-05-2024 07:40,2024-05-11 07:40:00,2024,5,11,7,132,30.1
Pashan AWS,18.5362,73.7928,11-05-2024 07:45,2024-05-11 07:45:00,2024,5,11,7,132,30.1
Pashan AWS,18.5362,73.7928,11-05-2024 07:50,2024-05-11 07:50:00,2024,5,11,7,132,30.3
Pashan AWS,18.5362,73.7928,11-05-2024 07:55,2024-05-11 07:55:00,2024,5,11,7,132,30.6
Pashan AWS,18.5362,73.7928,11-05-2024 08:00,2024-05-11 08:00:00,2024,5,11,8,132,30.7
Pashan AWS,18.5362,73.7928,11-05-2024 08:05,2024-05-11 08:05:00,2024,5,11,8,132,30.8
Pashan AWS,18.5362,73.7928,11-05-2024 08:10,2024-05-11 08:10:00,2024,5,11,8,132,31.0
Pashan AWS,18.5362,73.7928,11-05-2024 08:15,2024-05-11 08:15:00,2024,5,11,8,132,31.2
Pashan AWS,18.5362,73.7928,11-05-2024 08:20,2024-05-11 08:20:00,2024,5,11,8,132,31.5
Pashan AWS,18.5362,73.7928,11-05-2024 08:25,2024-05-11 08:25:00,2024,5,11,8,132,31.6
Pashan AWS,18.5362,73.7928,11-05-2024 08:30,2024-05-11 08:30:00,2024,5,11,8,132,31.8
Pashan AWS,18.5362,73.7928,11-05-2024 08:35,2024-05-11 08:35:00,2024,5,11,8,132,31.9
Pashan AWS,18.5362,73.7928,11-05-2024 08:40,2024-05-11 08:40:00,2024,5,11,8,132,31.8
Pashan AWS,18.5362,73.7928,11-05-2024 08:45,2024-05-11 08:45:00,2024,5,11,8,132,32.0
Pashan AWS,18.5362,73.7928,11-05-2024 08:50,2024-05-11 08:50:00,2024,5,11,8,132,32.4
Pashan AWS,18.5362,73.7928,11-05-2024 08:55,2024-05-11 08:55:00,2024,5,11,8,132,32.5
Pashan AWS,18.5362,73.7928,11-05-2024 09:00,2024-05-11 09:00:00,2024,5,11,9,132,32.5
Pashan AWS,18.5362,73.7928,11-05-2024 09:05,2024-05-11 09:05:00,2024,5,11,9,132,32.5
Pashan AWS,18.5362,73.7928,11-05-2024 09:10,2024-05-11 09:10:00,2024,5,11,9,132,32.8
Pashan AWS,18.5362,73.7928,11-05-2024 09:15,2024-05-11 09:15:00,2024,5,11,9,132,33.0
Pashan AWS,18.5362,73.7928,11-05-2024 09:20,2024-05-11 09:20:00,2024,5,11,9,132,33.2
Pashan AWS,18.5362,73.7928,11-05-2024 09:25,2024-05-11 09:25:00,2024,5,11,9,132,33.2
Pashan AWS,18.5362,73.7928,11-05-2024 09:30,2024-05-11 09:30:00,2024,5,11,9,132,33.4
Pashan AWS,18.5362,73.7928,11-05-2024 09:35,2024-05-11 09:35:00,2024,5,11,9,132,33.3
Pashan AWS,18.5362,73.7928,11-05-2024 09:40,2024-05-11 09:40:00,2024,5,11,9,132,33.5
Pashan AWS,18.5362,73.7928,11-05-2024 09:45,2024-05-11 09:45:00,2024,5,11,9,132,33.8
Pashan AWS,18.5362,73.7928,11-05-2024 09:50,2024-05-11 09:50:00,2024,5,11,9,132,33.8
Pashan AWS,18.5362,73.7928,11-05-2024 09:55,2024-05-11 09:55:00,2024,5,11,9,132,33.7
Pashan AWS,18.5362,73.7928,11-05-2024 10:00,2024-05-11 10:00:00,2024,5,11,10,132,34.1
Pashan AWS,18.5362,73.7928,11-05-2024 10:05,2024-05-11 10:05:00,2024,5,11,10,132,34.2
Pashan AWS,18.5362,73.7928,11-05-2024 10:10,2024-05-11 10:10:00,2024,5,11,10,132,34.5
Pashan AWS,18.5362,73.7928,11-05-2024 10:15,2024-05-11 10:15:00,2024,5,11,10,132,34.6
Pashan AWS,18.5362,73.7928,11-05-2024 10:20,2024-05-11 10:20:00,2024,5,11,10,132,34.8
Pashan AWS,18.5362,73.7928,11-05-2024 10:25,2024-05-11 10:25:00,2024,5,11,10,132,35.0
Pashan AWS,18.5362,73.7928,11-05-2024 10:30,2024-05-11 10:30:00,2024,5,11,10,132,35.0
Pashan AWS,18.5362,73.7928,11-05-2024 10:35,2024-05-11 10:35:00,2024,5,11,10,132,35.2
Pashan AWS,18.5362,73.7928,11-05-2024 10:40,2024-05-11 10:40:00,2024,5,11,10,132,35.3
Pashan AWS,18.5362,73.7928,11-05-2024 10:45,2024-05-11 10:45:00,2024,5,11,10,132,35.2
Pashan AWS,18.5362,73.7928,11-05-2024 10:50,2024-05-11 10:50:00,2024,5,11,10,132,35.4
Pashan AWS,18.5362,73.7928,11-05-2024 10:55,2024-05-11 10:55:00,2024,5,11,10,132,35.5
Pashan AWS,18.5362,73.7928,11-05-2024 11:00,2024-05-11 11:00:00,2024,5,11,11,132,35.7
Pashan AWS,18.5362,73.7928,11-05-2024 11:05,2024-05-11 11:05:00,2024,5,11,11,132,35.6
Pashan AWS,18.5362,73.7928,11-05-2024 11:10,2024-05-11 11:10:00,2024,5,11,11,132,36.0
Pashan AWS,18.5362,73.7928,11-05-2024 11:15,2024-05-11 11:15:00,2024,5,11,11,132,36.3
Pashan AWS,18.5362,73.7928,11-05-2024 11:20,2024-05-11 11:20:00,2024,5,11,11,132,36.5
Pashan AWS,18.5362,73.7928,11-05-2024 11:25,2024-05-11 11:25:00,2024,5,11,11,132,36.6
Pashan AWS,18.5362,73.7928,11-05-2024 11:30,2024-05-11 11:30:00,2024,5,11,11,132,36.5
Pashan AWS,18.5362,73.7928,11-05-2024 11:35,2024-05-11 11:35:00,2024,5,11,11,132,36.9
Pashan AWS,18.5362,73.7928,11-05-2024 11:40,2024-05-11 11:40:00,2024,5,11,11,132,37.0
Pashan AWS,18.5362,73.7928,11-05-2024 11:45,2024-05-11 11:45:00,2024,5,11,11,132,37.0
Pashan AWS,18.5362,73.7928,11-05-2024 11:50,2024-05-11 11:50:00,2024,5,11,11,132,37.2
Pashan AWS,18.5362,73.7928,11-05-2024 11:55,2024-05-11 11:55:00,2024,5,11,11,132,37.5
Pashan AWS,18.5362,73.7928,11-05-2024 12:00,2024-05-11 12:00:00,2024,5,11,12,132,37.5
Pashan AWS,18.5362,73.7928,11-05-2024 12:05,2024-05-11 12:05:00,2024,5,11,12,132,37.8
Pashan AWS,18.5362,73.7928,11-05-2024 12:10,2024-05-11 12:10:00,2024,5,11,12,132,38.1
Pashan AWS,18.5362,73.7928,11-05-2024 12:15,2024-05-11 12:15:00,2024,5,11,12,132,38.0
Pashan AWS,18.5362,73.7928,11-05-2024 12:20,2024-05-11 12:20:00,2024,5,11,12,132,38.0
Pashan AWS,18.5362,73.7928,11-05-2024 12:25,2024-05-11 12:25:00,2024,5,11,12,132,38.2
Pashan AWS,18.5362,73.7928,11-05-2024 12:30,2024-05-11 12:30:00,2024,5,11,12,132,37.8
Pashan AWS,18.5362,73.7928,11-05-2024 12:35,2024-05-11 12:35:00,2024,5,11,12,132,37.9
Pashan AWS,18.5362,73.7928,11-05-2024 12:40,2024-05-11 12:40:00,2024,5,11,12,132,37.8
Pashan AWS,18.5362,73.7928,11-05-2024 12:45,2024-05-11 12:45:00,2024,5,11,12,132,37.8
Pashan AWS,18.5362,73.7928,11-05-2024 12:50,2024-05-11 12:50:00,2024,5,11,12,132,37.8
Pashan AWS,18.5362,73.7928,11-05-2024 12:55,2024-05-11 12:55:00,2024,5,11,12,132,37.9
Pashan AWS,18.5362,73.7928,11-05-2024 13:00,2024-05-11 13:00:00,2024,5,11,13,132,37.9
Pashan AWS,18.5362,73.7928,11-05-2024 13:05,2024-05-11 13:05:00,2024,5,11,13,132,37.8
Pashan AWS,18.5362,73.7928,11-05-2024 13:10,2024-05-11 13:10:00,2024,5,11,13,132,38.2
Pashan AWS,18.5362,73.7928,11-05-2024 13:15,2024-05-11 13:15:00,2024,5,11,13,132,38.6
Pashan AWS,18.5362,73.7928,11-05-2024 13:20,2024-05-11 13:20:00,2024,5,11,13,132,38.5
Pashan AWS,18.5362,73.7928,11-05-2024 13:25,2024-05-11 13:25:00,2024,5,11,13,132,38.8
Pashan AWS,18.5362,73.7928,11-05-2024 13:30,2024-05-11 13:30:00,2024,5,11,13,132,38.7
Pashan AWS,18.5362,73.7928,11-05-2024 13:35,2024-05-11 13:35:00,2024,5,11,13,132,38.8
Pashan AWS,18.5362,73.7928,11-05-2024 13:40,2024-05-11 13:40:00,2024,5,11,13,132,38.8
Pashan AWS,18.5362,73.7928,11-05-2024 13:45,2024-05-11 13:45:00,2024,5,11,13,132,38.8
Pashan AWS,18.5362,73.7928,11-05-2024 13:50,2024-05-11 13:50:00,2024,5,11,13,132,39.0
Pashan AWS,18.5362,73.7928,11-05-2024 13:55,2024-05-11 13:55:00,2024,5,11,13,132,39.0
Pashan AWS,18.5362,73.7928,11-05-2024 14:00,2024-05-11 14:00:00,2024,5,11,14,132,39.0
Pashan AWS,18.5362,73.7928,11-05-2024 14:05,2024-05-11 14:05:00,2024,5,11,14,132,38.8
Pashan AWS,18.5362,73.7928,11-05-2024 14:10,2024-05-11 14:10:00,2024,5,11,14,132,38.7
Pashan AWS,18.5362,73.7928,11-05-2024 14:15,2024-05-11 14:15:00,2024,5,11,14,132,38.5
Pashan AWS,18.5362,73.7928,11-05-2024 14:20,2024-05-11 14:20:00,2024,5,11,14,132,38.5
Pashan AWS,18.5362,73.7928,11-05-2024 14:25,2024-05-11 14:25:00,2024,5,11,14,132,38.4
Pashan AWS,18.5362,73.7928,11-05-2024 14:30,2024-05-11 14:30:00,2024,5,11,14,132,38.4
Pashan AWS,18.5362,73.7928,11-05-2024 14:35,2024-05-11 14:35:00,2024,5,11,14,132,38.6
Pashan AWS,18.5362,73.7928,11-05-2024 14:40,2024-05-11 14:40:00,2024,5,11,14,132,38.8
Pashan AWS,18.5362,73.7928,11-05-2024 14:45,2024-05-11 14:45:00,2024,5,11,14,132,38.8
Pashan AWS,18.5362,73.7928,11-05-2024 14:50,2024-05-11 14:50:00,2024,5,11,14,132,38.8
Pashan AWS,18.5362,73.7928,11-05-2024 14:55,2024-05-11 14:55:00,2024,5,11,14,132,39.1
Pashan AWS,18.5362,73.7928,11-05-2024 15:00,2024-05-11 15:00:00,2024,5,11,15,132,39.1
Pashan AWS,18.5362,73.7928,11-05-2024 15:05,2024-05-11 15:05:00,2024,5,11,15,132,39.1
Pashan AWS,18.5362,73.7928,11-05-2024 15:10,2024-05-11 15:10:00,2024,5,11,15,132,38.8
Pashan AWS,18.5362,73.7928,11-05-2024 15:15,2024-05-11 15:15:00,2024,5,11,15,132,38.9
Pashan AWS,18.5362,73.7928,11-05-2024 15:20,2024-05-11 15:20:00,2024,5,11,15,132,39.0
Pashan AWS,18.5362,73.7928,11-05-2024 15:25,2024-05-11 15:25:00,2024,5,11,15,132,38.8
Pashan AWS,18.5362,73.7928,11-05-2024 15:30,2024-05-11 15:30:00,2024,5,11,15,132,38.8
Pashan AWS,18.5362,73.7928,11-05-2024 15:35,2024-05-11 15:35:00,2024,5,11,15,132,38.8
Pashan AWS,18.5362,73.7928,11-05-2024 15:40,2024-05-11 15:40:00,2024,5,11,15,132,38.7
Pashan AWS,18.5362,73.7928,11-05-2024 15:45,2024-05-11 15:45:00,2024,5,11,15,132,38.3
Pashan AWS,18.5362,73.7928,11-05-2024 15:50,2024-05-11 15:50:00,2024,5,11,15,132,38.2
Pashan AWS,18.5362,73.7928,11-05-2024 15:55,2024-05-11 15:55:00,2024,5,11,15,132,38.3
Pashan AWS,18.5362,73.7928,11-05-2024 16:00,2024-05-11 16:00:00,2024,5,11,16,132,38.2
Pashan AWS,18.5362,73.7928,11-05-2024 16:05,2024-05-11 16:05:00,2024,5,11,16,132,38.2
Pashan AWS,18.5362,73.7928,11-05-2024 16:10,2024-05-11 16:10:00,2024,5,11,16,132,38.0
Pashan AWS,18.5362,73.7928,11-05-2024 16:15,2024-05-11 16:15:00,2024,5,11,16,132,38.0
Pashan AWS,18.5362,73.7928,11-05-2024 16:20,2024-05-11 16:20:00,2024,5,11,16,132,37.9
Pashan AWS,18.5362,73.7928,11-05-2024 16:25,2024-05-11 16:25:00,2024,5,11,16,132,37.8
Pashan AWS,18.5362,73.7928,11-05-2024 16:30,2024-05-11 16:30:00,2024,5,11,16,132,37.9
Pashan AWS,18.5362,73.7928,11-05-2024 16:35,2024-05-11 16:35:00,2024,5,11,16,132,38.0
Pashan AWS,18.5362,73.7928,11-05-2024 16:40,2024-05-11 16:40:00,2024,5,11,16,132,37.8
Pashan AWS,18.5362,73.7928,11-05-2024 16:45,2024-05-11 16:45:00,2024,5,11,16,132,37.8
Pashan AWS,18.5362,73.7928,11-05-2024 16:50,2024-05-11 16:50:00,2024,5,11,16,132,37.8
Pashan AWS,18.5362,73.7928,11-05-2024 16:55,2024-05-11 16:55:00,2024,5,11,16,132,37.8
Pashan AWS,18.5362,73.7928,11-05-2024 17:00,2024-05-11 17:00:00,2024,5,11,17,132,37.5
Pashan AWS,18.5362,73.7928,11-05-2024 17:05,2024-05-11 17:05:00,2024,5,11,17,132,37.6
Pashan AWS,18.5362,73.7928,11-05-2024 17:10,2024-05-11 17:10:00,2024,5,11,17,132,37.4
Pashan AWS,18.5362,73.7928,11-05-2024 17:15,2024-05-11 17:15:00,2024,5,11,17,132,37.2
Pashan AWS,18.5362,73.7928,11-05-2024 17:20,2024-05-11 17:20:00,2024,5,11,17,132,37.5
Pashan AWS,18.5362,73.7928,11-05-2024 17:25,2024-05-11 17:25:00,2024,5,11,17,132,37.5
Pashan AWS,18.5362,73.7928,11-05-2024 17:30,2024-05-11 17:30:00,2024,5,11,17,132,37.3
Pashan AWS,18.5362,73.7928,11-05-2024 17:35,2024-05-11 17:35:00,2024,5,11,17,132,36.9
Pashan AWS,18.5362,73.7928,11-05-2024 17:40,2024-05-11 17:40:00,2024,5,11,17,132,37.0
Pashan AWS,18.5362,73.7928,11-05-2024 17:45,2024-05-11 17:45:00,2024,5,11,17,132,36.6
Pashan AWS,18.5362,73.7928,11-05-2024 17:50,2024-05-11 17:50:00,2024,5,11,17,132,36.4
Pashan AWS,18.5362,73.7928,11-05-2024 17:55,2024-05-11 17:55:00,2024,5,11,17,132,36.2
Pashan AWS,18.5362,73.7928,11-05-2024 18:00,2024-05-11 18:00:00,2024,5,11,18,132,36.3
Pashan AWS,18.5362,73.7928,11-05-2024 18:05,2024-05-11 18:05:00,2024,5,11,18,132,36.3
Pashan AWS,18.5362,73.7928,11-05-2024 18:10,2024-05-11 18:10:00,2024,5,11,18,132,36.2
Pashan AWS,18.5362,73.7928,11-05-2024 18:15,2024-05-11 18:15:00,2024,5,11,18,132,36.1
Pashan AWS,18.5362,73.7928,11-05-2024 18:20,2024-05-11 18:20:00,2024,5,11,18,132,35.9
Pashan AWS,18.5362,73.7928,11-05-2024 18:25,2024-05-11 18:25:00,2024,5,11,18,132,35.8
Pashan AWS,18.5362,73.7928,11-05-2024 18:30,2024-05-11 18:30:00,2024,5,11,18,132,35.7
Pashan AWS,18.5362,73.7928,11-05-2024 18:35,2024-05-11 18:35:00,2024,5,11,18,132,35.7
Pashan AWS,18.5362,73.7928,11-05-2024 18:40,2024-05-11 18:40:00,2024,5,11,18,132,35.7
Pashan AWS,18.5362,73.7928,11-05-2024 18:45,2024-05-11 18:45:00,2024,5,11,18,132,35.6
Pashan AWS,18.5362,73.7928,11-05-2024 18:50,2024-05-11 18:50:00,2024,5,11,18,132,35.4
Pashan AWS,18.5362,73.7928,11-05-2024 18:55,2024-05-11 18:55:00,2024,5,11,18,132,35.4
Pashan AWS,18.5362,73.7928,11-05-2024 19:00,2024-05-11 19:00:00,2024,5,11,19,132,35.2
Pashan AWS,18.5362,73.7928,11-05-2024 19:05,2024-05-11 19:05:00,2024,5,11,19,132,34.9
Pashan AWS,18.5362,73.7928,11-05-2024 19:10,2024-05-11 19:10:00,2024,5,11,19,132,34.7
Pashan AWS,18.5362,73.7928,11-05-2024 19:15,2024-05-11 19:15:00,2024,5,11,19,132,34.5
Pashan AWS,18.5362,73.7928,11-05-2024 19:20,2024-05-11 19:20:00,2024,5,11,19,132,34.5
Pashan AWS,18.5362,73.7928,11-05-2024 19:25,2024-05-11 19:25:00,2024,5,11,19,132,34.3
Pashan AWS,18.5362,73.7928,11-05-2024 19:30,2024-05-11 19:30:00,2024,5,11,19,132,34.0
Pashan AWS,18.5362,73.7928,11-05-2024 19:35,2024-05-11 19:35:00,2024,5,11,19,132,33.9
Pashan AWS,18.5362,73.7928,11-05-2024 19:40,2024-05-11 19:40:00,2024,5,11,19,132,33.7
Pashan AWS,18.5362,73.7928,11-05-2024 19:45,2024-05-11 19:45:00,2024,5,11,19,132,33.6
Pashan AWS,18.5362,73.7928,11-05-2024 19:50,2024-05-11 19:50:00,2024,5,11,19,132,33.6
Pashan AWS,18.5362,73.7928,11-05-2024 19:55,2024-05-11 19:55:00,2024,5,11,19,132,33.6
Pashan AWS,18.5362,73.7928,11-05-2024 20:00,2024-05-11 20:00:00,2024,5,11,20,132,33.3
Pashan AWS,18.5362,73.7928,11-05-2024 20:05,2024-05-11 20:05:00,2024,5,11,20,132,33.1
Pashan AWS,18.5362,73.7928,11-05-2024 20:10,2024-05-11 20:10:00,2024,5,11,20,132,32.8
Pashan AWS,18.5362,73.7928,11-05-2024 20:15,2024-05-11 20:15:00,2024,5,11,20,132,32.7
Pashan AWS,18.5362,73.7928,11-05-2024 20:20,2024-05-11 20:20:00,2024,5,11,20,132,32.8
Pashan AWS,18.5362,73.7928,11-05-2024 20:25,2024-05-11 20:25:00,2024,5,11,20,132,32.6
Pashan AWS,18.5362,73.7928,11-05-2024 20:30,2024-05-11 20:30:00,2024,5,11,20,132,32.4
Pashan AWS,18.5362,73.7928,11-05-2024 20:35,2024-05-11 20:35:00,2024,5,11,20,132,32.4
Pashan AWS,18.5362,73.7928,11-05-2024 20:40,2024-05-11 20:40:00,2024,5,11,20,132,32.3
Pashan AWS,18.5362,73.7928,11-05-2024 20:45,2024-05-11 20:45:00,2024,5,11,20,132,32.2
Pashan AWS,18.5362,73.7928,11-05-2024 20:50,2024-05-11 20:50:00,2024,5,11,20,132,31.9
Pashan AWS,18.5362,73.7928,11-05-2024 20:55,2024-05-11 20:55:00,2024,5,11,20,132,31.8
Pashan AWS,18.5362,73.7928,11-05-2024 21:00,2024-05-11 21:00:00,2024,5,11,21,132,31.5
Pashan AWS,18.5362,73.7928,11-05-2024 21:05,2024-05-11 21:05:00,2024,5,11,21,132,31.2
Pashan AWS,18.5362,73.7928,11-05-2024 21:10,2024-05-11 21:10:00,2024,5,11,21,132,31.0
Pashan AWS,18.5362,73.7928,11-05-2024 21:15,2024-05-11 21:15:00,2024,5,11,21,132,30.7
Pashan AWS,18.5362,73.7928,11-05-2024 21:20,2024-05-11 21:20:00,2024,5,11,21,132,30.5
Pashan AWS,18.5362,73.7928,11-05-2024 21:25,2024-05-11 21:25:00,2024,5,11,21,132,30.2
Pashan AWS,18.5362,73.7928,11-05-2024 21:30,2024-05-11 21:30:00,2024,5,11,21,132,30.2
Pashan AWS,18.5362,73.7928,11-05-2024 21:35,2024-05-11 21:35:00,2024,5,11,21,132,30.2
Pashan AWS,18.5362,73.7928,11-05-2024 21:40,2024-05-11 21:40:00,2024,5,11,21,132,29.8
Pashan AWS,18.5362,73.7928,11-05-2024 21:45,2024-05-11 21:45:00,2024,5,11,21,132,29.8
Pashan AWS,18.5362,73.7928,11-05-2024 21:50,2024-05-11 21:50:00,2024,5,11,21,132,29.6
Pashan AWS,18.5362,73.7928,11-05-2024 21:55,2024-05-11 21:55:00,2024,5,11,21,132,29.5
Pashan AWS,18.5362,73.7928,11-05-2024 22:00,2024-05-11 22:00:00,2024,5,11,22,132,29.4
Pashan AWS,18.5362,73.7928,11-05-2024 22:05,2024-05-11 22:05:00,2024,5,11,22,132,29.3
Pashan AWS,18.5362,73.7928,11-05-2024 22:10,2024-05-11 22:10:00,2024,5,11,22,132,29.1
Pashan AWS,18.5362,73.7928,11-05-2024 22:15,2024-05-11 22:15:00,2024,5,11,22,132,29.2
Pashan AWS,18.5362,73.7928,11-05-2024 22:20,2024-05-11 22:20:00,2024,5,11,22,132,28.8
Pashan AWS,18.5362,73.7928,11-05-2024 22:25,2024-05-11 22:25:00,2024,5,11,22,132,28.8
Pashan AWS,18.5362,73.7928,11-05-2024 22:30,2024-05-11 22:30:00,2024,5,11,22,132,28.8
Pashan AWS,18.5362,73.7928,11-05-2024 22:35,2024-05-11 22:35:00,2024,5,11,22,132,28.8
Pashan AWS,18.5362,73.7928,11-05-2024 22:40,2024-05-11 22:40:00,2024,5,11,22,132,29.0
Pashan AWS,18.5362,73.7928,11-05-2024 22:45,2024-05-11 22:45:00,2024,5,11,22,132,28.8
Pashan AWS,18.5362,73.7928,11-05-2024 22:50,2024-05-11 22:50:00,2024,5,11,22,132,28.8
Pashan AWS,18.5362,73.7928,11-05-2024 22:55,2024-05-11 22:55:00,2024,5,11,22,132,28.6
Pashan AWS,18.5362,73.7928,11-05-2024 23:00,2024-05-11 23:00:00,2024,5,11,23,132,28.6
Pashan AWS,18.5362,73.7928,11-05-2024 23:05,2024-05-11 23:05:00,2024,5,11,23,132,28.5
Pashan AWS,18.5362,73.7928,11-05-2024 23:10,2024-05-11 23:10:00,2024,5,11,23,132,28.3
Pashan AWS,18.5362,73.7928,11-05-2024 23:15,2024-05-11 23:15:00,2024,5,11,23,132,28.3
Pashan AWS,18.5362,73.7928,11-05-2024 23:20,2024-05-11 23:20:00,2024,5,11,23,132,28.1
Pashan AWS,18.5362,73.7928,11-05-2024 23:25,2024-05-11 23:25:00,2024,5,11,23,132,27.7
Pashan AWS,18.5362,73.7928,11-05-2024 23:30,2024-05-11 23:30:00,2024,5,11,23,132,27.5
Pashan AWS,18.5362,73.7928,11-05-2024 23:35,2024-05-11 23:35:00,2024,5,11,23,132,27.5
Pashan AWS,18.5362,73.7928,11-05-2024 23:40,2024-05-11 23:40:00,2024,5,11,23,132,27.6
Pashan AWS,18.5362,73.7928,11-05-2024 23:45,2024-05-11 23:45:00,2024,5,11,23,132,27.5
Pashan AWS,18.5362,73.7928,11-05-2024 23:50,2024-05-11 23:50:00,2024,5,11,23,132,27.5
Pashan AWS,18.5362,73.7928,11-05-2024 23:55,2024-05-11 23:55:00,2024,5,11,23,132,27.2
Pashan AWS,18.5362,73.7928,12-05-2024 00:00,2024-05-12 00:00:00,2024,5,12,0,133,27.0
Pashan AWS,18.5362,73.7928,12-05-2024 00:05,2024-05-12 00:05:00,2024,5,12,0,133,26.8
Pashan AWS,18.5362,73.7928,12-05-2024 00:10,2024-05-12 00:10:00,2024,5,12,0,133,26.7
Pashan AWS,18.5362,73.7928,12-05-2024 00:15,2024-05-12 00:15:00,2024,5,12,0,133,26.6
Pashan AWS,18.5362,73.7928,12-05-2024 00:20,2024-05-12 00:20:00,2024,5,12,0,133,26.6
Pashan AWS,18.5362,73.7928,12-05-2024 00:25,2024-05-12 00:25:00,2024,5,12,0,133,26.5
Pashan AWS,18.5362,73.7928,12-05-2024 00:30,2024-05-12 00:30:00,2024,5,12,0,133,26.4
Pashan AWS,18.5362,73.7928,12-05-2024 00:35,2024-05-12 00:35:00,2024,5,12,0,133,26.3
Pashan AWS,18.5362,73.7928,12-05-2024 00:40,2024-05-12 00:40:00,2024,5,12,0,133,26.1
Pashan AWS,18.5362,73.7928,12-05-2024 00:45,2024-05-12 00:45:00,2024,5,12,0,133,26.0
Pashan AWS,18.5362,73.7928,12-05-2024 00:50,2024-05-12 00:50:00,2024,5,12,0,133,25.9
Pashan AWS,18.5362,73.7928,12-05-2024 00:55,2024-05-12 00:55:00,2024,5,12,0,133,25.8
Pashan AWS,18.5362,73.7928,12-05-2024 01:00,2024-05-12 01:00:00,2024,5,12,1,133,25.7
Pashan AWS,18.5362,73.7928,12-05-2024 01:05,2024-05-12 01:05:00,2024,5,12,1,133,25.7
Pashan AWS,18.5362,73.7928,12-05-2024 01:10,2024-05-12 01:10:00,2024,5,12,1,133,25.5
Pashan AWS,18.5362,73.7928,12-05-2024 01:15,2024-05-12 01:15:00,2024,5,12,1,133,25.7
Pashan AWS,18.5362,73.7928,12-05-2024 01:20,2024-05-12 01:20:00,2024,5,12,1,133,25.4
Pashan AWS,18.5362,73.7928,12-05-2024 01:25,2024-05-12 01:25:00,2024,5,12,1,133,25.3
Pashan AWS,18.5362,73.7928,12-05-2024 01:30,2024-05-12 01:30:00,2024,5,12,1,133,25.7
Pashan AWS,18.5362,73.7928,12-05-2024 01:35,2024-05-12 01:35:00,2024,5,12,1,133,25.5
Pashan AWS,18.5362,73.7928,12-05-2024 01:40,2024-05-12 01:40:00,2024,5,12,1,133,25.2
Pashan AWS,18.5362,73.7928,12-05-2024 01:45,2024-05-12 01:45:00,2024,5,12,1,133,25.3
Pashan AWS,18.5362,73.7928,12-05-2024 01:50,2024-05-12 01:50:00,2024,5,12,1,133,24.9
Pashan AWS,18.5362,73.7928,12-05-2024 01:55,2024-05-12 01:55:00,2024,5,12,1,133,24.9
Pashan AWS,18.5362,73.7928,12-05-2024 02:00,2024-05-12 02:00:00,2024,5,12,2,133,25.2
Pashan AWS,18.5362,73.7928,12-05-2024 02:05,2024-05-12 02:05:00,2024,5,12,2,133,24.9
Pashan AWS,18.5362,73.7928,12-05-2024 02:10,2024-05-12 02:10:00,2024,5,12,2,133,24.6
Pashan AWS,18.5362,73.7928,12-05-2024 02:15,2024-05-12 02:15:00,2024,5,12,2,133,24.4
Pashan AWS,18.5362,73.7928,12-05-2024 02:20,2024-05-12 02:20:00,2024,5,12,2,133,24.6
Pashan AWS,18.5362,73.7928,12-05-2024 02:25,2024-05-12 02:25:00,2024,5,12,2,133,24.8
Pashan AWS,18.5362,73.7928,12-05-2024 02:30,2024-05-12 02:30:00,2024,5,12,2,133,24.7
Pashan AWS,18.5362,73.7928,12-05-2024 02:35,2024-05-12 02:35:00,2024,5,12,2,133,24.8
Pashan AWS,18.5362,73.7928,12-05-2024 02:40,2024-05-12 02:40:00,2024,5,12,2,133,25.0
Pashan AWS,18.5362,73.7928,12-05-2024 02:45,2024-05-12 02:45:00,2024,5,12,2,133,25.3
Pashan AWS,18.5362,73.7928,12-05-2024 02:50,2024-05-12 02:50:00,2024,5,12,2,133,25.3
Pashan AWS,18.5362,73.7928,12-05-2024 02:55,2024-05-12 02:55:00,2024,5,12,2,133,24.9
Pashan AWS,18.5362,73.7928,12-05-2024 03:00,2024-05-12 03:00:00,2024,5,12,3,133,24.8
Pashan AWS,18.5362,73.7928,12-05-2024 03:05,2024-05-12 03:05:00,2024,5,12,3,133,24.8
Pashan AWS,18.5362,73.7928,12-05-2024 03:10,2024-05-12 03:10:00,2024,5,12,3,133,24.8
Pashan AWS,18.5362,73.7928,12-05-2024 03:15,2024-05-12 03:15:00,2024,5,12,3,133,24.8
Pashan AWS,18.5362,73.7928,12-05-2024 03:20,2024-05-12 03:20:00,2024,5,12,3,133,25.0
Pashan AWS,18.5362,73.7928,12-05-2024 03:25,2024-05-12 03:25:00,2024,5,12,3,133,25.3
Pashan AWS,18.5362,73.7928,12-05-2024 03:30,2024-05-12 03:30:00,2024,5,12,3,133,25.3
Pashan AWS,18.5362,73.7928,12-05-2024 03:35,2024-05-12 03:35:00,2024,5,12,3,133,25.5
Pashan AWS,18.5362,73.7928,12-05-2024 03:40,2024-05-12 03:40:00,2024,5,12,3,133,25.5
Pashan AWS,18.5362,73.7928,12-05-2024 03:45,2024-05-12 03:45:00,2024,5,12,3,133,25.6
Pashan AWS,18.5362,73.7928,12-05-2024 03:50,2024-05-12 03:50:00,2024,5,12,3,133,25.8
Pashan AWS,18.5362,73.7928,12-05-2024 03:55,2024-05-12 03:55:00,2024,5,12,3,133,25.8
Pashan AWS,18.5362,73.7928,12-05-2024 04:00,2024-05-12 04:00:00,2024,5,12,4,133,26.1
Pashan AWS,18.5362,73.7928,12-05-2024 04:05,2024-05-12 04:05:00,2024,5,12,4,133,26.0
Pashan AWS,18.5362,73.7928,12-05-2024 04:10,2024-05-12 04:10:00,2024,5,12,4,133,25.9
Pashan AWS,18.5362,73.7928,12-05-2024 04:15,2024-05-12 04:15:00,2024,5,12,4,133,25.9
Pashan AWS,18.5362,73.7928,12-05-2024 04:20,2024-05-12 04:20:00,2024,5,12,4,133,26.1
Pashan AWS,18.5362,73.7928,12-05-2024 04:25,2024-05-12 04:25:00,2024,5,12,4,133,26.3
Pashan AWS,18.5362,73.7928,12-05-2024 04:30,2024-05-12 04:30:00,2024,5,12,4,133,26.4
Pashan AWS,18.5362,73.7928,12-05-2024 04:35,2024-05-12 04:35:00,2024,5,12,4,133,26.2
Pashan AWS,18.5362,73.7928,12-05-2024 04:40,2024-05-12 04:40:00,2024,5,12,4,133,26.4
Pashan AWS,18.5362,73.7928,12-05-2024 04:45,2024-05-12 04:45:00,2024,5,12,4,133,26.6
Pashan AWS,18.5362,73.7928,12-05-2024 04:50,2024-05-12 04:50:00,2024,5,12,4,133,26.3
Pashan AWS,18.5362,73.7928,12-05-2024 04:55,2024-05-12 04:55:00,2024,5,12,4,133,26.4
Pashan AWS,18.5362,73.7928,12-05-2024 05:00,2024-05-12 05:00:00,2024,5,12,5,133,26.2
Pashan AWS,18.5362,73.7928,12-05-2024 05:05,2024-05-12 05:05:00,2024,5,12,5,133,26.2
Pashan AWS,18.5362,73.7928,12-05-2024 05:10,2024-05-12 05:10:00,2024,5,12,5,133,26.2
Pashan AWS,18.5362,73.7928,12-05-2024 05:15,2024-05-12 05:15:00,2024,5,12,5,133,26.4
Pashan AWS,18.5362,73.7928,12-05-2024 05:20,2024-05-12 05:20:00,2024,5,12,5,133,26.6
Pashan AWS,18.5362,73.7928,12-05-2024 05:25,2024-05-12 05:25:00,2024,5,12,5,133,26.5
Pashan AWS,18.5362,73.7928,12-05-2024 05:30,2024-05-12 05:30:00,2024,5,12,5,133,26.7
Pashan AWS,18.5362,73.7928,12-05-2024 05:35,2024-05-12 05:35:00,2024,5,12,5,133,26.6
Pashan AWS,18.5362,73.7928,12-05-2024 05:40,2024-05-12 05:40:00,2024,5,12,5,133,26.8
Pashan AWS,18.5362,73.7928,12-05-2024 05:45,2024-05-12 05:45:00,2024,5,12,5,133,26.8
Pashan AWS,18.5362,73.7928,12-05-2024 05:50,2024-05-12 05:50:00,2024,5,12,5,133,26.9
Pashan AWS,18.5362,73.7928,12-05-2024 05:55,2024-05-12 05:55:00,2024,5,12,5,133,27.1
Pashan AWS,18.5362,73.7928,12-05-2024 06:00,2024-05-12 06:00:00,2024,5,12,6,133,27.3
Pashan AWS,18.5362,73.7928,12-05-2024 06:05,2024-05-12 06:05:00,2024,5,12,6,133,27.6
Pashan AWS,18.5362,73.7928,12-05-2024 06:10,2024-05-12 06:10:00,2024,5,12,6,133,27.8
Pashan AWS,18.5362,73.7928,12-05-2024 06:15,2024-05-12 06:15:00,2024,5,12,6,133,27.9
Pashan AWS,18.5362,73.7928,12-05-2024 06:20,2024-05-12 06:20:00,2024,5,12,6,133,28.0
Pashan AWS,18.5362,73.7928,12-05-2024 06:25,2024-05-12 06:25:00,2024,5,12,6,133,28.1
Pashan AWS,18.5362,73.7928,12-05-2024 06:30,2024-05-12 06:30:00,2024,5,12,6,133,28.3
Pashan AWS,18.5362,73.7928,12-05-2024 06:35,2024-05-12 06:35:00,2024,5,12,6,133,28.5
Pashan AWS,18.5362,73.7928,12-05-2024 06:40,2024-05-12 06:40:00,2024,5,12,6,133,28.3
Pashan AWS,18.5362,73.7928,12-05-2024 06:45,2024-05-12 06:45:00,2024,5,12,6,133,28.5
Pashan AWS,18.5362,73.7928,12-05-2024 06:50,2024-05-12 06:50:00,2024,5,12,6,133,28.7
Pashan AWS,18.5362,73.7928,12-05-2024 06:55,2024-05-12 06:55:00,2024,5,12,6,133,28.7
Pashan AWS,18.5362,73.7928,12-05-2024 07:00,2024-05-12 07:00:00,2024,5,12,7,133,28.7
Pashan AWS,18.5362,73.7928,12-05-2024 07:05,2024-05-12 07:05:00,2024,5,12,7,133,29.1
Pashan AWS,18.5362,73.7928,12-05-2024 07:10,2024-05-12 07:10:00,2024,5,12,7,133,29.3
Pashan AWS,18.5362,73.7928,12-05-2024 07:15,2024-05-12 07:15:00,2024,5,12,7,133,29.4
Pashan AWS,18.5362,73.7928,12-05-2024 07:20,2024-05-12 07:20:00,2024,5,12,7,133,29.4
Pashan AWS,18.5362,73.7928,12-05-2024 07:25,2024-05-12 07:25:00,2024,5,12,7,133,29.4
Pashan AWS,18.5362,73.7928,12-05-2024 07:30,2024-05-12 07:30:00,2024,5,12,7,133,29.8
Pashan AWS,18.5362,73.7928,12-05-2024 07:35,2024-05-12 07:35:00,2024,5,12,7,133,29.9
Pashan AWS,18.5362,73.7928,12-05-2024 07:40,2024-05-12 07:40:00,2024,5,12,7,133,30.0
Pashan AWS,18.5362,73.7928,12-05-2024 07:45,2024-05-12 07:45:00,2024,5,12,7,133,30.2
Pashan AWS,18.5362,73.7928,12-05-2024 07:50,2024-05-12 07:50:00,2024,5,12,7,133,30.3
Pashan AWS,18.5362,73.7928,12-05-2024 07:55,2024-05-12 07:55:00,2024,5,12,7,133,30.6
Pashan AWS,18.5362,73.7928,12-05-2024 08:00,2024-05-12 08:00:00,2024,5,12,8,133,31.0
Pashan AWS,18.5362,73.7928,12-05-2024 08:05,2024-05-12 08:05:00,2024,5,12,8,133,31.1
Pashan AWS,18.5362,73.7928,12-05-2024 08:10,2024-05-12 08:10:00,2024,5,12,8,133,31.1
Pashan AWS,18.5362,73.7928,12-05-2024 08:15,2024-05-12 08:15:00,2024,5,12,8,133,30.9
Pashan AWS,18.5362,73.7928,12-05-2024 08:20,2024-05-12 08:20:00,2024,5,12,8,133,30.8
Pashan AWS,18.5362,73.7928,12-05-2024 08:25,2024-05-12 08:25:00,2024,5,12,8,133,30.8
Pashan AWS,18.5362,73.7928,12-05-2024 08:30,2024-05-12 08:30:00,2024,5,12,8,133,31.0
Pashan AWS,18.5362,73.7928,12-05-2024 08:35,2024-05-12 08:35:00,2024,5,12,8,133,31.1
Pashan AWS,18.5362,73.7928,12-05-2024 08:40,2024-05-12 08:40:00,2024,5,12,8,133,31.1
Pashan AWS,18.5362,73.7928,12-05-2024 08:45,2024-05-12 08:45:00,2024,5,12,8,133,31.2
Pashan AWS,18.5362,73.7928,12-05-2024 08:50,2024-05-12 08:50:00,2024,5,12,8,133,31.5
Pashan AWS,18.5362,73.7928,12-05-2024 08:55,2024-05-12 08:55:00,2024,5,12,8,133,31.8
Pashan AWS,18.5362,73.7928,12-05-2024 09:00,2024-05-12 09:00:00,2024,5,12,9,133,31.7
Pashan AWS,18.5362,73.7928,12-05-2024 09:05,2024-05-12 09:05:00,2024,5,12,9,133,31.8
Pashan AWS,18.5362,73.7928,12-05-2024 09:10,2024-05-12 09:10:00,2024,5,12,9,133,31.8
Pashan AWS,18.5362,73.7928,12-05-2024 09:15,2024-05-12 09:15:00,2024,5,12,9,133,32.1
Pashan AWS,18.5362,73.7928,12-05-2024 09:20,2024-05-12 09:20:00,2024,5,12,9,133,32.4
Pashan AWS,18.5362,73.7928,12-05-2024 09:25,2024-05-12 09:25:00,2024,5,12,9,133,32.5
Pashan AWS,18.5362,73.7928,12-05-2024 09:30,2024-05-12 09:30:00,2024,5,12,9,133,32.5
Pashan AWS,18.5362,73.7928,12-05-2024 09:35,2024-05-12 09:35:00,2024,5,12,9,133,32.7
Pashan AWS,18.5362,73.7928,12-05-2024 09:40,2024-05-12 09:40:00,2024,5,12,9,133,32.5
Pashan AWS,18.5362,73.7928,12-05-2024 09:45,2024-05-12 09:45:00,2024,5,12,9,133,32.7
Pashan AWS,18.5362,73.7928,12-05-2024 09:50,2024-05-12 09:50:00,2024,5,12,9,133,32.9
Pashan AWS,18.5362,73.7928,12-05-2024 09:55,2024-05-12 09:55:00,2024,5,12,9,133,33.2
Pashan AWS,18.5362,73.7928,12-05-2024 10:00,2024-05-12 10:00:00,2024,5,12,10,133,33.2
Pashan AWS,18.5362,73.7928,12-05-2024 10:05,2024-05-12 10:05:00,2024,5,12,10,133,33.3
Pashan AWS,18.5362,73.7928,12-05-2024 10:10,2024-05-12 10:10:00,2024,5,12,10,133,33.3
Pashan AWS,18.5362,73.7928,12-05-2024 10:15,2024-05-12 10:15:00,2024,5,12,10,133,33.3
Pashan AWS,18.5362,73.7928,12-05-2024 10:20,2024-05-12 10:20:00,2024,5,12,10,133,33.3
Pashan AWS,18.5362,73.7928,12-05-2024 10:25,2024-05-12 10:25:00,2024,5,12,10,133,33.7
Pashan AWS,18.5362,73.7928,12-05-2024 10:30,2024-05-12 10:30:00,2024,5,12,10,133,33.8
Pashan AWS,18.5362,73.7928,12-05-2024 10:35,2024-05-12 10:35:00,2024,5,12,10,133,34.0
Pashan AWS,18.5362,73.7928,12-05-2024 10:40,2024-05-12 10:40:00,2024,5,12,10,133,34.1
Pashan AWS,18.5362,73.7928,12-05-2024 10:45,2024-05-12 10:45:00,2024,5,12,10,133,34.1
Pashan AWS,18.5362,73.7928,12-05-2024 10:50,2024-05-12 10:50:00,2024,5,12,10,133,34.2
Pashan AWS,18.5362,73.7928,12-05-2024 10:55,2024-05-12 10:55:00,2024,5,12,10,133,34.5
Pashan AWS,18.5362,73.7928,12-05-2024 11:00,2024-05-12 11:00:00,2024,5,12,11,133,34.5
Pashan AWS,18.5362,73.7928,12-05-2024 11:05,2024-05-12 11:05:00,2024,5,12,11,133,34.8
Pashan AWS,18.5362,73.7928,12-05-2024 11:10,2024-05-12 11:10:00,2024,5,12,11,133,34.8
Pashan AWS,18.5362,73.7928,12-05-2024 11:15,2024-05-12 11:15:00,2024,5,12,11,133,34.9
Pashan AWS,18.5362,73.7928,12-05-2024 11:20,2024-05-12 11:20:00,2024,5,12,11,133,35.2
Pashan AWS,18.5362,73.7928,12-05-2024 11:25,2024-05-12 11:25:00,2024,5,12,11,133,35.2
Pashan AWS,18.5362,73.7928,12-05-2024 11:30,2024-05-12 11:30:00,2024,5,12,11,133,35.4
Pashan AWS,18.5362,73.7928,12-05-2024 11:35,2024-05-12 11:35:00,2024,5,12,11,133,35.5
Pashan AWS,18.5362,73.7928,12-05-2024 11:40,2024-05-12 11:40:00,2024,5,12,11,133,35.6
Pashan AWS,18.5362,73.7928,12-05-2024 11:45,2024-05-12 11:45:00,2024,5,12,11,133,35.4
Pashan AWS,18.5362,73.7928,12-05-2024 11:50,2024-05-12 11:50:00,2024,5,12,11,133,35.3
Pashan AWS,18.5362,73.7928,12-05-2024 11:55,2024-05-12 11:55:00,2024,5,12,11,133,35.5
Pashan AWS,18.5362,73.7928,12-05-2024 12:00,2024-05-12 12:00:00,2024,5,12,12,133,35.8
Pashan AWS,18.5362,73.7928,12-05-2024 12:05,2024-05-12 12:05:00,2024,5,12,12,133,35.8
Pashan AWS,18.5362,73.7928,12-05-2024 12:10,2024-05-12 12:10:00,2024,5,12,12,133,35.9
Pashan AWS,18.5362,73.7928,12-05-2024 12:15,2024-05-12 12:15:00,2024,5,12,12,133,36.1
Pashan AWS,18.5362,73.7928,12-05-2024 12:20,2024-05-12 12:20:00,2024,5,12,12,133,36.4
Pashan AWS,18.5362,73.7928,12-05-2024 12:25,2024-05-12 12:25:00,2024,5,12,12,133,36.2
Pashan AWS,18.5362,73.7928,12-05-2024 12:30,2024-05-12 12:30:00,2024,5,12,12,133,36.2
Pashan AWS,18.5362,73.7928,12-05-2024 12:35,2024-05-12 12:35:00,2024,5,12,12,133,36.2
Pashan AWS,18.5362,73.7928,12-05-2024 12:40,2024-05-12 12:40:00,2024,5,12,12,133,36.5
Pashan AWS,18.5362,73.7928,12-05-2024 12:45,2024-05-12 12:45:00,2024,5,12,12,133,37.0
Pashan AWS,18.5362,73.7928,12-05-2024 12:50,2024-05-12 12:50:00,2024,5,12,12,133,37.0
Pashan AWS,18.5362,73.7928,12-05-2024 12:55,2024-05-12 12:55:00,2024,5,12,12,133,36.9
Pashan AWS,18.5362,73.7928,12-05-2024 13:00,2024-05-12 13:00:00,2024,5,12,13,133,37.0
Pashan AWS,18.5362,73.7928,12-05-2024 13:05,2024-05-12 13:05:00,2024,5,12,13,133,37.3
Pashan AWS,18.5362,73.7928,12-05-2024 13:10,2024-05-12 13:10:00,2024,5,12,13,133,37.4
Pashan AWS,18.5362,73.7928,12-05-2024 13:15,2024-05-12 13:15:00,2024,5,12,13,133,37.3
Pashan AWS,18.5362,73.7928,12-05-2024 13:20,2024-05-12 13:20:00,2024,5,12,13,133,37.5
Pashan AWS,18.5362,73.7928,12-05-2024 13:25,2024-05-12 13:25:00,2024,5,12,13,133,37.7
Pashan AWS,18.5362,73.7928,12-05-2024 13:30,2024-05-12 13:30:00,2024,5,12,13,133,37.6
Pashan AWS,18.5362,73.7928,12-05-2024 13:35,2024-05-12 13:35:00,2024,5,12,13,133,37.7
Pashan AWS,18.5362,73.7928,12-05-2024 13:40,2024-05-12 13:40:00,2024,5,12,13,133,37.9
Pashan AWS,18.5362,73.7928,12-05-2024 13:45,2024-05-12 13:45:00,2024,5,12,13,133,38.1
Pashan AWS,18.5362,73.7928,12-05-2024 13:50,2024-05-12 13:50:00,2024,5,12,13,133,38.1
Pashan AWS,18.5362,73.7928,12-05-2024 13:55,2024-05-12 13:55:00,2024,5,12,13,133,38.0
Pashan AWS,18.5362,73.7928,12-05-2024 14:00,2024-05-12 14:00:00,2024,5,12,14,133,38.2
Pashan AWS,18.5362,73.7928,12-05-2024 14:05,2024-05-12 14:05:00,2024,5,12,14,133,38.1
Pashan AWS,18.5362,73.7928,12-05-2024 14:10,2024-05-12 14:10:00,2024,5,12,14,133,38.1
Pashan AWS,18.5362,73.7928,12-05-2024 14:15,2024-05-12 14:15:00,2024,5,12,14,133,37.9
Pashan AWS,18.5362,73.7928,12-05-2024 14:20,2024-05-12 14:20:00,2024,5,12,14,133,38.1
Pashan AWS,18.5362,73.7928,12-05-2024 14:25,2024-05-12 14:25:00,2024,5,12,14,133,38.1
Pashan AWS,18.5362,73.7928,12-05-2024 14:30,2024-05-12 14:30:00,2024,5,12,14,133,38.2
Pashan AWS,18.5362,73.7928,12-05-2024 14:35,2024-05-12 14:35:00,2024,5,12,14,133,38.3
Pashan AWS,18.5362,73.7928,12-05-2024 14:40,2024-05-12 14:40:00,2024,5,12,14,133,38.1
Pashan AWS,18.5362,73.7928,12-05-2024 14:45,2024-05-12 14:45:00,2024,5,12,14,133,38.3
Pashan AWS,18.5362,73.7928,12-05-2024 14:50,2024-05-12 14:50:00,2024,5,12,14,133,38.5
Pashan AWS,18.5362,73.7928,12-05-2024 14:55,2024-05-12 14:55:00,2024,5,12,14,133,38.6
Pashan AWS,18.5362,73.7928,12-05-2024 15:00,2024-05-12 15:00:00,2024,5,12,15,133,38.4
Pashan AWS,18.5362,73.7928,12-05-2024 15:05,2024-05-12 15:05:00,2024,5,12,15,133,38.3
Pashan AWS,18.5362,73.7928,12-05-2024 15:10,2024-05-12 15:10:00,2024,5,12,15,133,38.3
Pashan AWS,18.5362,73.7928,12-05-2024 15:15,2024-05-12 15:15:00,2024,5,12,15,133,38.1
Pashan AWS,18.5362,73.7928,12-05-2024 15:20,2024-05-12 15:20:00,2024,5,12,15,133,38.3
Pashan AWS,18.5362,73.7928,12-05-2024 15:25,2024-05-12 15:25:00,2024,5,12,15,133,38.3
Pashan AWS,18.5362,73.7928,12-05-2024 15:30,2024-05-12 15:30:00,2024,5,12,15,133,37.8
Pashan AWS,18.5362,73.7928,12-05-2024 15:35,2024-05-12 15:35:00,2024,5,12,15,133,37.8
Pashan AWS,18.5362,73.7928,12-05-2024 15:40,2024-05-12 15:40:00,2024,5,12,15,133,37.7
Pashan AWS,18.5362,73.7928,12-05-2024 15:45,2024-05-12 15:45:00,2024,5,12,15,133,37.6
Pashan AWS,18.5362,73.7928,12-05-2024 15:50,2024-05-12 15:50:00,2024,5,12,15,133,37.5
Pashan AWS,18.5362,73.7928,12-05-2024 15:55,2024-05-12 15:55:00,2024,5,12,15,133,37.5
Pashan AWS,18.5362,73.7928,12-05-2024 16:00,2024-05-12 16:00:00,2024,5,12,16,133,37.6
Pashan AWS,18.5362,73.7928,12-05-2024 16:05,2024-05-12 16:05:00,2024,5,12,16,133,37.6
Pashan AWS,18.5362,73.7928,12-05-2024 16:10,2024-05-12 16:10:00,2024,5,12,16,133,37.5
Pashan AWS,18.5362,73.7928,12-05-2024 16:15,2024-05-12 16:15:00,2024,5,12,16,133,37.4
Pashan AWS,18.5362,73.7928,12-05-2024 16:20,2024-05-12 16:20:00,2024,5,12,16,133,37.3
Pashan AWS,18.5362,73.7928,12-05-2024 16:25,2024-05-12 16:25:00,2024,5,12,16,133,37.1
Pashan AWS,18.5362,73.7928,12-05-2024 16:30,2024-05-12 16:30:00,2024,5,12,16,133,37.1
Pashan AWS,18.5362,73.7928,12-05-2024 16:35,2024-05-12 16:35:00,2024,5,12,16,133,37.1
Pashan AWS,18.5362,73.7928,12-05-2024 16:40,2024-05-12 16:40:00,2024,5,12,16,133,37.2
Pashan AWS,18.5362,73.7928,12-05-2024 16:45,2024-05-12 16:45:00,2024,5,12,16,133,37.3
Pashan AWS,18.5362,73.7928,12-05-2024 16:50,2024-05-12 16:50:00,2024,5,12,16,133,37.0
Pashan AWS,18.5362,73.7928,12-05-2024 16:55,2024-05-12 16:55:00,2024,5,12,16,133,37.0
Pashan AWS,18.5362,73.7928,12-05-2024 17:00,2024-05-12 17:00:00,2024,5,12,17,133,36.8
Pashan AWS,18.5362,73.7928,12-05-2024 17:05,2024-05-12 17:05:00,2024,5,12,17,133,36.7
Pashan AWS,18.5362,73.7928,12-05-2024 17:10,2024-05-12 17:10:00,2024,5,12,17,133,36.5
Pashan AWS,18.5362,73.7928,12-05-2024 17:15,2024-05-12 17:15:00,2024,5,12,17,133,36.3
Pashan AWS,18.5362,73.7928,12-05-2024 17:20,2024-05-12 17:20:00,2024,5,12,17,133,36.2
Pashan AWS,18.5362,73.7928,12-05-2024 17:25,2024-05-12 17:25:00,2024,5,12,17,133,35.6
Pashan AWS,18.5362,73.7928,12-05-2024 17:30,2024-05-12 17:30:00,2024,5,12,17,133,35.3
Pashan AWS,18.5362,73.7928,12-05-2024 17:35,2024-05-12 17:35:00,2024,5,12,17,133,35.2
Pashan AWS,18.5362,73.7928,12-05-2024 17:40,2024-05-12 17:40:00,2024,5,12,17,133,35.1
Pashan AWS,18.5362,73.7928,12-05-2024 17:45,2024-05-12 17:45:00,2024,5,12,17,133,34.9
Pashan AWS,18.5362,73.7928,12-05-2024 17:50,2024-05-12 17:50:00,2024,5,12,17,133,34.6
Pashan AWS,18.5362,73.7928,12-05-2024 17:55,2024-05-12 17:55:00,2024,5,12,17,133,34.3
Pashan AWS,18.5362,73.7928,12-05-2024 18:00,2024-05-12 18:00:00,2024,5,12,18,133,34.3
Pashan AWS,18.5362,73.7928,12-05-2024 18:05,2024-05-12 18:05:00,2024,5,12,18,133,34.3
Pashan AWS,18.5362,73.7928,12-05-2024 18:10,2024-05-12 18:10:00,2024,5,12,18,133,34.2
Pashan AWS,18.5362,73.7928,12-05-2024 18:15,2024-05-12 18:15:00,2024,5,12,18,133,34.3
Pashan AWS,18.5362,73.7928,12-05-2024 18:20,2024-05-12 18:20:00,2024,5,12,18,133,34.2
Pashan AWS,18.5362,73.7928,12-05-2024 18:25,2024-05-12 18:25:00,2024,5,12,18,133,34.0
Pashan AWS,18.5362,73.7928,12-05-2024 18:30,2024-05-12 18:30:00,2024,5,12,18,133,33.8
Pashan AWS,18.5362,73.7928,12-05-2024 18:35,2024-05-12 18:35:00,2024,5,12,18,133,33.5
Pashan AWS,18.5362,73.7928,12-05-2024 18:40,2024-05-12 18:40:00,2024,5,12,18,133,33.3
Pashan AWS,18.5362,73.7928,12-05-2024 18:45,2024-05-12 18:45:00,2024,5,12,18,133,33.4
Pashan AWS,18.5362,73.7928,12-05-2024 18:50,2024-05-12 18:50:00,2024,5,12,18,133,33.3
Pashan AWS,18.5362,73.7928,12-05-2024 18:55,2024-05-12 18:55:00,2024,5,12,18,133,33.4
Pashan AWS,18.5362,73.7928,12-05-2024 19:00,2024-05-12 19:00:00,2024,5,12,19,133,33.2
Pashan AWS,18.5362,73.7928,12-05-2024 19:05,2024-05-12 19:05:00,2024,5,12,19,133,33.3
Pashan AWS,18.5362,73.7928,12-05-2024 19:10,2024-05-12 19:10:00,2024,5,12,19,133,33.1
Pashan AWS,18.5362,73.7928,12-05-2024 19:15,2024-05-12 19:15:00,2024,5,12,19,133,33.1
Pashan AWS,18.5362,73.7928,12-05-2024 19:20,2024-05-12 19:20:00,2024,5,12,19,133,33.0
Pashan AWS,18.5362,73.7928,12-05-2024 19:25,2024-05-12 19:25:00,2024,5,12,19,133,32.9
Pashan AWS,18.5362,73.7928,12-05-2024 19:30,2024-05-12 19:30:00,2024,5,12,19,133,33.0
Pashan AWS,18.5362,73.7928,12-05-2024 19:35,2024-05-12 19:35:00,2024,5,12,19,133,32.7
Pashan AWS,18.5362,73.7928,12-05-2024 19:40,2024-05-12 19:40:00,2024,5,12,19,133,32.6
Pashan AWS,18.5362,73.7928,12-05-2024 19:45,2024-05-12 19:45:00,2024,5,12,19,133,32.6
Pashan AWS,18.5362,73.7928,12-05-2024 19:50,2024-05-12 19:50:00,2024,5,12,19,133,32.4
Pashan AWS,18.5362,73.7928,12-05-2024 19:55,2024-05-12 19:55:00,2024,5,12,19,133,32.0
Pashan AWS,18.5362,73.7928,12-05-2024 20:00,2024-05-12 20:00:00,2024,5,12,20,133,32.1
Pashan AWS,18.5362,73.7928,12-05-2024 20:05,2024-05-12 20:05:00,2024,5,12,20,133,31.9
Pashan AWS,18.5362,73.7928,12-05-2024 20:10,2024-05-12 20:10:00,2024,5,12,20,133,31.7
Pashan AWS,18.5362,73.7928,12-05-2024 20:15,2024-05-12 20:15:00,2024,5,12,20,133,31.7
Pashan AWS,18.5362,73.7928,12-05-2024 20:20,2024-05-12 20:20:00,2024,5,12,20,133,31.4
Pashan AWS,18.5362,73.7928,12-05-2024 20:25,2024-05-12 20:25:00,2024,5,12,20,133,31.0
Pashan AWS,18.5362,73.7928,12-05-2024 20:30,2024-05-12 20:30:00,2024,5,12,20,133,30.9
Pashan AWS,18.5362,73.7928,12-05-2024 20:35,2024-05-12 20:35:00,2024,5,12,20,133,30.4
Pashan AWS,18.5362,73.7928,12-05-2024 20:40,2024-05-12 20:40:00,2024,5,12,20,133,30.2
Pashan AWS,18.5362,73.7928,12-05-2024 20:45,2024-05-12 20:45:00,2024,5,12,20,133,30.1
Pashan AWS,18.5362,73.7928,12-05-2024 20:50,2024-05-12 20:50:00,2024,5,12,20,133,29.9
Pashan AWS,18.5362,73.7928,12-05-2024 20:55,2024-05-12 20:55:00,2024,5,12,20,133,29.5
Pashan AWS,18.5362,73.7928,12-05-2024 21:00,2024-05-12 21:00:00,2024,5,12,21,133,29.6
Pashan AWS,18.5362,73.7928,12-05-2024 21:05,2024-05-12 21:05:00,2024,5,12,21,133,29.4
Pashan AWS,18.5362,73.7928,12-05-2024 21:10,2024-05-12 21:10:00,2024,5,12,21,133,29.5
Pashan AWS,18.5362,73.7928,12-05-2024 21:15,2024-05-12 21:15:00,2024,5,12,21,133,29.2
Pashan AWS,18.5362,73.7928,12-05-2024 21:20,2024-05-12 21:20:00,2024,5,12,21,133,28.9
Pashan AWS,18.5362,73.7928,12-05-2024 21:25,2024-05-12 21:25:00,2024,5,12,21,133,28.8
Pashan AWS,18.5362,73.7928,12-05-2024 21:30,2024-05-12 21:30:00,2024,5,12,21,133,28.6
Pashan AWS,18.5362,73.7928,12-05-2024 21:35,2024-05-12 21:35:00,2024,5,12,21,133,28.3
Pashan AWS,18.5362,73.7928,12-05-2024 21:40,2024-05-12 21:40:00,2024,5,12,21,133,28.4
Pashan AWS,18.5362,73.7928,12-05-2024 21:45,2024-05-12 21:45:00,2024,5,12,21,133,28.1
Pashan AWS,18.5362,73.7928,12-05-2024 21:50,2024-05-12 21:50:00,2024,5,12,21,133,27.7
Pashan AWS,18.5362,73.7928,12-05-2024 21:55,2024-05-12 21:55:00,2024,5,12,21,133,27.7
Pashan AWS,18.5362,73.7928,12-05-2024 22:00,2024-05-12 22:00:00,2024,5,12,22,133,27.5
Pashan AWS,18.5362,73.7928,12-05-2024 22:05,2024-05-12 22:05:00,2024,5,12,22,133,27.3
Pashan AWS,18.5362,73.7928,12-05-2024 22:10,2024-05-12 22:10:00,2024,5,12,22,133,26.9
Pashan AWS,18.5362,73.7928,12-05-2024 22:15,2024-05-12 22:15:00,2024,5,12,22,133,27.0
Pashan AWS,18.5362,73.7928,12-05-2024 22:20,2024-05-12 22:20:00,2024,5,12,22,133,26.7
Pashan AWS,18.5362,73.7928,12-05-2024 22:25,2024-05-12 22:25:00,2024,5,12,22,133,26.5
Pashan AWS,18.5362,73.7928,12-05-2024 22:30,2024-05-12 22:30:00,2024,5,12,22,133,26.6
Pashan AWS,18.5362,73.7928,12-05-2024 22:35,2024-05-12 22:35:00,2024,5,12,22,133,26.5
Pashan AWS,18.5362,73.7928,12-05-2024 22:40,2024-05-12 22:40:00,2024,5,12,22,133,26.3
Pashan AWS,18.5362,73.7928,12-05-2024 22:45,2024-05-12 22:45:00,2024,5,12,22,133,26.0
Pashan AWS,18.5362,73.7928,12-05-2024 22:50,2024-05-12 22:50:00,2024,5,12,22,133,25.7
Pashan AWS,18.5362,73.7928,12-05-2024 22:55,2024-05-12 22:55:00,2024,5,12,22,133,25.6
Pashan AWS,18.5362,73.7928,12-05-2024 23:00,2024-05-12 23:00:00,2024,5,12,23,133,25.4
Pashan AWS,18.5362,73.7928,12-05-2024 23:05,2024-05-12 23:05:00,2024,5,12,23,133,25.3
Pashan AWS,18.5362,73.7928,12-05-2024 23:10,2024-05-12 23:10:00,2024,5,12,23,133,25.3
Pashan AWS,18.5362,73.7928,12-05-2024 23:15,2024-05-12 23:15:00,2024,5,12,23,133,25.4
Pashan AWS,18.5362,73.7928,12-05-2024 23:20,2024-05-12 23:20:00,2024,5,12,23,133,25.1
Pashan AWS,18.5362,73.7928,12-05-2024 23:25,2024-05-12 23:25:00,2024,5,12,23,133,25.3
Pashan AWS,18.5362,73.7928,12-05-2024 23:30,2024-05-12 23:30:00,2024,5,12,23,133,25.3
Pashan AWS,18.5362,73.7928,12-05-2024 23:35,2024-05-12 23:35:00,2024,5,12,23,133,25.2
Pashan AWS,18.5362,73.7928,12-05-2024 23:40,2024-05-12 23:40:00,2024,5,12,23,133,25.2
Pashan AWS,18.5362,73.7928,12-05-2024 23:45,2024-05-12 23:45:00,2024,5,12,23,133,25.4
Pashan AWS,18.5362,73.7928,12-05-2024 23:50,2024-05-12 23:50:00,2024,5,12,23,133,25.1
Pashan AWS,18.5362,73.7928,12-05-2024 23:55,2024-05-12 23:55:00,2024,5,12,23,133,24.9
Pashan AWS,18.5362,73.7928,13-05-2024 00:00,2024-05-13 00:00:00,2024,5,13,0,134,24.4
Pashan AWS,18.5362,73.7928,13-05-2024 00:05,2024-05-13 00:05:00,2024,5,13,0,134,24.4
Pashan AWS,18.5362,73.7928,13-05-2024 00:10,2024-05-13 00:10:00,2024,5,13,0,134,24.3
Pashan AWS,18.5362,73.7928,13-05-2024 00:15,2024-05-13 00:15:00,2024,5,13,0,134,24.2
Pashan AWS,18.5362,73.7928,13-05-2024 00:20,2024-05-13 00:20:00,2024,5,13,0,134,24.0
Pashan AWS,18.5362,73.7928,13-05-2024 00:25,2024-05-13 00:25:00,2024,5,13,0,134,23.6
Pashan AWS,18.5362,73.7928,13-05-2024 00:30,2024-05-13 00:30:00,2024,5,13,0,134,23.6
Pashan AWS,18.5362,73.7928,13-05-2024 00:35,2024-05-13 00:35:00,2024,5,13,0,134,23.8
Pashan AWS,18.5362,73.7928,13-05-2024 00:40,2024-05-13 00:40:00,2024,5,13,0,134,23.6
Pashan AWS,18.5362,73.7928,13-05-2024 00:45,2024-05-13 00:45:00,2024,5,13,0,134,23.6
Pashan AWS,18.5362,73.7928,13-05-2024 00:50,2024-05-13 00:50:00,2024,5,13,0,134,23.3
Pashan AWS,18.5362,73.7928,13-05-2024 00:55,2024-05-13 00:55:00,2024,5,13,0,134,23.3
Pashan AWS,18.5362,73.7928,13-05-2024 01:00,2024-05-13 01:00:00,2024,5,13,1,134,23.2
Pashan AWS,18.5362,73.7928,13-05-2024 01:05,2024-05-13 01:05:00,2024,5,13,1,134,23.0
Pashan AWS,18.5362,73.7928,13-05-2024 01:10,2024-05-13 01:10:00,2024,5,13,1,134,22.9
Pashan AWS,18.5362,73.7928,13-05-2024 01:15,2024-05-13 01:15:00,2024,5,13,1,134,22.8
Pashan AWS,18.5362,73.7928,13-05-2024 01:20,2024-05-13 01:20:00,2024,5,13,1,134,22.8
Pashan AWS,18.5362,73.7928,13-05-2024 01:25,2024-05-13 01:25:00,2024,5,13,1,134,22.6
Pashan AWS,18.5362,73.7928,13-05-2024 01:30,2024-05-13 01:30:00,2024,5,13,1,134,22.5
Pashan AWS,18.5362,73.7928,13-05-2024 01:35,2024-05-13 01:35:00,2024,5,13,1,134,22.5
Pashan AWS,18.5362,73.7928,13-05-2024 01:40,2024-05-13 01:40:00,2024,5,13,1,134,22.3
Pashan AWS,18.5362,73.7928,13-05-2024 01:45,2024-05-13 01:45:00,2024,5,13,1,134,22.6
Pashan AWS,18.5362,73.7928,13-05-2024 01:50,2024-05-13 01:50:00,2024,5,13,1,134,22.4
Pashan AWS,18.5362,73.7928,13-05-2024 01:55,2024-05-13 01:55:00,2024,5,13,1,134,22.3
Pashan AWS,18.5362,73.7928,13-05-2024 02:00,2024-05-13 02:00:00,2024,5,13,2,134,22.2
Pashan AWS,18.5362,73.7928,13-05-2024 02:05,2024-05-13 02:05:00,2024,5,13,2,134,22.5
Pashan AWS,18.5362,73.7928,13-05-2024 02:10,2024-05-13 02:10:00,2024,5,13,2,134,22.5
Pashan AWS,18.5362,73.7928,13-05-2024 02:15,2024-05-13 02:15:00,2024,5,13,2,134,22.4
Pashan AWS,18.5362,73.7928,13-05-2024 02:20,2024-05-13 02:20:00,2024,5,13,2,134,22.6
Pashan AWS,18.5362,73.7928,13-05-2024 02:25,2024-05-13 02:25:00,2024,5,13,2,134,22.6
Pashan AWS,18.5362,73.7928,13-05-2024 02:30,2024-05-13 02:30:00,2024,5,13,2,134,22.6
Pashan AWS,18.5362,73.7928,13-05-2024 02:35,2024-05-13 02:35:00,2024,5,13,2,134,22.6
Pashan AWS,18.5362,73.7928,13-05-2024 02:40,2024-05-13 02:40:00,2024,5,13,2,134,22.5
Pashan AWS,18.5362,73.7928,13-05-2024 02:45,2024-05-13 02:45:00,2024,5,13,2,134,22.6
Pashan AWS,18.5362,73.7928,13-05-2024 02:50,2024-05-13 02:50:00,2024,5,13,2,134,22.5
Pashan AWS,18.5362,73.7928,13-05-2024 02:55,2024-05-13 02:55:00,2024,5,13,2,134,22.8
Pashan AWS,18.5362,73.7928,13-05-2024 03:00,2024-05-13 03:00:00,2024,5,13,3,134,22.6
Pashan AWS,18.5362,73.7928,13-05-2024 03:05,2024-05-13 03:05:00,2024,5,13,3,134,22.9
Pashan AWS,18.5362,73.7928,13-05-2024 03:10,2024-05-13 03:10:00,2024,5,13,3,134,22.9
Pashan AWS,18.5362,73.7928,13-05-2024 03:15,2024-05-13 03:15:00,2024,5,13,3,134,22.9
Pashan AWS,18.5362,73.7928,13-05-2024 03:20,2024-05-13 03:20:00,2024,5,13,3,134,23.1
Pashan AWS,18.5362,73.7928,13-05-2024 03:25,2024-05-13 03:25:00,2024,5,13,3,134,23.0
Pashan AWS,18.5362,73.7928,13-05-2024 03:30,2024-05-13 03:30:00,2024,5,13,3,134,23.2
Pashan AWS,18.5362,73.7928,13-05-2024 03:35,2024-05-13 03:35:00,2024,5,13,3,134,22.8
Pashan AWS,18.5362,73.7928,13-05-2024 03:40,2024-05-13 03:40:00,2024,5,13,3,134,22.7
Pashan AWS,18.5362,73.7928,13-05-2024 03:45,2024-05-13 03:45:00,2024,5,13,3,134,22.6
Pashan AWS,18.5362,73.7928,13-05-2024 03:50,2024-05-13 03:50:00,2024,5,13,3,134,22.5
Pashan AWS,18.5362,73.7928,13-05-2024 03:55,2024-05-13 03:55:00,2024,5,13,3,134,22.6
Pashan AWS,18.5362,73.7928,13-05-2024 04:00,2024-05-13 04:00:00,2024,5,13,4,134,22.7
Pashan AWS,18.5362,73.7928,13-05-2024 04:05,2024-05-13 04:05:00,2024,5,13,4,134,22.9
Pashan AWS,18.5362,73.7928,13-05-2024 04:10,2024-05-13 04:10:00,2024,5,13,4,134,23.0
Pashan AWS,18.5362,73.7928,13-05-2024 04:15,2024-05-13 04:15:00,2024,5,13,4,134,23.0
Pashan AWS,18.5362,73.7928,13-05-2024 04:20,2024-05-13 04:20:00,2024,5,13,4,134,23.1
Pashan AWS,18.5362,73.7928,13-05-2024 04:25,2024-05-13 04:25:00,2024,5,13,4,134,23.2
Pashan AWS,18.5362,73.7928,13-05-2024 04:30,2024-05-13 04:30:00,2024,5,13,4,134,23.4
Pashan AWS,18.5362,73.7928,13-05-2024 04:35,2024-05-13 04:35:00,2024,5,13,4,134,23.6
Pashan AWS,18.5362,73.7928,13-05-2024 04:40,2024-05-13 04:40:00,2024,5,13,4,134,23.7
Pashan AWS,18.5362,73.7928,13-05-2024 04:45,2024-05-13 04:45:00,2024,5,13,4,134,23.6
Pashan AWS,18.5362,73.7928,13-05-2024 04:50,2024-05-13 04:50:00,2024,5,13,4,134,23.6
Pashan AWS,18.5362,73.7928,13-05-2024 04:55,2024-05-13 04:55:00,2024,5,13,4,134,23.7
Pashan AWS,18.5362,73.7928,13-05-2024 05:00,2024-05-13 05:00:00,2024,5,13,5,134,23.7
Pashan AWS,18.5362,73.7928,13-05-2024 05:05,2024-05-13 05:05:00,2024,5,13,5,134,23.8
Pashan AWS,18.5362,73.7928,13-05-2024 05:10,2024-05-13 05:10:00,2024,5,13,5,134,24.1
Pashan AWS,18.5362,73.7928,13-05-2024 05:15,2024-05-13 05:15:00,2024,5,13,5,134,24.2
Pashan AWS,18.5362,73.7928,13-05-2024 05:20,2024-05-13 05:20:00,2024,5,13,5,134,24.3
Pashan AWS,18.5362,73.7928,13-05-2024 05:25,2024-05-13 05:25:00,2024,5,13,5,134,24.4
Pashan AWS,18.5362,73.7928,13-05-2024 05:30,2024-05-13 05:30:00,2024,5,13,5,134,24.4
Pashan AWS,18.5362,73.7928,13-05-2024 05:35,2024-05-13 05:35:00,2024,5,13,5,134,24.4
Pashan AWS,18.5362,73.7928,13-05-2024 05:40,2024-05-13 05:40:00,2024,5,13,5,134,24.3
Pashan AWS,18.5362,73.7928,13-05-2024 05:45,2024-05-13 05:45:00,2024,5,13,5,134,24.3
Pashan AWS,18.5362,73.7928,13-05-2024 05:50,2024-05-13 05:50:00,2024,5,13,5,134,24.5
Pashan AWS,18.5362,73.7928,13-05-2024 05:55,2024-05-13 05:55:00,2024,5,13,5,134,24.5
Pashan AWS,18.5362,73.7928,13-05-2024 06:00,2024-05-13 06:00:00,2024,5,13,6,134,24.6
Pashan AWS,18.5362,73.7928,13-05-2024 06:05,2024-05-13 06:05:00,2024,5,13,6,134,24.9
Pashan AWS,18.5362,73.7928,13-05-2024 06:10,2024-05-13 06:10:00,2024,5,13,6,134,25.1
Pashan AWS,18.5362,73.7928,13-05-2024 06:15,2024-05-13 06:15:00,2024,5,13,6,134,25.1
Pashan AWS,18.5362,73.7928,13-05-2024 06:20,2024-05-13 06:20:00,2024,5,13,6,134,25.4
Pashan AWS,18.5362,73.7928,13-05-2024 06:25,2024-05-13 06:25:00,2024,5,13,6,134,25.7
Pashan AWS,18.5362,73.7928,13-05-2024 06:30,2024-05-13 06:30:00,2024,5,13,6,134,25.6
Pashan AWS,18.5362,73.7928,13-05-2024 06:35,2024-05-13 06:35:00,2024,5,13,6,134,25.7
Pashan AWS,18.5362,73.7928,13-05-2024 06:40,2024-05-13 06:40:00,2024,5,13,6,134,26.0
Pashan AWS,18.5362,73.7928,13-05-2024 06:45,2024-05-13 06:45:00,2024,5,13,6,134,26.1
Pashan AWS,18.5362,73.7928,13-05-2024 06:50,2024-05-13 06:50:00,2024,5,13,6,134,25.9
Pashan AWS,18.5362,73.7928,13-05-2024 06:55,2024-05-13 06:55:00,2024,5,13,6,134,25.9
Pashan AWS,18.5362,73.7928,13-05-2024 07:00,2024-05-13 07:00:00,2024,5,13,7,134,26.0
Pashan AWS,18.5362,73.7928,13-05-2024 07:05,2024-05-13 07:05:00,2024,5,13,7,134,26.0
Pashan AWS,18.5362,73.7928,13-05-2024 07:10,2024-05-13 07:10:00,2024,5,13,7,134,26.1
Pashan AWS,18.5362,73.7928,13-05-2024 07:15,2024-05-13 07:15:00,2024,5,13,7,134,26.3
Pashan AWS,18.5362,73.7928,13-05-2024 07:20,2024-05-13 07:20:00,2024,5,13,7,134,26.7
Pashan AWS,18.5362,73.7928,13-05-2024 07:25,2024-05-13 07:25:00,2024,5,13,7,134,26.9
Pashan AWS,18.5362,73.7928,13-05-2024 07:30,2024-05-13 07:30:00,2024,5,13,7,134,27.2
Pashan AWS,18.5362,73.7928,13-05-2024 07:35,2024-05-13 07:35:00,2024,5,13,7,134,27.6
Pashan AWS,18.5362,73.7928,13-05-2024 07:40,2024-05-13 07:40:00,2024,5,13,7,134,27.9
Pashan AWS,18.5362,73.7928,13-05-2024 07:45,2024-05-13 07:45:00,2024,5,13,7,134,28.1
Pashan AWS,18.5362,73.7928,13-05-2024 07:50,2024-05-13 07:50:00,2024,5,13,7,134,28.0
Pashan AWS,18.5362,73.7928,13-05-2024 07:55,2024-05-13 07:55:00,2024,5,13,7,134,28.2
Pashan AWS,18.5362,73.7928,13-05-2024 08:00,2024-05-13 08:00:00,2024,5,13,8,134,28.5
Pashan AWS,18.5362,73.7928,13-05-2024 08:05,2024-05-13 08:05:00,2024,5,13,8,134,28.6
Pashan AWS,18.5362,73.7928,13-05-2024 08:10,2024-05-13 08:10:00,2024,5,13,8,134,29.0
Pashan AWS,18.5362,73.7928,13-05-2024 08:15,2024-05-13 08:15:00,2024,5,13,8,134,29.3
Pashan AWS,18.5362,73.7928,13-05-2024 08:20,2024-05-13 08:20:00,2024,5,13,8,134,29.5
Pashan AWS,18.5362,73.7928,13-05-2024 08:25,2024-05-13 08:25:00,2024,5,13,8,134,29.8
Pashan AWS,18.5362,73.7928,13-05-2024 08:30,2024-05-13 08:30:00,2024,5,13,8,134,30.0
Pashan AWS,18.5362,73.7928,13-05-2024 08:35,2024-05-13 08:35:00,2024,5,13,8,134,29.7
Pashan AWS,18.5362,73.7928,13-05-2024 08:40,2024-05-13 08:40:00,2024,5,13,8,134,29.8
Pashan AWS,18.5362,73.7928,13-05-2024 08:45,2024-05-13 08:45:00,2024,5,13,8,134,30.1
Pashan AWS,18.5362,73.7928,13-05-2024 08:50,2024-05-13 08:50:00,2024,5,13,8,134,30.1
Pashan AWS,18.5362,73.7928,13-05-2024 08:55,2024-05-13 08:55:00,2024,5,13,8,134,30.2
Pashan AWS,18.5362,73.7928,13-05-2024 09:00,2024-05-13 09:00:00,2024,5,13,9,134,30.2
Pashan AWS,18.5362,73.7928,13-05-2024 09:05,2024-05-13 09:05:00,2024,5,13,9,134,30.6
Pashan AWS,18.5362,73.7928,13-05-2024 09:10,2024-05-13 09:10:00,2024,5,13,9,134,31.0
Pashan AWS,18.5362,73.7928,13-05-2024 09:15,2024-05-13 09:15:00,2024,5,13,9,134,31.0
Pashan AWS,18.5362,73.7928,13-05-2024 09:20,2024-05-13 09:20:00,2024,5,13,9,134,31.2
Pashan AWS,18.5362,73.7928,13-05-2024 09:25,2024-05-13 09:25:00,2024,5,13,9,134,31.2
Pashan AWS,18.5362,73.7928,13-05-2024 09:30,2024-05-13 09:30:00,2024,5,13,9,134,31.4
Pashan AWS,18.5362,73.7928,13-05-2024 09:35,2024-05-13 09:35:00,2024,5,13,9,134,31.6
Pashan AWS,18.5362,73.7928,13-05-2024 09:40,2024-05-13 09:40:00,2024,5,13,9,134,31.9
Pashan AWS,18.5362,73.7928,13-05-2024 09:45,2024-05-13 09:45:00,2024,5,13,9,134,32.0
Pashan AWS,18.5362,73.7928,13-05-2024 09:50,2024-05-13 09:50:00,2024,5,13,9,134,32.6
Pashan AWS,18.5362,73.7928,13-05-2024 09:55,2024-05-13 09:55:00,2024,5,13,9,134,32.5
Pashan AWS,18.5362,73.7928,13-05-2024 10:00,2024-05-13 10:00:00,2024,5,13,10,134,32.4
Pashan AWS,18.5362,73.7928,13-05-2024 10:05,2024-05-13 10:05:00,2024,5,13,10,134,32.4
Pashan AWS,18.5362,73.7928,13-05-2024 10:10,2024-05-13 10:10:00,2024,5,13,10,134,32.3
Pashan AWS,18.5362,73.7928,13-05-2024 10:15,2024-05-13 10:15:00,2024,5,13,10,134,32.2
Pashan AWS,18.5362,73.7928,13-05-2024 10:20,2024-05-13 10:20:00,2024,5,13,10,134,32.2
Pashan AWS,18.5362,73.7928,13-05-2024 10:25,2024-05-13 10:25:00,2024,5,13,10,134,32.2
Pashan AWS,18.5362,73.7928,13-05-2024 10:30,2024-05-13 10:30:00,2024,5,13,10,134,32.2
Pashan AWS,18.5362,73.7928,13-05-2024 10:35,2024-05-13 10:35:00,2024,5,13,10,134,32.5
Pashan AWS,18.5362,73.7928,13-05-2024 10:40,2024-05-13 10:40:00,2024,5,13,10,134,32.5
Pashan AWS,18.5362,73.7928,13-05-2024 10:45,2024-05-13 10:45:00,2024,5,13,10,134,32.7
Pashan AWS,18.5362,73.7928,13-05-2024 10:50,2024-05-13 10:50:00,2024,5,13,10,134,33.0
Pashan AWS,18.5362,73.7928,13-05-2024 10:55,2024-05-13 10:55:00,2024,5,13,10,134,33.0
Pashan AWS,18.5362,73.7928,13-05-2024 11:00,2024-05-13 11:00:00,2024,5,13,11,134,33.1
Pashan AWS,18.5362,73.7928,13-05-2024 11:05,2024-05-13 11:05:00,2024,5,13,11,134,33.3
Pashan AWS,18.5362,73.7928,13-05-2024 11:10,2024-05-13 11:10:00,2024,5,13,11,134,33.1
Pashan AWS,18.5362,73.7928,13-05-2024 11:15,2024-05-13 11:15:00,2024,5,13,11,134,32.9
Pashan AWS,18.5362,73.7928,13-05-2024 11:20,2024-05-13 11:20:00,2024,5,13,11,134,33.1
Pashan AWS,18.5362,73.7928,13-05-2024 11:25,2024-05-13 11:25:00,2024,5,13,11,134,33.3
Pashan AWS,18.5362,73.7928,13-05-2024 11:30,2024-05-13 11:30:00,2024,5,13,11,134,33.8
Pashan AWS,18.5362,73.7928,13-05-2024 11:35,2024-05-13 11:35:00,2024,5,13,11,134,33.9
Pashan AWS,18.5362,73.7928,13-05-2024 11:40,2024-05-13 11:40:00,2024,5,13,11,134,34.2
Pashan AWS,18.5362,73.7928,13-05-2024 11:45,2024-05-13 11:45:00,2024,5,13,11,134,34.3
Pashan AWS,18.5362,73.7928,13-05-2024 11:50,2024-05-13 11:50:00,2024,5,13,11,134,34.4
Pashan AWS,18.5362,73.7928,13-05-2024 11:55,2024-05-13 11:55:00,2024,5,13,11,134,34.8
Pashan AWS,18.5362,73.7928,13-05-2024 12:00,2024-05-13 12:00:00,2024,5,13,12,134,34.5
Pashan AWS,18.5362,73.7928,13-05-2024 12:05,2024-05-13 12:05:00,2024,5,13,12,134,34.7
Pashan AWS,18.5362,73.7928,13-05-2024 12:10,2024-05-13 12:10:00,2024,5,13,12,134,35.1
Pashan AWS,18.5362,73.7928,13-05-2024 12:15,2024-05-13 12:15:00,2024,5,13,12,134,35.2
Pashan AWS,18.5362,73.7928,13-05-2024 12:20,2024-05-13 12:20:00,2024,5,13,12,134,35.6
Pashan AWS,18.5362,73.7928,13-05-2024 12:25,2024-05-13 12:25:00,2024,5,13,12,134,35.5
Pashan AWS,18.5362,73.7928,13-05-2024 12:30,2024-05-13 12:30:00,2024,5,13,12,134,35.6
Pashan AWS,18.5362,73.7928,13-05-2024 12:35,2024-05-13 12:35:00,2024,5,13,12,134,35.6
Pashan AWS,18.5362,73.7928,13-05-2024 12:40,2024-05-13 12:40:00,2024,5,13,12,134,35.4
Pashan AWS,18.5362,73.7928,13-05-2024 12:45,2024-05-13 12:45:00,2024,5,13,12,134,35.3
Pashan AWS,18.5362,73.7928,13-05-2024 12:50,2024-05-13 12:50:00,2024,5,13,12,134,35.2
Pashan AWS,18.5362,73.7928,13-05-2024 12:55,2024-05-13 12:55:00,2024,5,13,12,134,35.4
Pashan AWS,18.5362,73.7928,13-05-2024 13:00,2024-05-13 13:00:00,2024,5,13,13,134,35.6
Pashan AWS,18.5362,73.7928,13-05-2024 13:05,2024-05-13 13:05:00,2024,5,13,13,134,35.7
Pashan AWS,18.5362,73.7928,13-05-2024 13:10,2024-05-13 13:10:00,2024,5,13,13,134,35.9
Pashan AWS,18.5362,73.7928,13-05-2024 13:15,2024-05-13 13:15:00,2024,5,13,13,134,35.9
Pashan AWS,18.5362,73.7928,13-05-2024 13:20,2024-05-13 13:20:00,2024,5,13,13,134,36.1
Pashan AWS,18.5362,73.7928,13-05-2024 13:25,2024-05-13 13:25:00,2024,5,13,13,134,36.1
Pashan AWS,18.5362,73.7928,13-05-2024 13:30,2024-05-13 13:30:00,2024,5,13,13,134,36.2
Pashan AWS,18.5362,73.7928,13-05-2024 13:35,2024-05-13 13:35:00,2024,5,13,13,134,36.2
Pashan AWS,18.5362,73.7928,13-05-2024 13:40,2024-05-13 13:40:00,2024,5,13,13,134,36.3
Pashan AWS,18.5362,73.7928,13-05-2024 13:45,2024-05-13 13:45:00,2024,5,13,13,134,36.3
Pashan AWS,18.5362,73.7928,13-05-2024 13:50,2024-05-13 13:50:00,2024,5,13,13,134,36.4
Pashan AWS,18.5362,73.7928,13-05-2024 13:55,2024-05-13 13:55:00,2024,5,13,13,134,36.3
Pashan AWS,18.5362,73.7928,13-05-2024 14:00,2024-05-13 14:00:00,2024,5,13,14,134,36.1
Pashan AWS,18.5362,73.7928,13-05-2024 14:05,2024-05-13 14:05:00,2024,5,13,14,134,36.2
Pashan AWS,18.5362,73.7928,13-05-2024 14:10,2024-05-13 14:10:00,2024,5,13,14,134,36.2
Pashan AWS,18.5362,73.7928,13-05-2024 14:15,2024-05-13 14:15:00,2024,5,13,14,134,36.2
Pashan AWS,18.5362,73.7928,13-05-2024 14:20,2024-05-13 14:20:00,2024,5,13,14,134,36.3
Pashan AWS,18.5362,73.7928,13-05-2024 14:25,2024-05-13 14:25:00,2024,5,13,14,134,36.2
Pashan AWS,18.5362,73.7928,13-05-2024 14:30,2024-05-13 14:30:00,2024,5,13,14,134,36.2
Pashan AWS,18.5362,73.7928,13-05-2024 14:35,2024-05-13 14:35:00,2024,5,13,14,134,36.4
Pashan AWS,18.5362,73.7928,13-05-2024 14:40,2024-05-13 14:40:00,2024,5,13,14,134,36.6
Pashan AWS,18.5362,73.7928,13-05-2024 14:45,2024-05-13 14:45:00,2024,5,13,14,134,36.8
Pashan AWS,18.5362,73.7928,13-05-2024 14:50,2024-05-13 14:50:00,2024,5,13,14,134,36.7
Pashan AWS,18.5362,73.7928,13-05-2024 14:55,2024-05-13 14:55:00,2024,5,13,14,134,36.9
Pashan AWS,18.5362,73.7928,13-05-2024 15:00,2024-05-13 15:00:00,2024,5,13,15,134,36.7
Pashan AWS,18.5362,73.7928,13-05-2024 15:05,2024-05-13 15:05:00,2024,5,13,15,134,36.5
Pashan AWS,18.5362,73.7928,13-05-2024 15:10,2024-05-13 15:10:00,2024,5,13,15,134,36.1
Pashan AWS,18.5362,73.7928,13-05-2024 15:15,2024-05-13 15:15:00,2024,5,13,15,134,36.3
Pashan AWS,18.5362,73.7928,13-05-2024 15:20,2024-05-13 15:20:00,2024,5,13,15,134,36.1
Pashan AWS,18.5362,73.7928,13-05-2024 15:25,2024-05-13 15:25:00,2024,5,13,15,134,36.1
Pashan AWS,18.5362,73.7928,13-05-2024 15:30,2024-05-13 15:30:00,2024,5,13,15,134,35.9
Pashan AWS,18.5362,73.7928,13-05-2024 15:35,2024-05-13 15:35:00,2024,5,13,15,134,36.0
Pashan AWS,18.5362,73.7928,13-05-2024 15:40,2024-05-13 15:40:00,2024,5,13,15,134,35.9
Pashan AWS,18.5362,73.7928,13-05-2024 15:45,2024-05-13 15:45:00,2024,5,13,15,134,35.6
Pashan AWS,18.5362,73.7928,13-05-2024 15:50,2024-05-13 15:50:00,2024,5,13,15,134,35.7
Pashan AWS,18.5362,73.7928,13-05-2024 15:55,2024-05-13 15:55:00,2024,5,13,15,134,35.4
Pashan AWS,18.5362,73.7928,13-05-2024 16:00,2024-05-13 16:00:00,2024,5,13,16,134,35.2
Pashan AWS,18.5362,73.7928,13-05-2024 16:05,2024-05-13 16:05:00,2024,5,13,16,134,34.9
Pashan AWS,18.5362,73.7928,13-05-2024 16:10,2024-05-13 16:10:00,2024,5,13,16,134,34.6
Pashan AWS,18.5362,73.7928,13-05-2024 16:15,2024-05-13 16:15:00,2024,5,13,16,134,34.6
Pashan AWS,18.5362,73.7928,13-05-2024 16:20,2024-05-13 16:20:00,2024,5,13,16,134,34.3
Pashan AWS,18.5362,73.7928,13-05-2024 16:25,2024-05-13 16:25:00,2024,5,13,16,134,34.1
Pashan AWS,18.5362,73.7928,13-05-2024 16:30,2024-05-13 16:30:00,2024,5,13,16,134,34.1
Pashan AWS,18.5362,73.7928,13-05-2024 16:35,2024-05-13 16:35:00,2024,5,13,16,134,34.0
Pashan AWS,18.5362,73.7928,13-05-2024 16:40,2024-05-13 16:40:00,2024,5,13,16,134,34.3
Pashan AWS,18.5362,73.7928,13-05-2024 16:45,2024-05-13 16:45:00,2024,5,13,16,134,34.5
Pashan AWS,18.5362,73.7928,13-05-2024 16:50,2024-05-13 16:50:00,2024,5,13,16,134,34.3
Pashan AWS,18.5362,73.7928,13-05-2024 16:55,2024-05-13 16:55:00,2024,5,13,16,134,34.3
Pashan AWS,18.5362,73.7928,13-05-2024 17:00,2024-05-13 17:00:00,2024,5,13,17,134,34.4
Pashan AWS,18.5362,73.7928,13-05-2024 17:05,2024-05-13 17:05:00,2024,5,13,17,134,34.2
Pashan AWS,18.5362,73.7928,13-05-2024 17:10,2024-05-13 17:10:00,2024,5,13,17,134,33.9
Pashan AWS,18.5362,73.7928,13-05-2024 17:15,2024-05-13 17:15:00,2024,5,13,17,134,33.9
Pashan AWS,18.5362,73.7928,13-05-2024 17:20,2024-05-13 17:20:00,2024,5,13,17,134,33.8
Pashan AWS,18.5362,73.7928,13-05-2024 17:25,2024-05-13 17:25:00,2024,5,13,17,134,33.6
Pashan AWS,18.5362,73.7928,13-05-2024 17:30,2024-05-13 17:30:00,2024,5,13,17,134,33.6
Pashan AWS,18.5362,73.7928,13-05-2024 17:35,2024-05-13 17:35:00,2024,5,13,17,134,33.4
Pashan AWS,18.5362,73.7928,13-05-2024 17:40,2024-05-13 17:40:00,2024,5,13,17,134,33.2
Pashan AWS,18.5362,73.7928,13-05-2024 17:45,2024-05-13 17:45:00,2024,5,13,17,134,33.1
Pashan AWS,18.5362,73.7928,13-05-2024 17:50,2024-05-13 17:50:00,2024,5,13,17,134,33.1
Pashan AWS,18.5362,73.7928,13-05-2024 17:55,2024-05-13 17:55:00,2024,5,13,17,134,32.8
Pashan AWS,18.5362,73.7928,13-05-2024 18:00,2024-05-13 18:00:00,2024,5,13,18,134,32.9
Pashan AWS,18.5362,73.7928,13-05-2024 18:05,2024-05-13 18:05:00,2024,5,13,18,134,32.5
Pashan AWS,18.5362,73.7928,13-05-2024 18:10,2024-05-13 18:10:00,2024,5,13,18,134,32.4
Pashan AWS,18.5362,73.7928,13-05-2024 18:15,2024-05-13 18:15:00,2024,5,13,18,134,32.3
Pashan AWS,18.5362,73.7928,13-05-2024 18:20,2024-05-13 18:20:00,2024,5,13,18,134,32.1
Pashan AWS,18.5362,73.7928,13-05-2024 18:25,2024-05-13 18:25:00,2024,5,13,18,134,31.9
Pashan AWS,18.5362,73.7928,13-05-2024 18:30,2024-05-13 18:30:00,2024,5,13,18,134,32.1
Pashan AWS,18.5362,73.7928,13-05-2024 18:35,2024-05-13 18:35:00,2024,5,13,18,134,31.9
Pashan AWS,18.5362,73.7928,13-05-2024 18:40,2024-05-13 18:40:00,2024,5,13,18,134,32.2
Pashan AWS,18.5362,73.7928,13-05-2024 18:45,2024-05-13 18:45:00,2024,5,13,18,134,32.1
Pashan AWS,18.5362,73.7928,13-05-2024 18:50,2024-05-13 18:50:00,2024,5,13,18,134,32.0
Pashan AWS,18.5362,73.7928,13-05-2024 18:55,2024-05-13 18:55:00,2024,5,13,18,134,31.9
Pashan AWS,18.5362,73.7928,13-05-2024 19:00,2024-05-13 19:00:00,2024,5,13,19,134,32.2
Pashan AWS,18.5362,73.7928,13-05-2024 19:05,2024-05-13 19:05:00,2024,5,13,19,134,31.9
Pashan AWS,18.5362,73.7928,13-05-2024 19:10,2024-05-13 19:10:00,2024,5,13,19,134,31.6
Pashan AWS,18.5362,73.7928,13-05-2024 19:15,2024-05-13 19:15:00,2024,5,13,19,134,31.3
Pashan AWS,18.5362,73.7928,13-05-2024 19:20,2024-05-13 19:20:00,2024,5,13,19,134,31.2
Pashan AWS,18.5362,73.7928,13-05-2024 19:25,2024-05-13 19:25:00,2024,5,13,19,134,30.8
Pashan AWS,18.5362,73.7928,13-05-2024 19:30,2024-05-13 19:30:00,2024,5,13,19,134,30.7
Pashan AWS,18.5362,73.7928,13-05-2024 19:35,2024-05-13 19:35:00,2024,5,13,19,134,30.8
Pashan AWS,18.5362,73.7928,13-05-2024 19:40,2024-05-13 19:40:00,2024,5,13,19,134,30.7
Pashan AWS,18.5362,73.7928,13-05-2024 19:45,2024-05-13 19:45:00,2024,5,13,19,134,30.5
Pashan AWS,18.5362,73.7928,13-05-2024 19:50,2024-05-13 19:50:00,2024,5,13,19,134,30.3
Pashan AWS,18.5362,73.7928,13-05-2024 19:55,2024-05-13 19:55:00,2024,5,13,19,134,30.3
Pashan AWS,18.5362,73.7928,13-05-2024 20:00,2024-05-13 20:00:00,2024,5,13,20,134,30.0
Pashan AWS,18.5362,73.7928,13-05-2024 20:05,2024-05-13 20:05:00,2024,5,13,20,134,30.2
Pashan AWS,18.5362,73.7928,13-05-2024 20:10,2024-05-13 20:10:00,2024,5,13,20,134,30.3
Pashan AWS,18.5362,73.7928,13-05-2024 20:15,2024-05-13 20:15:00,2024,5,13,20,134,30.2
Pashan AWS,18.5362,73.7928,13-05-2024 20:20,2024-05-13 20:20:00,2024,5,13,20,134,30.0
Pashan AWS,18.5362,73.7928,13-05-2024 20:25,2024-05-13 20:25:00,2024,5,13,20,134,30.0
Pashan AWS,18.5362,73.7928,13-05-2024 20:30,2024-05-13 20:30:00,2024,5,13,20,134,30.0
Pashan AWS,18.5362,73.7928,13-05-2024 20:35,2024-05-13 20:35:00,2024,5,13,20,134,29.7
Pashan AWS,18.5362,73.7928,13-05-2024 20:40,2024-05-13 20:40:00,2024,5,13,20,134,29.4
Pashan AWS,18.5362,73.7928,13-05-2024 20:45,2024-05-13 20:45:00,2024,5,13,20,134,29.0
Pashan AWS,18.5362,73.7928,13-05-2024 20:50,2024-05-13 20:50:00,2024,5,13,20,134,29.0
Pashan AWS,18.5362,73.7928,13-05-2024 20:55,2024-05-13 20:55:00,2024,5,13,20,134,28.9
Pashan AWS,18.5362,73.7928,13-05-2024 21:00,2024-05-13 21:00:00,2024,5,13,21,134,28.5
Pashan AWS,18.5362,73.7928,13-05-2024 21:05,2024-05-13 21:05:00,2024,5,13,21,134,28.3
Pashan AWS,18.5362,73.7928,13-05-2024 21:10,2024-05-13 21:10:00,2024,5,13,21,134,28.0
Pashan AWS,18.5362,73.7928,13-05-2024 21:15,2024-05-13 21:15:00,2024,5,13,21,134,27.7
Pashan AWS,18.5362,73.7928,13-05-2024 21:20,2024-05-13 21:20:00,2024,5,13,21,134,27.6
Pashan AWS,18.5362,73.7928,13-05-2024 21:25,2024-05-13 21:25:00,2024,5,13,21,134,27.4
Pashan AWS,18.5362,73.7928,13-05-2024 21:30,2024-05-13 21:30:00,2024,5,13,21,134,27.2
Pashan AWS,18.5362,73.7928,13-05-2024 21:35,2024-05-13 21:35:00,2024,5,13,21,134,26.9
Pashan AWS,18.5362,73.7928,13-05-2024 21:40,2024-05-13 21:40:00,2024,5,13,21,134,26.8
Pashan AWS,18.5362,73.7928,13-05-2024 21:45,2024-05-13 21:45:00,2024,5,13,21,134,26.6
Pashan AWS,18.5362,73.7928,13-05-2024 21:50,2024-05-13 21:50:00,2024,5,13,21,134,26.4
Pashan AWS,18.5362,73.7928,13-05-2024 21:55,2024-05-13 21:55:00,2024,5,13,21,134,26.3
Pashan AWS,18.5362,73.7928,13-05-2024 22:00,2024-05-13 22:00:00,2024,5,13,22,134,26.2
Pashan AWS,18.5362,73.7928,13-05-2024 22:05,2024-05-13 22:05:00,2024,5,13,22,134,26.0
Pashan AWS,18.5362,73.7928,13-05-2024 22:10,2024-05-13 22:10:00,2024,5,13,22,134,25.6
Pashan AWS,18.5362,73.7928,13-05-2024 22:15,2024-05-13 22:15:00,2024,5,13,22,134,25.8
Pashan AWS,18.5362,73.7928,13-05-2024 22:20,2024-05-13 22:20:00,2024,5,13,22,134,25.6
Pashan AWS,18.5362,73.7928,13-05-2024 22:25,2024-05-13 22:25:00,2024,5,13,22,134,25.5
Pashan AWS,18.5362,73.7928,13-05-2024 22:30,2024-05-13 22:30:00,2024,5,13,22,134,25.6
Pashan AWS,18.5362,73.7928,13-05-2024 22:35,2024-05-13 22:35:00,2024,5,13,22,134,26.0
Pashan AWS,18.5362,73.7928,13-05-2024 22:40,2024-05-13 22:40:00,2024,5,13,22,134,25.7
Pashan AWS,18.5362,73.7928,13-05-2024 22:45,2024-05-13 22:45:00,2024,5,13,22,134,25.6
Pashan AWS,18.5362,73.7928,13-05-2024 22:50,2024-05-13 22:50:00,2024,5,13,22,134,25.4
Pashan AWS,18.5362,73.7928,13-05-2024 22:55,2024-05-13 22:55:00,2024,5,13,22,134,25.2
Pashan AWS,18.5362,73.7928,13-05-2024 23:00,2024-05-13 23:00:00,2024,5,13,23,134,25.0
Pashan AWS,18.5362,73.7928,13-05-2024 23:05,2024-05-13 23:05:00,2024,5,13,23,134,24.7
Pashan AWS,18.5362,73.7928,13-05-2024 23:10,2024-05-13 23:10:00,2024,5,13,23,134,24.6
Pashan AWS,18.5362,73.7928,13-05-2024 23:15,2024-05-13 23:15:00,2024,5,13,23,134,24.3
Pashan AWS,18.5362,73.7928,13-05-2024 23:20,2024-05-13 23:20:00,2024,5,13,23,134,24.3
Pashan AWS,18.5362,73.7928,13-05-2024 23:25,2024-05-13 23:25:00,2024,5,13,23,134,24.3
Pashan AWS,18.5362,73.7928,13-05-2024 23:30,2024-05-13 23:30:00,2024,5,13,23,134,24.2
Pashan AWS,18.5362,73.7928,13-05-2024 23:35,2024-05-13 23:35:00,2024,5,13,23,134,24.1
Pashan AWS,18.5362,73.7928,13-05-2024 23:40,2024-05-13 23:40:00,2024,5,13,23,134,23.9
Pashan AWS,18.5362,73.7928,13-05-2024 23:45,2024-05-13 23:45:00,2024,5,13,23,134,23.9
Pashan AWS,18.5362,73.7928,13-05-2024 23:50,2024-05-13 23:50:00,2024,5,13,23,134,23.7
Pashan AWS,18.5362,73.7928,13-05-2024 23:55,2024-05-13 23:55:00,2024,5,13,23,134,23.5
Pashan AWS,18.5362,73.7928,14-05-2024 00:00,2024-05-14 00:00:00,2024,5,14,0,135,23.4
Pashan AWS,18.5362,73.7928,14-05-2024 00:05,2024-05-14 00:05:00,2024,5,14,0,135,23.2
Pashan AWS,18.5362,73.7928,14-05-2024 00:10,2024-05-14 00:10:00,2024,5,14,0,135,22.8
Pashan AWS,18.5362,73.7928,14-05-2024 00:15,2024-05-14 00:15:00,2024,5,14,0,135,23.0
Pashan AWS,18.5362,73.7928,14-05-2024 00:20,2024-05-14 00:20:00,2024,5,14,0,135,22.8
Pashan AWS,18.5362,73.7928,14-05-2024 00:25,2024-05-14 00:25:00,2024,5,14,0,135,23.0
Pashan AWS,18.5362,73.7928,14-05-2024 00:30,2024-05-14 00:30:00,2024,5,14,0,135,23.1
Pashan AWS,18.5362,73.7928,14-05-2024 00:35,2024-05-14 00:35:00,2024,5,14,0,135,22.8
Pashan AWS,18.5362,73.7928,14-05-2024 00:40,2024-05-14 00:40:00,2024,5,14,0,135,22.6
Pashan AWS,18.5362,73.7928,14-05-2024 00:45,2024-05-14 00:45:00,2024,5,14,0,135,23.0
Pashan AWS,18.5362,73.7928,14-05-2024 00:50,2024-05-14 00:50:00,2024,5,14,0,135,23.2
Pashan AWS,18.5362,73.7928,14-05-2024 00:55,2024-05-14 00:55:00,2024,5,14,0,135,23.2
Pashan AWS,18.5362,73.7928,14-05-2024 01:00,2024-05-14 01:00:00,2024,5,14,1,135,23.1
Pashan AWS,18.5362,73.7928,14-05-2024 01:05,2024-05-14 01:05:00,2024,5,14,1,135,23.0
Pashan AWS,18.5362,73.7928,14-05-2024 01:10,2024-05-14 01:10:00,2024,5,14,1,135,23.0
Pashan AWS,18.5362,73.7928,14-05-2024 01:15,2024-05-14 01:15:00,2024,5,14,1,135,22.9
Pashan AWS,18.5362,73.7928,14-05-2024 01:20,2024-05-14 01:20:00,2024,5,14,1,135,22.5
Pashan AWS,18.5362,73.7928,14-05-2024 01:25,2024-05-14 01:25:00,2024,5,14,1,135,22.3
Pashan AWS,18.5362,73.7928,14-05-2024 01:30,2024-05-14 01:30:00,2024,5,14,1,135,22.3
Pashan AWS,18.5362,73.7928,14-05-2024 01:35,2024-05-14 01:35:00,2024,5,14,1,135,22.1
Pashan AWS,18.5362,73.7928,14-05-2024 01:40,2024-05-14 01:40:00,2024,5,14,1,135,22.1
Pashan AWS,18.5362,73.7928,14-05-2024 01:45,2024-05-14 01:45:00,2024,5,14,1,135,22.0
Pashan AWS,18.5362,73.7928,14-05-2024 01:50,2024-05-14 01:50:00,2024,5,14,1,135,21.9
Pashan AWS,18.5362,73.7928,14-05-2024 01:55,2024-05-14 01:55:00,2024,5,14,1,135,22.0
Pashan AWS,18.5362,73.7928,14-05-2024 02:00,2024-05-14 02:00:00,2024,5,14,2,135,22.1
Pashan AWS,18.5362,73.7928,14-05-2024 02:05,2024-05-14 02:05:00,2024,5,14,2,135,22.1
Pashan AWS,18.5362,73.7928,14-05-2024 02:10,2024-05-14 02:10:00,2024,5,14,2,135,22.3
Pashan AWS,18.5362,73.7928,14-05-2024 02:15,2024-05-14 02:15:00,2024,5,14,2,135,22.4
Pashan AWS,18.5362,73.7928,14-05-2024 02:20,2024-05-14 02:20:00,2024,5,14,2,135,22.6
Pashan AWS,18.5362,73.7928,14-05-2024 02:25,2024-05-14 02:25:00,2024,5,14,2,135,22.5
Pashan AWS,18.5362,73.7928,14-05-2024 02:30,2024-05-14 02:30:00,2024,5,14,2,135,22.5
Pashan AWS,18.5362,73.7928,14-05-2024 02:35,2024-05-14 02:35:00,2024,5,14,2,135,22.3
Pashan AWS,18.5362,73.7928,14-05-2024 02:40,2024-05-14 02:40:00,2024,5,14,2,135,22.3
Pashan AWS,18.5362,73.7928,14-05-2024 02:45,2024-05-14 02:45:00,2024,5,14,2,135,22.5
Pashan AWS,18.5362,73.7928,14-05-2024 02:50,2024-05-14 02:50:00,2024,5,14,2,135,22.7
Pashan AWS,18.5362,73.7928,14-05-2024 02:55,2024-05-14 02:55:00,2024,5,14,2,135,22.9
Pashan AWS,18.5362,73.7928,14-05-2024 03:00,2024-05-14 03:00:00,2024,5,14,3,135,22.6
Pashan AWS,18.5362,73.7928,14-05-2024 03:05,2024-05-14 03:05:00,2024,5,14,3,135,22.8
Pashan AWS,18.5362,73.7928,14-05-2024 03:10,2024-05-14 03:10:00,2024,5,14,3,135,22.6
Pashan AWS,18.5362,73.7928,14-05-2024 03:15,2024-05-14 03:15:00,2024,5,14,3,135,22.8
Pashan AWS,18.5362,73.7928,14-05-2024 03:20,2024-05-14 03:20:00,2024,5,14,3,135,22.8
Pashan AWS,18.5362,73.7928,14-05-2024 03:25,2024-05-14 03:25:00,2024,5,14,3,135,22.9
Pashan AWS,18.5362,73.7928,14-05-2024 03:30,2024-05-14 03:30:00,2024,5,14,3,135,22.8
Pashan AWS,18.5362,73.7928,14-05-2024 03:35,2024-05-14 03:35:00,2024,5,14,3,135,23.0
Pashan AWS,18.5362,73.7928,14-05-2024 03:40,2024-05-14 03:40:00,2024,5,14,3,135,22.8
Pashan AWS,18.5362,73.7928,14-05-2024 03:45,2024-05-14 03:45:00,2024,5,14,3,135,22.8
Pashan AWS,18.5362,73.7928,14-05-2024 03:50,2024-05-14 03:50:00,2024,5,14,3,135,22.7
Pashan AWS,18.5362,73.7928,14-05-2024 03:55,2024-05-14 03:55:00,2024,5,14,3,135,22.6
Pashan AWS,18.5362,73.7928,14-05-2024 04:00,2024-05-14 04:00:00,2024,5,14,4,135,22.7
Pashan AWS,18.5362,73.7928,14-05-2024 04:05,2024-05-14 04:05:00,2024,5,14,4,135,23.1
Pashan AWS,18.5362,73.7928,14-05-2024 04:10,2024-05-14 04:10:00,2024,5,14,4,135,23.5
Pashan AWS,18.5362,73.7928,14-05-2024 04:15,2024-05-14 04:15:00,2024,5,14,4,135,23.6
Pashan AWS,18.5362,73.7928,14-05-2024 04:20,2024-05-14 04:20:00,2024,5,14,4,135,23.9
Pashan AWS,18.5362,73.7928,14-05-2024 04:25,2024-05-14 04:25:00,2024,5,14,4,135,24.0
Pashan AWS,18.5362,73.7928,14-05-2024 04:30,2024-05-14 04:30:00,2024,5,14,4,135,24.1
Pashan AWS,18.5362,73.7928,14-05-2024 04:35,2024-05-14 04:35:00,2024,5,14,4,135,24.1
Pashan AWS,18.5362,73.7928,14-05-2024 04:40,2024-05-14 04:40:00,2024,5,14,4,135,24.3
Pashan AWS,18.5362,73.7928,14-05-2024 04:45,2024-05-14 04:45:00,2024,5,14,4,135,24.4
Pashan AWS,18.5362,73.7928,14-05-2024 04:50,2024-05-14 04:50:00,2024,5,14,4,135,24.4
Pashan AWS,18.5362,73.7928,14-05-2024 04:55,2024-05-14 04:55:00,2024,5,14,4,135,24.5
Pashan AWS,18.5362,73.7928,14-05-2024 05:00,2024-05-14 05:00:00,2024,5,14,5,135,24.6
Pashan AWS,18.5362,73.7928,14-05-2024 05:05,2024-05-14 05:05:00,2024,5,14,5,135,24.8
Pashan AWS,18.5362,73.7928,14-05-2024 05:10,2024-05-14 05:10:00,2024,5,14,5,135,24.7
Pashan AWS,18.5362,73.7928,14-05-2024 05:15,2024-05-14 05:15:00,2024,5,14,5,135,24.8
Pashan AWS,18.5362,73.7928,14-05-2024 05:20,2024-05-14 05:20:00,2024,5,14,5,135,25.2
Pashan AWS,18.5362,73.7928,14-05-2024 05:25,2024-05-14 05:25:00,2024,5,14,5,135,25.5
Pashan AWS,18.5362,73.7928,14-05-2024 05:30,2024-05-14 05:30:00,2024,5,14,5,135,25.8
Pashan AWS,18.5362,73.7928,14-05-2024 05:35,2024-05-14 05:35:00,2024,5,14,5,135,25.8
Pashan AWS,18.5362,73.7928,14-05-2024 05:40,2024-05-14 05:40:00,2024,5,14,5,135,26.0
Pashan AWS,18.5362,73.7928,14-05-2024 05:45,2024-05-14 05:45:00,2024,5,14,5,135,26.2
Pashan AWS,18.5362,73.7928,14-05-2024 05:50,2024-05-14 05:50:00,2024,5,14,5,135,26.5
Pashan AWS,18.5362,73.7928,14-05-2024 05:55,2024-05-14 05:55:00,2024,5,14,5,135,26.3
Pashan AWS,18.5362,73.7928,14-05-2024 06:00,2024-05-14 06:00:00,2024,5,14,6,135,26.2
Pashan AWS,18.5362,73.7928,14-05-2024 06:05,2024-05-14 06:05:00,2024,5,14,6,135,26.5
Pashan AWS,18.5362,73.7928,14-05-2024 06:10,2024-05-14 06:10:00,2024,5,14,6,135,26.6
Pashan AWS,18.5362,73.7928,14-05-2024 06:15,2024-05-14 06:15:00,2024,5,14,6,135,26.6
Pashan AWS,18.5362,73.7928,14-05-2024 06:20,2024-05-14 06:20:00,2024,5,14,6,135,26.5
Pashan AWS,18.5362,73.7928,14-05-2024 06:25,2024-05-14 06:25:00,2024,5,14,6,135,26.6
Pashan AWS,18.5362,73.7928,14-05-2024 06:30,2024-05-14 06:30:00,2024,5,14,6,135,26.5
Pashan AWS,18.5362,73.7928,14-05-2024 06:35,2024-05-14 06:35:00,2024,5,14,6,135,26.9
Pashan AWS,18.5362,73.7928,14-05-2024 06:40,2024-05-14 06:40:00,2024,5,14,6,135,27.1
Pashan AWS,18.5362,73.7928,14-05-2024 06:45,2024-05-14 06:45:00,2024,5,14,6,135,27.2
Pashan AWS,18.5362,73.7928,14-05-2024 06:50,2024-05-14 06:50:00,2024,5,14,6,135,27.4
Pashan AWS,18.5362,73.7928,14-05-2024 06:55,2024-05-14 06:55:00,2024,5,14,6,135,27.7
Pashan AWS,18.5362,73.7928,14-05-2024 07:00,2024-05-14 07:00:00,2024,5,14,7,135,28.0
Pashan AWS,18.5362,73.7928,14-05-2024 07:05,2024-05-14 07:05:00,2024,5,14,7,135,28.3
Pashan AWS,18.5362,73.7928,14-05-2024 07:10,2024-05-14 07:10:00,2024,5,14,7,135,28.3
Pashan AWS,18.5362,73.7928,14-05-2024 07:15,2024-05-14 07:15:00,2024,5,14,7,135,28.4
Pashan AWS,18.5362,73.7928,14-05-2024 07:20,2024-05-14 07:20:00,2024,5,14,7,135,28.6
Pashan AWS,18.5362,73.7928,14-05-2024 07:25,2024-05-14 07:25:00,2024,5,14,7,135,28.7
Pashan AWS,18.5362,73.7928,14-05-2024 07:30,2024-05-14 07:30:00,2024,5,14,7,135,28.8
Pashan AWS,18.5362,73.7928,14-05-2024 07:35,2024-05-14 07:35:00,2024,5,14,7,135,29.0
Pashan AWS,18.5362,73.7928,14-05-2024 07:40,2024-05-14 07:40:00,2024,5,14,7,135,29.3
Pashan AWS,18.5362,73.7928,14-05-2024 07:45,2024-05-14 07:45:00,2024,5,14,7,135,29.1
Pashan AWS,18.5362,73.7928,14-05-2024 07:50,2024-05-14 07:50:00,2024,5,14,7,135,29.4
Pashan AWS,18.5362,73.7928,14-05-2024 07:55,2024-05-14 07:55:00,2024,5,14,7,135,29.5
Pashan AWS,18.5362,73.7928,14-05-2024 08:00,2024-05-14 08:00:00,2024,5,14,8,135,29.7
Pashan AWS,18.5362,73.7928,14-05-2024 08:05,2024-05-14 08:05:00,2024,5,14,8,135,30.0
Pashan AWS,18.5362,73.7928,14-05-2024 08:10,2024-05-14 08:10:00,2024,5,14,8,135,30.4
Pashan AWS,18.5362,73.7928,14-05-2024 08:15,2024-05-14 08:15:00,2024,5,14,8,135,30.7
Pashan AWS,18.5362,73.7928,14-05-2024 08:20,2024-05-14 08:20:00,2024,5,14,8,135,31.0
Pashan AWS,18.5362,73.7928,14-05-2024 08:25,2024-05-14 08:25:00,2024,5,14,8,135,31.3
Pashan AWS,18.5362,73.7928,14-05-2024 08:30,2024-05-14 08:30:00,2024,5,14,8,135,31.5
Pashan AWS,18.5362,73.7928,14-05-2024 08:35,2024-05-14 08:35:00,2024,5,14,8,135,31.6
Pashan AWS,18.5362,73.7928,14-05-2024 08:40,2024-05-14 08:40:00,2024,5,14,8,135,31.8
Pashan AWS,18.5362,73.7928,14-05-2024 08:45,2024-05-14 08:45:00,2024,5,14,8,135,32.0
Pashan AWS,18.5362,73.7928,14-05-2024 08:50,2024-05-14 08:50:00,2024,5,14,8,135,32.1
Pashan AWS,18.5362,73.7928,14-05-2024 08:55,2024-05-14 08:55:00,2024,5,14,8,135,32.3
Pashan AWS,18.5362,73.7928,14-05-2024 09:00,2024-05-14 09:00:00,2024,5,14,9,135,32.4
Pashan AWS,18.5362,73.7928,14-05-2024 09:05,2024-05-14 09:05:00,2024,5,14,9,135,32.3
Pashan AWS,18.5362,73.7928,14-05-2024 09:10,2024-05-14 09:10:00,2024,5,14,9,135,32.6
Pashan AWS,18.5362,73.7928,14-05-2024 09:15,2024-05-14 09:15:00,2024,5,14,9,135,32.8
Pashan AWS,18.5362,73.7928,14-05-2024 09:20,2024-05-14 09:20:00,2024,5,14,9,135,33.2
Pashan AWS,18.5362,73.7928,14-05-2024 09:25,2024-05-14 09:25:00,2024,5,14,9,135,33.0
Pashan AWS,18.5362,73.7928,14-05-2024 09:30,2024-05-14 09:30:00,2024,5,14,9,135,33.1
Pashan AWS,18.5362,73.7928,14-05-2024 09:35,2024-05-14 09:35:00,2024,5,14,9,135,33.2
Pashan AWS,18.5362,73.7928,14-05-2024 09:40,2024-05-14 09:40:00,2024,5,14,9,135,33.5
Pashan AWS,18.5362,73.7928,14-05-2024 09:45,2024-05-14 09:45:00,2024,5,14,9,135,33.6
Pashan AWS,18.5362,73.7928,14-05-2024 09:50,2024-05-14 09:50:00,2024,5,14,9,135,33.8
Pashan AWS,18.5362,73.7928,14-05-2024 09:55,2024-05-14 09:55:00,2024,5,14,9,135,33.7
Pashan AWS,18.5362,73.7928,14-05-2024 10:00,2024-05-14 10:00:00,2024,5,14,10,135,33.7
Pashan AWS,18.5362,73.7928,14-05-2024 10:05,2024-05-14 10:05:00,2024,5,14,10,135,33.8
Pashan AWS,18.5362,73.7928,14-05-2024 10:10,2024-05-14 10:10:00,2024,5,14,10,135,33.8
Pashan AWS,18.5362,73.7928,14-05-2024 10:15,2024-05-14 10:15:00,2024,5,14,10,135,33.8
Pashan AWS,18.5362,73.7928,14-05-2024 10:20,2024-05-14 10:20:00,2024,5,14,10,135,34.0
Pashan AWS,18.5362,73.7928,14-05-2024 10:25,2024-05-14 10:25:00,2024,5,14,10,135,34.0
Pashan AWS,18.5362,73.7928,14-05-2024 10:30,2024-05-14 10:30:00,2024,5,14,10,135,34.4
Pashan AWS,18.5362,73.7928,14-05-2024 10:35,2024-05-14 10:35:00,2024,5,14,10,135,34.7
Pashan AWS,18.5362,73.7928,14-05-2024 10:40,2024-05-14 10:40:00,2024,5,14,10,135,34.6
Pashan AWS,18.5362,73.7928,14-05-2024 10:45,2024-05-14 10:45:00,2024,5,14,10,135,34.5
Pashan AWS,18.5362,73.7928,14-05-2024 10:50,2024-05-14 10:50:00,2024,5,14,10,135,34.3
Pashan AWS,18.5362,73.7928,14-05-2024 10:55,2024-05-14 10:55:00,2024,5,14,10,135,34.4
Pashan AWS,18.5362,73.7928,14-05-2024 11:00,2024-05-14 11:00:00,2024,5,14,11,135,34.6
Pashan AWS,18.5362,73.7928,14-05-2024 11:05,2024-05-14 11:05:00,2024,5,14,11,135,34.7
Pashan AWS,18.5362,73.7928,14-05-2024 11:10,2024-05-14 11:10:00,2024,5,14,11,135,34.9
Pashan AWS,18.5362,73.7928,14-05-2024 11:15,2024-05-14 11:15:00,2024,5,14,11,135,34.8
Pashan AWS,18.5362,73.7928,14-05-2024 11:20,2024-05-14 11:20:00,2024,5,14,11,135,35.1
Pashan AWS,18.5362,73.7928,14-05-2024 11:25,2024-05-14 11:25:00,2024,5,14,11,135,35.1
Pashan AWS,18.5362,73.7928,14-05-2024 11:30,2024-05-14 11:30:00,2024,5,14,11,135,35.3
Pashan AWS,18.5362,73.7928,14-05-2024 11:35,2024-05-14 11:35:00,2024,5,14,11,135,35.4
Pashan AWS,18.5362,73.7928,14-05-2024 11:40,2024-05-14 11:40:00,2024,5,14,11,135,35.3
Pashan AWS,18.5362,73.7928,14-05-2024 11:45,2024-05-14 11:45:00,2024,5,14,11,135,35.3
Pashan AWS,18.5362,73.7928,14-05-2024 11:50,2024-05-14 11:50:00,2024,5,14,11,135,35.6
Pashan AWS,18.5362,73.7928,14-05-2024 11:55,2024-05-14 11:55:00,2024,5,14,11,135,35.8
Pashan AWS,18.5362,73.7928,14-05-2024 12:00,2024-05-14 12:00:00,2024,5,14,12,135,36.0
Pashan AWS,18.5362,73.7928,14-05-2024 12:05,2024-05-14 12:05:00,2024,5,14,12,135,36.2
Pashan AWS,18.5362,73.7928,14-05-2024 12:10,2024-05-14 12:10:00,2024,5,14,12,135,36.3
Pashan AWS,18.5362,73.7928,14-05-2024 12:15,2024-05-14 12:15:00,2024,5,14,12,135,36.2
Pashan AWS,18.5362,73.7928,14-05-2024 12:20,2024-05-14 12:20:00,2024,5,14,12,135,36.2
Pashan AWS,18.5362,73.7928,14-05-2024 12:25,2024-05-14 12:25:00,2024,5,14,12,135,36.4
Pashan AWS,18.5362,73.7928,14-05-2024 12:30,2024-05-14 12:30:00,2024,5,14,12,135,36.8
Pashan AWS,18.5362,73.7928,14-05-2024 12:35,2024-05-14 12:35:00,2024,5,14,12,135,36.9
Pashan AWS,18.5362,73.7928,14-05-2024 12:40,2024-05-14 12:40:00,2024,5,14,12,135,37.3
Pashan AWS,18.5362,73.7928,14-05-2024 12:45,2024-05-14 12:45:00,2024,5,14,12,135,37.4
Pashan AWS,18.5362,73.7928,14-05-2024 12:50,2024-05-14 12:50:00,2024,5,14,12,135,37.4
Pashan AWS,18.5362,73.7928,14-05-2024 12:55,2024-05-14 12:55:00,2024,5,14,12,135,37.4
Pashan AWS,18.5362,73.7928,14-05-2024 13:00,2024-05-14 13:00:00,2024,5,14,13,135,37.5
Pashan AWS,18.5362,73.7928,14-05-2024 13:05,2024-05-14 13:05:00,2024,5,14,13,135,37.4
Pashan AWS,18.5362,73.7928,14-05-2024 13:10,2024-05-14 13:10:00,2024,5,14,13,135,37.4
Pashan AWS,18.5362,73.7928,14-05-2024 13:15,2024-05-14 13:15:00,2024,5,14,13,135,37.5
Pashan AWS,18.5362,73.7928,14-05-2024 13:20,2024-05-14 13:20:00,2024,5,14,13,135,37.8
Pashan AWS,18.5362,73.7928,14-05-2024 13:25,2024-05-14 13:25:00,2024,5,14,13,135,37.5
Pashan AWS,18.5362,73.7928,14-05-2024 13:30,2024-05-14 13:30:00,2024,5,14,13,135,37.7
Pashan AWS,18.5362,73.7928,14-05-2024 13:35,2024-05-14 13:35:00,2024,5,14,13,135,37.6
Pashan AWS,18.5362,73.7928,14-05-2024 13:40,2024-05-14 13:40:00,2024,5,14,13,135,37.5
Pashan AWS,18.5362,73.7928,14-05-2024 13:45,2024-05-14 13:45:00,2024,5,14,13,135,37.7
Pashan AWS,18.5362,73.7928,14-05-2024 13:50,2024-05-14 13:50:00,2024,5,14,13,135,37.9
Pashan AWS,18.5362,73.7928,14-05-2024 13:55,2024-05-14 13:55:00,2024,5,14,13,135,38.1
Pashan AWS,18.5362,73.7928,14-05-2024 14:00,2024-05-14 14:00:00,2024,5,14,14,135,38.2
Pashan AWS,18.5362,73.7928,14-05-2024 14:05,2024-05-14 14:05:00,2024,5,14,14,135,38.5
Pashan AWS,18.5362,73.7928,14-05-2024 14:10,2024-05-14 14:10:00,2024,5,14,14,135,38.6
Pashan AWS,18.5362,73.7928,14-05-2024 14:15,2024-05-14 14:15:00,2024,5,14,14,135,38.6
Pashan AWS,18.5362,73.7928,14-05-2024 14:20,2024-05-14 14:20:00,2024,5,14,14,135,38.6
Pashan AWS,18.5362,73.7928,14-05-2024 14:25,2024-05-14 14:25:00,2024,5,14,14,135,38.8
Pashan AWS,18.5362,73.7928,14-05-2024 14:30,2024-05-14 14:30:00,2024,5,14,14,135,38.6
Pashan AWS,18.5362,73.7928,14-05-2024 14:35,2024-05-14 14:35:00,2024,5,14,14,135,38.5
Pashan AWS,18.5362,73.7928,14-05-2024 14:40,2024-05-14 14:40:00,2024,5,14,14,135,38.4
Pashan AWS,18.5362,73.7928,14-05-2024 14:45,2024-05-14 14:45:00,2024,5,14,14,135,38.1
Pashan AWS,18.5362,73.7928,14-05-2024 14:50,2024-05-14 14:50:00,2024,5,14,14,135,38.1
Pashan AWS,18.5362,73.7928,14-05-2024 14:55,2024-05-14 14:55:00,2024,5,14,14,135,37.8
Pashan AWS,18.5362,73.7928,14-05-2024 15:00,2024-05-14 15:00:00,2024,5,14,15,135,37.8
Pashan AWS,18.5362,73.7928,14-05-2024 15:05,2024-05-14 15:05:00,2024,5,14,15,135,38.0
Pashan AWS,18.5362,73.7928,14-05-2024 15:10,2024-05-14 15:10:00,2024,5,14,15,135,37.9
Pashan AWS,18.5362,73.7928,14-05-2024 15:15,2024-05-14 15:15:00,2024,5,14,15,135,38.1
Pashan AWS,18.5362,73.7928,14-05-2024 15:20,2024-05-14 15:20:00,2024,5,14,15,135,37.9
Pashan AWS,18.5362,73.7928,14-05-2024 15:25,2024-05-14 15:25:00,2024,5,14,15,135,38.0
Pashan AWS,18.5362,73.7928,14-05-2024 15:30,2024-05-14 15:30:00,2024,5,14,15,135,38.1
Pashan AWS,18.5362,73.7928,14-05-2024 15:35,2024-05-14 15:35:00,2024,5,14,15,135,37.8
Pashan AWS,18.5362,73.7928,14-05-2024 15:40,2024-05-14 15:40:00,2024,5,14,15,135,38.1
Pashan AWS,18.5362,73.7928,14-05-2024 15:45,2024-05-14 15:45:00,2024,5,14,15,135,38.1
Pashan AWS,18.5362,73.7928,14-05-2024 15:50,2024-05-14 15:50:00,2024,5,14,15,135,37.9
Pashan AWS,18.5362,73.7928,14-05-2024 15:55,2024-05-14 15:55:00,2024,5,14,15,135,37.6
Pashan AWS,18.5362,73.7928,14-05-2024 16:00,2024-05-14 16:00:00,2024,5,14,16,135,37.5
Pashan AWS,18.5362,73.7928,14-05-2024 16:05,2024-05-14 16:05:00,2024,5,14,16,135,37.5
Pashan AWS,18.5362,73.7928,14-05-2024 16:10,2024-05-14 16:10:00,2024,5,14,16,135,37.4
Pashan AWS,18.5362,73.7928,14-05-2024 16:15,2024-05-14 16:15:00,2024,5,14,16,135,37.3
Pashan AWS,18.5362,73.7928,14-05-2024 16:20,2024-05-14 16:20:00,2024,5,14,16,135,37.4
Pashan AWS,18.5362,73.7928,14-05-2024 16:25,2024-05-14 16:25:00,2024,5,14,16,135,37.3
Pashan AWS,18.5362,73.7928,14-05-2024 16:30,2024-05-14 16:30:00,2024,5,14,16,135,36.9
Pashan AWS,18.5362,73.7928,14-05-2024 16:35,2024-05-14 16:35:00,2024,5,14,16,135,36.8
Pashan AWS,18.5362,73.7928,14-05-2024 16:40,2024-05-14 16:40:00,2024,5,14,16,135,36.4
Pashan AWS,18.5362,73.7928,14-05-2024 16:45,2024-05-14 16:45:00,2024,5,14,16,135,36.4
Pashan AWS,18.5362,73.7928,14-05-2024 16:50,2024-05-14 16:50:00,2024,5,14,16,135,36.2
Pashan AWS,18.5362,73.7928,14-05-2024 16:55,2024-05-14 16:55:00,2024,5,14,16,135,36.2
Pashan AWS,18.5362,73.7928,14-05-2024 17:00,2024-05-14 17:00:00,2024,5,14,17,135,36.4
Pashan AWS,18.5362,73.7928,14-05-2024 17:05,2024-05-14 17:05:00,2024,5,14,17,135,36.2
Pashan AWS,18.5362,73.7928,14-05-2024 17:10,2024-05-14 17:10:00,2024,5,14,17,135,36.3
Pashan AWS,18.5362,73.7928,14-05-2024 17:15,2024-05-14 17:15:00,2024,5,14,17,135,36.1
Pashan AWS,18.5362,73.7928,14-05-2024 17:20,2024-05-14 17:20:00,2024,5,14,17,135,36.3
Pashan AWS,18.5362,73.7928,14-05-2024 17:25,2024-05-14 17:25:00,2024,5,14,17,135,36.2
Pashan AWS,18.5362,73.7928,14-05-2024 17:30,2024-05-14 17:30:00,2024,5,14,17,135,36.0
Pashan AWS,18.5362,73.7928,14-05-2024 17:35,2024-05-14 17:35:00,2024,5,14,17,135,36.0
Pashan AWS,18.5362,73.7928,14-05-2024 17:40,2024-05-14 17:40:00,2024,5,14,17,135,35.8
Pashan AWS,18.5362,73.7928,14-05-2024 17:45,2024-05-14 17:45:00,2024,5,14,17,135,35.6
Pashan AWS,18.5362,73.7928,14-05-2024 17:50,2024-05-14 17:50:00,2024,5,14,17,135,35.4
Pashan AWS,18.5362,73.7928,14-05-2024 17:55,2024-05-14 17:55:00,2024,5,14,17,135,35.3
Pashan AWS,18.5362,73.7928,14-05-2024 18:00,2024-05-14 18:00:00,2024,5,14,18,135,35.4
Pashan AWS,18.5362,73.7928,14-05-2024 18:05,2024-05-14 18:05:00,2024,5,14,18,135,35.1
Pashan AWS,18.5362,73.7928,14-05-2024 18:10,2024-05-14 18:10:00,2024,5,14,18,135,35.0
Pashan AWS,18.5362,73.7928,14-05-2024 18:15,2024-05-14 18:15:00,2024,5,14,18,135,35.0
Pashan AWS,18.5362,73.7928,14-05-2024 18:20,2024-05-14 18:20:00,2024,5,14,18,135,34.9
Pashan AWS,18.5362,73.7928,14-05-2024 18:25,2024-05-14 18:25:00,2024,5,14,18,135,35.0
Pashan AWS,18.5362,73.7928,14-05-2024 18:30,2024-05-14 18:30:00,2024,5,14,18,135,34.8
Pashan AWS,18.5362,73.7928,14-05-2024 18:35,2024-05-14 18:35:00,2024,5,14,18,135,34.7
Pashan AWS,18.5362,73.7928,14-05-2024 18:40,2024-05-14 18:40:00,2024,5,14,18,135,34.7
Pashan AWS,18.5362,73.7928,14-05-2024 18:45,2024-05-14 18:45:00,2024,5,14,18,135,34.5
Pashan AWS,18.5362,73.7928,14-05-2024 18:50,2024-05-14 18:50:00,2024,5,14,18,135,34.4
Pashan AWS,18.5362,73.7928,14-05-2024 18:55,2024-05-14 18:55:00,2024,5,14,18,135,34.3
Pashan AWS,18.5362,73.7928,14-05-2024 19:00,2024-05-14 19:00:00,2024,5,14,19,135,34.1
Pashan AWS,18.5362,73.7928,14-05-2024 19:05,2024-05-14 19:05:00,2024,5,14,19,135,33.8
Pashan AWS,18.5362,73.7928,14-05-2024 19:10,2024-05-14 19:10:00,2024,5,14,19,135,33.6
Pashan AWS,18.5362,73.7928,14-05-2024 19:15,2024-05-14 19:15:00,2024,5,14,19,135,33.7
Pashan AWS,18.5362,73.7928,14-05-2024 19:20,2024-05-14 19:20:00,2024,5,14,19,135,33.1
Pashan AWS,18.5362,73.7928,14-05-2024 19:25,2024-05-14 19:25:00,2024,5,14,19,135,33.0
Pashan AWS,18.5362,73.7928,14-05-2024 19:30,2024-05-14 19:30:00,2024,5,14,19,135,32.9
Pashan AWS,18.5362,73.7928,14-05-2024 19:35,2024-05-14 19:35:00,2024,5,14,19,135,32.6
Pashan AWS,18.5362,73.7928,14-05-2024 19:40,2024-05-14 19:40:00,2024,5,14,19,135,32.5
Pashan AWS,18.5362,73.7928,14-05-2024 19:45,2024-05-14 19:45:00,2024,5,14,19,135,32.5
Pashan AWS,18.5362,73.7928,14-05-2024 19:50,2024-05-14 19:50:00,2024,5,14,19,135,32.4
Pashan AWS,18.5362,73.7928,14-05-2024 19:55,2024-05-14 19:55:00,2024,5,14,19,135,31.9
Pashan AWS,18.5362,73.7928,14-05-2024 20:00,2024-05-14 20:00:00,2024,5,14,20,135,32.0
Pashan AWS,18.5362,73.7928,14-05-2024 20:05,2024-05-14 20:05:00,2024,5,14,20,135,31.8
Pashan AWS,18.5362,73.7928,14-05-2024 20:10,2024-05-14 20:10:00,2024,5,14,20,135,31.7
Pashan AWS,18.5362,73.7928,14-05-2024 20:15,2024-05-14 20:15:00,2024,5,14,20,135,31.7
Pashan AWS,18.5362,73.7928,14-05-2024 20:20,2024-05-14 20:20:00,2024,5,14,20,135,31.5
Pashan AWS,18.5362,73.7928,14-05-2024 20:25,2024-05-14 20:25:00,2024,5,14,20,135,31.4
Pashan AWS,18.5362,73.7928,14-05-2024 20:30,2024-05-14 20:30:00,2024,5,14,20,135,31.3
Pashan AWS,18.5362,73.7928,14-05-2024 20:35,2024-05-14 20:35:00,2024,5,14,20,135,30.8
Pashan AWS,18.5362,73.7928,14-05-2024 20:40,2024-05-14 20:40:00,2024,5,14,20,135,30.9
Pashan AWS,18.5362,73.7928,14-05-2024 20:45,2024-05-14 20:45:00,2024,5,14,20,135,30.6
Pashan AWS,18.5362,73.7928,14-05-2024 20:50,2024-05-14 20:50:00,2024,5,14,20,135,30.4
Pashan AWS,18.5362,73.7928,14-05-2024 20:55,2024-05-14 20:55:00,2024,5,14,20,135,30.2
Pashan AWS,18.5362,73.7928,14-05-2024 21:00,2024-05-14 21:00:00,2024,5,14,21,135,30.1
Pashan AWS,18.5362,73.7928,14-05-2024 21:05,2024-05-14 21:05:00,2024,5,14,21,135,30.0
Pashan AWS,18.5362,73.7928,14-05-2024 21:10,2024-05-14 21:10:00,2024,5,14,21,135,30.0
Pashan AWS,18.5362,73.7928,14-05-2024 21:15,2024-05-14 21:15:00,2024,5,14,21,135,29.7
Pashan AWS,18.5362,73.7928,14-05-2024 21:20,2024-05-14 21:20:00,2024,5,14,21,135,29.4
Pashan AWS,18.5362,73.7928,14-05-2024 21:25,2024-05-14 21:25:00,2024,5,14,21,135,29.3
Pashan AWS,18.5362,73.7928,14-05-2024 21:30,2024-05-14 21:30:00,2024,5,14,21,135,29.5
Pashan AWS,18.5362,73.7928,14-05-2024 21:35,2024-05-14 21:35:00,2024,5,14,21,135,29.4
Pashan AWS,18.5362,73.7928,14-05-2024 21:40,2024-05-14 21:40:00,2024,5,14,21,135,29.4
Pashan AWS,18.5362,73.7928,14-05-2024 21:45,2024-05-14 21:45:00,2024,5,14,21,135,29.3
Pashan AWS,18.5362,73.7928,14-05-2024 21:50,2024-05-14 21:50:00,2024,5,14,21,135,29.1
Pashan AWS,18.5362,73.7928,14-05-2024 21:55,2024-05-14 21:55:00,2024,5,14,21,135,28.9
Pashan AWS,18.5362,73.7928,14-05-2024 22:00,2024-05-14 22:00:00,2024,5,14,22,135,28.8
Pashan AWS,18.5362,73.7928,14-05-2024 22:05,2024-05-14 22:05:00,2024,5,14,22,135,28.7
Pashan AWS,18.5362,73.7928,14-05-2024 22:10,2024-05-14 22:10:00,2024,5,14,22,135,28.8
Pashan AWS,18.5362,73.7928,14-05-2024 22:15,2024-05-14 22:15:00,2024,5,14,22,135,28.7
Pashan AWS,18.5362,73.7928,14-05-2024 22:20,2024-05-14 22:20:00,2024,5,14,22,135,28.8
Pashan AWS,18.5362,73.7928,14-05-2024 22:25,2024-05-14 22:25:00,2024,5,14,22,135,28.5
Pashan AWS,18.5362,73.7928,14-05-2024 22:30,2024-05-14 22:30:00,2024,5,14,22,135,28.3
Pashan AWS,18.5362,73.7928,14-05-2024 22:35,2024-05-14 22:35:00,2024,5,14,22,135,28.1
Pashan AWS,18.5362,73.7928,14-05-2024 22:40,2024-05-14 22:40:00,2024,5,14,22,135,28.0
Pashan AWS,18.5362,73.7928,14-05-2024 22:45,2024-05-14 22:45:00,2024,5,14,22,135,27.8
Pashan AWS,18.5362,73.7928,14-05-2024 22:50,2024-05-14 22:50:00,2024,5,14,22,135,27.8
Pashan AWS,18.5362,73.7928,14-05-2024 22:55,2024-05-14 22:55:00,2024,5,14,22,135,27.6
Pashan AWS,18.5362,73.7928,14-05-2024 23:00,2024-05-14 23:00:00,2024,5,14,23,135,27.5
Pashan AWS,18.5362,73.7928,14-05-2024 23:05,2024-05-14 23:05:00,2024,5,14,23,135,27.4
Pashan AWS,18.5362,73.7928,14-05-2024 23:10,2024-05-14 23:10:00,2024,5,14,23,135,27.0
Pashan AWS,18.5362,73.7928,14-05-2024 23:15,2024-05-14 23:15:00,2024,5,14,23,135,27.2
Pashan AWS,18.5362,73.7928,14-05-2024 23:20,2024-05-14 23:20:00,2024,5,14,23,135,27.1
Pashan AWS,18.5362,73.7928,14-05-2024 23:25,2024-05-14 23:25:00,2024,5,14,23,135,26.7
Pashan AWS,18.5362,73.7928,14-05-2024 23:30,2024-05-14 23:30:00,2024,5,14,23,135,26.6
Pashan AWS,18.5362,73.7928,14-05-2024 23:35,2024-05-14 23:35:00,2024,5,14,23,135,26.5
Pashan AWS,18.5362,73.7928,14-05-2024 23:40,2024-05-14 23:40:00,2024,5,14,23,135,26.4
Pashan AWS,18.5362,73.7928,14-05-2024 23:45,2024-05-14 23:45:00,2024,5,14,23,135,26.5
Pashan AWS,18.5362,73.7928,14-05-2024 23:50,2024-05-14 23:50:00,2024,5,14,23,135,26.5
Pashan AWS,18.5362,73.7928,14-05-2024 23:55,2024-05-14 23:55:00,2024,5,14,23,135,26.5
Pashan AWS,18.5362,73.7928,15-05-2024 00:00,2024-05-15 00:00:00,2024,5,15,0,136,26.5
Pashan AWS,18.5362,73.7928,15-05-2024 00:05,2024-05-15 00:05:00,2024,5,15,0,136,26.3
Pashan AWS,18.5362,73.7928,15-05-2024 00:10,2024-05-15 00:10:00,2024,5,15,0,136,26.5
Pashan AWS,18.5362,73.7928,15-05-2024 00:15,2024-05-15 00:15:00,2024,5,15,0,136,26.2
Pashan AWS,18.5362,73.7928,15-05-2024 00:20,2024-05-15 00:20:00,2024,5,15,0,136,26.1
Pashan AWS,18.5362,73.7928,15-05-2024 00:25,2024-05-15 00:25:00,2024,5,15,0,136,26.1
Pashan AWS,18.5362,73.7928,15-05-2024 00:30,2024-05-15 00:30:00,2024,5,15,0,136,26.1
Pashan AWS,18.5362,73.7928,15-05-2024 00:35,2024-05-15 00:35:00,2024,5,15,0,136,25.9
Pashan AWS,18.5362,73.7928,15-05-2024 00:40,2024-05-15 00:40:00,2024,5,15,0,136,25.6
Pashan AWS,18.5362,73.7928,15-05-2024 00:45,2024-05-15 00:45:00,2024,5,15,0,136,25.5
Pashan AWS,18.5362,73.7928,15-05-2024 00:50,2024-05-15 00:50:00,2024,5,15,0,136,25.5
Pashan AWS,18.5362,73.7928,15-05-2024 00:55,2024-05-15 00:55:00,2024,5,15,0,136,25.7
Pashan AWS,18.5362,73.7928,15-05-2024 01:00,2024-05-15 01:00:00,2024,5,15,1,136,25.4
Pashan AWS,18.5362,73.7928,15-05-2024 01:05,2024-05-15 01:05:00,2024,5,15,1,136,25.6
Pashan AWS,18.5362,73.7928,15-05-2024 01:10,2024-05-15 01:10:00,2024,5,15,1,136,25.9
Pashan AWS,18.5362,73.7928,15-05-2024 01:15,2024-05-15 01:15:00,2024,5,15,1,136,25.7
Pashan AWS,18.5362,73.7928,15-05-2024 01:20,2024-05-15 01:20:00,2024,5,15,1,136,25.5
Pashan AWS,18.5362,73.7928,15-05-2024 01:25,2024-05-15 01:25:00,2024,5,15,1,136,25.4
Pashan AWS,18.5362,73.7928,15-05-2024 01:30,2024-05-15 01:30:00,2024,5,15,1,136,25.3
Pashan AWS,18.5362,73.7928,15-05-2024 01:35,2024-05-15 01:35:00,2024,5,15,1,136,25.4
Pashan AWS,18.5362,73.7928,15-05-2024 01:40,2024-05-15 01:40:00,2024,5,15,1,136,25.2
Pashan AWS,18.5362,73.7928,15-05-2024 01:45,2024-05-15 01:45:00,2024,5,15,1,136,25.4
Pashan AWS,18.5362,73.7928,15-05-2024 01:50,2024-05-15 01:50:00,2024,5,15,1,136,25.2
Pashan AWS,18.5362,73.7928,15-05-2024 01:55,2024-05-15 01:55:00,2024,5,15,1,136,25.0
Pashan AWS,18.5362,73.7928,15-05-2024 02:00,2024-05-15 02:00:00,2024,5,15,2,136,25.1
Pashan AWS,18.5362,73.7928,15-05-2024 02:05,2024-05-15 02:05:00,2024,5,15,2,136,24.7
Pashan AWS,18.5362,73.7928,15-05-2024 02:10,2024-05-15 02:10:00,2024,5,15,2,136,24.7
Pashan AWS,18.5362,73.7928,15-05-2024 02:15,2024-05-15 02:15:00,2024,5,15,2,136,25.2
Pashan AWS,18.5362,73.7928,15-05-2024 02:20,2024-05-15 02:20:00,2024,5,15,2,136,25.2
Pashan AWS,18.5362,73.7928,15-05-2024 02:25,2024-05-15 02:25:00,2024,5,15,2,136,25.0
Pashan AWS,18.5362,73.7928,15-05-2024 02:30,2024-05-15 02:30:00,2024,5,15,2,136,25.0
Pashan AWS,18.5362,73.7928,15-05-2024 02:35,2024-05-15 02:35:00,2024,5,15,2,136,25.0
Pashan AWS,18.5362,73.7928,15-05-2024 02:40,2024-05-15 02:40:00,2024,5,15,2,136,25.0
Pashan AWS,18.5362,73.7928,15-05-2024 02:45,2024-05-15 02:45:00,2024,5,15,2,136,25.1
Pashan AWS,18.5362,73.7928,15-05-2024 02:50,2024-05-15 02:50:00,2024,5,15,2,136,25.0
Pashan AWS,18.5362,73.7928,15-05-2024 02:55,2024-05-15 02:55:00,2024,5,15,2,136,25.3
Pashan AWS,18.5362,73.7928,15-05-2024 03:00,2024-05-15 03:00:00,2024,5,15,3,136,25.3
Pashan AWS,18.5362,73.7928,15-05-2024 03:05,2024-05-15 03:05:00,2024,5,15,3,136,25.5
Pashan AWS,18.5362,73.7928,15-05-2024 03:10,2024-05-15 03:10:00,2024,5,15,3,136,25.4
Pashan AWS,18.5362,73.7928,15-05-2024 03:15,2024-05-15 03:15:00,2024,5,15,3,136,25.6
Pashan AWS,18.5362,73.7928,15-05-2024 03:20,2024-05-15 03:20:00,2024,5,15,3,136,25.6
Pashan AWS,18.5362,73.7928,15-05-2024 03:25,2024-05-15 03:25:00,2024,5,15,3,136,25.6
Pashan AWS,18.5362,73.7928,15-05-2024 03:30,2024-05-15 03:30:00,2024,5,15,3,136,25.5
Pashan AWS,18.5362,73.7928,15-05-2024 03:35,2024-05-15 03:35:00,2024,5,15,3,136,25.4
Pashan AWS,18.5362,73.7928,15-05-2024 03:40,2024-05-15 03:40:00,2024,5,15,3,136,25.5
Pashan AWS,18.5362,73.7928,15-05-2024 03:45,2024-05-15 03:45:00,2024,5,15,3,136,25.5
Pashan AWS,18.5362,73.7928,15-05-2024 03:50,2024-05-15 03:50:00,2024,5,15,3,136,25.4
Pashan AWS,18.5362,73.7928,15-05-2024 03:55,2024-05-15 03:55:00,2024,5,15,3,136,25.4
Pashan AWS,18.5362,73.7928,15-05-2024 04:00,2024-05-15 04:00:00,2024,5,15,4,136,25.6
Pashan AWS,18.5362,73.7928,15-05-2024 04:05,2024-05-15 04:05:00,2024,5,15,4,136,25.6
Pashan AWS,18.5362,73.7928,15-05-2024 04:10,2024-05-15 04:10:00,2024,5,15,4,136,25.6
Pashan AWS,18.5362,73.7928,15-05-2024 04:15,2024-05-15 04:15:00,2024,5,15,4,136,25.7
Pashan AWS,18.5362,73.7928,15-05-2024 04:20,2024-05-15 04:20:00,2024,5,15,4,136,25.5
Pashan AWS,18.5362,73.7928,15-05-2024 04:25,2024-05-15 04:25:00,2024,5,15,4,136,25.4
Pashan AWS,18.5362,73.7928,15-05-2024 04:30,2024-05-15 04:30:00,2024,5,15,4,136,25.5
Pashan AWS,18.5362,73.7928,15-05-2024 04:35,2024-05-15 04:35:00,2024,5,15,4,136,25.5
Pashan AWS,18.5362,73.7928,15-05-2024 04:40,2024-05-15 04:40:00,2024,5,15,4,136,25.8
Pashan AWS,18.5362,73.7928,15-05-2024 04:45,2024-05-15 04:45:00,2024,5,15,4,136,26.0
Pashan AWS,18.5362,73.7928,15-05-2024 04:50,2024-05-15 04:50:00,2024,5,15,4,136,26.2
Pashan AWS,18.5362,73.7928,15-05-2024 04:55,2024-05-15 04:55:00,2024,5,15,4,136,26.6
Pashan AWS,18.5362,73.7928,15-05-2024 05:00,2024-05-15 05:00:00,2024,5,15,5,136,26.7
Pashan AWS,18.5362,73.7928,15-05-2024 05:05,2024-05-15 05:05:00,2024,5,15,5,136,26.9
Pashan AWS,18.5362,73.7928,15-05-2024 05:10,2024-05-15 05:10:00,2024,5,15,5,136,26.9
Pashan AWS,18.5362,73.7928,15-05-2024 05:15,2024-05-15 05:15:00,2024,5,15,5,136,27.4
Pashan AWS,18.5362,73.7928,15-05-2024 05:20,2024-05-15 05:20:00,2024,5,15,5,136,27.7
Pashan AWS,18.5362,73.7928,15-05-2024 05:25,2024-05-15 05:25:00,2024,5,15,5,136,27.8
Pashan AWS,18.5362,73.7928,15-05-2024 05:30,2024-05-15 05:30:00,2024,5,15,5,136,27.9
Pashan AWS,18.5362,73.7928,15-05-2024 05:35,2024-05-15 05:35:00,2024,5,15,5,136,28.2
Pashan AWS,18.5362,73.7928,15-05-2024 05:40,2024-05-15 05:40:00,2024,5,15,5,136,28.3
Pashan AWS,18.5362,73.7928,15-05-2024 05:45,2024-05-15 05:45:00,2024,5,15,5,136,28.2
Pashan AWS,18.5362,73.7928,15-05-2024 05:50,2024-05-15 05:50:00,2024,5,15,5,136,28.4
Pashan AWS,18.5362,73.7928,15-05-2024 05:55,2024-05-15 05:55:00,2024,5,15,5,136,28.5
Pashan AWS,18.5362,73.7928,15-05-2024 06:00,2024-05-15 06:00:00,2024,5,15,6,136,28.7
Pashan AWS,18.5362,73.7928,15-05-2024 06:05,2024-05-15 06:05:00,2024,5,15,6,136,28.6
Pashan AWS,18.5362,73.7928,15-05-2024 06:10,2024-05-15 06:10:00,2024,5,15,6,136,28.5
Pashan AWS,18.5362,73.7928,15-05-2024 06:15,2024-05-15 06:15:00,2024,5,15,6,136,28.6
Pashan AWS,18.5362,73.7928,15-05-2024 06:20,2024-05-15 06:20:00,2024,5,15,6,136,28.9
Pashan AWS,18.5362,73.7928,15-05-2024 06:25,2024-05-15 06:25:00,2024,5,15,6,136,28.9
Pashan AWS,18.5362,73.7928,15-05-2024 06:30,2024-05-15 06:30:00,2024,5,15,6,136,29.3
Pashan AWS,18.5362,73.7928,15-05-2024 06:35,2024-05-15 06:35:00,2024,5,15,6,136,29.3
Pashan AWS,18.5362,73.7928,15-05-2024 06:40,2024-05-15 06:40:00,2024,5,15,6,136,29.2
Pashan AWS,18.5362,73.7928,15-05-2024 06:45,2024-05-15 06:45:00,2024,5,15,6,136,29.3
Pashan AWS,18.5362,73.7928,15-05-2024 06:50,2024-05-15 06:50:00,2024,5,15,6,136,29.4
Pashan AWS,18.5362,73.7928,15-05-2024 06:55,2024-05-15 06:55:00,2024,5,15,6,136,29.7
Pashan AWS,18.5362,73.7928,15-05-2024 07:00,2024-05-15 07:00:00,2024,5,15,7,136,29.7
Pashan AWS,18.5362,73.7928,15-05-2024 07:05,2024-05-15 07:05:00,2024,5,15,7,136,30.0
Pashan AWS,18.5362,73.7928,15-05-2024 07:10,2024-05-15 07:10:00,2024,5,15,7,136,30.5
Pashan AWS,18.5362,73.7928,15-05-2024 07:15,2024-05-15 07:15:00,2024,5,15,7,136,30.6
Pashan AWS,18.5362,73.7928,15-05-2024 07:20,2024-05-15 07:20:00,2024,5,15,7,136,30.9
Pashan AWS,18.5362,73.7928,15-05-2024 07:25,2024-05-15 07:25:00,2024,5,15,7,136,30.8
Pashan AWS,18.5362,73.7928,15-05-2024 07:30,2024-05-15 07:30:00,2024,5,15,7,136,31.1
Pashan AWS,18.5362,73.7928,15-05-2024 07:35,2024-05-15 07:35:00,2024,5,15,7,136,31.4
Pashan AWS,18.5362,73.7928,15-05-2024 07:40,2024-05-15 07:40:00,2024,5,15,7,136,31.6
Pashan AWS,18.5362,73.7928,15-05-2024 07:45,2024-05-15 07:45:00,2024,5,15,7,136,31.7
Pashan AWS,18.5362,73.7928,15-05-2024 07:50,2024-05-15 07:50:00,2024,5,15,7,136,31.4
Pashan AWS,18.5362,73.7928,15-05-2024 07:55,2024-05-15 07:55:00,2024,5,15,7,136,31.4
Pashan AWS,18.5362,73.7928,15-05-2024 08:00,2024-05-15 08:00:00,2024,5,15,8,136,31.4
Pashan AWS,18.5362,73.7928,15-05-2024 08:05,2024-05-15 08:05:00,2024,5,15,8,136,31.4
Pashan AWS,18.5362,73.7928,15-05-2024 08:10,2024-05-15 08:10:00,2024,5,15,8,136,31.6
Pashan AWS,18.5362,73.7928,15-05-2024 08:15,2024-05-15 08:15:00,2024,5,15,8,136,31.7
Pashan AWS,18.5362,73.7928,15-05-2024 08:20,2024-05-15 08:20:00,2024,5,15,8,136,31.7
Pashan AWS,18.5362,73.7928,15-05-2024 08:25,2024-05-15 08:25:00,2024,5,15,8,136,31.7
Pashan AWS,18.5362,73.7928,15-05-2024 08:30,2024-05-15 08:30:00,2024,5,15,8,136,31.8
Pashan AWS,18.5362,73.7928,15-05-2024 08:35,2024-05-15 08:35:00,2024,5,15,8,136,32.1
Pashan AWS,18.5362,73.7928,15-05-2024 08:40,2024-05-15 08:40:00,2024,5,15,8,136,32.2
Pashan AWS,18.5362,73.7928,15-05-2024 08:45,2024-05-15 08:45:00,2024,5,15,8,136,32.3
Pashan AWS,18.5362,73.7928,15-05-2024 08:50,2024-05-15 08:50:00,2024,5,15,8,136,32.4
Pashan AWS,18.5362,73.7928,15-05-2024 08:55,2024-05-15 08:55:00,2024,5,15,8,136,32.6
Pashan AWS,18.5362,73.7928,15-05-2024 09:00,2024-05-15 09:00:00,2024,5,15,9,136,32.9
Pashan AWS,18.5362,73.7928,15-05-2024 09:05,2024-05-15 09:05:00,2024,5,15,9,136,32.6
Pashan AWS,18.5362,73.7928,15-05-2024 09:10,2024-05-15 09:10:00,2024,5,15,9,136,32.9
Pashan AWS,18.5362,73.7928,15-05-2024 09:15,2024-05-15 09:15:00,2024,5,15,9,136,33.3
Pashan AWS,18.5362,73.7928,15-05-2024 09:20,2024-05-15 09:20:00,2024,5,15,9,136,33.3
Pashan AWS,18.5362,73.7928,15-05-2024 09:25,2024-05-15 09:25:00,2024,5,15,9,136,33.3
Pashan AWS,18.5362,73.7928,15-05-2024 09:30,2024-05-15 09:30:00,2024,5,15,9,136,33.4
Pashan AWS,18.5362,73.7928,15-05-2024 09:35,2024-05-15 09:35:00,2024,5,15,9,136,33.5
Pashan AWS,18.5362,73.7928,15-05-2024 09:40,2024-05-15 09:40:00,2024,5,15,9,136,33.7
Pashan AWS,18.5362,73.7928,15-05-2024 09:45,2024-05-15 09:45:00,2024,5,15,9,136,33.6
Pashan AWS,18.5362,73.7928,15-05-2024 09:50,2024-05-15 09:50:00,2024,5,15,9,136,33.6
Pashan AWS,18.5362,73.7928,15-05-2024 09:55,2024-05-15 09:55:00,2024,5,15,9,136,34.0
Pashan AWS,18.5362,73.7928,15-05-2024 10:00,2024-05-15 10:00:00,2024,5,15,10,136,34.1
Pashan AWS,18.5362,73.7928,15-05-2024 10:05,2024-05-15 10:05:00,2024,5,15,10,136,34.4
Pashan AWS,18.5362,73.7928,15-05-2024 10:10,2024-05-15 10:10:00,2024,5,15,10,136,34.7
Pashan AWS,18.5362,73.7928,15-05-2024 10:15,2024-05-15 10:15:00,2024,5,15,10,136,34.5
Pashan AWS,18.5362,73.7928,15-05-2024 10:20,2024-05-15 10:20:00,2024,5,15,10,136,34.8
Pashan AWS,18.5362,73.7928,15-05-2024 10:25,2024-05-15 10:25:00,2024,5,15,10,136,35.0
Pashan AWS,18.5362,73.7928,15-05-2024 10:30,2024-05-15 10:30:00,2024,5,15,10,136,35.1
Pashan AWS,18.5362,73.7928,15-05-2024 10:35,2024-05-15 10:35:00,2024,5,15,10,136,35.3
Pashan AWS,18.5362,73.7928,15-05-2024 10:40,2024-05-15 10:40:00,2024,5,15,10,136,35.5
Pashan AWS,18.5362,73.7928,15-05-2024 10:45,2024-05-15 10:45:00,2024,5,15,10,136,35.7
Pashan AWS,18.5362,73.7928,15-05-2024 10:50,2024-05-15 10:50:00,2024,5,15,10,136,36.1
Pashan AWS,18.5362,73.7928,15-05-2024 10:55,2024-05-15 10:55:00,2024,5,15,10,136,36.2
Pashan AWS,18.5362,73.7928,15-05-2024 11:00,2024-05-15 11:00:00,2024,5,15,11,136,36.2
Pashan AWS,18.5362,73.7928,15-05-2024 11:05,2024-05-15 11:05:00,2024,5,15,11,136,36.2
Pashan AWS,18.5362,73.7928,15-05-2024 11:10,2024-05-15 11:10:00,2024,5,15,11,136,36.8
Pashan AWS,18.5362,73.7928,15-05-2024 11:15,2024-05-15 11:15:00,2024,5,15,11,136,37.0
Pashan AWS,18.5362,73.7928,15-05-2024 11:20,2024-05-15 11:20:00,2024,5,15,11,136,37.5
Pashan AWS,18.5362,73.7928,15-05-2024 11:25,2024-05-15 11:25:00,2024,5,15,11,136,37.8
Pashan AWS,18.5362,73.7928,15-05-2024 11:30,2024-05-15 11:30:00,2024,5,15,11,136,37.9
Pashan AWS,18.5362,73.7928,15-05-2024 11:35,2024-05-15 11:35:00,2024,5,15,11,136,38.0
Pashan AWS,18.5362,73.7928,15-05-2024 11:40,2024-05-15 11:40:00,2024,5,15,11,136,38.0
Pashan AWS,18.5362,73.7928,15-05-2024 11:45,2024-05-15 11:45:00,2024,5,15,11,136,37.8
Pashan AWS,18.5362,73.7928,15-05-2024 11:50,2024-05-15 11:50:00,2024,5,15,11,136,37.9
Pashan AWS,18.5362,73.7928,15-05-2024 11:55,2024-05-15 11:55:00,2024,5,15,11,136,38.2
Pashan AWS,18.5362,73.7928,15-05-2024 12:00,2024-05-15 12:00:00,2024,5,15,12,136,38.2
Pashan AWS,18.5362,73.7928,15-05-2024 12:05,2024-05-15 12:05:00,2024,5,15,12,136,38.3
Pashan AWS,18.5362,73.7928,15-05-2024 12:10,2024-05-15 12:10:00,2024,5,15,12,136,38.5
Pashan AWS,18.5362,73.7928,15-05-2024 12:15,2024-05-15 12:15:00,2024,5,15,12,136,38.4
Pashan AWS,18.5362,73.7928,15-05-2024 12:20,2024-05-15 12:20:00,2024,5,15,12,136,38.4
Pashan AWS,18.5362,73.7928,15-05-2024 12:25,2024-05-15 12:25:00,2024,5,15,12,136,38.3
Pashan AWS,18.5362,73.7928,15-05-2024 12:30,2024-05-15 12:30:00,2024,5,15,12,136,38.2
Pashan AWS,18.5362,73.7928,15-05-2024 12:35,2024-05-15 12:35:00,2024,5,15,12,136,38.1
Pashan AWS,18.5362,73.7928,15-05-2024 12:40,2024-05-15 12:40:00,2024,5,15,12,136,38.1
Pashan AWS,18.5362,73.7928,15-05-2024 12:45,2024-05-15 12:45:00,2024,5,15,12,136,38.4
Pashan AWS,18.5362,73.7928,15-05-2024 12:50,2024-05-15 12:50:00,2024,5,15,12,136,38.3
Pashan AWS,18.5362,73.7928,15-05-2024 12:55,2024-05-15 12:55:00,2024,5,15,12,136,38.4
Pashan AWS,18.5362,73.7928,15-05-2024 13:00,2024-05-15 13:00:00,2024,5,15,13,136,38.4
Pashan AWS,18.5362,73.7928,15-05-2024 13:05,2024-05-15 13:05:00,2024,5,15,13,136,38.6
Pashan AWS,18.5362,73.7928,15-05-2024 13:10,2024-05-15 13:10:00,2024,5,15,13,136,38.9
Pashan AWS,18.5362,73.7928,15-05-2024 13:15,2024-05-15 13:15:00,2024,5,15,13,136,39.0
Pashan AWS,18.5362,73.7928,15-05-2024 13:20,2024-05-15 13:20:00,2024,5,15,13,136,39.1
Pashan AWS,18.5362,73.7928,15-05-2024 13:25,2024-05-15 13:25:00,2024,5,15,13,136,39.1
Pashan AWS,18.5362,73.7928,15-05-2024 13:30,2024-05-15 13:30:00,2024,5,15,13,136,38.9
Pashan AWS,18.5362,73.7928,15-05-2024 13:35,2024-05-15 13:35:00,2024,5,15,13,136,39.3
Pashan AWS,18.5362,73.7928,15-05-2024 13:40,2024-05-15 13:40:00,2024,5,15,13,136,39.2
Pashan AWS,18.5362,73.7928,15-05-2024 13:45,2024-05-15 13:45:00,2024,5,15,13,136,39.3
Pashan AWS,18.5362,73.7928,15-05-2024 13:50,2024-05-15 13:50:00,2024,5,15,13,136,39.4
Pashan AWS,18.5362,73.7928,15-05-2024 13:55,2024-05-15 13:55:00,2024,5,15,13,136,39.4
Pashan AWS,18.5362,73.7928,15-05-2024 14:00,2024-05-15 14:00:00,2024,5,15,14,136,39.5
Pashan AWS,18.5362,73.7928,15-05-2024 14:05,2024-05-15 14:05:00,2024,5,15,14,136,39.6
Pashan AWS,18.5362,73.7928,15-05-2024 14:10,2024-05-15 14:10:00,2024,5,15,14,136,39.9
Pashan AWS,18.5362,73.7928,15-05-2024 14:15,2024-05-15 14:15:00,2024,5,15,14,136,39.8
Pashan AWS,18.5362,73.7928,15-05-2024 14:20,2024-05-15 14:20:00,2024,5,15,14,136,39.5
Pashan AWS,18.5362,73.7928,15-05-2024 14:25,2024-05-15 14:25:00,2024,5,15,14,136,39.4
Pashan AWS,18.5362,73.7928,15-05-2024 14:30,2024-05-15 14:30:00,2024,5,15,14,136,39.5
Pashan AWS,18.5362,73.7928,15-05-2024 14:35,2024-05-15 14:35:00,2024,5,15,14,136,39.4
Pashan AWS,18.5362,73.7928,15-05-2024 14:40,2024-05-15 14:40:00,2024,5,15,14,136,39.4
Pashan AWS,18.5362,73.7928,15-05-2024 14:45,2024-05-15 14:45:00,2024,5,15,14,136,39.0
Pashan AWS,18.5362,73.7928,15-05-2024 14:50,2024-05-15 14:50:00,2024,5,15,14,136,39.1
Pashan AWS,18.5362,73.7928,15-05-2024 14:55,2024-05-15 14:55:00,2024,5,15,14,136,39.4
Pashan AWS,18.5362,73.7928,15-05-2024 15:00,2024-05-15 15:00:00,2024,5,15,15,136,39.4
Pashan AWS,18.5362,73.7928,15-05-2024 15:05,2024-05-15 15:05:00,2024,5,15,15,136,39.4
Pashan AWS,18.5362,73.7928,15-05-2024 15:10,2024-05-15 15:10:00,2024,5,15,15,136,39.5
Pashan AWS,18.5362,73.7928,15-05-2024 15:15,2024-05-15 15:15:00,2024,5,15,15,136,39.5
Pashan AWS,18.5362,73.7928,15-05-2024 15:20,2024-05-15 15:20:00,2024,5,15,15,136,39.6
Pashan AWS,18.5362,73.7928,15-05-2024 15:25,2024-05-15 15:25:00,2024,5,15,15,136,39.5
Pashan AWS,18.5362,73.7928,15-05-2024 15:30,2024-05-15 15:30:00,2024,5,15,15,136,39.4
Pashan AWS,18.5362,73.7928,15-05-2024 15:35,2024-05-15 15:35:00,2024,5,15,15,136,39.2
Pashan AWS,18.5362,73.7928,15-05-2024 15:40,2024-05-15 15:40:00,2024,5,15,15,136,39.1
Pashan AWS,18.5362,73.7928,15-05-2024 15:45,2024-05-15 15:45:00,2024,5,15,15,136,39.1
Pashan AWS,18.5362,73.7928,15-05-2024 15:50,2024-05-15 15:50:00,2024,5,15,15,136,39.0
Pashan AWS,18.5362,73.7928,15-05-2024 15:55,2024-05-15 15:55:00,2024,5,15,15,136,38.9
Pashan AWS,18.5362,73.7928,15-05-2024 16:00,2024-05-15 16:00:00,2024,5,15,16,136,38.9
Pashan AWS,18.5362,73.7928,15-05-2024 16:05,2024-05-15 16:05:00,2024,5,15,16,136,39.0
Pashan AWS,18.5362,73.7928,15-05-2024 16:10,2024-05-15 16:10:00,2024,5,15,16,136,39.0
Pashan AWS,18.5362,73.7928,15-05-2024 16:15,2024-05-15 16:15:00,2024,5,15,16,136,39.0
Pashan AWS,18.5362,73.7928,15-05-2024 16:20,2024-05-15 16:20:00,2024,5,15,16,136,38.6
Pashan AWS,18.5362,73.7928,15-05-2024 16:25,2024-05-15 16:25:00,2024,5,15,16,136,38.5
Pashan AWS,18.5362,73.7928,15-05-2024 16:30,2024-05-15 16:30:00,2024,5,15,16,136,38.4
Pashan AWS,18.5362,73.7928,15-05-2024 16:35,2024-05-15 16:35:00,2024,5,15,16,136,38.0
Pashan AWS,18.5362,73.7928,15-05-2024 16:40,2024-05-15 16:40:00,2024,5,15,16,136,38.1
Pashan AWS,18.5362,73.7928,15-05-2024 16:45,2024-05-15 16:45:00,2024,5,15,16,136,38.1
Pashan AWS,18.5362,73.7928,15-05-2024 16:50,2024-05-15 16:50:00,2024,5,15,16,136,38.0
Pashan AWS,18.5362,73.7928,15-05-2024 16:55,2024-05-15 16:55:00,2024,5,15,16,136,38.1
Pashan AWS,18.5362,73.7928,15-05-2024 17:00,2024-05-15 17:00:00,2024,5,15,17,136,37.9
Pashan AWS,18.5362,73.7928,15-05-2024 17:05,2024-05-15 17:05:00,2024,5,15,17,136,37.9
Pashan AWS,18.5362,73.7928,15-05-2024 17:10,2024-05-15 17:10:00,2024,5,15,17,136,37.7
Pashan AWS,18.5362,73.7928,15-05-2024 17:15,2024-05-15 17:15:00,2024,5,15,17,136,37.6
Pashan AWS,18.5362,73.7928,15-05-2024 17:20,2024-05-15 17:20:00,2024,5,15,17,136,37.3
Pashan AWS,18.5362,73.7928,15-05-2024 17:25,2024-05-15 17:25:00,2024,5,15,17,136,37.4
Pashan AWS,18.5362,73.7928,15-05-2024 17:30,2024-05-15 17:30:00,2024,5,15,17,136,37.3
Pashan AWS,18.5362,73.7928,15-05-2024 17:35,2024-05-15 17:35:00,2024,5,15,17,136,37.2
Pashan AWS,18.5362,73.7928,15-05-2024 17:40,2024-05-15 17:40:00,2024,5,15,17,136,36.8
Pashan AWS,18.5362,73.7928,15-05-2024 17:45,2024-05-15 17:45:00,2024,5,15,17,136,36.9
Pashan AWS,18.5362,73.7928,15-05-2024 17:50,2024-05-15 17:50:00,2024,5,15,17,136,36.9
Pashan AWS,18.5362,73.7928,15-05-2024 17:55,2024-05-15 17:55:00,2024,5,15,17,136,36.7
Pashan AWS,18.5362,73.7928,15-05-2024 18:00,2024-05-15 18:00:00,2024,5,15,18,136,36.6
Pashan AWS,18.5362,73.7928,15-05-2024 18:05,2024-05-15 18:05:00,2024,5,15,18,136,36.5
Pashan AWS,18.5362,73.7928,15-05-2024 18:10,2024-05-15 18:10:00,2024,5,15,18,136,36.7
Pashan AWS,18.5362,73.7928,15-05-2024 18:15,2024-05-15 18:15:00,2024,5,15,18,136,36.2
Pashan AWS,18.5362,73.7928,15-05-2024 18:20,2024-05-15 18:20:00,2024,5,15,18,136,36.2
Pashan AWS,18.5362,73.7928,15-05-2024 18:25,2024-05-15 18:25:00,2024,5,15,18,136,35.9
Pashan AWS,18.5362,73.7928,15-05-2024 18:30,2024-05-15 18:30:00,2024,5,15,18,136,35.7
Pashan AWS,18.5362,73.7928,15-05-2024 18:35,2024-05-15 18:35:00,2024,5,15,18,136,35.5
Pashan AWS,18.5362,73.7928,15-05-2024 18:40,2024-05-15 18:40:00,2024,5,15,18,136,35.3
Pashan AWS,18.5362,73.7928,15-05-2024 18:45,2024-05-15 18:45:00,2024,5,15,18,136,35.1
Pashan AWS,18.5362,73.7928,15-05-2024 18:50,2024-05-15 18:50:00,2024,5,15,18,136,34.8
Pashan AWS,18.5362,73.7928,15-05-2024 18:55,2024-05-15 18:55:00,2024,5,15,18,136,34.8
Pashan AWS,18.5362,73.7928,15-05-2024 19:00,2024-05-15 19:00:00,2024,5,15,19,136,34.4
Pashan AWS,18.5362,73.7928,15-05-2024 19:05,2024-05-15 19:05:00,2024,5,15,19,136,34.3
Pashan AWS,18.5362,73.7928,15-05-2024 19:10,2024-05-15 19:10:00,2024,5,15,19,136,34.1
Pashan AWS,18.5362,73.7928,15-05-2024 19:15,2024-05-15 19:15:00,2024,5,15,19,136,33.8
Pashan AWS,18.5362,73.7928,15-05-2024 19:20,2024-05-15 19:20:00,2024,5,15,19,136,33.7
Pashan AWS,18.5362,73.7928,15-05-2024 19:25,2024-05-15 19:25:00,2024,5,15,19,136,33.3
Pashan AWS,18.5362,73.7928,15-05-2024 19:30,2024-05-15 19:30:00,2024,5,15,19,136,33.2
Pashan AWS,18.5362,73.7928,15-05-2024 19:35,2024-05-15 19:35:00,2024,5,15,19,136,32.8
Pashan AWS,18.5362,73.7928,15-05-2024 19:40,2024-05-15 19:40:00,2024,5,15,19,136,32.8
Pashan AWS,18.5362,73.7928,15-05-2024 19:45,2024-05-15 19:45:00,2024,5,15,19,136,32.5
Pashan AWS,18.5362,73.7928,15-05-2024 19:50,2024-05-15 19:50:00,2024,5,15,19,136,32.3
Pashan AWS,18.5362,73.7928,15-05-2024 19:55,2024-05-15 19:55:00,2024,5,15,19,136,32.2
Pashan AWS,18.5362,73.7928,15-05-2024 20:00,2024-05-15 20:00:00,2024,5,15,20,136,32.0
Pashan AWS,18.5362,73.7928,15-05-2024 20:05,2024-05-15 20:05:00,2024,5,15,20,136,31.9
Pashan AWS,18.5362,73.7928,15-05-2024 20:10,2024-05-15 20:10:00,2024,5,15,20,136,31.5
Pashan AWS,18.5362,73.7928,15-05-2024 20:15,2024-05-15 20:15:00,2024,5,15,20,136,31.5
Pashan AWS,18.5362,73.7928,15-05-2024 20:20,2024-05-15 20:20:00,2024,5,15,20,136,31.6
Pashan AWS,18.5362,73.7928,15-05-2024 20:25,2024-05-15 20:25:00,2024,5,15,20,136,31.9
Pashan AWS,18.5362,73.7928,15-05-2024 20:30,2024-05-15 20:30:00,2024,5,15,20,136,31.7
Pashan AWS,18.5362,73.7928,15-05-2024 20:35,2024-05-15 20:35:00,2024,5,15,20,136,31.7
Pashan AWS,18.5362,73.7928,15-05-2024 20:40,2024-05-15 20:40:00,2024,5,15,20,136,31.3
Pashan AWS,18.5362,73.7928,15-05-2024 20:45,2024-05-15 20:45:00,2024,5,15,20,136,31.3
Pashan AWS,18.5362,73.7928,15-05-2024 20:50,2024-05-15 20:50:00,2024,5,15,20,136,31.3
Pashan AWS,18.5362,73.7928,15-05-2024 20:55,2024-05-15 20:55:00,2024,5,15,20,136,31.0
Pashan AWS,18.5362,73.7928,15-05-2024 21:00,2024-05-15 21:00:00,2024,5,15,21,136,31.1
Pashan AWS,18.5362,73.7928,15-05-2024 21:05,2024-05-15 21:05:00,2024,5,15,21,136,30.8
Pashan AWS,18.5362,73.7928,15-05-2024 21:10,2024-05-15 21:10:00,2024,5,15,21,136,30.6
Pashan AWS,18.5362,73.7928,15-05-2024 21:15,2024-05-15 21:15:00,2024,5,15,21,136,30.5
Pashan AWS,18.5362,73.7928,15-05-2024 21:20,2024-05-15 21:20:00,2024,5,15,21,136,30.2
Pashan AWS,18.5362,73.7928,15-05-2024 21:25,2024-05-15 21:25:00,2024,5,15,21,136,30.2
Pashan AWS,18.5362,73.7928,15-05-2024 21:30,2024-05-15 21:30:00,2024,5,15,21,136,29.8
Pashan AWS,18.5362,73.7928,15-05-2024 21:35,2024-05-15 21:35:00,2024,5,15,21,136,29.5
Pashan AWS,18.5362,73.7928,15-05-2024 21:40,2024-05-15 21:40:00,2024,5,15,21,136,29.2
Pashan AWS,18.5362,73.7928,15-05-2024 21:45,2024-05-15 21:45:00,2024,5,15,21,136,29.2
Pashan AWS,18.5362,73.7928,15-05-2024 21:50,2024-05-15 21:50:00,2024,5,15,21,136,29.0
Pashan AWS,18.5362,73.7928,15-05-2024 21:55,2024-05-15 21:55:00,2024,5,15,21,136,28.6
Pashan AWS,18.5362,73.7928,15-05-2024 22:00,2024-05-15 22:00:00,2024,5,15,22,136,28.4
Pashan AWS,18.5362,73.7928,15-05-2024 22:05,2024-05-15 22:05:00,2024,5,15,22,136,28.3
Pashan AWS,18.5362,73.7928,15-05-2024 22:10,2024-05-15 22:10:00,2024,5,15,22,136,28.0
Pashan AWS,18.5362,73.7928,15-05-2024 22:15,2024-05-15 22:15:00,2024,5,15,22,136,27.7
Pashan AWS,18.5362,73.7928,15-05-2024 22:20,2024-05-15 22:20:00,2024,5,15,22,136,27.9
Pashan AWS,18.5362,73.7928,15-05-2024 22:25,2024-05-15 22:25:00,2024,5,15,22,136,27.7
Pashan AWS,18.5362,73.7928,15-05-2024 22:30,2024-05-15 22:30:00,2024,5,15,22,136,27.5
Pashan AWS,18.5362,73.7928,15-05-2024 22:35,2024-05-15 22:35:00,2024,5,15,22,136,27.3
Pashan AWS,18.5362,73.7928,15-05-2024 22:40,2024-05-15 22:40:00,2024,5,15,22,136,27.1
Pashan AWS,18.5362,73.7928,15-05-2024 22:45,2024-05-15 22:45:00,2024,5,15,22,136,27.1
Pashan AWS,18.5362,73.7928,15-05-2024 22:50,2024-05-15 22:50:00,2024,5,15,22,136,27.2
Pashan AWS,18.5362,73.7928,15-05-2024 22:55,2024-05-15 22:55:00,2024,5,15,22,136,27.0
Pashan AWS,18.5362,73.7928,15-05-2024 23:00,2024-05-15 23:00:00,2024,5,15,23,136,26.7
Pashan AWS,18.5362,73.7928,15-05-2024 23:05,2024-05-15 23:05:00,2024,5,15,23,136,26.8
Pashan AWS,18.5362,73.7928,15-05-2024 23:10,2024-05-15 23:10:00,2024,5,15,23,136,26.7
Pashan AWS,18.5362,73.7928,15-05-2024 23:15,2024-05-15 23:15:00,2024,5,15,23,136,26.8
Pashan AWS,18.5362,73.7928,15-05-2024 23:20,2024-05-15 23:20:00,2024,5,15,23,136,26.3
Pashan AWS,18.5362,73.7928,15-05-2024 23:25,2024-05-15 23:25:00,2024,5,15,23,136,26.3
Pashan AWS,18.5362,73.7928,15-05-2024 23:30,2024-05-15 23:30:00,2024,5,15,23,136,26.5
Pashan AWS,18.5362,73.7928,15-05-2024 23:35,2024-05-15 23:35:00,2024,5,15,23,136,26.3
Pashan AWS,18.5362,73.7928,15-05-2024 23:40,2024-05-15 23:40:00,2024,5,15,23,136,26.1
Pashan AWS,18.5362,73.7928,15-05-2024 23:45,2024-05-15 23:45:00,2024,5,15,23,136,26.1
Pashan AWS,18.5362,73.7928,15-05-2024 23:50,2024-05-15 23:50:00,2024,5,15,23,136,25.9
Pashan AWS,18.5362,73.7928,15-05-2024 23:55,2024-05-15 23:55:00,2024,5,15,23,136,25.7
Pashan AWS,18.5362,73.7928,16-05-2024 00:00,2024-05-16 00:00:00,2024,5,16,0,137,25.6
Pashan AWS,18.5362,73.7928,16-05-2024 00:05,2024-05-16 00:05:00,2024,5,16,0,137,25.4
Pashan AWS,18.5362,73.7928,16-05-2024 00:10,2024-05-16 00:10:00,2024,5,16,0,137,25.5
Pashan AWS,18.5362,73.7928,16-05-2024 00:15,2024-05-16 00:15:00,2024,5,16,0,137,25.5
Pashan AWS,18.5362,73.7928,16-05-2024 00:20,2024-05-16 00:20:00,2024,5,16,0,137,25.4
Pashan AWS,18.5362,73.7928,16-05-2024 00:25,2024-05-16 00:25:00,2024,5,16,0,137,25.5
Pashan AWS,18.5362,73.7928,16-05-2024 00:30,2024-05-16 00:30:00,2024,5,16,0,137,25.3
Pashan AWS,18.5362,73.7928,16-05-2024 00:35,2024-05-16 00:35:00,2024,5,16,0,137,25.1
Pashan AWS,18.5362,73.7928,16-05-2024 00:40,2024-05-16 00:40:00,2024,5,16,0,137,25.0
Pashan AWS,18.5362,73.7928,16-05-2024 00:45,2024-05-16 00:45:00,2024,5,16,0,137,24.9
Pashan AWS,18.5362,73.7928,16-05-2024 00:50,2024-05-16 00:50:00,2024,5,16,0,137,24.7
Pashan AWS,18.5362,73.7928,16-05-2024 00:55,2024-05-16 00:55:00,2024,5,16,0,137,24.5
Pashan AWS,18.5362,73.7928,16-05-2024 01:00,2024-05-16 01:00:00,2024,5,16,1,137,24.4
Pashan AWS,18.5362,73.7928,16-05-2024 01:05,2024-05-16 01:05:00,2024,5,16,1,137,24.7
Pashan AWS,18.5362,73.7928,16-05-2024 01:10,2024-05-16 01:10:00,2024,5,16,1,137,24.2
Pashan AWS,18.5362,73.7928,16-05-2024 01:15,2024-05-16 01:15:00,2024,5,16,1,137,24.1
Pashan AWS,18.5362,73.7928,16-05-2024 01:20,2024-05-16 01:20:00,2024,5,16,1,137,24.4
Pashan AWS,18.5362,73.7928,16-05-2024 01:25,2024-05-16 01:25:00,2024,5,16,1,137,24.3
Pashan AWS,18.5362,73.7928,16-05-2024 01:30,2024-05-16 01:30:00,2024,5,16,1,137,24.4
Pashan AWS,18.5362,73.7928,16-05-2024 01:35,2024-05-16 01:35:00,2024,5,16,1,137,24.4
Pashan AWS,18.5362,73.7928,16-05-2024 01:40,2024-05-16 01:40:00,2024,5,16,1,137,24.2
Pashan AWS,18.5362,73.7928,16-05-2024 01:45,2024-05-16 01:45:00,2024,5,16,1,137,23.9
Pashan AWS,18.5362,73.7928,16-05-2024 01:50,2024-05-16 01:50:00,2024,5,16,1,137,23.9
Pashan AWS,18.5362,73.7928,16-05-2024 01:55,2024-05-16 01:55:00,2024,5,16,1,137,23.7
Pashan AWS,18.5362,73.7928,16-05-2024 02:00,2024-05-16 02:00:00,2024,5,16,2,137,23.6
Pashan AWS,18.5362,73.7928,16-05-2024 02:05,2024-05-16 02:05:00,2024,5,16,2,137,23.5
Pashan AWS,18.5362,73.7928,16-05-2024 02:10,2024-05-16 02:10:00,2024,5,16,2,137,23.8
Pashan AWS,18.5362,73.7928,16-05-2024 02:15,2024-05-16 02:15:00,2024,5,16,2,137,24.2
Pashan AWS,18.5362,73.7928,16-05-2024 02:20,2024-05-16 02:20:00,2024,5,16,2,137,24.2
Pashan AWS,18.5362,73.7928,16-05-2024 02:25,2024-05-16 02:25:00,2024,5,16,2,137,24.1
Pashan AWS,18.5362,73.7928,16-05-2024 02:30,2024-05-16 02:30:00,2024,5,16,2,137,23.9
Pashan AWS,18.5362,73.7928,16-05-2024 02:35,2024-05-16 02:35:00,2024,5,16,2,137,24.0
Pashan AWS,18.5362,73.7928,16-05-2024 02:40,2024-05-16 02:40:00,2024,5,16,2,137,24.3
Pashan AWS,18.5362,73.7928,16-05-2024 02:45,2024-05-16 02:45:00,2024,5,16,2,137,24.2
Pashan AWS,18.5362,73.7928,16-05-2024 02:50,2024-05-16 02:50:00,2024,5,16,2,137,23.8
Pashan AWS,18.5362,73.7928,16-05-2024 02:55,2024-05-16 02:55:00,2024,5,16,2,137,24.0
Pashan AWS,18.5362,73.7928,16-05-2024 03:00,2024-05-16 03:00:00,2024,5,16,3,137,24.1
Pashan AWS,18.5362,73.7928,16-05-2024 03:05,2024-05-16 03:05:00,2024,5,16,3,137,23.9
Pashan AWS,18.5362,73.7928,16-05-2024 03:10,2024-05-16 03:10:00,2024,5,16,3,137,24.0
Pashan AWS,18.5362,73.7928,16-05-2024 03:15,2024-05-16 03:15:00,2024,5,16,3,137,24.0
Pashan AWS,18.5362,73.7928,16-05-2024 03:20,2024-05-16 03:20:00,2024,5,16,3,137,24.1
Pashan AWS,18.5362,73.7928,16-05-2024 03:25,2024-05-16 03:25:00,2024,5,16,3,137,24.0
Pashan AWS,18.5362,73.7928,16-05-2024 03:30,2024-05-16 03:30:00,2024,5,16,3,137,24.2
Pashan AWS,18.5362,73.7928,16-05-2024 03:35,2024-05-16 03:35:00,2024,5,16,3,137,24.1
Pashan AWS,18.5362,73.7928,16-05-2024 03:40,2024-05-16 03:40:00,2024,5,16,3,137,24.0
Pashan AWS,18.5362,73.7928,16-05-2024 03:45,2024-05-16 03:45:00,2024,5,16,3,137,23.7
Pashan AWS,18.5362,73.7928,16-05-2024 03:50,2024-05-16 03:50:00,2024,5,16,3,137,24.0
Pashan AWS,18.5362,73.7928,16-05-2024 03:55,2024-05-16 03:55:00,2024,5,16,3,137,24.1
Pashan AWS,18.5362,73.7928,16-05-2024 04:00,2024-05-16 04:00:00,2024,5,16,4,137,24.2
Pashan AWS,18.5362,73.7928,16-05-2024 04:05,2024-05-16 04:05:00,2024,5,16,4,137,24.2
Pashan AWS,18.5362,73.7928,16-05-2024 04:10,2024-05-16 04:10:00,2024,5,16,4,137,24.2
Pashan AWS,18.5362,73.7928,16-05-2024 04:15,2024-05-16 04:15:00,2024,5,16,4,137,24.1
Pashan AWS,18.5362,73.7928,16-05-2024 04:20,2024-05-16 04:20:00,2024,5,16,4,137,24.1
Pashan AWS,18.5362,73.7928,16-05-2024 04:25,2024-05-16 04:25:00,2024,5,16,4,137,23.9
Pashan AWS,18.5362,73.7928,16-05-2024 04:30,2024-05-16 04:30:00,2024,5,16,4,137,23.9
Pashan AWS,18.5362,73.7928,16-05-2024 04:35,2024-05-16 04:35:00,2024,5,16,4,137,24.0
Pashan AWS,18.5362,73.7928,16-05-2024 04:40,2024-05-16 04:40:00,2024,5,16,4,137,24.2
Pashan AWS,18.5362,73.7928,16-05-2024 04:45,2024-05-16 04:45:00,2024,5,16,4,137,24.3
Pashan AWS,18.5362,73.7928,16-05-2024 04:50,2024-05-16 04:50:00,2024,5,16,4,137,24.5
Pashan AWS,18.5362,73.7928,16-05-2024 04:55,2024-05-16 04:55:00,2024,5,16,4,137,24.8
Pashan AWS,18.5362,73.7928,16-05-2024 05:00,2024-05-16 05:00:00,2024,5,16,5,137,25.1
Pashan AWS,18.5362,73.7928,16-05-2024 05:05,2024-05-16 05:05:00,2024,5,16,5,137,25.2
Pashan AWS,18.5362,73.7928,16-05-2024 05:10,2024-05-16 05:10:00,2024,5,16,5,137,25.3
Pashan AWS,18.5362,73.7928,16-05-2024 05:15,2024-05-16 05:15:00,2024,5,16,5,137,25.3
Pashan AWS,18.5362,73.7928,16-05-2024 05:20,2024-05-16 05:20:00,2024,5,16,5,137,25.5
Pashan AWS,18.5362,73.7928,16-05-2024 05:25,2024-05-16 05:25:00,2024,5,16,5,137,25.9
Pashan AWS,18.5362,73.7928,16-05-2024 05:30,2024-05-16 05:30:00,2024,5,16,5,137,26.0
Pashan AWS,18.5362,73.7928,16-05-2024 05:35,2024-05-16 05:35:00,2024,5,16,5,137,26.4
Pashan AWS,18.5362,73.7928,16-05-2024 05:40,2024-05-16 05:40:00,2024,5,16,5,137,26.2
Pashan AWS,18.5362,73.7928,16-05-2024 05:45,2024-05-16 05:45:00,2024,5,16,5,137,26.1
Pashan AWS,18.5362,73.7928,16-05-2024 05:50,2024-05-16 05:50:00,2024,5,16,5,137,26.4
Pashan AWS,18.5362,73.7928,16-05-2024 05:55,2024-05-16 05:55:00,2024,5,16,5,137,26.5
Pashan AWS,18.5362,73.7928,16-05-2024 06:00,2024-05-16 06:00:00,2024,5,16,6,137,26.8
Pashan AWS,18.5362,73.7928,16-05-2024 06:05,2024-05-16 06:05:00,2024,5,16,6,137,26.9
Pashan AWS,18.5362,73.7928,16-05-2024 06:10,2024-05-16 06:10:00,2024,5,16,6,137,26.9
Pashan AWS,18.5362,73.7928,16-05-2024 06:15,2024-05-16 06:15:00,2024,5,16,6,137,26.9
Pashan AWS,18.5362,73.7928,16-05-2024 06:20,2024-05-16 06:20:00,2024,5,16,6,137,26.8
Pashan AWS,18.5362,73.7928,16-05-2024 06:25,2024-05-16 06:25:00,2024,5,16,6,137,26.8
Pashan AWS,18.5362,73.7928,16-05-2024 06:30,2024-05-16 06:30:00,2024,5,16,6,137,27.1
Pashan AWS,18.5362,73.7928,16-05-2024 06:35,2024-05-16 06:35:00,2024,5,16,6,137,27.3
Pashan AWS,18.5362,73.7928,16-05-2024 06:40,2024-05-16 06:40:00,2024,5,16,6,137,27.5
Pashan AWS,18.5362,73.7928,16-05-2024 06:45,2024-05-16 06:45:00,2024,5,16,6,137,27.4
Pashan AWS,18.5362,73.7928,16-05-2024 06:50,2024-05-16 06:50:00,2024,5,16,6,137,27.4
Pashan AWS,18.5362,73.7928,16-05-2024 06:55,2024-05-16 06:55:00,2024,5,16,6,137,27.4
Pashan AWS,18.5362,73.7928,16-05-2024 07:00,2024-05-16 07:00:00,2024,5,16,7,137,27.7
Pashan AWS,18.5362,73.7928,16-05-2024 07:05,2024-05-16 07:05:00,2024,5,16,7,137,27.8
Pashan AWS,18.5362,73.7928,16-05-2024 07:10,2024-05-16 07:10:00,2024,5,16,7,137,27.8
Pashan AWS,18.5362,73.7928,16-05-2024 07:15,2024-05-16 07:15:00,2024,5,16,7,137,27.9
Pashan AWS,18.5362,73.7928,16-05-2024 07:20,2024-05-16 07:20:00,2024,5,16,7,137,28.0
Pashan AWS,18.5362,73.7928,16-05-2024 07:25,2024-05-16 07:25:00,2024,5,16,7,137,28.4
Pashan AWS,18.5362,73.7928,16-05-2024 07:30,2024-05-16 07:30:00,2024,5,16,7,137,28.4
Pashan AWS,18.5362,73.7928,16-05-2024 07:35,2024-05-16 07:35:00,2024,5,16,7,137,28.3
Pashan AWS,18.5362,73.7928,16-05-2024 07:40,2024-05-16 07:40:00,2024,5,16,7,137,28.2
Pashan AWS,18.5362,73.7928,16-05-2024 07:45,2024-05-16 07:45:00,2024,5,16,7,137,28.4
Pashan AWS,18.5362,73.7928,16-05-2024 07:50,2024-05-16 07:50:00,2024,5,16,7,137,28.5
Pashan AWS,18.5362,73.7928,16-05-2024 07:55,2024-05-16 07:55:00,2024,5,16,7,137,28.4
Pashan AWS,18.5362,73.7928,16-05-2024 08:00,2024-05-16 08:00:00,2024,5,16,8,137,28.8
Pashan AWS,18.5362,73.7928,16-05-2024 08:05,2024-05-16 08:05:00,2024,5,16,8,137,29.1
Pashan AWS,18.5362,73.7928,16-05-2024 08:10,2024-05-16 08:10:00,2024,5,16,8,137,29.3
Pashan AWS,18.5362,73.7928,16-05-2024 08:15,2024-05-16 08:15:00,2024,5,16,8,137,29.6
Pashan AWS,18.5362,73.7928,16-05-2024 08:20,2024-05-16 08:20:00,2024,5,16,8,137,29.9
Pashan AWS,18.5362,73.7928,16-05-2024 08:25,2024-05-16 08:25:00,2024,5,16,8,137,29.9
Pashan AWS,18.5362,73.7928,16-05-2024 08:30,2024-05-16 08:30:00,2024,5,16,8,137,29.9
Pashan AWS,18.5362,73.7928,16-05-2024 08:35,2024-05-16 08:35:00,2024,5,16,8,137,30.2
Pashan AWS,18.5362,73.7928,16-05-2024 08:40,2024-05-16 08:40:00,2024,5,16,8,137,30.4
Pashan AWS,18.5362,73.7928,16-05-2024 08:45,2024-05-16 08:45:00,2024,5,16,8,137,30.6
Pashan AWS,18.5362,73.7928,16-05-2024 08:50,2024-05-16 08:50:00,2024,5,16,8,137,30.6
Pashan AWS,18.5362,73.7928,16-05-2024 08:55,2024-05-16 08:55:00,2024,5,16,8,137,30.9
Pashan AWS,18.5362,73.7928,16-05-2024 09:00,2024-05-16 09:00:00,2024,5,16,9,137,30.9
Pashan AWS,18.5362,73.7928,16-05-2024 09:05,2024-05-16 09:05:00,2024,5,16,9,137,31.1
Pashan AWS,18.5362,73.7928,16-05-2024 09:10,2024-05-16 09:10:00,2024,5,16,9,137,31.5
Pashan AWS,18.5362,73.7928,16-05-2024 09:15,2024-05-16 09:15:00,2024,5,16,9,137,31.5
Pashan AWS,18.5362,73.7928,16-05-2024 09:20,2024-05-16 09:20:00,2024,5,16,9,137,31.4
Pashan AWS,18.5362,73.7928,16-05-2024 09:25,2024-05-16 09:25:00,2024,5,16,9,137,31.4
Pashan AWS,18.5362,73.7928,16-05-2024 09:30,2024-05-16 09:30:00,2024,5,16,9,137,31.7
Pashan AWS,18.5362,73.7928,16-05-2024 09:35,2024-05-16 09:35:00,2024,5,16,9,137,31.9
Pashan AWS,18.5362,73.7928,16-05-2024 09:40,2024-05-16 09:40:00,2024,5,16,9,137,32.1
Pashan AWS,18.5362,73.7928,16-05-2024 09:45,2024-05-16 09:45:00,2024,5,16,9,137,32.1
Pashan AWS,18.5362,73.7928,16-05-2024 09:50,2024-05-16 09:50:00,2024,5,16,9,137,32.4
Pashan AWS,18.5362,73.7928,16-05-2024 09:55,2024-05-16 09:55:00,2024,5,16,9,137,32.4
Pashan AWS,18.5362,73.7928,16-05-2024 10:00,2024-05-16 10:00:00,2024,5,16,10,137,32.6
Pashan AWS,18.5362,73.7928,16-05-2024 10:05,2024-05-16 10:05:00,2024,5,16,10,137,32.6
Pashan AWS,18.5362,73.7928,16-05-2024 10:10,2024-05-16 10:10:00,2024,5,16,10,137,32.6
Pashan AWS,18.5362,73.7928,16-05-2024 10:15,2024-05-16 10:15:00,2024,5,16,10,137,32.7
Pashan AWS,18.5362,73.7928,16-05-2024 10:20,2024-05-16 10:20:00,2024,5,16,10,137,32.8
Pashan AWS,18.5362,73.7928,16-05-2024 10:25,2024-05-16 10:25:00,2024,5,16,10,137,33.0
Pashan AWS,18.5362,73.7928,16-05-2024 10:30,2024-05-16 10:30:00,2024,5,16,10,137,33.2
Pashan AWS,18.5362,73.7928,16-05-2024 10:35,2024-05-16 10:35:00,2024,5,16,10,137,32.8
Pashan AWS,18.5362,73.7928,16-05-2024 10:40,2024-05-16 10:40:00,2024,5,16,10,137,32.8
Pashan AWS,18.5362,73.7928,16-05-2024 10:45,2024-05-16 10:45:00,2024,5,16,10,137,32.9
Pashan AWS,18.5362,73.7928,16-05-2024 10:50,2024-05-16 10:50:00,2024,5,16,10,137,33.3
Pashan AWS,18.5362,73.7928,16-05-2024 10:55,2024-05-16 10:55:00,2024,5,16,10,137,33.3
Pashan AWS,18.5362,73.7928,16-05-2024 11:00,2024-05-16 11:00:00,2024,5,16,11,137,33.5
Pashan AWS,18.5362,73.7928,16-05-2024 11:05,2024-05-16 11:05:00,2024,5,16,11,137,33.9
Pashan AWS,18.5362,73.7928,16-05-2024 11:10,2024-05-16 11:10:00,2024,5,16,11,137,33.8
Pashan AWS,18.5362,73.7928,16-05-2024 11:15,2024-05-16 11:15:00,2024,5,16,11,137,34.0
Pashan AWS,18.5362,73.7928,16-05-2024 11:20,2024-05-16 11:20:00,2024,5,16,11,137,34.1
Pashan AWS,18.5362,73.7928,16-05-2024 11:25,2024-05-16 11:25:00,2024,5,16,11,137,34.1
Pashan AWS,18.5362,73.7928,16-05-2024 11:30,2024-05-16 11:30:00,2024,5,16,11,137,34.1
Pashan AWS,18.5362,73.7928,16-05-2024 11:35,2024-05-16 11:35:00,2024,5,16,11,137,34.2
Pashan AWS,18.5362,73.7928,16-05-2024 11:40,2024-05-16 11:40:00,2024,5,16,11,137,34.7
Pashan AWS,18.5362,73.7928,16-05-2024 11:45,2024-05-16 11:45:00,2024,5,16,11,137,35.0
Pashan AWS,18.5362,73.7928,16-05-2024 11:50,2024-05-16 11:50:00,2024,5,16,11,137,35.3
Pashan AWS,18.5362,73.7928,16-05-2024 11:55,2024-05-16 11:55:00,2024,5,16,11,137,35.4
Pashan AWS,18.5362,73.7928,16-05-2024 12:00,2024-05-16 12:00:00,2024,5,16,12,137,35.3
Pashan AWS,18.5362,73.7928,16-05-2024 12:05,2024-05-16 12:05:00,2024,5,16,12,137,35.4
Pashan AWS,18.5362,73.7928,16-05-2024 12:10,2024-05-16 12:10:00,2024,5,16,12,137,35.7
Pashan AWS,18.5362,73.7928,16-05-2024 12:15,2024-05-16 12:15:00,2024,5,16,12,137,35.6
Pashan AWS,18.5362,73.7928,16-05-2024 12:20,2024-05-16 12:20:00,2024,5,16,12,137,35.9
Pashan AWS,18.5362,73.7928,16-05-2024 12:25,2024-05-16 12:25:00,2024,5,16,12,137,36.0
Pashan AWS,18.5362,73.7928,16-05-2024 12:30,2024-05-16 12:30:00,2024,5,16,12,137,36.4
Pashan AWS,18.5362,73.7928,16-05-2024 12:35,2024-05-16 12:35:00,2024,5,16,12,137,36.4
Pashan AWS,18.5362,73.7928,16-05-2024 12:40,2024-05-16 12:40:00,2024,5,16,12,137,36.3
Pashan AWS,18.5362,73.7928,16-05-2024 12:45,2024-05-16 12:45:00,2024,5,16,12,137,36.3
Pashan AWS,18.5362,73.7928,16-05-2024 12:50,2024-05-16 12:50:00,2024,5,16,12,137,36.5
Pashan AWS,18.5362,73.7928,16-05-2024 12:55,2024-05-16 12:55:00,2024,5,16,12,137,36.3
Pashan AWS,18.5362,73.7928,16-05-2024 13:00,2024-05-16 13:00:00,2024,5,16,13,137,36.1
Pashan AWS,18.5362,73.7928,16-05-2024 13:05,2024-05-16 13:05:00,2024,5,16,13,137,36.1
Pashan AWS,18.5362,73.7928,16-05-2024 13:10,2024-05-16 13:10:00,2024,5,16,13,137,36.1
Pashan AWS,18.5362,73.7928,16-05-2024 13:15,2024-05-16 13:15:00,2024,5,16,13,137,36.2
Pashan AWS,18.5362,73.7928,16-05-2024 13:20,2024-05-16 13:20:00,2024,5,16,13,137,36.4
Pashan AWS,18.5362,73.7928,16-05-2024 13:25,2024-05-16 13:25:00,2024,5,16,13,137,36.4
Pashan AWS,18.5362,73.7928,16-05-2024 13:30,2024-05-16 13:30:00,2024,5,16,13,137,36.1
Pashan AWS,18.5362,73.7928,16-05-2024 13:35,2024-05-16 13:35:00,2024,5,16,13,137,36.5
Pashan AWS,18.5362,73.7928,16-05-2024 13:40,2024-05-16 13:40:00,2024,5,16,13,137,36.4
Pashan AWS,18.5362,73.7928,16-05-2024 13:45,2024-05-16 13:45:00,2024,5,16,13,137,36.3
Pashan AWS,18.5362,73.7928,16-05-2024 13:50,2024-05-16 13:50:00,2024,5,16,13,137,36.5
Pashan AWS,18.5362,73.7928,16-05-2024 13:55,2024-05-16 13:55:00,2024,5,16,13,137,36.4
Pashan AWS,18.5362,73.7928,16-05-2024 14:00,2024-05-16 14:00:00,2024,5,16,14,137,36.5
Pashan AWS,18.5362,73.7928,16-05-2024 14:05,2024-05-16 14:05:00,2024,5,16,14,137,36.6
Pashan AWS,18.5362,73.7928,16-05-2024 14:10,2024-05-16 14:10:00,2024,5,16,14,137,36.7
Pashan AWS,18.5362,73.7928,16-05-2024 14:15,2024-05-16 14:15:00,2024,5,16,14,137,36.7
Pashan AWS,18.5362,73.7928,16-05-2024 14:20,2024-05-16 14:20:00,2024,5,16,14,137,36.9
Pashan AWS,18.5362,73.7928,16-05-2024 14:25,2024-05-16 14:25:00,2024,5,16,14,137,36.6
Pashan AWS,18.5362,73.7928,16-05-2024 14:30,2024-05-16 14:30:00,2024,5,16,14,137,36.7
Pashan AWS,18.5362,73.7928,16-05-2024 14:35,2024-05-16 14:35:00,2024,5,16,14,137,36.6
Pashan AWS,18.5362,73.7928,16-05-2024 14:40,2024-05-16 14:40:00,2024,5,16,14,137,36.8
Pashan AWS,18.5362,73.7928,16-05-2024 14:45,2024-05-16 14:45:00,2024,5,16,14,137,36.8
Pashan AWS,18.5362,73.7928,16-05-2024 14:50,2024-05-16 14:50:00,2024,5,16,14,137,36.7
Pashan AWS,18.5362,73.7928,16-05-2024 14:55,2024-05-16 14:55:00,2024,5,16,14,137,36.8
Pashan AWS,18.5362,73.7928,16-05-2024 15:00,2024-05-16 15:00:00,2024,5,16,15,137,36.9
Pashan AWS,18.5362,73.7928,16-05-2024 15:05,2024-05-16 15:05:00,2024,5,16,15,137,36.9
Pashan AWS,18.5362,73.7928,16-05-2024 15:10,2024-05-16 15:10:00,2024,5,16,15,137,36.7
Pashan AWS,18.5362,73.7928,16-05-2024 15:15,2024-05-16 15:15:00,2024,5,16,15,137,36.6
Pashan AWS,18.5362,73.7928,16-05-2024 15:20,2024-05-16 15:20:00,2024,5,16,15,137,36.6
Pashan AWS,18.5362,73.7928,16-05-2024 15:25,2024-05-16 15:25:00,2024,5,16,15,137,36.5
Pashan AWS,18.5362,73.7928,16-05-2024 15:30,2024-05-16 15:30:00,2024,5,16,15,137,36.6
Pashan AWS,18.5362,73.7928,16-05-2024 15:35,2024-05-16 15:35:00,2024,5,16,15,137,36.2
Pashan AWS,18.5362,73.7928,16-05-2024 15:40,2024-05-16 15:40:00,2024,5,16,15,137,36.2
Pashan AWS,18.5362,73.7928,16-05-2024 15:45,2024-05-16 15:45:00,2024,5,16,15,137,36.2
Pashan AWS,18.5362,73.7928,16-05-2024 15:50,2024-05-16 15:50:00,2024,5,16,15,137,36.0
Pashan AWS,18.5362,73.7928,16-05-2024 15:55,2024-05-16 15:55:00,2024,5,16,15,137,35.8
Pashan AWS,18.5362,73.7928,16-05-2024 16:00,2024-05-16 16:00:00,2024,5,16,16,137,35.7
Pashan AWS,18.5362,73.7928,16-05-2024 16:05,2024-05-16 16:05:00,2024,5,16,16,137,35.2
Pashan AWS,18.5362,73.7928,16-05-2024 16:10,2024-05-16 16:10:00,2024,5,16,16,137,35.0
Pashan AWS,18.5362,73.7928,16-05-2024 16:15,2024-05-16 16:15:00,2024,5,16,16,137,34.9
Pashan AWS,18.5362,73.7928,16-05-2024 16:20,2024-05-16 16:20:00,2024,5,16,16,137,34.9
Pashan AWS,18.5362,73.7928,16-05-2024 16:25,2024-05-16 16:25:00,2024,5,16,16,137,34.8
Pashan AWS,18.5362,73.7928,16-05-2024 16:30,2024-05-16 16:30:00,2024,5,16,16,137,34.7
Pashan AWS,18.5362,73.7928,16-05-2024 16:35,2024-05-16 16:35:00,2024,5,16,16,137,34.9
Pashan AWS,18.5362,73.7928,16-05-2024 16:40,2024-05-16 16:40:00,2024,5,16,16,137,35.0
Pashan AWS,18.5362,73.7928,16-05-2024 16:45,2024-05-16 16:45:00,2024,5,16,16,137,35.1
Pashan AWS,18.5362,73.7928,16-05-2024 16:50,2024-05-16 16:50:00,2024,5,16,16,137,34.9
Pashan AWS,18.5362,73.7928,16-05-2024 16:55,2024-05-16 16:55:00,2024,5,16,16,137,34.9
Pashan AWS,18.5362,73.7928,16-05-2024 17:00,2024-05-16 17:00:00,2024,5,16,17,137,34.8
Pashan AWS,18.5362,73.7928,16-05-2024 17:05,2024-05-16 17:05:00,2024,5,16,17,137,34.7
Pashan AWS,18.5362,73.7928,16-05-2024 17:10,2024-05-16 17:10:00,2024,5,16,17,137,34.7
Pashan AWS,18.5362,73.7928,16-05-2024 17:15,2024-05-16 17:15:00,2024,5,16,17,137,34.5
Pashan AWS,18.5362,73.7928,16-05-2024 17:20,2024-05-16 17:20:00,2024,5,16,17,137,34.6
Pashan AWS,18.5362,73.7928,16-05-2024 17:25,2024-05-16 17:25:00,2024,5,16,17,137,34.5
Pashan AWS,18.5362,73.7928,16-05-2024 17:30,2024-05-16 17:30:00,2024,5,16,17,137,34.5
Pashan AWS,18.5362,73.7928,16-05-2024 17:35,2024-05-16 17:35:00,2024,5,16,17,137,34.6
Pashan AWS,18.5362,73.7928,16-05-2024 17:40,2024-05-16 17:40:00,2024,5,16,17,137,34.6
Pashan AWS,18.5362,73.7928,16-05-2024 17:45,2024-05-16 17:45:00,2024,5,16,17,137,34.3
Pashan AWS,18.5362,73.7928,16-05-2024 17:50,2024-05-16 17:50:00,2024,5,16,17,137,34.2
Pashan AWS,18.5362,73.7928,16-05-2024 17:55,2024-05-16 17:55:00,2024,5,16,17,137,34.2
Pashan AWS,18.5362,73.7928,16-05-2024 18:00,2024-05-16 18:00:00,2024,5,16,18,137,34.2
Pashan AWS,18.5362,73.7928,16-05-2024 18:05,2024-05-16 18:05:00,2024,5,16,18,137,33.9
Pashan AWS,18.5362,73.7928,16-05-2024 18:10,2024-05-16 18:10:00,2024,5,16,18,137,33.6
Pashan AWS,18.5362,73.7928,16-05-2024 18:15,2024-05-16 18:15:00,2024,5,16,18,137,33.7
Pashan AWS,18.5362,73.7928,16-05-2024 18:20,2024-05-16 18:20:00,2024,5,16,18,137,33.4
Pashan AWS,18.5362,73.7928,16-05-2024 18:25,2024-05-16 18:25:00,2024,5,16,18,137,33.2
Pashan AWS,18.5362,73.7928,16-05-2024 18:30,2024-05-16 18:30:00,2024,5,16,18,137,33.3
Pashan AWS,18.5362,73.7928,16-05-2024 18:35,2024-05-16 18:35:00,2024,5,16,18,137,33.1
Pashan AWS,18.5362,73.7928,16-05-2024 18:40,2024-05-16 18:40:00,2024,5,16,18,137,32.9
Pashan AWS,18.5362,73.7928,16-05-2024 18:45,2024-05-16 18:45:00,2024,5,16,18,137,32.6
Pashan AWS,18.5362,73.7928,16-05-2024 18:50,2024-05-16 18:50:00,2024,5,16,18,137,32.5
Pashan AWS,18.5362,73.7928,16-05-2024 18:55,2024-05-16 18:55:00,2024,5,16,18,137,32.2
Pashan AWS,18.5362,73.7928,16-05-2024 19:00,2024-05-16 19:00:00,2024,5,16,19,137,32.0
Pashan AWS,18.5362,73.7928,16-05-2024 19:05,2024-05-16 19:05:00,2024,5,16,19,137,31.9
Pashan AWS,18.5362,73.7928,16-05-2024 19:10,2024-05-16 19:10:00,2024,5,16,19,137,31.9
Pashan AWS,18.5362,73.7928,16-05-2024 19:15,2024-05-16 19:15:00,2024,5,16,19,137,31.9
Pashan AWS,18.5362,73.7928,16-05-2024 19:20,2024-05-16 19:20:00,2024,5,16,19,137,31.6
Pashan AWS,18.5362,73.7928,16-05-2024 19:25,2024-05-16 19:25:00,2024,5,16,19,137,31.6
Pashan AWS,18.5362,73.7928,16-05-2024 19:30,2024-05-16 19:30:00,2024,5,16,19,137,31.4
Pashan AWS,18.5362,73.7928,16-05-2024 19:35,2024-05-16 19:35:00,2024,5,16,19,137,31.1
Pashan AWS,18.5362,73.7928,16-05-2024 19:40,2024-05-16 19:40:00,2024,5,16,19,137,30.9
Pashan AWS,18.5362,73.7928,16-05-2024 19:45,2024-05-16 19:45:00,2024,5,16,19,137,31.0
Pashan AWS,18.5362,73.7928,16-05-2024 19:50,2024-05-16 19:50:00,2024,5,16,19,137,30.8
Pashan AWS,18.5362,73.7928,16-05-2024 19:55,2024-05-16 19:55:00,2024,5,16,19,137,30.7
Pashan AWS,18.5362,73.7928,16-05-2024 20:00,2024-05-16 20:00:00,2024,5,16,20,137,30.7
Pashan AWS,18.5362,73.7928,16-05-2024 20:05,2024-05-16 20:05:00,2024,5,16,20,137,30.4
Pashan AWS,18.5362,73.7928,16-05-2024 20:10,2024-05-16 20:10:00,2024,5,16,20,137,30.0
Pashan AWS,18.5362,73.7928,16-05-2024 20:15,2024-05-16 20:15:00,2024,5,16,20,137,29.6
Pashan AWS,18.5362,73.7928,16-05-2024 20:20,2024-05-16 20:20:00,2024,5,16,20,137,29.5
Pashan AWS,18.5362,73.7928,16-05-2024 20:25,2024-05-16 20:25:00,2024,5,16,20,137,29.4
Pashan AWS,18.5362,73.7928,16-05-2024 20:30,2024-05-16 20:30:00,2024,5,16,20,137,29.5
Pashan AWS,18.5362,73.7928,16-05-2024 20:35,2024-05-16 20:35:00,2024,5,16,20,137,29.3
Pashan AWS,18.5362,73.7928,16-05-2024 20:40,2024-05-16 20:40:00,2024,5,16,20,137,29.1
Pashan AWS,18.5362,73.7928,16-05-2024 20:45,2024-05-16 20:45:00,2024,5,16,20,137,29.0
Pashan AWS,18.5362,73.7928,16-05-2024 20:50,2024-05-16 20:50:00,2024,5,16,20,137,28.8
Pashan AWS,18.5362,73.7928,16-05-2024 20:55,2024-05-16 20:55:00,2024,5,16,20,137,28.4
Pashan AWS,18.5362,73.7928,16-05-2024 21:00,2024-05-16 21:00:00,2024,5,16,21,137,28.7
Pashan AWS,18.5362,73.7928,16-05-2024 21:05,2024-05-16 21:05:00,2024,5,16,21,137,28.6
Pashan AWS,18.5362,73.7928,16-05-2024 21:10,2024-05-16 21:10:00,2024,5,16,21,137,28.4
Pashan AWS,18.5362,73.7928,16-05-2024 21:15,2024-05-16 21:15:00,2024,5,16,21,137,28.4
Pashan AWS,18.5362,73.7928,16-05-2024 21:20,2024-05-16 21:20:00,2024,5,16,21,137,28.3
Pashan AWS,18.5362,73.7928,16-05-2024 21:25,2024-05-16 21:25:00,2024,5,16,21,137,28.1
Pashan AWS,18.5362,73.7928,16-05-2024 21:30,2024-05-16 21:30:00,2024,5,16,21,137,27.8
Pashan AWS,18.5362,73.7928,16-05-2024 21:35,2024-05-16 21:35:00,2024,5,16,21,137,27.8
Pashan AWS,18.5362,73.7928,16-05-2024 21:40,2024-05-16 21:40:00,2024,5,16,21,137,27.6
Pashan AWS,18.5362,73.7928,16-05-2024 21:45,2024-05-16 21:45:00,2024,5,16,21,137,27.3
Pashan AWS,18.5362,73.7928,16-05-2024 21:50,2024-05-16 21:50:00,2024,5,16,21,137,27.4
Pashan AWS,18.5362,73.7928,16-05-2024 21:55,2024-05-16 21:55:00,2024,5,16,21,137,27.3
Pashan AWS,18.5362,73.7928,16-05-2024 22:00,2024-05-16 22:00:00,2024,5,16,22,137,27.2
Pashan AWS,18.5362,73.7928,16-05-2024 22:05,2024-05-16 22:05:00,2024,5,16,22,137,27.2
Pashan AWS,18.5362,73.7928,16-05-2024 22:10,2024-05-16 22:10:00,2024,5,16,22,137,27.1
Pashan AWS,18.5362,73.7928,16-05-2024 22:15,2024-05-16 22:15:00,2024,5,16,22,137,26.9
Pashan AWS,18.5362,73.7928,16-05-2024 22:20,2024-05-16 22:20:00,2024,5,16,22,137,26.9
Pashan AWS,18.5362,73.7928,16-05-2024 22:25,2024-05-16 22:25:00,2024,5,16,22,137,26.6
Pashan AWS,18.5362,73.7928,16-05-2024 22:30,2024-05-16 22:30:00,2024,5,16,22,137,26.4
Pashan AWS,18.5362,73.7928,16-05-2024 22:35,2024-05-16 22:35:00,2024,5,16,22,137,26.3
Pashan AWS,18.5362,73.7928,16-05-2024 22:40,2024-05-16 22:40:00,2024,5,16,22,137,26.0
Pashan AWS,18.5362,73.7928,16-05-2024 22:45,2024-05-16 22:45:00,2024,5,16,22,137,26.2
Pashan AWS,18.5362,73.7928,16-05-2024 22:50,2024-05-16 22:50:00,2024,5,16,22,137,25.8
Pashan AWS,18.5362,73.7928,16-05-2024 22:55,2024-05-16 22:55:00,2024,5,16,22,137,25.4
Pashan AWS,18.5362,73.7928,16-05-2024 23:00,2024-05-16 23:00:00,2024,5,16,23,137,25.5
Pashan AWS,18.5362,73.7928,16-05-2024 23:05,2024-05-16 23:05:00,2024,5,16,23,137,25.5
Pashan AWS,18.5362,73.7928,16-05-2024 23:10,2024-05-16 23:10:00,2024,5,16,23,137,25.2
Pashan AWS,18.5362,73.7928,16-05-2024 23:15,2024-05-16 23:15:00,2024,5,16,23,137,25.1
Pashan AWS,18.5362,73.7928,16-05-2024 23:20,2024-05-16 23:20:00,2024,5,16,23,137,25.2
Pashan AWS,18.5362,73.7928,16-05-2024 23:25,2024-05-16 23:25:00,2024,5,16,23,137,25.0
Pashan AWS,18.5362,73.7928,16-05-2024 23:30,2024-05-16 23:30:00,2024,5,16,23,137,25.3
Pashan AWS,18.5362,73.7928,16-05-2024 23:35,2024-05-16 23:35:00,2024,5,16,23,137,24.9
Pashan AWS,18.5362,73.7928,16-05-2024 23:40,2024-05-16 23:40:00,2024,5,16,23,137,24.8
Pashan AWS,18.5362,73.7928,16-05-2024 23:45,2024-05-16 23:45:00,2024,5,16,23,137,24.9
Pashan AWS,18.5362,73.7928,16-05-2024 23:50,2024-05-16 23:50:00,2024,5,16,23,137,24.9
Pashan AWS,18.5362,73.7928,16-05-2024 23:55,2024-05-16 23:55:00,2024,5,16,23,137,24.7
Pashan AWS,18.5362,73.7928,17-05-2024 00:00,2024-05-17 00:00:00,2024,5,17,0,138,24.5
Pashan AWS,18.5362,73.7928,17-05-2024 00:05,2024-05-17 00:05:00,2024,5,17,0,138,24.4
Pashan AWS,18.5362,73.7928,17-05-2024 00:10,2024-05-17 00:10:00,2024,5,17,0,138,24.4
Pashan AWS,18.5362,73.7928,17-05-2024 00:15,2024-05-17 00:15:00,2024,5,17,0,138,24.4
Pashan AWS,18.5362,73.7928,17-05-2024 00:20,2024-05-17 00:20:00,2024,5,17,0,138,24.4
Pashan AWS,18.5362,73.7928,17-05-2024 00:25,2024-05-17 00:25:00,2024,5,17,0,138,24.1
Pashan AWS,18.5362,73.7928,17-05-2024 00:30,2024-05-17 00:30:00,2024,5,17,0,138,23.9
Pashan AWS,18.5362,73.7928,17-05-2024 00:35,2024-05-17 00:35:00,2024,5,17,0,138,23.7
Pashan AWS,18.5362,73.7928,17-05-2024 00:40,2024-05-17 00:40:00,2024,5,17,0,138,23.5
Pashan AWS,18.5362,73.7928,17-05-2024 00:45,2024-05-17 00:45:00,2024,5,17,0,138,23.6
Pashan AWS,18.5362,73.7928,17-05-2024 00:50,2024-05-17 00:50:00,2024,5,17,0,138,23.5
Pashan AWS,18.5362,73.7928,17-05-2024 00:55,2024-05-17 00:55:00,2024,5,17,0,138,23.8
Pashan AWS,18.5362,73.7928,17-05-2024 01:00,2024-05-17 01:00:00,2024,5,17,1,138,23.7
Pashan AWS,18.5362,73.7928,17-05-2024 01:05,2024-05-17 01:05:00,2024,5,17,1,138,23.6
Pashan AWS,18.5362,73.7928,17-05-2024 01:10,2024-05-17 01:10:00,2024,5,17,1,138,23.5
Pashan AWS,18.5362,73.7928,17-05-2024 01:15,2024-05-17 01:15:00,2024,5,17,1,138,23.3
Pashan AWS,18.5362,73.7928,17-05-2024 01:20,2024-05-17 01:20:00,2024,5,17,1,138,23.2
Pashan AWS,18.5362,73.7928,17-05-2024 01:25,2024-05-17 01:25:00,2024,5,17,1,138,23.3
Pashan AWS,18.5362,73.7928,17-05-2024 01:30,2024-05-17 01:30:00,2024,5,17,1,138,23.3
Pashan AWS,18.5362,73.7928,17-05-2024 01:35,2024-05-17 01:35:00,2024,5,17,1,138,23.1
Pashan AWS,18.5362,73.7928,17-05-2024 01:40,2024-05-17 01:40:00,2024,5,17,1,138,22.9
Pashan AWS,18.5362,73.7928,17-05-2024 01:45,2024-05-17 01:45:00,2024,5,17,1,138,22.7
Pashan AWS,18.5362,73.7928,17-05-2024 01:50,2024-05-17 01:50:00,2024,5,17,1,138,22.7
Pashan AWS,18.5362,73.7928,17-05-2024 01:55,2024-05-17 01:55:00,2024,5,17,1,138,22.8
Pashan AWS,18.5362,73.7928,17-05-2024 02:00,2024-05-17 02:00:00,2024,5,17,2,138,22.6
Pashan AWS,18.5362,73.7928,17-05-2024 02:05,2024-05-17 02:05:00,2024,5,17,2,138,22.5
Pashan AWS,18.5362,73.7928,17-05-2024 02:10,2024-05-17 02:10:00,2024,5,17,2,138,22.5
Pashan AWS,18.5362,73.7928,17-05-2024 02:15,2024-05-17 02:15:00,2024,5,17,2,138,22.2
Pashan AWS,18.5362,73.7928,17-05-2024 02:20,2024-05-17 02:20:00,2024,5,17,2,138,22.1
Pashan AWS,18.5362,73.7928,17-05-2024 02:25,2024-05-17 02:25:00,2024,5,17,2,138,22.0
Pashan AWS,18.5362,73.7928,17-05-2024 02:30,2024-05-17 02:30:00,2024,5,17,2,138,21.8
Pashan AWS,18.5362,73.7928,17-05-2024 02:35,2024-05-17 02:35:00,2024,5,17,2,138,21.9
Pashan AWS,18.5362,73.7928,17-05-2024 02:40,2024-05-17 02:40:00,2024,5,17,2,138,21.9
Pashan AWS,18.5362,73.7928,17-05-2024 02:45,2024-05-17 02:45:00,2024,5,17,2,138,21.8
Pashan AWS,18.5362,73.7928,17-05-2024 02:50,2024-05-17 02:50:00,2024,5,17,2,138,21.9
Pashan AWS,18.5362,73.7928,17-05-2024 02:55,2024-05-17 02:55:00,2024,5,17,2,138,22.2
Pashan AWS,18.5362,73.7928,17-05-2024 03:00,2024-05-17 03:00:00,2024,5,17,3,138,22.5
Pashan AWS,18.5362,73.7928,17-05-2024 03:05,2024-05-17 03:05:00,2024,5,17,3,138,22.2
Pashan AWS,18.5362,73.7928,17-05-2024 03:10,2024-05-17 03:10:00,2024,5,17,3,138,22.3
Pashan AWS,18.5362,73.7928,17-05-2024 03:15,2024-05-17 03:15:00,2024,5,17,3,138,22.3
Pashan AWS,18.5362,73.7928,17-05-2024 03:20,2024-05-17 03:20:00,2024,5,17,3,138,22.4
Pashan AWS,18.5362,73.7928,17-05-2024 03:25,2024-05-17 03:25:00,2024,5,17,3,138,22.4
Pashan AWS,18.5362,73.7928,17-05-2024 03:30,2024-05-17 03:30:00,2024,5,17,3,138,22.4
Pashan AWS,18.5362,73.7928,17-05-2024 03:35,2024-05-17 03:35:00,2024,5,17,3,138,22.5
Pashan AWS,18.5362,73.7928,17-05-2024 03:40,2024-05-17 03:40:00,2024,5,17,3,138,22.4
Pashan AWS,18.5362,73.7928,17-05-2024 03:45,2024-05-17 03:45:00,2024,5,17,3,138,22.4
Pashan AWS,18.5362,73.7928,17-05-2024 03:50,2024-05-17 03:50:00,2024,5,17,3,138,22.3
Pashan AWS,18.5362,73.7928,17-05-2024 03:55,2024-05-17 03:55:00,2024,5,17,3,138,22.4
Pashan AWS,18.5362,73.7928,17-05-2024 04:00,2024-05-17 04:00:00,2024,5,17,4,138,22.6
Pashan AWS,18.5362,73.7928,17-05-2024 04:05,2024-05-17 04:05:00,2024,5,17,4,138,22.8
Pashan AWS,18.5362,73.7928,17-05-2024 04:10,2024-05-17 04:10:00,2024,5,17,4,138,22.8
Pashan AWS,18.5362,73.7928,17-05-2024 04:15,2024-05-17 04:15:00,2024,5,17,4,138,22.9
Pashan AWS,18.5362,73.7928,17-05-2024 04:20,2024-05-17 04:20:00,2024,5,17,4,138,23.1
Pashan AWS,18.5362,73.7928,17-05-2024 04:25,2024-05-17 04:25:00,2024,5,17,4,138,23.4
Pashan AWS,18.5362,73.7928,17-05-2024 04:30,2024-05-17 04:30:00,2024,5,17,4,138,23.4
Pashan AWS,18.5362,73.7928,17-05-2024 04:35,2024-05-17 04:35:00,2024,5,17,4,138,23.4
Pashan AWS,18.5362,73.7928,17-05-2024 04:40,2024-05-17 04:40:00,2024,5,17,4,138,23.5
Pashan AWS,18.5362,73.7928,17-05-2024 04:45,2024-05-17 04:45:00,2024,5,17,4,138,23.4
Pashan AWS,18.5362,73.7928,17-05-2024 04:50,2024-05-17 04:50:00,2024,5,17,4,138,23.5
Pashan AWS,18.5362,73.7928,17-05-2024 04:55,2024-05-17 04:55:00,2024,5,17,4,138,23.7
Pashan AWS,18.5362,73.7928,17-05-2024 05:00,2024-05-17 05:00:00,2024,5,17,5,138,23.9
Pashan AWS,18.5362,73.7928,17-05-2024 05:05,2024-05-17 05:05:00,2024,5,17,5,138,23.9
Pashan AWS,18.5362,73.7928,17-05-2024 05:10,2024-05-17 05:10:00,2024,5,17,5,138,24.1
Pashan AWS,18.5362,73.7928,17-05-2024 05:15,2024-05-17 05:15:00,2024,5,17,5,138,24.0
Pashan AWS,18.5362,73.7928,17-05-2024 05:20,2024-05-17 05:20:00,2024,5,17,5,138,24.2
Pashan AWS,18.5362,73.7928,17-05-2024 05:25,2024-05-17 05:25:00,2024,5,17,5,138,24.3
Pashan AWS,18.5362,73.7928,17-05-2024 05:30,2024-05-17 05:30:00,2024,5,17,5,138,24.4
Pashan AWS,18.5362,73.7928,17-05-2024 05:35,2024-05-17 05:35:00,2024,5,17,5,138,24.4
Pashan AWS,18.5362,73.7928,17-05-2024 05:40,2024-05-17 05:40:00,2024,5,17,5,138,24.5
Pashan AWS,18.5362,73.7928,17-05-2024 05:45,2024-05-17 05:45:00,2024,5,17,5,138,24.6
Pashan AWS,18.5362,73.7928,17-05-2024 05:50,2024-05-17 05:50:00,2024,5,17,5,138,24.8
Pashan AWS,18.5362,73.7928,17-05-2024 05:55,2024-05-17 05:55:00,2024,5,17,5,138,24.9
Pashan AWS,18.5362,73.7928,17-05-2024 06:00,2024-05-17 06:00:00,2024,5,17,6,138,25.2
Pashan AWS,18.5362,73.7928,17-05-2024 06:05,2024-05-17 06:05:00,2024,5,17,6,138,25.5
Pashan AWS,18.5362,73.7928,17-05-2024 06:10,2024-05-17 06:10:00,2024,5,17,6,138,25.5
Pashan AWS,18.5362,73.7928,17-05-2024 06:15,2024-05-17 06:15:00,2024,5,17,6,138,25.6
Pashan AWS,18.5362,73.7928,17-05-2024 06:20,2024-05-17 06:20:00,2024,5,17,6,138,25.7
Pashan AWS,18.5362,73.7928,17-05-2024 06:25,2024-05-17 06:25:00,2024,5,17,6,138,25.7
Pashan AWS,18.5362,73.7928,17-05-2024 06:30,2024-05-17 06:30:00,2024,5,17,6,138,26.2
Pashan AWS,18.5362,73.7928,17-05-2024 06:35,2024-05-17 06:35:00,2024,5,17,6,138,26.2
Pashan AWS,18.5362,73.7928,17-05-2024 06:40,2024-05-17 06:40:00,2024,5,17,6,138,26.4
Pashan AWS,18.5362,73.7928,17-05-2024 06:45,2024-05-17 06:45:00,2024,5,17,6,138,26.6
Pashan AWS,18.5362,73.7928,17-05-2024 06:50,2024-05-17 06:50:00,2024,5,17,6,138,26.6
Pashan AWS,18.5362,73.7928,17-05-2024 06:55,2024-05-17 06:55:00,2024,5,17,6,138,26.6
Pashan AWS,18.5362,73.7928,17-05-2024 07:00,2024-05-17 07:00:00,2024,5,17,7,138,26.5
Pashan AWS,18.5362,73.7928,17-05-2024 07:05,2024-05-17 07:05:00,2024,5,17,7,138,26.5
Pashan AWS,18.5362,73.7928,17-05-2024 07:10,2024-05-17 07:10:00,2024,5,17,7,138,26.3
Pashan AWS,18.5362,73.7928,17-05-2024 07:15,2024-05-17 07:15:00,2024,5,17,7,138,26.5
Pashan AWS,18.5362,73.7928,17-05-2024 07:20,2024-05-17 07:20:00,2024,5,17,7,138,27.0
Pashan AWS,18.5362,73.7928,17-05-2024 07:25,2024-05-17 07:25:00,2024,5,17,7,138,27.2
Pashan AWS,18.5362,73.7928,17-05-2024 07:30,2024-05-17 07:30:00,2024,5,17,7,138,27.1
Pashan AWS,18.5362,73.7928,17-05-2024 07:35,2024-05-17 07:35:00,2024,5,17,7,138,27.2
Pashan AWS,18.5362,73.7928,17-05-2024 07:40,2024-05-17 07:40:00,2024,5,17,7,138,27.3
Pashan AWS,18.5362,73.7928,17-05-2024 07:45,2024-05-17 07:45:00,2024,5,17,7,138,27.3
Pashan AWS,18.5362,73.7928,17-05-2024 07:50,2024-05-17 07:50:00,2024,5,17,7,138,27.6
Pashan AWS,18.5362,73.7928,17-05-2024 07:55,2024-05-17 07:55:00,2024,5,17,7,138,27.9
Pashan AWS,18.5362,73.7928,17-05-2024 08:00,2024-05-17 08:00:00,2024,5,17,8,138,27.9
Pashan AWS,18.5362,73.7928,17-05-2024 08:05,2024-05-17 08:05:00,2024,5,17,8,138,28.2
Pashan AWS,18.5362,73.7928,17-05-2024 08:10,2024-05-17 08:10:00,2024,5,17,8,138,28.6
Pashan AWS,18.5362,73.7928,17-05-2024 08:15,2024-05-17 08:15:00,2024,5,17,8,138,29.1
Pashan AWS,18.5362,73.7928,17-05-2024 08:20,2024-05-17 08:20:00,2024,5,17,8,138,29.6
Pashan AWS,18.5362,73.7928,17-05-2024 08:25,2024-05-17 08:25:00,2024,5,17,8,138,29.6
Pashan AWS,18.5362,73.7928,17-05-2024 08:30,2024-05-17 08:30:00,2024,5,17,8,138,30.2
Pashan AWS,18.5362,73.7928,17-05-2024 08:35,2024-05-17 08:35:00,2024,5,17,8,138,30.3
Pashan AWS,18.5362,73.7928,17-05-2024 08:40,2024-05-17 08:40:00,2024,5,17,8,138,30.3
Pashan AWS,18.5362,73.7928,17-05-2024 08:45,2024-05-17 08:45:00,2024,5,17,8,138,30.5
Pashan AWS,18.5362,73.7928,17-05-2024 08:50,2024-05-17 08:50:00,2024,5,17,8,138,30.5
Pashan AWS,18.5362,73.7928,17-05-2024 08:55,2024-05-17 08:55:00,2024,5,17,8,138,30.7
Pashan AWS,18.5362,73.7928,17-05-2024 09:00,2024-05-17 09:00:00,2024,5,17,9,138,30.6
Pashan AWS,18.5362,73.7928,17-05-2024 09:05,2024-05-17 09:05:00,2024,5,17,9,138,30.7
Pashan AWS,18.5362,73.7928,17-05-2024 09:10,2024-05-17 09:10:00,2024,5,17,9,138,31.0
Pashan AWS,18.5362,73.7928,17-05-2024 09:15,2024-05-17 09:15:00,2024,5,17,9,138,31.2
Pashan AWS,18.5362,73.7928,17-05-2024 09:20,2024-05-17 09:20:00,2024,5,17,9,138,31.3
Pashan AWS,18.5362,73.7928,17-05-2024 09:25,2024-05-17 09:25:00,2024,5,17,9,138,31.5
Pashan AWS,18.5362,73.7928,17-05-2024 09:30,2024-05-17 09:30:00,2024,5,17,9,138,31.8
Pashan AWS,18.5362,73.7928,17-05-2024 09:35,2024-05-17 09:35:00,2024,5,17,9,138,31.7
Pashan AWS,18.5362,73.7928,17-05-2024 09:40,2024-05-17 09:40:00,2024,5,17,9,138,31.9
Pashan AWS,18.5362,73.7928,17-05-2024 09:45,2024-05-17 09:45:00,2024,5,17,9,138,32.0
Pashan AWS,18.5362,73.7928,17-05-2024 09:50,2024-05-17 09:50:00,2024,5,17,9,138,32.2
Pashan AWS,18.5362,73.7928,17-05-2024 09:55,2024-05-17 09:55:00,2024,5,17,9,138,32.4
Pashan AWS,18.5362,73.7928,17-05-2024 10:00,2024-05-17 10:00:00,2024,5,17,10,138,32.4
Pashan AWS,18.5362,73.7928,17-05-2024 10:05,2024-05-17 10:05:00,2024,5,17,10,138,32.4
Pashan AWS,18.5362,73.7928,17-05-2024 10:10,2024-05-17 10:10:00,2024,5,17,10,138,32.2
Pashan AWS,18.5362,73.7928,17-05-2024 10:15,2024-05-17 10:15:00,2024,5,17,10,138,32.3
Pashan AWS,18.5362,73.7928,17-05-2024 10:20,2024-05-17 10:20:00,2024,5,17,10,138,32.6
Pashan AWS,18.5362,73.7928,17-05-2024 10:25,2024-05-17 10:25:00,2024,5,17,10,138,32.8
Pashan AWS,18.5362,73.7928,17-05-2024 10:30,2024-05-17 10:30:00,2024,5,17,10,138,32.7
Pashan AWS,18.5362,73.7928,17-05-2024 10:35,2024-05-17 10:35:00,2024,5,17,10,138,32.8
Pashan AWS,18.5362,73.7928,17-05-2024 10:40,2024-05-17 10:40:00,2024,5,17,10,138,32.7
Pashan AWS,18.5362,73.7928,17-05-2024 10:45,2024-05-17 10:45:00,2024,5,17,10,138,32.7
Pashan AWS,18.5362,73.7928,17-05-2024 10:50,2024-05-17 10:50:00,2024,5,17,10,138,32.9
Pashan AWS,18.5362,73.7928,17-05-2024 10:55,2024-05-17 10:55:00,2024,5,17,10,138,32.9
Pashan AWS,18.5362,73.7928,17-05-2024 11:00,2024-05-17 11:00:00,2024,5,17,11,138,33.2
Pashan AWS,18.5362,73.7928,17-05-2024 11:05,2024-05-17 11:05:00,2024,5,17,11,138,33.4
Pashan AWS,18.5362,73.7928,17-05-2024 11:10,2024-05-17 11:10:00,2024,5,17,11,138,33.5
Pashan AWS,18.5362,73.7928,17-05-2024 11:15,2024-05-17 11:15:00,2024,5,17,11,138,33.6
Pashan AWS,18.5362,73.7928,17-05-2024 11:20,2024-05-17 11:20:00,2024,5,17,11,138,33.9
Pashan AWS,18.5362,73.7928,17-05-2024 11:25,2024-05-17 11:25:00,2024,5,17,11,138,34.1
Pashan AWS,18.5362,73.7928,17-05-2024 11:30,2024-05-17 11:30:00,2024,5,17,11,138,34.3
Pashan AWS,18.5362,73.7928,17-05-2024 11:35,2024-05-17 11:35:00,2024,5,17,11,138,34.5
Pashan AWS,18.5362,73.7928,17-05-2024 11:40,2024-05-17 11:40:00,2024,5,17,11,138,34.6
Pashan AWS,18.5362,73.7928,17-05-2024 11:45,2024-05-17 11:45:00,2024,5,17,11,138,34.8
Pashan AWS,18.5362,73.7928,17-05-2024 11:50,2024-05-17 11:50:00,2024,5,17,11,138,34.8
Pashan AWS,18.5362,73.7928,17-05-2024 11:55,2024-05-17 11:55:00,2024,5,17,11,138,34.9
Pashan AWS,18.5362,73.7928,17-05-2024 12:00,2024-05-17 12:00:00,2024,5,17,12,138,35.0
Pashan AWS,18.5362,73.7928,17-05-2024 12:05,2024-05-17 12:05:00,2024,5,17,12,138,35.0
Pashan AWS,18.5362,73.7928,17-05-2024 12:10,2024-05-17 12:10:00,2024,5,17,12,138,35.0
Pashan AWS,18.5362,73.7928,17-05-2024 12:15,2024-05-17 12:15:00,2024,5,17,12,138,35.2
Pashan AWS,18.5362,73.7928,17-05-2024 12:20,2024-05-17 12:20:00,2024,5,17,12,138,35.5
Pashan AWS,18.5362,73.7928,17-05-2024 12:25,2024-05-17 12:25:00,2024,5,17,12,138,35.8
Pashan AWS,18.5362,73.7928,17-05-2024 12:30,2024-05-17 12:30:00,2024,5,17,12,138,35.6
Pashan AWS,18.5362,73.7928,17-05-2024 12:35,2024-05-17 12:35:00,2024,5,17,12,138,35.9
Pashan AWS,18.5362,73.7928,17-05-2024 12:40,2024-05-17 12:40:00,2024,5,17,12,138,35.9
Pashan AWS,18.5362,73.7928,17-05-2024 12:45,2024-05-17 12:45:00,2024,5,17,12,138,36.1
Pashan AWS,18.5362,73.7928,17-05-2024 12:50,2024-05-17 12:50:00,2024,5,17,12,138,36.0
Pashan AWS,18.5362,73.7928,17-05-2024 12:55,2024-05-17 12:55:00,2024,5,17,12,138,36.1
Pashan AWS,18.5362,73.7928,17-05-2024 13:00,2024-05-17 13:00:00,2024,5,17,13,138,36.2
Pashan AWS,18.5362,73.7928,17-05-2024 13:05,2024-05-17 13:05:00,2024,5,17,13,138,36.0
Pashan AWS,18.5362,73.7928,17-05-2024 13:10,2024-05-17 13:10:00,2024,5,17,13,138,36.2
Pashan AWS,18.5362,73.7928,17-05-2024 13:15,2024-05-17 13:15:00,2024,5,17,13,138,36.5
Pashan AWS,18.5362,73.7928,17-05-2024 13:20,2024-05-17 13:20:00,2024,5,17,13,138,36.5
Pashan AWS,18.5362,73.7928,17-05-2024 13:25,2024-05-17 13:25:00,2024,5,17,13,138,36.7
Pashan AWS,18.5362,73.7928,17-05-2024 13:30,2024-05-17 13:30:00,2024,5,17,13,138,36.7
Pashan AWS,18.5362,73.7928,17-05-2024 13:35,2024-05-17 13:35:00,2024,5,17,13,138,36.9
Pashan AWS,18.5362,73.7928,17-05-2024 13:40,2024-05-17 13:40:00,2024,5,17,13,138,36.6
Pashan AWS,18.5362,73.7928,17-05-2024 13:45,2024-05-17 13:45:00,2024,5,17,13,138,37.0
Pashan AWS,18.5362,73.7928,17-05-2024 13:50,2024-05-17 13:50:00,2024,5,17,13,138,37.2
Pashan AWS,18.5362,73.7928,17-05-2024 13:55,2024-05-17 13:55:00,2024,5,17,13,138,37.2
Pashan AWS,18.5362,73.7928,17-05-2024 14:00,2024-05-17 14:00:00,2024,5,17,14,138,36.9
Pashan AWS,18.5362,73.7928,17-05-2024 14:05,2024-05-17 14:05:00,2024,5,17,14,138,36.9
Pashan AWS,18.5362,73.7928,17-05-2024 14:10,2024-05-17 14:10:00,2024,5,17,14,138,36.7
Pashan AWS,18.5362,73.7928,17-05-2024 14:15,2024-05-17 14:15:00,2024,5,17,14,138,36.8
Pashan AWS,18.5362,73.7928,17-05-2024 14:20,2024-05-17 14:20:00,2024,5,17,14,138,36.9
Pashan AWS,18.5362,73.7928,17-05-2024 14:25,2024-05-17 14:25:00,2024,5,17,14,138,36.7
Pashan AWS,18.5362,73.7928,17-05-2024 14:30,2024-05-17 14:30:00,2024,5,17,14,138,36.9
Pashan AWS,18.5362,73.7928,17-05-2024 14:35,2024-05-17 14:35:00,2024,5,17,14,138,37.0
Pashan AWS,18.5362,73.7928,17-05-2024 14:40,2024-05-17 14:40:00,2024,5,17,14,138,37.2
Pashan AWS,18.5362,73.7928,17-05-2024 14:45,2024-05-17 14:45:00,2024,5,17,14,138,37.1
Pashan AWS,18.5362,73.7928,17-05-2024 14:50,2024-05-17 14:50:00,2024,5,17,14,138,36.9
Pashan AWS,18.5362,73.7928,17-05-2024 14:55,2024-05-17 14:55:00,2024,5,17,14,138,37.0
Pashan AWS,18.5362,73.7928,17-05-2024 15:00,2024-05-17 15:00:00,2024,5,17,15,138,37.0
Pashan AWS,18.5362,73.7928,17-05-2024 15:05,2024-05-17 15:05:00,2024,5,17,15,138,36.7
Pashan AWS,18.5362,73.7928,17-05-2024 15:10,2024-05-17 15:10:00,2024,5,17,15,138,36.9
Pashan AWS,18.5362,73.7928,17-05-2024 15:15,2024-05-17 15:15:00,2024,5,17,15,138,37.2
Pashan AWS,18.5362,73.7928,17-05-2024 15:20,2024-05-17 15:20:00,2024,5,17,15,138,37.1
Pashan AWS,18.5362,73.7928,17-05-2024 15:25,2024-05-17 15:25:00,2024,5,17,15,138,37.4
Pashan AWS,18.5362,73.7928,17-05-2024 15:30,2024-05-17 15:30:00,2024,5,17,15,138,37.3
Pashan AWS,18.5362,73.7928,17-05-2024 15:35,2024-05-17 15:35:00,2024,5,17,15,138,37.2
Pashan AWS,18.5362,73.7928,17-05-2024 15:40,2024-05-17 15:40:00,2024,5,17,15,138,37.1
Pashan AWS,18.5362,73.7928,17-05-2024 15:45,2024-05-17 15:45:00,2024,5,17,15,138,37.2
Pashan AWS,18.5362,73.7928,17-05-2024 15:50,2024-05-17 15:50:00,2024,5,17,15,138,37.0
Pashan AWS,18.5362,73.7928,17-05-2024 15:55,2024-05-17 15:55:00,2024,5,17,15,138,37.1
Pashan AWS,18.5362,73.7928,17-05-2024 16:00,2024-05-17 16:00:00,2024,5,17,16,138,36.9
Pashan AWS,18.5362,73.7928,17-05-2024 16:05,2024-05-17 16:05:00,2024,5,17,16,138,36.7
Pashan AWS,18.5362,73.7928,17-05-2024 16:10,2024-05-17 16:10:00,2024,5,17,16,138,36.8
Pashan AWS,18.5362,73.7928,17-05-2024 16:15,2024-05-17 16:15:00,2024,5,17,16,138,36.7
Pashan AWS,18.5362,73.7928,17-05-2024 16:20,2024-05-17 16:20:00,2024,5,17,16,138,36.5
Pashan AWS,18.5362,73.7928,17-05-2024 16:25,2024-05-17 16:25:00,2024,5,17,16,138,36.6
Pashan AWS,18.5362,73.7928,17-05-2024 16:30,2024-05-17 16:30:00,2024,5,17,16,138,36.8
Pashan AWS,18.5362,73.7928,17-05-2024 16:35,2024-05-17 16:35:00,2024,5,17,16,138,36.7
Pashan AWS,18.5362,73.7928,17-05-2024 16:40,2024-05-17 16:40:00,2024,5,17,16,138,36.5
Pashan AWS,18.5362,73.7928,17-05-2024 16:45,2024-05-17 16:45:00,2024,5,17,16,138,36.3
Pashan AWS,18.5362,73.7928,17-05-2024 16:50,2024-05-17 16:50:00,2024,5,17,16,138,36.2
Pashan AWS,18.5362,73.7928,17-05-2024 16:55,2024-05-17 16:55:00,2024,5,17,16,138,36.2
Pashan AWS,18.5362,73.7928,17-05-2024 17:00,2024-05-17 17:00:00,2024,5,17,17,138,35.9
Pashan AWS,18.5362,73.7928,17-05-2024 17:05,2024-05-17 17:05:00,2024,5,17,17,138,35.9
Pashan AWS,18.5362,73.7928,17-05-2024 17:10,2024-05-17 17:10:00,2024,5,17,17,138,35.8
Pashan AWS,18.5362,73.7928,17-05-2024 17:15,2024-05-17 17:15:00,2024,5,17,17,138,35.5
Pashan AWS,18.5362,73.7928,17-05-2024 17:20,2024-05-17 17:20:00,2024,5,17,17,138,35.2
Pashan AWS,18.5362,73.7928,17-05-2024 17:25,2024-05-17 17:25:00,2024,5,17,17,138,35.0
Pashan AWS,18.5362,73.7928,17-05-2024 17:30,2024-05-17 17:30:00,2024,5,17,17,138,34.9
Pashan AWS,18.5362,73.7928,17-05-2024 17:35,2024-05-17 17:35:00,2024,5,17,17,138,35.1
Pashan AWS,18.5362,73.7928,17-05-2024 17:40,2024-05-17 17:40:00,2024,5,17,17,138,35.0
Pashan AWS,18.5362,73.7928,17-05-2024 17:45,2024-05-17 17:45:00,2024,5,17,17,138,34.8
Pashan AWS,18.5362,73.7928,17-05-2024 17:50,2024-05-17 17:50:00,2024,5,17,17,138,34.7
Pashan AWS,18.5362,73.7928,17-05-2024 17:55,2024-05-17 17:55:00,2024,5,17,17,138,34.5
Pashan AWS,18.5362,73.7928,17-05-2024 18:00,2024-05-17 18:00:00,2024,5,17,18,138,34.5
Pashan AWS,18.5362,73.7928,17-05-2024 18:05,2024-05-17 18:05:00,2024,5,17,18,138,34.4
Pashan AWS,18.5362,73.7928,17-05-2024 18:10,2024-05-17 18:10:00,2024,5,17,18,138,34.5
Pashan AWS,18.5362,73.7928,17-05-2024 18:15,2024-05-17 18:15:00,2024,5,17,18,138,34.3
Pashan AWS,18.5362,73.7928,17-05-2024 18:20,2024-05-17 18:20:00,2024,5,17,18,138,34.4
Pashan AWS,18.5362,73.7928,17-05-2024 18:25,2024-05-17 18:25:00,2024,5,17,18,138,34.4
Pashan AWS,18.5362,73.7928,17-05-2024 18:30,2024-05-17 18:30:00,2024,5,17,18,138,34.2
Pashan AWS,18.5362,73.7928,17-05-2024 18:35,2024-05-17 18:35:00,2024,5,17,18,138,34.3
Pashan AWS,18.5362,73.7928,17-05-2024 18:40,2024-05-17 18:40:00,2024,5,17,18,138,34.2
Pashan AWS,18.5362,73.7928,17-05-2024 18:45,2024-05-17 18:45:00,2024,5,17,18,138,33.9
Pashan AWS,18.5362,73.7928,17-05-2024 18:50,2024-05-17 18:50:00,2024,5,17,18,138,34.0
Pashan AWS,18.5362,73.7928,17-05-2024 18:55,2024-05-17 18:55:00,2024,5,17,18,138,34.1
Pashan AWS,18.5362,73.7928,17-05-2024 19:00,2024-05-17 19:00:00,2024,5,17,19,138,34.0
Pashan AWS,18.5362,73.7928,17-05-2024 19:05,2024-05-17 19:05:00,2024,5,17,19,138,33.7
Pashan AWS,18.5362,73.7928,17-05-2024 19:10,2024-05-17 19:10:00,2024,5,17,19,138,33.5
Pashan AWS,18.5362,73.7928,17-05-2024 19:15,2024-05-17 19:15:00,2024,5,17,19,138,33.4
Pashan AWS,18.5362,73.7928,17-05-2024 19:20,2024-05-17 19:20:00,2024,5,17,19,138,33.4
Pashan AWS,18.5362,73.7928,17-05-2024 19:25,2024-05-17 19:25:00,2024,5,17,19,138,33.3
Pashan AWS,18.5362,73.7928,17-05-2024 19:30,2024-05-17 19:30:00,2024,5,17,19,138,33.1
Pashan AWS,18.5362,73.7928,17-05-2024 19:35,2024-05-17 19:35:00,2024,5,17,19,138,33.2
Pashan AWS,18.5362,73.7928,17-05-2024 19:40,2024-05-17 19:40:00,2024,5,17,19,138,32.9
Pashan AWS,18.5362,73.7928,17-05-2024 19:45,2024-05-17 19:45:00,2024,5,17,19,138,32.9
Pashan AWS,18.5362,73.7928,17-05-2024 19:50,2024-05-17 19:50:00,2024,5,17,19,138,32.6
Pashan AWS,18.5362,73.7928,17-05-2024 19:55,2024-05-17 19:55:00,2024,5,17,19,138,32.5
Pashan AWS,18.5362,73.7928,17-05-2024 20:00,2024-05-17 20:00:00,2024,5,17,20,138,32.3
Pashan AWS,18.5362,73.7928,17-05-2024 20:05,2024-05-17 20:05:00,2024,5,17,20,138,32.1
Pashan AWS,18.5362,73.7928,17-05-2024 20:10,2024-05-17 20:10:00,2024,5,17,20,138,31.8
Pashan AWS,18.5362,73.7928,17-05-2024 20:15,2024-05-17 20:15:00,2024,5,17,20,138,31.8
Pashan AWS,18.5362,73.7928,17-05-2024 20:20,2024-05-17 20:20:00,2024,5,17,20,138,31.5
Pashan AWS,18.5362,73.7928,17-05-2024 20:25,2024-05-17 20:25:00,2024,5,17,20,138,31.2
Pashan AWS,18.5362,73.7928,17-05-2024 20:30,2024-05-17 20:30:00,2024,5,17,20,138,31.3
Pashan AWS,18.5362,73.7928,17-05-2024 20:35,2024-05-17 20:35:00,2024,5,17,20,138,31.3
Pashan AWS,18.5362,73.7928,17-05-2024 20:40,2024-05-17 20:40:00,2024,5,17,20,138,30.7
Pashan AWS,18.5362,73.7928,17-05-2024 20:45,2024-05-17 20:45:00,2024,5,17,20,138,30.5
Pashan AWS,18.5362,73.7928,17-05-2024 20:50,2024-05-17 20:50:00,2024,5,17,20,138,30.0
Pashan AWS,18.5362,73.7928,17-05-2024 20:55,2024-05-17 20:55:00,2024,5,17,20,138,29.7
Pashan AWS,18.5362,73.7928,17-05-2024 21:00,2024-05-17 21:00:00,2024,5,17,21,138,29.1
Pashan AWS,18.5362,73.7928,17-05-2024 21:05,2024-05-17 21:05:00,2024,5,17,21,138,29.0
Pashan AWS,18.5362,73.7928,17-05-2024 21:10,2024-05-17 21:10:00,2024,5,17,21,138,28.7
Pashan AWS,18.5362,73.7928,17-05-2024 21:15,2024-05-17 21:15:00,2024,5,17,21,138,28.6
Pashan AWS,18.5362,73.7928,17-05-2024 21:20,2024-05-17 21:20:00,2024,5,17,21,138,28.2
Pashan AWS,18.5362,73.7928,17-05-2024 21:25,2024-05-17 21:25:00,2024,5,17,21,138,28.1
Pashan AWS,18.5362,73.7928,17-05-2024 21:30,2024-05-17 21:30:00,2024,5,17,21,138,27.9
Pashan AWS,18.5362,73.7928,17-05-2024 21:35,2024-05-17 21:35:00,2024,5,17,21,138,28.1
Pashan AWS,18.5362,73.7928,17-05-2024 21:40,2024-05-17 21:40:00,2024,5,17,21,138,28.2
Pashan AWS,18.5362,73.7928,17-05-2024 21:45,2024-05-17 21:45:00,2024,5,17,21,138,28.1
Pashan AWS,18.5362,73.7928,17-05-2024 21:50,2024-05-17 21:50:00,2024,5,17,21,138,28.0
Pashan AWS,18.5362,73.7928,17-05-2024 21:55,2024-05-17 21:55:00,2024,5,17,21,138,28.1
Pashan AWS,18.5362,73.7928,17-05-2024 22:00,2024-05-17 22:00:00,2024,5,17,22,138,27.8
Pashan AWS,18.5362,73.7928,17-05-2024 22:05,2024-05-17 22:05:00,2024,5,17,22,138,27.4
Pashan AWS,18.5362,73.7928,17-05-2024 22:10,2024-05-17 22:10:00,2024,5,17,22,138,27.3
Pashan AWS,18.5362,73.7928,17-05-2024 22:15,2024-05-17 22:15:00,2024,5,17,22,138,27.5
Pashan AWS,18.5362,73.7928,17-05-2024 22:20,2024-05-17 22:20:00,2024,5,17,22,138,27.3
Pashan AWS,18.5362,73.7928,17-05-2024 22:25,2024-05-17 22:25:00,2024,5,17,22,138,27.2
Pashan AWS,18.5362,73.7928,17-05-2024 22:30,2024-05-17 22:30:00,2024,5,17,22,138,26.9
Pashan AWS,18.5362,73.7928,17-05-2024 22:35,2024-05-17 22:35:00,2024,5,17,22,138,26.9
Pashan AWS,18.5362,73.7928,17-05-2024 22:40,2024-05-17 22:40:00,2024,5,17,22,138,26.9
Pashan AWS,18.5362,73.7928,17-05-2024 22:45,2024-05-17 22:45:00,2024,5,17,22,138,26.9
Pashan AWS,18.5362,73.7928,17-05-2024 22:50,2024-05-17 22:50:00,2024,5,17,22,138,26.7
Pashan AWS,18.5362,73.7928,17-05-2024 22:55,2024-05-17 22:55:00,2024,5,17,22,138,26.4
Pashan AWS,18.5362,73.7928,17-05-2024 23:00,2024-05-17 23:00:00,2024,5,17,23,138,26.1
Pashan AWS,18.5362,73.7928,17-05-2024 23:05,2024-05-17 23:05:00,2024,5,17,23,138,26.1
Pashan AWS,18.5362,73.7928,17-05-2024 23:10,2024-05-17 23:10:00,2024,5,17,23,138,25.8
Pashan AWS,18.5362,73.7928,17-05-2024 23:15,2024-05-17 23:15:00,2024,5,17,23,138,25.5
Pashan AWS,18.5362,73.7928,17-05-2024 23:20,2024-05-17 23:20:00,2024,5,17,23,138,25.4
Pashan AWS,18.5362,73.7928,17-05-2024 23:25,2024-05-17 23:25:00,2024,5,17,23,138,25.2
Pashan AWS,18.5362,73.7928,17-05-2024 23:30,2024-05-17 23:30:00,2024,5,17,23,138,25.1
Pashan AWS,18.5362,73.7928,17-05-2024 23:35,2024-05-17 23:35:00,2024,5,17,23,138,25.1
Pashan AWS,18.5362,73.7928,17-05-2024 23:40,2024-05-17 23:40:00,2024,5,17,23,138,25.0
Pashan AWS,18.5362,73.7928,17-05-2024 23:45,2024-05-17 23:45:00,2024,5,17,23,138,24.9
Pashan AWS,18.5362,73.7928,17-05-2024 23:50,2024-05-17 23:50:00,2024,5,17,23,138,24.9
Pashan AWS,18.5362,73.7928,17-05-2024 23:55,2024-05-17 23:55:00,2024,5,17,23,138,24.7
Shivajinagar AWS,18.5308,73.8474,11-05-2024 00:00,2024-05-11 00:00:00,2024,5,11,0,132,24.6
Shivajinagar AWS,18.5308,73.8474,11-05-2024 00:05,2024-05-11 00:05:00,2024,5,11,0,132,24.7
Shivajinagar AWS,18.5308,73.8474,11-05-2024 00:10,2024-05-11 00:10:00,2024,5,11,0,132,24.4
Shivajinagar AWS,18.5308,73.8474,11-05-2024 00:15,2024-05-11 00:15:00,2024,5,11,0,132,24.3
Shivajinagar AWS,18.5308,73.8474,11-05-2024 00:20,2024-05-11 00:20:00,2024,5,11,0,132,24.2
Shivajinagar AWS,18.5308,73.8474,11-05-2024 00:25,2024-05-11 00:25:00,2024,5,11,0,132,24.2
Shivajinagar AWS,18.5308,73.8474,11-05-2024 00:30,2024-05-11 00:30:00,2024,5,11,0,132,24.2
Shivajinagar AWS,18.5308,73.8474,11-05-2024 00:35,2024-05-11 00:35:00,2024,5,11,0,132,24.3
Shivajinagar AWS,18.5308,73.8474,11-05-2024 00:40,2024-05-11 00:40:00,2024,5,11,0,132,24.2
Shivajinagar AWS,18.5308,73.8474,11-05-2024 00:45,2024-05-11 00:45:00,2024,5,11,0,132,24.2
Shivajinagar AWS,18.5308,73.8474,11-05-2024 00:50,2024-05-11 00:50:00,2024,5,11,0,132,24.2
Shivajinagar AWS,18.5308,73.8474,11-05-2024 00:55,2024-05-11 00:55:00,2024,5,11,0,132,23.9
Shivajinagar AWS,18.5308,73.8474,11-05-2024 01:00,2024-05-11 01:00:00,2024,5,11,1,132,23.7
Shivajinagar AWS,18.5308,73.8474,11-05-2024 01:05,2024-05-11 01:05:00,2024,5,11,1,132,23.6
Shivajinagar AWS,18.5308,73.8474,11-05-2024 01:10,2024-05-11 01:10:00,2024,5,11,1,132,23.7
Shivajinagar AWS,18.5308,73.8474,11-05-2024 01:15,2024-05-11 01:15:00,2024,5,11,1,132,23.8
Shivajinagar AWS,18.5308,73.8474,11-05-2024 01:20,2024-05-11 01:20:00,2024,5,11,1,132,23.5
Shivajinagar AWS,18.5308,73.8474,11-05-2024 01:25,2024-05-11 01:25:00,2024,5,11,1,132,23.5
Shivajinagar AWS,18.5308,73.8474,11-05-2024 01:30,2024-05-11 01:30:00,2024,5,11,1,132,23.8
Shivajinagar AWS,18.5308,73.8474,11-05-2024 01:35,2024-05-11 01:35:00,2024,5,11,1,132,23.8
Shivajinagar AWS,18.5308,73.8474,11-05-2024 01:40,2024-05-11 01:40:00,2024,5,11,1,132,23.7
Shivajinagar AWS,18.5308,73.8474,11-05-2024 01:45,2024-05-11 01:45:00,2024,5,11,1,132,23.7
Shivajinagar AWS,18.5308,73.8474,11-05-2024 01:50,2024-05-11 01:50:00,2024,5,11,1,132,23.8
Shivajinagar AWS,18.5308,73.8474,11-05-2024 01:55,2024-05-11 01:55:00,2024,5,11,1,132,23.7
Shivajinagar AWS,18.5308,73.8474,11-05-2024 02:00,2024-05-11 02:00:00,2024,5,11,2,132,23.8
Shivajinagar AWS,18.5308,73.8474,11-05-2024 02:05,2024-05-11 02:05:00,2024,5,11,2,132,23.7
Shivajinagar AWS,18.5308,73.8474,11-05-2024 02:10,2024-05-11 02:10:00,2024,5,11,2,132,23.8
Shivajinagar AWS,18.5308,73.8474,11-05-2024 02:15,2024-05-11 02:15:00,2024,5,11,2,132,23.8
Shivajinagar AWS,18.5308,73.8474,11-05-2024 02:20,2024-05-11 02:20:00,2024,5,11,2,132,23.8
Shivajinagar AWS,18.5308,73.8474,11-05-2024 02:25,2024-05-11 02:25:00,2024,5,11,2,132,23.7
Shivajinagar AWS,18.5308,73.8474,11-05-2024 02:30,2024-05-11 02:30:00,2024,5,11,2,132,23.6
Shivajinagar AWS,18.5308,73.8474,11-05-2024 02:35,2024-05-11 02:35:00,2024,5,11,2,132,23.7
Shivajinagar AWS,18.5308,73.8474,11-05-2024 02:40,2024-05-11 02:40:00,2024,5,11,2,132,23.7
Shivajinagar AWS,18.5308,73.8474,11-05-2024 02:45,2024-05-11 02:45:00,2024,5,11,2,132,23.8
Shivajinagar AWS,18.5308,73.8474,11-05-2024 02:50,2024-05-11 02:50:00,2024,5,11,2,132,23.7
Shivajinagar AWS,18.5308,73.8474,11-05-2024 02:55,2024-05-11 02:55:00,2024,5,11,2,132,23.9
Shivajinagar AWS,18.5308,73.8474,11-05-2024 03:00,2024-05-11 03:00:00,2024,5,11,3,132,23.8
Shivajinagar AWS,18.5308,73.8474,11-05-2024 03:05,2024-05-11 03:05:00,2024,5,11,3,132,23.8
Shivajinagar AWS,18.5308,73.8474,11-05-2024 03:10,2024-05-11 03:10:00,2024,5,11,3,132,23.9
Shivajinagar AWS,18.5308,73.8474,11-05-2024 03:15,2024-05-11 03:15:00,2024,5,11,3,132,24.1
Shivajinagar AWS,18.5308,73.8474,11-05-2024 03:20,2024-05-11 03:20:00,2024,5,11,3,132,24.1
Shivajinagar AWS,18.5308,73.8474,11-05-2024 03:25,2024-05-11 03:25:00,2024,5,11,3,132,24.4
Shivajinagar AWS,18.5308,73.8474,11-05-2024 03:30,2024-05-11 03:30:00,2024,5,11,3,132,24.5
Shivajinagar AWS,18.5308,73.8474,11-05-2024 03:35,2024-05-11 03:35:00,2024,5,11,3,132,24.3
Shivajinagar AWS,18.5308,73.8474,11-05-2024 03:40,2024-05-11 03:40:00,2024,5,11,3,132,24.4
Shivajinagar AWS,18.5308,73.8474,11-05-2024 03:45,2024-05-11 03:45:00,2024,5,11,3,132,24.4
Shivajinagar AWS,18.5308,73.8474,11-05-2024 03:50,2024-05-11 03:50:00,2024,5,11,3,132,24.5
Shivajinagar AWS,18.5308,73.8474,11-05-2024 03:55,2024-05-11 03:55:00,2024,5,11,3,132,24.5
Shivajinagar AWS,18.5308,73.8474,11-05-2024 04:00,2024-05-11 04:00:00,2024,5,11,4,132,24.6
Shivajinagar AWS,18.5308,73.8474,11-05-2024 04:05,2024-05-11 04:05:00,2024,5,11,4,132,24.5
Shivajinagar AWS,18.5308,73.8474,11-05-2024 04:10,2024-05-11 04:10:00,2024,5,11,4,132,24.7
Shivajinagar AWS,18.5308,73.8474,11-05-2024 04:15,2024-05-11 04:15:00,2024,5,11,4,132,24.6
Shivajinagar AWS,18.5308,73.8474,11-05-2024 04:20,2024-05-11 04:20:00,2024,5,11,4,132,24.5
Shivajinagar AWS,18.5308,73.8474,11-05-2024 04:25,2024-05-11 04:25:00,2024,5,11,4,132,24.6
Shivajinagar AWS,18.5308,73.8474,11-05-2024 04:30,2024-05-11 04:30:00,2024,5,11,4,132,24.9
Shivajinagar AWS,18.5308,73.8474,11-05-2024 04:35,2024-05-11 04:35:00,2024,5,11,4,132,25.0
Shivajinagar AWS,18.5308,73.8474,11-05-2024 04:40,2024-05-11 04:40:00,2024,5,11,4,132,25.1
Shivajinagar AWS,18.5308,73.8474,11-05-2024 04:45,2024-05-11 04:45:00,2024,5,11,4,132,25.4
Shivajinagar AWS,18.5308,73.8474,11-05-2024 04:50,2024-05-11 04:50:00,2024,5,11,4,132,25.6
Shivajinagar AWS,18.5308,73.8474,11-05-2024 04:55,2024-05-11 04:55:00,2024,5,11,4,132,25.6
Shivajinagar AWS,18.5308,73.8474,11-05-2024 05:00,2024-05-11 05:00:00,2024,5,11,5,132,25.5
Shivajinagar AWS,18.5308,73.8474,11-05-2024 05:05,2024-05-11 05:05:00,2024,5,11,5,132,25.3
Shivajinagar AWS,18.5308,73.8474,11-05-2024 05:10,2024-05-11 05:10:00,2024,5,11,5,132,25.3
Shivajinagar AWS,18.5308,73.8474,11-05-2024 05:15,2024-05-11 05:15:00,2024,5,11,5,132,25.6
Shivajinagar AWS,18.5308,73.8474,11-05-2024 05:20,2024-05-11 05:20:00,2024,5,11,5,132,25.6
Shivajinagar AWS,18.5308,73.8474,11-05-2024 05:25,2024-05-11 05:25:00,2024,5,11,5,132,25.8
Shivajinagar AWS,18.5308,73.8474,11-05-2024 05:30,2024-05-11 05:30:00,2024,5,11,5,132,25.7
Shivajinagar AWS,18.5308,73.8474,11-05-2024 05:35,2024-05-11 05:35:00,2024,5,11,5,132,25.9
Shivajinagar AWS,18.5308,73.8474,11-05-2024 05:40,2024-05-11 05:40:00,2024,5,11,5,132,26.1
Shivajinagar AWS,18.5308,73.8474,11-05-2024 05:45,2024-05-11 05:45:00,2024,5,11,5,132,26.1
Shivajinagar AWS,18.5308,73.8474,11-05-2024 05:50,2024-05-11 05:50:00,2024,5,11,5,132,26.3
Shivajinagar AWS,18.5308,73.8474,11-05-2024 05:55,2024-05-11 05:55:00,2024,5,11,5,132,26.4
Shivajinagar AWS,18.5308,73.8474,11-05-2024 06:00,2024-05-11 06:00:00,2024,5,11,6,132,26.6
Shivajinagar AWS,18.5308,73.8474,11-05-2024 06:05,2024-05-11 06:05:00,2024,5,11,6,132,26.8
Shivajinagar AWS,18.5308,73.8474,11-05-2024 06:10,2024-05-11 06:10:00,2024,5,11,6,132,26.9
Shivajinagar AWS,18.5308,73.8474,11-05-2024 06:15,2024-05-11 06:15:00,2024,5,11,6,132,27.3
Shivajinagar AWS,18.5308,73.8474,11-05-2024 06:20,2024-05-11 06:20:00,2024,5,11,6,132,27.5
Shivajinagar AWS,18.5308,73.8474,11-05-2024 06:25,2024-05-11 06:25:00,2024,5,11,6,132,27.5
Shivajinagar AWS,18.5308,73.8474,11-05-2024 06:30,2024-05-11 06:30:00,2024,5,11,6,132,27.6
Shivajinagar AWS,18.5308,73.8474,11-05-2024 06:35,2024-05-11 06:35:00,2024,5,11,6,132,27.7
Shivajinagar AWS,18.5308,73.8474,11-05-2024 06:40,2024-05-11 06:40:00,2024,5,11,6,132,27.9
Shivajinagar AWS,18.5308,73.8474,11-05-2024 06:45,2024-05-11 06:45:00,2024,5,11,6,132,28.4
Shivajinagar AWS,18.5308,73.8474,11-05-2024 06:50,2024-05-11 06:50:00,2024,5,11,6,132,28.6
Shivajinagar AWS,18.5308,73.8474,11-05-2024 06:55,2024-05-11 06:55:00,2024,5,11,6,132,28.4
Shivajinagar AWS,18.5308,73.8474,11-05-2024 07:00,2024-05-11 07:00:00,2024,5,11,7,132,28.4
Shivajinagar AWS,18.5308,73.8474,11-05-2024 07:05,2024-05-11 07:05:00,2024,5,11,7,132,28.3
Shivajinagar AWS,18.5308,73.8474,11-05-2024 07:10,2024-05-11 07:10:00,2024,5,11,7,132,28.4
Shivajinagar AWS,18.5308,73.8474,11-05-2024 07:15,2024-05-11 07:15:00,2024,5,11,7,132,28.3
Shivajinagar AWS,18.5308,73.8474,11-05-2024 07:20,2024-05-11 07:20:00,2024,5,11,7,132,28.3
Shivajinagar AWS,18.5308,73.8474,11-05-2024 07:25,2024-05-11 07:25:00,2024,5,11,7,132,28.3
Shivajinagar AWS,18.5308,73.8474,11-05-2024 07:30,2024-05-11 07:30:00,2024,5,11,7,132,28.5
Shivajinagar AWS,18.5308,73.8474,11-05-2024 07:35,2024-05-11 07:35:00,2024,5,11,7,132,28.7
Shivajinagar AWS,18.5308,73.8474,11-05-2024 07:40,2024-05-11 07:40:00,2024,5,11,7,132,28.9
Shivajinagar AWS,18.5308,73.8474,11-05-2024 07:45,2024-05-11 07:45:00,2024,5,11,7,132,29.1
Shivajinagar AWS,18.5308,73.8474,11-05-2024 07:50,2024-05-11 07:50:00,2024,5,11,7,132,29.1
Shivajinagar AWS,18.5308,73.8474,11-05-2024 07:55,2024-05-11 07:55:00,2024,5,11,7,132,29.4
Shivajinagar AWS,18.5308,73.8474,11-05-2024 08:00,2024-05-11 08:00:00,2024,5,11,8,132,29.8
Shivajinagar AWS,18.5308,73.8474,11-05-2024 08:05,2024-05-11 08:05:00,2024,5,11,8,132,30.1
Shivajinagar AWS,18.5308,73.8474,11-05-2024 08:10,2024-05-11 08:10:00,2024,5,11,8,132,30.2
Shivajinagar AWS,18.5308,73.8474,11-05-2024 08:15,2024-05-11 08:15:00,2024,5,11,8,132,30.1
Shivajinagar AWS,18.5308,73.8474,11-05-2024 08:20,2024-05-11 08:20:00,2024,5,11,8,132,30.2
Shivajinagar AWS,18.5308,73.8474,11-05-2024 08:25,2024-05-11 08:25:00,2024,5,11,8,132,30.4
Shivajinagar AWS,18.5308,73.8474,11-05-2024 08:30,2024-05-11 08:30:00,2024,5,11,8,132,30.8
Shivajinagar AWS,18.5308,73.8474,11-05-2024 08:35,2024-05-11 08:35:00,2024,5,11,8,132,31.0
Shivajinagar AWS,18.5308,73.8474,11-05-2024 08:40,2024-05-11 08:40:00,2024,5,11,8,132,31.3
Shivajinagar AWS,18.5308,73.8474,11-05-2024 08:45,2024-05-11 08:45:00,2024,5,11,8,132,31.6
Shivajinagar AWS,18.5308,73.8474,11-05-2024 08:50,2024-05-11 08:50:00,2024,5,11,8,132,31.8
Shivajinagar AWS,18.5308,73.8474,11-05-2024 08:55,2024-05-11 08:55:00,2024,5,11,8,132,31.9
Shivajinagar AWS,18.5308,73.8474,11-05-2024 09:00,2024-05-11 09:00:00,2024,5,11,9,132,32.0
Shivajinagar AWS,18.5308,73.8474,11-05-2024 09:05,2024-05-11 09:05:00,2024,5,11,9,132,32.1
Shivajinagar AWS,18.5308,73.8474,11-05-2024 09:10,2024-05-11 09:10:00,2024,5,11,9,132,32.2
Shivajinagar AWS,18.5308,73.8474,11-05-2024 09:15,2024-05-11 09:15:00,2024,5,11,9,132,32.5
Shivajinagar AWS,18.5308,73.8474,11-05-2024 09:20,2024-05-11 09:20:00,2024,5,11,9,132,32.9
Shivajinagar AWS,18.5308,73.8474,11-05-2024 09:25,2024-05-11 09:25:00,2024,5,11,9,132,32.8
Shivajinagar AWS,18.5308,73.8474,11-05-2024 09:30,2024-05-11 09:30:00,2024,5,11,9,132,33.0
Shivajinagar AWS,18.5308,73.8474,11-05-2024 09:35,2024-05-11 09:35:00,2024,5,11,9,132,33.4
Shivajinagar AWS,18.5308,73.8474,11-05-2024 09:40,2024-05-11 09:40:00,2024,5,11,9,132,33.7
Shivajinagar AWS,18.5308,73.8474,11-05-2024 09:45,2024-05-11 09:45:00,2024,5,11,9,132,33.9
Shivajinagar AWS,18.5308,73.8474,11-05-2024 09:50,2024-05-11 09:50:00,2024,5,11,9,132,34.1
Shivajinagar AWS,18.5308,73.8474,11-05-2024 09:55,2024-05-11 09:55:00,2024,5,11,9,132,34.5
Shivajinagar AWS,18.5308,73.8474,11-05-2024 10:00,2024-05-11 10:00:00,2024,5,11,10,132,34.4
Shivajinagar AWS,18.5308,73.8474,11-05-2024 10:05,2024-05-11 10:05:00,2024,5,11,10,132,34.3
Shivajinagar AWS,18.5308,73.8474,11-05-2024 10:10,2024-05-11 10:10:00,2024,5,11,10,132,34.5
Shivajinagar AWS,18.5308,73.8474,11-05-2024 10:15,2024-05-11 10:15:00,2024,5,11,10,132,34.3
Shivajinagar AWS,18.5308,73.8474,11-05-2024 10:20,2024-05-11 10:20:00,2024,5,11,10,132,34.6
Shivajinagar AWS,18.5308,73.8474,11-05-2024 10:25,2024-05-11 10:25:00,2024,5,11,10,132,34.9
Shivajinagar AWS,18.5308,73.8474,11-05-2024 10:30,2024-05-11 10:30:00,2024,5,11,10,132,35.0
Shivajinagar AWS,18.5308,73.8474,11-05-2024 10:35,2024-05-11 10:35:00,2024,5,11,10,132,35.0
Shivajinagar AWS,18.5308,73.8474,11-05-2024 10:40,2024-05-11 10:40:00,2024,5,11,10,132,35.2
Shivajinagar AWS,18.5308,73.8474,11-05-2024 10:45,2024-05-11 10:45:00,2024,5,11,10,132,35.3
Shivajinagar AWS,18.5308,73.8474,11-05-2024 10:50,2024-05-11 10:50:00,2024,5,11,10,132,35.4
Shivajinagar AWS,18.5308,73.8474,11-05-2024 10:55,2024-05-11 10:55:00,2024,5,11,10,132,35.7
Shivajinagar AWS,18.5308,73.8474,11-05-2024 11:00,2024-05-11 11:00:00,2024,5,11,11,132,35.7
Shivajinagar AWS,18.5308,73.8474,11-05-2024 11:05,2024-05-11 11:05:00,2024,5,11,11,132,36.0
Shivajinagar AWS,18.5308,73.8474,11-05-2024 11:10,2024-05-11 11:10:00,2024,5,11,11,132,36.2
Shivajinagar AWS,18.5308,73.8474,11-05-2024 11:15,2024-05-11 11:15:00,2024,5,11,11,132,36.2
Shivajinagar AWS,18.5308,73.8474,11-05-2024 11:20,2024-05-11 11:20:00,2024,5,11,11,132,36.5
Shivajinagar AWS,18.5308,73.8474,11-05-2024 11:25,2024-05-11 11:25:00,2024,5,11,11,132,36.4
Shivajinagar AWS,18.5308,73.8474,11-05-2024 11:30,2024-05-11 11:30:00,2024,5,11,11,132,36.5
Shivajinagar AWS,18.5308,73.8474,11-05-2024 11:35,2024-05-11 11:35:00,2024,5,11,11,132,36.7
Shivajinagar AWS,18.5308,73.8474,11-05-2024 11:40,2024-05-11 11:40:00,2024,5,11,11,132,36.7
Shivajinagar AWS,18.5308,73.8474,11-05-2024 11:45,2024-05-11 11:45:00,2024,5,11,11,132,36.9
Shivajinagar AWS,18.5308,73.8474,11-05-2024 11:50,2024-05-11 11:50:00,2024,5,11,11,132,37.0
Shivajinagar AWS,18.5308,73.8474,11-05-2024 11:55,2024-05-11 11:55:00,2024,5,11,11,132,37.0
Shivajinagar AWS,18.5308,73.8474,11-05-2024 12:00,2024-05-11 12:00:00,2024,5,11,12,132,37.1
Shivajinagar AWS,18.5308,73.8474,11-05-2024 12:05,2024-05-11 12:05:00,2024,5,11,12,132,37.1
Shivajinagar AWS,18.5308,73.8474,11-05-2024 12:10,2024-05-11 12:10:00,2024,5,11,12,132,37.1
Shivajinagar AWS,18.5308,73.8474,11-05-2024 12:15,2024-05-11 12:15:00,2024,5,11,12,132,37.6
Shivajinagar AWS,18.5308,73.8474,11-05-2024 12:20,2024-05-11 12:20:00,2024,5,11,12,132,37.5
Shivajinagar AWS,18.5308,73.8474,11-05-2024 12:25,2024-05-11 12:25:00,2024,5,11,12,132,37.8
Shivajinagar AWS,18.5308,73.8474,11-05-2024 12:30,2024-05-11 12:30:00,2024,5,11,12,132,37.8
Shivajinagar AWS,18.5308,73.8474,11-05-2024 12:35,2024-05-11 12:35:00,2024,5,11,12,132,37.7
Shivajinagar AWS,18.5308,73.8474,11-05-2024 12:40,2024-05-11 12:40:00,2024,5,11,12,132,37.8
Shivajinagar AWS,18.5308,73.8474,11-05-2024 12:45,2024-05-11 12:45:00,2024,5,11,12,132,37.9
Shivajinagar AWS,18.5308,73.8474,11-05-2024 12:50,2024-05-11 12:50:00,2024,5,11,12,132,38.1
Shivajinagar AWS,18.5308,73.8474,11-05-2024 12:55,2024-05-11 12:55:00,2024,5,11,12,132,38.4
Shivajinagar AWS,18.5308,73.8474,11-05-2024 13:00,2024-05-11 13:00:00,2024,5,11,13,132,38.9
Shivajinagar AWS,18.5308,73.8474,11-05-2024 13:05,2024-05-11 13:05:00,2024,5,11,13,132,38.9
Shivajinagar AWS,18.5308,73.8474,11-05-2024 13:10,2024-05-11 13:10:00,2024,5,11,13,132,38.8
Shivajinagar AWS,18.5308,73.8474,11-05-2024 13:15,2024-05-11 13:15:00,2024,5,11,13,132,38.9
Shivajinagar AWS,18.5308,73.8474,11-05-2024 13:20,2024-05-11 13:20:00,2024,5,11,13,132,38.9
Shivajinagar AWS,18.5308,73.8474,11-05-2024 13:25,2024-05-11 13:25:00,2024,5,11,13,132,39.1
Shivajinagar AWS,18.5308,73.8474,11-05-2024 13:30,2024-05-11 13:30:00,2024,5,11,13,132,38.9
Shivajinagar AWS,18.5308,73.8474,11-05-2024 13:35,2024-05-11 13:35:00,2024,5,11,13,132,39.2
Shivajinagar AWS,18.5308,73.8474,11-05-2024 13:40,2024-05-11 13:40:00,2024,5,11,13,132,39.3
Shivajinagar AWS,18.5308,73.8474,11-05-2024 13:45,2024-05-11 13:45:00,2024,5,11,13,132,39.1
Shivajinagar AWS,18.5308,73.8474,11-05-2024 13:50,2024-05-11 13:50:00,2024,5,11,13,132,39.0
Shivajinagar AWS,18.5308,73.8474,11-05-2024 13:55,2024-05-11 13:55:00,2024,5,11,13,132,39.1
Shivajinagar AWS,18.5308,73.8474,11-05-2024 14:00,2024-05-11 14:00:00,2024,5,11,14,132,39.3
Shivajinagar AWS,18.5308,73.8474,11-05-2024 14:05,2024-05-11 14:05:00,2024,5,11,14,132,39.1
Shivajinagar AWS,18.5308,73.8474,11-05-2024 14:10,2024-05-11 14:10:00,2024,5,11,14,132,39.1
Shivajinagar AWS,18.5308,73.8474,11-05-2024 14:15,2024-05-11 14:15:00,2024,5,11,14,132,38.8
Shivajinagar AWS,18.5308,73.8474,11-05-2024 14:20,2024-05-11 14:20:00,2024,5,11,14,132,38.8
Shivajinagar AWS,18.5308,73.8474,11-05-2024 14:25,2024-05-11 14:25:00,2024,5,11,14,132,39.0
Shivajinagar AWS,18.5308,73.8474,11-05-2024 14:30,2024-05-11 14:30:00,2024,5,11,14,132,38.9
Shivajinagar AWS,18.5308,73.8474,11-05-2024 14:35,2024-05-11 14:35:00,2024,5,11,14,132,38.6
Shivajinagar AWS,18.5308,73.8474,11-05-2024 14:40,2024-05-11 14:40:00,2024,5,11,14,132,38.7
Shivajinagar AWS,18.5308,73.8474,11-05-2024 14:45,2024-05-11 14:45:00,2024,5,11,14,132,38.6
Shivajinagar AWS,18.5308,73.8474,11-05-2024 14:50,2024-05-11 14:50:00,2024,5,11,14,132,38.6
Shivajinagar AWS,18.5308,73.8474,11-05-2024 14:55,2024-05-11 14:55:00,2024,5,11,14,132,38.5
Shivajinagar AWS,18.5308,73.8474,11-05-2024 15:00,2024-05-11 15:00:00,2024,5,11,15,132,38.4
Shivajinagar AWS,18.5308,73.8474,11-05-2024 15:05,2024-05-11 15:05:00,2024,5,11,15,132,38.0
Shivajinagar AWS,18.5308,73.8474,11-05-2024 15:10,2024-05-11 15:10:00,2024,5,11,15,132,38.1
Shivajinagar AWS,18.5308,73.8474,11-05-2024 15:15,2024-05-11 15:15:00,2024,5,11,15,132,38.0
Shivajinagar AWS,18.5308,73.8474,11-05-2024 15:20,2024-05-11 15:20:00,2024,5,11,15,132,37.9
Shivajinagar AWS,18.5308,73.8474,11-05-2024 15:25,2024-05-11 15:25:00,2024,5,11,15,132,37.9
Shivajinagar AWS,18.5308,73.8474,11-05-2024 15:30,2024-05-11 15:30:00,2024,5,11,15,132,38.0
Shivajinagar AWS,18.5308,73.8474,11-05-2024 15:35,2024-05-11 15:35:00,2024,5,11,15,132,38.0
Shivajinagar AWS,18.5308,73.8474,11-05-2024 15:40,2024-05-11 15:40:00,2024,5,11,15,132,38.0
Shivajinagar AWS,18.5308,73.8474,11-05-2024 15:45,2024-05-11 15:45:00,2024,5,11,15,132,38.0
Shivajinagar AWS,18.5308,73.8474,11-05-2024 15:50,2024-05-11 15:50:00,2024,5,11,15,132,37.8
Shivajinagar AWS,18.5308,73.8474,11-05-2024 15:55,2024-05-11 15:55:00,2024,5,11,15,132,38.1
Shivajinagar AWS,18.5308,73.8474,11-05-2024 16:00,2024-05-11 16:00:00,2024,5,11,16,132,37.9
Shivajinagar AWS,18.5308,73.8474,11-05-2024 16:05,2024-05-11 16:05:00,2024,5,11,16,132,38.0
Shivajinagar AWS,18.5308,73.8474,11-05-2024 16:10,2024-05-11 16:10:00,2024,5,11,16,132,38.0
Shivajinagar AWS,18.5308,73.8474,11-05-2024 16:15,2024-05-11 16:15:00,2024,5,11,16,132,38.0
Shivajinagar AWS,18.5308,73.8474,11-05-2024 16:20,2024-05-11 16:20:00,2024,5,11,16,132,38.0
Shivajinagar AWS,18.5308,73.8474,11-05-2024 16:25,2024-05-11 16:25:00,2024,5,11,16,132,37.9
Shivajinagar AWS,18.5308,73.8474,11-05-2024 16:30,2024-05-11 16:30:00,2024,5,11,16,132,37.6
Shivajinagar AWS,18.5308,73.8474,11-05-2024 16:35,2024-05-11 16:35:00,2024,5,11,16,132,37.5
Shivajinagar AWS,18.5308,73.8474,11-05-2024 16:40,2024-05-11 16:40:00,2024,5,11,16,132,37.4
Shivajinagar AWS,18.5308,73.8474,11-05-2024 16:45,2024-05-11 16:45:00,2024,5,11,16,132,37.2
Shivajinagar AWS,18.5308,73.8474,11-05-2024 16:50,2024-05-11 16:50:00,2024,5,11,16,132,36.9
Shivajinagar AWS,18.5308,73.8474,11-05-2024 16:55,2024-05-11 16:55:00,2024,5,11,16,132,37.0
Shivajinagar AWS,18.5308,73.8474,11-05-2024 17:00,2024-05-11 17:00:00,2024,5,11,17,132,37.2
Shivajinagar AWS,18.5308,73.8474,11-05-2024 17:05,2024-05-11 17:05:00,2024,5,11,17,132,37.3
Shivajinagar AWS,18.5308,73.8474,11-05-2024 17:10,2024-05-11 17:10:00,2024,5,11,17,132,37.4
Shivajinagar AWS,18.5308,73.8474,11-05-2024 17:15,2024-05-11 17:15:00,2024,5,11,17,132,37.2
Shivajinagar AWS,18.5308,73.8474,11-05-2024 17:20,2024-05-11 17:20:00,2024,5,11,17,132,37.0
Shivajinagar AWS,18.5308,73.8474,11-05-2024 17:25,2024-05-11 17:25:00,2024,5,11,17,132,36.8
Shivajinagar AWS,18.5308,73.8474,11-05-2024 17:30,2024-05-11 17:30:00,2024,5,11,17,132,36.7
Shivajinagar AWS,18.5308,73.8474,11-05-2024 17:35,2024-05-11 17:35:00,2024,5,11,17,132,36.7
Shivajinagar AWS,18.5308,73.8474,11-05-2024 17:40,2024-05-11 17:40:00,2024,5,11,17,132,36.5
Shivajinagar AWS,18.5308,73.8474,11-05-2024 17:45,2024-05-11 17:45:00,2024,5,11,17,132,36.6
Shivajinagar AWS,18.5308,73.8474,11-05-2024 17:50,2024-05-11 17:50:00,2024,5,11,17,132,36.5
Shivajinagar AWS,18.5308,73.8474,11-05-2024 17:55,2024-05-11 17:55:00,2024,5,11,17,132,36.3
Shivajinagar AWS,18.5308,73.8474,11-05-2024 18:00,2024-05-11 18:00:00,2024,5,11,18,132,36.0
Shivajinagar AWS,18.5308,73.8474,11-05-2024 18:05,2024-05-11 18:05:00,2024,5,11,18,132,36.0
Shivajinagar AWS,18.5308,73.8474,11-05-2024 18:10,2024-05-11 18:10:00,2024,5,11,18,132,36.0
Shivajinagar AWS,18.5308,73.8474,11-05-2024 18:15,2024-05-11 18:15:00,2024,5,11,18,132,36.0
Shivajinagar AWS,18.5308,73.8474,11-05-2024 18:20,2024-05-11 18:20:00,2024,5,11,18,132,36.1
Shivajinagar AWS,18.5308,73.8474,11-05-2024 18:25,2024-05-11 18:25:00,2024,5,11,18,132,36.2
Shivajinagar AWS,18.5308,73.8474,11-05-2024 18:30,2024-05-11 18:30:00,2024,5,11,18,132,36.1
Shivajinagar AWS,18.5308,73.8474,11-05-2024 18:35,2024-05-11 18:35:00,2024,5,11,18,132,35.8
Shivajinagar AWS,18.5308,73.8474,11-05-2024 18:40,2024-05-11 18:40:00,2024,5,11,18,132,35.4
Shivajinagar AWS,18.5308,73.8474,11-05-2024 18:45,2024-05-11 18:45:00,2024,5,11,18,132,35.2
Shivajinagar AWS,18.5308,73.8474,11-05-2024 18:50,2024-05-11 18:50:00,2024,5,11,18,132,35.2
Shivajinagar AWS,18.5308,73.8474,11-05-2024 18:55,2024-05-11 18:55:00,2024,5,11,18,132,35.3
Shivajinagar AWS,18.5308,73.8474,11-05-2024 19:00,2024-05-11 19:00:00,2024,5,11,19,132,35.2
Shivajinagar AWS,18.5308,73.8474,11-05-2024 19:05,2024-05-11 19:05:00,2024,5,11,19,132,35.2
Shivajinagar AWS,18.5308,73.8474,11-05-2024 19:10,2024-05-11 19:10:00,2024,5,11,19,132,34.9
Shivajinagar AWS,18.5308,73.8474,11-05-2024 19:15,2024-05-11 19:15:00,2024,5,11,19,132,34.8
Shivajinagar AWS,18.5308,73.8474,11-05-2024 19:20,2024-05-11 19:20:00,2024,5,11,19,132,34.8
Shivajinagar AWS,18.5308,73.8474,11-05-2024 19:25,2024-05-11 19:25:00,2024,5,11,19,132,34.3
Shivajinagar AWS,18.5308,73.8474,11-05-2024 19:30,2024-05-11 19:30:00,2024,5,11,19,132,34.0
Shivajinagar AWS,18.5308,73.8474,11-05-2024 19:35,2024-05-11 19:35:00,2024,5,11,19,132,34.0
Shivajinagar AWS,18.5308,73.8474,11-05-2024 19:40,2024-05-11 19:40:00,2024,5,11,19,132,33.9
Shivajinagar AWS,18.5308,73.8474,11-05-2024 19:45,2024-05-11 19:45:00,2024,5,11,19,132,33.5
Shivajinagar AWS,18.5308,73.8474,11-05-2024 19:50,2024-05-11 19:50:00,2024,5,11,19,132,33.0
Shivajinagar AWS,18.5308,73.8474,11-05-2024 19:55,2024-05-11 19:55:00,2024,5,11,19,132,32.8
Shivajinagar AWS,18.5308,73.8474,11-05-2024 20:00,2024-05-11 20:00:00,2024,5,11,20,132,32.6
Shivajinagar AWS,18.5308,73.8474,11-05-2024 20:05,2024-05-11 20:05:00,2024,5,11,20,132,32.3
Shivajinagar AWS,18.5308,73.8474,11-05-2024 20:10,2024-05-11 20:10:00,2024,5,11,20,132,32.2
Shivajinagar AWS,18.5308,73.8474,11-05-2024 20:15,2024-05-11 20:15:00,2024,5,11,20,132,32.1
Shivajinagar AWS,18.5308,73.8474,11-05-2024 20:20,2024-05-11 20:20:00,2024,5,11,20,132,32.1
Shivajinagar AWS,18.5308,73.8474,11-05-2024 20:25,2024-05-11 20:25:00,2024,5,11,20,132,31.6
Shivajinagar AWS,18.5308,73.8474,11-05-2024 20:30,2024-05-11 20:30:00,2024,5,11,20,132,31.2
Shivajinagar AWS,18.5308,73.8474,11-05-2024 20:35,2024-05-11 20:35:00,2024,5,11,20,132,31.1
Shivajinagar AWS,18.5308,73.8474,11-05-2024 20:40,2024-05-11 20:40:00,2024,5,11,20,132,31.0
Shivajinagar AWS,18.5308,73.8474,11-05-2024 20:45,2024-05-11 20:45:00,2024,5,11,20,132,31.0
Shivajinagar AWS,18.5308,73.8474,11-05-2024 20:50,2024-05-11 20:50:00,2024,5,11,20,132,30.9
Shivajinagar AWS,18.5308,73.8474,11-05-2024 20:55,2024-05-11 20:55:00,2024,5,11,20,132,30.7
Shivajinagar AWS,18.5308,73.8474,11-05-2024 21:00,2024-05-11 21:00:00,2024,5,11,21,132,30.5
Shivajinagar AWS,18.5308,73.8474,11-05-2024 21:05,2024-05-11 21:05:00,2024,5,11,21,132,30.3
Shivajinagar AWS,18.5308,73.8474,11-05-2024 21:10,2024-05-11 21:10:00,2024,5,11,21,132,30.2
Shivajinagar AWS,18.5308,73.8474,11-05-2024 21:15,2024-05-11 21:15:00,2024,5,11,21,132,30.0
Shivajinagar AWS,18.5308,73.8474,11-05-2024 21:20,2024-05-11 21:20:00,2024,5,11,21,132,30.0
Shivajinagar AWS,18.5308,73.8474,11-05-2024 21:25,2024-05-11 21:25:00,2024,5,11,21,132,29.9
Shivajinagar AWS,18.5308,73.8474,11-05-2024 21:30,2024-05-11 21:30:00,2024,5,11,21,132,29.7
Shivajinagar AWS,18.5308,73.8474,11-05-2024 21:35,2024-05-11 21:35:00,2024,5,11,21,132,29.5
Shivajinagar AWS,18.5308,73.8474,11-05-2024 21:40,2024-05-11 21:40:00,2024,5,11,21,132,29.1
Shivajinagar AWS,18.5308,73.8474,11-05-2024 21:45,2024-05-11 21:45:00,2024,5,11,21,132,28.9
Shivajinagar AWS,18.5308,73.8474,11-05-2024 21:50,2024-05-11 21:50:00,2024,5,11,21,132,28.7
Shivajinagar AWS,18.5308,73.8474,11-05-2024 21:55,2024-05-11 21:55:00,2024,5,11,21,132,28.3
Shivajinagar AWS,18.5308,73.8474,11-05-2024 22:00,2024-05-11 22:00:00,2024,5,11,22,132,28.1
Shivajinagar AWS,18.5308,73.8474,11-05-2024 22:05,2024-05-11 22:05:00,2024,5,11,22,132,28.2
Shivajinagar AWS,18.5308,73.8474,11-05-2024 22:10,2024-05-11 22:10:00,2024,5,11,22,132,28.2
Shivajinagar AWS,18.5308,73.8474,11-05-2024 22:15,2024-05-11 22:15:00,2024,5,11,22,132,28.0
Shivajinagar AWS,18.5308,73.8474,11-05-2024 22:20,2024-05-11 22:20:00,2024,5,11,22,132,27.9
Shivajinagar AWS,18.5308,73.8474,11-05-2024 22:25,2024-05-11 22:25:00,2024,5,11,22,132,27.7
Shivajinagar AWS,18.5308,73.8474,11-05-2024 22:30,2024-05-11 22:30:00,2024,5,11,22,132,27.6
Shivajinagar AWS,18.5308,73.8474,11-05-2024 22:35,2024-05-11 22:35:00,2024,5,11,22,132,27.7
Shivajinagar AWS,18.5308,73.8474,11-05-2024 22:40,2024-05-11 22:40:00,2024,5,11,22,132,27.8
Shivajinagar AWS,18.5308,73.8474,11-05-2024 22:45,2024-05-11 22:45:00,2024,5,11,22,132,27.7
Shivajinagar AWS,18.5308,73.8474,11-05-2024 22:50,2024-05-11 22:50:00,2024,5,11,22,132,27.5
Shivajinagar AWS,18.5308,73.8474,11-05-2024 22:55,2024-05-11 22:55:00,2024,5,11,22,132,27.5
Shivajinagar AWS,18.5308,73.8474,11-05-2024 23:00,2024-05-11 23:00:00,2024,5,11,23,132,27.1
Shivajinagar AWS,18.5308,73.8474,11-05-2024 23:05,2024-05-11 23:05:00,2024,5,11,23,132,27.0
Shivajinagar AWS,18.5308,73.8474,11-05-2024 23:10,2024-05-11 23:10:00,2024,5,11,23,132,27.0
Shivajinagar AWS,18.5308,73.8474,11-05-2024 23:15,2024-05-11 23:15:00,2024,5,11,23,132,27.0
Shivajinagar AWS,18.5308,73.8474,11-05-2024 23:20,2024-05-11 23:20:00,2024,5,11,23,132,27.0
Shivajinagar AWS,18.5308,73.8474,11-05-2024 23:25,2024-05-11 23:25:00,2024,5,11,23,132,26.9
Shivajinagar AWS,18.5308,73.8474,11-05-2024 23:30,2024-05-11 23:30:00,2024,5,11,23,132,26.8
Shivajinagar AWS,18.5308,73.8474,11-05-2024 23:35,2024-05-11 23:35:00,2024,5,11,23,132,26.7
Shivajinagar AWS,18.5308,73.8474,11-05-2024 23:40,2024-05-11 23:40:00,2024,5,11,23,132,26.5
Shivajinagar AWS,18.5308,73.8474,11-05-2024 23:45,2024-05-11 23:45:00,2024,5,11,23,132,26.2
Shivajinagar AWS,18.5308,73.8474,11-05-2024 23:50,2024-05-11 23:50:00,2024,5,11,23,132,26.2
Shivajinagar AWS,18.5308,73.8474,11-05-2024 23:55,2024-05-11 23:55:00,2024,5,11,23,132,26.1
Shivajinagar AWS,18.5308,73.8474,12-05-2024 00:00,2024-05-12 00:00:00,2024,5,12,0,133,25.7
Shivajinagar AWS,18.5308,73.8474,12-05-2024 00:05,2024-05-12 00:05:00,2024,5,12,0,133,25.7
Shivajinagar AWS,18.5308,73.8474,12-05-2024 00:10,2024-05-12 00:10:00,2024,5,12,0,133,25.8
Shivajinagar AWS,18.5308,73.8474,12-05-2024 00:15,2024-05-12 00:15:00,2024,5,12,0,133,25.7
Shivajinagar AWS,18.5308,73.8474,12-05-2024 00:20,2024-05-12 00:20:00,2024,5,12,0,133,26.0
Shivajinagar AWS,18.5308,73.8474,12-05-2024 00:25,2024-05-12 00:25:00,2024,5,12,0,133,25.8
Shivajinagar AWS,18.5308,73.8474,12-05-2024 00:30,2024-05-12 00:30:00,2024,5,12,0,133,25.6
Shivajinagar AWS,18.5308,73.8474,12-05-2024 00:35,2024-05-12 00:35:00,2024,5,12,0,133,25.5
Shivajinagar AWS,18.5308,73.8474,12-05-2024 00:40,2024-05-12 00:40:00,2024,5,12,0,133,25.4
Shivajinagar AWS,18.5308,73.8474,12-05-2024 00:45,2024-05-12 00:45:00,2024,5,12,0,133,25.3
Shivajinagar AWS,18.5308,73.8474,12-05-2024 00:50,2024-05-12 00:50:00,2024,5,12,0,133,25.0
Shivajinagar AWS,18.5308,73.8474,12-05-2024 00:55,2024-05-12 00:55:00,2024,5,12,0,133,24.9
Shivajinagar AWS,18.5308,73.8474,12-05-2024 01:00,2024-05-12 01:00:00,2024,5,12,1,133,24.8
Shivajinagar AWS,18.5308,73.8474,12-05-2024 01:05,2024-05-12 01:05:00,2024,5,12,1,133,25.0
Shivajinagar AWS,18.5308,73.8474,12-05-2024 01:10,2024-05-12 01:10:00,2024,5,12,1,133,25.2
Shivajinagar AWS,18.5308,73.8474,12-05-2024 01:15,2024-05-12 01:15:00,2024,5,12,1,133,25.4
Shivajinagar AWS,18.5308,73.8474,12-05-2024 01:20,2024-05-12 01:20:00,2024,5,12,1,133,25.2
Shivajinagar AWS,18.5308,73.8474,12-05-2024 01:25,2024-05-12 01:25:00,2024,5,12,1,133,25.0
Shivajinagar AWS,18.5308,73.8474,12-05-2024 01:30,2024-05-12 01:30:00,2024,5,12,1,133,24.9
Shivajinagar AWS,18.5308,73.8474,12-05-2024 01:35,2024-05-12 01:35:00,2024,5,12,1,133,25.2
Shivajinagar AWS,18.5308,73.8474,12-05-2024 01:40,2024-05-12 01:40:00,2024,5,12,1,133,25.1
Shivajinagar AWS,18.5308,73.8474,12-05-2024 01:45,2024-05-12 01:45:00,2024,5,12,1,133,24.8
Shivajinagar AWS,18.5308,73.8474,12-05-2024 01:50,2024-05-12 01:50:00,2024,5,12,1,133,24.7
Shivajinagar AWS,18.5308,73.8474,12-05-2024 01:55,2024-05-12 01:55:00,2024,5,12,1,133,24.8
Shivajinagar AWS,18.5308,73.8474,12-05-2024 02:00,2024-05-12 02:00:00,2024,5,12,2,133,24.9
Shivajinagar AWS,18.5308,73.8474,12-05-2024 02:05,2024-05-12 02:05:00,2024,5,12,2,133,24.8
Shivajinagar AWS,18.5308,73.8474,12-05-2024 02:10,2024-05-12 02:10:00,2024,5,12,2,133,24.9
Shivajinagar AWS,18.5308,73.8474,12-05-2024 02:15,2024-05-12 02:15:00,2024,5,12,2,133,24.5
Shivajinagar AWS,18.5308,73.8474,12-05-2024 02:20,2024-05-12 02:20:00,2024,5,12,2,133,24.5
Shivajinagar AWS,18.5308,73.8474,12-05-2024 02:25,2024-05-12 02:25:00,2024,5,12,2,133,24.7
Shivajinagar AWS,18.5308,73.8474,12-05-2024 02:30,2024-05-12 02:30:00,2024,5,12,2,133,24.5
Shivajinagar AWS,18.5308,73.8474,12-05-2024 02:35,2024-05-12 02:35:00,2024,5,12,2,133,24.4
Shivajinagar AWS,18.5308,73.8474,12-05-2024 02:40,2024-05-12 02:40:00,2024,5,12,2,133,24.1
Shivajinagar AWS,18.5308,73.8474,12-05-2024 02:45,2024-05-12 02:45:00,2024,5,12,2,133,24.4
Shivajinagar AWS,18.5308,73.8474,12-05-2024 02:50,2024-05-12 02:50:00,2024,5,12,2,133,24.3
Shivajinagar AWS,18.5308,73.8474,12-05-2024 02:55,2024-05-12 02:55:00,2024,5,12,2,133,24.4
Shivajinagar AWS,18.5308,73.8474,12-05-2024 03:00,2024-05-12 03:00:00,2024,5,12,3,133,24.5
Shivajinagar AWS,18.5308,73.8474,12-05-2024 03:05,2024-05-12 03:05:00,2024,5,12,3,133,24.7
Shivajinagar AWS,18.5308,73.8474,12-05-2024 03:10,2024-05-12 03:10:00,2024,5,12,3,133,24.7
Shivajinagar AWS,18.5308,73.8474,12-05-2024 03:15,2024-05-12 03:15:00,2024,5,12,3,133,24.7
Shivajinagar AWS,18.5308,73.8474,12-05-2024 03:20,2024-05-12 03:20:00,2024,5,12,3,133,24.7
Shivajinagar AWS,18.5308,73.8474,12-05-2024 03:25,2024-05-12 03:25:00,2024,5,12,3,133,24.9
Shivajinagar AWS,18.5308,73.8474,12-05-2024 03:30,2024-05-12 03:30:00,2024,5,12,3,133,24.9
Shivajinagar AWS,18.5308,73.8474,12-05-2024 03:35,2024-05-12 03:35:00,2024,5,12,3,133,24.8
Shivajinagar AWS,18.5308,73.8474,12-05-2024 03:40,2024-05-12 03:40:00,2024,5,12,3,133,24.6
Shivajinagar AWS,18.5308,73.8474,12-05-2024 03:45,2024-05-12 03:45:00,2024,5,12,3,133,24.5
Shivajinagar AWS,18.5308,73.8474,12-05-2024 03:50,2024-05-12 03:50:00,2024,5,12,3,133,24.7
Shivajinagar AWS,18.5308,73.8474,12-05-2024 03:55,2024-05-12 03:55:00,2024,5,12,3,133,24.7
Shivajinagar AWS,18.5308,73.8474,12-05-2024 04:00,2024-05-12 04:00:00,2024,5,12,4,133,24.7
Shivajinagar AWS,18.5308,73.8474,12-05-2024 04:05,2024-05-12 04:05:00,2024,5,12,4,133,24.6
Shivajinagar AWS,18.5308,73.8474,12-05-2024 04:10,2024-05-12 04:10:00,2024,5,12,4,133,24.7
Shivajinagar AWS,18.5308,73.8474,12-05-2024 04:15,2024-05-12 04:15:00,2024,5,12,4,133,24.8
Shivajinagar AWS,18.5308,73.8474,12-05-2024 04:20,2024-05-12 04:20:00,2024,5,12,4,133,24.8
Shivajinagar AWS,18.5308,73.8474,12-05-2024 04:25,2024-05-12 04:25:00,2024,5,12,4,133,25.1
Shivajinagar AWS,18.5308,73.8474,12-05-2024 04:30,2024-05-12 04:30:00,2024,5,12,4,133,25.4
Shivajinagar AWS,18.5308,73.8474,12-05-2024 04:35,2024-05-12 04:35:00,2024,5,12,4,133,25.3
Shivajinagar AWS,18.5308,73.8474,12-05-2024 04:40,2024-05-12 04:40:00,2024,5,12,4,133,25.4
Shivajinagar AWS,18.5308,73.8474,12-05-2024 04:45,2024-05-12 04:45:00,2024,5,12,4,133,25.4
Shivajinagar AWS,18.5308,73.8474,12-05-2024 04:50,2024-05-12 04:50:00,2024,5,12,4,133,25.4
Shivajinagar AWS,18.5308,73.8474,12-05-2024 04:55,2024-05-12 04:55:00,2024,5,12,4,133,25.6
Shivajinagar AWS,18.5308,73.8474,12-05-2024 05:00,2024-05-12 05:00:00,2024,5,12,5,133,25.6
Shivajinagar AWS,18.5308,73.8474,12-05-2024 05:05,2024-05-12 05:05:00,2024,5,12,5,133,25.8
Shivajinagar AWS,18.5308,73.8474,12-05-2024 05:10,2024-05-12 05:10:00,2024,5,12,5,133,26.0
Shivajinagar AWS,18.5308,73.8474,12-05-2024 05:15,2024-05-12 05:15:00,2024,5,12,5,133,26.1
Shivajinagar AWS,18.5308,73.8474,12-05-2024 05:20,2024-05-12 05:20:00,2024,5,12,5,133,26.1
Shivajinagar AWS,18.5308,73.8474,12-05-2024 05:25,2024-05-12 05:25:00,2024,5,12,5,133,26.1
Shivajinagar AWS,18.5308,73.8474,12-05-2024 05:30,2024-05-12 05:30:00,2024,5,12,5,133,26.0
Shivajinagar AWS,18.5308,73.8474,12-05-2024 05:35,2024-05-12 05:35:00,2024,5,12,5,133,26.0
Shivajinagar AWS,18.5308,73.8474,12-05-2024 05:40,2024-05-12 05:40:00,2024,5,12,5,133,26.5
Shivajinagar AWS,18.5308,73.8474,12-05-2024 05:45,2024-05-12 05:45:00,2024,5,12,5,133,26.5
Shivajinagar AWS,18.5308,73.8474,12-05-2024 05:50,2024-05-12 05:50:00,2024,5,12,5,133,26.4
Shivajinagar AWS,18.5308,73.8474,12-05-2024 05:55,2024-05-12 05:55:00,2024,5,12,5,133,26.6
Shivajinagar AWS,18.5308,73.8474,12-05-2024 06:00,2024-05-12 06:00:00,2024,5,12,6,133,26.7
Shivajinagar AWS,18.5308,73.8474,12-05-2024 06:05,2024-05-12 06:05:00,2024,5,12,6,133,26.8
Shivajinagar AWS,18.5308,73.8474,12-05-2024 06:10,2024-05-12 06:10:00,2024,5,12,6,133,27.2
Shivajinagar AWS,18.5308,73.8474,12-05-2024 06:15,2024-05-12 06:15:00,2024,5,12,6,133,27.4
Shivajinagar AWS,18.5308,73.8474,12-05-2024 06:20,2024-05-12 06:20:00,2024,5,12,6,133,27.4
Shivajinagar AWS,18.5308,73.8474,12-05-2024 06:25,2024-05-12 06:25:00,2024,5,12,6,133,27.5
Shivajinagar AWS,18.5308,73.8474,12-05-2024 06:30,2024-05-12 06:30:00,2024,5,12,6,133,27.5
Shivajinagar AWS,18.5308,73.8474,12-05-2024 06:35,2024-05-12 06:35:00,2024,5,12,6,133,27.8
Shivajinagar AWS,18.5308,73.8474,12-05-2024 06:40,2024-05-12 06:40:00,2024,5,12,6,133,27.9
Shivajinagar AWS,18.5308,73.8474,12-05-2024 06:45,2024-05-12 06:45:00,2024,5,12,6,133,27.8
Shivajinagar AWS,18.5308,73.8474,12-05-2024 06:50,2024-05-12 06:50:00,2024,5,12,6,133,27.9
Shivajinagar AWS,18.5308,73.8474,12-05-2024 06:55,2024-05-12 06:55:00,2024,5,12,6,133,27.9
Shivajinagar AWS,18.5308,73.8474,12-05-2024 07:00,2024-05-12 07:00:00,2024,5,12,7,133,28.3
Shivajinagar AWS,18.5308,73.8474,12-05-2024 07:05,2024-05-12 07:05:00,2024,5,12,7,133,28.3
Shivajinagar AWS,18.5308,73.8474,12-05-2024 07:10,2024-05-12 07:10:00,2024,5,12,7,133,28.5
Shivajinagar AWS,18.5308,73.8474,12-05-2024 07:15,2024-05-12 07:15:00,2024,5,12,7,133,28.7
Shivajinagar AWS,18.5308,73.8474,12-05-2024 07:20,2024-05-12 07:20:00,2024,5,12,7,133,28.8
Shivajinagar AWS,18.5308,73.8474,12-05-2024 07:25,2024-05-12 07:25:00,2024,5,12,7,133,28.9
Shivajinagar AWS,18.5308,73.8474,12-05-2024 07:30,2024-05-12 07:30:00,2024,5,12,7,133,29.1
Shivajinagar AWS,18.5308,73.8474,12-05-2024 07:35,2024-05-12 07:35:00,2024,5,12,7,133,29.5
Shivajinagar AWS,18.5308,73.8474,12-05-2024 07:40,2024-05-12 07:40:00,2024,5,12,7,133,29.8
Shivajinagar AWS,18.5308,73.8474,12-05-2024 07:45,2024-05-12 07:45:00,2024,5,12,7,133,30.1
Shivajinagar AWS,18.5308,73.8474,12-05-2024 07:50,2024-05-12 07:50:00,2024,5,12,7,133,30.1
Shivajinagar AWS,18.5308,73.8474,12-05-2024 07:55,2024-05-12 07:55:00,2024,5,12,7,133,30.3
Shivajinagar AWS,18.5308,73.8474,12-05-2024 08:00,2024-05-12 08:00:00,2024,5,12,8,133,30.5
Shivajinagar AWS,18.5308,73.8474,12-05-2024 08:05,2024-05-12 08:05:00,2024,5,12,8,133,30.6
Shivajinagar AWS,18.5308,73.8474,12-05-2024 08:10,2024-05-12 08:10:00,2024,5,12,8,133,31.0
Shivajinagar AWS,18.5308,73.8474,12-05-2024 08:15,2024-05-12 08:15:00,2024,5,12,8,133,31.1
Shivajinagar AWS,18.5308,73.8474,12-05-2024 08:20,2024-05-12 08:20:00,2024,5,12,8,133,31.2
Shivajinagar AWS,18.5308,73.8474,12-05-2024 08:25,2024-05-12 08:25:00,2024,5,12,8,133,31.4
Shivajinagar AWS,18.5308,73.8474,12-05-2024 08:30,2024-05-12 08:30:00,2024,5,12,8,133,31.2
Shivajinagar AWS,18.5308,73.8474,12-05-2024 08:35,2024-05-12 08:35:00,2024,5,12,8,133,31.3
Shivajinagar AWS,18.5308,73.8474,12-05-2024 08:40,2024-05-12 08:40:00,2024,5,12,8,133,31.5
Shivajinagar AWS,18.5308,73.8474,12-05-2024 08:45,2024-05-12 08:45:00,2024,5,12,8,133,31.5
Shivajinagar AWS,18.5308,73.8474,12-05-2024 08:50,2024-05-12 08:50:00,2024,5,12,8,133,31.8
Shivajinagar AWS,18.5308,73.8474,12-05-2024 08:55,2024-05-12 08:55:00,2024,5,12,8,133,31.8
Shivajinagar AWS,18.5308,73.8474,12-05-2024 09:00,2024-05-12 09:00:00,2024,5,12,9,133,31.9
Shivajinagar AWS,18.5308,73.8474,12-05-2024 09:05,2024-05-12 09:05:00,2024,5,12,9,133,32.1
Shivajinagar AWS,18.5308,73.8474,12-05-2024 09:10,2024-05-12 09:10:00,2024,5,12,9,133,32.4
Shivajinagar AWS,18.5308,73.8474,12-05-2024 09:15,2024-05-12 09:15:00,2024,5,12,9,133,32.6
Shivajinagar AWS,18.5308,73.8474,12-05-2024 09:20,2024-05-12 09:20:00,2024,5,12,9,133,32.9
Shivajinagar AWS,18.5308,73.8474,12-05-2024 09:25,2024-05-12 09:25:00,2024,5,12,9,133,33.1
Shivajinagar AWS,18.5308,73.8474,12-05-2024 09:30,2024-05-12 09:30:00,2024,5,12,9,133,33.2
Shivajinagar AWS,18.5308,73.8474,12-05-2024 09:35,2024-05-12 09:35:00,2024,5,12,9,133,33.2
Shivajinagar AWS,18.5308,73.8474,12-05-2024 09:40,2024-05-12 09:40:00,2024,5,12,9,133,33.1
Shivajinagar AWS,18.5308,73.8474,12-05-2024 09:45,2024-05-12 09:45:00,2024,5,12,9,133,33.3
Shivajinagar AWS,18.5308,73.8474,12-05-2024 09:50,2024-05-12 09:50:00,2024,5,12,9,133,33.3
Shivajinagar AWS,18.5308,73.8474,12-05-2024 09:55,2024-05-12 09:55:00,2024,5,12,9,133,33.6
Shivajinagar AWS,18.5308,73.8474,12-05-2024 10:00,2024-05-12 10:00:00,2024,5,12,10,133,33.8
Shivajinagar AWS,18.5308,73.8474,12-05-2024 10:05,2024-05-12 10:05:00,2024,5,12,10,133,33.9
Shivajinagar AWS,18.5308,73.8474,12-05-2024 10:10,2024-05-12 10:10:00,2024,5,12,10,133,33.9
Shivajinagar AWS,18.5308,73.8474,12-05-2024 10:15,2024-05-12 10:15:00,2024,5,12,10,133,34.1
Shivajinagar AWS,18.5308,73.8474,12-05-2024 10:20,2024-05-12 10:20:00,2024,5,12,10,133,34.1
Shivajinagar AWS,18.5308,73.8474,12-05-2024 10:25,2024-05-12 10:25:00,2024,5,12,10,133,34.1
Shivajinagar AWS,18.5308,73.8474,12-05-2024 10:30,2024-05-12 10:30:00,2024,5,12,10,133,34.1
Shivajinagar AWS,18.5308,73.8474,12-05-2024 10:35,2024-05-12 10:35:00,2024,5,12,10,133,34.2
Shivajinagar AWS,18.5308,73.8474,12-05-2024 10:40,2024-05-12 10:40:00,2024,5,12,10,133,34.5
Shivajinagar AWS,18.5308,73.8474,12-05-2024 10:45,2024-05-12 10:45:00,2024,5,12,10,133,34.7
Shivajinagar AWS,18.5308,73.8474,12-05-2024 10:50,2024-05-12 10:50:00,2024,5,12,10,133,34.7
Shivajinagar AWS,18.5308,73.8474,12-05-2024 10:55,2024-05-12 10:55:00,2024,5,12,10,133,34.6
Shivajinagar AWS,18.5308,73.8474,12-05-2024 11:00,2024-05-12 11:00:00,2024,5,12,11,133,34.8
Shivajinagar AWS,18.5308,73.8474,12-05-2024 11:05,2024-05-12 11:05:00,2024,5,12,11,133,34.9
Shivajinagar AWS,18.5308,73.8474,12-05-2024 11:10,2024-05-12 11:10:00,2024,5,12,11,133,35.0
Shivajinagar AWS,18.5308,73.8474,12-05-2024 11:15,2024-05-12 11:15:00,2024,5,12,11,133,35.1
Shivajinagar AWS,18.5308,73.8474,12-05-2024 11:20,2024-05-12 11:20:00,2024,5,12,11,133,35.3
Shivajinagar AWS,18.5308,73.8474,12-05-2024 11:25,2024-05-12 11:25:00,2024,5,12,11,133,35.4
Shivajinagar AWS,18.5308,73.8474,12-05-2024 11:30,2024-05-12 11:30:00,2024,5,12,11,133,35.5
Shivajinagar AWS,18.5308,73.8474,12-05-2024 11:35,2024-05-12 11:35:00,2024,5,12,11,133,35.7
Shivajinagar AWS,18.5308,73.8474,12-05-2024 11:40,2024-05-12 11:40:00,2024,5,12,11,133,36.2
Shivajinagar AWS,18.5308,73.8474,12-05-2024 11:45,2024-05-12 11:45:00,2024,5,12,11,133,36.4
Shivajinagar AWS,18.5308,73.8474,12-05-2024 11:50,2024-05-12 11:50:00,2024,5,12,11,133,36.4
Shivajinagar AWS,18.5308,73.8474,12-05-2024 11:55,2024-05-12 11:55:00,2024,5,12,11,133,36.5
Shivajinagar AWS,18.5308,73.8474,12-05-2024 12:00,2024-05-12 12:00:00,2024,5,12,12,133,36.5
Shivajinagar AWS,18.5308,73.8474,12-05-2024 12:05,2024-05-12 12:05:00,2024,5,12,12,133,36.5
Shivajinagar AWS,18.5308,73.8474,12-05-2024 12:10,2024-05-12 12:10:00,2024,5,12,12,133,36.5
Shivajinagar AWS,18.5308,73.8474,12-05-2024 12:15,2024-05-12 12:15:00,2024,5,12,12,133,36.4
Shivajinagar AWS,18.5308,73.8474,12-05-2024 12:20,2024-05-12 12:20:00,2024,5,12,12,133,36.6
Shivajinagar AWS,18.5308,73.8474,12-05-2024 12:25,2024-05-12 12:25:00,2024,5,12,12,133,36.5
Shivajinagar AWS,18.5308,73.8474,12-05-2024 12:30,2024-05-12 12:30:00,2024,5,12,12,133,36.8
Shivajinagar AWS,18.5308,73.8474,12-05-2024 12:35,2024-05-12 12:35:00,2024,5,12,12,133,37.0
Shivajinagar AWS,18.5308,73.8474,12-05-2024 12:40,2024-05-12 12:40:00,2024,5,12,12,133,37.0
Shivajinagar AWS,18.5308,73.8474,12-05-2024 12:45,2024-05-12 12:45:00,2024,5,12,12,133,37.1
Shivajinagar AWS,18.5308,73.8474,12-05-2024 12:50,2024-05-12 12:50:00,2024,5,12,12,133,37.1
Shivajinagar AWS,18.5308,73.8474,12-05-2024 12:55,2024-05-12 12:55:00,2024,5,12,12,133,37.2
Shivajinagar AWS,18.5308,73.8474,12-05-2024 13:00,2024-05-12 13:00:00,2024,5,12,13,133,37.4
Shivajinagar AWS,18.5308,73.8474,12-05-2024 13:05,2024-05-12 13:05:00,2024,5,12,13,133,37.3
Shivajinagar AWS,18.5308,73.8474,12-05-2024 13:10,2024-05-12 13:10:00,2024,5,12,13,133,37.1
Shivajinagar AWS,18.5308,73.8474,12-05-2024 13:15,2024-05-12 13:15:00,2024,5,12,13,133,37.3
Shivajinagar AWS,18.5308,73.8474,12-05-2024 13:20,2024-05-12 13:20:00,2024,5,12,13,133,37.4
Shivajinagar AWS,18.5308,73.8474,12-05-2024 13:25,2024-05-12 13:25:00,2024,5,12,13,133,37.2
Shivajinagar AWS,18.5308,73.8474,12-05-2024 13:30,2024-05-12 13:30:00,2024,5,12,13,133,37.2
Shivajinagar AWS,18.5308,73.8474,12-05-2024 13:35,2024-05-12 13:35:00,2024,5,12,13,133,37.1
Shivajinagar AWS,18.5308,73.8474,12-05-2024 13:40,2024-05-12 13:40:00,2024,5,12,13,133,37.0
Shivajinagar AWS,18.5308,73.8474,12-05-2024 13:45,2024-05-12 13:45:00,2024,5,12,13,133,37.0
Shivajinagar AWS,18.5308,73.8474,12-05-2024 13:50,2024-05-12 13:50:00,2024,5,12,13,133,37.0
Shivajinagar AWS,18.5308,73.8474,12-05-2024 13:55,2024-05-12 13:55:00,2024,5,12,13,133,37.0
Shivajinagar AWS,18.5308,73.8474,12-05-2024 14:00,2024-05-12 14:00:00,2024,5,12,14,133,36.9
Shivajinagar AWS,18.5308,73.8474,12-05-2024 14:05,2024-05-12 14:05:00,2024,5,12,14,133,36.9
Shivajinagar AWS,18.5308,73.8474,12-05-2024 14:10,2024-05-12 14:10:00,2024,5,12,14,133,37.0
Shivajinagar AWS,18.5308,73.8474,12-05-2024 14:15,2024-05-12 14:15:00,2024,5,12,14,133,37.0
Shivajinagar AWS,18.5308,73.8474,12-05-2024 14:20,2024-05-12 14:20:00,2024,5,12,14,133,37.2
Shivajinagar AWS,18.5308,73.8474,12-05-2024 14:25,2024-05-12 14:25:00,2024,5,12,14,133,37.3
Shivajinagar AWS,18.5308,73.8474,12-05-2024 14:30,2024-05-12 14:30:00,2024,5,12,14,133,37.0
Shivajinagar AWS,18.5308,73.8474,12-05-2024 14:35,2024-05-12 14:35:00,2024,5,12,14,133,37.1
Shivajinagar AWS,18.5308,73.8474,12-05-2024 14:40,2024-05-12 14:40:00,2024,5,12,14,133,37.2
Shivajinagar AWS,18.5308,73.8474,12-05-2024 14:45,2024-05-12 14:45:00,2024,5,12,14,133,37.2
Shivajinagar AWS,18.5308,73.8474,12-05-2024 14:50,2024-05-12 14:50:00,2024,5,12,14,133,36.9
Shivajinagar AWS,18.5308,73.8474,12-05-2024 14:55,2024-05-12 14:55:00,2024,5,12,14,133,36.9
Shivajinagar AWS,18.5308,73.8474,12-05-2024 15:00,2024-05-12 15:00:00,2024,5,12,15,133,36.9
Shivajinagar AWS,18.5308,73.8474,12-05-2024 15:05,2024-05-12 15:05:00,2024,5,12,15,133,36.8
Shivajinagar AWS,18.5308,73.8474,12-05-2024 15:10,2024-05-12 15:10:00,2024,5,12,15,133,36.6
Shivajinagar AWS,18.5308,73.8474,12-05-2024 15:15,2024-05-12 15:15:00,2024,5,12,15,133,36.5
Shivajinagar AWS,18.5308,73.8474,12-05-2024 15:20,2024-05-12 15:20:00,2024,5,12,15,133,36.5
Shivajinagar AWS,18.5308,73.8474,12-05-2024 15:25,2024-05-12 15:25:00,2024,5,12,15,133,36.4
Shivajinagar AWS,18.5308,73.8474,12-05-2024 15:30,2024-05-12 15:30:00,2024,5,12,15,133,36.4
Shivajinagar AWS,18.5308,73.8474,12-05-2024 15:35,2024-05-12 15:35:00,2024,5,12,15,133,36.3
Shivajinagar AWS,18.5308,73.8474,12-05-2024 15:40,2024-05-12 15:40:00,2024,5,12,15,133,36.2
Shivajinagar AWS,18.5308,73.8474,12-05-2024 15:45,2024-05-12 15:45:00,2024,5,12,15,133,36.3
Shivajinagar AWS,18.5308,73.8474,12-05-2024 15:50,2024-05-12 15:50:00,2024,5,12,15,133,36.2
Shivajinagar AWS,18.5308,73.8474,12-05-2024 15:55,2024-05-12 15:55:00,2024,5,12,15,133,35.9
Shivajinagar AWS,18.5308,73.8474,12-05-2024 16:00,2024-05-12 16:00:00,2024,5,12,16,133,35.8
Shivajinagar AWS,18.5308,73.8474,12-05-2024 16:05,2024-05-12 16:05:00,2024,5,12,16,133,35.6
Shivajinagar AWS,18.5308,73.8474,12-05-2024 16:10,2024-05-12 16:10:00,2024,5,12,16,133,35.7
Shivajinagar AWS,18.5308,73.8474,12-05-2024 16:15,2024-05-12 16:15:00,2024,5,12,16,133,35.7
Shivajinagar AWS,18.5308,73.8474,12-05-2024 16:20,2024-05-12 16:20:00,2024,5,12,16,133,35.4
Shivajinagar AWS,18.5308,73.8474,12-05-2024 16:25,2024-05-12 16:25:00,2024,5,12,16,133,35.5
Shivajinagar AWS,18.5308,73.8474,12-05-2024 16:30,2024-05-12 16:30:00,2024,5,12,16,133,35.3
Shivajinagar AWS,18.5308,73.8474,12-05-2024 16:35,2024-05-12 16:35:00,2024,5,12,16,133,35.5
Shivajinagar AWS,18.5308,73.8474,12-05-2024 16:40,2024-05-12 16:40:00,2024,5,12,16,133,35.5
Shivajinagar AWS,18.5308,73.8474,12-05-2024 16:45,2024-05-12 16:45:00,2024,5,12,16,133,35.2
Shivajinagar AWS,18.5308,73.8474,12-05-2024 16:50,2024-05-12 16:50:00,2024,5,12,16,133,35.0
Shivajinagar AWS,18.5308,73.8474,12-05-2024 16:55,2024-05-12 16:55:00,2024,5,12,16,133,35.0
Shivajinagar AWS,18.5308,73.8474,12-05-2024 17:00,2024-05-12 17:00:00,2024,5,12,17,133,34.9
Shivajinagar AWS,18.5308,73.8474,12-05-2024 17:05,2024-05-12 17:05:00,2024,5,12,17,133,34.8
Shivajinagar AWS,18.5308,73.8474,12-05-2024 17:10,2024-05-12 17:10:00,2024,5,12,17,133,35.0
Shivajinagar AWS,18.5308,73.8474,12-05-2024 17:15,2024-05-12 17:15:00,2024,5,12,17,133,34.8
Shivajinagar AWS,18.5308,73.8474,12-05-2024 17:20,2024-05-12 17:20:00,2024,5,12,17,133,34.8
Shivajinagar AWS,18.5308,73.8474,12-05-2024 17:25,2024-05-12 17:25:00,2024,5,12,17,133,34.9
Shivajinagar AWS,18.5308,73.8474,12-05-2024 17:30,2024-05-12 17:30:00,2024,5,12,17,133,34.8
Shivajinagar AWS,18.5308,73.8474,12-05-2024 17:35,2024-05-12 17:35:00,2024,5,12,17,133,34.5
Shivajinagar AWS,18.5308,73.8474,12-05-2024 17:40,2024-05-12 17:40:00,2024,5,12,17,133,34.5
Shivajinagar AWS,18.5308,73.8474,12-05-2024 17:45,2024-05-12 17:45:00,2024,5,12,17,133,34.2
Shivajinagar AWS,18.5308,73.8474,12-05-2024 17:50,2024-05-12 17:50:00,2024,5,12,17,133,34.3
Shivajinagar AWS,18.5308,73.8474,12-05-2024 17:55,2024-05-12 17:55:00,2024,5,12,17,133,34.1
Shivajinagar AWS,18.5308,73.8474,12-05-2024 18:00,2024-05-12 18:00:00,2024,5,12,18,133,34.4
Shivajinagar AWS,18.5308,73.8474,12-05-2024 18:05,2024-05-12 18:05:00,2024,5,12,18,133,34.5
Shivajinagar AWS,18.5308,73.8474,12-05-2024 18:10,2024-05-12 18:10:00,2024,5,12,18,133,34.3
Shivajinagar AWS,18.5308,73.8474,12-05-2024 18:15,2024-05-12 18:15:00,2024,5,12,18,133,34.1
Shivajinagar AWS,18.5308,73.8474,12-05-2024 18:20,2024-05-12 18:20:00,2024,5,12,18,133,34.1
Shivajinagar AWS,18.5308,73.8474,12-05-2024 18:25,2024-05-12 18:25:00,2024,5,12,18,133,34.1
Shivajinagar AWS,18.5308,73.8474,12-05-2024 18:30,2024-05-12 18:30:00,2024,5,12,18,133,34.0
Shivajinagar AWS,18.5308,73.8474,12-05-2024 18:35,2024-05-12 18:35:00,2024,5,12,18,133,34.0
Shivajinagar AWS,18.5308,73.8474,12-05-2024 18:40,2024-05-12 18:40:00,2024,5,12,18,133,33.8
Shivajinagar AWS,18.5308,73.8474,12-05-2024 18:45,2024-05-12 18:45:00,2024,5,12,18,133,33.6
Shivajinagar AWS,18.5308,73.8474,12-05-2024 18:50,2024-05-12 18:50:00,2024,5,12,18,133,33.4
Shivajinagar AWS,18.5308,73.8474,12-05-2024 18:55,2024-05-12 18:55:00,2024,5,12,18,133,33.3
Shivajinagar AWS,18.5308,73.8474,12-05-2024 19:00,2024-05-12 19:00:00,2024,5,12,19,133,33.2
Shivajinagar AWS,18.5308,73.8474,12-05-2024 19:05,2024-05-12 19:05:00,2024,5,12,19,133,33.1
Shivajinagar AWS,18.5308,73.8474,12-05-2024 19:10,2024-05-12 19:10:00,2024,5,12,19,133,33.0
Shivajinagar AWS,18.5308,73.8474,12-05-2024 19:15,2024-05-12 19:15:00,2024,5,12,19,133,32.6
Shivajinagar AWS,18.5308,73.8474,12-05-2024 19:20,2024-05-12 19:20:00,2024,5,12,19,133,32.4
Shivajinagar AWS,18.5308,73.8474,12-05-2024 19:25,2024-05-12 19:25:00,2024,5,12,19,133,32.3
Shivajinagar AWS,18.5308,73.8474,12-05-2024 19:30,2024-05-12 19:30:00,2024,5,12,19,133,32.4
Shivajinagar AWS,18.5308,73.8474,12-05-2024 19:35,2024-05-12 19:35:00,2024,5,12,19,133,32.0
Shivajinagar AWS,18.5308,73.8474,12-05-2024 19:40,2024-05-12 19:40:00,2024,5,12,19,133,32.0
Shivajinagar AWS,18.5308,73.8474,12-05-2024 19:45,2024-05-12 19:45:00,2024,5,12,19,133,31.9
Shivajinagar AWS,18.5308,73.8474,12-05-2024 19:50,2024-05-12 19:50:00,2024,5,12,19,133,31.7
Shivajinagar AWS,18.5308,73.8474,12-05-2024 19:55,2024-05-12 19:55:00,2024,5,12,19,133,31.8
Shivajinagar AWS,18.5308,73.8474,12-05-2024 20:00,2024-05-12 20:00:00,2024,5,12,20,133,31.7
Shivajinagar AWS,18.5308,73.8474,12-05-2024 20:05,2024-05-12 20:05:00,2024,5,12,20,133,31.6
Shivajinagar AWS,18.5308,73.8474,12-05-2024 20:10,2024-05-12 20:10:00,2024,5,12,20,133,31.4
Shivajinagar AWS,18.5308,73.8474,12-05-2024 20:15,2024-05-12 20:15:00,2024,5,12,20,133,31.1
Shivajinagar AWS,18.5308,73.8474,12-05-2024 20:20,2024-05-12 20:20:00,2024,5,12,20,133,30.9
Shivajinagar AWS,18.5308,73.8474,12-05-2024 20:25,2024-05-12 20:25:00,2024,5,12,20,133,30.6
Shivajinagar AWS,18.5308,73.8474,12-05-2024 20:30,2024-05-12 20:30:00,2024,5,12,20,133,30.4
Shivajinagar AWS,18.5308,73.8474,12-05-2024 20:35,2024-05-12 20:35:00,2024,5,12,20,133,29.9
Shivajinagar AWS,18.5308,73.8474,12-05-2024 20:40,2024-05-12 20:40:00,2024,5,12,20,133,29.8
Shivajinagar AWS,18.5308,73.8474,12-05-2024 20:45,2024-05-12 20:45:00,2024,5,12,20,133,29.6
Shivajinagar AWS,18.5308,73.8474,12-05-2024 20:50,2024-05-12 20:50:00,2024,5,12,20,133,29.4
Shivajinagar AWS,18.5308,73.8474,12-05-2024 20:55,2024-05-12 20:55:00,2024,5,12,20,133,29.2
Shivajinagar AWS,18.5308,73.8474,12-05-2024 21:00,2024-05-12 21:00:00,2024,5,12,21,133,28.8
Shivajinagar AWS,18.5308,73.8474,12-05-2024 21:05,2024-05-12 21:05:00,2024,5,12,21,133,29.0
Shivajinagar AWS,18.5308,73.8474,12-05-2024 21:10,2024-05-12 21:10:00,2024,5,12,21,133,28.8
Shivajinagar AWS,18.5308,73.8474,12-05-2024 21:15,2024-05-12 21:15:00,2024,5,12,21,133,28.6
Shivajinagar AWS,18.5308,73.8474,12-05-2024 21:20,2024-05-12 21:20:00,2024,5,12,21,133,28.3
Shivajinagar AWS,18.5308,73.8474,12-05-2024 21:25,2024-05-12 21:25:00,2024,5,12,21,133,28.1
Shivajinagar AWS,18.5308,73.8474,12-05-2024 21:30,2024-05-12 21:30:00,2024,5,12,21,133,28.2
Shivajinagar AWS,18.5308,73.8474,12-05-2024 21:35,2024-05-12 21:35:00,2024,5,12,21,133,28.2
Shivajinagar AWS,18.5308,73.8474,12-05-2024 21:40,2024-05-12 21:40:00,2024,5,12,21,133,28.1
Shivajinagar AWS,18.5308,73.8474,12-05-2024 21:45,2024-05-12 21:45:00,2024,5,12,21,133,28.0
Shivajinagar AWS,18.5308,73.8474,12-05-2024 21:50,2024-05-12 21:50:00,2024,5,12,21,133,27.8
Shivajinagar AWS,18.5308,73.8474,12-05-2024 21:55,2024-05-12 21:55:00,2024,5,12,21,133,27.4
Shivajinagar AWS,18.5308,73.8474,12-05-2024 22:00,2024-05-12 22:00:00,2024,5,12,22,133,27.2
Shivajinagar AWS,18.5308,73.8474,12-05-2024 22:05,2024-05-12 22:05:00,2024,5,12,22,133,27.0
Shivajinagar AWS,18.5308,73.8474,12-05-2024 22:10,2024-05-12 22:10:00,2024,5,12,22,133,27.0
Shivajinagar AWS,18.5308,73.8474,12-05-2024 22:15,2024-05-12 22:15:00,2024,5,12,22,133,26.9
Shivajinagar AWS,18.5308,73.8474,12-05-2024 22:20,2024-05-12 22:20:00,2024,5,12,22,133,27.0
Shivajinagar AWS,18.5308,73.8474,12-05-2024 22:25,2024-05-12 22:25:00,2024,5,12,22,133,27.0
Shivajinagar AWS,18.5308,73.8474,12-05-2024 22:30,2024-05-12 22:30:00,2024,5,12,22,133,26.8
Shivajinagar AWS,18.5308,73.8474,12-05-2024 22:35,2024-05-12 22:35:00,2024,5,12,22,133,26.3
Shivajinagar AWS,18.5308,73.8474,12-05-2024 22:40,2024-05-12 22:40:00,2024,5,12,22,133,26.4
Shivajinagar AWS,18.5308,73.8474,12-05-2024 22:45,2024-05-12 22:45:00,2024,5,12,22,133,26.4
Shivajinagar AWS,18.5308,73.8474,12-05-2024 22:50,2024-05-12 22:50:00,2024,5,12,22,133,26.1
Shivajinagar AWS,18.5308,73.8474,12-05-2024 22:55,2024-05-12 22:55:00,2024,5,12,22,133,26.1
Shivajinagar AWS,18.5308,73.8474,12-05-2024 23:00,2024-05-12 23:00:00,2024,5,12,23,133,26.0
Shivajinagar AWS,18.5308,73.8474,12-05-2024 23:05,2024-05-12 23:05:00,2024,5,12,23,133,25.9
Shivajinagar AWS,18.5308,73.8474,12-05-2024 23:10,2024-05-12 23:10:00,2024,5,12,23,133,26.0
Shivajinagar AWS,18.5308,73.8474,12-05-2024 23:15,2024-05-12 23:15:00,2024,5,12,23,133,26.0
Shivajinagar AWS,18.5308,73.8474,12-05-2024 23:20,2024-05-12 23:20:00,2024,5,12,23,133,25.9
Shivajinagar AWS,18.5308,73.8474,12-05-2024 23:25,2024-05-12 23:25:00,2024,5,12,23,133,25.8
Shivajinagar AWS,18.5308,73.8474,12-05-2024 23:30,2024-05-12 23:30:00,2024,5,12,23,133,25.8
Shivajinagar AWS,18.5308,73.8474,12-05-2024 23:35,2024-05-12 23:35:00,2024,5,12,23,133,25.5
Shivajinagar AWS,18.5308,73.8474,12-05-2024 23:40,2024-05-12 23:40:00,2024,5,12,23,133,25.4
Shivajinagar AWS,18.5308,73.8474,12-05-2024 23:45,2024-05-12 23:45:00,2024,5,12,23,133,25.1
Shivajinagar AWS,18.5308,73.8474,12-05-2024 23:50,2024-05-12 23:50:00,2024,5,12,23,133,24.9
Shivajinagar AWS,18.5308,73.8474,12-05-2024 23:55,2024-05-12 23:55:00,2024,5,12,23,133,24.7
Shivajinagar AWS,18.5308,73.8474,13-05-2024 00:00,2024-05-13 00:00:00,2024,5,13,0,134,24.5
Shivajinagar AWS,18.5308,73.8474,13-05-2024 00:05,2024-05-13 00:05:00,2024,5,13,0,134,24.3
Shivajinagar AWS,18.5308,73.8474,13-05-2024 00:10,2024-05-13 00:10:00,2024,5,13,0,134,24.2
Shivajinagar AWS,18.5308,73.8474,13-05-2024 00:15,2024-05-13 00:15:00,2024,5,13,0,134,24.1
Shivajinagar AWS,18.5308,73.8474,13-05-2024 00:20,2024-05-13 00:20:00,2024,5,13,0,134,23.8
Shivajinagar AWS,18.5308,73.8474,13-05-2024 00:25,2024-05-13 00:25:00,2024,5,13,0,134,23.7
Shivajinagar AWS,18.5308,73.8474,13-05-2024 00:30,2024-05-13 00:30:00,2024,5,13,0,134,23.6
Shivajinagar AWS,18.5308,73.8474,13-05-2024 00:35,2024-05-13 00:35:00,2024,5,13,0,134,23.5
Shivajinagar AWS,18.5308,73.8474,13-05-2024 00:40,2024-05-13 00:40:00,2024,5,13,0,134,23.3
Shivajinagar AWS,18.5308,73.8474,13-05-2024 00:45,2024-05-13 00:45:00,2024,5,13,0,134,23.0
Shivajinagar AWS,18.5308,73.8474,13-05-2024 00:50,2024-05-13 00:50:00,2024,5,13,0,134,23.0
Shivajinagar AWS,18.5308,73.8474,13-05-2024 00:55,2024-05-13 00:55:00,2024,5,13,0,134,23.0
Shivajinagar AWS,18.5308,73.8474,13-05-2024 01:00,2024-05-13 01:00:00,2024,5,13,1,134,23.1
Shivajinagar AWS,18.5308,73.8474,13-05-2024 01:05,2024-05-13 01:05:00,2024,5,13,1,134,23.1
Shivajinagar AWS,18.5308,73.8474,13-05-2024 01:10,2024-05-13 01:10:00,2024,5,13,1,134,23.1
Shivajinagar AWS,18.5308,73.8474,13-05-2024 01:15,2024-05-13 01:15:00,2024,5,13,1,134,23.1
Shivajinagar AWS,18.5308,73.8474,13-05-2024 01:20,2024-05-13 01:20:00,2024,5,13,1,134,23.1
Shivajinagar AWS,18.5308,73.8474,13-05-2024 01:25,2024-05-13 01:25:00,2024,5,13,1,134,23.1
Shivajinagar AWS,18.5308,73.8474,13-05-2024 01:30,2024-05-13 01:30:00,2024,5,13,1,134,22.8
Shivajinagar AWS,18.5308,73.8474,13-05-2024 01:35,2024-05-13 01:35:00,2024,5,13,1,134,22.6
Shivajinagar AWS,18.5308,73.8474,13-05-2024 01:40,2024-05-13 01:40:00,2024,5,13,1,134,22.8
Shivajinagar AWS,18.5308,73.8474,13-05-2024 01:45,2024-05-13 01:45:00,2024,5,13,1,134,22.4
Shivajinagar AWS,18.5308,73.8474,13-05-2024 01:50,2024-05-13 01:50:00,2024,5,13,1,134,22.3
Shivajinagar AWS,18.5308,73.8474,13-05-2024 01:55,2024-05-13 01:55:00,2024,5,13,1,134,22.5
Shivajinagar AWS,18.5308,73.8474,13-05-2024 02:00,2024-05-13 02:00:00,2024,5,13,2,134,22.4
Shivajinagar AWS,18.5308,73.8474,13-05-2024 02:05,2024-05-13 02:05:00,2024,5,13,2,134,22.3
Shivajinagar AWS,18.5308,73.8474,13-05-2024 02:10,2024-05-13 02:10:00,2024,5,13,2,134,22.3
Shivajinagar AWS,18.5308,73.8474,13-05-2024 02:15,2024-05-13 02:15:00,2024,5,13,2,134,22.3
Shivajinagar AWS,18.5308,73.8474,13-05-2024 02:20,2024-05-13 02:20:00,2024,5,13,2,134,22.3
Shivajinagar AWS,18.5308,73.8474,13-05-2024 02:25,2024-05-13 02:25:00,2024,5,13,2,134,22.1
Shivajinagar AWS,18.5308,73.8474,13-05-2024 02:30,2024-05-13 02:30:00,2024,5,13,2,134,22.3
Shivajinagar AWS,18.5308,73.8474,13-05-2024 02:35,2024-05-13 02:35:00,2024,5,13,2,134,22.5
Shivajinagar AWS,18.5308,73.8474,13-05-2024 02:40,2024-05-13 02:40:00,2024,5,13,2,134,22.5
Shivajinagar AWS,18.5308,73.8474,13-05-2024 02:45,2024-05-13 02:45:00,2024,5,13,2,134,22.3
Shivajinagar AWS,18.5308,73.8474,13-05-2024 02:50,2024-05-13 02:50:00,2024,5,13,2,134,22.2
Shivajinagar AWS,18.5308,73.8474,13-05-2024 02:55,2024-05-13 02:55:00,2024,5,13,2,134,22.2
Shivajinagar AWS,18.5308,73.8474,13-05-2024 03:00,2024-05-13 03:00:00,2024,5,13,3,134,22.3
Shivajinagar AWS,18.5308,73.8474,13-05-2024 03:05,2024-05-13 03:05:00,2024,5,13,3,134,22.1
Shivajinagar AWS,18.5308,73.8474,13-05-2024 03:10,2024-05-13 03:10:00,2024,5,13,3,134,22.1
Shivajinagar AWS,18.5308,73.8474,13-05-2024 03:15,2024-05-13 03:15:00,2024,5,13,3,134,22.2
Shivajinagar AWS,18.5308,73.8474,13-05-2024 03:20,2024-05-13 03:20:00,2024,5,13,3,134,22.3
Shivajinagar AWS,18.5308,73.8474,13-05-2024 03:25,2024-05-13 03:25:00,2024,5,13,3,134,22.3
Shivajinagar AWS,18.5308,73.8474,13-05-2024 03:30,2024-05-13 03:30:00,2024,5,13,3,134,22.1
Shivajinagar AWS,18.5308,73.8474,13-05-2024 03:35,2024-05-13 03:35:00,2024,5,13,3,134,22.7
Shivajinagar AWS,18.5308,73.8474,13-05-2024 03:40,2024-05-13 03:40:00,2024,5,13,3,134,22.8
Shivajinagar AWS,18.5308,73.8474,13-05-2024 03:45,2024-05-13 03:45:00,2024,5,13,3,134,22.8
Shivajinagar AWS,18.5308,73.8474,13-05-2024 03:50,2024-05-13 03:50:00,2024,5,13,3,134,23.0
Shivajinagar AWS,18.5308,73.8474,13-05-2024 03:55,2024-05-13 03:55:00,2024,5,13,3,134,23.0
Shivajinagar AWS,18.5308,73.8474,13-05-2024 04:00,2024-05-13 04:00:00,2024,5,13,4,134,23.1
Shivajinagar AWS,18.5308,73.8474,13-05-2024 04:05,2024-05-13 04:05:00,2024,5,13,4,134,23.2
Shivajinagar AWS,18.5308,73.8474,13-05-2024 04:10,2024-05-13 04:10:00,2024,5,13,4,134,23.2
Shivajinagar AWS,18.5308,73.8474,13-05-2024 04:15,2024-05-13 04:15:00,2024,5,13,4,134,23.3
Shivajinagar AWS,18.5308,73.8474,13-05-2024 04:20,2024-05-13 04:20:00,2024,5,13,4,134,23.1
Shivajinagar AWS,18.5308,73.8474,13-05-2024 04:25,2024-05-13 04:25:00,2024,5,13,4,134,23.4
Shivajinagar AWS,18.5308,73.8474,13-05-2024 04:30,2024-05-13 04:30:00,2024,5,13,4,134,23.3
Shivajinagar AWS,18.5308,73.8474,13-05-2024 04:35,2024-05-13 04:35:00,2024,5,13,4,134,23.2
Shivajinagar AWS,18.5308,73.8474,13-05-2024 04:40,2024-05-13 04:40:00,2024,5,13,4,134,23.2
Shivajinagar AWS,18.5308,73.8474,13-05-2024 04:45,2024-05-13 04:45:00,2024,5,13,4,134,23.2
Shivajinagar AWS,18.5308,73.8474,13-05-2024 04:50,2024-05-13 04:50:00,2024,5,13,4,134,23.2
Shivajinagar AWS,18.5308,73.8474,13-05-2024 04:55,2024-05-13 04:55:00,2024,5,13,4,134,23.4
Shivajinagar AWS,18.5308,73.8474,13-05-2024 05:00,2024-05-13 05:00:00,2024,5,13,5,134,23.7
Shivajinagar AWS,18.5308,73.8474,13-05-2024 05:05,2024-05-13 05:05:00,2024,5,13,5,134,23.9
Shivajinagar AWS,18.5308,73.8474,13-05-2024 05:10,2024-05-13 05:10:00,2024,5,13,5,134,23.9
Shivajinagar AWS,18.5308,73.8474,13-05-2024 05:15,2024-05-13 05:15:00,2024,5,13,5,134,24.0
Shivajinagar AWS,18.5308,73.8474,13-05-2024 05:20,2024-05-13 05:20:00,2024,5,13,5,134,24.1
Shivajinagar AWS,18.5308,73.8474,13-05-2024 05:25,2024-05-13 05:25:00,2024,5,13,5,134,24.0
Shivajinagar AWS,18.5308,73.8474,13-05-2024 05:30,2024-05-13 05:30:00,2024,5,13,5,134,24.2
Shivajinagar AWS,18.5308,73.8474,13-05-2024 05:35,2024-05-13 05:35:00,2024,5,13,5,134,24.0
Shivajinagar AWS,18.5308,73.8474,13-05-2024 05:40,2024-05-13 05:40:00,2024,5,13,5,134,24.5
Shivajinagar AWS,18.5308,73.8474,13-05-2024 05:45,2024-05-13 05:45:00,2024,5,13,5,134,24.5
Shivajinagar AWS,18.5308,73.8474,13-05-2024 05:50,2024-05-13 05:50:00,2024,5,13,5,134,24.6
Shivajinagar AWS,18.5308,73.8474,13-05-2024 05:55,2024-05-13 05:55:00,2024,5,13,5,134,24.6
Shivajinagar AWS,18.5308,73.8474,13-05-2024 06:00,2024-05-13 06:00:00,2024,5,13,6,134,24.6
Shivajinagar AWS,18.5308,73.8474,13-05-2024 06:05,2024-05-13 06:05:00,2024,5,13,6,134,25.1
Shivajinagar AWS,18.5308,73.8474,13-05-2024 06:10,2024-05-13 06:10:00,2024,5,13,6,134,25.3
Shivajinagar AWS,18.5308,73.8474,13-05-2024 06:15,2024-05-13 06:15:00,2024,5,13,6,134,25.2
Shivajinagar AWS,18.5308,73.8474,13-05-2024 06:20,2024-05-13 06:20:00,2024,5,13,6,134,25.5
Shivajinagar AWS,18.5308,73.8474,13-05-2024 06:25,2024-05-13 06:25:00,2024,5,13,6,134,25.8
Shivajinagar AWS,18.5308,73.8474,13-05-2024 06:30,2024-05-13 06:30:00,2024,5,13,6,134,25.9
Shivajinagar AWS,18.5308,73.8474,13-05-2024 06:35,2024-05-13 06:35:00,2024,5,13,6,134,26.0
Shivajinagar AWS,18.5308,73.8474,13-05-2024 06:40,2024-05-13 06:40:00,2024,5,13,6,134,26.1
Shivajinagar AWS,18.5308,73.8474,13-05-2024 06:45,2024-05-13 06:45:00,2024,5,13,6,134,26.5
Shivajinagar AWS,18.5308,73.8474,13-05-2024 06:50,2024-05-13 06:50:00,2024,5,13,6,134,26.5
Shivajinagar AWS,18.5308,73.8474,13-05-2024 06:55,2024-05-13 06:55:00,2024,5,13,6,134,26.7
Shivajinagar AWS,18.5308,73.8474,13-05-2024 07:00,2024-05-13 07:00:00,2024,5,13,7,134,26.7
Shivajinagar AWS,18.5308,73.8474,13-05-2024 07:05,2024-05-13 07:05:00,2024,5,13,7,134,26.6
Shivajinagar AWS,18.5308,73.8474,13-05-2024 07:10,2024-05-13 07:10:00,2024,5,13,7,134,27.1
Shivajinagar AWS,18.5308,73.8474,13-05-2024 07:15,2024-05-13 07:15:00,2024,5,13,7,134,27.0
Shivajinagar AWS,18.5308,73.8474,13-05-2024 07:20,2024-05-13 07:20:00,2024,5,13,7,134,27.2
Shivajinagar AWS,18.5308,73.8474,13-05-2024 07:25,2024-05-13 07:25:00,2024,5,13,7,134,27.0
Shivajinagar AWS,18.5308,73.8474,13-05-2024 07:30,2024-05-13 07:30:00,2024,5,13,7,134,27.1
Shivajinagar AWS,18.5308,73.8474,13-05-2024 07:35,2024-05-13 07:35:00,2024,5,13,7,134,27.3
Shivajinagar AWS,18.5308,73.8474,13-05-2024 07:40,2024-05-13 07:40:00,2024,5,13,7,134,27.3
Shivajinagar AWS,18.5308,73.8474,13-05-2024 07:45,2024-05-13 07:45:00,2024,5,13,7,134,27.6
Shivajinagar AWS,18.5308,73.8474,13-05-2024 07:50,2024-05-13 07:50:00,2024,5,13,7,134,27.7
Shivajinagar AWS,18.5308,73.8474,13-05-2024 07:55,2024-05-13 07:55:00,2024,5,13,7,134,28.0
Shivajinagar AWS,18.5308,73.8474,13-05-2024 08:00,2024-05-13 08:00:00,2024,5,13,8,134,28.3
Shivajinagar AWS,18.5308,73.8474,13-05-2024 08:05,2024-05-13 08:05:00,2024,5,13,8,134,28.4
Shivajinagar AWS,18.5308,73.8474,13-05-2024 08:10,2024-05-13 08:10:00,2024,5,13,8,134,28.5
Shivajinagar AWS,18.5308,73.8474,13-05-2024 08:15,2024-05-13 08:15:00,2024,5,13,8,134,28.7
Shivajinagar AWS,18.5308,73.8474,13-05-2024 08:20,2024-05-13 08:20:00,2024,5,13,8,134,28.9
Shivajinagar AWS,18.5308,73.8474,13-05-2024 08:25,2024-05-13 08:25:00,2024,5,13,8,134,29.0
Shivajinagar AWS,18.5308,73.8474,13-05-2024 08:30,2024-05-13 08:30:00,2024,5,13,8,134,29.2
Shivajinagar AWS,18.5308,73.8474,13-05-2024 08:35,2024-05-13 08:35:00,2024,5,13,8,134,29.3
Shivajinagar AWS,18.5308,73.8474,13-05-2024 08:40,2024-05-13 08:40:00,2024,5,13,8,134,29.5
Shivajinagar AWS,18.5308,73.8474,13-05-2024 08:45,2024-05-13 08:45:00,2024,5,13,8,134,29.8
Shivajinagar AWS,18.5308,73.8474,13-05-2024 08:50,2024-05-13 08:50:00,2024,5,13,8,134,30.0
Shivajinagar AWS,18.5308,73.8474,13-05-2024 08:55,2024-05-13 08:55:00,2024,5,13,8,134,30.2
Shivajinagar AWS,18.5308,73.8474,13-05-2024 09:00,2024-05-13 09:00:00,2024,5,13,9,134,30.5
Shivajinagar AWS,18.5308,73.8474,13-05-2024 09:05,2024-05-13 09:05:00,2024,5,13,9,134,30.5
Shivajinagar AWS,18.5308,73.8474,13-05-2024 09:10,2024-05-13 09:10:00,2024,5,13,9,134,30.7
Shivajinagar AWS,18.5308,73.8474,13-05-2024 09:15,2024-05-13 09:15:00,2024,5,13,9,134,30.7
Shivajinagar AWS,18.5308,73.8474,13-05-2024 09:20,2024-05-13 09:20:00,2024,5,13,9,134,31.0
Shivajinagar AWS,18.5308,73.8474,13-05-2024 09:25,2024-05-13 09:25:00,2024,5,13,9,134,30.7
Shivajinagar AWS,18.5308,73.8474,13-05-2024 09:30,2024-05-13 09:30:00,2024,5,13,9,134,30.8
Shivajinagar AWS,18.5308,73.8474,13-05-2024 09:35,2024-05-13 09:35:00,2024,5,13,9,134,31.1
Shivajinagar AWS,18.5308,73.8474,13-05-2024 09:40,2024-05-13 09:40:00,2024,5,13,9,134,31.0
Shivajinagar AWS,18.5308,73.8474,13-05-2024 09:45,2024-05-13 09:45:00,2024,5,13,9,134,31.2
Shivajinagar AWS,18.5308,73.8474,13-05-2024 09:50,2024-05-13 09:50:00,2024,5,13,9,134,31.2
Shivajinagar AWS,18.5308,73.8474,13-05-2024 09:55,2024-05-13 09:55:00,2024,5,13,9,134,31.3
Shivajinagar AWS,18.5308,73.8474,13-05-2024 10:00,2024-05-13 10:00:00,2024,5,13,10,134,31.6
Shivajinagar AWS,18.5308,73.8474,13-05-2024 10:05,2024-05-13 10:05:00,2024,5,13,10,134,31.8
Shivajinagar AWS,18.5308,73.8474,13-05-2024 10:10,2024-05-13 10:10:00,2024,5,13,10,134,31.6
Shivajinagar AWS,18.5308,73.8474,13-05-2024 10:15,2024-05-13 10:15:00,2024,5,13,10,134,31.6
Shivajinagar AWS,18.5308,73.8474,13-05-2024 10:20,2024-05-13 10:20:00,2024,5,13,10,134,31.9
Shivajinagar AWS,18.5308,73.8474,13-05-2024 10:25,2024-05-13 10:25:00,2024,5,13,10,134,32.1
Shivajinagar AWS,18.5308,73.8474,13-05-2024 10:30,2024-05-13 10:30:00,2024,5,13,10,134,32.5
Shivajinagar AWS,18.5308,73.8474,13-05-2024 10:35,2024-05-13 10:35:00,2024,5,13,10,134,32.9
Shivajinagar AWS,18.5308,73.8474,13-05-2024 10:40,2024-05-13 10:40:00,2024,5,13,10,134,32.9
Shivajinagar AWS,18.5308,73.8474,13-05-2024 10:45,2024-05-13 10:45:00,2024,5,13,10,134,33.4
Shivajinagar AWS,18.5308,73.8474,13-05-2024 10:50,2024-05-13 10:50:00,2024,5,13,10,134,33.5
Shivajinagar AWS,18.5308,73.8474,13-05-2024 10:55,2024-05-13 10:55:00,2024,5,13,10,134,33.4
Shivajinagar AWS,18.5308,73.8474,13-05-2024 11:00,2024-05-13 11:00:00,2024,5,13,11,134,33.4
Shivajinagar AWS,18.5308,73.8474,13-05-2024 11:05,2024-05-13 11:05:00,2024,5,13,11,134,33.2
Shivajinagar AWS,18.5308,73.8474,13-05-2024 11:10,2024-05-13 11:10:00,2024,5,13,11,134,33.5
Shivajinagar AWS,18.5308,73.8474,13-05-2024 11:15,2024-05-13 11:15:00,2024,5,13,11,134,33.9
Shivajinagar AWS,18.5308,73.8474,13-05-2024 11:20,2024-05-13 11:20:00,2024,5,13,11,134,33.8
Shivajinagar AWS,18.5308,73.8474,13-05-2024 11:25,2024-05-13 11:25:00,2024,5,13,11,134,33.9
Shivajinagar AWS,18.5308,73.8474,13-05-2024 11:30,2024-05-13 11:30:00,2024,5,13,11,134,34.0
Shivajinagar AWS,18.5308,73.8474,13-05-2024 11:35,2024-05-13 11:35:00,2024,5,13,11,134,33.9
Shivajinagar AWS,18.5308,73.8474,13-05-2024 11:40,2024-05-13 11:40:00,2024,5,13,11,134,33.8
Shivajinagar AWS,18.5308,73.8474,13-05-2024 11:45,2024-05-13 11:45:00,2024,5,13,11,134,33.8
Shivajinagar AWS,18.5308,73.8474,13-05-2024 11:50,2024-05-13 11:50:00,2024,5,13,11,134,33.9
Shivajinagar AWS,18.5308,73.8474,13-05-2024 11:55,2024-05-13 11:55:00,2024,5,13,11,134,33.9
Shivajinagar AWS,18.5308,73.8474,13-05-2024 12:00,2024-05-13 12:00:00,2024,5,13,12,134,34.1
Shivajinagar AWS,18.5308,73.8474,13-05-2024 12:05,2024-05-13 12:05:00,2024,5,13,12,134,34.4
Shivajinagar AWS,18.5308,73.8474,13-05-2024 12:10,2024-05-13 12:10:00,2024,5,13,12,134,34.4
Shivajinagar AWS,18.5308,73.8474,13-05-2024 12:15,2024-05-13 12:15:00,2024,5,13,12,134,34.5
Shivajinagar AWS,18.5308,73.8474,13-05-2024 12:20,2024-05-13 12:20:00,2024,5,13,12,134,34.7
Shivajinagar AWS,18.5308,73.8474,13-05-2024 12:25,2024-05-13 12:25:00,2024,5,13,12,134,34.9
Shivajinagar AWS,18.5308,73.8474,13-05-2024 12:30,2024-05-13 12:30:00,2024,5,13,12,134,34.9
Shivajinagar AWS,18.5308,73.8474,13-05-2024 12:35,2024-05-13 12:35:00,2024,5,13,12,134,34.9
Shivajinagar AWS,18.5308,73.8474,13-05-2024 12:40,2024-05-13 12:40:00,2024,5,13,12,134,35.1
Shivajinagar AWS,18.5308,73.8474,13-05-2024 12:45,2024-05-13 12:45:00,2024,5,13,12,134,35.0
Shivajinagar AWS,18.5308,73.8474,13-05-2024 12:50,2024-05-13 12:50:00,2024,5,13,12,134,35.2
Shivajinagar AWS,18.5308,73.8474,13-05-2024 12:55,2024-05-13 12:55:00,2024,5,13,12,134,35.5
Shivajinagar AWS,18.5308,73.8474,13-05-2024 13:00,2024-05-13 13:00:00,2024,5,13,13,134,35.4
Shivajinagar AWS,18.5308,73.8474,13-05-2024 13:05,2024-05-13 13:05:00,2024,5,13,13,134,35.5
Shivajinagar AWS,18.5308,73.8474,13-05-2024 13:10,2024-05-13 13:10:00,2024,5,13,13,134,35.6
Shivajinagar AWS,18.5308,73.8474,13-05-2024 13:15,2024-05-13 13:15:00,2024,5,13,13,134,35.6
Shivajinagar AWS,18.5308,73.8474,13-05-2024 13:20,2024-05-13 13:20:00,2024,5,13,13,134,35.7
Shivajinagar AWS,18.5308,73.8474,13-05-2024 13:25,2024-05-13 13:25:00,2024,5,13,13,134,35.8
Shivajinagar AWS,18.5308,73.8474,13-05-2024 13:30,2024-05-13 13:30:00,2024,5,13,13,134,35.6
Shivajinagar AWS,18.5308,73.8474,13-05-2024 13:35,2024-05-13 13:35:00,2024,5,13,13,134,35.7
Shivajinagar AWS,18.5308,73.8474,13-05-2024 13:40,2024-05-13 13:40:00,2024,5,13,13,134,35.5
Shivajinagar AWS,18.5308,73.8474,13-05-2024 13:45,2024-05-13 13:45:00,2024,5,13,13,134,35.7
Shivajinagar AWS,18.5308,73.8474,13-05-2024 13:50,2024-05-13 13:50:00,2024,5,13,13,134,35.6
Shivajinagar AWS,18.5308,73.8474,13-05-2024 13:55,2024-05-13 13:55:00,2024,5,13,13,134,35.6
Shivajinagar AWS,18.5308,73.8474,13-05-2024 14:00,2024-05-13 14:00:00,2024,5,13,14,134,35.8
Shivajinagar AWS,18.5308,73.8474,13-05-2024 14:05,2024-05-13 14:05:00,2024,5,13,14,134,35.9
Shivajinagar AWS,18.5308,73.8474,13-05-2024 14:10,2024-05-13 14:10:00,2024,5,13,14,134,35.8
Shivajinagar AWS,18.5308,73.8474,13-05-2024 14:15,2024-05-13 14:15:00,2024,5,13,14,134,35.6
Shivajinagar AWS,18.5308,73.8474,13-05-2024 14:20,2024-05-13 14:20:00,2024,5,13,14,134,35.5
Shivajinagar AWS,18.5308,73.8474,13-05-2024 14:25,2024-05-13 14:25:00,2024,5,13,14,134,35.6
Shivajinagar AWS,18.5308,73.8474,13-05-2024 14:30,2024-05-13 14:30:00,2024,5,13,14,134,35.7
Shivajinagar AWS,18.5308,73.8474,13-05-2024 14:35,2024-05-13 14:35:00,2024,5,13,14,134,35.5
Shivajinagar AWS,18.5308,73.8474,13-05-2024 14:40,2024-05-13 14:40:00,2024,5,13,14,134,35.4
Shivajinagar AWS,18.5308,73.8474,13-05-2024 14:45,2024-05-13 14:45:00,2024,5,13,14,134,35.4
Shivajinagar AWS,18.5308,73.8474,13-05-2024 14:50,2024-05-13 14:50:00,2024,5,13,14,134,35.4
Shivajinagar AWS,18.5308,73.8474,13-05-2024 14:55,2024-05-13 14:55:00,2024,5,13,14,134,35.7
Shivajinagar AWS,18.5308,73.8474,13-05-2024 15:00,2024-05-13 15:00:00,2024,5,13,15,134,35.7
Shivajinagar AWS,18.5308,73.8474,13-05-2024 15:05,2024-05-13 15:05:00,2024,5,13,15,134,35.9
Shivajinagar AWS,18.5308,73.8474,13-05-2024 15:10,2024-05-13 15:10:00,2024,5,13,15,134,35.7
Shivajinagar AWS,18.5308,73.8474,13-05-2024 15:15,2024-05-13 15:15:00,2024,5,13,15,134,35.5
Shivajinagar AWS,18.5308,73.8474,13-05-2024 15:20,2024-05-13 15:20:00,2024,5,13,15,134,35.3
Shivajinagar AWS,18.5308,73.8474,13-05-2024 15:25,2024-05-13 15:25:00,2024,5,13,15,134,35.4
Shivajinagar AWS,18.5308,73.8474,13-05-2024 15:30,2024-05-13 15:30:00,2024,5,13,15,134,35.7
Shivajinagar AWS,18.5308,73.8474,13-05-2024 15:35,2024-05-13 15:35:00,2024,5,13,15,134,35.5
Shivajinagar AWS,18.5308,73.8474,13-05-2024 15:40,2024-05-13 15:40:00,2024,5,13,15,134,35.4
Shivajinagar AWS,18.5308,73.8474,13-05-2024 15:45,2024-05-13 15:45:00,2024,5,13,15,134,35.1
Shivajinagar AWS,18.5308,73.8474,13-05-2024 15:50,2024-05-13 15:50:00,2024,5,13,15,134,34.8
Shivajinagar AWS,18.5308,73.8474,13-05-2024 15:55,2024-05-13 15:55:00,2024,5,13,15,134,34.9
Shivajinagar AWS,18.5308,73.8474,13-05-2024 16:00,2024-05-13 16:00:00,2024,5,13,16,134,34.9
Shivajinagar AWS,18.5308,73.8474,13-05-2024 16:05,2024-05-13 16:05:00,2024,5,13,16,134,34.9
Shivajinagar AWS,18.5308,73.8474,13-05-2024 16:10,2024-05-13 16:10:00,2024,5,13,16,134,34.6
Shivajinagar AWS,18.5308,73.8474,13-05-2024 16:15,2024-05-13 16:15:00,2024,5,13,16,134,34.8
Shivajinagar AWS,18.5308,73.8474,13-05-2024 16:20,2024-05-13 16:20:00,2024,5,13,16,134,34.7
Shivajinagar AWS,18.5308,73.8474,13-05-2024 16:25,2024-05-13 16:25:00,2024,5,13,16,134,34.7
Shivajinagar AWS,18.5308,73.8474,13-05-2024 16:30,2024-05-13 16:30:00,2024,5,13,16,134,34.4
Shivajinagar AWS,18.5308,73.8474,13-05-2024 16:35,2024-05-13 16:35:00,2024,5,13,16,134,34.3
Shivajinagar AWS,18.5308,73.8474,13-05-2024 16:40,2024-05-13 16:40:00,2024,5,13,16,134,34.3
Shivajinagar AWS,18.5308,73.8474,13-05-2024 16:45,2024-05-13 16:45:00,2024,5,13,16,134,34.3
Shivajinagar AWS,18.5308,73.8474,13-05-2024 16:50,2024-05-13 16:50:00,2024,5,13,16,134,34.2
Shivajinagar AWS,18.5308,73.8474,13-05-2024 16:55,2024-05-13 16:55:00,2024,5,13,16,134,34.2
Shivajinagar AWS,18.5308,73.8474,13-05-2024 17:00,2024-05-13 17:00:00,2024,5,13,17,134,34.0
Shivajinagar AWS,18.5308,73.8474,13-05-2024 17:05,2024-05-13 17:05:00,2024,5,13,17,134,33.9
Shivajinagar AWS,18.5308,73.8474,13-05-2024 17:10,2024-05-13 17:10:00,2024,5,13,17,134,33.9
Shivajinagar AWS,18.5308,73.8474,13-05-2024 17:15,2024-05-13 17:15:00,2024,5,13,17,134,33.8
Shivajinagar AWS,18.5308,73.8474,13-05-2024 17:20,2024-05-13 17:20:00,2024,5,13,17,134,33.7
Shivajinagar AWS,18.5308,73.8474,13-05-2024 17:25,2024-05-13 17:25:00,2024,5,13,17,134,33.4
Shivajinagar AWS,18.5308,73.8474,13-05-2024 17:30,2024-05-13 17:30:00,2024,5,13,17,134,33.2
Shivajinagar AWS,18.5308,73.8474,13-05-2024 17:35,2024-05-13 17:35:00,2024,5,13,17,134,32.7
Shivajinagar AWS,18.5308,73.8474,13-05-2024 17:40,2024-05-13 17:40:00,2024,5,13,17,134,32.8
Shivajinagar AWS,18.5308,73.8474,13-05-2024 17:45,2024-05-13 17:45:00,2024,5,13,17,134,32.8
Shivajinagar AWS,18.5308,73.8474,13-05-2024 17:50,2024-05-13 17:50:00,2024,5,13,17,134,32.9
Shivajinagar AWS,18.5308,73.8474,13-05-2024 17:55,2024-05-13 17:55:00,2024,5,13,17,134,32.8
Shivajinagar AWS,18.5308,73.8474,13-05-2024 18:00,2024-05-13 18:00:00,2024,5,13,18,134,32.4
Shivajinagar AWS,18.5308,73.8474,13-05-2024 18:05,2024-05-13 18:05:00,2024,5,13,18,134,32.2
Shivajinagar AWS,18.5308,73.8474,13-05-2024 18:10,2024-05-13 18:10:00,2024,5,13,18,134,32.1
Shivajinagar AWS,18.5308,73.8474,13-05-2024 18:15,2024-05-13 18:15:00,2024,5,13,18,134,32.0
Shivajinagar AWS,18.5308,73.8474,13-05-2024 18:20,2024-05-13 18:20:00,2024,5,13,18,134,31.9
Shivajinagar AWS,18.5308,73.8474,13-05-2024 18:25,2024-05-13 18:25:00,2024,5,13,18,134,31.9
Shivajinagar AWS,18.5308,73.8474,13-05-2024 18:30,2024-05-13 18:30:00,2024,5,13,18,134,31.8
Shivajinagar AWS,18.5308,73.8474,13-05-2024 18:35,2024-05-13 18:35:00,2024,5,13,18,134,31.7
Shivajinagar AWS,18.5308,73.8474,13-05-2024 19:15,2024-05-13 19:15:00,2024,5,13,19,134,30.5
Shivajinagar AWS,18.5308,73.8474,13-05-2024 19:20,2024-05-13 19:20:00,2024,5,13,19,134,30.4
Shivajinagar AWS,18.5308,73.8474,13-05-2024 19:25,2024-05-13 19:25:00,2024,5,13,19,134,30.1
Shivajinagar AWS,18.5308,73.8474,13-05-2024 19:30,2024-05-13 19:30:00,2024,5,13,19,134,30.1
Shivajinagar AWS,18.5308,73.8474,13-05-2024 19:35,2024-05-13 19:35:00,2024,5,13,19,134,29.9
Shivajinagar AWS,18.5308,73.8474,13-05-2024 19:40,2024-05-13 19:40:00,2024,5,13,19,134,29.7
Shivajinagar AWS,18.5308,73.8474,13-05-2024 19:45,2024-05-13 19:45:00,2024,5,13,19,134,29.9
Shivajinagar AWS,18.5308,73.8474,13-05-2024 19:50,2024-05-13 19:50:00,2024,5,13,19,134,29.8
Shivajinagar AWS,18.5308,73.8474,13-05-2024 19:55,2024-05-13 19:55:00,2024,5,13,19,134,29.4
Shivajinagar AWS,18.5308,73.8474,13-05-2024 20:00,2024-05-13 20:00:00,2024,5,13,20,134,29.0
Shivajinagar AWS,18.5308,73.8474,13-05-2024 20:05,2024-05-13 20:05:00,2024,5,13,20,134,28.9
Shivajinagar AWS,18.5308,73.8474,13-05-2024 20:10,2024-05-13 20:10:00,2024,5,13,20,134,28.6
Shivajinagar AWS,18.5308,73.8474,13-05-2024 20:15,2024-05-13 20:15:00,2024,5,13,20,134,28.6
Shivajinagar AWS,18.5308,73.8474,13-05-2024 20:20,2024-05-13 20:20:00,2024,5,13,20,134,28.5
Shivajinagar AWS,18.5308,73.8474,13-05-2024 20:25,2024-05-13 20:25:00,2024,5,13,20,134,28.4
Shivajinagar AWS,18.5308,73.8474,13-05-2024 20:30,2024-05-13 20:30:00,2024,5,13,20,134,28.2
Shivajinagar AWS,18.5308,73.8474,13-05-2024 20:35,2024-05-13 20:35:00,2024,5,13,20,134,28.3
Shivajinagar AWS,18.5308,73.8474,13-05-2024 20:40,2024-05-13 20:40:00,2024,5,13,20,134,28.6
Shivajinagar AWS,18.5308,73.8474,13-05-2024 20:45,2024-05-13 20:45:00,2024,5,13,20,134,28.4
Shivajinagar AWS,18.5308,73.8474,13-05-2024 20:50,2024-05-13 20:50:00,2024,5,13,20,134,28.3
Shivajinagar AWS,18.5308,73.8474,13-05-2024 20:55,2024-05-13 20:55:00,2024,5,13,20,134,28.2
Shivajinagar AWS,18.5308,73.8474,13-05-2024 21:00,2024-05-13 21:00:00,2024,5,13,21,134,28.0
Shivajinagar AWS,18.5308,73.8474,13-05-2024 21:05,2024-05-13 21:05:00,2024,5,13,21,134,27.7
Shivajinagar AWS,18.5308,73.8474,13-05-2024 21:10,2024-05-13 21:10:00,2024,5,13,21,134,27.4
Shivajinagar AWS,18.5308,73.8474,13-05-2024 21:15,2024-05-13 21:15:00,2024,5,13,21,134,27.1
Shivajinagar AWS,18.5308,73.8474,13-05-2024 21:20,2024-05-13 21:20:00,2024,5,13,21,134,27.0
Shivajinagar AWS,18.5308,73.8474,13-05-2024 21:25,2024-05-13 21:25:00,2024,5,13,21,134,26.8
Shivajinagar AWS,18.5308,73.8474,13-05-2024 21:30,2024-05-13 21:30:00,2024,5,13,21,134,26.3
Shivajinagar AWS,18.5308,73.8474,13-05-2024 21:35,2024-05-13 21:35:00,2024,5,13,21,134,26.3
Shivajinagar AWS,18.5308,73.8474,13-05-2024 21:40,2024-05-13 21:40:00,2024,5,13,21,134,26.2
Shivajinagar AWS,18.5308,73.8474,13-05-2024 21:45,2024-05-13 21:45:00,2024,5,13,21,134,26.3
Shivajinagar AWS,18.5308,73.8474,13-05-2024 21:50,2024-05-13 21:50:00,2024,5,13,21,134,26.2
Shivajinagar AWS,18.5308,73.8474,13-05-2024 21:55,2024-05-13 21:55:00,2024,5,13,21,134,25.8
Shivajinagar AWS,18.5308,73.8474,13-05-2024 22:00,2024-05-13 22:00:00,2024,5,13,22,134,25.4
Shivajinagar AWS,18.5308,73.8474,13-05-2024 22:05,2024-05-13 22:05:00,2024,5,13,22,134,25.2
Shivajinagar AWS,18.5308,73.8474,13-05-2024 22:10,2024-05-13 22:10:00,2024,5,13,22,134,25.0
Shivajinagar AWS,18.5308,73.8474,13-05-2024 22:15,2024-05-13 22:15:00,2024,5,13,22,134,25.1
Shivajinagar AWS,18.5308,73.8474,13-05-2024 22:20,2024-05-13 22:20:00,2024,5,13,22,134,25.0
Shivajinagar AWS,18.5308,73.8474,13-05-2024 22:25,2024-05-13 22:25:00,2024,5,13,22,134,25.1
Shivajinagar AWS,18.5308,73.8474,13-05-2024 22:30,2024-05-13 22:30:00,2024,5,13,22,134,24.8
Shivajinagar AWS,18.5308,73.8474,13-05-2024 22:35,2024-05-13 22:35:00,2024,5,13,22,134,24.8
Shivajinagar AWS,18.5308,73.8474,13-05-2024 22:40,2024-05-13 22:40:00,2024,5,13,22,134,24.8
Shivajinagar AWS,18.5308,73.8474,13-05-2024 22:45,2024-05-13 22:45:00,2024,5,13,22,134,24.4
Shivajinagar AWS,18.5308,73.8474,13-05-2024 22:50,2024-05-13 22:50:00,2024,5,13,22,134,24.5
Shivajinagar AWS,18.5308,73.8474,13-05-2024 22:55,2024-05-13 22:55:00,2024,5,13,22,134,24.4
Shivajinagar AWS,18.5308,73.8474,13-05-2024 23:00,2024-05-13 23:00:00,2024,5,13,23,134,24.4
Shivajinagar AWS,18.5308,73.8474,13-05-2024 23:05,2024-05-13 23:05:00,2024,5,13,23,134,24.2
Shivajinagar AWS,18.5308,73.8474,13-05-2024 23:10,2024-05-13 23:10:00,2024,5,13,23,134,24.3
Shivajinagar AWS,18.5308,73.8474,13-05-2024 23:15,2024-05-13 23:15:00,2024,5,13,23,134,24.0
Shivajinagar AWS,18.5308,73.8474,13-05-2024 23:20,2024-05-13 23:20:00,2024,5,13,23,134,24.0
Shivajinagar AWS,18.5308,73.8474,13-05-2024 23:25,2024-05-13 23:25:00,2024,5,13,23,134,24.0
Shivajinagar AWS,18.5308,73.8474,13-05-2024 23:30,2024-05-13 23:30:00,2024,5,13,23,134,23.8
Shivajinagar AWS,18.5308,73.8474,13-05-2024 23:35,2024-05-13 23:35:00,2024,5,13,23,134,24.0
Shivajinagar AWS,18.5308,73.8474,13-05-2024 23:40,2024-05-13 23:40:00,2024,5,13,23,134,23.9
Shivajinagar AWS,18.5308,73.8474,13-05-2024 23:45,2024-05-13 23:45:00,2024,5,13,23,134,23.9
Shivajinagar AWS,18.5308,73.8474,13-05-2024 23:50,2024-05-13 23:50:00,2024,5,13,23,134,23.6
Shivajinagar AWS,18.5308,73.8474,13-05-2024 23:55,2024-05-13 23:55:00,2024,5,13,23,134,23.8
Shivajinagar AWS,18.5308,73.8474,14-05-2024 00:00,2024-05-14 00:00:00,2024,5,14,0,135,23.6
Shivajinagar AWS,18.5308,73.8474,14-05-2024 00:05,2024-05-14 00:05:00,2024,5,14,0,135,23.6
Shivajinagar AWS,18.5308,73.8474,14-05-2024 00:10,2024-05-14 00:10:00,2024,5,14,0,135,23.4
Shivajinagar AWS,18.5308,73.8474,14-05-2024 00:15,2024-05-14 00:15:00,2024,5,14,0,135,23.2
Shivajinagar AWS,18.5308,73.8474,14-05-2024 00:20,2024-05-14 00:20:00,2024,5,14,0,135,23.2
Shivajinagar AWS,18.5308,73.8474,14-05-2024 00:25,2024-05-14 00:25:00,2024,5,14,0,135,23.3
Shivajinagar AWS,18.5308,73.8474,14-05-2024 00:30,2024-05-14 00:30:00,2024,5,14,0,135,23.0
Shivajinagar AWS,18.5308,73.8474,14-05-2024 00:35,2024-05-14 00:35:00,2024,5,14,0,135,23.1
Shivajinagar AWS,18.5308,73.8474,14-05-2024 00:40,2024-05-14 00:40:00,2024,5,14,0,135,23.2
Shivajinagar AWS,18.5308,73.8474,14-05-2024 00:45,2024-05-14 00:45:00,2024,5,14,0,135,23.0
Shivajinagar AWS,18.5308,73.8474,14-05-2024 00:50,2024-05-14 00:50:00,2024,5,14,0,135,23.2
Shivajinagar AWS,18.5308,73.8474,14-05-2024 00:55,2024-05-14 00:55:00,2024,5,14,0,135,22.9
Shivajinagar AWS,18.5308,73.8474,14-05-2024 01:00,2024-05-14 01:00:00,2024,5,14,1,135,22.7
Shivajinagar AWS,18.5308,73.8474,14-05-2024 01:05,2024-05-14 01:05:00,2024,5,14,1,135,22.7
Shivajinagar AWS,18.5308,73.8474,14-05-2024 01:10,2024-05-14 01:10:00,2024,5,14,1,135,22.5
Shivajinagar AWS,18.5308,73.8474,14-05-2024 01:15,2024-05-14 01:15:00,2024,5,14,1,135,22.5
Shivajinagar AWS,18.5308,73.8474,14-05-2024 01:20,2024-05-14 01:20:00,2024,5,14,1,135,22.5
Shivajinagar AWS,18.5308,73.8474,14-05-2024 01:25,2024-05-14 01:25:00,2024,5,14,1,135,22.5
Shivajinagar AWS,18.5308,73.8474,14-05-2024 01:30,2024-05-14 01:30:00,2024,5,14,1,135,22.5
Shivajinagar AWS,18.5308,73.8474,14-05-2024 01:35,2024-05-14 01:35:00,2024,5,14,1,135,22.5
Shivajinagar AWS,18.5308,73.8474,14-05-2024 01:40,2024-05-14 01:40:00,2024,5,14,1,135,22.5
Shivajinagar AWS,18.5308,73.8474,14-05-2024 01:45,2024-05-14 01:45:00,2024,5,14,1,135,22.6
Shivajinagar AWS,18.5308,73.8474,14-05-2024 01:50,2024-05-14 01:50:00,2024,5,14,1,135,22.7
Shivajinagar AWS,18.5308,73.8474,14-05-2024 01:55,2024-05-14 01:55:00,2024,5,14,1,135,22.8
Shivajinagar AWS,18.5308,73.8474,14-05-2024 02:00,2024-05-14 02:00:00,2024,5,14,2,135,22.6
Shivajinagar AWS,18.5308,73.8474,14-05-2024 02:05,2024-05-14 02:05:00,2024,5,14,2,135,22.6
Shivajinagar AWS,18.5308,73.8474,14-05-2024 02:10,2024-05-14 02:10:00,2024,5,14,2,135,22.5
Shivajinagar AWS,18.5308,73.8474,14-05-2024 02:15,2024-05-14 02:15:00,2024,5,14,2,135,22.2
Shivajinagar AWS,18.5308,73.8474,14-05-2024 02:20,2024-05-14 02:20:00,2024,5,14,2,135,22.2
Shivajinagar AWS,18.5308,73.8474,14-05-2024 02:25,2024-05-14 02:25:00,2024,5,14,2,135,22.1
Shivajinagar AWS,18.5308,73.8474,14-05-2024 02:30,2024-05-14 02:30:00,2024,5,14,2,135,22.2
Shivajinagar AWS,18.5308,73.8474,14-05-2024 02:35,2024-05-14 02:35:00,2024,5,14,2,135,22.4
Shivajinagar AWS,18.5308,73.8474,14-05-2024 02:40,2024-05-14 02:40:00,2024,5,14,2,135,22.1
Shivajinagar AWS,18.5308,73.8474,14-05-2024 02:45,2024-05-14 02:45:00,2024,5,14,2,135,22.0
Shivajinagar AWS,18.5308,73.8474,14-05-2024 02:50,2024-05-14 02:50:00,2024,5,14,2,135,21.8
Shivajinagar AWS,18.5308,73.8474,14-05-2024 02:55,2024-05-14 02:55:00,2024,5,14,2,135,21.8
Shivajinagar AWS,18.5308,73.8474,14-05-2024 03:00,2024-05-14 03:00:00,2024,5,14,3,135,21.9
Shivajinagar AWS,18.5308,73.8474,14-05-2024 03:05,2024-05-14 03:05:00,2024,5,14,3,135,21.9
Shivajinagar AWS,18.5308,73.8474,14-05-2024 03:10,2024-05-14 03:10:00,2024,5,14,3,135,21.9
Shivajinagar AWS,18.5308,73.8474,14-05-2024 03:15,2024-05-14 03:15:00,2024,5,14,3,135,22.1
Shivajinagar AWS,18.5308,73.8474,14-05-2024 03:20,2024-05-14 03:20:00,2024,5,14,3,135,21.8
Shivajinagar AWS,18.5308,73.8474,14-05-2024 03:25,2024-05-14 03:25:00,2024,5,14,3,135,22.1
Shivajinagar AWS,18.5308,73.8474,14-05-2024 03:30,2024-05-14 03:30:00,2024,5,14,3,135,22.1
Shivajinagar AWS,18.5308,73.8474,14-05-2024 03:35,2024-05-14 03:35:00,2024,5,14,3,135,22.1
Shivajinagar AWS,18.5308,73.8474,14-05-2024 03:40,2024-05-14 03:40:00,2024,5,14,3,135,22.1
Shivajinagar AWS,18.5308,73.8474,14-05-2024 03:45,2024-05-14 03:45:00,2024,5,14,3,135,22.4
Shivajinagar AWS,18.5308,73.8474,14-05-2024 03:50,2024-05-14 03:50:00,2024,5,14,3,135,22.3
Shivajinagar AWS,18.5308,73.8474,14-05-2024 03:55,2024-05-14 03:55:00,2024,5,14,3,135,22.4
Shivajinagar AWS,18.5308,73.8474,14-05-2024 04:00,2024-05-14 04:00:00,2024,5,14,4,135,22.6
Shivajinagar AWS,18.5308,73.8474,14-05-2024 04:05,2024-05-14 04:05:00,2024,5,14,4,135,22.4
Shivajinagar AWS,18.5308,73.8474,14-05-2024 04:10,2024-05-14 04:10:00,2024,5,14,4,135,22.4
Shivajinagar AWS,18.5308,73.8474,14-05-2024 04:15,2024-05-14 04:15:00,2024,5,14,4,135,22.5
Shivajinagar AWS,18.5308,73.8474,14-05-2024 04:20,2024-05-14 04:20:00,2024,5,14,4,135,22.4
Shivajinagar AWS,18.5308,73.8474,14-05-2024 04:25,2024-05-14 04:25:00,2024,5,14,4,135,22.4
Shivajinagar AWS,18.5308,73.8474,14-05-2024 04:30,2024-05-14 04:30:00,2024,5,14,4,135,22.5
Shivajinagar AWS,18.5308,73.8474,14-05-2024 04:35,2024-05-14 04:35:00,2024,5,14,4,135,22.7
Shivajinagar AWS,18.5308,73.8474,14-05-2024 04:40,2024-05-14 04:40:00,2024,5,14,4,135,22.8
Shivajinagar AWS,18.5308,73.8474,14-05-2024 04:45,2024-05-14 04:45:00,2024,5,14,4,135,23.1
Shivajinagar AWS,18.5308,73.8474,14-05-2024 04:50,2024-05-14 04:50:00,2024,5,14,4,135,23.1
Shivajinagar AWS,18.5308,73.8474,14-05-2024 04:55,2024-05-14 04:55:00,2024,5,14,4,135,23.0
Shivajinagar AWS,18.5308,73.8474,14-05-2024 05:00,2024-05-14 05:00:00,2024,5,14,5,135,23.4
Shivajinagar AWS,18.5308,73.8474,14-05-2024 05:05,2024-05-14 05:05:00,2024,5,14,5,135,23.5
Shivajinagar AWS,18.5308,73.8474,14-05-2024 05:10,2024-05-14 05:10:00,2024,5,14,5,135,23.4
Shivajinagar AWS,18.5308,73.8474,14-05-2024 05:15,2024-05-14 05:15:00,2024,5,14,5,135,23.3
Shivajinagar AWS,18.5308,73.8474,14-05-2024 05:20,2024-05-14 05:20:00,2024,5,14,5,135,23.6
Shivajinagar AWS,18.5308,73.8474,14-05-2024 05:25,2024-05-14 05:25:00,2024,5,14,5,135,23.7
Shivajinagar AWS,18.5308,73.8474,14-05-2024 05:30,2024-05-14 05:30:00,2024,5,14,5,135,23.8
Shivajinagar AWS,18.5308,73.8474,14-05-2024 05:35,2024-05-14 05:35:00,2024,5,14,5,135,23.9
Shivajinagar AWS,18.5308,73.8474,14-05-2024 05:40,2024-05-14 05:40:00,2024,5,14,5,135,24.2
Shivajinagar AWS,18.5308,73.8474,14-05-2024 05:45,2024-05-14 05:45:00,2024,5,14,5,135,24.4
Shivajinagar AWS,18.5308,73.8474,14-05-2024 05:50,2024-05-14 05:50:00,2024,5,14,5,135,24.9
Shivajinagar AWS,18.5308,73.8474,14-05-2024 05:55,2024-05-14 05:55:00,2024,5,14,5,135,25.0
Shivajinagar AWS,18.5308,73.8474,14-05-2024 06:00,2024-05-14 06:00:00,2024,5,14,6,135,25.3
Shivajinagar AWS,18.5308,73.8474,14-05-2024 06:05,2024-05-14 06:05:00,2024,5,14,6,135,25.6
Shivajinagar AWS,18.5308,73.8474,14-05-2024 06:10,2024-05-14 06:10:00,2024,5,14,6,135,25.7
Shivajinagar AWS,18.5308,73.8474,14-05-2024 06:15,2024-05-14 06:15:00,2024,5,14,6,135,25.7
Shivajinagar AWS,18.5308,73.8474,14-05-2024 06:20,2024-05-14 06:20:00,2024,5,14,6,135,25.9
Shivajinagar AWS,18.5308,73.8474,14-05-2024 06:25,2024-05-14 06:25:00,2024,5,14,6,135,26.1
Shivajinagar AWS,18.5308,73.8474,14-05-2024 06:30,2024-05-14 06:30:00,2024,5,14,6,135,26.2
Shivajinagar AWS,18.5308,73.8474,14-05-2024 06:35,2024-05-14 06:35:00,2024,5,14,6,135,26.3
Shivajinagar AWS,18.5308,73.8474,14-05-2024 06:40,2024-05-14 06:40:00,2024,5,14,6,135,26.7
Shivajinagar AWS,18.5308,73.8474,14-05-2024 06:45,2024-05-14 06:45:00,2024,5,14,6,135,27.1
Shivajinagar AWS,18.5308,73.8474,14-05-2024 06:50,2024-05-14 06:50:00,2024,5,14,6,135,27.3
Shivajinagar AWS,18.5308,73.8474,14-05-2024 06:55,2024-05-14 06:55:00,2024,5,14,6,135,27.7
Shivajinagar AWS,18.5308,73.8474,14-05-2024 07:00,2024-05-14 07:00:00,2024,5,14,7,135,27.7
Shivajinagar AWS,18.5308,73.8474,14-05-2024 07:05,2024-05-14 07:05:00,2024,5,14,7,135,28.0
Shivajinagar AWS,18.5308,73.8474,14-05-2024 07:10,2024-05-14 07:10:00,2024,5,14,7,135,28.3
Shivajinagar AWS,18.5308,73.8474,14-05-2024 07:15,2024-05-14 07:15:00,2024,5,14,7,135,28.2
Shivajinagar AWS,18.5308,73.8474,14-05-2024 07:20,2024-05-14 07:20:00,2024,5,14,7,135,28.3
Shivajinagar AWS,18.5308,73.8474,14-05-2024 07:25,2024-05-14 07:25:00,2024,5,14,7,135,28.7
Shivajinagar AWS,18.5308,73.8474,14-05-2024 07:30,2024-05-14 07:30:00,2024,5,14,7,135,28.6
Shivajinagar AWS,18.5308,73.8474,14-05-2024 07:35,2024-05-14 07:35:00,2024,5,14,7,135,28.5
Shivajinagar AWS,18.5308,73.8474,14-05-2024 07:40,2024-05-14 07:40:00,2024,5,14,7,135,28.9
Shivajinagar AWS,18.5308,73.8474,14-05-2024 07:45,2024-05-14 07:45:00,2024,5,14,7,135,29.2
Shivajinagar AWS,18.5308,73.8474,14-05-2024 07:50,2024-05-14 07:50:00,2024,5,14,7,135,29.4
Shivajinagar AWS,18.5308,73.8474,14-05-2024 07:55,2024-05-14 07:55:00,2024,5,14,7,135,29.5
Shivajinagar AWS,18.5308,73.8474,14-05-2024 08:00,2024-05-14 08:00:00,2024,5,14,8,135,29.6
Shivajinagar AWS,18.5308,73.8474,14-05-2024 08:05,2024-05-14 08:05:00,2024,5,14,8,135,29.7
Shivajinagar AWS,18.5308,73.8474,14-05-2024 08:10,2024-05-14 08:10:00,2024,5,14,8,135,30.1
Shivajinagar AWS,18.5308,73.8474,14-05-2024 08:15,2024-05-14 08:15:00,2024,5,14,8,135,30.2
Shivajinagar AWS,18.5308,73.8474,14-05-2024 08:20,2024-05-14 08:20:00,2024,5,14,8,135,30.7
Shivajinagar AWS,18.5308,73.8474,14-05-2024 08:25,2024-05-14 08:25:00,2024,5,14,8,135,30.6
Shivajinagar AWS,18.5308,73.8474,14-05-2024 08:30,2024-05-14 08:30:00,2024,5,14,8,135,30.8
Shivajinagar AWS,18.5308,73.8474,14-05-2024 08:35,2024-05-14 08:35:00,2024,5,14,8,135,30.8
Shivajinagar AWS,18.5308,73.8474,14-05-2024 08:40,2024-05-14 08:40:00,2024,5,14,8,135,30.8
Shivajinagar AWS,18.5308,73.8474,14-05-2024 08:45,2024-05-14 08:45:00,2024,5,14,8,135,30.9
Shivajinagar AWS,18.5308,73.8474,14-05-2024 08:50,2024-05-14 08:50:00,2024,5,14,8,135,31.1
Shivajinagar AWS,18.5308,73.8474,14-05-2024 08:55,2024-05-14 08:55:00,2024,5,14,8,135,31.3
Shivajinagar AWS,18.5308,73.8474,14-05-2024 09:00,2024-05-14 09:00:00,2024,5,14,9,135,31.7
Shivajinagar AWS,18.5308,73.8474,14-05-2024 09:05,2024-05-14 09:05:00,2024,5,14,9,135,31.9
Shivajinagar AWS,18.5308,73.8474,14-05-2024 09:10,2024-05-14 09:10:00,2024,5,14,9,135,32.2
Shivajinagar AWS,18.5308,73.8474,14-05-2024 09:15,2024-05-14 09:15:00,2024,5,14,9,135,32.3
Shivajinagar AWS,18.5308,73.8474,14-05-2024 09:20,2024-05-14 09:20:00,2024,5,14,9,135,32.7
Shivajinagar AWS,18.5308,73.8474,14-05-2024 09:25,2024-05-14 09:25:00,2024,5,14,9,135,33.1
Shivajinagar AWS,18.5308,73.8474,14-05-2024 09:30,2024-05-14 09:30:00,2024,5,14,9,135,33.3
Shivajinagar AWS,18.5308,73.8474,14-05-2024 09:35,2024-05-14 09:35:00,2024,5,14,9,135,33.2
Shivajinagar AWS,18.5308,73.8474,14-05-2024 09:40,2024-05-14 09:40:00,2024,5,14,9,135,33.2
Shivajinagar AWS,18.5308,73.8474,14-05-2024 09:45,2024-05-14 09:45:00,2024,5,14,9,135,33.4
Shivajinagar AWS,18.5308,73.8474,14-05-2024 09:50,2024-05-14 09:50:00,2024,5,14,9,135,33.5
Shivajinagar AWS,18.5308,73.8474,14-05-2024 09:55,2024-05-14 09:55:00,2024,5,14,9,135,33.7
Shivajinagar AWS,18.5308,73.8474,14-05-2024 10:00,2024-05-14 10:00:00,2024,5,14,10,135,33.9
Shivajinagar AWS,18.5308,73.8474,14-05-2024 10:05,2024-05-14 10:05:00,2024,5,14,10,135,34.0
Shivajinagar AWS,18.5308,73.8474,14-05-2024 10:10,2024-05-14 10:10:00,2024,5,14,10,135,34.0
Shivajinagar AWS,18.5308,73.8474,14-05-2024 10:15,2024-05-14 10:15:00,2024,5,14,10,135,34.1
Shivajinagar AWS,18.5308,73.8474,14-05-2024 10:20,2024-05-14 10:20:00,2024,5,14,10,135,34.5
Shivajinagar AWS,18.5308,73.8474,14-05-2024 10:25,2024-05-14 10:25:00,2024,5,14,10,135,34.7
Shivajinagar AWS,18.5308,73.8474,14-05-2024 10:30,2024-05-14 10:30:00,2024,5,14,10,135,34.9
Shivajinagar AWS,18.5308,73.8474,14-05-2024 10:35,2024-05-14 10:35:00,2024,5,14,10,135,35.1
Shivajinagar AWS,18.5308,73.8474,14-05-2024 10:40,2024-05-14 10:40:00,2024,5,14,10,135,35.1
Shivajinagar AWS,18.5308,73.8474,14-05-2024 10:45,2024-05-14 10:45:00,2024,5,14,10,135,35.1
Shivajinagar AWS,18.5308,73.8474,14-05-2024 10:50,2024-05-14 10:50:00,2024,5,14,10,135,35.1
Shivajinagar AWS,18.5308,73.8474,14-05-2024 10:55,2024-05-14 10:55:00,2024,5,14,10,135,35.1
Shivajinagar AWS,18.5308,73.8474,14-05-2024 11:00,2024-05-14 11:00:00,2024,5,14,11,135,35.2
Shivajinagar AWS,18.5308,73.8474,14-05-2024 11:05,2024-05-14 11:05:00,2024,5,14,11,135,35.4
Shivajinagar AWS,18.5308,73.8474,14-05-2024 11:10,2024-05-14 11:10:00,2024,5,14,11,135,35.4
Shivajinagar AWS,18.5308,73.8474,14-05-2024 11:15,2024-05-14 11:15:00,2024,5,14,11,135,35.4
Shivajinagar AWS,18.5308,73.8474,14-05-2024 11:20,2024-05-14 11:20:00,2024,5,14,11,135,35.8
Shivajinagar AWS,18.5308,73.8474,14-05-2024 11:25,2024-05-14 11:25:00,2024,5,14,11,135,35.8
Shivajinagar AWS,18.5308,73.8474,14-05-2024 11:30,2024-05-14 11:30:00,2024,5,14,11,135,35.9
Shivajinagar AWS,18.5308,73.8474,14-05-2024 11:35,2024-05-14 11:35:00,2024,5,14,11,135,36.0
Shivajinagar AWS,18.5308,73.8474,14-05-2024 11:40,2024-05-14 11:40:00,2024,5,14,11,135,35.9
Shivajinagar AWS,18.5308,73.8474,14-05-2024 11:45,2024-05-14 11:45:00,2024,5,14,11,135,36.2
Shivajinagar AWS,18.5308,73.8474,14-05-2024 11:50,2024-05-14 11:50:00,2024,5,14,11,135,36.4
Shivajinagar AWS,18.5308,73.8474,14-05-2024 11:55,2024-05-14 11:55:00,2024,5,14,11,135,36.7
Shivajinagar AWS,18.5308,73.8474,14-05-2024 12:00,2024-05-14 12:00:00,2024,5,14,12,135,36.6
Shivajinagar AWS,18.5308,73.8474,14-05-2024 12:05,2024-05-14 12:05:00,2024,5,14,12,135,36.7
Shivajinagar AWS,18.5308,73.8474,14-05-2024 12:10,2024-05-14 12:10:00,2024,5,14,12,135,36.8
Shivajinagar AWS,18.5308,73.8474,14-05-2024 12:15,2024-05-14 12:15:00,2024,5,14,12,135,36.9
Shivajinagar AWS,18.5308,73.8474,14-05-2024 12:20,2024-05-14 12:20:00,2024,5,14,12,135,36.7
Shivajinagar AWS,18.5308,73.8474,14-05-2024 12:25,2024-05-14 12:25:00,2024,5,14,12,135,36.8
Shivajinagar AWS,18.5308,73.8474,14-05-2024 12:30,2024-05-14 12:30:00,2024,5,14,12,135,36.6
Shivajinagar AWS,18.5308,73.8474,14-05-2024 12:35,2024-05-14 12:35:00,2024,5,14,12,135,36.7
Shivajinagar AWS,18.5308,73.8474,14-05-2024 12:40,2024-05-14 12:40:00,2024,5,14,12,135,36.5
Shivajinagar AWS,18.5308,73.8474,14-05-2024 12:45,2024-05-14 12:45:00,2024,5,14,12,135,36.3
Shivajinagar AWS,18.5308,73.8474,14-05-2024 12:50,2024-05-14 12:50:00,2024,5,14,12,135,36.5
Shivajinagar AWS,18.5308,73.8474,14-05-2024 12:55,2024-05-14 12:55:00,2024,5,14,12,135,36.5
Shivajinagar AWS,18.5308,73.8474,14-05-2024 13:00,2024-05-14 13:00:00,2024,5,14,13,135,36.4
Shivajinagar AWS,18.5308,73.8474,14-05-2024 13:05,2024-05-14 13:05:00,2024,5,14,13,135,36.7
Shivajinagar AWS,18.5308,73.8474,14-05-2024 13:10,2024-05-14 13:10:00,2024,5,14,13,135,36.8
Shivajinagar AWS,18.5308,73.8474,14-05-2024 13:15,2024-05-14 13:15:00,2024,5,14,13,135,37.0
Shivajinagar AWS,18.5308,73.8474,14-05-2024 13:20,2024-05-14 13:20:00,2024,5,14,13,135,37.0
Shivajinagar AWS,18.5308,73.8474,14-05-2024 13:25,2024-05-14 13:25:00,2024,5,14,13,135,37.5
Shivajinagar AWS,18.5308,73.8474,14-05-2024 13:30,2024-05-14 13:30:00,2024,5,14,13,135,37.4
Shivajinagar AWS,18.5308,73.8474,14-05-2024 13:35,2024-05-14 13:35:00,2024,5,14,13,135,37.7
Shivajinagar AWS,18.5308,73.8474,14-05-2024 13:40,2024-05-14 13:40:00,2024,5,14,13,135,37.7
Shivajinagar AWS,18.5308,73.8474,14-05-2024 13:45,2024-05-14 13:45:00,2024,5,14,13,135,37.5
Shivajinagar AWS,18.5308,73.8474,14-05-2024 13:50,2024-05-14 13:50:00,2024,5,14,13,135,37.6
Shivajinagar AWS,18.5308,73.8474,14-05-2024 13:55,2024-05-14 13:55:00,2024,5,14,13,135,37.7
Shivajinagar AWS,18.5308,73.8474,14-05-2024 14:00,2024-05-14 14:00:00,2024,5,14,14,135,37.5
Shivajinagar AWS,18.5308,73.8474,14-05-2024 14:05,2024-05-14 14:05:00,2024,5,14,14,135,37.4
Shivajinagar AWS,18.5308,73.8474,14-05-2024 14:10,2024-05-14 14:10:00,2024,5,14,14,135,37.4
Shivajinagar AWS,18.5308,73.8474,14-05-2024 14:15,2024-05-14 14:15:00,2024,5,14,14,135,37.5
Shivajinagar AWS,18.5308,73.8474,14-05-2024 14:20,2024-05-14 14:20:00,2024,5,14,14,135,37.1
Shivajinagar AWS,18.5308,73.8474,14-05-2024 14:25,2024-05-14 14:25:00,2024,5,14,14,135,37.3
Shivajinagar AWS,18.5308,73.8474,14-05-2024 14:30,2024-05-14 14:30:00,2024,5,14,14,135,37.3
Shivajinagar AWS,18.5308,73.8474,14-05-2024 14:35,2024-05-14 14:35:00,2024,5,14,14,135,37.1
Shivajinagar AWS,18.5308,73.8474,14-05-2024 14:40,2024-05-14 14:40:00,2024,5,14,14,135,37.3
Shivajinagar AWS,18.5308,73.8474,14-05-2024 14:45,2024-05-14 14:45:00,2024,5,14,14,135,37.3
Shivajinagar AWS,18.5308,73.8474,14-05-2024 14:50,2024-05-14 14:50:00,2024,5,14,14,135,37.5
Shivajinagar AWS,18.5308,73.8474,14-05-2024 14:55,2024-05-14 14:55:00,2024,5,14,14,135,37.5
Shivajinagar AWS,18.5308,73.8474,14-05-2024 15:00,2024-05-14 15:00:00,2024,5,14,15,135,37.5
Shivajinagar AWS,18.5308,73.8474,14-05-2024 15:05,2024-05-14 15:05:00,2024,5,14,15,135,37.5
Shivajinagar AWS,18.5308,73.8474,14-05-2024 15:10,2024-05-14 15:10:00,2024,5,14,15,135,37.5
Shivajinagar AWS,18.5308,73.8474,14-05-2024 15:15,2024-05-14 15:15:00,2024,5,14,15,135,37.4
Shivajinagar AWS,18.5308,73.8474,14-05-2024 15:20,2024-05-14 15:20:00,2024,5,14,15,135,37.3
Shivajinagar AWS,18.5308,73.8474,14-05-2024 15:25,2024-05-14 15:25:00,2024,5,14,15,135,37.4
Shivajinagar AWS,18.5308,73.8474,14-05-2024 15:30,2024-05-14 15:30:00,2024,5,14,15,135,37.3
Shivajinagar AWS,18.5308,73.8474,14-05-2024 15:35,2024-05-14 15:35:00,2024,5,14,15,135,37.3
Shivajinagar AWS,18.5308,73.8474,14-05-2024 15:40,2024-05-14 15:40:00,2024,5,14,15,135,37.4
Shivajinagar AWS,18.5308,73.8474,14-05-2024 15:45,2024-05-14 15:45:00,2024,5,14,15,135,37.4
Shivajinagar AWS,18.5308,73.8474,14-05-2024 15:50,2024-05-14 15:50:00,2024,5,14,15,135,37.3
Shivajinagar AWS,18.5308,73.8474,14-05-2024 15:55,2024-05-14 15:55:00,2024,5,14,15,135,37.2
Shivajinagar AWS,18.5308,73.8474,14-05-2024 16:00,2024-05-14 16:00:00,2024,5,14,16,135,37.2
Shivajinagar AWS,18.5308,73.8474,14-05-2024 16:05,2024-05-14 16:05:00,2024,5,14,16,135,37.2
Shivajinagar AWS,18.5308,73.8474,14-05-2024 16:10,2024-05-14 16:10:00,2024,5,14,16,135,37.3
Shivajinagar AWS,18.5308,73.8474,14-05-2024 16:15,2024-05-14 16:15:00,2024,5,14,16,135,37.1
Shivajinagar AWS,18.5308,73.8474,14-05-2024 16:20,2024-05-14 16:20:00,2024,5,14,16,135,37.0
Shivajinagar AWS,18.5308,73.8474,14-05-2024 16:25,2024-05-14 16:25:00,2024,5,14,16,135,37.0
Shivajinagar AWS,18.5308,73.8474,14-05-2024 16:30,2024-05-14 16:30:00,2024,5,14,16,135,37.0
Shivajinagar AWS,18.5308,73.8474,14-05-2024 16:35,2024-05-14 16:35:00,2024,5,14,16,135,36.8
Shivajinagar AWS,18.5308,73.8474,14-05-2024 16:40,2024-05-14 16:40:00,2024,5,14,16,135,36.9
Shivajinagar AWS,18.5308,73.8474,14-05-2024 16:45,2024-05-14 16:45:00,2024,5,14,16,135,36.5
Shivajinagar AWS,18.5308,73.8474,14-05-2024 16:50,2024-05-14 16:50:00,2024,5,14,16,135,36.6
Shivajinagar AWS,18.5308,73.8474,14-05-2024 16:55,2024-05-14 16:55:00,2024,5,14,16,135,36.3
Shivajinagar AWS,18.5308,73.8474,14-05-2024 17:00,2024-05-14 17:00:00,2024,5,14,17,135,36.5
Shivajinagar AWS,18.5308,73.8474,14-05-2024 17:05,2024-05-14 17:05:00,2024,5,14,17,135,36.2
Shivajinagar AWS,18.5308,73.8474,14-05-2024 17:10,2024-05-14 17:10:00,2024,5,14,17,135,36.3
Shivajinagar AWS,18.5308,73.8474,14-05-2024 17:15,2024-05-14 17:15:00,2024,5,14,17,135,36.2
Shivajinagar AWS,18.5308,73.8474,14-05-2024 17:20,2024-05-14 17:20:00,2024,5,14,17,135,36.0
Shivajinagar AWS,18.5308,73.8474,14-05-2024 17:25,2024-05-14 17:25:00,2024,5,14,17,135,35.9
Shivajinagar AWS,18.5308,73.8474,14-05-2024 17:30,2024-05-14 17:30:00,2024,5,14,17,135,35.9
Shivajinagar AWS,18.5308,73.8474,14-05-2024 17:35,2024-05-14 17:35:00,2024,5,14,17,135,35.7
Shivajinagar AWS,18.5308,73.8474,14-05-2024 17:40,2024-05-14 17:40:00,2024,5,14,17,135,35.5
Shivajinagar AWS,18.5308,73.8474,14-05-2024 17:45,2024-05-14 17:45:00,2024,5,14,17,135,35.4
Shivajinagar AWS,18.5308,73.8474,14-05-2024 17:50,2024-05-14 17:50:00,2024,5,14,17,135,35.1
Shivajinagar AWS,18.5308,73.8474,14-05-2024 17:55,2024-05-14 17:55:00,2024,5,14,17,135,34.9
Shivajinagar AWS,18.5308,73.8474,14-05-2024 18:00,2024-05-14 18:00:00,2024,5,14,18,135,35.3
Shivajinagar AWS,18.5308,73.8474,14-05-2024 18:05,2024-05-14 18:05:00,2024,5,14,18,135,35.0
Shivajinagar AWS,18.5308,73.8474,14-05-2024 18:10,2024-05-14 18:10:00,2024,5,14,18,135,35.1
Shivajinagar AWS,18.5308,73.8474,14-05-2024 18:15,2024-05-14 18:15:00,2024,5,14,18,135,34.8
Shivajinagar AWS,18.5308,73.8474,14-05-2024 18:20,2024-05-14 18:20:00,2024,5,14,18,135,34.8
Shivajinagar AWS,18.5308,73.8474,14-05-2024 18:25,2024-05-14 18:25:00,2024,5,14,18,135,34.8
Shivajinagar AWS,18.5308,73.8474,14-05-2024 18:30,2024-05-14 18:30:00,2024,5,14,18,135,34.8
Shivajinagar AWS,18.5308,73.8474,14-05-2024 18:35,2024-05-14 18:35:00,2024,5,14,18,135,34.6
Shivajinagar AWS,18.5308,73.8474,14-05-2024 18:40,2024-05-14 18:40:00,2024,5,14,18,135,34.8
Shivajinagar AWS,18.5308,73.8474,14-05-2024 18:45,2024-05-14 18:45:00,2024,5,14,18,135,34.5
Shivajinagar AWS,18.5308,73.8474,14-05-2024 18:50,2024-05-14 18:50:00,2024,5,14,18,135,34.4
Shivajinagar AWS,18.5308,73.8474,14-05-2024 18:55,2024-05-14 18:55:00,2024,5,14,18,135,34.3
Shivajinagar AWS,18.5308,73.8474,14-05-2024 19:00,2024-05-14 19:00:00,2024,5,14,19,135,34.0
Shivajinagar AWS,18.5308,73.8474,14-05-2024 19:05,2024-05-14 19:05:00,2024,5,14,19,135,33.8
Shivajinagar AWS,18.5308,73.8474,14-05-2024 19:10,2024-05-14 19:10:00,2024,5,14,19,135,33.6
Shivajinagar AWS,18.5308,73.8474,14-05-2024 19:15,2024-05-14 19:15:00,2024,5,14,19,135,33.4
Shivajinagar AWS,18.5308,73.8474,14-05-2024 19:20,2024-05-14 19:20:00,2024,5,14,19,135,33.6
Shivajinagar AWS,18.5308,73.8474,14-05-2024 19:25,2024-05-14 19:25:00,2024,5,14,19,135,33.4
Shivajinagar AWS,18.5308,73.8474,14-05-2024 19:30,2024-05-14 19:30:00,2024,5,14,19,135,33.4
Shivajinagar AWS,18.5308,73.8474,14-05-2024 19:35,2024-05-14 19:35:00,2024,5,14,19,135,33.3
Shivajinagar AWS,18.5308,73.8474,14-05-2024 19:40,2024-05-14 19:40:00,2024,5,14,19,135,33.2
Shivajinagar AWS,18.5308,73.8474,14-05-2024 19:45,2024-05-14 19:45:00,2024,5,14,19,135,32.9
Shivajinagar AWS,18.5308,73.8474,14-05-2024 19:50,2024-05-14 19:50:00,2024,5,14,19,135,32.6
Shivajinagar AWS,18.5308,73.8474,14-05-2024 19:55,2024-05-14 19:55:00,2024,5,14,19,135,32.3
Shivajinagar AWS,18.5308,73.8474,14-05-2024 20:00,2024-05-14 20:00:00,2024,5,14,20,135,31.9
Shivajinagar AWS,18.5308,73.8474,14-05-2024 20:05,2024-05-14 20:05:00,2024,5,14,20,135,31.6
Shivajinagar AWS,18.5308,73.8474,14-05-2024 20:10,2024-05-14 20:10:00,2024,5,14,20,135,31.3
Shivajinagar AWS,18.5308,73.8474,14-05-2024 20:15,2024-05-14 20:15:00,2024,5,14,20,135,31.3
Shivajinagar AWS,18.5308,73.8474,14-05-2024 20:20,2024-05-14 20:20:00,2024,5,14,20,135,31.3
Shivajinagar AWS,18.5308,73.8474,14-05-2024 20:25,2024-05-14 20:25:00,2024,5,14,20,135,31.3
Shivajinagar AWS,18.5308,73.8474,14-05-2024 20:30,2024-05-14 20:30:00,2024,5,14,20,135,31.2
Shivajinagar AWS,18.5308,73.8474,14-05-2024 20:35,2024-05-14 20:35:00,2024,5,14,20,135,31.1
Shivajinagar AWS,18.5308,73.8474,14-05-2024 20:40,2024-05-14 20:40:00,2024,5,14,20,135,31.2
Shivajinagar AWS,18.5308,73.8474,14-05-2024 20:45,2024-05-14 20:45:00,2024,5,14,20,135,30.9
Shivajinagar AWS,18.5308,73.8474,14-05-2024 20:50,2024-05-14 20:50:00,2024,5,14,20,135,30.8
Shivajinagar AWS,18.5308,73.8474,14-05-2024 20:55,2024-05-14 20:55:00,2024,5,14,20,135,30.7
Shivajinagar AWS,18.5308,73.8474,14-05-2024 21:00,2024-05-14 21:00:00,2024,5,14,21,135,30.4
Shivajinagar AWS,18.5308,73.8474,14-05-2024 21:05,2024-05-14 21:05:00,2024,5,14,21,135,30.7
Shivajinagar AWS,18.5308,73.8474,14-05-2024 21:10,2024-05-14 21:10:00,2024,5,14,21,135,30.5
Shivajinagar AWS,18.5308,73.8474,14-05-2024 21:15,2024-05-14 21:15:00,2024,5,14,21,135,30.4
Shivajinagar AWS,18.5308,73.8474,14-05-2024 21:20,2024-05-14 21:20:00,2024,5,14,21,135,30.4
Shivajinagar AWS,18.5308,73.8474,14-05-2024 21:25,2024-05-14 21:25:00,2024,5,14,21,135,30.3
Shivajinagar AWS,18.5308,73.8474,14-05-2024 21:30,2024-05-14 21:30:00,2024,5,14,21,135,30.2
Shivajinagar AWS,18.5308,73.8474,14-05-2024 21:35,2024-05-14 21:35:00,2024,5,14,21,135,30.0
Shivajinagar AWS,18.5308,73.8474,14-05-2024 21:40,2024-05-14 21:40:00,2024,5,14,21,135,29.6
Shivajinagar AWS,18.5308,73.8474,14-05-2024 21:45,2024-05-14 21:45:00,2024,5,14,21,135,29.3
Shivajinagar AWS,18.5308,73.8474,14-05-2024 21:50,2024-05-14 21:50:00,2024,5,14,21,135,29.3
Shivajinagar AWS,18.5308,73.8474,14-05-2024 21:55,2024-05-14 21:55:00,2024,5,14,21,135,29.2
Shivajinagar AWS,18.5308,73.8474,14-05-2024 22:00,2024-05-14 22:00:00,2024,5,14,22,135,29.2
Shivajinagar AWS,18.5308,73.8474,14-05-2024 22:05,2024-05-14 22:05:00,2024,5,14,22,135,29.0
Shivajinagar AWS,18.5308,73.8474,14-05-2024 22:10,2024-05-14 22:10:00,2024,5,14,22,135,28.6
Shivajinagar AWS,18.5308,73.8474,14-05-2024 22:15,2024-05-14 22:15:00,2024,5,14,22,135,28.7
Shivajinagar AWS,18.5308,73.8474,14-05-2024 22:20,2024-05-14 22:20:00,2024,5,14,22,135,28.7
Shivajinagar AWS,18.5308,73.8474,14-05-2024 22:25,2024-05-14 22:25:00,2024,5,14,22,135,28.7
Shivajinagar AWS,18.5308,73.8474,14-05-2024 22:30,2024-05-14 22:30:00,2024,5,14,22,135,28.5
Shivajinagar AWS,18.5308,73.8474,14-05-2024 22:35,2024-05-14 22:35:00,2024,5,14,22,135,28.5
Shivajinagar AWS,18.5308,73.8474,14-05-2024 22:40,2024-05-14 22:40:00,2024,5,14,22,135,28.8
Shivajinagar AWS,18.5308,73.8474,14-05-2024 22:45,2024-05-14 22:45:00,2024,5,14,22,135,28.7
Shivajinagar AWS,18.5308,73.8474,14-05-2024 22:50,2024-05-14 22:50:00,2024,5,14,22,135,28.3
Shivajinagar AWS,18.5308,73.8474,14-05-2024 22:55,2024-05-14 22:55:00,2024,5,14,22,135,28.0
Shivajinagar AWS,18.5308,73.8474,14-05-2024 23:00,2024-05-14 23:00:00,2024,5,14,23,135,28.0
Shivajinagar AWS,18.5308,73.8474,14-05-2024 23:05,2024-05-14 23:05:00,2024,5,14,23,135,27.6
Shivajinagar AWS,18.5308,73.8474,14-05-2024 23:10,2024-05-14 23:10:00,2024,5,14,23,135,27.4
Shivajinagar AWS,18.5308,73.8474,14-05-2024 23:15,2024-05-14 23:15:00,2024,5,14,23,135,27.4
Shivajinagar AWS,18.5308,73.8474,14-05-2024 23:20,2024-05-14 23:20:00,2024,5,14,23,135,27.5
Shivajinagar AWS,18.5308,73.8474,14-05-2024 23:25,2024-05-14 23:25:00,2024,5,14,23,135,27.5
Shivajinagar AWS,18.5308,73.8474,14-05-2024 23:30,2024-05-14 23:30:00,2024,5,14,23,135,27.5
Shivajinagar AWS,18.5308,73.8474,14-05-2024 23:35,2024-05-14 23:35:00,2024,5,14,23,135,27.0
Shivajinagar AWS,18.5308,73.8474,14-05-2024 23:40,2024-05-14 23:40:00,2024,5,14,23,135,27.0
Shivajinagar AWS,18.5308,73.8474,14-05-2024 23:45,2024-05-14 23:45:00,2024,5,14,23,135,27.0
Shivajinagar AWS,18.5308,73.8474,14-05-2024 23:50,2024-05-14 23:50:00,2024,5,14,23,135,26.9
Shivajinagar AWS,18.5308,73.8474,14-05-2024 23:55,2024-05-14 23:55:00,2024,5,14,23,135,26.5
Shivajinagar AWS,18.5308,73.8474,15-05-2024 00:00,2024-05-15 00:00:00,2024,5,15,0,136,26.2
Shivajinagar AWS,18.5308,73.8474,15-05-2024 00:05,2024-05-15 00:05:00,2024,5,15,0,136,26.0
Shivajinagar AWS,18.5308,73.8474,15-05-2024 00:10,2024-05-15 00:10:00,2024,5,15,0,136,25.6
Shivajinagar AWS,18.5308,73.8474,15-05-2024 00:15,2024-05-15 00:15:00,2024,5,15,0,136,25.5
Shivajinagar AWS,18.5308,73.8474,15-05-2024 00:20,2024-05-15 00:20:00,2024,5,15,0,136,25.3
Shivajinagar AWS,18.5308,73.8474,15-05-2024 00:25,2024-05-15 00:25:00,2024,5,15,0,136,25.6
Shivajinagar AWS,18.5308,73.8474,15-05-2024 00:30,2024-05-15 00:30:00,2024,5,15,0,136,25.5
Shivajinagar AWS,18.5308,73.8474,15-05-2024 00:35,2024-05-15 00:35:00,2024,5,15,0,136,25.6
Shivajinagar AWS,18.5308,73.8474,15-05-2024 00:40,2024-05-15 00:40:00,2024,5,15,0,136,25.3
Shivajinagar AWS,18.5308,73.8474,15-05-2024 00:45,2024-05-15 00:45:00,2024,5,15,0,136,25.2
Shivajinagar AWS,18.5308,73.8474,15-05-2024 00:50,2024-05-15 00:50:00,2024,5,15,0,136,25.1
Shivajinagar AWS,18.5308,73.8474,15-05-2024 00:55,2024-05-15 00:55:00,2024,5,15,0,136,24.9
Shivajinagar AWS,18.5308,73.8474,15-05-2024 01:00,2024-05-15 01:00:00,2024,5,15,1,136,24.8
Shivajinagar AWS,18.5308,73.8474,15-05-2024 01:05,2024-05-15 01:05:00,2024,5,15,1,136,24.7
Shivajinagar AWS,18.5308,73.8474,15-05-2024 01:10,2024-05-15 01:10:00,2024,5,15,1,136,24.7
Shivajinagar AWS,18.5308,73.8474,15-05-2024 01:15,2024-05-15 01:15:00,2024,5,15,1,136,24.9
Shivajinagar AWS,18.5308,73.8474,15-05-2024 01:20,2024-05-15 01:20:00,2024,5,15,1,136,24.9
Shivajinagar AWS,18.5308,73.8474,15-05-2024 01:25,2024-05-15 01:25:00,2024,5,15,1,136,24.9
Shivajinagar AWS,18.5308,73.8474,15-05-2024 01:30,2024-05-15 01:30:00,2024,5,15,1,136,25.0
Shivajinagar AWS,18.5308,73.8474,15-05-2024 01:35,2024-05-15 01:35:00,2024,5,15,1,136,25.0
Shivajinagar AWS,18.5308,73.8474,15-05-2024 01:40,2024-05-15 01:40:00,2024,5,15,1,136,25.0
Shivajinagar AWS,18.5308,73.8474,15-05-2024 01:45,2024-05-15 01:45:00,2024,5,15,1,136,24.9
Shivajinagar AWS,18.5308,73.8474,15-05-2024 01:50,2024-05-15 01:50:00,2024,5,15,1,136,24.9
Shivajinagar AWS,18.5308,73.8474,15-05-2024 01:55,2024-05-15 01:55:00,2024,5,15,1,136,25.0
Shivajinagar AWS,18.5308,73.8474,15-05-2024 02:00,2024-05-15 02:00:00,2024,5,15,2,136,25.1
Shivajinagar AWS,18.5308,73.8474,15-05-2024 02:05,2024-05-15 02:05:00,2024,5,15,2,136,25.1
Shivajinagar AWS,18.5308,73.8474,15-05-2024 02:10,2024-05-15 02:10:00,2024,5,15,2,136,25.1
Shivajinagar AWS,18.5308,73.8474,15-05-2024 02:15,2024-05-15 02:15:00,2024,5,15,2,136,25.1
Shivajinagar AWS,18.5308,73.8474,15-05-2024 02:20,2024-05-15 02:20:00,2024,5,15,2,136,25.0
Shivajinagar AWS,18.5308,73.8474,15-05-2024 02:25,2024-05-15 02:25:00,2024,5,15,2,136,24.9
Shivajinagar AWS,18.5308,73.8474,15-05-2024 02:30,2024-05-15 02:30:00,2024,5,15,2,136,24.9
Shivajinagar AWS,18.5308,73.8474,15-05-2024 02:35,2024-05-15 02:35:00,2024,5,15,2,136,25.1
Shivajinagar AWS,18.5308,73.8474,15-05-2024 02:40,2024-05-15 02:40:00,2024,5,15,2,136,25.1
Shivajinagar AWS,18.5308,73.8474,15-05-2024 02:45,2024-05-15 02:45:00,2024,5,15,2,136,25.1
Shivajinagar AWS,18.5308,73.8474,15-05-2024 02:50,2024-05-15 02:50:00,2024,5,15,2,136,24.9
Shivajinagar AWS,18.5308,73.8474,15-05-2024 02:55,2024-05-15 02:55:00,2024,5,15,2,136,24.8
Shivajinagar AWS,18.5308,73.8474,15-05-2024 03:00,2024-05-15 03:00:00,2024,5,15,3,136,24.8
Shivajinagar AWS,18.5308,73.8474,15-05-2024 03:05,2024-05-15 03:05:00,2024,5,15,3,136,24.7
Shivajinagar AWS,18.5308,73.8474,15-05-2024 03:10,2024-05-15 03:10:00,2024,5,15,3,136,24.7
Shivajinagar AWS,18.5308,73.8474,15-05-2024 03:15,2024-05-15 03:15:00,2024,5,15,3,136,24.7
Shivajinagar AWS,18.5308,73.8474,15-05-2024 03:20,2024-05-15 03:20:00,2024,5,15,3,136,24.7
Shivajinagar AWS,18.5308,73.8474,15-05-2024 03:25,2024-05-15 03:25:00,2024,5,15,3,136,24.8
Shivajinagar AWS,18.5308,73.8474,15-05-2024 03:30,2024-05-15 03:30:00,2024,5,15,3,136,24.7
Shivajinagar AWS,18.5308,73.8474,15-05-2024 03:35,2024-05-15 03:35:00,2024,5,15,3,136,24.7
Shivajinagar AWS,18.5308,73.8474,15-05-2024 03:40,2024-05-15 03:40:00,2024,5,15,3,136,24.7
Shivajinagar AWS,18.5308,73.8474,15-05-2024 03:45,2024-05-15 03:45:00,2024,5,15,3,136,25.0
Shivajinagar AWS,18.5308,73.8474,15-05-2024 03:50,2024-05-15 03:50:00,2024,5,15,3,136,25.1
Shivajinagar AWS,18.5308,73.8474,15-05-2024 03:55,2024-05-15 03:55:00,2024,5,15,3,136,25.0
Shivajinagar AWS,18.5308,73.8474,15-05-2024 04:00,2024-05-15 04:00:00,2024,5,15,4,136,25.1
Shivajinagar AWS,18.5308,73.8474,15-05-2024 04:05,2024-05-15 04:05:00,2024,5,15,4,136,25.5
Shivajinagar AWS,18.5308,73.8474,15-05-2024 04:10,2024-05-15 04:10:00,2024,5,15,4,136,25.7
Shivajinagar AWS,18.5308,73.8474,15-05-2024 04:15,2024-05-15 04:15:00,2024,5,15,4,136,25.8
Shivajinagar AWS,18.5308,73.8474,15-05-2024 04:20,2024-05-15 04:20:00,2024,5,15,4,136,25.9
Shivajinagar AWS,18.5308,73.8474,15-05-2024 04:25,2024-05-15 04:25:00,2024,5,15,4,136,26.2
Shivajinagar AWS,18.5308,73.8474,15-05-2024 04:30,2024-05-15 04:30:00,2024,5,15,4,136,26.4
Shivajinagar AWS,18.5308,73.8474,15-05-2024 04:35,2024-05-15 04:35:00,2024,5,15,4,136,26.5
Shivajinagar AWS,18.5308,73.8474,15-05-2024 04:40,2024-05-15 04:40:00,2024,5,15,4,136,26.7
Shivajinagar AWS,18.5308,73.8474,15-05-2024 04:45,2024-05-15 04:45:00,2024,5,15,4,136,26.6
Shivajinagar AWS,18.5308,73.8474,15-05-2024 04:50,2024-05-15 04:50:00,2024,5,15,4,136,26.4
Shivajinagar AWS,18.5308,73.8474,15-05-2024 04:55,2024-05-15 04:55:00,2024,5,15,4,136,26.5
Shivajinagar AWS,18.5308,73.8474,15-05-2024 05:00,2024-05-15 05:00:00,2024,5,15,5,136,26.6
Shivajinagar AWS,18.5308,73.8474,15-05-2024 05:05,2024-05-15 05:05:00,2024,5,15,5,136,26.6
Shivajinagar AWS,18.5308,73.8474,15-05-2024 05:10,2024-05-15 05:10:00,2024,5,15,5,136,26.8
Shivajinagar AWS,18.5308,73.8474,15-05-2024 05:15,2024-05-15 05:15:00,2024,5,15,5,136,26.6
Shivajinagar AWS,18.5308,73.8474,15-05-2024 05:20,2024-05-15 05:20:00,2024,5,15,5,136,26.6
Shivajinagar AWS,18.5308,73.8474,15-05-2024 05:25,2024-05-15 05:25:00,2024,5,15,5,136,26.6
Shivajinagar AWS,18.5308,73.8474,15-05-2024 05:30,2024-05-15 05:30:00,2024,5,15,5,136,26.5
Shivajinagar AWS,18.5308,73.8474,15-05-2024 05:35,2024-05-15 05:35:00,2024,5,15,5,136,26.8
Shivajinagar AWS,18.5308,73.8474,15-05-2024 05:40,2024-05-15 05:40:00,2024,5,15,5,136,26.7
Shivajinagar AWS,18.5308,73.8474,15-05-2024 05:45,2024-05-15 05:45:00,2024,5,15,5,136,26.8
Shivajinagar AWS,18.5308,73.8474,15-05-2024 05:50,2024-05-15 05:50:00,2024,5,15,5,136,27.0
Shivajinagar AWS,18.5308,73.8474,15-05-2024 05:55,2024-05-15 05:55:00,2024,5,15,5,136,27.3
Shivajinagar AWS,18.5308,73.8474,15-05-2024 06:00,2024-05-15 06:00:00,2024,5,15,6,136,27.2
Shivajinagar AWS,18.5308,73.8474,15-05-2024 06:05,2024-05-15 06:05:00,2024,5,15,6,136,27.5
Shivajinagar AWS,18.5308,73.8474,15-05-2024 06:10,2024-05-15 06:10:00,2024,5,15,6,136,27.6
Shivajinagar AWS,18.5308,73.8474,15-05-2024 06:15,2024-05-15 06:15:00,2024,5,15,6,136,28.1
Shivajinagar AWS,18.5308,73.8474,15-05-2024 06:20,2024-05-15 06:20:00,2024,5,15,6,136,28.3
Shivajinagar AWS,18.5308,73.8474,15-05-2024 06:25,2024-05-15 06:25:00,2024,5,15,6,136,28.4
Shivajinagar AWS,18.5308,73.8474,15-05-2024 06:30,2024-05-15 06:30:00,2024,5,15,6,136,28.4
Shivajinagar AWS,18.5308,73.8474,15-05-2024 06:35,2024-05-15 06:35:00,2024,5,15,6,136,28.4
Shivajinagar AWS,18.5308,73.8474,15-05-2024 06:40,2024-05-15 06:40:00,2024,5,15,6,136,28.4
Shivajinagar AWS,18.5308,73.8474,15-05-2024 06:45,2024-05-15 06:45:00,2024,5,15,6,136,28.7
Shivajinagar AWS,18.5308,73.8474,15-05-2024 06:50,2024-05-15 06:50:00,2024,5,15,6,136,28.9
Shivajinagar AWS,18.5308,73.8474,15-05-2024 06:55,2024-05-15 06:55:00,2024,5,15,6,136,29.1
Shivajinagar AWS,18.5308,73.8474,15-05-2024 07:00,2024-05-15 07:00:00,2024,5,15,7,136,29.4
Shivajinagar AWS,18.5308,73.8474,15-05-2024 07:05,2024-05-15 07:05:00,2024,5,15,7,136,29.2
Shivajinagar AWS,18.5308,73.8474,15-05-2024 07:10,2024-05-15 07:10:00,2024,5,15,7,136,29.5
Shivajinagar AWS,18.5308,73.8474,15-05-2024 07:15,2024-05-15 07:15:00,2024,5,15,7,136,29.7
Shivajinagar AWS,18.5308,73.8474,15-05-2024 07:20,2024-05-15 07:20:00,2024,5,15,7,136,29.9
Shivajinagar AWS,18.5308,73.8474,15-05-2024 07:25,2024-05-15 07:25:00,2024,5,15,7,136,29.9
Shivajinagar AWS,18.5308,73.8474,15-05-2024 07:30,2024-05-15 07:30:00,2024,5,15,7,136,29.9
Shivajinagar AWS,18.5308,73.8474,15-05-2024 07:35,2024-05-15 07:35:00,2024,5,15,7,136,30.1
Shivajinagar AWS,18.5308,73.8474,15-05-2024 07:40,2024-05-15 07:40:00,2024,5,15,7,136,30.6
Shivajinagar AWS,18.5308,73.8474,15-05-2024 07:45,2024-05-15 07:45:00,2024,5,15,7,136,30.9
Shivajinagar AWS,18.5308,73.8474,15-05-2024 07:50,2024-05-15 07:50:00,2024,5,15,7,136,31.2
Shivajinagar AWS,18.5308,73.8474,15-05-2024 07:55,2024-05-15 07:55:00,2024,5,15,7,136,31.3
Shivajinagar AWS,18.5308,73.8474,15-05-2024 08:00,2024-05-15 08:00:00,2024,5,15,8,136,31.3
Shivajinagar AWS,18.5308,73.8474,15-05-2024 08:05,2024-05-15 08:05:00,2024,5,15,8,136,31.4
Shivajinagar AWS,18.5308,73.8474,15-05-2024 08:10,2024-05-15 08:10:00,2024,5,15,8,136,31.4
Shivajinagar AWS,18.5308,73.8474,15-05-2024 08:15,2024-05-15 08:15:00,2024,5,15,8,136,31.2
Shivajinagar AWS,18.5308,73.8474,15-05-2024 08:20,2024-05-15 08:20:00,2024,5,15,8,136,31.3
Shivajinagar AWS,18.5308,73.8474,15-05-2024 08:25,2024-05-15 08:25:00,2024,5,15,8,136,31.4
Shivajinagar AWS,18.5308,73.8474,15-05-2024 08:30,2024-05-15 08:30:00,2024,5,15,8,136,31.5
Shivajinagar AWS,18.5308,73.8474,15-05-2024 08:35,2024-05-15 08:35:00,2024,5,15,8,136,31.7
Shivajinagar AWS,18.5308,73.8474,15-05-2024 08:40,2024-05-15 08:40:00,2024,5,15,8,136,31.9
Shivajinagar AWS,18.5308,73.8474,15-05-2024 08:45,2024-05-15 08:45:00,2024,5,15,8,136,32.0
Shivajinagar AWS,18.5308,73.8474,15-05-2024 08:50,2024-05-15 08:50:00,2024,5,15,8,136,32.1
Shivajinagar AWS,18.5308,73.8474,15-05-2024 08:55,2024-05-15 08:55:00,2024,5,15,8,136,32.0
Shivajinagar AWS,18.5308,73.8474,15-05-2024 09:00,2024-05-15 09:00:00,2024,5,15,9,136,32.1
Shivajinagar AWS,18.5308,73.8474,15-05-2024 09:05,2024-05-15 09:05:00,2024,5,15,9,136,32.1
Shivajinagar AWS,18.5308,73.8474,15-05-2024 09:10,2024-05-15 09:10:00,2024,5,15,9,136,32.4
Shivajinagar AWS,18.5308,73.8474,15-05-2024 09:15,2024-05-15 09:15:00,2024,5,15,9,136,32.7
Shivajinagar AWS,18.5308,73.8474,15-05-2024 09:20,2024-05-15 09:20:00,2024,5,15,9,136,33.0
Shivajinagar AWS,18.5308,73.8474,15-05-2024 09:25,2024-05-15 09:25:00,2024,5,15,9,136,33.3
Shivajinagar AWS,18.5308,73.8474,15-05-2024 09:30,2024-05-15 09:30:00,2024,5,15,9,136,33.4
Shivajinagar AWS,18.5308,73.8474,15-05-2024 09:35,2024-05-15 09:35:00,2024,5,15,9,136,33.5
Shivajinagar AWS,18.5308,73.8474,15-05-2024 09:40,2024-05-15 09:40:00,2024,5,15,9,136,33.5
Shivajinagar AWS,18.5308,73.8474,15-05-2024 09:45,2024-05-15 09:45:00,2024,5,15,9,136,33.4
Shivajinagar AWS,18.5308,73.8474,15-05-2024 09:50,2024-05-15 09:50:00,2024,5,15,9,136,33.8
Shivajinagar AWS,18.5308,73.8474,15-05-2024 09:55,2024-05-15 09:55:00,2024,5,15,9,136,33.9
Shivajinagar AWS,18.5308,73.8474,15-05-2024 10:00,2024-05-15 10:00:00,2024,5,15,10,136,33.9
Shivajinagar AWS,18.5308,73.8474,15-05-2024 10:05,2024-05-15 10:05:00,2024,5,15,10,136,33.9
Shivajinagar AWS,18.5308,73.8474,15-05-2024 10:10,2024-05-15 10:10:00,2024,5,15,10,136,33.9
Shivajinagar AWS,18.5308,73.8474,15-05-2024 10:15,2024-05-15 10:15:00,2024,5,15,10,136,34.1
Shivajinagar AWS,18.5308,73.8474,15-05-2024 10:20,2024-05-15 10:20:00,2024,5,15,10,136,34.5
Shivajinagar AWS,18.5308,73.8474,15-05-2024 10:25,2024-05-15 10:25:00,2024,5,15,10,136,34.6
Shivajinagar AWS,18.5308,73.8474,15-05-2024 10:30,2024-05-15 10:30:00,2024,5,15,10,136,34.4
Shivajinagar AWS,18.5308,73.8474,15-05-2024 10:35,2024-05-15 10:35:00,2024,5,15,10,136,34.5
Shivajinagar AWS,18.5308,73.8474,15-05-2024 10:40,2024-05-15 10:40:00,2024,5,15,10,136,34.7
Shivajinagar AWS,18.5308,73.8474,15-05-2024 10:45,2024-05-15 10:45:00,2024,5,15,10,136,34.8
Shivajinagar AWS,18.5308,73.8474,15-05-2024 10:50,2024-05-15 10:50:00,2024,5,15,10,136,34.9
Shivajinagar AWS,18.5308,73.8474,15-05-2024 10:55,2024-05-15 10:55:00,2024,5,15,10,136,35.1
Shivajinagar AWS,18.5308,73.8474,15-05-2024 11:00,2024-05-15 11:00:00,2024,5,15,11,136,35.2
Shivajinagar AWS,18.5308,73.8474,15-05-2024 11:05,2024-05-15 11:05:00,2024,5,15,11,136,35.4
Shivajinagar AWS,18.5308,73.8474,15-05-2024 11:10,2024-05-15 11:10:00,2024,5,15,11,136,35.6
Shivajinagar AWS,18.5308,73.8474,15-05-2024 11:15,2024-05-15 11:15:00,2024,5,15,11,136,35.7
Shivajinagar AWS,18.5308,73.8474,15-05-2024 11:20,2024-05-15 11:20:00,2024,5,15,11,136,35.7
Shivajinagar AWS,18.5308,73.8474,15-05-2024 11:25,2024-05-15 11:25:00,2024,5,15,11,136,36.1
Shivajinagar AWS,18.5308,73.8474,15-05-2024 11:30,2024-05-15 11:30:00,2024,5,15,11,136,36.3
Shivajinagar AWS,18.5308,73.8474,15-05-2024 11:35,2024-05-15 11:35:00,2024,5,15,11,136,36.6
Shivajinagar AWS,18.5308,73.8474,15-05-2024 11:40,2024-05-15 11:40:00,2024,5,15,11,136,36.8
Shivajinagar AWS,18.5308,73.8474,15-05-2024 11:45,2024-05-15 11:45:00,2024,5,15,11,136,37.0
Shivajinagar AWS,18.5308,73.8474,15-05-2024 11:50,2024-05-15 11:50:00,2024,5,15,11,136,37.3
Shivajinagar AWS,18.5308,73.8474,15-05-2024 11:55,2024-05-15 11:55:00,2024,5,15,11,136,37.1
Shivajinagar AWS,18.5308,73.8474,15-05-2024 12:00,2024-05-15 12:00:00,2024,5,15,12,136,37.2
Shivajinagar AWS,18.5308,73.8474,15-05-2024 12:05,2024-05-15 12:05:00,2024,5,15,12,136,37.3
Shivajinagar AWS,18.5308,73.8474,15-05-2024 12:10,2024-05-15 12:10:00,2024,5,15,12,136,37.6
Shivajinagar AWS,18.5308,73.8474,15-05-2024 12:15,2024-05-15 12:15:00,2024,5,15,12,136,37.8
Shivajinagar AWS,18.5308,73.8474,15-05-2024 12:20,2024-05-15 12:20:00,2024,5,15,12,136,37.8
Shivajinagar AWS,18.5308,73.8474,15-05-2024 12:25,2024-05-15 12:25:00,2024,5,15,12,136,37.9
Shivajinagar AWS,18.5308,73.8474,15-05-2024 12:30,2024-05-15 12:30:00,2024,5,15,12,136,38.0
Shivajinagar AWS,18.5308,73.8474,15-05-2024 12:35,2024-05-15 12:35:00,2024,5,15,12,136,38.1
Shivajinagar AWS,18.5308,73.8474,15-05-2024 12:40,2024-05-15 12:40:00,2024,5,15,12,136,38.0
Shivajinagar AWS,18.5308,73.8474,15-05-2024 12:45,2024-05-15 12:45:00,2024,5,15,12,136,38.2
Shivajinagar AWS,18.5308,73.8474,15-05-2024 12:50,2024-05-15 12:50:00,2024,5,15,12,136,38.2
Shivajinagar AWS,18.5308,73.8474,15-05-2024 12:55,2024-05-15 12:55:00,2024,5,15,12,136,38.3
Shivajinagar AWS,18.5308,73.8474,15-05-2024 13:00,2024-05-15 13:00:00,2024,5,15,13,136,38.2
Shivajinagar AWS,18.5308,73.8474,15-05-2024 13:05,2024-05-15 13:05:00,2024,5,15,13,136,38.2
Shivajinagar AWS,18.5308,73.8474,15-05-2024 13:10,2024-05-15 13:10:00,2024,5,15,13,136,38.4
Shivajinagar AWS,18.5308,73.8474,15-05-2024 13:15,2024-05-15 13:15:00,2024,5,15,13,136,38.3
Shivajinagar AWS,18.5308,73.8474,15-05-2024 13:20,2024-05-15 13:20:00,2024,5,15,13,136,38.2
Shivajinagar AWS,18.5308,73.8474,15-05-2024 13:25,2024-05-15 13:25:00,2024,5,15,13,136,38.2
Shivajinagar AWS,18.5308,73.8474,15-05-2024 13:30,2024-05-15 13:30:00,2024,5,15,13,136,38.1
Shivajinagar AWS,18.5308,73.8474,15-05-2024 13:35,2024-05-15 13:35:00,2024,5,15,13,136,38.0
Shivajinagar AWS,18.5308,73.8474,15-05-2024 13:40,2024-05-15 13:40:00,2024,5,15,13,136,38.1
Shivajinagar AWS,18.5308,73.8474,15-05-2024 13:45,2024-05-15 13:45:00,2024,5,15,13,136,37.9
Shivajinagar AWS,18.5308,73.8474,15-05-2024 13:50,2024-05-15 13:50:00,2024,5,15,13,136,37.8
Shivajinagar AWS,18.5308,73.8474,15-05-2024 13:55,2024-05-15 13:55:00,2024,5,15,13,136,38.2
Shivajinagar AWS,18.5308,73.8474,15-05-2024 14:00,2024-05-15 14:00:00,2024,5,15,14,136,38.3
Shivajinagar AWS,18.5308,73.8474,15-05-2024 14:05,2024-05-15 14:05:00,2024,5,15,14,136,38.2
Shivajinagar AWS,18.5308,73.8474,15-05-2024 14:10,2024-05-15 14:10:00,2024,5,15,14,136,38.3
Shivajinagar AWS,18.5308,73.8474,15-05-2024 14:15,2024-05-15 14:15:00,2024,5,15,14,136,38.4
Shivajinagar AWS,18.5308,73.8474,15-05-2024 14:20,2024-05-15 14:20:00,2024,5,15,14,136,38.6
Shivajinagar AWS,18.5308,73.8474,15-05-2024 14:25,2024-05-15 14:25:00,2024,5,15,14,136,38.6
Shivajinagar AWS,18.5308,73.8474,15-05-2024 14:30,2024-05-15 14:30:00,2024,5,15,14,136,38.7
Shivajinagar AWS,18.5308,73.8474,15-05-2024 14:35,2024-05-15 14:35:00,2024,5,15,14,136,38.4
Shivajinagar AWS,18.5308,73.8474,15-05-2024 14:40,2024-05-15 14:40:00,2024,5,15,14,136,38.2
Shivajinagar AWS,18.5308,73.8474,15-05-2024 14:45,2024-05-15 14:45:00,2024,5,15,14,136,38.3
Shivajinagar AWS,18.5308,73.8474,15-05-2024 14:50,2024-05-15 14:50:00,2024,5,15,14,136,38.3
Shivajinagar AWS,18.5308,73.8474,15-05-2024 14:55,2024-05-15 14:55:00,2024,5,15,14,136,38.2
Shivajinagar AWS,18.5308,73.8474,15-05-2024 15:00,2024-05-15 15:00:00,2024,5,15,15,136,38.2
Shivajinagar AWS,18.5308,73.8474,15-05-2024 15:05,2024-05-15 15:05:00,2024,5,15,15,136,38.1
Shivajinagar AWS,18.5308,73.8474,15-05-2024 15:10,2024-05-15 15:10:00,2024,5,15,15,136,38.0
Shivajinagar AWS,18.5308,73.8474,15-05-2024 15:15,2024-05-15 15:15:00,2024,5,15,15,136,38.2
Shivajinagar AWS,18.5308,73.8474,15-05-2024 15:20,2024-05-15 15:20:00,2024,5,15,15,136,38.3
Shivajinagar AWS,18.5308,73.8474,15-05-2024 15:25,2024-05-15 15:25:00,2024,5,15,15,136,38.1
Shivajinagar AWS,18.5308,73.8474,15-05-2024 15:30,2024-05-15 15:30:00,2024,5,15,15,136,37.9
Shivajinagar AWS,18.5308,73.8474,15-05-2024 15:35,2024-05-15 15:35:00,2024,5,15,15,136,37.8
Shivajinagar AWS,18.5308,73.8474,15-05-2024 15:40,2024-05-15 15:40:00,2024,5,15,15,136,37.8
Shivajinagar AWS,18.5308,73.8474,15-05-2024 15:45,2024-05-15 15:45:00,2024,5,15,15,136,37.7
Shivajinagar AWS,18.5308,73.8474,15-05-2024 15:50,2024-05-15 15:50:00,2024,5,15,15,136,37.8
Shivajinagar AWS,18.5308,73.8474,15-05-2024 15:55,2024-05-15 15:55:00,2024,5,15,15,136,37.8
Shivajinagar AWS,18.5308,73.8474,15-05-2024 16:00,2024-05-15 16:00:00,2024,5,15,16,136,37.8
Shivajinagar AWS,18.5308,73.8474,15-05-2024 16:05,2024-05-15 16:05:00,2024,5,15,16,136,37.6
Shivajinagar AWS,18.5308,73.8474,15-05-2024 16:10,2024-05-15 16:10:00,2024,5,15,16,136,37.7
Shivajinagar AWS,18.5308,73.8474,15-05-2024 16:15,2024-05-15 16:15:00,2024,5,15,16,136,37.2
Shivajinagar AWS,18.5308,73.8474,15-05-2024 16:20,2024-05-15 16:20:00,2024,5,15,16,136,37.3
Shivajinagar AWS,18.5308,73.8474,15-05-2024 16:25,2024-05-15 16:25:00,2024,5,15,16,136,37.4
Shivajinagar AWS,18.5308,73.8474,15-05-2024 16:30,2024-05-15 16:30:00,2024,5,15,16,136,37.2
Shivajinagar AWS,18.5308,73.8474,15-05-2024 16:35,2024-05-15 16:35:00,2024,5,15,16,136,37.4
Shivajinagar AWS,18.5308,73.8474,15-05-2024 16:40,2024-05-15 16:40:00,2024,5,15,16,136,37.3
Shivajinagar AWS,18.5308,73.8474,15-05-2024 16:45,2024-05-15 16:45:00,2024,5,15,16,136,37.2
Shivajinagar AWS,18.5308,73.8474,15-05-2024 16:50,2024-05-15 16:50:00,2024,5,15,16,136,37.2
Shivajinagar AWS,18.5308,73.8474,15-05-2024 16:55,2024-05-15 16:55:00,2024,5,15,16,136,37.5
Shivajinagar AWS,18.5308,73.8474,15-05-2024 17:00,2024-05-15 17:00:00,2024,5,15,17,136,37.6
Shivajinagar AWS,18.5308,73.8474,15-05-2024 17:05,2024-05-15 17:05:00,2024,5,15,17,136,37.6
Shivajinagar AWS,18.5308,73.8474,15-05-2024 17:10,2024-05-15 17:10:00,2024,5,15,17,136,37.3
Shivajinagar AWS,18.5308,73.8474,15-05-2024 17:15,2024-05-15 17:15:00,2024,5,15,17,136,37.2
Shivajinagar AWS,18.5308,73.8474,15-05-2024 17:20,2024-05-15 17:20:00,2024,5,15,17,136,37.0
Shivajinagar AWS,18.5308,73.8474,15-05-2024 17:25,2024-05-15 17:25:00,2024,5,15,17,136,37.0
Shivajinagar AWS,18.5308,73.8474,15-05-2024 17:30,2024-05-15 17:30:00,2024,5,15,17,136,36.8
Shivajinagar AWS,18.5308,73.8474,15-05-2024 17:35,2024-05-15 17:35:00,2024,5,15,17,136,36.5
Shivajinagar AWS,18.5308,73.8474,15-05-2024 17:40,2024-05-15 17:40:00,2024,5,15,17,136,36.4
Shivajinagar AWS,18.5308,73.8474,15-05-2024 17:45,2024-05-15 17:45:00,2024,5,15,17,136,36.1
Shivajinagar AWS,18.5308,73.8474,15-05-2024 17:50,2024-05-15 17:50:00,2024,5,15,17,136,36.0
Shivajinagar AWS,18.5308,73.8474,15-05-2024 17:55,2024-05-15 17:55:00,2024,5,15,17,136,35.8
Shivajinagar AWS,18.5308,73.8474,15-05-2024 18:00,2024-05-15 18:00:00,2024,5,15,18,136,35.7
Shivajinagar AWS,18.5308,73.8474,15-05-2024 18:05,2024-05-15 18:05:00,2024,5,15,18,136,35.6
Shivajinagar AWS,18.5308,73.8474,15-05-2024 18:10,2024-05-15 18:10:00,2024,5,15,18,136,35.5
Shivajinagar AWS,18.5308,73.8474,15-05-2024 18:15,2024-05-15 18:15:00,2024,5,15,18,136,35.3
Shivajinagar AWS,18.5308,73.8474,15-05-2024 18:20,2024-05-15 18:20:00,2024,5,15,18,136,35.2
Shivajinagar AWS,18.5308,73.8474,15-05-2024 18:25,2024-05-15 18:25:00,2024,5,15,18,136,35.2
Shivajinagar AWS,18.5308,73.8474,15-05-2024 18:30,2024-05-15 18:30:00,2024,5,15,18,136,34.8
Shivajinagar AWS,18.5308,73.8474,15-05-2024 18:35,2024-05-15 18:35:00,2024,5,15,18,136,34.7
Shivajinagar AWS,18.5308,73.8474,15-05-2024 18:40,2024-05-15 18:40:00,2024,5,15,18,136,34.8
Shivajinagar AWS,18.5308,73.8474,15-05-2024 18:45,2024-05-15 18:45:00,2024,5,15,18,136,34.7
Shivajinagar AWS,18.5308,73.8474,15-05-2024 18:50,2024-05-15 18:50:00,2024,5,15,18,136,34.6
Shivajinagar AWS,18.5308,73.8474,15-05-2024 18:55,2024-05-15 18:55:00,2024,5,15,18,136,34.5
Shivajinagar AWS,18.5308,73.8474,15-05-2024 19:00,2024-05-15 19:00:00,2024,5,15,19,136,34.4
Shivajinagar AWS,18.5308,73.8474,15-05-2024 19:05,2024-05-15 19:05:00,2024,5,15,19,136,34.4
Shivajinagar AWS,18.5308,73.8474,15-05-2024 19:10,2024-05-15 19:10:00,2024,5,15,19,136,33.9
Shivajinagar AWS,18.5308,73.8474,15-05-2024 19:15,2024-05-15 19:15:00,2024,5,15,19,136,33.5
Shivajinagar AWS,18.5308,73.8474,15-05-2024 19:20,2024-05-15 19:20:00,2024,5,15,19,136,33.5
Shivajinagar AWS,18.5308,73.8474,15-05-2024 19:25,2024-05-15 19:25:00,2024,5,15,19,136,33.1
Shivajinagar AWS,18.5308,73.8474,15-05-2024 19:30,2024-05-15 19:30:00,2024,5,15,19,136,33.0
Shivajinagar AWS,18.5308,73.8474,15-05-2024 19:35,2024-05-15 19:35:00,2024,5,15,19,136,32.8
Shivajinagar AWS,18.5308,73.8474,15-05-2024 19:40,2024-05-15 19:40:00,2024,5,15,19,136,32.5
Shivajinagar AWS,18.5308,73.8474,15-05-2024 19:45,2024-05-15 19:45:00,2024,5,15,19,136,32.4
Shivajinagar AWS,18.5308,73.8474,15-05-2024 19:50,2024-05-15 19:50:00,2024,5,15,19,136,32.3
Shivajinagar AWS,18.5308,73.8474,15-05-2024 19:55,2024-05-15 19:55:00,2024,5,15,19,136,32.5
Shivajinagar AWS,18.5308,73.8474,15-05-2024 20:00,2024-05-15 20:00:00,2024,5,15,20,136,32.2
Shivajinagar AWS,18.5308,73.8474,15-05-2024 20:05,2024-05-15 20:05:00,2024,5,15,20,136,32.3
Shivajinagar AWS,18.5308,73.8474,15-05-2024 20:10,2024-05-15 20:10:00,2024,5,15,20,136,32.1
Shivajinagar AWS,18.5308,73.8474,15-05-2024 20:15,2024-05-15 20:15:00,2024,5,15,20,136,31.9
Shivajinagar AWS,18.5308,73.8474,15-05-2024 20:20,2024-05-15 20:20:00,2024,5,15,20,136,31.8
Shivajinagar AWS,18.5308,73.8474,15-05-2024 20:25,2024-05-15 20:25:00,2024,5,15,20,136,31.7
Shivajinagar AWS,18.5308,73.8474,15-05-2024 20:30,2024-05-15 20:30:00,2024,5,15,20,136,31.6
Shivajinagar AWS,18.5308,73.8474,15-05-2024 20:35,2024-05-15 20:35:00,2024,5,15,20,136,31.4
Shivajinagar AWS,18.5308,73.8474,15-05-2024 20:40,2024-05-15 20:40:00,2024,5,15,20,136,31.1
Shivajinagar AWS,18.5308,73.8474,15-05-2024 20:45,2024-05-15 20:45:00,2024,5,15,20,136,30.8
Shivajinagar AWS,18.5308,73.8474,15-05-2024 20:50,2024-05-15 20:50:00,2024,5,15,20,136,30.8
Shivajinagar AWS,18.5308,73.8474,15-05-2024 20:55,2024-05-15 20:55:00,2024,5,15,20,136,30.6
Shivajinagar AWS,18.5308,73.8474,15-05-2024 21:00,2024-05-15 21:00:00,2024,5,15,21,136,30.4
Shivajinagar AWS,18.5308,73.8474,15-05-2024 21:05,2024-05-15 21:05:00,2024,5,15,21,136,30.3
Shivajinagar AWS,18.5308,73.8474,15-05-2024 21:10,2024-05-15 21:10:00,2024,5,15,21,136,30.2
Shivajinagar AWS,18.5308,73.8474,15-05-2024 21:15,2024-05-15 21:15:00,2024,5,15,21,136,29.8
Shivajinagar AWS,18.5308,73.8474,15-05-2024 21:20,2024-05-15 21:20:00,2024,5,15,21,136,29.8
Shivajinagar AWS,18.5308,73.8474,15-05-2024 21:25,2024-05-15 21:25:00,2024,5,15,21,136,29.7
Shivajinagar AWS,18.5308,73.8474,15-05-2024 21:30,2024-05-15 21:30:00,2024,5,15,21,136,29.5
Shivajinagar AWS,18.5308,73.8474,15-05-2024 21:35,2024-05-15 21:35:00,2024,5,15,21,136,29.4
Shivajinagar AWS,18.5308,73.8474,15-05-2024 21:40,2024-05-15 21:40:00,2024,5,15,21,136,29.2
Shivajinagar AWS,18.5308,73.8474,15-05-2024 21:45,2024-05-15 21:45:00,2024,5,15,21,136,29.2
Shivajinagar AWS,18.5308,73.8474,15-05-2024 21:50,2024-05-15 21:50:00,2024,5,15,21,136,29.1
Shivajinagar AWS,18.5308,73.8474,15-05-2024 21:55,2024-05-15 21:55:00,2024,5,15,21,136,29.0
Shivajinagar AWS,18.5308,73.8474,15-05-2024 22:00,2024-05-15 22:00:00,2024,5,15,22,136,29.1
Shivajinagar AWS,18.5308,73.8474,15-05-2024 22:05,2024-05-15 22:05:00,2024,5,15,22,136,29.0
Shivajinagar AWS,18.5308,73.8474,15-05-2024 22:10,2024-05-15 22:10:00,2024,5,15,22,136,28.8
Shivajinagar AWS,18.5308,73.8474,15-05-2024 22:15,2024-05-15 22:15:00,2024,5,15,22,136,28.4
Shivajinagar AWS,18.5308,73.8474,15-05-2024 22:20,2024-05-15 22:20:00,2024,5,15,22,136,28.5
Shivajinagar AWS,18.5308,73.8474,15-05-2024 22:25,2024-05-15 22:25:00,2024,5,15,22,136,28.3
Shivajinagar AWS,18.5308,73.8474,15-05-2024 22:30,2024-05-15 22:30:00,2024,5,15,22,136,28.1
Shivajinagar AWS,18.5308,73.8474,15-05-2024 22:35,2024-05-15 22:35:00,2024,5,15,22,136,27.6
Shivajinagar AWS,18.5308,73.8474,15-05-2024 22:40,2024-05-15 22:40:00,2024,5,15,22,136,27.5
Shivajinagar AWS,18.5308,73.8474,15-05-2024 22:45,2024-05-15 22:45:00,2024,5,15,22,136,27.4
Shivajinagar AWS,18.5308,73.8474,15-05-2024 22:50,2024-05-15 22:50:00,2024,5,15,22,136,27.0
Shivajinagar AWS,18.5308,73.8474,15-05-2024 22:55,2024-05-15 22:55:00,2024,5,15,22,136,27.0
Shivajinagar AWS,18.5308,73.8474,15-05-2024 23:00,2024-05-15 23:00:00,2024,5,15,23,136,26.7
Shivajinagar AWS,18.5308,73.8474,15-05-2024 23:05,2024-05-15 23:05:00,2024,5,15,23,136,27.0
Shivajinagar AWS,18.5308,73.8474,15-05-2024 23:10,2024-05-15 23:10:00,2024,5,15,23,136,26.8
Shivajinagar AWS,18.5308,73.8474,15-05-2024 23:15,2024-05-15 23:15:00,2024,5,15,23,136,26.6
Shivajinagar AWS,18.5308,73.8474,15-05-2024 23:20,2024-05-15 23:20:00,2024,5,15,23,136,26.3
Shivajinagar AWS,18.5308,73.8474,15-05-2024 23:25,2024-05-15 23:25:00,2024,5,15,23,136,26.4
Shivajinagar AWS,18.5308,73.8474,15-05-2024 23:30,2024-05-15 23:30:00,2024,5,15,23,136,26.2
Shivajinagar AWS,18.5308,73.8474,15-05-2024 23:35,2024-05-15 23:35:00,2024,5,15,23,136,26.0
Shivajinagar AWS,18.5308,73.8474,15-05-2024 23:40,2024-05-15 23:40:00,2024,5,15,23,136,25.9
Shivajinagar AWS,18.5308,73.8474,15-05-2024 23:45,2024-05-15 23:45:00,2024,5,15,23,136,25.6
Shivajinagar AWS,18.5308,73.8474,15-05-2024 23:50,2024-05-15 23:50:00,2024,5,15,23,136,25.6
Shivajinagar AWS,18.5308,73.8474,15-05-2024 23:55,2024-05-15 23:55:00,2024,5,15,23,136,25.8
Shivajinagar AWS,18.5308,73.8474,16-05-2024 00:00,2024-05-16 00:00:00,2024,5,16,0,137,25.7
Shivajinagar AWS,18.5308,73.8474,16-05-2024 00:05,2024-05-16 00:05:00,2024,5,16,0,137,25.7
Shivajinagar AWS,18.5308,73.8474,16-05-2024 00:10,2024-05-16 00:10:00,2024,5,16,0,137,25.7
Shivajinagar AWS,18.5308,73.8474,16-05-2024 00:15,2024-05-16 00:15:00,2024,5,16,0,137,25.8
Shivajinagar AWS,18.5308,73.8474,16-05-2024 00:20,2024-05-16 00:20:00,2024,5,16,0,137,25.9
Shivajinagar AWS,18.5308,73.8474,16-05-2024 00:25,2024-05-16 00:25:00,2024,5,16,0,137,25.8
Shivajinagar AWS,18.5308,73.8474,16-05-2024 00:30,2024-05-16 00:30:00,2024,5,16,0,137,25.8
Shivajinagar AWS,18.5308,73.8474,16-05-2024 00:35,2024-05-16 00:35:00,2024,5,16,0,137,25.5
Shivajinagar AWS,18.5308,73.8474,16-05-2024 00:40,2024-05-16 00:40:00,2024,5,16,0,137,25.5
Shivajinagar AWS,18.5308,73.8474,16-05-2024 00:45,2024-05-16 00:45:00,2024,5,16,0,137,25.3
Shivajinagar AWS,18.5308,73.8474,16-05-2024 00:50,2024-05-16 00:50:00,2024,5,16,0,137,25.1
Shivajinagar AWS,18.5308,73.8474,16-05-2024 00:55,2024-05-16 00:55:00,2024,5,16,0,137,24.5
Shivajinagar AWS,18.5308,73.8474,16-05-2024 01:00,2024-05-16 01:00:00,2024,5,16,1,137,24.5
Shivajinagar AWS,18.5308,73.8474,16-05-2024 01:05,2024-05-16 01:05:00,2024,5,16,1,137,24.3
Shivajinagar AWS,18.5308,73.8474,16-05-2024 01:10,2024-05-16 01:10:00,2024,5,16,1,137,24.4
Shivajinagar AWS,18.5308,73.8474,16-05-2024 01:15,2024-05-16 01:15:00,2024,5,16,1,137,24.4
Shivajinagar AWS,18.5308,73.8474,16-05-2024 01:20,2024-05-16 01:20:00,2024,5,16,1,137,24.5
Shivajinagar AWS,18.5308,73.8474,16-05-2024 01:25,2024-05-16 01:25:00,2024,5,16,1,137,24.3
Shivajinagar AWS,18.5308,73.8474,16-05-2024 01:30,2024-05-16 01:30:00,2024,5,16,1,137,24.4
Shivajinagar AWS,18.5308,73.8474,16-05-2024 01:35,2024-05-16 01:35:00,2024,5,16,1,137,24.6
Shivajinagar AWS,18.5308,73.8474,16-05-2024 01:40,2024-05-16 01:40:00,2024,5,16,1,137,24.6
Shivajinagar AWS,18.5308,73.8474,16-05-2024 01:45,2024-05-16 01:45:00,2024,5,16,1,137,24.7
Shivajinagar AWS,18.5308,73.8474,16-05-2024 01:50,2024-05-16 01:50:00,2024,5,16,1,137,24.6
Shivajinagar AWS,18.5308,73.8474,16-05-2024 01:55,2024-05-16 01:55:00,2024,5,16,1,137,24.5
Shivajinagar AWS,18.5308,73.8474,16-05-2024 02:00,2024-05-16 02:00:00,2024,5,16,2,137,24.5
Shivajinagar AWS,18.5308,73.8474,16-05-2024 02:05,2024-05-16 02:05:00,2024,5,16,2,137,24.2
Shivajinagar AWS,18.5308,73.8474,16-05-2024 02:10,2024-05-16 02:10:00,2024,5,16,2,137,24.1
Shivajinagar AWS,18.5308,73.8474,16-05-2024 02:15,2024-05-16 02:15:00,2024,5,16,2,137,23.8
Shivajinagar AWS,18.5308,73.8474,16-05-2024 02:20,2024-05-16 02:20:00,2024,5,16,2,137,23.7
Shivajinagar AWS,18.5308,73.8474,16-05-2024 02:25,2024-05-16 02:25:00,2024,5,16,2,137,23.7
Shivajinagar AWS,18.5308,73.8474,16-05-2024 02:30,2024-05-16 02:30:00,2024,5,16,2,137,23.8
Shivajinagar AWS,18.5308,73.8474,16-05-2024 02:35,2024-05-16 02:35:00,2024,5,16,2,137,23.8
Shivajinagar AWS,18.5308,73.8474,16-05-2024 02:40,2024-05-16 02:40:00,2024,5,16,2,137,23.8
Shivajinagar AWS,18.5308,73.8474,16-05-2024 02:45,2024-05-16 02:45:00,2024,5,16,2,137,23.5
Shivajinagar AWS,18.5308,73.8474,16-05-2024 02:50,2024-05-16 02:50:00,2024,5,16,2,137,23.5
Shivajinagar AWS,18.5308,73.8474,16-05-2024 02:55,2024-05-16 02:55:00,2024,5,16,2,137,23.4
Shivajinagar AWS,18.5308,73.8474,16-05-2024 03:00,2024-05-16 03:00:00,2024,5,16,3,137,23.3
Shivajinagar AWS,18.5308,73.8474,16-05-2024 03:05,2024-05-16 03:05:00,2024,5,16,3,137,23.4
Shivajinagar AWS,18.5308,73.8474,16-05-2024 03:10,2024-05-16 03:10:00,2024,5,16,3,137,23.3
Shivajinagar AWS,18.5308,73.8474,16-05-2024 03:15,2024-05-16 03:15:00,2024,5,16,3,137,23.3
Shivajinagar AWS,18.5308,73.8474,16-05-2024 03:20,2024-05-16 03:20:00,2024,5,16,3,137,23.0
Shivajinagar AWS,18.5308,73.8474,16-05-2024 03:25,2024-05-16 03:25:00,2024,5,16,3,137,23.0
Shivajinagar AWS,18.5308,73.8474,16-05-2024 03:30,2024-05-16 03:30:00,2024,5,16,3,137,22.9
Shivajinagar AWS,18.5308,73.8474,16-05-2024 03:35,2024-05-16 03:35:00,2024,5,16,3,137,23.0
Shivajinagar AWS,18.5308,73.8474,16-05-2024 03:40,2024-05-16 03:40:00,2024,5,16,3,137,22.9
Shivajinagar AWS,18.5308,73.8474,16-05-2024 03:45,2024-05-16 03:45:00,2024,5,16,3,137,23.0
Shivajinagar AWS,18.5308,73.8474,16-05-2024 03:50,2024-05-16 03:50:00,2024,5,16,3,137,23.1
Shivajinagar AWS,18.5308,73.8474,16-05-2024 03:55,2024-05-16 03:55:00,2024,5,16,3,137,23.4
Shivajinagar AWS,18.5308,73.8474,16-05-2024 04:00,2024-05-16 04:00:00,2024,5,16,4,137,23.6
Shivajinagar AWS,18.5308,73.8474,16-05-2024 04:05,2024-05-16 04:05:00,2024,5,16,4,137,23.3
Shivajinagar AWS,18.5308,73.8474,16-05-2024 04:10,2024-05-16 04:10:00,2024,5,16,4,137,23.2
Shivajinagar AWS,18.5308,73.8474,16-05-2024 04:15,2024-05-16 04:15:00,2024,5,16,4,137,23.3
Shivajinagar AWS,18.5308,73.8474,16-05-2024 04:20,2024-05-16 04:20:00,2024,5,16,4,137,23.3
Shivajinagar AWS,18.5308,73.8474,16-05-2024 04:25,2024-05-16 04:25:00,2024,5,16,4,137,23.0
Shivajinagar AWS,18.5308,73.8474,16-05-2024 04:30,2024-05-16 04:30:00,2024,5,16,4,137,23.3
Shivajinagar AWS,18.5308,73.8474,16-05-2024 04:35,2024-05-16 04:35:00,2024,5,16,4,137,23.5
Shivajinagar AWS,18.5308,73.8474,16-05-2024 04:40,2024-05-16 04:40:00,2024,5,16,4,137,23.7
Shivajinagar AWS,18.5308,73.8474,16-05-2024 04:45,2024-05-16 04:45:00,2024,5,16,4,137,23.7
Shivajinagar AWS,18.5308,73.8474,16-05-2024 04:50,2024-05-16 04:50:00,2024,5,16,4,137,23.9
Shivajinagar AWS,18.5308,73.8474,16-05-2024 04:55,2024-05-16 04:55:00,2024,5,16,4,137,23.9
Shivajinagar AWS,18.5308,73.8474,16-05-2024 05:00,2024-05-16 05:00:00,2024,5,16,5,137,24.1
Shivajinagar AWS,18.5308,73.8474,16-05-2024 05:05,2024-05-16 05:05:00,2024,5,16,5,137,24.1
Shivajinagar AWS,18.5308,73.8474,16-05-2024 05:10,2024-05-16 05:10:00,2024,5,16,5,137,24.4
Shivajinagar AWS,18.5308,73.8474,16-05-2024 05:15,2024-05-16 05:15:00,2024,5,16,5,137,24.3
Shivajinagar AWS,18.5308,73.8474,16-05-2024 05:20,2024-05-16 05:20:00,2024,5,16,5,137,24.6
Shivajinagar AWS,18.5308,73.8474,16-05-2024 05:25,2024-05-16 05:25:00,2024,5,16,5,137,24.7
Shivajinagar AWS,18.5308,73.8474,16-05-2024 05:30,2024-05-16 05:30:00,2024,5,16,5,137,24.8
Shivajinagar AWS,18.5308,73.8474,16-05-2024 05:35,2024-05-16 05:35:00,2024,5,16,5,137,24.9
Shivajinagar AWS,18.5308,73.8474,16-05-2024 05:40,2024-05-16 05:40:00,2024,5,16,5,137,25.2
Shivajinagar AWS,18.5308,73.8474,16-05-2024 05:45,2024-05-16 05:45:00,2024,5,16,5,137,25.5
Shivajinagar AWS,18.5308,73.8474,16-05-2024 05:50,2024-05-16 05:50:00,2024,5,16,5,137,25.7
Shivajinagar AWS,18.5308,73.8474,16-05-2024 05:55,2024-05-16 05:55:00,2024,5,16,5,137,25.6
Shivajinagar AWS,18.5308,73.8474,16-05-2024 06:00,2024-05-16 06:00:00,2024,5,16,6,137,25.8
Shivajinagar AWS,18.5308,73.8474,16-05-2024 06:05,2024-05-16 06:05:00,2024,5,16,6,137,26.2
Shivajinagar AWS,18.5308,73.8474,16-05-2024 06:10,2024-05-16 06:10:00,2024,5,16,6,137,26.5
Shivajinagar AWS,18.5308,73.8474,16-05-2024 06:15,2024-05-16 06:15:00,2024,5,16,6,137,26.7
Shivajinagar AWS,18.5308,73.8474,16-05-2024 06:20,2024-05-16 06:20:00,2024,5,16,6,137,26.9
Shivajinagar AWS,18.5308,73.8474,16-05-2024 06:25,2024-05-16 06:25:00,2024,5,16,6,137,27.1
Shivajinagar AWS,18.5308,73.8474,16-05-2024 06:30,2024-05-16 06:30:00,2024,5,16,6,137,27.4
Shivajinagar AWS,18.5308,73.8474,16-05-2024 06:35,2024-05-16 06:35:00,2024,5,16,6,137,27.4
Shivajinagar AWS,18.5308,73.8474,16-05-2024 06:40,2024-05-16 06:40:00,2024,5,16,6,137,27.3
Shivajinagar AWS,18.5308,73.8474,16-05-2024 06:45,2024-05-16 06:45:00,2024,5,16,6,137,27.4
Shivajinagar AWS,18.5308,73.8474,16-05-2024 06:50,2024-05-16 06:50:00,2024,5,16,6,137,27.4
Shivajinagar AWS,18.5308,73.8474,16-05-2024 06:55,2024-05-16 06:55:00,2024,5,16,6,137,27.4
Shivajinagar AWS,18.5308,73.8474,16-05-2024 07:00,2024-05-16 07:00:00,2024,5,16,7,137,27.4
Shivajinagar AWS,18.5308,73.8474,16-05-2024 07:05,2024-05-16 07:05:00,2024,5,16,7,137,27.9
Shivajinagar AWS,18.5308,73.8474,16-05-2024 07:10,2024-05-16 07:10:00,2024,5,16,7,137,28.0
Shivajinagar AWS,18.5308,73.8474,16-05-2024 07:15,2024-05-16 07:15:00,2024,5,16,7,137,28.2
Shivajinagar AWS,18.5308,73.8474,16-05-2024 07:20,2024-05-16 07:20:00,2024,5,16,7,137,28.1
Shivajinagar AWS,18.5308,73.8474,16-05-2024 07:25,2024-05-16 07:25:00,2024,5,16,7,137,28.0
Shivajinagar AWS,18.5308,73.8474,16-05-2024 07:30,2024-05-16 07:30:00,2024,5,16,7,137,28.0
Shivajinagar AWS,18.5308,73.8474,16-05-2024 07:35,2024-05-16 07:35:00,2024,5,16,7,137,28.4
Shivajinagar AWS,18.5308,73.8474,16-05-2024 07:40,2024-05-16 07:40:00,2024,5,16,7,137,28.6
Shivajinagar AWS,18.5308,73.8474,16-05-2024 07:45,2024-05-16 07:45:00,2024,5,16,7,137,28.8
Shivajinagar AWS,18.5308,73.8474,16-05-2024 07:50,2024-05-16 07:50:00,2024,5,16,7,137,29.0
Shivajinagar AWS,18.5308,73.8474,16-05-2024 07:55,2024-05-16 07:55:00,2024,5,16,7,137,29.1
Shivajinagar AWS,18.5308,73.8474,16-05-2024 08:00,2024-05-16 08:00:00,2024,5,16,8,137,29.4
Shivajinagar AWS,18.5308,73.8474,16-05-2024 08:05,2024-05-16 08:05:00,2024,5,16,8,137,29.4
Shivajinagar AWS,18.5308,73.8474,16-05-2024 08:10,2024-05-16 08:10:00,2024,5,16,8,137,29.8
Shivajinagar AWS,18.5308,73.8474,16-05-2024 08:15,2024-05-16 08:15:00,2024,5,16,8,137,30.0
Shivajinagar AWS,18.5308,73.8474,16-05-2024 08:20,2024-05-16 08:20:00,2024,5,16,8,137,29.8
Shivajinagar AWS,18.5308,73.8474,16-05-2024 08:25,2024-05-16 08:25:00,2024,5,16,8,137,29.8
Shivajinagar AWS,18.5308,73.8474,16-05-2024 08:30,2024-05-16 08:30:00,2024,5,16,8,137,29.7
Shivajinagar AWS,18.5308,73.8474,16-05-2024 08:35,2024-05-16 08:35:00,2024,5,16,8,137,30.0
Shivajinagar AWS,18.5308,73.8474,16-05-2024 08:40,2024-05-16 08:40:00,2024,5,16,8,137,30.2
Shivajinagar AWS,18.5308,73.8474,16-05-2024 08:45,2024-05-16 08:45:00,2024,5,16,8,137,30.0
Shivajinagar AWS,18.5308,73.8474,16-05-2024 08:50,2024-05-16 08:50:00,2024,5,16,8,137,30.2
Shivajinagar AWS,18.5308,73.8474,16-05-2024 08:55,2024-05-16 08:55:00,2024,5,16,8,137,30.3
Shivajinagar AWS,18.5308,73.8474,16-05-2024 09:00,2024-05-16 09:00:00,2024,5,16,9,137,30.2
Shivajinagar AWS,18.5308,73.8474,16-05-2024 09:05,2024-05-16 09:05:00,2024,5,16,9,137,30.6
Shivajinagar AWS,18.5308,73.8474,16-05-2024 09:10,2024-05-16 09:10:00,2024,5,16,9,137,30.8
Shivajinagar AWS,18.5308,73.8474,16-05-2024 09:15,2024-05-16 09:15:00,2024,5,16,9,137,30.9
Shivajinagar AWS,18.5308,73.8474,16-05-2024 09:20,2024-05-16 09:20:00,2024,5,16,9,137,31.0
Shivajinagar AWS,18.5308,73.8474,16-05-2024 09:25,2024-05-16 09:25:00,2024,5,16,9,137,30.9
Shivajinagar AWS,18.5308,73.8474,16-05-2024 09:30,2024-05-16 09:30:00,2024,5,16,9,137,30.9
Shivajinagar AWS,18.5308,73.8474,16-05-2024 09:35,2024-05-16 09:35:00,2024,5,16,9,137,31.3
Shivajinagar AWS,18.5308,73.8474,16-05-2024 09:40,2024-05-16 09:40:00,2024,5,16,9,137,31.4
Shivajinagar AWS,18.5308,73.8474,16-05-2024 09:45,2024-05-16 09:45:00,2024,5,16,9,137,31.5
Shivajinagar AWS,18.5308,73.8474,16-05-2024 09:50,2024-05-16 09:50:00,2024,5,16,9,137,31.4
Shivajinagar AWS,18.5308,73.8474,16-05-2024 09:55,2024-05-16 09:55:00,2024,5,16,9,137,31.4
Shivajinagar AWS,18.5308,73.8474,16-05-2024 10:00,2024-05-16 10:00:00,2024,5,16,10,137,31.6
Shivajinagar AWS,18.5308,73.8474,16-05-2024 10:05,2024-05-16 10:05:00,2024,5,16,10,137,31.9
Shivajinagar AWS,18.5308,73.8474,16-05-2024 10:10,2024-05-16 10:10:00,2024,5,16,10,137,32.3
Shivajinagar AWS,18.5308,73.8474,16-05-2024 10:15,2024-05-16 10:15:00,2024,5,16,10,137,32.6
Shivajinagar AWS,18.5308,73.8474,16-05-2024 10:20,2024-05-16 10:20:00,2024,5,16,10,137,32.7
Shivajinagar AWS,18.5308,73.8474,16-05-2024 10:25,2024-05-16 10:25:00,2024,5,16,10,137,33.0
Shivajinagar AWS,18.5308,73.8474,16-05-2024 10:30,2024-05-16 10:30:00,2024,5,16,10,137,33.0
Shivajinagar AWS,18.5308,73.8474,16-05-2024 10:35,2024-05-16 10:35:00,2024,5,16,10,137,33.5
Shivajinagar AWS,18.5308,73.8474,16-05-2024 10:40,2024-05-16 10:40:00,2024,5,16,10,137,33.8
Shivajinagar AWS,18.5308,73.8474,16-05-2024 10:45,2024-05-16 10:45:00,2024,5,16,10,137,33.9
Shivajinagar AWS,18.5308,73.8474,16-05-2024 10:50,2024-05-16 10:50:00,2024,5,16,10,137,34.0
Shivajinagar AWS,18.5308,73.8474,16-05-2024 10:55,2024-05-16 10:55:00,2024,5,16,10,137,34.3
Shivajinagar AWS,18.5308,73.8474,16-05-2024 11:00,2024-05-16 11:00:00,2024,5,16,11,137,34.5
Shivajinagar AWS,18.5308,73.8474,16-05-2024 11:05,2024-05-16 11:05:00,2024,5,16,11,137,34.8
Shivajinagar AWS,18.5308,73.8474,16-05-2024 11:10,2024-05-16 11:10:00,2024,5,16,11,137,34.6
Shivajinagar AWS,18.5308,73.8474,16-05-2024 11:15,2024-05-16 11:15:00,2024,5,16,11,137,34.7
Shivajinagar AWS,18.5308,73.8474,16-05-2024 11:20,2024-05-16 11:20:00,2024,5,16,11,137,34.7
Shivajinagar AWS,18.5308,73.8474,16-05-2024 11:25,2024-05-16 11:25:00,2024,5,16,11,137,35.1
Shivajinagar AWS,18.5308,73.8474,16-05-2024 11:30,2024-05-16 11:30:00,2024,5,16,11,137,35.4
Shivajinagar AWS,18.5308,73.8474,16-05-2024 11:35,2024-05-16 11:35:00,2024,5,16,11,137,35.4
Shivajinagar AWS,18.5308,73.8474,16-05-2024 11:40,2024-05-16 11:40:00,2024,5,16,11,137,35.7
Shivajinagar AWS,18.5308,73.8474,16-05-2024 11:45,2024-05-16 11:45:00,2024,5,16,11,137,36.0
Shivajinagar AWS,18.5308,73.8474,16-05-2024 11:50,2024-05-16 11:50:00,2024,5,16,11,137,36.1
Shivajinagar AWS,18.5308,73.8474,16-05-2024 11:55,2024-05-16 11:55:00,2024,5,16,11,137,36.5
Shivajinagar AWS,18.5308,73.8474,16-05-2024 12:00,2024-05-16 12:00:00,2024,5,16,12,137,36.5
Shivajinagar AWS,18.5308,73.8474,16-05-2024 12:05,2024-05-16 12:05:00,2024,5,16,12,137,36.5
Shivajinagar AWS,18.5308,73.8474,16-05-2024 12:10,2024-05-16 12:10:00,2024,5,16,12,137,36.6
Shivajinagar AWS,18.5308,73.8474,16-05-2024 12:15,2024-05-16 12:15:00,2024,5,16,12,137,36.6
Shivajinagar AWS,18.5308,73.8474,16-05-2024 12:20,2024-05-16 12:20:00,2024,5,16,12,137,36.6
Shivajinagar AWS,18.5308,73.8474,16-05-2024 12:25,2024-05-16 12:25:00,2024,5,16,12,137,36.8
Shivajinagar AWS,18.5308,73.8474,16-05-2024 12:30,2024-05-16 12:30:00,2024,5,16,12,137,36.8
Shivajinagar AWS,18.5308,73.8474,16-05-2024 12:35,2024-05-16 12:35:00,2024,5,16,12,137,36.6
Shivajinagar AWS,18.5308,73.8474,16-05-2024 12:40,2024-05-16 12:40:00,2024,5,16,12,137,36.7
Shivajinagar AWS,18.5308,73.8474,16-05-2024 12:45,2024-05-16 12:45:00,2024,5,16,12,137,36.6
Shivajinagar AWS,18.5308,73.8474,16-05-2024 12:50,2024-05-16 12:50:00,2024,5,16,12,137,36.7
Shivajinagar AWS,18.5308,73.8474,16-05-2024 12:55,2024-05-16 12:55:00,2024,5,16,12,137,36.8
Shivajinagar AWS,18.5308,73.8474,16-05-2024 13:00,2024-05-16 13:00:00,2024,5,16,13,137,37.0
Shivajinagar AWS,18.5308,73.8474,16-05-2024 13:05,2024-05-16 13:05:00,2024,5,16,13,137,37.2
Shivajinagar AWS,18.5308,73.8474,16-05-2024 13:10,2024-05-16 13:10:00,2024,5,16,13,137,37.3
Shivajinagar AWS,18.5308,73.8474,16-05-2024 13:15,2024-05-16 13:15:00,2024,5,16,13,137,37.2
Shivajinagar AWS,18.5308,73.8474,16-05-2024 13:20,2024-05-16 13:20:00,2024,5,16,13,137,37.3
Shivajinagar AWS,18.5308,73.8474,16-05-2024 13:25,2024-05-16 13:25:00,2024,5,16,13,137,37.6
Shivajinagar AWS,18.5308,73.8474,16-05-2024 13:30,2024-05-16 13:30:00,2024,5,16,13,137,37.4
Shivajinagar AWS,18.5308,73.8474,16-05-2024 13:35,2024-05-16 13:35:00,2024,5,16,13,137,37.7
Shivajinagar AWS,18.5308,73.8474,16-05-2024 13:40,2024-05-16 13:40:00,2024,5,16,13,137,37.5
Shivajinagar AWS,18.5308,73.8474,16-05-2024 13:45,2024-05-16 13:45:00,2024,5,16,13,137,37.4
Shivajinagar AWS,18.5308,73.8474,16-05-2024 13:50,2024-05-16 13:50:00,2024,5,16,13,137,37.4
Shivajinagar AWS,18.5308,73.8474,16-05-2024 13:55,2024-05-16 13:55:00,2024,5,16,13,137,37.4
Shivajinagar AWS,18.5308,73.8474,16-05-2024 14:00,2024-05-16 14:00:00,2024,5,16,14,137,37.5
Shivajinagar AWS,18.5308,73.8474,16-05-2024 14:05,2024-05-16 14:05:00,2024,5,16,14,137,37.3
Shivajinagar AWS,18.5308,73.8474,16-05-2024 14:10,2024-05-16 14:10:00,2024,5,16,14,137,37.4
Shivajinagar AWS,18.5308,73.8474,16-05-2024 14:15,2024-05-16 14:15:00,2024,5,16,14,137,37.2
Shivajinagar AWS,18.5308,73.8474,16-05-2024 14:20,2024-05-16 14:20:00,2024,5,16,14,137,36.9
Shivajinagar AWS,18.5308,73.8474,16-05-2024 14:25,2024-05-16 14:25:00,2024,5,16,14,137,36.8
Shivajinagar AWS,18.5308,73.8474,16-05-2024 14:30,2024-05-16 14:30:00,2024,5,16,14,137,36.6
Shivajinagar AWS,18.5308,73.8474,16-05-2024 14:35,2024-05-16 14:35:00,2024,5,16,14,137,36.7
Shivajinagar AWS,18.5308,73.8474,16-05-2024 14:40,2024-05-16 14:40:00,2024,5,16,14,137,36.8
Shivajinagar AWS,18.5308,73.8474,16-05-2024 14:45,2024-05-16 14:45:00,2024,5,16,14,137,36.6
Shivajinagar AWS,18.5308,73.8474,16-05-2024 14:50,2024-05-16 14:50:00,2024,5,16,14,137,36.6
Shivajinagar AWS,18.5308,73.8474,16-05-2024 14:55,2024-05-16 14:55:00,2024,5,16,14,137,36.4
Shivajinagar AWS,18.5308,73.8474,16-05-2024 15:00,2024-05-16 15:00:00,2024,5,16,15,137,36.4
Shivajinagar AWS,18.5308,73.8474,16-05-2024 15:05,2024-05-16 15:05:00,2024,5,16,15,137,36.3
Shivajinagar AWS,18.5308,73.8474,16-05-2024 15:10,2024-05-16 15:10:00,2024,5,16,15,137,36.1
Shivajinagar AWS,18.5308,73.8474,16-05-2024 15:15,2024-05-16 15:15:00,2024,5,16,15,137,36.2
Shivajinagar AWS,18.5308,73.8474,16-05-2024 15:20,2024-05-16 15:20:00,2024,5,16,15,137,36.1
Shivajinagar AWS,18.5308,73.8474,16-05-2024 15:25,2024-05-16 15:25:00,2024,5,16,15,137,36.0
Shivajinagar AWS,18.5308,73.8474,16-05-2024 15:30,2024-05-16 15:30:00,2024,5,16,15,137,35.6
Shivajinagar AWS,18.5308,73.8474,16-05-2024 15:35,2024-05-16 15:35:00,2024,5,16,15,137,35.7
Shivajinagar AWS,18.5308,73.8474,16-05-2024 15:40,2024-05-16 15:40:00,2024,5,16,15,137,35.8
Shivajinagar AWS,18.5308,73.8474,16-05-2024 15:45,2024-05-16 15:45:00,2024,5,16,15,137,35.7
Shivajinagar AWS,18.5308,73.8474,16-05-2024 15:50,2024-05-16 15:50:00,2024,5,16,15,137,35.5
Shivajinagar AWS,18.5308,73.8474,16-05-2024 15:55,2024-05-16 15:55:00,2024,5,16,15,137,35.6
Shivajinagar AWS,18.5308,73.8474,16-05-2024 16:00,2024-05-16 16:00:00,2024,5,16,16,137,35.4
Shivajinagar AWS,18.5308,73.8474,16-05-2024 16:05,2024-05-16 16:05:00,2024,5,16,16,137,35.3
Shivajinagar AWS,18.5308,73.8474,16-05-2024 16:10,2024-05-16 16:10:00,2024,5,16,16,137,35.6
Shivajinagar AWS,18.5308,73.8474,16-05-2024 16:15,2024-05-16 16:15:00,2024,5,16,16,137,35.4
Shivajinagar AWS,18.5308,73.8474,16-05-2024 16:20,2024-05-16 16:20:00,2024,5,16,16,137,35.5
Shivajinagar AWS,18.5308,73.8474,16-05-2024 16:25,2024-05-16 16:25:00,2024,5,16,16,137,35.5
Shivajinagar AWS,18.5308,73.8474,16-05-2024 16:30,2024-05-16 16:30:00,2024,5,16,16,137,35.4
Shivajinagar AWS,18.5308,73.8474,16-05-2024 16:35,2024-05-16 16:35:00,2024,5,16,16,137,35.4
Shivajinagar AWS,18.5308,73.8474,16-05-2024 16:40,2024-05-16 16:40:00,2024,5,16,16,137,35.3
Shivajinagar AWS,18.5308,73.8474,16-05-2024 16:45,2024-05-16 16:45:00,2024,5,16,16,137,35.3
Shivajinagar AWS,18.5308,73.8474,16-05-2024 16:50,2024-05-16 16:50:00,2024,5,16,16,137,35.1
Shivajinagar AWS,18.5308,73.8474,16-05-2024 16:55,2024-05-16 16:55:00,2024,5,16,16,137,35.3
Shivajinagar AWS,18.5308,73.8474,16-05-2024 17:00,2024-05-16 17:00:00,2024,5,16,17,137,34.9
Shivajinagar AWS,18.5308,73.8474,16-05-2024 17:05,2024-05-16 17:05:00,2024,5,16,17,137,35.0
Shivajinagar AWS,18.5308,73.8474,16-05-2024 17:10,2024-05-16 17:10:00,2024,5,16,17,137,35.0
Shivajinagar AWS,18.5308,73.8474,16-05-2024 17:15,2024-05-16 17:15:00,2024,5,16,17,137,35.0
Shivajinagar AWS,18.5308,73.8474,16-05-2024 17:20,2024-05-16 17:20:00,2024,5,16,17,137,35.0
Shivajinagar AWS,18.5308,73.8474,16-05-2024 17:25,2024-05-16 17:25:00,2024,5,16,17,137,34.8
Shivajinagar AWS,18.5308,73.8474,16-05-2024 17:30,2024-05-16 17:30:00,2024,5,16,17,137,34.4
Shivajinagar AWS,18.5308,73.8474,16-05-2024 17:35,2024-05-16 17:35:00,2024,5,16,17,137,34.2
Shivajinagar AWS,18.5308,73.8474,16-05-2024 17:40,2024-05-16 17:40:00,2024,5,16,17,137,34.0
Shivajinagar AWS,18.5308,73.8474,16-05-2024 17:45,2024-05-16 17:45:00,2024,5,16,17,137,33.7
Shivajinagar AWS,18.5308,73.8474,16-05-2024 17:50,2024-05-16 17:50:00,2024,5,16,17,137,33.4
Shivajinagar AWS,18.5308,73.8474,16-05-2024 17:55,2024-05-16 17:55:00,2024,5,16,17,137,33.2
Shivajinagar AWS,18.5308,73.8474,16-05-2024 18:00,2024-05-16 18:00:00,2024,5,16,18,137,33.0
Shivajinagar AWS,18.5308,73.8474,16-05-2024 18:05,2024-05-16 18:05:00,2024,5,16,18,137,32.5
Shivajinagar AWS,18.5308,73.8474,16-05-2024 18:10,2024-05-16 18:10:00,2024,5,16,18,137,32.6
Shivajinagar AWS,18.5308,73.8474,16-05-2024 18:15,2024-05-16 18:15:00,2024,5,16,18,137,32.8
Shivajinagar AWS,18.5308,73.8474,16-05-2024 18:20,2024-05-16 18:20:00,2024,5,16,18,137,32.7
Shivajinagar AWS,18.5308,73.8474,16-05-2024 18:25,2024-05-16 18:25:00,2024,5,16,18,137,32.6
Shivajinagar AWS,18.5308,73.8474,16-05-2024 18:30,2024-05-16 18:30:00,2024,5,16,18,137,32.4
Shivajinagar AWS,18.5308,73.8474,16-05-2024 18:35,2024-05-16 18:35:00,2024,5,16,18,137,32.2
Shivajinagar AWS,18.5308,73.8474,16-05-2024 18:40,2024-05-16 18:40:00,2024,5,16,18,137,32.1
Shivajinagar AWS,18.5308,73.8474,16-05-2024 18:45,2024-05-16 18:45:00,2024,5,16,18,137,32.0
Shivajinagar AWS,18.5308,73.8474,16-05-2024 18:50,2024-05-16 18:50:00,2024,5,16,18,137,31.7
Shivajinagar AWS,18.5308,73.8474,16-05-2024 18:55,2024-05-16 18:55:00,2024,5,16,18,137,31.8
Shivajinagar AWS,18.5308,73.8474,16-05-2024 19:00,2024-05-16 19:00:00,2024,5,16,19,137,31.5
Shivajinagar AWS,18.5308,73.8474,16-05-2024 19:05,2024-05-16 19:05:00,2024,5,16,19,137,31.4
Shivajinagar AWS,18.5308,73.8474,16-05-2024 19:10,2024-05-16 19:10:00,2024,5,16,19,137,31.3
Shivajinagar AWS,18.5308,73.8474,16-05-2024 19:15,2024-05-16 19:15:00,2024,5,16,19,137,31.4
Shivajinagar AWS,18.5308,73.8474,16-05-2024 19:20,2024-05-16 19:20:00,2024,5,16,19,137,31.3
Shivajinagar AWS,18.5308,73.8474,16-05-2024 19:25,2024-05-16 19:25:00,2024,5,16,19,137,31.1
Shivajinagar AWS,18.5308,73.8474,16-05-2024 19:30,2024-05-16 19:30:00,2024,5,16,19,137,30.9
Shivajinagar AWS,18.5308,73.8474,16-05-2024 19:35,2024-05-16 19:35:00,2024,5,16,19,137,30.7
Shivajinagar AWS,18.5308,73.8474,16-05-2024 19:40,2024-05-16 19:40:00,2024,5,16,19,137,30.4
Shivajinagar AWS,18.5308,73.8474,16-05-2024 19:45,2024-05-16 19:45:00,2024,5,16,19,137,30.1
Shivajinagar AWS,18.5308,73.8474,16-05-2024 19:50,2024-05-16 19:50:00,2024,5,16,19,137,29.7
Shivajinagar AWS,18.5308,73.8474,16-05-2024 19:55,2024-05-16 19:55:00,2024,5,16,19,137,29.4
Shivajinagar AWS,18.5308,73.8474,16-05-2024 20:00,2024-05-16 20:00:00,2024,5,16,20,137,29.3
Shivajinagar AWS,18.5308,73.8474,16-05-2024 20:05,2024-05-16 20:05:00,2024,5,16,20,137,29.2
Shivajinagar AWS,18.5308,73.8474,16-05-2024 20:10,2024-05-16 20:10:00,2024,5,16,20,137,28.8
Shivajinagar AWS,18.5308,73.8474,16-05-2024 20:15,2024-05-16 20:15:00,2024,5,16,20,137,28.7
Shivajinagar AWS,18.5308,73.8474,16-05-2024 20:20,2024-05-16 20:20:00,2024,5,16,20,137,28.6
Shivajinagar AWS,18.5308,73.8474,16-05-2024 20:25,2024-05-16 20:25:00,2024,5,16,20,137,28.5
Shivajinagar AWS,18.5308,73.8474,16-05-2024 20:30,2024-05-16 20:30:00,2024,5,16,20,137,28.2
Shivajinagar AWS,18.5308,73.8474,16-05-2024 20:35,2024-05-16 20:35:00,2024,5,16,20,137,28.1
Shivajinagar AWS,18.5308,73.8474,16-05-2024 20:40,2024-05-16 20:40:00,2024,5,16,20,137,27.9
Shivajinagar AWS,18.5308,73.8474,16-05-2024 20:45,2024-05-16 20:45:00,2024,5,16,20,137,27.6
Shivajinagar AWS,18.5308,73.8474,16-05-2024 20:50,2024-05-16 20:50:00,2024,5,16,20,137,27.5
Shivajinagar AWS,18.5308,73.8474,16-05-2024 20:55,2024-05-16 20:55:00,2024,5,16,20,137,27.8
Shivajinagar AWS,18.5308,73.8474,16-05-2024 21:00,2024-05-16 21:00:00,2024,5,16,21,137,27.5
Shivajinagar AWS,18.5308,73.8474,16-05-2024 21:05,2024-05-16 21:05:00,2024,5,16,21,137,27.3
Shivajinagar AWS,18.5308,73.8474,16-05-2024 21:10,2024-05-16 21:10:00,2024,5,16,21,137,27.2
Shivajinagar AWS,18.5308,73.8474,16-05-2024 21:15,2024-05-16 21:15:00,2024,5,16,21,137,27.0
Shivajinagar AWS,18.5308,73.8474,16-05-2024 21:20,2024-05-16 21:20:00,2024,5,16,21,137,27.0
Shivajinagar AWS,18.5308,73.8474,16-05-2024 21:25,2024-05-16 21:25:00,2024,5,16,21,137,26.5
Shivajinagar AWS,18.5308,73.8474,16-05-2024 21:30,2024-05-16 21:30:00,2024,5,16,21,137,26.3
Shivajinagar AWS,18.5308,73.8474,16-05-2024 21:35,2024-05-16 21:35:00,2024,5,16,21,137,26.3
Shivajinagar AWS,18.5308,73.8474,16-05-2024 21:40,2024-05-16 21:40:00,2024,5,16,21,137,26.1
Shivajinagar AWS,18.5308,73.8474,16-05-2024 21:45,2024-05-16 21:45:00,2024,5,16,21,137,25.9
Shivajinagar AWS,18.5308,73.8474,16-05-2024 21:50,2024-05-16 21:50:00,2024,5,16,21,137,25.9
Shivajinagar AWS,18.5308,73.8474,16-05-2024 21:55,2024-05-16 21:55:00,2024,5,16,21,137,25.9
Shivajinagar AWS,18.5308,73.8474,16-05-2024 22:00,2024-05-16 22:00:00,2024,5,16,22,137,25.8
Shivajinagar AWS,18.5308,73.8474,16-05-2024 22:05,2024-05-16 22:05:00,2024,5,16,22,137,25.5
Shivajinagar AWS,18.5308,73.8474,16-05-2024 22:10,2024-05-16 22:10:00,2024,5,16,22,137,25.5
Shivajinagar AWS,18.5308,73.8474,16-05-2024 22:15,2024-05-16 22:15:00,2024,5,16,22,137,25.3
Shivajinagar AWS,18.5308,73.8474,16-05-2024 22:20,2024-05-16 22:20:00,2024,5,16,22,137,25.3
Shivajinagar AWS,18.5308,73.8474,16-05-2024 22:25,2024-05-16 22:25:00,2024,5,16,22,137,25.4
Shivajinagar AWS,18.5308,73.8474,16-05-2024 22:30,2024-05-16 22:30:00,2024,5,16,22,137,24.9
Shivajinagar AWS,18.5308,73.8474,16-05-2024 22:35,2024-05-16 22:35:00,2024,5,16,22,137,24.8
Shivajinagar AWS,18.5308,73.8474,16-05-2024 22:40,2024-05-16 22:40:00,2024,5,16,22,137,24.4
Shivajinagar AWS,18.5308,73.8474,16-05-2024 22:45,2024-05-16 22:45:00,2024,5,16,22,137,24.7
Shivajinagar AWS,18.5308,73.8474,16-05-2024 22:50,2024-05-16 22:50:00,2024,5,16,22,137,24.5
Shivajinagar AWS,18.5308,73.8474,16-05-2024 22:55,2024-05-16 22:55:00,2024,5,16,22,137,24.5
Shivajinagar AWS,18.5308,73.8474,16-05-2024 23:00,2024-05-16 23:00:00,2024,5,16,23,137,24.3
Shivajinagar AWS,18.5308,73.8474,16-05-2024 23:05,2024-05-16 23:05:00,2024,5,16,23,137,24.1
Shivajinagar AWS,18.5308,73.8474,16-05-2024 23:10,2024-05-16 23:10:00,2024,5,16,23,137,23.9
Shivajinagar AWS,18.5308,73.8474,16-05-2024 23:15,2024-05-16 23:15:00,2024,5,16,23,137,24.0
Shivajinagar AWS,18.5308,73.8474,16-05-2024 23:20,2024-05-16 23:20:00,2024,5,16,23,137,24.0
Shivajinagar AWS,18.5308,73.8474,16-05-2024 23:25,2024-05-16 23:25:00,2024,5,16,23,137,24.2
Shivajinagar AWS,18.5308,73.8474,16-05-2024 23:30,2024-05-16 23:30:00,2024,5,16,23,137,24.1
Shivajinagar AWS,18.5308,73.8474,16-05-2024 23:35,2024-05-16 23:35:00,2024,5,16,23,137,24.0
Shivajinagar AWS,18.5308,73.8474,16-05-2024 23:40,2024-05-16 23:40:00,2024,5,16,23,137,23.9
Shivajinagar AWS,18.5308,73.8474,16-05-2024 23:45,2024-05-16 23:45:00,2024,5,16,23,137,23.7
Shivajinagar AWS,18.5308,73.8474,16-05-2024 23:50,2024-05-16 23:50:00,2024,5,16,23,137,23.4
Shivajinagar AWS,18.5308,73.8474,16-05-2024 23:55,2024-05-16 23:55:00,2024,5,16,23,137,23.3
Shivajinagar AWS,18.5308,73.8474,17-05-2024 00:00,2024-05-17 00:00:00,2024,5,17,0,138,23.1
Shivajinagar AWS,18.5308,73.8474,17-05-2024 00:05,2024-05-17 00:05:00,2024,5,17,0,138,23.1
Shivajinagar AWS,18.5308,73.8474,17-05-2024 00:10,2024-05-17 00:10:00,2024,5,17,0,138,23.0
Shivajinagar AWS,18.5308,73.8474,17-05-2024 00:15,2024-05-17 00:15:00,2024,5,17,0,138,23.0
Shivajinagar AWS,18.5308,73.8474,17-05-2024 00:20,2024-05-17 00:20:00,2024,5,17,0,138,23.1
Shivajinagar AWS,18.5308,73.8474,17-05-2024 00:25,2024-05-17 00:25:00,2024,5,17,0,138,23.0
Shivajinagar AWS,18.5308,73.8474,17-05-2024 00:30,2024-05-17 00:30:00,2024,5,17,0,138,23.1
Shivajinagar AWS,18.5308,73.8474,17-05-2024 00:35,2024-05-17 00:35:00,2024,5,17,0,138,23.3
Shivajinagar AWS,18.5308,73.8474,17-05-2024 00:40,2024-05-17 00:40:00,2024,5,17,0,138,23.4
Shivajinagar AWS,18.5308,73.8474,17-05-2024 00:45,2024-05-17 00:45:00,2024,5,17,0,138,23.4
Shivajinagar AWS,18.5308,73.8474,17-05-2024 00:50,2024-05-17 00:50:00,2024,5,17,0,138,23.3
Shivajinagar AWS,18.5308,73.8474,17-05-2024 00:55,2024-05-17 00:55:00,2024,5,17,0,138,23.2
Shivajinagar AWS,18.5308,73.8474,17-05-2024 01:00,2024-05-17 01:00:00,2024,5,17,1,138,22.9
Shivajinagar AWS,18.5308,73.8474,17-05-2024 01:05,2024-05-17 01:05:00,2024,5,17,1,138,22.9
Shivajinagar AWS,18.5308,73.8474,17-05-2024 01:10,2024-05-17 01:10:00,2024,5,17,1,138,22.8
Shivajinagar AWS,18.5308,73.8474,17-05-2024 01:15,2024-05-17 01:15:00,2024,5,17,1,138,22.7
Shivajinagar AWS,18.5308,73.8474,17-05-2024 01:20,2024-05-17 01:20:00,2024,5,17,1,138,22.8
Shivajinagar AWS,18.5308,73.8474,17-05-2024 01:25,2024-05-17 01:25:00,2024,5,17,1,138,22.5
Shivajinagar AWS,18.5308,73.8474,17-05-2024 01:30,2024-05-17 01:30:00,2024,5,17,1,138,22.7
Shivajinagar AWS,18.5308,73.8474,17-05-2024 01:35,2024-05-17 01:35:00,2024,5,17,1,138,22.8
Shivajinagar AWS,18.5308,73.8474,17-05-2024 01:40,2024-05-17 01:40:00,2024,5,17,1,138,22.7
Shivajinagar AWS,18.5308,73.8474,17-05-2024 01:45,2024-05-17 01:45:00,2024,5,17,1,138,22.6
Shivajinagar AWS,18.5308,73.8474,17-05-2024 01:50,2024-05-17 01:50:00,2024,5,17,1,138,22.6
Shivajinagar AWS,18.5308,73.8474,17-05-2024 01:55,2024-05-17 01:55:00,2024,5,17,1,138,22.8
Shivajinagar AWS,18.5308,73.8474,17-05-2024 02:00,2024-05-17 02:00:00,2024,5,17,2,138,22.7
Shivajinagar AWS,18.5308,73.8474,17-05-2024 02:05,2024-05-17 02:05:00,2024,5,17,2,138,22.7
Shivajinagar AWS,18.5308,73.8474,17-05-2024 02:10,2024-05-17 02:10:00,2024,5,17,2,138,22.6
Shivajinagar AWS,18.5308,73.8474,17-05-2024 02:15,2024-05-17 02:15:00,2024,5,17,2,138,22.8
Shivajinagar AWS,18.5308,73.8474,17-05-2024 02:20,2024-05-17 02:20:00,2024,5,17,2,138,22.7
Shivajinagar AWS,18.5308,73.8474,17-05-2024 02:25,2024-05-17 02:25:00,2024,5,17,2,138,22.6
Shivajinagar AWS,18.5308,73.8474,17-05-2024 02:30,2024-05-17 02:30:00,2024,5,17,2,138,22.8
Shivajinagar AWS,18.5308,73.8474,17-05-2024 02:35,2024-05-17 02:35:00,2024,5,17,2,138,22.8
Shivajinagar AWS,18.5308,73.8474,17-05-2024 02:40,2024-05-17 02:40:00,2024,5,17,2,138,22.9
Shivajinagar AWS,18.5308,73.8474,17-05-2024 02:45,2024-05-17 02:45:00,2024,5,17,2,138,22.7
Shivajinagar AWS,18.5308,73.8474,17-05-2024 02:50,2024-05-17 02:50:00,2024,5,17,2,138,22.6
Shivajinagar AWS,18.5308,73.8474,17-05-2024 02:55,2024-05-17 02:55:00,2024,5,17,2,138,22.8
Shivajinagar AWS,18.5308,73.8474,17-05-2024 03:00,2024-05-17 03:00:00,2024,5,17,3,138,22.7
Shivajinagar AWS,18.5308,73.8474,17-05-2024 03:05,2024-05-17 03:05:00,2024,5,17,3,138,22.6
Shivajinagar AWS,18.5308,73.8474,17-05-2024 03:10,2024-05-17 03:10:00,2024,5,17,3,138,22.7
Shivajinagar AWS,18.5308,73.8474,17-05-2024 03:15,2024-05-17 03:15:00,2024,5,17,3,138,22.5
Shivajinagar AWS,18.5308,73.8474,17-05-2024 03:20,2024-05-17 03:20:00,2024,5,17,3,138,22.4
Shivajinagar AWS,18.5308,73.8474,17-05-2024 03:25,2024-05-17 03:25:00,2024,5,17,3,138,22.5
Shivajinagar AWS,18.5308,73.8474,17-05-2024 03:30,2024-05-17 03:30:00,2024,5,17,3,138,22.5
Shivajinagar AWS,18.5308,73.8474,17-05-2024 03:35,2024-05-17 03:35:00,2024,5,17,3,138,22.7
Shivajinagar AWS,18.5308,73.8474,17-05-2024 03:40,2024-05-17 03:40:00,2024,5,17,3,138,22.9
Shivajinagar AWS,18.5308,73.8474,17-05-2024 03:45,2024-05-17 03:45:00,2024,5,17,3,138,22.8
Shivajinagar AWS,18.5308,73.8474,17-05-2024 03:50,2024-05-17 03:50:00,2024,5,17,3,138,22.8
Shivajinagar AWS,18.5308,73.8474,17-05-2024 03:55,2024-05-17 03:55:00,2024,5,17,3,138,23.0
Shivajinagar AWS,18.5308,73.8474,17-05-2024 04:00,2024-05-17 04:00:00,2024,5,17,4,138,23.2
Shivajinagar AWS,18.5308,73.8474,17-05-2024 04:05,2024-05-17 04:05:00,2024,5,17,4,138,23.3
Shivajinagar AWS,18.5308,73.8474,17-05-2024 04:10,2024-05-17 04:10:00,2024,5,17,4,138,23.4
Shivajinagar AWS,18.5308,73.8474,17-05-2024 04:15,2024-05-17 04:15:00,2024,5,17,4,138,23.5
Shivajinagar AWS,18.5308,73.8474,17-05-2024 04:20,2024-05-17 04:20:00,2024,5,17,4,138,23.6
Shivajinagar AWS,18.5308,73.8474,17-05-2024 04:25,2024-05-17 04:25:00,2024,5,17,4,138,23.5
Shivajinagar AWS,18.5308,73.8474,17-05-2024 04:30,2024-05-17 04:30:00,2024,5,17,4,138,23.5
Shivajinagar AWS,18.5308,73.8474,17-05-2024 04:35,2024-05-17 04:35:00,2024,5,17,4,138,23.8
Shivajinagar AWS,18.5308,73.8474,17-05-2024 04:40,2024-05-17 04:40:00,2024,5,17,4,138,23.8
Shivajinagar AWS,18.5308,73.8474,17-05-2024 04:45,2024-05-17 04:45:00,2024,5,17,4,138,23.9
Shivajinagar AWS,18.5308,73.8474,17-05-2024 04:50,2024-05-17 04:50:00,2024,5,17,4,138,23.9
Shivajinagar AWS,18.5308,73.8474,17-05-2024 04:55,2024-05-17 04:55:00,2024,5,17,4,138,23.6
Shivajinagar AWS,18.5308,73.8474,17-05-2024 05:00,2024-05-17 05:00:00,2024,5,17,5,138,23.6
Shivajinagar AWS,18.5308,73.8474,17-05-2024 05:05,2024-05-17 05:05:00,2024,5,17,5,138,23.7
Shivajinagar AWS,18.5308,73.8474,17-05-2024 05:10,2024-05-17 05:10:00,2024,5,17,5,138,23.7
Shivajinagar AWS,18.5308,73.8474,17-05-2024 05:15,2024-05-17 05:15:00,2024,5,17,5,138,23.6
Shivajinagar AWS,18.5308,73.8474,17-05-2024 05:20,2024-05-17 05:20:00,2024,5,17,5,138,23.6
Shivajinagar AWS,18.5308,73.8474,17-05-2024 05:25,2024-05-17 05:25:00,2024,5,17,5,138,23.8
Shivajinagar AWS,18.5308,73.8474,17-05-2024 05:30,2024-05-17 05:30:00,2024,5,17,5,138,24.2
Shivajinagar AWS,18.5308,73.8474,17-05-2024 05:35,2024-05-17 05:35:00,2024,5,17,5,138,24.5
Shivajinagar AWS,18.5308,73.8474,17-05-2024 05:40,2024-05-17 05:40:00,2024,5,17,5,138,24.4
Shivajinagar AWS,18.5308,73.8474,17-05-2024 05:45,2024-05-17 05:45:00,2024,5,17,5,138,24.6
Shivajinagar AWS,18.5308,73.8474,17-05-2024 05:50,2024-05-17 05:50:00,2024,5,17,5,138,24.6
Shivajinagar AWS,18.5308,73.8474,17-05-2024 05:55,2024-05-17 05:55:00,2024,5,17,5,138,24.6
Shivajinagar AWS,18.5308,73.8474,17-05-2024 06:00,2024-05-17 06:00:00,2024,5,17,6,138,24.7
Shivajinagar AWS,18.5308,73.8474,17-05-2024 06:05,2024-05-17 06:05:00,2024,5,17,6,138,24.9
Shivajinagar AWS,18.5308,73.8474,17-05-2024 06:10,2024-05-17 06:10:00,2024,5,17,6,138,25.1
Shivajinagar AWS,18.5308,73.8474,17-05-2024 06:15,2024-05-17 06:15:00,2024,5,17,6,138,25.2
Shivajinagar AWS,18.5308,73.8474,17-05-2024 06:20,2024-05-17 06:20:00,2024,5,17,6,138,25.3
Shivajinagar AWS,18.5308,73.8474,17-05-2024 06:25,2024-05-17 06:25:00,2024,5,17,6,138,25.5
Shivajinagar AWS,18.5308,73.8474,17-05-2024 06:30,2024-05-17 06:30:00,2024,5,17,6,138,25.7
Shivajinagar AWS,18.5308,73.8474,17-05-2024 06:35,2024-05-17 06:35:00,2024,5,17,6,138,26.0
Shivajinagar AWS,18.5308,73.8474,17-05-2024 06:40,2024-05-17 06:40:00,2024,5,17,6,138,25.9
Shivajinagar AWS,18.5308,73.8474,17-05-2024 06:45,2024-05-17 06:45:00,2024,5,17,6,138,26.0
Shivajinagar AWS,18.5308,73.8474,17-05-2024 06:50,2024-05-17 06:50:00,2024,5,17,6,138,26.0
Shivajinagar AWS,18.5308,73.8474,17-05-2024 06:55,2024-05-17 06:55:00,2024,5,17,6,138,26.1
Shivajinagar AWS,18.5308,73.8474,17-05-2024 07:00,2024-05-17 07:00:00,2024,5,17,7,138,26.2
Shivajinagar AWS,18.5308,73.8474,17-05-2024 07:05,2024-05-17 07:05:00,2024,5,17,7,138,26.4
Shivajinagar AWS,18.5308,73.8474,17-05-2024 07:10,2024-05-17 07:10:00,2024,5,17,7,138,26.4
Shivajinagar AWS,18.5308,73.8474,17-05-2024 07:15,2024-05-17 07:15:00,2024,5,17,7,138,26.3
Shivajinagar AWS,18.5308,73.8474,17-05-2024 07:20,2024-05-17 07:20:00,2024,5,17,7,138,26.1
Shivajinagar AWS,18.5308,73.8474,17-05-2024 07:25,2024-05-17 07:25:00,2024,5,17,7,138,26.3
Shivajinagar AWS,18.5308,73.8474,17-05-2024 07:30,2024-05-17 07:30:00,2024,5,17,7,138,26.4
Shivajinagar AWS,18.5308,73.8474,17-05-2024 07:35,2024-05-17 07:35:00,2024,5,17,7,138,26.5
Shivajinagar AWS,18.5308,73.8474,17-05-2024 07:40,2024-05-17 07:40:00,2024,5,17,7,138,26.9
Shivajinagar AWS,18.5308,73.8474,17-05-2024 07:45,2024-05-17 07:45:00,2024,5,17,7,138,26.9
Shivajinagar AWS,18.5308,73.8474,17-05-2024 07:50,2024-05-17 07:50:00,2024,5,17,7,138,27.3
Shivajinagar AWS,18.5308,73.8474,17-05-2024 07:55,2024-05-17 07:55:00,2024,5,17,7,138,27.7
Shivajinagar AWS,18.5308,73.8474,17-05-2024 08:00,2024-05-17 08:00:00,2024,5,17,8,138,27.6
Shivajinagar AWS,18.5308,73.8474,17-05-2024 08:05,2024-05-17 08:05:00,2024,5,17,8,138,27.8
Shivajinagar AWS,18.5308,73.8474,17-05-2024 08:10,2024-05-17 08:10:00,2024,5,17,8,138,27.9
Shivajinagar AWS,18.5308,73.8474,17-05-2024 08:15,2024-05-17 08:15:00,2024,5,17,8,138,27.6
Shivajinagar AWS,18.5308,73.8474,17-05-2024 08:20,2024-05-17 08:20:00,2024,5,17,8,138,27.6
Shivajinagar AWS,18.5308,73.8474,17-05-2024 08:25,2024-05-17 08:25:00,2024,5,17,8,138,27.9
Shivajinagar AWS,18.5308,73.8474,17-05-2024 08:30,2024-05-17 08:30:00,2024,5,17,8,138,28.4
Shivajinagar AWS,18.5308,73.8474,17-05-2024 08:35,2024-05-17 08:35:00,2024,5,17,8,138,28.7
Shivajinagar AWS,18.5308,73.8474,17-05-2024 08:40,2024-05-17 08:40:00,2024,5,17,8,138,28.9
Shivajinagar AWS,18.5308,73.8474,17-05-2024 08:45,2024-05-17 08:45:00,2024,5,17,8,138,29.1
Shivajinagar AWS,18.5308,73.8474,17-05-2024 08:50,2024-05-17 08:50:00,2024,5,17,8,138,29.5
Shivajinagar AWS,18.5308,73.8474,17-05-2024 08:55,2024-05-17 08:55:00,2024,5,17,8,138,30.0
Shivajinagar AWS,18.5308,73.8474,17-05-2024 09:00,2024-05-17 09:00:00,2024,5,17,9,138,30.0
Shivajinagar AWS,18.5308,73.8474,17-05-2024 09:05,2024-05-17 09:05:00,2024,5,17,9,138,29.9
Shivajinagar AWS,18.5308,73.8474,17-05-2024 09:10,2024-05-17 09:10:00,2024,5,17,9,138,29.7
Shivajinagar AWS,18.5308,73.8474,17-05-2024 09:15,2024-05-17 09:15:00,2024,5,17,9,138,30.1
Shivajinagar AWS,18.5308,73.8474,17-05-2024 09:20,2024-05-17 09:20:00,2024,5,17,9,138,30.2
Shivajinagar AWS,18.5308,73.8474,17-05-2024 09:25,2024-05-17 09:25:00,2024,5,17,9,138,30.4
Shivajinagar AWS,18.5308,73.8474,17-05-2024 09:30,2024-05-17 09:30:00,2024,5,17,9,138,30.3
Shivajinagar AWS,18.5308,73.8474,17-05-2024 09:35,2024-05-17 09:35:00,2024,5,17,9,138,30.4
Shivajinagar AWS,18.5308,73.8474,17-05-2024 09:40,2024-05-17 09:40:00,2024,5,17,9,138,30.5
Shivajinagar AWS,18.5308,73.8474,17-05-2024 09:45,2024-05-17 09:45:00,2024,5,17,9,138,30.7
Shivajinagar AWS,18.5308,73.8474,17-05-2024 09:50,2024-05-17 09:50:00,2024,5,17,9,138,30.8
Shivajinagar AWS,18.5308,73.8474,17-05-2024 09:55,2024-05-17 09:55:00,2024,5,17,9,138,30.8
Shivajinagar AWS,18.5308,73.8474,17-05-2024 10:00,2024-05-17 10:00:00,2024,5,17,10,138,30.9
Shivajinagar AWS,18.5308,73.8474,17-05-2024 10:05,2024-05-17 10:05:00,2024,5,17,10,138,31.3
Shivajinagar AWS,18.5308,73.8474,17-05-2024 10:10,2024-05-17 10:10:00,2024,5,17,10,138,31.5
Shivajinagar AWS,18.5308,73.8474,17-05-2024 10:15,2024-05-17 10:15:00,2024,5,17,10,138,31.7
Shivajinagar AWS,18.5308,73.8474,17-05-2024 10:20,2024-05-17 10:20:00,2024,5,17,10,138,31.7
Shivajinagar AWS,18.5308,73.8474,17-05-2024 10:25,2024-05-17 10:25:00,2024,5,17,10,138,31.5
Shivajinagar AWS,18.5308,73.8474,17-05-2024 10:30,2024-05-17 10:30:00,2024,5,17,10,138,31.6
Shivajinagar AWS,18.5308,73.8474,17-05-2024 10:35,2024-05-17 10:35:00,2024,5,17,10,138,31.6
Shivajinagar AWS,18.5308,73.8474,17-05-2024 10:40,2024-05-17 10:40:00,2024,5,17,10,138,31.8
Shivajinagar AWS,18.5308,73.8474,17-05-2024 10:45,2024-05-17 10:45:00,2024,5,17,10,138,32.5
Shivajinagar AWS,18.5308,73.8474,17-05-2024 10:50,2024-05-17 10:50:00,2024,5,17,10,138,32.8
Shivajinagar AWS,18.5308,73.8474,17-05-2024 10:55,2024-05-17 10:55:00,2024,5,17,10,138,33.3
Shivajinagar AWS,18.5308,73.8474,17-05-2024 11:00,2024-05-17 11:00:00,2024,5,17,11,138,33.5
Shivajinagar AWS,18.5308,73.8474,17-05-2024 11:05,2024-05-17 11:05:00,2024,5,17,11,138,33.5
Shivajinagar AWS,18.5308,73.8474,17-05-2024 11:10,2024-05-17 11:10:00,2024,5,17,11,138,33.7
Shivajinagar AWS,18.5308,73.8474,17-05-2024 11:15,2024-05-17 11:15:00,2024,5,17,11,138,34.1
Shivajinagar AWS,18.5308,73.8474,17-05-2024 11:20,2024-05-17 11:20:00,2024,5,17,11,138,34.4
Shivajinagar AWS,18.5308,73.8474,17-05-2024 11:25,2024-05-17 11:25:00,2024,5,17,11,138,34.4
Shivajinagar AWS,18.5308,73.8474,17-05-2024 11:30,2024-05-17 11:30:00,2024,5,17,11,138,34.6
Shivajinagar AWS,18.5308,73.8474,17-05-2024 11:35,2024-05-17 11:35:00,2024,5,17,11,138,34.4
Shivajinagar AWS,18.5308,73.8474,17-05-2024 11:40,2024-05-17 11:40:00,2024,5,17,11,138,34.6
Shivajinagar AWS,18.5308,73.8474,17-05-2024 11:45,2024-05-17 11:45:00,2024,5,17,11,138,35.0
Shivajinagar AWS,18.5308,73.8474,17-05-2024 11:50,2024-05-17 11:50:00,2024,5,17,11,138,35.0
Shivajinagar AWS,18.5308,73.8474,17-05-2024 11:55,2024-05-17 11:55:00,2024,5,17,11,138,35.0
Shivajinagar AWS,18.5308,73.8474,17-05-2024 12:00,2024-05-17 12:00:00,2024,5,17,12,138,35.1
Shivajinagar AWS,18.5308,73.8474,17-05-2024 12:05,2024-05-17 12:05:00,2024,5,17,12,138,35.3
Shivajinagar AWS,18.5308,73.8474,17-05-2024 12:10,2024-05-17 12:10:00,2024,5,17,12,138,35.3
Shivajinagar AWS,18.5308,73.8474,17-05-2024 12:15,2024-05-17 12:15:00,2024,5,17,12,138,35.4
Shivajinagar AWS,18.5308,73.8474,17-05-2024 12:20,2024-05-17 12:20:00,2024,5,17,12,138,35.5
Shivajinagar AWS,18.5308,73.8474,17-05-2024 12:25,2024-05-17 12:25:00,2024,5,17,12,138,35.7
Shivajinagar AWS,18.5308,73.8474,17-05-2024 12:30,2024-05-17 12:30:00,2024,5,17,12,138,35.8
Shivajinagar AWS,18.5308,73.8474,17-05-2024 12:35,2024-05-17 12:35:00,2024,5,17,12,138,35.7
Shivajinagar AWS,18.5308,73.8474,17-05-2024 12:40,2024-05-17 12:40:00,2024,5,17,12,138,35.6
Shivajinagar AWS,18.5308,73.8474,17-05-2024 12:45,2024-05-17 12:45:00,2024,5,17,12,138,35.7
Shivajinagar AWS,18.5308,73.8474,17-05-2024 12:50,2024-05-17 12:50:00,2024,5,17,12,138,35.8
Shivajinagar AWS,18.5308,73.8474,17-05-2024 12:55,2024-05-17 12:55:00,2024,5,17,12,138,35.9
Shivajinagar AWS,18.5308,73.8474,17-05-2024 13:00,2024-05-17 13:00:00,2024,5,17,13,138,35.8
Shivajinagar AWS,18.5308,73.8474,17-05-2024 13:05,2024-05-17 13:05:00,2024,5,17,13,138,35.9
Shivajinagar AWS,18.5308,73.8474,17-05-2024 13:10,2024-05-17 13:10:00,2024,5,17,13,138,35.9
Shivajinagar AWS,18.5308,73.8474,17-05-2024 13:15,2024-05-17 13:15:00,2024,5,17,13,138,36.1
Shivajinagar AWS,18.5308,73.8474,17-05-2024 13:20,2024-05-17 13:20:00,2024,5,17,13,138,36.2
Shivajinagar AWS,18.5308,73.8474,17-05-2024 13:25,2024-05-17 13:25:00,2024,5,17,13,138,36.2
Shivajinagar AWS,18.5308,73.8474,17-05-2024 13:30,2024-05-17 13:30:00,2024,5,17,13,138,36.2
Shivajinagar AWS,18.5308,73.8474,17-05-2024 13:35,2024-05-17 13:35:00,2024,5,17,13,138,36.5
Shivajinagar AWS,18.5308,73.8474,17-05-2024 13:40,2024-05-17 13:40:00,2024,5,17,13,138,36.4
Shivajinagar AWS,18.5308,73.8474,17-05-2024 13:45,2024-05-17 13:45:00,2024,5,17,13,138,36.5
Shivajinagar AWS,18.5308,73.8474,17-05-2024 13:50,2024-05-17 13:50:00,2024,5,17,13,138,36.5
Shivajinagar AWS,18.5308,73.8474,17-05-2024 13:55,2024-05-17 13:55:00,2024,5,17,13,138,36.6
Shivajinagar AWS,18.5308,73.8474,17-05-2024 14:00,2024-05-17 14:00:00,2024,5,17,14,138,36.5
Shivajinagar AWS,18.5308,73.8474,17-05-2024 14:05,2024-05-17 14:05:00,2024,5,17,14,138,36.5
Shivajinagar AWS,18.5308,73.8474,17-05-2024 14:10,2024-05-17 14:10:00,2024,5,17,14,138,36.7
Shivajinagar AWS,18.5308,73.8474,17-05-2024 14:15,2024-05-17 14:15:00,2024,5,17,14,138,36.5
Shivajinagar AWS,18.5308,73.8474,17-05-2024 14:20,2024-05-17 14:20:00,2024,5,17,14,138,36.3
Shivajinagar AWS,18.5308,73.8474,17-05-2024 14:25,2024-05-17 14:25:00,2024,5,17,14,138,36.1
Shivajinagar AWS,18.5308,73.8474,17-05-2024 14:30,2024-05-17 14:30:00,2024,5,17,14,138,36.0
Shivajinagar AWS,18.5308,73.8474,17-05-2024 14:35,2024-05-17 14:35:00,2024,5,17,14,138,36.1
Shivajinagar AWS,18.5308,73.8474,17-05-2024 14:40,2024-05-17 14:40:00,2024,5,17,14,138,35.9
Shivajinagar AWS,18.5308,73.8474,17-05-2024 14:45,2024-05-17 14:45:00,2024,5,17,14,138,35.8
Shivajinagar AWS,18.5308,73.8474,17-05-2024 14:50,2024-05-17 14:50:00,2024,5,17,14,138,35.9
Shivajinagar AWS,18.5308,73.8474,17-05-2024 14:55,2024-05-17 14:55:00,2024,5,17,14,138,36.0
Shivajinagar AWS,18.5308,73.8474,17-05-2024 15:00,2024-05-17 15:00:00,2024,5,17,15,138,36.0
Shivajinagar AWS,18.5308,73.8474,17-05-2024 15:05,2024-05-17 15:05:00,2024,5,17,15,138,36.0
Shivajinagar AWS,18.5308,73.8474,17-05-2024 15:10,2024-05-17 15:10:00,2024,5,17,15,138,36.0
Shivajinagar AWS,18.5308,73.8474,17-05-2024 15:15,2024-05-17 15:15:00,2024,5,17,15,138,35.9
Shivajinagar AWS,18.5308,73.8474,17-05-2024 15:20,2024-05-17 15:20:00,2024,5,17,15,138,35.9
Shivajinagar AWS,18.5308,73.8474,17-05-2024 15:25,2024-05-17 15:25:00,2024,5,17,15,138,36.2
Shivajinagar AWS,18.5308,73.8474,17-05-2024 15:30,2024-05-17 15:30:00,2024,5,17,15,138,36.3
Shivajinagar AWS,18.5308,73.8474,17-05-2024 15:35,2024-05-17 15:35:00,2024,5,17,15,138,36.6
Shivajinagar AWS,18.5308,73.8474,17-05-2024 15:40,2024-05-17 15:40:00,2024,5,17,15,138,36.5
Shivajinagar AWS,18.5308,73.8474,17-05-2024 15:45,2024-05-17 15:45:00,2024,5,17,15,138,36.4
Shivajinagar AWS,18.5308,73.8474,17-05-2024 15:50,2024-05-17 15:50:00,2024,5,17,15,138,36.1
Shivajinagar AWS,18.5308,73.8474,17-05-2024 15:55,2024-05-17 15:55:00,2024,5,17,15,138,36.0
Shivajinagar AWS,18.5308,73.8474,17-05-2024 16:00,2024-05-17 16:00:00,2024,5,17,16,138,36.2
Shivajinagar AWS,18.5308,73.8474,17-05-2024 16:05,2024-05-17 16:05:00,2024,5,17,16,138,36.1
Shivajinagar AWS,18.5308,73.8474,17-05-2024 16:10,2024-05-17 16:10:00,2024,5,17,16,138,36.3
Shivajinagar AWS,18.5308,73.8474,17-05-2024 16:15,2024-05-17 16:15:00,2024,5,17,16,138,36.0
Shivajinagar AWS,18.5308,73.8474,17-05-2024 16:20,2024-05-17 16:20:00,2024,5,17,16,138,35.8
Shivajinagar AWS,18.5308,73.8474,17-05-2024 16:25,2024-05-17 16:25:00,2024,5,17,16,138,35.6
Shivajinagar AWS,18.5308,73.8474,17-05-2024 16:30,2024-05-17 16:30:00,2024,5,17,16,138,35.6
Shivajinagar AWS,18.5308,73.8474,17-05-2024 16:35,2024-05-17 16:35:00,2024,5,17,16,138,35.6
Shivajinagar AWS,18.5308,73.8474,17-05-2024 16:40,2024-05-17 16:40:00,2024,5,17,16,138,35.6
Shivajinagar AWS,18.5308,73.8474,17-05-2024 16:45,2024-05-17 16:45:00,2024,5,17,16,138,35.5
Shivajinagar AWS,18.5308,73.8474,17-05-2024 16:50,2024-05-17 16:50:00,2024,5,17,16,138,35.3
Shivajinagar AWS,18.5308,73.8474,17-05-2024 16:55,2024-05-17 16:55:00,2024,5,17,16,138,35.2
Shivajinagar AWS,18.5308,73.8474,17-05-2024 17:00,2024-05-17 17:00:00,2024,5,17,17,138,35.0
Shivajinagar AWS,18.5308,73.8474,17-05-2024 17:05,2024-05-17 17:05:00,2024,5,17,17,138,34.8
Shivajinagar AWS,18.5308,73.8474,17-05-2024 17:10,2024-05-17 17:10:00,2024,5,17,17,138,34.8
Shivajinagar AWS,18.5308,73.8474,17-05-2024 17:15,2024-05-17 17:15:00,2024,5,17,17,138,34.5
Shivajinagar AWS,18.5308,73.8474,17-05-2024 17:20,2024-05-17 17:20:00,2024,5,17,17,138,34.6
Shivajinagar AWS,18.5308,73.8474,17-05-2024 17:25,2024-05-17 17:25:00,2024,5,17,17,138,34.5
Shivajinagar AWS,18.5308,73.8474,17-05-2024 17:30,2024-05-17 17:30:00,2024,5,17,17,138,34.3
Shivajinagar AWS,18.5308,73.8474,17-05-2024 17:35,2024-05-17 17:35:00,2024,5,17,17,138,34.3
Shivajinagar AWS,18.5308,73.8474,17-05-2024 17:40,2024-05-17 17:40:00,2024,5,17,17,138,34.4
Shivajinagar AWS,18.5308,73.8474,17-05-2024 17:45,2024-05-17 17:45:00,2024,5,17,17,138,34.5
Shivajinagar AWS,18.5308,73.8474,17-05-2024 17:50,2024-05-17 17:50:00,2024,5,17,17,138,34.4
Shivajinagar AWS,18.5308,73.8474,17-05-2024 17:55,2024-05-17 17:55:00,2024,5,17,17,138,34.5
Shivajinagar AWS,18.5308,73.8474,17-05-2024 18:00,2024-05-17 18:00:00,2024,5,17,18,138,34.1
Shivajinagar AWS,18.5308,73.8474,17-05-2024 18:05,2024-05-17 18:05:00,2024,5,17,18,138,33.9
Shivajinagar AWS,18.5308,73.8474,17-05-2024 18:10,2024-05-17 18:10:00,2024,5,17,18,138,33.6
Shivajinagar AWS,18.5308,73.8474,17-05-2024 18:15,2024-05-17 18:15:00,2024,5,17,18,138,33.7
Shivajinagar AWS,18.5308,73.8474,17-05-2024 18:20,2024-05-17 18:20:00,2024,5,17,18,138,33.5
Shivajinagar AWS,18.5308,73.8474,17-05-2024 18:25,2024-05-17 18:25:00,2024,5,17,18,138,33.5
Shivajinagar AWS,18.5308,73.8474,17-05-2024 18:30,2024-05-17 18:30:00,2024,5,17,18,138,33.4
Shivajinagar AWS,18.5308,73.8474,17-05-2024 18:35,2024-05-17 18:35:00,2024,5,17,18,138,33.1
Shivajinagar AWS,18.5308,73.8474,17-05-2024 18:40,2024-05-17 18:40:00,2024,5,17,18,138,32.9
Shivajinagar AWS,18.5308,73.8474,17-05-2024 18:45,2024-05-17 18:45:00,2024,5,17,18,138,33.0
Shivajinagar AWS,18.5308,73.8474,17-05-2024 18:50,2024-05-17 18:50:00,2024,5,17,18,138,32.7
Shivajinagar AWS,18.5308,73.8474,17-05-2024 18:55,2024-05-17 18:55:00,2024,5,17,18,138,32.6
Shivajinagar AWS,18.5308,73.8474,17-05-2024 19:00,2024-05-17 19:00:00,2024,5,17,19,138,32.4
Shivajinagar AWS,18.5308,73.8474,17-05-2024 19:05,2024-05-17 19:05:00,2024,5,17,19,138,32.2
Shivajinagar AWS,18.5308,73.8474,17-05-2024 19:10,2024-05-17 19:10:00,2024,5,17,19,138,32.0
Shivajinagar AWS,18.5308,73.8474,17-05-2024 19:15,2024-05-17 19:15:00,2024,5,17,19,138,31.8
Shivajinagar AWS,18.5308,73.8474,17-05-2024 19:20,2024-05-17 19:20:00,2024,5,17,19,138,31.5
Shivajinagar AWS,18.5308,73.8474,17-05-2024 19:25,2024-05-17 19:25:00,2024,5,17,19,138,31.4
Shivajinagar AWS,18.5308,73.8474,17-05-2024 19:30,2024-05-17 19:30:00,2024,5,17,19,138,31.2
Shivajinagar AWS,18.5308,73.8474,17-05-2024 19:35,2024-05-17 19:35:00,2024,5,17,19,138,30.9
Shivajinagar AWS,18.5308,73.8474,17-05-2024 19:40,2024-05-17 19:40:00,2024,5,17,19,138,30.7
Shivajinagar AWS,18.5308,73.8474,17-05-2024 19:45,2024-05-17 19:45:00,2024,5,17,19,138,30.5
Shivajinagar AWS,18.5308,73.8474,17-05-2024 19:50,2024-05-17 19:50:00,2024,5,17,19,138,30.6
Shivajinagar AWS,18.5308,73.8474,17-05-2024 19:55,2024-05-17 19:55:00,2024,5,17,19,138,30.7
Shivajinagar AWS,18.5308,73.8474,17-05-2024 20:00,2024-05-17 20:00:00,2024,5,17,20,138,30.4
Shivajinagar AWS,18.5308,73.8474,17-05-2024 20:05,2024-05-17 20:05:00,2024,5,17,20,138,30.6
Shivajinagar AWS,18.5308,73.8474,17-05-2024 20:10,2024-05-17 20:10:00,2024,5,17,20,138,30.3
Shivajinagar AWS,18.5308,73.8474,17-05-2024 20:15,2024-05-17 20:15:00,2024,5,17,20,138,30.3
Shivajinagar AWS,18.5308,73.8474,17-05-2024 20:20,2024-05-17 20:20:00,2024,5,17,20,138,30.1
Shivajinagar AWS,18.5308,73.8474,17-05-2024 20:25,2024-05-17 20:25:00,2024,5,17,20,138,29.8
Shivajinagar AWS,18.5308,73.8474,17-05-2024 20:30,2024-05-17 20:30:00,2024,5,17,20,138,29.6
Shivajinagar AWS,18.5308,73.8474,17-05-2024 20:35,2024-05-17 20:35:00,2024,5,17,20,138,29.4
Shivajinagar AWS,18.5308,73.8474,17-05-2024 20:40,2024-05-17 20:40:00,2024,5,17,20,138,29.4
Shivajinagar AWS,18.5308,73.8474,17-05-2024 20:45,2024-05-17 20:45:00,2024,5,17,20,138,29.4
Shivajinagar AWS,18.5308,73.8474,17-05-2024 20:50,2024-05-17 20:50:00,2024,5,17,20,138,29.1
Shivajinagar AWS,18.5308,73.8474,17-05-2024 20:55,2024-05-17 20:55:00,2024,5,17,20,138,28.8
Shivajinagar AWS,18.5308,73.8474,17-05-2024 21:00,2024-05-17 21:00:00,2024,5,17,21,138,28.5
Shivajinagar AWS,18.5308,73.8474,17-05-2024 21:05,2024-05-17 21:05:00,2024,5,17,21,138,28.4
Shivajinagar AWS,18.5308,73.8474,17-05-2024 21:10,2024-05-17 21:10:00,2024,5,17,21,138,28.2
Shivajinagar AWS,18.5308,73.8474,17-05-2024 21:15,2024-05-17 21:15:00,2024,5,17,21,138,28.0
Shivajinagar AWS,18.5308,73.8474,17-05-2024 21:20,2024-05-17 21:20:00,2024,5,17,21,138,27.9
Shivajinagar AWS,18.5308,73.8474,17-05-2024 21:25,2024-05-17 21:25:00,2024,5,17,21,138,28.1
Shivajinagar AWS,18.5308,73.8474,17-05-2024 21:30,2024-05-17 21:30:00,2024,5,17,21,138,27.9
Shivajinagar AWS,18.5308,73.8474,17-05-2024 21:35,2024-05-17 21:35:00,2024,5,17,21,138,27.7
Shivajinagar AWS,18.5308,73.8474,17-05-2024 21:40,2024-05-17 21:40:00,2024,5,17,21,138,27.7
Shivajinagar AWS,18.5308,73.8474,17-05-2024 21:45,2024-05-17 21:45:00,2024,5,17,21,138,27.5
Shivajinagar AWS,18.5308,73.8474,17-05-2024 21:50,2024-05-17 21:50:00,2024,5,17,21,138,27.4
Shivajinagar AWS,18.5308,73.8474,17-05-2024 21:55,2024-05-17 21:55:00,2024,5,17,21,138,27.2
Shivajinagar AWS,18.5308,73.8474,17-05-2024 22:00,2024-05-17 22:00:00,2024,5,17,22,138,27.4
Shivajinagar AWS,18.5308,73.8474,17-05-2024 22:05,2024-05-17 22:05:00,2024,5,17,22,138,27.3
Shivajinagar AWS,18.5308,73.8474,17-05-2024 22:10,2024-05-17 22:10:00,2024,5,17,22,138,27.1
Shivajinagar AWS,18.5308,73.8474,17-05-2024 22:15,2024-05-17 22:15:00,2024,5,17,22,138,26.8
Shivajinagar AWS,18.5308,73.8474,17-05-2024 22:20,2024-05-17 22:20:00,2024,5,17,22,138,26.6
Shivajinagar AWS,18.5308,73.8474,17-05-2024 22:25,2024-05-17 22:25:00,2024,5,17,22,138,26.7
Shivajinagar AWS,18.5308,73.8474,17-05-2024 22:30,2024-05-17 22:30:00,2024,5,17,22,138,26.4
Shivajinagar AWS,18.5308,73.8474,17-05-2024 22:35,2024-05-17 22:35:00,2024,5,17,22,138,26.2
Shivajinagar AWS,18.5308,73.8474,17-05-2024 22:40,2024-05-17 22:40:00,2024,5,17,22,138,26.0
Shivajinagar AWS,18.5308,73.8474,17-05-2024 22:45,2024-05-17 22:45:00,2024,5,17,22,138,25.9
Shivajinagar AWS,18.5308,73.8474,17-05-2024 22:50,2024-05-17 22:50:00,2024,5,17,22,138,25.7
Shivajinagar AWS,18.5308,73.8474,17-05-2024 22:55,2024-05-17 22:55:00,2024,5,17,22,138,25.4
Shivajinagar AWS,18.5308,73.8474,17-05-2024 23:00,2024-05-17 23:00:00,2024,5,17,23,138,25.3
Shivajinagar AWS,18.5308,73.8474,17-05-2024 23:05,2024-05-17 23:05:00,2024,5,17,23,138,25.2
Shivajinagar AWS,18.5308,73.8474,17-05-2024 23:10,2024-05-17 23:10:00,2024,5,17,23,138,25.0
Shivajinagar AWS,18.5308,73.8474,17-05-2024 23:15,2024-05-17 23:15:00,2024,5,17,23,138,25.0
Shivajinagar AWS,18.5308,73.8474,17-05-2024 23:20,2024-05-17 23:20:00,2024,5,17,23,138,25.1
Shivajinagar AWS,18.5308,73.8474,17-05-2024 23:25,2024-05-17 23:25:00,2024,5,17,23,138,25.0
Shivajinagar AWS,18.5308,73.8474,17-05-2024 23:30,2024-05-17 23:30:00,2024,5,17,23,138,24.9
Shivajinagar AWS,18.5308,73.8474,17-05-2024 23:35,2024-05-17 23:35:00,2024,5,17,23,138,24.5
Shivajinagar AWS,18.5308,73.8474,17-05-2024 23:40,2024-05-17 23:40:00,2024,5,17,23,138,24.4
Shivajinagar AWS,18.5308,73.8474,17-05-2024 23:45,2024-05-17 23:45:00,2024,5,17,23,138,24.5
Shivajinagar AWS,18.5308,73.8474,17-05-2024 23:50,2024-05-17 23:50:00,2024,5,17,23,138,24.4
Shivajinagar AWS,18.5308,73.8474,17-05-2024 23:55,2024-05-17 23:55:00,2024,5,17,23,138,24.2
Lavale AWS,18.5422,73.7389,11-05-2024 00:00,2024-05-11 00:00:00,2024,5,11,0,132,25.4
Lavale AWS,18.5422,73.7389,11-05-2024 00:05,2024-05-11 00:05:00,2024,5,11,0,132,25.1
Lavale AWS,18.5422,73.7389,11-05-2024 00:10,2024-05-11 00:10:00,2024,5,11,0,132,25.0
Lavale AWS,18.5422,73.7389,11-05-2024 00:15,2024-05-11 00:15:00,2024,5,11,0,132,24.9
Lavale AWS,18.5422,73.7389,11-05-2024 00:20,2024-05-11 00:20:00,2024,5,11,0,132,24.7
Lavale AWS,18.5422,73.7389,11-05-2024 00:25,2024-05-11 00:25:00,2024,5,11,0,132,24.9
Lavale AWS,18.5422,73.7389,11-05-2024 00:30,2024-05-11 00:30:00,2024,5,11,0,132,25.1
Lavale AWS,18.5422,73.7389,11-05-2024 00:35,2024-05-11 00:35:00,2024,5,11,0,132,24.9
Lavale AWS,18.5422,73.7389,11-05-2024 00:40,2024-05-11 00:40:00,2024,5,11,0,132,25.1
Lavale AWS,18.5422,73.7389,11-05-2024 00:45,2024-05-11 00:45:00,2024,5,11,0,132,25.0
Lavale AWS,18.5422,73.7389,11-05-2024 00:50,2024-05-11 00:50:00,2024,5,11,0,132,25.4
Lavale AWS,18.5422,73.7389,11-05-2024 00:55,2024-05-11 00:55:00,2024,5,11,0,132,25.3
Lavale AWS,18.5422,73.7389,11-05-2024 01:00,2024-05-11 01:00:00,2024,5,11,1,132,25.3
Lavale AWS,18.5422,73.7389,11-05-2024 01:05,2024-05-11 01:05:00,2024,5,11,1,132,25.4
Lavale AWS,18.5422,73.7389,11-05-2024 01:10,2024-05-11 01:10:00,2024,5,11,1,132,25.5
Lavale AWS,18.5422,73.7389,11-05-2024 01:15,2024-05-11 01:15:00,2024,5,11,1,132,25.5
Lavale AWS,18.5422,73.7389,11-05-2024 01:20,2024-05-11 01:20:00,2024,5,11,1,132,25.4
Lavale AWS,18.5422,73.7389,11-05-2024 01:25,2024-05-11 01:25:00,2024,5,11,1,132,25.4
Lavale AWS,18.5422,73.7389,11-05-2024 01:30,2024-05-11 01:30:00,2024,5,11,1,132,25.2
Lavale AWS,18.5422,73.7389,11-05-2024 01:35,2024-05-11 01:35:00,2024,5,11,1,132,25.2
Lavale AWS,18.5422,73.7389,11-05-2024 01:40,2024-05-11 01:40:00,2024,5,11,1,132,24.9
Lavale AWS,18.5422,73.7389,11-05-2024 01:45,2024-05-11 01:45:00,2024,5,11,1,132,24.6
Lavale AWS,18.5422,73.7389,11-05-2024 01:50,2024-05-11 01:50:00,2024,5,11,1,132,24.6
Lavale AWS,18.5422,73.7389,11-05-2024 01:55,2024-05-11 01:55:00,2024,5,11,1,132,24.7
Lavale AWS,18.5422,73.7389,11-05-2024 02:00,2024-05-11 02:00:00,2024,5,11,2,132,24.8
Lavale AWS,18.5422,73.7389,11-05-2024 02:05,2024-05-11 02:05:00,2024,5,11,2,132,24.8
Lavale AWS,18.5422,73.7389,11-05-2024 02:10,2024-05-11 02:10:00,2024,5,11,2,132,25.0
Lavale AWS,18.5422,73.7389,11-05-2024 02:15,2024-05-11 02:15:00,2024,5,11,2,132,24.9
Lavale AWS,18.5422,73.7389,11-05-2024 02:20,2024-05-11 02:20:00,2024,5,11,2,132,24.6
Lavale AWS,18.5422,73.7389,11-05-2024 02:25,2024-05-11 02:25:00,2024,5,11,2,132,24.2
Lavale AWS,18.5422,73.7389,11-05-2024 02:30,2024-05-11 02:30:00,2024,5,11,2,132,24.1
Lavale AWS,18.5422,73.7389,11-05-2024 02:35,2024-05-11 02:35:00,2024,5,11,2,132,24.2
Lavale AWS,18.5422,73.7389,11-05-2024 02:40,2024-05-11 02:40:00,2024,5,11,2,132,24.1
Lavale AWS,18.5422,73.7389,11-05-2024 02:45,2024-05-11 02:45:00,2024,5,11,2,132,24.2
Lavale AWS,18.5422,73.7389,11-05-2024 02:50,2024-05-11 02:50:00,2024,5,11,2,132,24.5
Lavale AWS,18.5422,73.7389,11-05-2024 02:55,2024-05-11 02:55:00,2024,5,11,2,132,24.4
Lavale AWS,18.5422,73.7389,11-05-2024 03:00,2024-05-11 03:00:00,2024,5,11,3,132,24.5
Lavale AWS,18.5422,73.7389,11-05-2024 03:05,2024-05-11 03:05:00,2024,5,11,3,132,24.6
Lavale AWS,18.5422,73.7389,11-05-2024 03:10,2024-05-11 03:10:00,2024,5,11,3,132,24.5
Lavale AWS,18.5422,73.7389,11-05-2024 03:15,2024-05-11 03:15:00,2024,5,11,3,132,24.7
Lavale AWS,18.5422,73.7389,11-05-2024 03:20,2024-05-11 03:20:00,2024,5,11,3,132,24.7
Lavale AWS,18.5422,73.7389,11-05-2024 03:25,2024-05-11 03:25:00,2024,5,11,3,132,24.7
Lavale AWS,18.5422,73.7389,11-05-2024 03:30,2024-05-11 03:30:00,2024,5,11,3,132,25.0
Lavale AWS,18.5422,73.7389,11-05-2024 03:35,2024-05-11 03:35:00,2024,5,11,3,132,25.1
Lavale AWS,18.5422,73.7389,11-05-2024 03:40,2024-05-11 03:40:00,2024,5,11,3,132,25.3
Lavale AWS,18.5422,73.7389,11-05-2024 03:45,2024-05-11 03:45:00,2024,5,11,3,132,25.5
Lavale AWS,18.5422,73.7389,11-05-2024 03:50,2024-05-11 03:50:00,2024,5,11,3,132,25.5
Lavale AWS,18.5422,73.7389,11-05-2024 03:55,2024-05-11 03:55:00,2024,5,11,3,132,25.7
Lavale AWS,18.5422,73.7389,11-05-2024 04:00,2024-05-11 04:00:00,2024,5,11,4,132,25.6
Lavale AWS,18.5422,73.7389,11-05-2024 04:05,2024-05-11 04:05:00,2024,5,11,4,132,25.6
Lavale AWS,18.5422,73.7389,11-05-2024 04:10,2024-05-11 04:10:00,2024,5,11,4,132,25.6
Lavale AWS,18.5422,73.7389,11-05-2024 04:15,2024-05-11 04:15:00,2024,5,11,4,132,25.6
Lavale AWS,18.5422,73.7389,11-05-2024 04:20,2024-05-11 04:20:00,2024,5,11,4,132,25.7
Lavale AWS,18.5422,73.7389,11-05-2024 04:25,2024-05-11 04:25:00,2024,5,11,4,132,25.8
Lavale AWS,18.5422,73.7389,11-05-2024 04:30,2024-05-11 04:30:00,2024,5,11,4,132,25.8
Lavale AWS,18.5422,73.7389,11-05-2024 04:35,2024-05-11 04:35:00,2024,5,11,4,132,26.0
Lavale AWS,18.5422,73.7389,11-05-2024 04:40,2024-05-11 04:40:00,2024,5,11,4,132,26.0
Lavale AWS,18.5422,73.7389,11-05-2024 04:45,2024-05-11 04:45:00,2024,5,11,4,132,26.0
Lavale AWS,18.5422,73.7389,11-05-2024 04:50,2024-05-11 04:50:00,2024,5,11,4,132,26.1
Lavale AWS,18.5422,73.7389,11-05-2024 04:55,2024-05-11 04:55:00,2024,5,11,4,132,26.3
Lavale AWS,18.5422,73.7389,11-05-2024 05:00,2024-05-11 05:00:00,2024,5,11,5,132,26.4
Lavale AWS,18.5422,73.7389,11-05-2024 05:05,2024-05-11 05:05:00,2024,5,11,5,132,26.4
Lavale AWS,18.5422,73.7389,11-05-2024 05:10,2024-05-11 05:10:00,2024,5,11,5,132,26.7
Lavale AWS,18.5422,73.7389,11-05-2024 05:15,2024-05-11 05:15:00,2024,5,11,5,132,26.7
Lavale AWS,18.5422,73.7389,11-05-2024 05:20,2024-05-11 05:20:00,2024,5,11,5,132,26.7
Lavale AWS,18.5422,73.7389,11-05-2024 05:25,2024-05-11 05:25:00,2024,5,11,5,132,26.6
Lavale AWS,18.5422,73.7389,11-05-2024 05:30,2024-05-11 05:30:00,2024,5,11,5,132,26.8
Lavale AWS,18.5422,73.7389,11-05-2024 05:35,2024-05-11 05:35:00,2024,5,11,5,132,26.9
Lavale AWS,18.5422,73.7389,11-05-2024 05:40,2024-05-11 05:40:00,2024,5,11,5,132,27.1
Lavale AWS,18.5422,73.7389,11-05-2024 05:45,2024-05-11 05:45:00,2024,5,11,5,132,27.4
Lavale AWS,18.5422,73.7389,11-05-2024 05:50,2024-05-11 05:50:00,2024,5,11,5,132,27.4
Lavale AWS,18.5422,73.7389,11-05-2024 05:55,2024-05-11 05:55:00,2024,5,11,5,132,27.3
Lavale AWS,18.5422,73.7389,11-05-2024 06:00,2024-05-11 06:00:00,2024,5,11,6,132,27.4
Lavale AWS,18.5422,73.7389,11-05-2024 06:05,2024-05-11 06:05:00,2024,5,11,6,132,27.6
Lavale AWS,18.5422,73.7389,11-05-2024 06:10,2024-05-11 06:10:00,2024,5,11,6,132,27.7
Lavale AWS,18.5422,73.7389,11-05-2024 06:15,2024-05-11 06:15:00,2024,5,11,6,132,28.1
Lavale AWS,18.5422,73.7389,11-05-2024 06:20,2024-05-11 06:20:00,2024,5,11,6,132,27.8
Lavale AWS,18.5422,73.7389,11-05-2024 06:25,2024-05-11 06:25:00,2024,5,11,6,132,28.1
Lavale AWS,18.5422,73.7389,11-05-2024 06:30,2024-05-11 06:30:00,2024,5,11,6,132,28.4
Lavale AWS,18.5422,73.7389,11-05-2024 06:35,2024-05-11 06:35:00,2024,5,11,6,132,28.6
Lavale AWS,18.5422,73.7389,11-05-2024 06:40,2024-05-11 06:40:00,2024,5,11,6,132,28.2
Lavale AWS,18.5422,73.7389,11-05-2024 06:45,2024-05-11 06:45:00,2024,5,11,6,132,28.6
Lavale AWS,18.5422,73.7389,11-05-2024 06:50,2024-05-11 06:50:00,2024,5,11,6,132,28.6
Lavale AWS,18.5422,73.7389,11-05-2024 06:55,2024-05-11 06:55:00,2024,5,11,6,132,28.6
Lavale AWS,18.5422,73.7389,11-05-2024 07:00,2024-05-11 07:00:00,2024,5,11,7,132,28.8
Lavale AWS,18.5422,73.7389,11-05-2024 07:05,2024-05-11 07:05:00,2024,5,11,7,132,29.0
Lavale AWS,18.5422,73.7389,11-05-2024 07:10,2024-05-11 07:10:00,2024,5,11,7,132,29.3
Lavale AWS,18.5422,73.7389,11-05-2024 07:15,2024-05-11 07:15:00,2024,5,11,7,132,29.5
Lavale AWS,18.5422,73.7389,11-05-2024 07:20,2024-05-11 07:20:00,2024,5,11,7,132,29.8
Lavale AWS,18.5422,73.7389,11-05-2024 07:25,2024-05-11 07:25:00,2024,5,11,7,132,30.0
Lavale AWS,18.5422,73.7389,11-05-2024 07:30,2024-05-11 07:30:00,2024,5,11,7,132,30.2
Lavale AWS,18.5422,73.7389,11-05-2024 07:35,2024-05-11 07:35:00,2024,5,11,7,132,30.2
Lavale AWS,18.5422,73.7389,11-05-2024 07:40,2024-05-11 07:40:00,2024,5,11,7,132,30.2
Lavale AWS,18.5422,73.7389,11-05-2024 07:45,2024-05-11 07:45:00,2024,5,11,7,132,30.5
Lavale AWS,18.5422,73.7389,11-05-2024 07:50,2024-05-11 07:50:00,2024,5,11,7,132,30.8
Lavale AWS,18.5422,73.7389,11-05-2024 07:55,2024-05-11 07:55:00,2024,5,11,7,132,31.1
Lavale AWS,18.5422,73.7389,11-05-2024 08:00,2024-05-11 08:00:00,2024,5,11,8,132,31.1
Lavale AWS,18.5422,73.7389,11-05-2024 08:05,2024-05-11 08:05:00,2024,5,11,8,132,31.4
Lavale AWS,18.5422,73.7389,11-05-2024 08:10,2024-05-11 08:10:00,2024,5,11,8,132,31.4
Lavale AWS,18.5422,73.7389,11-05-2024 08:15,2024-05-11 08:15:00,2024,5,11,8,132,31.7
Lavale AWS,18.5422,73.7389,11-05-2024 08:20,2024-05-11 08:20:00,2024,5,11,8,132,31.8
Lavale AWS,18.5422,73.7389,11-05-2024 08:25,2024-05-11 08:25:00,2024,5,11,8,132,32.2
Lavale AWS,18.5422,73.7389,11-05-2024 08:30,2024-05-11 08:30:00,2024,5,11,8,132,32.1
Lavale AWS,18.5422,73.7389,11-05-2024 08:35,2024-05-11 08:35:00,2024,5,11,8,132,32.5
Lavale AWS,18.5422,73.7389,11-05-2024 08:40,2024-05-11 08:40:00,2024,5,11,8,132,32.6
Lavale AWS,18.5422,73.7389,11-05-2024 08:45,2024-05-11 08:45:00,2024,5,11,8,132,32.7
Lavale AWS,18.5422,73.7389,11-05-2024 08:50,2024-05-11 08:50:00,2024,5,11,8,132,32.9
Lavale AWS,18.5422,73.7389,11-05-2024 08:55,2024-05-11 08:55:00,2024,5,11,8,132,32.9
Lavale AWS,18.5422,73.7389,11-05-2024 09:00,2024-05-11 09:00:00,2024,5,11,9,132,33.0
Lavale AWS,18.5422,73.7389,11-05-2024 09:05,2024-05-11 09:05:00,2024,5,11,9,132,33.1
Lavale AWS,18.5422,73.7389,11-05-2024 09:10,2024-05-11 09:10:00,2024,5,11,9,132,33.1
Lavale AWS,18.5422,73.7389,11-05-2024 09:15,2024-05-11 09:15:00,2024,5,11,9,132,33.4
Lavale AWS,18.5422,73.7389,11-05-2024 09:20,2024-05-11 09:20:00,2024,5,11,9,132,33.4
Lavale AWS,18.5422,73.7389,11-05-2024 09:25,2024-05-11 09:25:00,2024,5,11,9,132,33.4
Lavale AWS,18.5422,73.7389,11-05-2024 09:30,2024-05-11 09:30:00,2024,5,11,9,132,33.4
Lavale AWS,18.5422,73.7389,11-05-2024 09:35,2024-05-11 09:35:00,2024,5,11,9,132,33.5
Lavale AWS,18.5422,73.7389,11-05-2024 09:40,2024-05-11 09:40:00,2024,5,11,9,132,33.9
Lavale AWS,18.5422,73.7389,11-05-2024 09:45,2024-05-11 09:45:00,2024,5,11,9,132,33.9
Lavale AWS,18.5422,73.7389,11-05-2024 09:50,2024-05-11 09:50:00,2024,5,11,9,132,34.0
Lavale AWS,18.5422,73.7389,11-05-2024 09:55,2024-05-11 09:55:00,2024,5,11,9,132,34.2
Lavale AWS,18.5422,73.7389,11-05-2024 10:00,2024-05-11 10:00:00,2024,5,11,10,132,34.3
Lavale AWS,18.5422,73.7389,11-05-2024 10:05,2024-05-11 10:05:00,2024,5,11,10,132,34.8
Lavale AWS,18.5422,73.7389,11-05-2024 10:10,2024-05-11 10:10:00,2024,5,11,10,132,34.9
Lavale AWS,18.5422,73.7389,11-05-2024 10:15,2024-05-11 10:15:00,2024,5,11,10,132,35.1
Lavale AWS,18.5422,73.7389,11-05-2024 10:20,2024-05-11 10:20:00,2024,5,11,10,132,35.4
Lavale AWS,18.5422,73.7389,11-05-2024 10:25,2024-05-11 10:25:00,2024,5,11,10,132,35.7
Lavale AWS,18.5422,73.7389,11-05-2024 10:30,2024-05-11 10:30:00,2024,5,11,10,132,35.8
Lavale AWS,18.5422,73.7389,11-05-2024 10:35,2024-05-11 10:35:00,2024,5,11,10,132,35.9
Lavale AWS,18.5422,73.7389,11-05-2024 10:40,2024-05-11 10:40:00,2024,5,11,10,132,36.4
Lavale AWS,18.5422,73.7389,11-05-2024 10:45,2024-05-11 10:45:00,2024,5,11,10,132,36.4
Lavale AWS,18.5422,73.7389,11-05-2024 10:50,2024-05-11 10:50:00,2024,5,11,10,132,36.5
Lavale AWS,18.5422,73.7389,11-05-2024 10:55,2024-05-11 10:55:00,2024,5,11,10,132,36.5
Lavale AWS,18.5422,73.7389,11-05-2024 11:00,2024-05-11 11:00:00,2024,5,11,11,132,36.4
Lavale AWS,18.5422,73.7389,11-05-2024 11:05,2024-05-11 11:05:00,2024,5,11,11,132,36.6
Lavale AWS,18.5422,73.7389,11-05-2024 11:10,2024-05-11 11:10:00,2024,5,11,11,132,36.4
Lavale AWS,18.5422,73.7389,11-05-2024 11:15,2024-05-11 11:15:00,2024,5,11,11,132,36.5
Lavale AWS,18.5422,73.7389,11-05-2024 11:20,2024-05-11 11:20:00,2024,5,11,11,132,36.6
Lavale AWS,18.5422,73.7389,11-05-2024 11:25,2024-05-11 11:25:00,2024,5,11,11,132,37.1
Lavale AWS,18.5422,73.7389,11-05-2024 11:30,2024-05-11 11:30:00,2024,5,11,11,132,36.9
Lavale AWS,18.5422,73.7389,11-05-2024 11:35,2024-05-11 11:35:00,2024,5,11,11,132,36.9
Lavale AWS,18.5422,73.7389,11-05-2024 11:40,2024-05-11 11:40:00,2024,5,11,11,132,37.0
Lavale AWS,18.5422,73.7389,11-05-2024 11:45,2024-05-11 11:45:00,2024,5,11,11,132,37.1
Lavale AWS,18.5422,73.7389,11-05-2024 11:50,2024-05-11 11:50:00,2024,5,11,11,132,37.1
Lavale AWS,18.5422,73.7389,11-05-2024 11:55,2024-05-11 11:55:00,2024,5,11,11,132,37.2
Lavale AWS,18.5422,73.7389,11-05-2024 12:00,2024-05-11 12:00:00,2024,5,11,12,132,37.2
Lavale AWS,18.5422,73.7389,11-05-2024 12:05,2024-05-11 12:05:00,2024,5,11,12,132,37.4
Lavale AWS,18.5422,73.7389,11-05-2024 12:10,2024-05-11 12:10:00,2024,5,11,12,132,37.1
Lavale AWS,18.5422,73.7389,11-05-2024 12:15,2024-05-11 12:15:00,2024,5,11,12,132,37.3
Lavale AWS,18.5422,73.7389,11-05-2024 12:20,2024-05-11 12:20:00,2024,5,11,12,132,37.3
Lavale AWS,18.5422,73.7389,11-05-2024 12:25,2024-05-11 12:25:00,2024,5,11,12,132,37.6
Lavale AWS,18.5422,73.7389,11-05-2024 12:30,2024-05-11 12:30:00,2024,5,11,12,132,37.9
Lavale AWS,18.5422,73.7389,11-05-2024 12:35,2024-05-11 12:35:00,2024,5,11,12,132,38.0
Lavale AWS,18.5422,73.7389,11-05-2024 12:40,2024-05-11 12:40:00,2024,5,11,12,132,38.3
Lavale AWS,18.5422,73.7389,11-05-2024 12:45,2024-05-11 12:45:00,2024,5,11,12,132,38.3
Lavale AWS,18.5422,73.7389,11-05-2024 12:50,2024-05-11 12:50:00,2024,5,11,12,132,38.3
Lavale AWS,18.5422,73.7389,11-05-2024 12:55,2024-05-11 12:55:00,2024,5,11,12,132,38.6
Lavale AWS,18.5422,73.7389,11-05-2024 13:00,2024-05-11 13:00:00,2024,5,11,13,132,38.8
Lavale AWS,18.5422,73.7389,11-05-2024 13:05,2024-05-11 13:05:00,2024,5,11,13,132,38.8
Lavale AWS,18.5422,73.7389,11-05-2024 13:10,2024-05-11 13:10:00,2024,5,11,13,132,39.0
Lavale AWS,18.5422,73.7389,11-05-2024 13:15,2024-05-11 13:15:00,2024,5,11,13,132,39.1
Lavale AWS,18.5422,73.7389,11-05-2024 13:20,2024-05-11 13:20:00,2024,5,11,13,132,39.1
Lavale AWS,18.5422,73.7389,11-05-2024 13:25,2024-05-11 13:25:00,2024,5,11,13,132,38.9
Lavale AWS,18.5422,73.7389,11-05-2024 13:30,2024-05-11 13:30:00,2024,5,11,13,132,38.9
Lavale AWS,18.5422,73.7389,11-05-2024 13:35,2024-05-11 13:35:00,2024,5,11,13,132,39.1
Lavale AWS,18.5422,73.7389,11-05-2024 13:40,2024-05-11 13:40:00,2024,5,11,13,132,39.1
Lavale AWS,18.5422,73.7389,11-05-2024 13:45,2024-05-11 13:45:00,2024,5,11,13,132,39.3
Lavale AWS,18.5422,73.7389,11-05-2024 13:50,2024-05-11 13:50:00,2024,5,11,13,132,39.4
Lavale AWS,18.5422,73.7389,11-05-2024 13:55,2024-05-11 13:55:00,2024,5,11,13,132,39.3
Lavale AWS,18.5422,73.7389,11-05-2024 14:00,2024-05-11 14:00:00,2024,5,11,14,132,39.1
Lavale AWS,18.5422,73.7389,11-05-2024 14:05,2024-05-11 14:05:00,2024,5,11,14,132,39.1
Lavale AWS,18.5422,73.7389,11-05-2024 14:10,2024-05-11 14:10:00,2024,5,11,14,132,39.0
Lavale AWS,18.5422,73.7389,11-05-2024 14:15,2024-05-11 14:15:00,2024,5,11,14,132,39.1
Lavale AWS,18.5422,73.7389,11-05-2024 14:20,2024-05-11 14:20:00,2024,5,11,14,132,39.0
Lavale AWS,18.5422,73.7389,11-05-2024 14:25,2024-05-11 14:25:00,2024,5,11,14,132,39.0
Lavale AWS,18.5422,73.7389,11-05-2024 14:30,2024-05-11 14:30:00,2024,5,11,14,132,39.1
Lavale AWS,18.5422,73.7389,11-05-2024 14:35,2024-05-11 14:35:00,2024,5,11,14,132,39.2
Lavale AWS,18.5422,73.7389,11-05-2024 14:40,2024-05-11 14:40:00,2024,5,11,14,132,39.1
Lavale AWS,18.5422,73.7389,11-05-2024 14:45,2024-05-11 14:45:00,2024,5,11,14,132,39.1
Lavale AWS,18.5422,73.7389,11-05-2024 14:50,2024-05-11 14:50:00,2024,5,11,14,132,39.3
Lavale AWS,18.5422,73.7389,11-05-2024 14:55,2024-05-11 14:55:00,2024,5,11,14,132,39.3
Lavale AWS,18.5422,73.7389,11-05-2024 15:00,2024-05-11 15:00:00,2024,5,11,15,132,39.4
Lavale AWS,18.5422,73.7389,11-05-2024 15:05,2024-05-11 15:05:00,2024,5,11,15,132,39.3
Lavale AWS,18.5422,73.7389,11-05-2024 15:10,2024-05-11 15:10:00,2024,5,11,15,132,39.4
Lavale AWS,18.5422,73.7389,11-05-2024 15:15,2024-05-11 15:15:00,2024,5,11,15,132,39.7
Lavale AWS,18.5422,73.7389,11-05-2024 15:20,2024-05-11 15:20:00,2024,5,11,15,132,39.6
Lavale AWS,18.5422,73.7389,11-05-2024 15:25,2024-05-11 15:25:00,2024,5,11,15,132,39.3
Lavale AWS,18.5422,73.7389,11-05-2024 15:30,2024-05-11 15:30:00,2024,5,11,15,132,39.3
Lavale AWS,18.5422,73.7389,11-05-2024 15:35,2024-05-11 15:35:00,2024,5,11,15,132,39.4
Lavale AWS,18.5422,73.7389,11-05-2024 15:40,2024-05-11 15:40:00,2024,5,11,15,132,39.3
Lavale AWS,18.5422,73.7389,11-05-2024 15:45,2024-05-11 15:45:00,2024,5,11,15,132,39.1
Lavale AWS,18.5422,73.7389,11-05-2024 15:50,2024-05-11 15:50:00,2024,5,11,15,132,39.0
Lavale AWS,18.5422,73.7389,11-05-2024 15:55,2024-05-11 15:55:00,2024,5,11,15,132,39.1
Lavale AWS,18.5422,73.7389,11-05-2024 16:00,2024-05-11 16:00:00,2024,5,11,16,132,39.0
Lavale AWS,18.5422,73.7389,11-05-2024 16:05,2024-05-11 16:05:00,2024,5,11,16,132,39.0
Lavale AWS,18.5422,73.7389,11-05-2024 16:10,2024-05-11 16:10:00,2024,5,11,16,132,39.1
Lavale AWS,18.5422,73.7389,11-05-2024 16:15,2024-05-11 16:15:00,2024,5,11,16,132,39.0
Lavale AWS,18.5422,73.7389,11-05-2024 16:20,2024-05-11 16:20:00,2024,5,11,16,132,39.0
Lavale AWS,18.5422,73.7389,11-05-2024 16:25,2024-05-11 16:25:00,2024,5,11,16,132,39.0
Lavale AWS,18.5422,73.7389,11-05-2024 16:30,2024-05-11 16:30:00,2024,5,11,16,132,38.8
Lavale AWS,18.5422,73.7389,11-05-2024 16:35,2024-05-11 16:35:00,2024,5,11,16,132,38.5
Lavale AWS,18.5422,73.7389,11-05-2024 16:40,2024-05-11 16:40:00,2024,5,11,16,132,38.4
Lavale AWS,18.5422,73.7389,11-05-2024 16:45,2024-05-11 16:45:00,2024,5,11,16,132,38.3
Lavale AWS,18.5422,73.7389,11-05-2024 16:50,2024-05-11 16:50:00,2024,5,11,16,132,38.1
Lavale AWS,18.5422,73.7389,11-05-2024 16:55,2024-05-11 16:55:00,2024,5,11,16,132,38.2
Lavale AWS,18.5422,73.7389,11-05-2024 17:00,2024-05-11 17:00:00,2024,5,11,17,132,38.5
Lavale AWS,18.5422,73.7389,11-05-2024 17:05,2024-05-11 17:05:00,2024,5,11,17,132,38.3
Lavale AWS,18.5422,73.7389,11-05-2024 17:10,2024-05-11 17:10:00,2024,5,11,17,132,38.2
Lavale AWS,18.5422,73.7389,11-05-2024 17:15,2024-05-11 17:15:00,2024,5,11,17,132,38.1
Lavale AWS,18.5422,73.7389,11-05-2024 17:20,2024-05-11 17:20:00,2024,5,11,17,132,38.1
Lavale AWS,18.5422,73.7389,11-05-2024 17:25,2024-05-11 17:25:00,2024,5,11,17,132,38.2
Lavale AWS,18.5422,73.7389,11-05-2024 17:30,2024-05-11 17:30:00,2024,5,11,17,132,37.8
Lavale AWS,18.5422,73.7389,11-05-2024 17:35,2024-05-11 17:35:00,2024,5,11,17,132,37.7
Lavale AWS,18.5422,73.7389,11-05-2024 17:40,2024-05-11 17:40:00,2024,5,11,17,132,37.4
Lavale AWS,18.5422,73.7389,11-05-2024 17:45,2024-05-11 17:45:00,2024,5,11,17,132,37.5
Lavale AWS,18.5422,73.7389,11-05-2024 17:50,2024-05-11 17:50:00,2024,5,11,17,132,37.5
Lavale AWS,18.5422,73.7389,11-05-2024 17:55,2024-05-11 17:55:00,2024,5,11,17,132,37.2
Lavale AWS,18.5422,73.7389,11-05-2024 18:00,2024-05-11 18:00:00,2024,5,11,18,132,37.0
Lavale AWS,18.5422,73.7389,11-05-2024 18:05,2024-05-11 18:05:00,2024,5,11,18,132,36.8
Lavale AWS,18.5422,73.7389,11-05-2024 18:10,2024-05-11 18:10:00,2024,5,11,18,132,36.8
Lavale AWS,18.5422,73.7389,11-05-2024 18:15,2024-05-11 18:15:00,2024,5,11,18,132,36.8
Lavale AWS,18.5422,73.7389,11-05-2024 18:20,2024-05-11 18:20:00,2024,5,11,18,132,36.5
Lavale AWS,18.5422,73.7389,11-05-2024 18:25,2024-05-11 18:25:00,2024,5,11,18,132,36.6
Lavale AWS,18.5422,73.7389,11-05-2024 18:30,2024-05-11 18:30:00,2024,5,11,18,132,36.7
Lavale AWS,18.5422,73.7389,11-05-2024 18:35,2024-05-11 18:35:00,2024,5,11,18,132,36.4
Lavale AWS,18.5422,73.7389,11-05-2024 18:40,2024-05-11 18:40:00,2024,5,11,18,132,36.3
Lavale AWS,18.5422,73.7389,11-05-2024 18:45,2024-05-11 18:45:00,2024,5,11,18,132,36.4
Lavale AWS,18.5422,73.7389,11-05-2024 18:50,2024-05-11 18:50:00,2024,5,11,18,132,36.4
Lavale AWS,18.5422,73.7389,11-05-2024 18:55,2024-05-11 18:55:00,2024,5,11,18,132,36.1
Lavale AWS,18.5422,73.7389,11-05-2024 19:00,2024-05-11 19:00:00,2024,5,11,19,132,36.1
Lavale AWS,18.5422,73.7389,11-05-2024 19:05,2024-05-11 19:05:00,2024,5,11,19,132,36.3
Lavale AWS,18.5422,73.7389,11-05-2024 19:10,2024-05-11 19:10:00,2024,5,11,19,132,36.1
Lavale AWS,18.5422,73.7389,11-05-2024 19:15,2024-05-11 19:15:00,2024,5,11,19,132,35.8
Lavale AWS,18.5422,73.7389,11-05-2024 19:20,2024-05-11 19:20:00,2024,5,11,19,132,35.7
Lavale AWS,18.5422,73.7389,11-05-2024 19:25,2024-05-11 19:25:00,2024,5,11,19,132,35.5
Lavale AWS,18.5422,73.7389,11-05-2024 19:30,2024-05-11 19:30:00,2024,5,11,19,132,35.2
Lavale AWS,18.5422,73.7389,11-05-2024 19:35,2024-05-11 19:35:00,2024,5,11,19,132,35.1
Lavale AWS,18.5422,73.7389,11-05-2024 19:40,2024-05-11 19:40:00,2024,5,11,19,132,34.7
Lavale AWS,18.5422,73.7389,11-05-2024 19:45,2024-05-11 19:45:00,2024,5,11,19,132,34.4
Lavale AWS,18.5422,73.7389,11-05-2024 19:50,2024-05-11 19:50:00,2024,5,11,19,132,34.4
Lavale AWS,18.5422,73.7389,11-05-2024 19:55,2024-05-11 19:55:00,2024,5,11,19,132,33.9
Lavale AWS,18.5422,73.7389,11-05-2024 20:00,2024-05-11 20:00:00,2024,5,11,20,132,33.9
Lavale AWS,18.5422,73.7389,11-05-2024 20:05,2024-05-11 20:05:00,2024,5,11,20,132,33.4
Lavale AWS,18.5422,73.7389,11-05-2024 20:10,2024-05-11 20:10:00,2024,5,11,20,132,33.0
Lavale AWS,18.5422,73.7389,11-05-2024 20:15,2024-05-11 20:15:00,2024,5,11,20,132,32.8
Lavale AWS,18.5422,73.7389,11-05-2024 20:20,2024-05-11 20:20:00,2024,5,11,20,132,32.7
Lavale AWS,18.5422,73.7389,11-05-2024 20:25,2024-05-11 20:25:00,2024,5,11,20,132,32.7
Lavale AWS,18.5422,73.7389,11-05-2024 20:30,2024-05-11 20:30:00,2024,5,11,20,132,32.6
Lavale AWS,18.5422,73.7389,11-05-2024 20:35,2024-05-11 20:35:00,2024,5,11,20,132,32.4
Lavale AWS,18.5422,73.7389,11-05-2024 20:40,2024-05-11 20:40:00,2024,5,11,20,132,32.3
Lavale AWS,18.5422,73.7389,11-05-2024 20:45,2024-05-11 20:45:00,2024,5,11,20,132,32.0
Lavale AWS,18.5422,73.7389,11-05-2024 20:50,2024-05-11 20:50:00,2024,5,11,20,132,31.9
Lavale AWS,18.5422,73.7389,11-05-2024 20:55,2024-05-11 20:55:00,2024,5,11,20,132,31.6
Lavale AWS,18.5422,73.7389,11-05-2024 21:00,2024-05-11 21:00:00,2024,5,11,21,132,31.4
Lavale AWS,18.5422,73.7389,11-05-2024 21:05,2024-05-11 21:05:00,2024,5,11,21,132,31.3
Lavale AWS,18.5422,73.7389,11-05-2024 21:10,2024-05-11 21:10:00,2024,5,11,21,132,31.0
Lavale AWS,18.5422,73.7389,11-05-2024 21:15,2024-05-11 21:15:00,2024,5,11,21,132,30.9
Lavale AWS,18.5422,73.7389,11-05-2024 21:20,2024-05-11 21:20:00,2024,5,11,21,132,30.8
Lavale AWS,18.5422,73.7389,11-05-2024 21:25,2024-05-11 21:25:00,2024,5,11,21,132,30.8
Lavale AWS,18.5422,73.7389,11-05-2024 21:30,2024-05-11 21:30:00,2024,5,11,21,132,30.4
Lavale AWS,18.5422,73.7389,11-05-2024 21:35,2024-05-11 21:35:00,2024,5,11,21,132,30.3
Lavale AWS,18.5422,73.7389,11-05-2024 21:40,2024-05-11 21:40:00,2024,5,11,21,132,30.0
Lavale AWS,18.5422,73.7389,11-05-2024 21:45,2024-05-11 21:45:00,2024,5,11,21,132,30.0
Lavale AWS,18.5422,73.7389,11-05-2024 21:50,2024-05-11 21:50:00,2024,5,11,21,132,30.0
Lavale AWS,18.5422,73.7389,11-05-2024 21:55,2024-05-11 21:55:00,2024,5,11,21,132,30.0
Lavale AWS,18.5422,73.7389,11-05-2024 22:00,2024-05-11 22:00:00,2024,5,11,22,132,29.7
Lavale AWS,18.5422,73.7389,11-05-2024 22:05,2024-05-11 22:05:00,2024,5,11,22,132,29.7
Lavale AWS,18.5422,73.7389,11-05-2024 22:10,2024-05-11 22:10:00,2024,5,11,22,132,29.3
Lavale AWS,18.5422,73.7389,11-05-2024 22:15,2024-05-11 22:15:00,2024,5,11,22,132,28.9
Lavale AWS,18.5422,73.7389,11-05-2024 22:20,2024-05-11 22:20:00,2024,5,11,22,132,28.6
Lavale AWS,18.5422,73.7389,11-05-2024 22:25,2024-05-11 22:25:00,2024,5,11,22,132,28.5
Lavale AWS,18.5422,73.7389,11-05-2024 22:30,2024-05-11 22:30:00,2024,5,11,22,132,28.5
Lavale AWS,18.5422,73.7389,11-05-2024 22:35,2024-05-11 22:35:00,2024,5,11,22,132,28.0
Lavale AWS,18.5422,73.7389,11-05-2024 22:40,2024-05-11 22:40:00,2024,5,11,22,132,28.1
Lavale AWS,18.5422,73.7389,11-05-2024 22:45,2024-05-11 22:45:00,2024,5,11,22,132,28.0
Lavale AWS,18.5422,73.7389,11-05-2024 22:50,2024-05-11 22:50:00,2024,5,11,22,132,27.7
Lavale AWS,18.5422,73.7389,11-05-2024 22:55,2024-05-11 22:55:00,2024,5,11,22,132,27.6
Lavale AWS,18.5422,73.7389,11-05-2024 23:00,2024-05-11 23:00:00,2024,5,11,23,132,27.7
Lavale AWS,18.5422,73.7389,11-05-2024 23:05,2024-05-11 23:05:00,2024,5,11,23,132,27.7
Lavale AWS,18.5422,73.7389,11-05-2024 23:10,2024-05-11 23:10:00,2024,5,11,23,132,27.7
Lavale AWS,18.5422,73.7389,11-05-2024 23:15,2024-05-11 23:15:00,2024,5,11,23,132,27.4
Lavale AWS,18.5422,73.7389,11-05-2024 23:20,2024-05-11 23:20:00,2024,5,11,23,132,27.3
Lavale AWS,18.5422,73.7389,11-05-2024 23:25,2024-05-11 23:25:00,2024,5,11,23,132,27.0
Lavale AWS,18.5422,73.7389,11-05-2024 23:30,2024-05-11 23:30:00,2024,5,11,23,132,27.2
Lavale AWS,18.5422,73.7389,11-05-2024 23:35,2024-05-11 23:35:00,2024,5,11,23,132,27.2
Lavale AWS,18.5422,73.7389,11-05-2024 23:40,2024-05-11 23:40:00,2024,5,11,23,132,27.6
Lavale AWS,18.5422,73.7389,11-05-2024 23:45,2024-05-11 23:45:00,2024,5,11,23,132,27.4
Lavale AWS,18.5422,73.7389,11-05-2024 23:50,2024-05-11 23:50:00,2024,5,11,23,132,27.2
Lavale AWS,18.5422,73.7389,11-05-2024 23:55,2024-05-11 23:55:00,2024,5,11,23,132,27.0
Lavale AWS,18.5422,73.7389,12-05-2024 00:00,2024-05-12 00:00:00,2024,5,12,0,133,27.1
Lavale AWS,18.5422,73.7389,12-05-2024 00:05,2024-05-12 00:05:00,2024,5,12,0,133,27.0
Lavale AWS,18.5422,73.7389,12-05-2024 00:10,2024-05-12 00:10:00,2024,5,12,0,133,26.9
Lavale AWS,18.5422,73.7389,12-05-2024 00:15,2024-05-12 00:15:00,2024,5,12,0,133,26.8
Lavale AWS,18.5422,73.7389,12-05-2024 00:20,2024-05-12 00:20:00,2024,5,12,0,133,26.7
Lavale AWS,18.5422,73.7389,12-05-2024 00:25,2024-05-12 00:25:00,2024,5,12,0,133,26.5
Lavale AWS,18.5422,73.7389,12-05-2024 00:30,2024-05-12 00:30:00,2024,5,12,0,133,26.4
Lavale AWS,18.5422,73.7389,12-05-2024 00:35,2024-05-12 00:35:00,2024,5,12,0,133,26.3
Lavale AWS,18.5422,73.7389,12-05-2024 00:40,2024-05-12 00:40:00,2024,5,12,0,133,26.2
Lavale AWS,18.5422,73.7389,12-05-2024 00:45,2024-05-12 00:45:00,2024,5,12,0,133,26.3
Lavale AWS,18.5422,73.7389,12-05-2024 00:50,2024-05-12 00:50:00,2024,5,12,0,133,26.5
Lavale AWS,18.5422,73.7389,12-05-2024 00:55,2024-05-12 00:55:00,2024,5,12,0,133,26.3
Lavale AWS,18.5422,73.7389,12-05-2024 01:00,2024-05-12 01:00:00,2024,5,12,1,133,26.2
Lavale AWS,18.5422,73.7389,12-05-2024 01:05,2024-05-12 01:05:00,2024,5,12,1,133,26.0
Lavale AWS,18.5422,73.7389,12-05-2024 01:10,2024-05-12 01:10:00,2024,5,12,1,133,25.9
Lavale AWS,18.5422,73.7389,12-05-2024 01:15,2024-05-12 01:15:00,2024,5,12,1,133,25.8
Lavale AWS,18.5422,73.7389,12-05-2024 01:20,2024-05-12 01:20:00,2024,5,12,1,133,25.8
Lavale AWS,18.5422,73.7389,12-05-2024 01:25,2024-05-12 01:25:00,2024,5,12,1,133,25.9
Lavale AWS,18.5422,73.7389,12-05-2024 01:30,2024-05-12 01:30:00,2024,5,12,1,133,25.5
Lavale AWS,18.5422,73.7389,12-05-2024 01:35,2024-05-12 01:35:00,2024,5,12,1,133,25.5
Lavale AWS,18.5422,73.7389,12-05-2024 01:40,2024-05-12 01:40:00,2024,5,12,1,133,25.4
Lavale AWS,18.5422,73.7389,12-05-2024 01:45,2024-05-12 01:45:00,2024,5,12,1,133,25.4
Lavale AWS,18.5422,73.7389,12-05-2024 01:50,2024-05-12 01:50:00,2024,5,12,1,133,25.3
Lavale AWS,18.5422,73.7389,12-05-2024 01:55,2024-05-12 01:55:00,2024,5,12,1,133,25.4
Lavale AWS,18.5422,73.7389,12-05-2024 02:00,2024-05-12 02:00:00,2024,5,12,2,133,25.6
Lavale AWS,18.5422,73.7389,12-05-2024 02:05,2024-05-12 02:05:00,2024,5,12,2,133,25.6
Lavale AWS,18.5422,73.7389,12-05-2024 02:10,2024-05-12 02:10:00,2024,5,12,2,133,25.7
Lavale AWS,18.5422,73.7389,12-05-2024 02:15,2024-05-12 02:15:00,2024,5,12,2,133,25.6
Lavale AWS,18.5422,73.7389,12-05-2024 02:20,2024-05-12 02:20:00,2024,5,12,2,133,25.5
Lavale AWS,18.5422,73.7389,12-05-2024 02:25,2024-05-12 02:25:00,2024,5,12,2,133,25.6
Lavale AWS,18.5422,73.7389,12-05-2024 02:30,2024-05-12 02:30:00,2024,5,12,2,133,25.4
Lavale AWS,18.5422,73.7389,12-05-2024 02:35,2024-05-12 02:35:00,2024,5,12,2,133,25.6
Lavale AWS,18.5422,73.7389,12-05-2024 02:40,2024-05-12 02:40:00,2024,5,12,2,133,25.6
Lavale AWS,18.5422,73.7389,12-05-2024 02:45,2024-05-12 02:45:00,2024,5,12,2,133,25.6
Lavale AWS,18.5422,73.7389,12-05-2024 02:50,2024-05-12 02:50:00,2024,5,12,2,133,26.0
Lavale AWS,18.5422,73.7389,12-05-2024 02:55,2024-05-12 02:55:00,2024,5,12,2,133,25.8
Lavale AWS,18.5422,73.7389,12-05-2024 03:00,2024-05-12 03:00:00,2024,5,12,3,133,25.8
Lavale AWS,18.5422,73.7389,12-05-2024 03:05,2024-05-12 03:05:00,2024,5,12,3,133,26.0
Lavale AWS,18.5422,73.7389,12-05-2024 03:10,2024-05-12 03:10:00,2024,5,12,3,133,26.1
Lavale AWS,18.5422,73.7389,12-05-2024 03:15,2024-05-12 03:15:00,2024,5,12,3,133,26.1
Lavale AWS,18.5422,73.7389,12-05-2024 03:20,2024-05-12 03:20:00,2024,5,12,3,133,26.0
Lavale AWS,18.5422,73.7389,12-05-2024 03:25,2024-05-12 03:25:00,2024,5,12,3,133,26.0
Lavale AWS,18.5422,73.7389,12-05-2024 03:30,2024-05-12 03:30:00,2024,5,12,3,133,26.2
Lavale AWS,18.5422,73.7389,12-05-2024 03:35,2024-05-12 03:35:00,2024,5,12,3,133,26.2
Lavale AWS,18.5422,73.7389,12-05-2024 03:40,2024-05-12 03:40:00,2024,5,12,3,133,26.2
Lavale AWS,18.5422,73.7389,12-05-2024 03:45,2024-05-12 03:45:00,2024,5,12,3,133,26.1
Lavale AWS,18.5422,73.7389,12-05-2024 03:50,2024-05-12 03:50:00,2024,5,12,3,133,26.3
Lavale AWS,18.5422,73.7389,12-05-2024 03:55,2024-05-12 03:55:00,2024,5,12,3,133,26.3
Lavale AWS,18.5422,73.7389,12-05-2024 04:00,2024-05-12 04:00:00,2024,5,12,4,133,26.2
Lavale AWS,18.5422,73.7389,12-05-2024 04:05,2024-05-12 04:05:00,2024,5,12,4,133,26.1
Lavale AWS,18.5422,73.7389,12-05-2024 04:10,2024-05-12 04:10:00,2024,5,12,4,133,25.8
Lavale AWS,18.5422,73.7389,12-05-2024 04:15,2024-05-12 04:15:00,2024,5,12,4,133,25.8
Lavale AWS,18.5422,73.7389,12-05-2024 04:20,2024-05-12 04:20:00,2024,5,12,4,133,26.0
Lavale AWS,18.5422,73.7389,12-05-2024 04:25,2024-05-12 04:25:00,2024,5,12,4,133,26.2
Lavale AWS,18.5422,73.7389,12-05-2024 04:30,2024-05-12 04:30:00,2024,5,12,4,133,26.4
Lavale AWS,18.5422,73.7389,12-05-2024 04:35,2024-05-12 04:35:00,2024,5,12,4,133,26.5
Lavale AWS,18.5422,73.7389,12-05-2024 04:40,2024-05-12 04:40:00,2024,5,12,4,133,26.6
Lavale AWS,18.5422,73.7389,12-05-2024 04:45,2024-05-12 04:45:00,2024,5,12,4,133,26.8
Lavale AWS,18.5422,73.7389,12-05-2024 04:50,2024-05-12 04:50:00,2024,5,12,4,133,26.9
Lavale AWS,18.5422,73.7389,12-05-2024 04:55,2024-05-12 04:55:00,2024,5,12,4,133,27.2
Lavale AWS,18.5422,73.7389,12-05-2024 05:00,2024-05-12 05:00:00,2024,5,12,5,133,27.3
Lavale AWS,18.5422,73.7389,12-05-2024 05:05,2024-05-12 05:05:00,2024,5,12,5,133,27.5
Lavale AWS,18.5422,73.7389,12-05-2024 05:10,2024-05-12 05:10:00,2024,5,12,5,133,27.7
Lavale AWS,18.5422,73.7389,12-05-2024 05:15,2024-05-12 05:15:00,2024,5,12,5,133,27.9
Lavale AWS,18.5422,73.7389,12-05-2024 05:20,2024-05-12 05:20:00,2024,5,12,5,133,27.6
Lavale AWS,18.5422,73.7389,12-05-2024 05:25,2024-05-12 05:25:00,2024,5,12,5,133,27.8
Lavale AWS,18.5422,73.7389,12-05-2024 05:30,2024-05-12 05:30:00,2024,5,12,5,133,27.9
Lavale AWS,18.5422,73.7389,12-05-2024 05:35,2024-05-12 05:35:00,2024,5,12,5,133,27.9
Lavale AWS,18.5422,73.7389,12-05-2024 05:40,2024-05-12 05:40:00,2024,5,12,5,133,27.7
Lavale AWS,18.5422,73.7389,12-05-2024 05:45,2024-05-12 05:45:00,2024,5,12,5,133,27.8
Lavale AWS,18.5422,73.7389,12-05-2024 05:50,2024-05-12 05:50:00,2024,5,12,5,133,27.9
Lavale AWS,18.5422,73.7389,12-05-2024 05:55,2024-05-12 05:55:00,2024,5,12,5,133,27.8
Lavale AWS,18.5422,73.7389,12-05-2024 06:00,2024-05-12 06:00:00,2024,5,12,6,133,27.7
Lavale AWS,18.5422,73.7389,12-05-2024 06:05,2024-05-12 06:05:00,2024,5,12,6,133,27.9
Lavale AWS,18.5422,73.7389,12-05-2024 06:10,2024-05-12 06:10:00,2024,5,12,6,133,28.2
Lavale AWS,18.5422,73.7389,12-05-2024 06:15,2024-05-12 06:15:00,2024,5,12,6,133,28.3
Lavale AWS,18.5422,73.7389,12-05-2024 06:20,2024-05-12 06:20:00,2024,5,12,6,133,28.6
Lavale AWS,18.5422,73.7389,12-05-2024 06:25,2024-05-12 06:25:00,2024,5,12,6,133,28.7
Lavale AWS,18.5422,73.7389,12-05-2024 06:30,2024-05-12 06:30:00,2024,5,12,6,133,28.8
Lavale AWS,18.5422,73.7389,12-05-2024 06:35,2024-05-12 06:35:00,2024,5,12,6,133,28.8
Lavale AWS,18.5422,73.7389,12-05-2024 06:40,2024-05-12 06:40:00,2024,5,12,6,133,28.7
Lavale AWS,18.5422,73.7389,12-05-2024 06:45,2024-05-12 06:45:00,2024,5,12,6,133,29.1
Lavale AWS,18.5422,73.7389,12-05-2024 06:50,2024-05-12 06:50:00,2024,5,12,6,133,29.4
Lavale AWS,18.5422,73.7389,12-05-2024 06:55,2024-05-12 06:55:00,2024,5,12,6,133,29.3
Lavale AWS,18.5422,73.7389,12-05-2024 07:00,2024-05-12 07:00:00,2024,5,12,7,133,29.5
Lavale AWS,18.5422,73.7389,12-05-2024 07:05,2024-05-12 07:05:00,2024,5,12,7,133,29.6
Lavale AWS,18.5422,73.7389,12-05-2024 07:10,2024-05-12 07:10:00,2024,5,12,7,133,29.7
Lavale AWS,18.5422,73.7389,12-05-2024 07:15,2024-05-12 07:15:00,2024,5,12,7,133,29.8
Lavale AWS,18.5422,73.7389,12-05-2024 07:20,2024-05-12 07:20:00,2024,5,12,7,133,30.0
Lavale AWS,18.5422,73.7389,12-05-2024 07:25,2024-05-12 07:25:00,2024,5,12,7,133,30.2
Lavale AWS,18.5422,73.7389,12-05-2024 07:30,2024-05-12 07:30:00,2024,5,12,7,133,30.4
Lavale AWS,18.5422,73.7389,12-05-2024 07:35,2024-05-12 07:35:00,2024,5,12,7,133,30.5
Lavale AWS,18.5422,73.7389,12-05-2024 07:40,2024-05-12 07:40:00,2024,5,12,7,133,30.6
Lavale AWS,18.5422,73.7389,12-05-2024 07:45,2024-05-12 07:45:00,2024,5,12,7,133,30.9
Lavale AWS,18.5422,73.7389,12-05-2024 07:50,2024-05-12 07:50:00,2024,5,12,7,133,31.1
Lavale AWS,18.5422,73.7389,12-05-2024 07:55,2024-05-12 07:55:00,2024,5,12,7,133,31.3
Lavale AWS,18.5422,73.7389,12-05-2024 08:00,2024-05-12 08:00:00,2024,5,12,8,133,31.4
Lavale AWS,18.5422,73.7389,12-05-2024 08:05,2024-05-12 08:05:00,2024,5,12,8,133,31.6
Lavale AWS,18.5422,73.7389,12-05-2024 08:10,2024-05-12 08:10:00,2024,5,12,8,133,31.6
Lavale AWS,18.5422,73.7389,12-05-2024 08:15,2024-05-12 08:15:00,2024,5,12,8,133,31.9
Lavale AWS,18.5422,73.7389,12-05-2024 08:20,2024-05-12 08:20:00,2024,5,12,8,133,31.9
Lavale AWS,18.5422,73.7389,12-05-2024 08:25,2024-05-12 08:25:00,2024,5,12,8,133,31.9
Lavale AWS,18.5422,73.7389,12-05-2024 08:30,2024-05-12 08:30:00,2024,5,12,8,133,32.2
Lavale AWS,18.5422,73.7389,12-05-2024 08:35,2024-05-12 08:35:00,2024,5,12,8,133,32.1
Lavale AWS,18.5422,73.7389,12-05-2024 08:40,2024-05-12 08:40:00,2024,5,12,8,133,32.0
Lavale AWS,18.5422,73.7389,12-05-2024 08:45,2024-05-12 08:45:00,2024,5,12,8,133,32.2
Lavale AWS,18.5422,73.7389,12-05-2024 08:50,2024-05-12 08:50:00,2024,5,12,8,133,32.1
Lavale AWS,18.5422,73.7389,12-05-2024 08:55,2024-05-12 08:55:00,2024,5,12,8,133,32.1
Lavale AWS,18.5422,73.7389,12-05-2024 09:00,2024-05-12 09:00:00,2024,5,12,9,133,32.4
Lavale AWS,18.5422,73.7389,12-05-2024 09:05,2024-05-12 09:05:00,2024,5,12,9,133,32.5
Lavale AWS,18.5422,73.7389,12-05-2024 09:10,2024-05-12 09:10:00,2024,5,12,9,133,32.9
Lavale AWS,18.5422,73.7389,12-05-2024 09:15,2024-05-12 09:15:00,2024,5,12,9,133,32.8
Lavale AWS,18.5422,73.7389,12-05-2024 09:20,2024-05-12 09:20:00,2024,5,12,9,133,33.0
Lavale AWS,18.5422,73.7389,12-05-2024 09:25,2024-05-12 09:25:00,2024,5,12,9,133,33.2
Lavale AWS,18.5422,73.7389,12-05-2024 09:30,2024-05-12 09:30:00,2024,5,12,9,133,33.2
Lavale AWS,18.5422,73.7389,12-05-2024 09:35,2024-05-12 09:35:00,2024,5,12,9,133,33.5
Lavale AWS,18.5422,73.7389,12-05-2024 09:40,2024-05-12 09:40:00,2024,5,12,9,133,33.7
Lavale AWS,18.5422,73.7389,12-05-2024 09:45,2024-05-12 09:45:00,2024,5,12,9,133,33.7
Lavale AWS,18.5422,73.7389,12-05-2024 09:50,2024-05-12 09:50:00,2024,5,12,9,133,33.8
Lavale AWS,18.5422,73.7389,12-05-2024 09:55,2024-05-12 09:55:00,2024,5,12,9,133,34.0
Lavale AWS,18.5422,73.7389,12-05-2024 10:00,2024-05-12 10:00:00,2024,5,12,10,133,34.1
Lavale AWS,18.5422,73.7389,12-05-2024 10:05,2024-05-12 10:05:00,2024,5,12,10,133,34.0
Lavale AWS,18.5422,73.7389,12-05-2024 10:10,2024-05-12 10:10:00,2024,5,12,10,133,34.2
Lavale AWS,18.5422,73.7389,12-05-2024 10:15,2024-05-12 10:15:00,2024,5,12,10,133,34.7
Lavale AWS,18.5422,73.7389,12-05-2024 10:20,2024-05-12 10:20:00,2024,5,12,10,133,34.8
Lavale AWS,18.5422,73.7389,12-05-2024 10:25,2024-05-12 10:25:00,2024,5,12,10,133,35.2
Lavale AWS,18.5422,73.7389,12-05-2024 10:30,2024-05-12 10:30:00,2024,5,12,10,133,35.2
Lavale AWS,18.5422,73.7389,12-05-2024 10:35,2024-05-12 10:35:00,2024,5,12,10,133,35.3
Lavale AWS,18.5422,73.7389,12-05-2024 10:40,2024-05-12 10:40:00,2024,5,12,10,133,35.6
Lavale AWS,18.5422,73.7389,12-05-2024 10:45,2024-05-12 10:45:00,2024,5,12,10,133,35.7
Lavale AWS,18.5422,73.7389,12-05-2024 10:50,2024-05-12 10:50:00,2024,5,12,10,133,35.8
Lavale AWS,18.5422,73.7389,12-05-2024 10:55,2024-05-12 10:55:00,2024,5,12,10,133,36.0
Lavale AWS,18.5422,73.7389,12-05-2024 11:00,2024-05-12 11:00:00,2024,5,12,11,133,36.4
Lavale AWS,18.5422,73.7389,12-05-2024 11:05,2024-05-12 11:05:00,2024,5,12,11,133,36.5
Lavale AWS,18.5422,73.7389,12-05-2024 11:10,2024-05-12 11:10:00,2024,5,12,11,133,36.5
Lavale AWS,18.5422,73.7389,12-05-2024 11:15,2024-05-12 11:15:00,2024,5,12,11,133,36.6
Lavale AWS,18.5422,73.7389,12-05-2024 11:20,2024-05-12 11:20:00,2024,5,12,11,133,37.1
Lavale AWS,18.5422,73.7389,12-05-2024 11:25,2024-05-12 11:25:00,2024,5,12,11,133,37.2
Lavale AWS,18.5422,73.7389,12-05-2024 11:30,2024-05-12 11:30:00,2024,5,12,11,133,37.1
Lavale AWS,18.5422,73.7389,12-05-2024 11:35,2024-05-12 11:35:00,2024,5,12,11,133,37.1
Lavale AWS,18.5422,73.7389,12-05-2024 11:40,2024-05-12 11:40:00,2024,5,12,11,133,36.9
Lavale AWS,18.5422,73.7389,12-05-2024 11:45,2024-05-12 11:45:00,2024,5,12,11,133,37.0
Lavale AWS,18.5422,73.7389,12-05-2024 11:50,2024-05-12 11:50:00,2024,5,12,11,133,37.2
Lavale AWS,18.5422,73.7389,12-05-2024 11:55,2024-05-12 11:55:00,2024,5,12,11,133,37.2
Lavale AWS,18.5422,73.7389,12-05-2024 12:00,2024-05-12 12:00:00,2024,5,12,12,133,37.3
Lavale AWS,18.5422,73.7389,12-05-2024 12:05,2024-05-12 12:05:00,2024,5,12,12,133,37.2
Lavale AWS,18.5422,73.7389,12-05-2024 12:10,2024-05-12 12:10:00,2024,5,12,12,133,37.3
Lavale AWS,18.5422,73.7389,12-05-2024 12:15,2024-05-12 12:15:00,2024,5,12,12,133,37.5
Lavale AWS,18.5422,73.7389,12-05-2024 12:20,2024-05-12 12:20:00,2024,5,12,12,133,37.4
Lavale AWS,18.5422,73.7389,12-05-2024 12:25,2024-05-12 12:25:00,2024,5,12,12,133,37.8
Lavale AWS,18.5422,73.7389,12-05-2024 12:30,2024-05-12 12:30:00,2024,5,12,12,133,37.7
Lavale AWS,18.5422,73.7389,12-05-2024 12:35,2024-05-12 12:35:00,2024,5,12,12,133,37.8
Lavale AWS,18.5422,73.7389,12-05-2024 12:40,2024-05-12 12:40:00,2024,5,12,12,133,38.0
Lavale AWS,18.5422,73.7389,12-05-2024 12:45,2024-05-12 12:45:00,2024,5,12,12,133,38.0
Lavale AWS,18.5422,73.7389,12-05-2024 12:50,2024-05-12 12:50:00,2024,5,12,12,133,38.1
Lavale AWS,18.5422,73.7389,12-05-2024 12:55,2024-05-12 12:55:00,2024,5,12,12,133,37.9
Lavale AWS,18.5422,73.7389,12-05-2024 13:00,2024-05-12 13:00:00,2024,5,12,13,133,38.2
Lavale AWS,18.5422,73.7389,12-05-2024 13:05,2024-05-12 13:05:00,2024,5,12,13,133,38.2
Lavale AWS,18.5422,73.7389,12-05-2024 13:10,2024-05-12 13:10:00,2024,5,12,13,133,38.3
Lavale AWS,18.5422,73.7389,12-05-2024 13:15,2024-05-12 13:15:00,2024,5,12,13,133,38.4
Lavale AWS,18.5422,73.7389,12-05-2024 13:20,2024-05-12 13:20:00,2024,5,12,13,133,38.4
Lavale AWS,18.5422,73.7389,12-05-2024 13:25,2024-05-12 13:25:00,2024,5,12,13,133,38.4
Lavale AWS,18.5422,73.7389,12-05-2024 13:30,2024-05-12 13:30:00,2024,5,12,13,133,38.6
Lavale AWS,18.5422,73.7389,12-05-2024 13:35,2024-05-12 13:35:00,2024,5,12,13,133,38.4
Lavale AWS,18.5422,73.7389,12-05-2024 13:40,2024-05-12 13:40:00,2024,5,12,13,133,38.8
Lavale AWS,18.5422,73.7389,12-05-2024 13:45,2024-05-12 13:45:00,2024,5,12,13,133,38.6
Lavale AWS,18.5422,73.7389,12-05-2024 13:50,2024-05-12 13:50:00,2024,5,12,13,133,38.5
Lavale AWS,18.5422,73.7389,12-05-2024 13:55,2024-05-12 13:55:00,2024,5,12,13,133,38.5
Lavale AWS,18.5422,73.7389,12-05-2024 14:00,2024-05-12 14:00:00,2024,5,12,14,133,38.8
Lavale AWS,18.5422,73.7389,12-05-2024 14:05,2024-05-12 14:05:00,2024,5,12,14,133,38.5
Lavale AWS,18.5422,73.7389,12-05-2024 14:10,2024-05-12 14:10:00,2024,5,12,14,133,38.5
Lavale AWS,18.5422,73.7389,12-05-2024 14:15,2024-05-12 14:15:00,2024,5,12,14,133,38.6
Lavale AWS,18.5422,73.7389,12-05-2024 14:20,2024-05-12 14:20:00,2024,5,12,14,133,38.6
Lavale AWS,18.5422,73.7389,12-05-2024 14:25,2024-05-12 14:25:00,2024,5,12,14,133,38.6
Lavale AWS,18.5422,73.7389,12-05-2024 14:30,2024-05-12 14:30:00,2024,5,12,14,133,38.5
Lavale AWS,18.5422,73.7389,12-05-2024 14:35,2024-05-12 14:35:00,2024,5,12,14,133,38.4
Lavale AWS,18.5422,73.7389,12-05-2024 14:40,2024-05-12 14:40:00,2024,5,12,14,133,38.4
Lavale AWS,18.5422,73.7389,12-05-2024 14:45,2024-05-12 14:45:00,2024,5,12,14,133,38.2
Lavale AWS,18.5422,73.7389,12-05-2024 14:50,2024-05-12 14:50:00,2024,5,12,14,133,38.2
Lavale AWS,18.5422,73.7389,12-05-2024 14:55,2024-05-12 14:55:00,2024,5,12,14,133,38.1
Lavale AWS,18.5422,73.7389,12-05-2024 15:00,2024-05-12 15:00:00,2024,5,12,15,133,38.0
Lavale AWS,18.5422,73.7389,12-05-2024 15:05,2024-05-12 15:05:00,2024,5,12,15,133,38.0
Lavale AWS,18.5422,73.7389,12-05-2024 15:10,2024-05-12 15:10:00,2024,5,12,15,133,37.7
Lavale AWS,18.5422,73.7389,12-05-2024 15:15,2024-05-12 15:15:00,2024,5,12,15,133,37.7
Lavale AWS,18.5422,73.7389,12-05-2024 15:20,2024-05-12 15:20:00,2024,5,12,15,133,38.0
Lavale AWS,18.5422,73.7389,12-05-2024 15:25,2024-05-12 15:25:00,2024,5,12,15,133,37.8
Lavale AWS,18.5422,73.7389,12-05-2024 15:30,2024-05-12 15:30:00,2024,5,12,15,133,38.0
Lavale AWS,18.5422,73.7389,12-05-2024 15:35,2024-05-12 15:35:00,2024,5,12,15,133,37.9
Lavale AWS,18.5422,73.7389,12-05-2024 15:40,2024-05-12 15:40:00,2024,5,12,15,133,37.8
Lavale AWS,18.5422,73.7389,12-05-2024 15:45,2024-05-12 15:45:00,2024,5,12,15,133,37.5
Lavale AWS,18.5422,73.7389,12-05-2024 15:50,2024-05-12 15:50:00,2024,5,12,15,133,37.5
Lavale AWS,18.5422,73.7389,12-05-2024 15:55,2024-05-12 15:55:00,2024,5,12,15,133,37.7
Lavale AWS,18.5422,73.7389,12-05-2024 16:00,2024-05-12 16:00:00,2024,5,12,16,133,37.6
Lavale AWS,18.5422,73.7389,12-05-2024 16:05,2024-05-12 16:05:00,2024,5,12,16,133,37.5
Lavale AWS,18.5422,73.7389,12-05-2024 16:10,2024-05-12 16:10:00,2024,5,12,16,133,37.6
Lavale AWS,18.5422,73.7389,12-05-2024 16:15,2024-05-12 16:15:00,2024,5,12,16,133,37.6
Lavale AWS,18.5422,73.7389,12-05-2024 16:20,2024-05-12 16:20:00,2024,5,12,16,133,37.2
Lavale AWS,18.5422,73.7389,12-05-2024 16:25,2024-05-12 16:25:00,2024,5,12,16,133,37.2
Lavale AWS,18.5422,73.7389,12-05-2024 16:30,2024-05-12 16:30:00,2024,5,12,16,133,37.3
Lavale AWS,18.5422,73.7389,12-05-2024 16:35,2024-05-12 16:35:00,2024,5,12,16,133,37.2
Lavale AWS,18.5422,73.7389,12-05-2024 16:40,2024-05-12 16:40:00,2024,5,12,16,133,36.7
Lavale AWS,18.5422,73.7389,12-05-2024 16:45,2024-05-12 16:45:00,2024,5,12,16,133,36.7
Lavale AWS,18.5422,73.7389,12-05-2024 16:50,2024-05-12 16:50:00,2024,5,12,16,133,36.6
Lavale AWS,18.5422,73.7389,12-05-2024 16:55,2024-05-12 16:55:00,2024,5,12,16,133,36.2
Lavale AWS,18.5422,73.7389,12-05-2024 17:00,2024-05-12 17:00:00,2024,5,12,17,133,35.9
Lavale AWS,18.5422,73.7389,12-05-2024 17:05,2024-05-12 17:05:00,2024,5,12,17,133,36.0
Lavale AWS,18.5422,73.7389,12-05-2024 17:10,2024-05-12 17:10:00,2024,5,12,17,133,35.8
Lavale AWS,18.5422,73.7389,12-05-2024 17:15,2024-05-12 17:15:00,2024,5,12,17,133,35.6
Lavale AWS,18.5422,73.7389,12-05-2024 17:20,2024-05-12 17:20:00,2024,5,12,17,133,35.5
Lavale AWS,18.5422,73.7389,12-05-2024 17:25,2024-05-12 17:25:00,2024,5,12,17,133,35.3
Lavale AWS,18.5422,73.7389,12-05-2024 17:30,2024-05-12 17:30:00,2024,5,12,17,133,35.3
Lavale AWS,18.5422,73.7389,12-05-2024 17:35,2024-05-12 17:35:00,2024,5,12,17,133,35.2
Lavale AWS,18.5422,73.7389,12-05-2024 17:40,2024-05-12 17:40:00,2024,5,12,17,133,34.9
Lavale AWS,18.5422,73.7389,12-05-2024 17:45,2024-05-12 17:45:00,2024,5,12,17,133,34.7
Lavale AWS,18.5422,73.7389,12-05-2024 17:50,2024-05-12 17:50:00,2024,5,12,17,133,34.7
Lavale AWS,18.5422,73.7389,12-05-2024 17:55,2024-05-12 17:55:00,2024,5,12,17,133,34.6
Lavale AWS,18.5422,73.7389,12-05-2024 18:00,2024-05-12 18:00:00,2024,5,12,18,133,34.5
Lavale AWS,18.5422,73.7389,12-05-2024 18:05,2024-05-12 18:05:00,2024,5,12,18,133,34.7
Lavale AWS,18.5422,73.7389,12-05-2024 18:10,2024-05-12 18:10:00,2024,5,12,18,133,34.7
Lavale AWS,18.5422,73.7389,12-05-2024 18:15,2024-05-12 18:15:00,2024,5,12,18,133,34.7
Lavale AWS,18.5422,73.7389,12-05-2024 18:20,2024-05-12 18:20:00,2024,5,12,18,133,34.6
Lavale AWS,18.5422,73.7389,12-05-2024 18:25,2024-05-12 18:25:00,2024,5,12,18,133,34.5
Lavale AWS,18.5422,73.7389,12-05-2024 18:30,2024-05-12 18:30:00,2024,5,12,18,133,34.3
Lavale AWS,18.5422,73.7389,12-05-2024 18:35,2024-05-12 18:35:00,2024,5,12,18,133,34.3
Lavale AWS,18.5422,73.7389,12-05-2024 18:40,2024-05-12 18:40:00,2024,5,12,18,133,34.1
Lavale AWS,18.5422,73.7389,12-05-2024 18:45,2024-05-12 18:45:00,2024,5,12,18,133,34.0
Lavale AWS,18.5422,73.7389,12-05-2024 18:50,2024-05-12 18:50:00,2024,5,12,18,133,33.9
Lavale AWS,18.5422,73.7389,12-05-2024 18:55,2024-05-12 18:55:00,2024,5,12,18,133,33.7
Lavale AWS,18.5422,73.7389,12-05-2024 19:00,2024-05-12 19:00:00,2024,5,12,19,133,34.0
Lavale AWS,18.5422,73.7389,12-05-2024 19:05,2024-05-12 19:05:00,2024,5,12,19,133,33.7
Lavale AWS,18.5422,73.7389,12-05-2024 19:10,2024-05-12 19:10:00,2024,5,12,19,133,33.5
Lavale AWS,18.5422,73.7389,12-05-2024 19:15,2024-05-12 19:15:00,2024,5,12,19,133,33.4
Lavale AWS,18.5422,73.7389,12-05-2024 19:20,2024-05-12 19:20:00,2024,5,12,19,133,33.2
Lavale AWS,18.5422,73.7389,12-05-2024 19:25,2024-05-12 19:25:00,2024,5,12,19,133,32.9
Lavale AWS,18.5422,73.7389,12-05-2024 19:30,2024-05-12 19:30:00,2024,5,12,19,133,32.6
Lavale AWS,18.5422,73.7389,12-05-2024 19:35,2024-05-12 19:35:00,2024,5,12,19,133,32.5
Lavale AWS,18.5422,73.7389,12-05-2024 19:40,2024-05-12 19:40:00,2024,5,12,19,133,32.4
Lavale AWS,18.5422,73.7389,12-05-2024 19:45,2024-05-12 19:45:00,2024,5,12,19,133,32.2
Lavale AWS,18.5422,73.7389,12-05-2024 19:50,2024-05-12 19:50:00,2024,5,12,19,133,32.2
Lavale AWS,18.5422,73.7389,12-05-2024 19:55,2024-05-12 19:55:00,2024,5,12,19,133,31.7
Lavale AWS,18.5422,73.7389,12-05-2024 20:00,2024-05-12 20:00:00,2024,5,12,20,133,31.5
Lavale AWS,18.5422,73.7389,12-05-2024 20:05,2024-05-12 20:05:00,2024,5,12,20,133,31.3
Lavale AWS,18.5422,73.7389,12-05-2024 20:10,2024-05-12 20:10:00,2024,5,12,20,133,31.0
Lavale AWS,18.5422,73.7389,12-05-2024 20:15,2024-05-12 20:15:00,2024,5,12,20,133,30.6
Lavale AWS,18.5422,73.7389,12-05-2024 20:20,2024-05-12 20:20:00,2024,5,12,20,133,30.4
Lavale AWS,18.5422,73.7389,12-05-2024 20:25,2024-05-12 20:25:00,2024,5,12,20,133,30.4
Lavale AWS,18.5422,73.7389,12-05-2024 20:30,2024-05-12 20:30:00,2024,5,12,20,133,30.4
Lavale AWS,18.5422,73.7389,12-05-2024 20:35,2024-05-12 20:35:00,2024,5,12,20,133,30.2
Lavale AWS,18.5422,73.7389,12-05-2024 20:40,2024-05-12 20:40:00,2024,5,12,20,133,30.2
Lavale AWS,18.5422,73.7389,12-05-2024 20:45,2024-05-12 20:45:00,2024,5,12,20,133,30.1
Lavale AWS,18.5422,73.7389,12-05-2024 20:50,2024-05-12 20:50:00,2024,5,12,20,133,30.1
Lavale AWS,18.5422,73.7389,12-05-2024 20:55,2024-05-12 20:55:00,2024,5,12,20,133,29.9
Lavale AWS,18.5422,73.7389,12-05-2024 21:00,2024-05-12 21:00:00,2024,5,12,21,133,29.5
Lavale AWS,18.5422,73.7389,12-05-2024 21:05,2024-05-12 21:05:00,2024,5,12,21,133,29.4
Lavale AWS,18.5422,73.7389,12-05-2024 21:10,2024-05-12 21:10:00,2024,5,12,21,133,29.1
Lavale AWS,18.5422,73.7389,12-05-2024 21:15,2024-05-12 21:15:00,2024,5,12,21,133,28.8
Lavale AWS,18.5422,73.7389,12-05-2024 21:20,2024-05-12 21:20:00,2024,5,12,21,133,28.6
Lavale AWS,18.5422,73.7389,12-05-2024 21:25,2024-05-12 21:25:00,2024,5,12,21,133,28.4
Lavale AWS,18.5422,73.7389,12-05-2024 21:30,2024-05-12 21:30:00,2024,5,12,21,133,28.3
Lavale AWS,18.5422,73.7389,12-05-2024 21:35,2024-05-12 21:35:00,2024,5,12,21,133,28.3
Lavale AWS,18.5422,73.7389,12-05-2024 21:40,2024-05-12 21:40:00,2024,5,12,21,133,28.1
Lavale AWS,18.5422,73.7389,12-05-2024 21:45,2024-05-12 21:45:00,2024,5,12,21,133,28.0
Lavale AWS,18.5422,73.7389,12-05-2024 21:50,2024-05-12 21:50:00,2024,5,12,21,133,27.9
Lavale AWS,18.5422,73.7389,12-05-2024 21:55,2024-05-12 21:55:00,2024,5,12,21,133,27.9
Lavale AWS,18.5422,73.7389,12-05-2024 22:00,2024-05-12 22:00:00,2024,5,12,22,133,27.7
Lavale AWS,18.5422,73.7389,12-05-2024 22:05,2024-05-12 22:05:00,2024,5,12,22,133,27.6
Lavale AWS,18.5422,73.7389,12-05-2024 22:10,2024-05-12 22:10:00,2024,5,12,22,133,27.4
Lavale AWS,18.5422,73.7389,12-05-2024 22:15,2024-05-12 22:15:00,2024,5,12,22,133,27.2
Lavale AWS,18.5422,73.7389,12-05-2024 22:20,2024-05-12 22:20:00,2024,5,12,22,133,27.0
Lavale AWS,18.5422,73.7389,12-05-2024 22:25,2024-05-12 22:25:00,2024,5,12,22,133,26.7
Lavale AWS,18.5422,73.7389,12-05-2024 22:30,2024-05-12 22:30:00,2024,5,12,22,133,26.7
Lavale AWS,18.5422,73.7389,12-05-2024 22:35,2024-05-12 22:35:00,2024,5,12,22,133,26.4
Lavale AWS,18.5422,73.7389,12-05-2024 22:40,2024-05-12 22:40:00,2024,5,12,22,133,26.3
Lavale AWS,18.5422,73.7389,12-05-2024 22:45,2024-05-12 22:45:00,2024,5,12,22,133,26.3
Lavale AWS,18.5422,73.7389,12-05-2024 22:50,2024-05-12 22:50:00,2024,5,12,22,133,26.1
Lavale AWS,18.5422,73.7389,12-05-2024 22:55,2024-05-12 22:55:00,2024,5,12,22,133,26.1
Lavale AWS,18.5422,73.7389,12-05-2024 23:00,2024-05-12 23:00:00,2024,5,12,23,133,25.9
Lavale AWS,18.5422,73.7389,12-05-2024 23:05,2024-05-12 23:05:00,2024,5,12,23,133,25.6
Lavale AWS,18.5422,73.7389,12-05-2024 23:10,2024-05-12 23:10:00,2024,5,12,23,133,25.3
Lavale AWS,18.5422,73.7389,12-05-2024 23:15,2024-05-12 23:15:00,2024,5,12,23,133,25.4
Lavale AWS,18.5422,73.7389,12-05-2024 23:20,2024-05-12 23:20:00,2024,5,12,23,133,25.1
Lavale AWS,18.5422,73.7389,12-05-2024 23:25,2024-05-12 23:25:00,2024,5,12,23,133,25.1
Lavale AWS,18.5422,73.7389,12-05-2024 23:30,2024-05-12 23:30:00,2024,5,12,23,133,24.9
Lavale AWS,18.5422,73.7389,12-05-2024 23:35,2024-05-12 23:35:00,2024,5,12,23,133,25.0
Lavale AWS,18.5422,73.7389,12-05-2024 23:40,2024-05-12 23:40:00,2024,5,12,23,133,25.2
Lavale AWS,18.5422,73.7389,12-05-2024 23:45,2024-05-12 23:45:00,2024,5,12,23,133,24.9
Lavale AWS,18.5422,73.7389,12-05-2024 23:50,2024-05-12 23:50:00,2024,5,12,23,133,24.6
Lavale AWS,18.5422,73.7389,12-05-2024 23:55,2024-05-12 23:55:00,2024,5,12,23,133,24.7
Lavale AWS,18.5422,73.7389,13-05-2024 00:00,2024-05-13 00:00:00,2024,5,13,0,134,24.6
Lavale AWS,18.5422,73.7389,13-05-2024 00:05,2024-05-13 00:05:00,2024,5,13,0,134,24.7
Lavale AWS,18.5422,73.7389,13-05-2024 00:10,2024-05-13 00:10:00,2024,5,13,0,134,24.5
Lavale AWS,18.5422,73.7389,13-05-2024 00:15,2024-05-13 00:15:00,2024,5,13,0,134,24.7
Lavale AWS,18.5422,73.7389,13-05-2024 00:20,2024-05-13 00:20:00,2024,5,13,0,134,24.6
Lavale AWS,18.5422,73.7389,13-05-2024 00:25,2024-05-13 00:25:00,2024,5,13,0,134,24.3
Lavale AWS,18.5422,73.7389,13-05-2024 00:30,2024-05-13 00:30:00,2024,5,13,0,134,24.2
Lavale AWS,18.5422,73.7389,13-05-2024 00:35,2024-05-13 00:35:00,2024,5,13,0,134,23.9
Lavale AWS,18.5422,73.7389,13-05-2024 00:40,2024-05-13 00:40:00,2024,5,13,0,134,24.1
Lavale AWS,18.5422,73.7389,13-05-2024 00:45,2024-05-13 00:45:00,2024,5,13,0,134,23.9
Lavale AWS,18.5422,73.7389,13-05-2024 00:50,2024-05-13 00:50:00,2024,5,13,0,134,23.9
Lavale AWS,18.5422,73.7389,13-05-2024 00:55,2024-05-13 00:55:00,2024,5,13,0,134,23.8
Lavale AWS,18.5422,73.7389,13-05-2024 01:00,2024-05-13 01:00:00,2024,5,13,1,134,23.6
Lavale AWS,18.5422,73.7389,13-05-2024 01:05,2024-05-13 01:05:00,2024,5,13,1,134,23.3
Lavale AWS,18.5422,73.7389,13-05-2024 01:10,2024-05-13 01:10:00,2024,5,13,1,134,23.3
Lavale AWS,18.5422,73.7389,13-05-2024 01:15,2024-05-13 01:15:00,2024,5,13,1,134,23.5
Lavale AWS,18.5422,73.7389,13-05-2024 01:20,2024-05-13 01:20:00,2024,5,13,1,134,23.3
Lavale AWS,18.5422,73.7389,13-05-2024 01:25,2024-05-13 01:25:00,2024,5,13,1,134,23.0
Lavale AWS,18.5422,73.7389,13-05-2024 01:30,2024-05-13 01:30:00,2024,5,13,1,134,23.1
Lavale AWS,18.5422,73.7389,13-05-2024 01:35,2024-05-13 01:35:00,2024,5,13,1,134,22.8
Lavale AWS,18.5422,73.7389,13-05-2024 01:40,2024-05-13 01:40:00,2024,5,13,1,134,23.0
Lavale AWS,18.5422,73.7389,13-05-2024 01:45,2024-05-13 01:45:00,2024,5,13,1,134,22.9
Lavale AWS,18.5422,73.7389,13-05-2024 01:50,2024-05-13 01:50:00,2024,5,13,1,134,22.7
Lavale AWS,18.5422,73.7389,13-05-2024 01:55,2024-05-13 01:55:00,2024,5,13,1,134,22.7
Lavale AWS,18.5422,73.7389,13-05-2024 02:00,2024-05-13 02:00:00,2024,5,13,2,134,22.6
Lavale AWS,18.5422,73.7389,13-05-2024 02:05,2024-05-13 02:05:00,2024,5,13,2,134,22.6
Lavale AWS,18.5422,73.7389,13-05-2024 02:10,2024-05-13 02:10:00,2024,5,13,2,134,22.6
Lavale AWS,18.5422,73.7389,13-05-2024 02:15,2024-05-13 02:15:00,2024,5,13,2,134,22.6
Lavale AWS,18.5422,73.7389,13-05-2024 02:20,2024-05-13 02:20:00,2024,5,13,2,134,22.6
Lavale AWS,18.5422,73.7389,13-05-2024 02:25,2024-05-13 02:25:00,2024,5,13,2,134,22.6
Lavale AWS,18.5422,73.7389,13-05-2024 02:30,2024-05-13 02:30:00,2024,5,13,2,134,22.6
Lavale AWS,18.5422,73.7389,13-05-2024 02:35,2024-05-13 02:35:00,2024,5,13,2,134,22.6
Lavale AWS,18.5422,73.7389,13-05-2024 02:40,2024-05-13 02:40:00,2024,5,13,2,134,22.6
Lavale AWS,18.5422,73.7389,13-05-2024 02:45,2024-05-13 02:45:00,2024,5,13,2,134,22.6
Lavale AWS,18.5422,73.7389,13-05-2024 02:50,2024-05-13 02:50:00,2024,5,13,2,134,22.6
Lavale AWS,18.5422,73.7389,13-05-2024 02:55,2024-05-13 02:55:00,2024,5,13,2,134,22.6
Lavale AWS,18.5422,73.7389,13-05-2024 03:00,2024-05-13 03:00:00,2024,5,13,3,134,22.8
Lavale AWS,18.5422,73.7389,13-05-2024 03:05,2024-05-13 03:05:00,2024,5,13,3,134,22.8
Lavale AWS,18.5422,73.7389,13-05-2024 03:10,2024-05-13 03:10:00,2024,5,13,3,134,23.0
Lavale AWS,18.5422,73.7389,13-05-2024 03:15,2024-05-13 03:15:00,2024,5,13,3,134,23.2
Lavale AWS,18.5422,73.7389,13-05-2024 03:20,2024-05-13 03:20:00,2024,5,13,3,134,23.1
Lavale AWS,18.5422,73.7389,13-05-2024 03:25,2024-05-13 03:25:00,2024,5,13,3,134,23.1
Lavale AWS,18.5422,73.7389,13-05-2024 03:30,2024-05-13 03:30:00,2024,5,13,3,134,23.1
Lavale AWS,18.5422,73.7389,13-05-2024 03:35,2024-05-13 03:35:00,2024,5,13,3,134,23.1
Lavale AWS,18.5422,73.7389,13-05-2024 03:40,2024-05-13 03:40:00,2024,5,13,3,134,23.2
Lavale AWS,18.5422,73.7389,13-05-2024 03:45,2024-05-13 03:45:00,2024,5,13,3,134,23.0
Lavale AWS,18.5422,73.7389,13-05-2024 03:50,2024-05-13 03:50:00,2024,5,13,3,134,23.3
Lavale AWS,18.5422,73.7389,13-05-2024 03:55,2024-05-13 03:55:00,2024,5,13,3,134,23.2
Lavale AWS,18.5422,73.7389,13-05-2024 04:00,2024-05-13 04:00:00,2024,5,13,4,134,23.2
Lavale AWS,18.5422,73.7389,13-05-2024 04:05,2024-05-13 04:05:00,2024,5,13,4,134,23.4
Lavale AWS,18.5422,73.7389,13-05-2024 04:10,2024-05-13 04:10:00,2024,5,13,4,134,23.5
Lavale AWS,18.5422,73.7389,13-05-2024 04:15,2024-05-13 04:15:00,2024,5,13,4,134,23.7
Lavale AWS,18.5422,73.7389,13-05-2024 04:20,2024-05-13 04:20:00,2024,5,13,4,134,23.5
Lavale AWS,18.5422,73.7389,13-05-2024 04:25,2024-05-13 04:25:00,2024,5,13,4,134,23.5
Lavale AWS,18.5422,73.7389,13-05-2024 04:30,2024-05-13 04:30:00,2024,5,13,4,134,23.7
Lavale AWS,18.5422,73.7389,13-05-2024 04:35,2024-05-13 04:35:00,2024,5,13,4,134,23.7
Lavale AWS,18.5422,73.7389,13-05-2024 04:40,2024-05-13 04:40:00,2024,5,13,4,134,23.7
Lavale AWS,18.5422,73.7389,13-05-2024 04:45,2024-05-13 04:45:00,2024,5,13,4,134,23.9
Lavale AWS,18.5422,73.7389,13-05-2024 04:50,2024-05-13 04:50:00,2024,5,13,4,134,23.9
Lavale AWS,18.5422,73.7389,13-05-2024 04:55,2024-05-13 04:55:00,2024,5,13,4,134,24.0
Lavale AWS,18.5422,73.7389,13-05-2024 05:00,2024-05-13 05:00:00,2024,5,13,5,134,24.1
Lavale AWS,18.5422,73.7389,13-05-2024 05:05,2024-05-13 05:05:00,2024,5,13,5,134,24.2
Lavale AWS,18.5422,73.7389,13-05-2024 05:10,2024-05-13 05:10:00,2024,5,13,5,134,24.2
Lavale AWS,18.5422,73.7389,13-05-2024 05:15,2024-05-13 05:15:00,2024,5,13,5,134,24.3
Lavale AWS,18.5422,73.7389,13-05-2024 05:20,2024-05-13 05:20:00,2024,5,13,5,134,24.2
Lavale AWS,18.5422,73.7389,13-05-2024 05:25,2024-05-13 05:25:00,2024,5,13,5,134,24.4
Lavale AWS,18.5422,73.7389,13-05-2024 05:30,2024-05-13 05:30:00,2024,5,13,5,134,24.4
Lavale AWS,18.5422,73.7389,13-05-2024 05:35,2024-05-13 05:35:00,2024,5,13,5,134,24.7
Lavale AWS,18.5422,73.7389,13-05-2024 05:40,2024-05-13 05:40:00,2024,5,13,5,134,24.8
Lavale AWS,18.5422,73.7389,13-05-2024 05:45,2024-05-13 05:45:00,2024,5,13,5,134,24.7
Lavale AWS,18.5422,73.7389,13-05-2024 05:50,2024-05-13 05:50:00,2024,5,13,5,134,24.8
Lavale AWS,18.5422,73.7389,13-05-2024 05:55,2024-05-13 05:55:00,2024,5,13,5,134,24.9
Lavale AWS,18.5422,73.7389,13-05-2024 06:00,2024-05-13 06:00:00,2024,5,13,6,134,25.2
Lavale AWS,18.5422,73.7389,13-05-2024 06:05,2024-05-13 06:05:00,2024,5,13,6,134,25.3
Lavale AWS,18.5422,73.7389,13-05-2024 06:10,2024-05-13 06:10:00,2024,5,13,6,134,25.4
Lavale AWS,18.5422,73.7389,13-05-2024 06:15,2024-05-13 06:15:00,2024,5,13,6,134,25.7
Lavale AWS,18.5422,73.7389,13-05-2024 06:20,2024-05-13 06:20:00,2024,5,13,6,134,25.9
Lavale AWS,18.5422,73.7389,13-05-2024 06:25,2024-05-13 06:25:00,2024,5,13,6,134,26.3
Lavale AWS,18.5422,73.7389,13-05-2024 06:30,2024-05-13 06:30:00,2024,5,13,6,134,26.6
Lavale AWS,18.5422,73.7389,13-05-2024 06:35,2024-05-13 06:35:00,2024,5,13,6,134,26.6
Lavale AWS,18.5422,73.7389,13-05-2024 06:40,2024-05-13 06:40:00,2024,5,13,6,134,26.9
Lavale AWS,18.5422,73.7389,13-05-2024 06:45,2024-05-13 06:45:00,2024,5,13,6,134,27.2
Lavale AWS,18.5422,73.7389,13-05-2024 06:50,2024-05-13 06:50:00,2024,5,13,6,134,27.6
Lavale AWS,18.5422,73.7389,13-05-2024 06:55,2024-05-13 06:55:00,2024,5,13,6,134,27.8
Lavale AWS,18.5422,73.7389,13-05-2024 07:00,2024-05-13 07:00:00,2024,5,13,7,134,28.0
Lavale AWS,18.5422,73.7389,13-05-2024 07:05,2024-05-13 07:05:00,2024,5,13,7,134,28.1
Lavale AWS,18.5422,73.7389,13-05-2024 07:10,2024-05-13 07:10:00,2024,5,13,7,134,28.1
Lavale AWS,18.5422,73.7389,13-05-2024 07:15,2024-05-13 07:15:00,2024,5,13,7,134,28.1
Lavale AWS,18.5422,73.7389,13-05-2024 07:20,2024-05-13 07:20:00,2024,5,13,7,134,28.0
Lavale AWS,18.5422,73.7389,13-05-2024 07:25,2024-05-13 07:25:00,2024,5,13,7,134,28.3
Lavale AWS,18.5422,73.7389,13-05-2024 07:30,2024-05-13 07:30:00,2024,5,13,7,134,28.4
Lavale AWS,18.5422,73.7389,13-05-2024 07:35,2024-05-13 07:35:00,2024,5,13,7,134,28.7
Lavale AWS,18.5422,73.7389,13-05-2024 07:40,2024-05-13 07:40:00,2024,5,13,7,134,28.6
Lavale AWS,18.5422,73.7389,13-05-2024 07:45,2024-05-13 07:45:00,2024,5,13,7,134,28.9
Lavale AWS,18.5422,73.7389,13-05-2024 07:50,2024-05-13 07:50:00,2024,5,13,7,134,28.9
Lavale AWS,18.5422,73.7389,13-05-2024 07:55,2024-05-13 07:55:00,2024,5,13,7,134,28.9
Lavale AWS,18.5422,73.7389,13-05-2024 08:00,2024-05-13 08:00:00,2024,5,13,8,134,29.2
Lavale AWS,18.5422,73.7389,13-05-2024 08:05,2024-05-13 08:05:00,2024,5,13,8,134,29.5
Lavale AWS,18.5422,73.7389,13-05-2024 08:10,2024-05-13 08:10:00,2024,5,13,8,134,29.7
Lavale AWS,18.5422,73.7389,13-05-2024 08:15,2024-05-13 08:15:00,2024,5,13,8,134,29.8
Lavale AWS,18.5422,73.7389,13-05-2024 08:20,2024-05-13 08:20:00,2024,5,13,8,134,30.0
Lavale AWS,18.5422,73.7389,13-05-2024 08:25,2024-05-13 08:25:00,2024,5,13,8,134,30.1
Lavale AWS,18.5422,73.7389,13-05-2024 08:30,2024-05-13 08:30:00,2024,5,13,8,134,30.1
Lavale AWS,18.5422,73.7389,13-05-2024 08:35,2024-05-13 08:35:00,2024,5,13,8,134,30.2
Lavale AWS,18.5422,73.7389,13-05-2024 08:40,2024-05-13 08:40:00,2024,5,13,8,134,30.6
Lavale AWS,18.5422,73.7389,13-05-2024 08:45,2024-05-13 08:45:00,2024,5,13,8,134,31.1
Lavale AWS,18.5422,73.7389,13-05-2024 08:50,2024-05-13 08:50:00,2024,5,13,8,134,31.5
Lavale AWS,18.5422,73.7389,13-05-2024 08:55,2024-05-13 08:55:00,2024,5,13,8,134,31.6
Lavale AWS,18.5422,73.7389,13-05-2024 09:00,2024-05-13 09:00:00,2024,5,13,9,134,31.7
Lavale AWS,18.5422,73.7389,13-05-2024 09:05,2024-05-13 09:05:00,2024,5,13,9,134,31.6
Lavale AWS,18.5422,73.7389,13-05-2024 09:10,2024-05-13 09:10:00,2024,5,13,9,134,31.6
Lavale AWS,18.5422,73.7389,13-05-2024 09:15,2024-05-13 09:15:00,2024,5,13,9,134,31.7
Lavale AWS,18.5422,73.7389,13-05-2024 09:20,2024-05-13 09:20:00,2024,5,13,9,134,32.1
Lavale AWS,18.5422,73.7389,13-05-2024 09:25,2024-05-13 09:25:00,2024,5,13,9,134,32.5
Lavale AWS,18.5422,73.7389,13-05-2024 09:30,2024-05-13 09:30:00,2024,5,13,9,134,32.7
Lavale AWS,18.5422,73.7389,13-05-2024 09:35,2024-05-13 09:35:00,2024,5,13,9,134,32.6
Lavale AWS,18.5422,73.7389,13-05-2024 09:40,2024-05-13 09:40:00,2024,5,13,9,134,32.8
Lavale AWS,18.5422,73.7389,13-05-2024 09:45,2024-05-13 09:45:00,2024,5,13,9,134,32.9
Lavale AWS,18.5422,73.7389,13-05-2024 09:50,2024-05-13 09:50:00,2024,5,13,9,134,32.6
Lavale AWS,18.5422,73.7389,13-05-2024 09:55,2024-05-13 09:55:00,2024,5,13,9,134,32.8
Lavale AWS,18.5422,73.7389,13-05-2024 10:00,2024-05-13 10:00:00,2024,5,13,10,134,32.8
Lavale AWS,18.5422,73.7389,13-05-2024 10:05,2024-05-13 10:05:00,2024,5,13,10,134,32.8
Lavale AWS,18.5422,73.7389,13-05-2024 10:10,2024-05-13 10:10:00,2024,5,13,10,134,32.8
Lavale AWS,18.5422,73.7389,13-05-2024 10:15,2024-05-13 10:15:00,2024,5,13,10,134,32.9
Lavale AWS,18.5422,73.7389,13-05-2024 10:20,2024-05-13 10:20:00,2024,5,13,10,134,33.0
Lavale AWS,18.5422,73.7389,13-05-2024 10:25,2024-05-13 10:25:00,2024,5,13,10,134,33.1
Lavale AWS,18.5422,73.7389,13-05-2024 10:30,2024-05-13 10:30:00,2024,5,13,10,134,33.0
Lavale AWS,18.5422,73.7389,13-05-2024 10:35,2024-05-13 10:35:00,2024,5,13,10,134,33.3
Lavale AWS,18.5422,73.7389,13-05-2024 10:40,2024-05-13 10:40:00,2024,5,13,10,134,33.3
Lavale AWS,18.5422,73.7389,13-05-2024 10:45,2024-05-13 10:45:00,2024,5,13,10,134,33.3
Lavale AWS,18.5422,73.7389,13-05-2024 10:50,2024-05-13 10:50:00,2024,5,13,10,134,33.4
Lavale AWS,18.5422,73.7389,13-05-2024 10:55,2024-05-13 10:55:00,2024,5,13,10,134,33.5
Lavale AWS,18.5422,73.7389,13-05-2024 11:00,2024-05-13 11:00:00,2024,5,13,11,134,33.8
Lavale AWS,18.5422,73.7389,13-05-2024 11:05,2024-05-13 11:05:00,2024,5,13,11,134,34.0
Lavale AWS,18.5422,73.7389,13-05-2024 11:10,2024-05-13 11:10:00,2024,5,13,11,134,34.2
Lavale AWS,18.5422,73.7389,13-05-2024 11:15,2024-05-13 11:15:00,2024,5,13,11,134,34.3
Lavale AWS,18.5422,73.7389,13-05-2024 11:20,2024-05-13 11:20:00,2024,5,13,11,134,34.5
Lavale AWS,18.5422,73.7389,13-05-2024 11:25,2024-05-13 11:25:00,2024,5,13,11,134,34.6
Lavale AWS,18.5422,73.7389,13-05-2024 11:30,2024-05-13 11:30:00,2024,5,13,11,134,34.4
Lavale AWS,18.5422,73.7389,13-05-2024 11:35,2024-05-13 11:35:00,2024,5,13,11,134,34.5
Lavale AWS,18.5422,73.7389,13-05-2024 11:40,2024-05-13 11:40:00,2024,5,13,11,134,34.8
Lavale AWS,18.5422,73.7389,13-05-2024 11:45,2024-05-13 11:45:00,2024,5,13,11,134,35.5
Lavale AWS,18.5422,73.7389,13-05-2024 11:50,2024-05-13 11:50:00,2024,5,13,11,134,35.3
Lavale AWS,18.5422,73.7389,13-05-2024 11:55,2024-05-13 11:55:00,2024,5,13,11,134,35.5
Lavale AWS,18.5422,73.7389,13-05-2024 12:00,2024-05-13 12:00:00,2024,5,13,12,134,35.5
Lavale AWS,18.5422,73.7389,13-05-2024 12:05,2024-05-13 12:05:00,2024,5,13,12,134,35.8
Lavale AWS,18.5422,73.7389,13-05-2024 12:10,2024-05-13 12:10:00,2024,5,13,12,134,35.7
Lavale AWS,18.5422,73.7389,13-05-2024 12:15,2024-05-13 12:15:00,2024,5,13,12,134,35.8
Lavale AWS,18.5422,73.7389,13-05-2024 12:20,2024-05-13 12:20:00,2024,5,13,12,134,35.7
Lavale AWS,18.5422,73.7389,13-05-2024 12:25,2024-05-13 12:25:00,2024,5,13,12,134,35.7
Lavale AWS,18.5422,73.7389,13-05-2024 12:30,2024-05-13 12:30:00,2024,5,13,12,134,35.8
Lavale AWS,18.5422,73.7389,13-05-2024 12:35,2024-05-13 12:35:00,2024,5,13,12,134,36.0
Lavale AWS,18.5422,73.7389,13-05-2024 12:40,2024-05-13 12:40:00,2024,5,13,12,134,35.9
Lavale AWS,18.5422,73.7389,13-05-2024 12:45,2024-05-13 12:45:00,2024,5,13,12,134,36.0
Lavale AWS,18.5422,73.7389,13-05-2024 12:50,2024-05-13 12:50:00,2024,5,13,12,134,36.1
Lavale AWS,18.5422,73.7389,13-05-2024 12:55,2024-05-13 12:55:00,2024,5,13,12,134,36.2
Lavale AWS,18.5422,73.7389,13-05-2024 13:00,2024-05-13 13:00:00,2024,5,13,13,134,36.4
Lavale AWS,18.5422,73.7389,13-05-2024 13:05,2024-05-13 13:05:00,2024,5,13,13,134,36.2
Lavale AWS,18.5422,73.7389,13-05-2024 13:10,2024-05-13 13:10:00,2024,5,13,13,134,36.4
Lavale AWS,18.5422,73.7389,13-05-2024 13:15,2024-05-13 13:15:00,2024,5,13,13,134,36.3
Lavale AWS,18.5422,73.7389,13-05-2024 13:20,2024-05-13 13:20:00,2024,5,13,13,134,36.5
Lavale AWS,18.5422,73.7389,13-05-2024 13:25,2024-05-13 13:25:00,2024,5,13,13,134,36.6
Lavale AWS,18.5422,73.7389,13-05-2024 13:30,2024-05-13 13:30:00,2024,5,13,13,134,36.6
Lavale AWS,18.5422,73.7389,13-05-2024 13:35,2024-05-13 13:35:00,2024,5,13,13,134,36.5
Lavale AWS,18.5422,73.7389,13-05-2024 13:40,2024-05-13 13:40:00,2024,5,13,13,134,36.7
Lavale AWS,18.5422,73.7389,13-05-2024 13:45,2024-05-13 13:45:00,2024,5,13,13,134,36.9
Lavale AWS,18.5422,73.7389,13-05-2024 13:50,2024-05-13 13:50:00,2024,5,13,13,134,36.8
Lavale AWS,18.5422,73.7389,13-05-2024 13:55,2024-05-13 13:55:00,2024,5,13,13,134,36.6
Lavale AWS,18.5422,73.7389,13-05-2024 14:00,2024-05-13 14:00:00,2024,5,13,14,134,36.8
Lavale AWS,18.5422,73.7389,13-05-2024 14:05,2024-05-13 14:05:00,2024,5,13,14,134,36.5
Lavale AWS,18.5422,73.7389,13-05-2024 14:10,2024-05-13 14:10:00,2024,5,13,14,134,36.4
Lavale AWS,18.5422,73.7389,13-05-2024 14:15,2024-05-13 14:15:00,2024,5,13,14,134,36.2
Lavale AWS,18.5422,73.7389,13-05-2024 14:20,2024-05-13 14:20:00,2024,5,13,14,134,36.2
Lavale AWS,18.5422,73.7389,13-05-2024 14:25,2024-05-13 14:25:00,2024,5,13,14,134,36.0
Lavale AWS,18.5422,73.7389,13-05-2024 14:30,2024-05-13 14:30:00,2024,5,13,14,134,35.7
Lavale AWS,18.5422,73.7389,13-05-2024 14:35,2024-05-13 14:35:00,2024,5,13,14,134,35.6
Lavale AWS,18.5422,73.7389,13-05-2024 14:40,2024-05-13 14:40:00,2024,5,13,14,134,35.7
Lavale AWS,18.5422,73.7389,13-05-2024 14:45,2024-05-13 14:45:00,2024,5,13,14,134,35.6
Lavale AWS,18.5422,73.7389,13-05-2024 14:50,2024-05-13 14:50:00,2024,5,13,14,134,35.6
Lavale AWS,18.5422,73.7389,13-05-2024 14:55,2024-05-13 14:55:00,2024,5,13,14,134,35.9
Lavale AWS,18.5422,73.7389,13-05-2024 15:00,2024-05-13 15:00:00,2024,5,13,15,134,35.9
Lavale AWS,18.5422,73.7389,13-05-2024 15:05,2024-05-13 15:05:00,2024,5,13,15,134,35.9
Lavale AWS,18.5422,73.7389,13-05-2024 15:10,2024-05-13 15:10:00,2024,5,13,15,134,35.8
Lavale AWS,18.5422,73.7389,13-05-2024 15:15,2024-05-13 15:15:00,2024,5,13,15,134,36.1
Lavale AWS,18.5422,73.7389,13-05-2024 15:20,2024-05-13 15:20:00,2024,5,13,15,134,36.0
Lavale AWS,18.5422,73.7389,13-05-2024 15:25,2024-05-13 15:25:00,2024,5,13,15,134,36.0
Lavale AWS,18.5422,73.7389,13-05-2024 15:30,2024-05-13 15:30:00,2024,5,13,15,134,36.1
Lavale AWS,18.5422,73.7389,13-05-2024 15:35,2024-05-13 15:35:00,2024,5,13,15,134,36.1
Lavale AWS,18.5422,73.7389,13-05-2024 15:40,2024-05-13 15:40:00,2024,5,13,15,134,36.1
Lavale AWS,18.5422,73.7389,13-05-2024 15:45,2024-05-13 15:45:00,2024,5,13,15,134,36.0
Lavale AWS,18.5422,73.7389,13-05-2024 15:50,2024-05-13 15:50:00,2024,5,13,15,134,35.9
Lavale AWS,18.5422,73.7389,13-05-2024 15:55,2024-05-13 15:55:00,2024,5,13,15,134,35.9
Lavale AWS,18.5422,73.7389,13-05-2024 16:00,2024-05-13 16:00:00,2024,5,13,16,134,35.9
Lavale AWS,18.5422,73.7389,13-05-2024 16:05,2024-05-13 16:05:00,2024,5,13,16,134,35.8
Lavale AWS,18.5422,73.7389,13-05-2024 16:10,2024-05-13 16:10:00,2024,5,13,16,134,35.6
Lavale AWS,18.5422,73.7389,13-05-2024 16:15,2024-05-13 16:15:00,2024,5,13,16,134,35.5
Lavale AWS,18.5422,73.7389,13-05-2024 16:20,2024-05-13 16:20:00,2024,5,13,16,134,35.2
Lavale AWS,18.5422,73.7389,13-05-2024 16:25,2024-05-13 16:25:00,2024,5,13,16,134,34.9
Lavale AWS,18.5422,73.7389,13-05-2024 16:30,2024-05-13 16:30:00,2024,5,13,16,134,34.9
Lavale AWS,18.5422,73.7389,13-05-2024 16:35,2024-05-13 16:35:00,2024,5,13,16,134,35.0
Lavale AWS,18.5422,73.7389,13-05-2024 16:40,2024-05-13 16:40:00,2024,5,13,16,134,35.1
Lavale AWS,18.5422,73.7389,13-05-2024 16:45,2024-05-13 16:45:00,2024,5,13,16,134,34.7
Lavale AWS,18.5422,73.7389,13-05-2024 16:50,2024-05-13 16:50:00,2024,5,13,16,134,34.6
Lavale AWS,18.5422,73.7389,13-05-2024 16:55,2024-05-13 16:55:00,2024,5,13,16,134,34.4
Lavale AWS,18.5422,73.7389,13-05-2024 17:00,2024-05-13 17:00:00,2024,5,13,17,134,34.3
Lavale AWS,18.5422,73.7389,13-05-2024 17:05,2024-05-13 17:05:00,2024,5,13,17,134,34.2
Lavale AWS,18.5422,73.7389,13-05-2024 17:10,2024-05-13 17:10:00,2024,5,13,17,134,34.2
Lavale AWS,18.5422,73.7389,13-05-2024 17:15,2024-05-13 17:15:00,2024,5,13,17,134,34.2
Lavale AWS,18.5422,73.7389,13-05-2024 17:20,2024-05-13 17:20:00,2024,5,13,17,134,33.8
Lavale AWS,18.5422,73.7389,13-05-2024 17:25,2024-05-13 17:25:00,2024,5,13,17,134,33.6
Lavale AWS,18.5422,73.7389,13-05-2024 17:30,2024-05-13 17:30:00,2024,5,13,17,134,33.6
Lavale AWS,18.5422,73.7389,13-05-2024 17:35,2024-05-13 17:35:00,2024,5,13,17,134,33.5
Lavale AWS,18.5422,73.7389,13-05-2024 17:40,2024-05-13 17:40:00,2024,5,13,17,134,33.2
Lavale AWS,18.5422,73.7389,13-05-2024 17:45,2024-05-13 17:45:00,2024,5,13,17,134,32.9
Lavale AWS,18.5422,73.7389,13-05-2024 17:50,2024-05-13 17:50:00,2024,5,13,17,134,32.9
Lavale AWS,18.5422,73.7389,13-05-2024 17:55,2024-05-13 17:55:00,2024,5,13,17,134,32.6
Lavale AWS,18.5422,73.7389,13-05-2024 18:00,2024-05-13 18:00:00,2024,5,13,18,134,32.3
Lavale AWS,18.5422,73.7389,13-05-2024 18:05,2024-05-13 18:05:00,2024,5,13,18,134,32.2
Lavale AWS,18.5422,73.7389,13-05-2024 18:10,2024-05-13 18:10:00,2024,5,13,18,134,32.1
Lavale AWS,18.5422,73.7389,13-05-2024 18:15,2024-05-13 18:15:00,2024,5,13,18,134,31.9
Lavale AWS,18.5422,73.7389,13-05-2024 18:20,2024-05-13 18:20:00,2024,5,13,18,134,31.8
Lavale AWS,18.5422,73.7389,13-05-2024 18:25,2024-05-13 18:25:00,2024,5,13,18,134,31.7
Lavale AWS,18.5422,73.7389,13-05-2024 18:30,2024-05-13 18:30:00,2024,5,13,18,134,31.5
Lavale AWS,18.5422,73.7389,13-05-2024 18:35,2024-05-13 18:35:00,2024,5,13,18,134,31.5
Lavale AWS,18.5422,73.7389,13-05-2024 18:40,2024-05-13 18:40:00,2024,5,13,18,134,31.4
Lavale AWS,18.5422,73.7389,13-05-2024 18:45,2024-05-13 18:45:00,2024,5,13,18,134,31.3
Lavale AWS,18.5422,73.7389,13-05-2024 18:50,2024-05-13 18:50:00,2024,5,13,18,134,31.4
Lavale AWS,18.5422,73.7389,13-05-2024 18:55,2024-05-13 18:55:00,2024,5,13,18,134,31.4
Lavale AWS,18.5422,73.7389,13-05-2024 19:00,2024-05-13 19:00:00,2024,5,13,19,134,31.6
Lavale AWS,18.5422,73.7389,13-05-2024 19:05,2024-05-13 19:05:00,2024,5,13,19,134,31.6
Lavale AWS,18.5422,73.7389,13-05-2024 19:10,2024-05-13 19:10:00,2024,5,13,19,134,31.5
Lavale AWS,18.5422,73.7389,13-05-2024 19:15,2024-05-13 19:15:00,2024,5,13,19,134,31.3
Lavale AWS,18.5422,73.7389,13-05-2024 19:20,2024-05-13 19:20:00,2024,5,13,19,134,31.1
Lavale AWS,18.5422,73.7389,13-05-2024 19:25,2024-05-13 19:25:00,2024,5,13,19,134,30.9
Lavale AWS,18.5422,73.7389,13-05-2024 19:30,2024-05-13 19:30:00,2024,5,13,19,134,30.8
Lavale AWS,18.5422,73.7389,13-05-2024 19:35,2024-05-13 19:35:00,2024,5,13,19,134,30.8
Lavale AWS,18.5422,73.7389,13-05-2024 19:40,2024-05-13 19:40:00,2024,5,13,19,134,30.5
Lavale AWS,18.5422,73.7389,13-05-2024 19:45,2024-05-13 19:45:00,2024,5,13,19,134,30.4
Lavale AWS,18.5422,73.7389,13-05-2024 19:50,2024-05-13 19:50:00,2024,5,13,19,134,30.2
Lavale AWS,18.5422,73.7389,13-05-2024 19:55,2024-05-13 19:55:00,2024,5,13,19,134,30.1
Lavale AWS,18.5422,73.7389,13-05-2024 20:00,2024-05-13 20:00:00,2024,5,13,20,134,29.9
Lavale AWS,18.5422,73.7389,13-05-2024 20:05,2024-05-13 20:05:00,2024,5,13,20,134,29.7
Lavale AWS,18.5422,73.7389,13-05-2024 20:10,2024-05-13 20:10:00,2024,5,13,20,134,29.5
Lavale AWS,18.5422,73.7389,13-05-2024 20:15,2024-05-13 20:15:00,2024,5,13,20,134,29.4
Lavale AWS,18.5422,73.7389,13-05-2024 20:20,2024-05-13 20:20:00,2024,5,13,20,134,29.3
Lavale AWS,18.5422,73.7389,13-05-2024 20:25,2024-05-13 20:25:00,2024,5,13,20,134,29.1
Lavale AWS,18.5422,73.7389,13-05-2024 20:30,2024-05-13 20:30:00,2024,5,13,20,134,29.0
Lavale AWS,18.5422,73.7389,13-05-2024 20:35,2024-05-13 20:35:00,2024,5,13,20,134,28.9
Lavale AWS,18.5422,73.7389,13-05-2024 20:40,2024-05-13 20:40:00,2024,5,13,20,134,28.9
Lavale AWS,18.5422,73.7389,13-05-2024 20:45,2024-05-13 20:45:00,2024,5,13,20,134,28.6
Lavale AWS,18.5422,73.7389,13-05-2024 20:50,2024-05-13 20:50:00,2024,5,13,20,134,28.5
Lavale AWS,18.5422,73.7389,13-05-2024 20:55,2024-05-13 20:55:00,2024,5,13,20,134,28.2
Lavale AWS,18.5422,73.7389,13-05-2024 21:00,2024-05-13 21:00:00,2024,5,13,21,134,28.0
Lavale AWS,18.5422,73.7389,13-05-2024 21:05,2024-05-13 21:05:00,2024,5,13,21,134,27.6
Lavale AWS,18.5422,73.7389,13-05-2024 21:10,2024-05-13 21:10:00,2024,5,13,21,134,27.6
Lavale AWS,18.5422,73.7389,13-05-2024 21:15,2024-05-13 21:15:00,2024,5,13,21,134,27.7
Lavale AWS,18.5422,73.7389,13-05-2024 21:20,2024-05-13 21:20:00,2024,5,13,21,134,27.7
Lavale AWS,18.5422,73.7389,13-05-2024 21:25,2024-05-13 21:25:00,2024,5,13,21,134,27.5
Lavale AWS,18.5422,73.7389,13-05-2024 21:30,2024-05-13 21:30:00,2024,5,13,21,134,27.3
Lavale AWS,18.5422,73.7389,13-05-2024 21:35,2024-05-13 21:35:00,2024,5,13,21,134,27.1
Lavale AWS,18.5422,73.7389,13-05-2024 21:40,2024-05-13 21:40:00,2024,5,13,21,134,27.2
Lavale AWS,18.5422,73.7389,13-05-2024 21:45,2024-05-13 21:45:00,2024,5,13,21,134,27.3
Lavale AWS,18.5422,73.7389,13-05-2024 21:50,2024-05-13 21:50:00,2024,5,13,21,134,27.2
Lavale AWS,18.5422,73.7389,13-05-2024 21:55,2024-05-13 21:55:00,2024,5,13,21,134,26.9
Lavale AWS,18.5422,73.7389,13-05-2024 22:00,2024-05-13 22:00:00,2024,5,13,22,134,27.0
Lavale AWS,18.5422,73.7389,13-05-2024 22:05,2024-05-13 22:05:00,2024,5,13,22,134,26.8
Lavale AWS,18.5422,73.7389,13-05-2024 22:10,2024-05-13 22:10:00,2024,5,13,22,134,26.7
Lavale AWS,18.5422,73.7389,13-05-2024 22:15,2024-05-13 22:15:00,2024,5,13,22,134,26.8
Lavale AWS,18.5422,73.7389,13-05-2024 22:20,2024-05-13 22:20:00,2024,5,13,22,134,26.5
Lavale AWS,18.5422,73.7389,13-05-2024 22:25,2024-05-13 22:25:00,2024,5,13,22,134,26.5
Lavale AWS,18.5422,73.7389,13-05-2024 22:30,2024-05-13 22:30:00,2024,5,13,22,134,26.4
Lavale AWS,18.5422,73.7389,13-05-2024 22:35,2024-05-13 22:35:00,2024,5,13,22,134,26.3
Lavale AWS,18.5422,73.7389,13-05-2024 22:40,2024-05-13 22:40:00,2024,5,13,22,134,26.0
Lavale AWS,18.5422,73.7389,13-05-2024 22:45,2024-05-13 22:45:00,2024,5,13,22,134,25.8
Lavale AWS,18.5422,73.7389,13-05-2024 22:50,2024-05-13 22:50:00,2024,5,13,22,134,25.7
Lavale AWS,18.5422,73.7389,13-05-2024 22:55,2024-05-13 22:55:00,2024,5,13,22,134,25.4
Lavale AWS,18.5422,73.7389,13-05-2024 23:00,2024-05-13 23:00:00,2024,5,13,23,134,25.3
Lavale AWS,18.5422,73.7389,13-05-2024 23:05,2024-05-13 23:05:00,2024,5,13,23,134,25.3
Lavale AWS,18.5422,73.7389,13-05-2024 23:10,2024-05-13 23:10:00,2024,5,13,23,134,25.3
Lavale AWS,18.5422,73.7389,13-05-2024 23:15,2024-05-13 23:15:00,2024,5,13,23,134,25.0
Lavale AWS,18.5422,73.7389,13-05-2024 23:20,2024-05-13 23:20:00,2024,5,13,23,134,25.1
Lavale AWS,18.5422,73.7389,13-05-2024 23:25,2024-05-13 23:25:00,2024,5,13,23,134,25.2
Lavale AWS,18.5422,73.7389,13-05-2024 23:30,2024-05-13 23:30:00,2024,5,13,23,134,25.2
Lavale AWS,18.5422,73.7389,13-05-2024 23:35,2024-05-13 23:35:00,2024,5,13,23,134,24.9
Lavale AWS,18.5422,73.7389,13-05-2024 23:40,2024-05-13 23:40:00,2024,5,13,23,134,24.7
Lavale AWS,18.5422,73.7389,13-05-2024 23:45,2024-05-13 23:45:00,2024,5,13,23,134,24.6
Lavale AWS,18.5422,73.7389,13-05-2024 23:50,2024-05-13 23:50:00,2024,5,13,23,134,24.6
Lavale AWS,18.5422,73.7389,13-05-2024 23:55,2024-05-13 23:55:00,2024,5,13,23,134,24.5
Lavale AWS,18.5422,73.7389,14-05-2024 00:00,2024-05-14 00:00:00,2024,5,14,0,135,24.4
Lavale AWS,18.5422,73.7389,14-05-2024 00:05,2024-05-14 00:05:00,2024,5,14,0,135,24.3
Lavale AWS,18.5422,73.7389,14-05-2024 00:10,2024-05-14 00:10:00,2024,5,14,0,135,24.3
Lavale AWS,18.5422,73.7389,14-05-2024 00:15,2024-05-14 00:15:00,2024,5,14,0,135,24.1
Lavale AWS,18.5422,73.7389,14-05-2024 00:20,2024-05-14 00:20:00,2024,5,14,0,135,24.0
Lavale AWS,18.5422,73.7389,14-05-2024 00:25,2024-05-14 00:25:00,2024,5,14,0,135,23.8
Lavale AWS,18.5422,73.7389,14-05-2024 00:30,2024-05-14 00:30:00,2024,5,14,0,135,24.0
Lavale AWS,18.5422,73.7389,14-05-2024 00:35,2024-05-14 00:35:00,2024,5,14,0,135,24.2
Lavale AWS,18.5422,73.7389,14-05-2024 00:40,2024-05-14 00:40:00,2024,5,14,0,135,24.2
Lavale AWS,18.5422,73.7389,14-05-2024 00:45,2024-05-14 00:45:00,2024,5,14,0,135,24.3
Lavale AWS,18.5422,73.7389,14-05-2024 00:50,2024-05-14 00:50:00,2024,5,14,0,135,24.3
Lavale AWS,18.5422,73.7389,14-05-2024 00:55,2024-05-14 00:55:00,2024,5,14,0,135,24.2
Lavale AWS,18.5422,73.7389,14-05-2024 01:00,2024-05-14 01:00:00,2024,5,14,1,135,23.9
Lavale AWS,18.5422,73.7389,14-05-2024 01:05,2024-05-14 01:05:00,2024,5,14,1,135,23.8
Lavale AWS,18.5422,73.7389,14-05-2024 01:10,2024-05-14 01:10:00,2024,5,14,1,135,23.7
Lavale AWS,18.5422,73.7389,14-05-2024 01:15,2024-05-14 01:15:00,2024,5,14,1,135,23.5
Lavale AWS,18.5422,73.7389,14-05-2024 01:20,2024-05-14 01:20:00,2024,5,14,1,135,23.2
Lavale AWS,18.5422,73.7389,14-05-2024 01:25,2024-05-14 01:25:00,2024,5,14,1,135,23.2
Lavale AWS,18.5422,73.7389,14-05-2024 01:30,2024-05-14 01:30:00,2024,5,14,1,135,23.2
Lavale AWS,18.5422,73.7389,14-05-2024 01:35,2024-05-14 01:35:00,2024,5,14,1,135,23.0
Lavale AWS,18.5422,73.7389,14-05-2024 01:40,2024-05-14 01:40:00,2024,5,14,1,135,22.9
Lavale AWS,18.5422,73.7389,14-05-2024 01:45,2024-05-14 01:45:00,2024,5,14,1,135,23.1
Lavale AWS,18.5422,73.7389,14-05-2024 01:50,2024-05-14 01:50:00,2024,5,14,1,135,22.9
Lavale AWS,18.5422,73.7389,14-05-2024 01:55,2024-05-14 01:55:00,2024,5,14,1,135,22.9
Lavale AWS,18.5422,73.7389,14-05-2024 02:00,2024-05-14 02:00:00,2024,5,14,2,135,22.9
Lavale AWS,18.5422,73.7389,14-05-2024 02:05,2024-05-14 02:05:00,2024,5,14,2,135,23.0
Lavale AWS,18.5422,73.7389,14-05-2024 02:10,2024-05-14 02:10:00,2024,5,14,2,135,22.8
Lavale AWS,18.5422,73.7389,14-05-2024 02:15,2024-05-14 02:15:00,2024,5,14,2,135,22.8
Lavale AWS,18.5422,73.7389,14-05-2024 02:20,2024-05-14 02:20:00,2024,5,14,2,135,22.9
Lavale AWS,18.5422,73.7389,14-05-2024 02:25,2024-05-14 02:25:00,2024,5,14,2,135,22.9
Lavale AWS,18.5422,73.7389,14-05-2024 02:30,2024-05-14 02:30:00,2024,5,14,2,135,22.9
Lavale AWS,18.5422,73.7389,14-05-2024 02:35,2024-05-14 02:35:00,2024,5,14,2,135,23.0
Lavale AWS,18.5422,73.7389,14-05-2024 02:40,2024-05-14 02:40:00,2024,5,14,2,135,23.3
Lavale AWS,18.5422,73.7389,14-05-2024 02:45,2024-05-14 02:45:00,2024,5,14,2,135,23.7
Lavale AWS,18.5422,73.7389,14-05-2024 02:50,2024-05-14 02:50:00,2024,5,14,2,135,23.6
Lavale AWS,18.5422,73.7389,14-05-2024 02:55,2024-05-14 02:55:00,2024,5,14,2,135,23.3
Lavale AWS,18.5422,73.7389,14-05-2024 03:00,2024-05-14 03:00:00,2024,5,14,3,135,23.4
Lavale AWS,18.5422,73.7389,14-05-2024 03:05,2024-05-14 03:05:00,2024,5,14,3,135,23.4
Lavale AWS,18.5422,73.7389,14-05-2024 03:10,2024-05-14 03:10:00,2024,5,14,3,135,23.6
Lavale AWS,18.5422,73.7389,14-05-2024 03:15,2024-05-14 03:15:00,2024,5,14,3,135,23.7
Lavale AWS,18.5422,73.7389,14-05-2024 03:20,2024-05-14 03:20:00,2024,5,14,3,135,23.7
Lavale AWS,18.5422,73.7389,14-05-2024 03:25,2024-05-14 03:25:00,2024,5,14,3,135,23.9
Lavale AWS,18.5422,73.7389,14-05-2024 03:30,2024-05-14 03:30:00,2024,5,14,3,135,24.1
Lavale AWS,18.5422,73.7389,14-05-2024 03:35,2024-05-14 03:35:00,2024,5,14,3,135,23.9
Lavale AWS,18.5422,73.7389,14-05-2024 03:40,2024-05-14 03:40:00,2024,5,14,3,135,23.8
Lavale AWS,18.5422,73.7389,14-05-2024 03:45,2024-05-14 03:45:00,2024,5,14,3,135,23.8
Lavale AWS,18.5422,73.7389,14-05-2024 03:50,2024-05-14 03:50:00,2024,5,14,3,135,23.9
Lavale AWS,18.5422,73.7389,14-05-2024 03:55,2024-05-14 03:55:00,2024,5,14,3,135,23.9
Lavale AWS,18.5422,73.7389,14-05-2024 04:00,2024-05-14 04:00:00,2024,5,14,4,135,24.0
Lavale AWS,18.5422,73.7389,14-05-2024 04:05,2024-05-14 04:05:00,2024,5,14,4,135,24.2
Lavale AWS,18.5422,73.7389,14-05-2024 04:10,2024-05-14 04:10:00,2024,5,14,4,135,24.5
Lavale AWS,18.5422,73.7389,14-05-2024 04:15,2024-05-14 04:15:00,2024,5,14,4,135,24.6
Lavale AWS,18.5422,73.7389,14-05-2024 04:20,2024-05-14 04:20:00,2024,5,14,4,135,24.5
Lavale AWS,18.5422,73.7389,14-05-2024 04:25,2024-05-14 04:25:00,2024,5,14,4,135,24.6
Lavale AWS,18.5422,73.7389,14-05-2024 04:30,2024-05-14 04:30:00,2024,5,14,4,135,24.6
Lavale AWS,18.5422,73.7389,14-05-2024 04:35,2024-05-14 04:35:00,2024,5,14,4,135,24.8
Lavale AWS,18.5422,73.7389,14-05-2024 04:40,2024-05-14 04:40:00,2024,5,14,4,135,24.9
Lavale AWS,18.5422,73.7389,14-05-2024 04:45,2024-05-14 04:45:00,2024,5,14,4,135,25.2
Lavale AWS,18.5422,73.7389,14-05-2024 04:50,2024-05-14 04:50:00,2024,5,14,4,135,25.2
Lavale AWS,18.5422,73.7389,14-05-2024 04:55,2024-05-14 04:55:00,2024,5,14,4,135,25.4
Lavale AWS,18.5422,73.7389,14-05-2024 05:00,2024-05-14 05:00:00,2024,5,14,5,135,25.8
Lavale AWS,18.5422,73.7389,14-05-2024 05:05,2024-05-14 05:05:00,2024,5,14,5,135,25.7
Lavale AWS,18.5422,73.7389,14-05-2024 05:10,2024-05-14 05:10:00,2024,5,14,5,135,25.8
Lavale AWS,18.5422,73.7389,14-05-2024 05:15,2024-05-14 05:15:00,2024,5,14,5,135,25.7
Lavale AWS,18.5422,73.7389,14-05-2024 05:20,2024-05-14 05:20:00,2024,5,14,5,135,25.8
Lavale AWS,18.5422,73.7389,14-05-2024 05:25,2024-05-14 05:25:00,2024,5,14,5,135,25.8
Lavale AWS,18.5422,73.7389,14-05-2024 05:30,2024-05-14 05:30:00,2024,5,14,5,135,26.0
Lavale AWS,18.5422,73.7389,14-05-2024 05:35,2024-05-14 05:35:00,2024,5,14,5,135,26.1
Lavale AWS,18.5422,73.7389,14-05-2024 05:40,2024-05-14 05:40:00,2024,5,14,5,135,26.1
Lavale AWS,18.5422,73.7389,14-05-2024 05:45,2024-05-14 05:45:00,2024,5,14,5,135,26.3
Lavale AWS,18.5422,73.7389,14-05-2024 05:50,2024-05-14 05:50:00,2024,5,14,5,135,26.4
Lavale AWS,18.5422,73.7389,14-05-2024 05:55,2024-05-14 05:55:00,2024,5,14,5,135,26.7
Lavale AWS,18.5422,73.7389,14-05-2024 06:00,2024-05-14 06:00:00,2024,5,14,6,135,26.6
Lavale AWS,18.5422,73.7389,14-05-2024 06:05,2024-05-14 06:05:00,2024,5,14,6,135,26.7
Lavale AWS,18.5422,73.7389,14-05-2024 06:10,2024-05-14 06:10:00,2024,5,14,6,135,27.0
Lavale AWS,18.5422,73.7389,14-05-2024 06:15,2024-05-14 06:15:00,2024,5,14,6,135,27.0
Lavale AWS,18.5422,73.7389,14-05-2024 06:20,2024-05-14 06:20:00,2024,5,14,6,135,26.9
Lavale AWS,18.5422,73.7389,14-05-2024 06:25,2024-05-14 06:25:00,2024,5,14,6,135,27.0
Lavale AWS,18.5422,73.7389,14-05-2024 06:30,2024-05-14 06:30:00,2024,5,14,6,135,27.4
Lavale AWS,18.5422,73.7389,14-05-2024 06:35,2024-05-14 06:35:00,2024,5,14,6,135,27.6
Lavale AWS,18.5422,73.7389,14-05-2024 06:40,2024-05-14 06:40:00,2024,5,14,6,135,27.7
Lavale AWS,18.5422,73.7389,14-05-2024 06:45,2024-05-14 06:45:00,2024,5,14,6,135,27.6
Lavale AWS,18.5422,73.7389,14-05-2024 06:50,2024-05-14 06:50:00,2024,5,14,6,135,27.7
Lavale AWS,18.5422,73.7389,14-05-2024 06:55,2024-05-14 06:55:00,2024,5,14,6,135,27.8
Lavale AWS,18.5422,73.7389,14-05-2024 07:00,2024-05-14 07:00:00,2024,5,14,7,135,28.0
Lavale AWS,18.5422,73.7389,14-05-2024 07:05,2024-05-14 07:05:00,2024,5,14,7,135,28.1
Lavale AWS,18.5422,73.7389,14-05-2024 07:10,2024-05-14 07:10:00,2024,5,14,7,135,28.1
Lavale AWS,18.5422,73.7389,14-05-2024 07:15,2024-05-14 07:15:00,2024,5,14,7,135,28.4
Lavale AWS,18.5422,73.7389,14-05-2024 07:20,2024-05-14 07:20:00,2024,5,14,7,135,28.6
Lavale AWS,18.5422,73.7389,14-05-2024 07:25,2024-05-14 07:25:00,2024,5,14,7,135,28.8
Lavale AWS,18.5422,73.7389,14-05-2024 07:30,2024-05-14 07:30:00,2024,5,14,7,135,28.7
Lavale AWS,18.5422,73.7389,14-05-2024 07:35,2024-05-14 07:35:00,2024,5,14,7,135,28.5
Lavale AWS,18.5422,73.7389,14-05-2024 07:40,2024-05-14 07:40:00,2024,5,14,7,135,28.4
Lavale AWS,18.5422,73.7389,14-05-2024 07:45,2024-05-14 07:45:00,2024,5,14,7,135,28.6
Lavale AWS,18.5422,73.7389,14-05-2024 07:50,2024-05-14 07:50:00,2024,5,14,7,135,28.8
Lavale AWS,18.5422,73.7389,14-05-2024 07:55,2024-05-14 07:55:00,2024,5,14,7,135,28.7
Lavale AWS,18.5422,73.7389,14-05-2024 08:00,2024-05-14 08:00:00,2024,5,14,8,135,29.1
Lavale AWS,18.5422,73.7389,14-05-2024 08:05,2024-05-14 08:05:00,2024,5,14,8,135,29.3
Lavale AWS,18.5422,73.7389,14-05-2024 08:10,2024-05-14 08:10:00,2024,5,14,8,135,29.7
Lavale AWS,18.5422,73.7389,14-05-2024 08:15,2024-05-14 08:15:00,2024,5,14,8,135,29.8
Lavale AWS,18.5422,73.7389,14-05-2024 08:20,2024-05-14 08:20:00,2024,5,14,8,135,30.0
Lavale AWS,18.5422,73.7389,14-05-2024 08:25,2024-05-14 08:25:00,2024,5,14,8,135,30.2
Lavale AWS,18.5422,73.7389,14-05-2024 08:30,2024-05-14 08:30:00,2024,5,14,8,135,30.5
Lavale AWS,18.5422,73.7389,14-05-2024 08:35,2024-05-14 08:35:00,2024,5,14,8,135,30.6
Lavale AWS,18.5422,73.7389,14-05-2024 08:40,2024-05-14 08:40:00,2024,5,14,8,135,30.9
Lavale AWS,18.5422,73.7389,14-05-2024 08:45,2024-05-14 08:45:00,2024,5,14,8,135,31.2
Lavale AWS,18.5422,73.7389,14-05-2024 08:50,2024-05-14 08:50:00,2024,5,14,8,135,31.3
Lavale AWS,18.5422,73.7389,14-05-2024 08:55,2024-05-14 08:55:00,2024,5,14,8,135,31.5
Lavale AWS,18.5422,73.7389,14-05-2024 09:00,2024-05-14 09:00:00,2024,5,14,9,135,31.3
Lavale AWS,18.5422,73.7389,14-05-2024 09:05,2024-05-14 09:05:00,2024,5,14,9,135,31.6
Lavale AWS,18.5422,73.7389,14-05-2024 09:10,2024-05-14 09:10:00,2024,5,14,9,135,32.1
Lavale AWS,18.5422,73.7389,14-05-2024 09:15,2024-05-14 09:15:00,2024,5,14,9,135,32.0
Lavale AWS,18.5422,73.7389,14-05-2024 09:20,2024-05-14 09:20:00,2024,5,14,9,135,32.2
Lavale AWS,18.5422,73.7389,14-05-2024 09:25,2024-05-14 09:25:00,2024,5,14,9,135,32.5
Lavale AWS,18.5422,73.7389,14-05-2024 09:30,2024-05-14 09:30:00,2024,5,14,9,135,32.6
Lavale AWS,18.5422,73.7389,14-05-2024 09:35,2024-05-14 09:35:00,2024,5,14,9,135,32.8
Lavale AWS,18.5422,73.7389,14-05-2024 09:40,2024-05-14 09:40:00,2024,5,14,9,135,32.9
Lavale AWS,18.5422,73.7389,14-05-2024 09:45,2024-05-14 09:45:00,2024,5,14,9,135,33.0
Lavale AWS,18.5422,73.7389,14-05-2024 09:50,2024-05-14 09:50:00,2024,5,14,9,135,33.1
Lavale AWS,18.5422,73.7389,14-05-2024 09:55,2024-05-14 09:55:00,2024,5,14,9,135,33.3
Lavale AWS,18.5422,73.7389,14-05-2024 10:00,2024-05-14 10:00:00,2024,5,14,10,135,33.3
Lavale AWS,18.5422,73.7389,14-05-2024 10:05,2024-05-14 10:05:00,2024,5,14,10,135,33.4
Lavale AWS,18.5422,73.7389,14-05-2024 10:10,2024-05-14 10:10:00,2024,5,14,10,135,33.8
Lavale AWS,18.5422,73.7389,14-05-2024 10:15,2024-05-14 10:15:00,2024,5,14,10,135,33.9
Lavale AWS,18.5422,73.7389,14-05-2024 10:20,2024-05-14 10:20:00,2024,5,14,10,135,33.8
Lavale AWS,18.5422,73.7389,14-05-2024 10:25,2024-05-14 10:25:00,2024,5,14,10,135,34.0
Lavale AWS,18.5422,73.7389,14-05-2024 10:30,2024-05-14 10:30:00,2024,5,14,10,135,34.0
Lavale AWS,18.5422,73.7389,14-05-2024 10:35,2024-05-14 10:35:00,2024,5,14,10,135,34.0
Lavale AWS,18.5422,73.7389,14-05-2024 10:40,2024-05-14 10:40:00,2024,5,14,10,135,34.2
Lavale AWS,18.5422,73.7389,14-05-2024 10:45,2024-05-14 10:45:00,2024,5,14,10,135,34.2
Lavale AWS,18.5422,73.7389,14-05-2024 10:50,2024-05-14 10:50:00,2024,5,14,10,135,34.3
Lavale AWS,18.5422,73.7389,14-05-2024 10:55,2024-05-14 10:55:00,2024,5,14,10,135,34.5
Lavale AWS,18.5422,73.7389,14-05-2024 11:00,2024-05-14 11:00:00,2024,5,14,11,135,34.4
Lavale AWS,18.5422,73.7389,14-05-2024 11:05,2024-05-14 11:05:00,2024,5,14,11,135,34.3
Lavale AWS,18.5422,73.7389,14-05-2024 11:10,2024-05-14 11:10:00,2024,5,14,11,135,34.6
Lavale AWS,18.5422,73.7389,14-05-2024 11:15,2024-05-14 11:15:00,2024,5,14,11,135,34.5
Lavale AWS,18.5422,73.7389,14-05-2024 11:20,2024-05-14 11:20:00,2024,5,14,11,135,34.5
Lavale AWS,18.5422,73.7389,14-05-2024 11:25,2024-05-14 11:25:00,2024,5,14,11,135,34.4
Lavale AWS,18.5422,73.7389,14-05-2024 11:30,2024-05-14 11:30:00,2024,5,14,11,135,34.5
Lavale AWS,18.5422,73.7389,14-05-2024 11:35,2024-05-14 11:35:00,2024,5,14,11,135,34.8
Lavale AWS,18.5422,73.7389,14-05-2024 11:40,2024-05-14 11:40:00,2024,5,14,11,135,35.0
Lavale AWS,18.5422,73.7389,14-05-2024 11:45,2024-05-14 11:45:00,2024,5,14,11,135,35.5
Lavale AWS,18.5422,73.7389,14-05-2024 11:50,2024-05-14 11:50:00,2024,5,14,11,135,35.8
Lavale AWS,18.5422,73.7389,14-05-2024 11:55,2024-05-14 11:55:00,2024,5,14,11,135,35.8
Lavale AWS,18.5422,73.7389,14-05-2024 12:00,2024-05-14 12:00:00,2024,5,14,12,135,35.7
Lavale AWS,18.5422,73.7389,14-05-2024 12:05,2024-05-14 12:05:00,2024,5,14,12,135,36.3
Lavale AWS,18.5422,73.7389,14-05-2024 12:10,2024-05-14 12:10:00,2024,5,14,12,135,36.6
Lavale AWS,18.5422,73.7389,14-05-2024 12:15,2024-05-14 12:15:00,2024,5,14,12,135,36.8
Lavale AWS,18.5422,73.7389,14-05-2024 12:20,2024-05-14 12:20:00,2024,5,14,12,135,36.9
Lavale AWS,18.5422,73.7389,14-05-2024 12:25,2024-05-14 12:25:00,2024,5,14,12,135,37.0
Lavale AWS,18.5422,73.7389,14-05-2024 12:30,2024-05-14 12:30:00,2024,5,14,12,135,36.9
Lavale AWS,18.5422,73.7389,14-05-2024 12:35,2024-05-14 12:35:00,2024,5,14,12,135,37.0
Lavale AWS,18.5422,73.7389,14-05-2024 12:40,2024-05-14 12:40:00,2024,5,14,12,135,37.1
Lavale AWS,18.5422,73.7389,14-05-2024 12:45,2024-05-14 12:45:00,2024,5,14,12,135,37.0
Lavale AWS,18.5422,73.7389,14-05-2024 12:50,2024-05-14 12:50:00,2024,5,14,12,135,37.1
Lavale AWS,18.5422,73.7389,14-05-2024 12:55,2024-05-14 12:55:00,2024,5,14,12,135,37.4
Lavale AWS,18.5422,73.7389,14-05-2024 13:00,2024-05-14 13:00:00,2024,5,14,13,135,37.4
Lavale AWS,18.5422,73.7389,14-05-2024 13:05,2024-05-14 13:05:00,2024,5,14,13,135,37.8
Lavale AWS,18.5422,73.7389,14-05-2024 13:10,2024-05-14 13:10:00,2024,5,14,13,135,37.6
Lavale AWS,18.5422,73.7389,14-05-2024 13:15,2024-05-14 13:15:00,2024,5,14,13,135,37.6
Lavale AWS,18.5422,73.7389,14-05-2024 13:20,2024-05-14 13:20:00,2024,5,14,13,135,37.4
Lavale AWS,18.5422,73.7389,14-05-2024 13:25,2024-05-14 13:25:00,2024,5,14,13,135,37.3
Lavale AWS,18.5422,73.7389,14-05-2024 13:30,2024-05-14 13:30:00,2024,5,14,13,135,37.3
Lavale AWS,18.5422,73.7389,14-05-2024 13:35,2024-05-14 13:35:00,2024,5,14,13,135,37.4
Lavale AWS,18.5422,73.7389,14-05-2024 13:40,2024-05-14 13:40:00,2024,5,14,13,135,37.5
Lavale AWS,18.5422,73.7389,14-05-2024 13:45,2024-05-14 13:45:00,2024,5,14,13,135,37.5
Lavale AWS,18.5422,73.7389,14-05-2024 13:50,2024-05-14 13:50:00,2024,5,14,13,135,37.2
Lavale AWS,18.5422,73.7389,14-05-2024 13:55,2024-05-14 13:55:00,2024,5,14,13,135,37.5
Lavale AWS,18.5422,73.7389,14-05-2024 14:00,2024-05-14 14:00:00,2024,5,14,14,135,37.5
Lavale AWS,18.5422,73.7389,14-05-2024 14:05,2024-05-14 14:05:00,2024,5,14,14,135,37.4
Lavale AWS,18.5422,73.7389,14-05-2024 14:10,2024-05-14 14:10:00,2024,5,14,14,135,37.5
Lavale AWS,18.5422,73.7389,14-05-2024 14:15,2024-05-14 14:15:00,2024,5,14,14,135,37.6
Lavale AWS,18.5422,73.7389,14-05-2024 14:20,2024-05-14 14:20:00,2024,5,14,14,135,37.6
Lavale AWS,18.5422,73.7389,14-05-2024 14:25,2024-05-14 14:25:00,2024,5,14,14,135,37.7
Lavale AWS,18.5422,73.7389,14-05-2024 14:30,2024-05-14 14:30:00,2024,5,14,14,135,37.5
Lavale AWS,18.5422,73.7389,14-05-2024 14:35,2024-05-14 14:35:00,2024,5,14,14,135,37.7
Lavale AWS,18.5422,73.7389,14-05-2024 14:40,2024-05-14 14:40:00,2024,5,14,14,135,37.6
Lavale AWS,18.5422,73.7389,14-05-2024 14:45,2024-05-14 14:45:00,2024,5,14,14,135,37.5
Lavale AWS,18.5422,73.7389,14-05-2024 14:50,2024-05-14 14:50:00,2024,5,14,14,135,37.7
Lavale AWS,18.5422,73.7389,14-05-2024 14:55,2024-05-14 14:55:00,2024,5,14,14,135,37.9
Lavale AWS,18.5422,73.7389,14-05-2024 15:00,2024-05-14 15:00:00,2024,5,14,15,135,38.1
Lavale AWS,18.5422,73.7389,14-05-2024 15:05,2024-05-14 15:05:00,2024,5,14,15,135,38.3
Lavale AWS,18.5422,73.7389,14-05-2024 15:10,2024-05-14 15:10:00,2024,5,14,15,135,38.2
Lavale AWS,18.5422,73.7389,14-05-2024 15:15,2024-05-14 15:15:00,2024,5,14,15,135,38.0
Lavale AWS,18.5422,73.7389,14-05-2024 15:20,2024-05-14 15:20:00,2024,5,14,15,135,38.2
Lavale AWS,18.5422,73.7389,14-05-2024 15:25,2024-05-14 15:25:00,2024,5,14,15,135,38.3
Lavale AWS,18.5422,73.7389,14-05-2024 15:30,2024-05-14 15:30:00,2024,5,14,15,135,38.2
Lavale AWS,18.5422,73.7389,14-05-2024 15:35,2024-05-14 15:35:00,2024,5,14,15,135,38.3
Lavale AWS,18.5422,73.7389,14-05-2024 15:40,2024-05-14 15:40:00,2024,5,14,15,135,38.2
Lavale AWS,18.5422,73.7389,14-05-2024 15:45,2024-05-14 15:45:00,2024,5,14,15,135,38.4
Lavale AWS,18.5422,73.7389,14-05-2024 15:50,2024-05-14 15:50:00,2024,5,14,15,135,38.3
Lavale AWS,18.5422,73.7389,14-05-2024 15:55,2024-05-14 15:55:00,2024,5,14,15,135,38.5
Lavale AWS,18.5422,73.7389,14-05-2024 16:00,2024-05-14 16:00:00,2024,5,14,16,135,38.5
Lavale AWS,18.5422,73.7389,14-05-2024 16:05,2024-05-14 16:05:00,2024,5,14,16,135,38.7
Lavale AWS,18.5422,73.7389,14-05-2024 16:10,2024-05-14 16:10:00,2024,5,14,16,135,38.6
Lavale AWS,18.5422,73.7389,14-05-2024 16:15,2024-05-14 16:15:00,2024,5,14,16,135,38.5
Lavale AWS,18.5422,73.7389,14-05-2024 16:20,2024-05-14 16:20:00,2024,5,14,16,135,38.3
Lavale AWS,18.5422,73.7389,14-05-2024 16:25,2024-05-14 16:25:00,2024,5,14,16,135,38.3
Lavale AWS,18.5422,73.7389,14-05-2024 16:30,2024-05-14 16:30:00,2024,5,14,16,135,38.4
Lavale AWS,18.5422,73.7389,14-05-2024 16:35,2024-05-14 16:35:00,2024,5,14,16,135,38.6
Lavale AWS,18.5422,73.7389,14-05-2024 16:40,2024-05-14 16:40:00,2024,5,14,16,135,38.5
Lavale AWS,18.5422,73.7389,14-05-2024 16:45,2024-05-14 16:45:00,2024,5,14,16,135,38.5
Lavale AWS,18.5422,73.7389,14-05-2024 16:50,2024-05-14 16:50:00,2024,5,14,16,135,38.3
Lavale AWS,18.5422,73.7389,14-05-2024 16:55,2024-05-14 16:55:00,2024,5,14,16,135,38.3
Lavale AWS,18.5422,73.7389,14-05-2024 17:00,2024-05-14 17:00:00,2024,5,14,17,135,38.1
Lavale AWS,18.5422,73.7389,14-05-2024 17:05,2024-05-14 17:05:00,2024,5,14,17,135,38.0
Lavale AWS,18.5422,73.7389,14-05-2024 17:10,2024-05-14 17:10:00,2024,5,14,17,135,37.8
Lavale AWS,18.5422,73.7389,14-05-2024 17:15,2024-05-14 17:15:00,2024,5,14,17,135,37.7
Lavale AWS,18.5422,73.7389,14-05-2024 17:20,2024-05-14 17:20:00,2024,5,14,17,135,37.5
Lavale AWS,18.5422,73.7389,14-05-2024 17:25,2024-05-14 17:25:00,2024,5,14,17,135,37.3
Lavale AWS,18.5422,73.7389,14-05-2024 17:30,2024-05-14 17:30:00,2024,5,14,17,135,37.1
Lavale AWS,18.5422,73.7389,14-05-2024 17:35,2024-05-14 17:35:00,2024,5,14,17,135,37.2
Lavale AWS,18.5422,73.7389,14-05-2024 17:40,2024-05-14 17:40:00,2024,5,14,17,135,37.1
Lavale AWS,18.5422,73.7389,14-05-2024 17:45,2024-05-14 17:45:00,2024,5,14,17,135,37.0
Lavale AWS,18.5422,73.7389,14-05-2024 17:50,2024-05-14 17:50:00,2024,5,14,17,135,36.6
Lavale AWS,18.5422,73.7389,14-05-2024 17:55,2024-05-14 17:55:00,2024,5,14,17,135,36.5
Lavale AWS,18.5422,73.7389,14-05-2024 18:00,2024-05-14 18:00:00,2024,5,14,18,135,36.5
Lavale AWS,18.5422,73.7389,14-05-2024 18:05,2024-05-14 18:05:00,2024,5,14,18,135,36.3
Lavale AWS,18.5422,73.7389,14-05-2024 18:10,2024-05-14 18:10:00,2024,5,14,18,135,36.5
Lavale AWS,18.5422,73.7389,14-05-2024 18:15,2024-05-14 18:15:00,2024,5,14,18,135,36.0
Lavale AWS,18.5422,73.7389,14-05-2024 18:20,2024-05-14 18:20:00,2024,5,14,18,135,35.9
Lavale AWS,18.5422,73.7389,14-05-2024 18:25,2024-05-14 18:25:00,2024,5,14,18,135,35.9
Lavale AWS,18.5422,73.7389,14-05-2024 18:30,2024-05-14 18:30:00,2024,5,14,18,135,35.8
Lavale AWS,18.5422,73.7389,14-05-2024 18:35,2024-05-14 18:35:00,2024,5,14,18,135,35.7
Lavale AWS,18.5422,73.7389,14-05-2024 18:40,2024-05-14 18:40:00,2024,5,14,18,135,35.6
Lavale AWS,18.5422,73.7389,14-05-2024 18:45,2024-05-14 18:45:00,2024,5,14,18,135,35.6
Lavale AWS,18.5422,73.7389,14-05-2024 18:50,2024-05-14 18:50:00,2024,5,14,18,135,35.3
Lavale AWS,18.5422,73.7389,14-05-2024 18:55,2024-05-14 18:55:00,2024,5,14,18,135,35.2
Lavale AWS,18.5422,73.7389,14-05-2024 19:00,2024-05-14 19:00:00,2024,5,14,19,135,35.0
Lavale AWS,18.5422,73.7389,14-05-2024 19:05,2024-05-14 19:05:00,2024,5,14,19,135,34.7
Lavale AWS,18.5422,73.7389,14-05-2024 19:10,2024-05-14 19:10:00,2024,5,14,19,135,34.6
Lavale AWS,18.5422,73.7389,14-05-2024 19:15,2024-05-14 19:15:00,2024,5,14,19,135,34.4
Lavale AWS,18.5422,73.7389,14-05-2024 19:20,2024-05-14 19:20:00,2024,5,14,19,135,34.0
Lavale AWS,18.5422,73.7389,14-05-2024 19:25,2024-05-14 19:25:00,2024,5,14,19,135,33.8
Lavale AWS,18.5422,73.7389,14-05-2024 19:30,2024-05-14 19:30:00,2024,5,14,19,135,33.5
Lavale AWS,18.5422,73.7389,14-05-2024 19:35,2024-05-14 19:35:00,2024,5,14,19,135,33.5
Lavale AWS,18.5422,73.7389,14-05-2024 19:40,2024-05-14 19:40:00,2024,5,14,19,135,33.4
Lavale AWS,18.5422,73.7389,14-05-2024 19:45,2024-05-14 19:45:00,2024,5,14,19,135,33.5
Lavale AWS,18.5422,73.7389,14-05-2024 19:50,2024-05-14 19:50:00,2024,5,14,19,135,33.2
Lavale AWS,18.5422,73.7389,14-05-2024 19:55,2024-05-14 19:55:00,2024,5,14,19,135,33.2
Lavale AWS,18.5422,73.7389,14-05-2024 20:00,2024-05-14 20:00:00,2024,5,14,20,135,33.5
Lavale AWS,18.5422,73.7389,14-05-2024 20:05,2024-05-14 20:05:00,2024,5,14,20,135,33.3
Lavale AWS,18.5422,73.7389,14-05-2024 20:10,2024-05-14 20:10:00,2024,5,14,20,135,33.3
Lavale AWS,18.5422,73.7389,14-05-2024 20:15,2024-05-14 20:15:00,2024,5,14,20,135,33.2
Lavale AWS,18.5422,73.7389,14-05-2024 20:20,2024-05-14 20:20:00,2024,5,14,20,135,32.8
Lavale AWS,18.5422,73.7389,14-05-2024 20:25,2024-05-14 20:25:00,2024,5,14,20,135,32.7
Lavale AWS,18.5422,73.7389,14-05-2024 20:30,2024-05-14 20:30:00,2024,5,14,20,135,32.6
Lavale AWS,18.5422,73.7389,14-05-2024 20:35,2024-05-14 20:35:00,2024,5,14,20,135,32.4
Lavale AWS,18.5422,73.7389,14-05-2024 20:40,2024-05-14 20:40:00,2024,5,14,20,135,32.1
Lavale AWS,18.5422,73.7389,14-05-2024 20:45,2024-05-14 20:45:00,2024,5,14,20,135,32.0
Lavale AWS,18.5422,73.7389,14-05-2024 20:50,2024-05-14 20:50:00,2024,5,14,20,135,31.7
Lavale AWS,18.5422,73.7389,14-05-2024 20:55,2024-05-14 20:55:00,2024,5,14,20,135,31.8
Lavale AWS,18.5422,73.7389,14-05-2024 21:00,2024-05-14 21:00:00,2024,5,14,21,135,31.7
Lavale AWS,18.5422,73.7389,14-05-2024 21:05,2024-05-14 21:05:00,2024,5,14,21,135,31.3
Lavale AWS,18.5422,73.7389,14-05-2024 21:10,2024-05-14 21:10:00,2024,5,14,21,135,31.1
Lavale AWS,18.5422,73.7389,14-05-2024 21:15,2024-05-14 21:15:00,2024,5,14,21,135,30.9
Lavale AWS,18.5422,73.7389,14-05-2024 21:20,2024-05-14 21:20:00,2024,5,14,21,135,31.1
Lavale AWS,18.5422,73.7389,14-05-2024 21:25,2024-05-14 21:25:00,2024,5,14,21,135,30.8
Lavale AWS,18.5422,73.7389,14-05-2024 21:30,2024-05-14 21:30:00,2024,5,14,21,135,30.6
Lavale AWS,18.5422,73.7389,14-05-2024 21:35,2024-05-14 21:35:00,2024,5,14,21,135,30.3
Lavale AWS,18.5422,73.7389,14-05-2024 21:40,2024-05-14 21:40:00,2024,5,14,21,135,30.3
Lavale AWS,18.5422,73.7389,14-05-2024 21:45,2024-05-14 21:45:00,2024,5,14,21,135,30.0
Lavale AWS,18.5422,73.7389,14-05-2024 21:50,2024-05-14 21:50:00,2024,5,14,21,135,29.7
Lavale AWS,18.5422,73.7389,14-05-2024 21:55,2024-05-14 21:55:00,2024,5,14,21,135,29.5
Lavale AWS,18.5422,73.7389,14-05-2024 22:00,2024-05-14 22:00:00,2024,5,14,22,135,29.4
Lavale AWS,18.5422,73.7389,14-05-2024 22:05,2024-05-14 22:05:00,2024,5,14,22,135,29.1
Lavale AWS,18.5422,73.7389,14-05-2024 22:10,2024-05-14 22:10:00,2024,5,14,22,135,28.9
Lavale AWS,18.5422,73.7389,14-05-2024 22:15,2024-05-14 22:15:00,2024,5,14,22,135,29.0
Lavale AWS,18.5422,73.7389,14-05-2024 22:20,2024-05-14 22:20:00,2024,5,14,22,135,28.8
Lavale AWS,18.5422,73.7389,14-05-2024 22:25,2024-05-14 22:25:00,2024,5,14,22,135,28.5
Lavale AWS,18.5422,73.7389,14-05-2024 22:30,2024-05-14 22:30:00,2024,5,14,22,135,28.3
Lavale AWS,18.5422,73.7389,14-05-2024 22:35,2024-05-14 22:35:00,2024,5,14,22,135,28.2
Lavale AWS,18.5422,73.7389,14-05-2024 22:40,2024-05-14 22:40:00,2024,5,14,22,135,27.9
Lavale AWS,18.5422,73.7389,14-05-2024 22:45,2024-05-14 22:45:00,2024,5,14,22,135,28.0
Lavale AWS,18.5422,73.7389,14-05-2024 22:50,2024-05-14 22:50:00,2024,5,14,22,135,28.1
Lavale AWS,18.5422,73.7389,14-05-2024 22:55,2024-05-14 22:55:00,2024,5,14,22,135,28.2
Lavale AWS,18.5422,73.7389,14-05-2024 23:00,2024-05-14 23:00:00,2024,5,14,23,135,28.1
Lavale AWS,18.5422,73.7389,14-05-2024 23:05,2024-05-14 23:05:00,2024,5,14,23,135,27.6
Lavale AWS,18.5422,73.7389,14-05-2024 23:10,2024-05-14 23:10:00,2024,5,14,23,135,27.8
Lavale AWS,18.5422,73.7389,14-05-2024 23:15,2024-05-14 23:15:00,2024,5,14,23,135,27.5
Lavale AWS,18.5422,73.7389,14-05-2024 23:20,2024-05-14 23:20:00,2024,5,14,23,135,27.3
Lavale AWS,18.5422,73.7389,14-05-2024 23:25,2024-05-14 23:25:00,2024,5,14,23,135,27.2
Lavale AWS,18.5422,73.7389,14-05-2024 23:30,2024-05-14 23:30:00,2024,5,14,23,135,27.3
Lavale AWS,18.5422,73.7389,14-05-2024 23:35,2024-05-14 23:35:00,2024,5,14,23,135,27.4
Lavale AWS,18.5422,73.7389,14-05-2024 23:40,2024-05-14 23:40:00,2024,5,14,23,135,27.4
Lavale AWS,18.5422,73.7389,14-05-2024 23:45,2024-05-14 23:45:00,2024,5,14,23,135,27.2
Lavale AWS,18.5422,73.7389,14-05-2024 23:50,2024-05-14 23:50:00,2024,5,14,23,135,27.1
Lavale AWS,18.5422,73.7389,14-05-2024 23:55,2024-05-14 23:55:00,2024,5,14,23,135,27.0
Lavale AWS,18.5422,73.7389,15-05-2024 00:00,2024-05-15 00:00:00,2024,5,15,0,136,26.9
Lavale AWS,18.5422,73.7389,15-05-2024 00:05,2024-05-15 00:05:00,2024,5,15,0,136,26.9
Lavale AWS,18.5422,73.7389,15-05-2024 00:10,2024-05-15 00:10:00,2024,5,15,0,136,27.0
Lavale AWS,18.5422,73.7389,15-05-2024 00:15,2024-05-15 00:15:00,2024,5,15,0,136,26.9
Lavale AWS,18.5422,73.7389,15-05-2024 00:20,2024-05-15 00:20:00,2024,5,15,0,136,26.5
Lavale AWS,18.5422,73.7389,15-05-2024 00:25,2024-05-15 00:25:00,2024,5,15,0,136,26.4
Lavale AWS,18.5422,73.7389,15-05-2024 00:30,2024-05-15 00:30:00,2024,5,15,0,136,26.3
Lavale AWS,18.5422,73.7389,15-05-2024 00:35,2024-05-15 00:35:00,2024,5,15,0,136,26.2
Lavale AWS,18.5422,73.7389,15-05-2024 00:40,2024-05-15 00:40:00,2024,5,15,0,136,26.1
Lavale AWS,18.5422,73.7389,15-05-2024 00:45,2024-05-15 00:45:00,2024,5,15,0,136,25.8
Lavale AWS,18.5422,73.7389,15-05-2024 00:50,2024-05-15 00:50:00,2024,5,15,0,136,25.8
Lavale AWS,18.5422,73.7389,15-05-2024 00:55,2024-05-15 00:55:00,2024,5,15,0,136,25.7
Lavale AWS,18.5422,73.7389,15-05-2024 01:00,2024-05-15 01:00:00,2024,5,15,1,136,25.7
Lavale AWS,18.5422,73.7389,15-05-2024 01:05,2024-05-15 01:05:00,2024,5,15,1,136,25.6
Lavale AWS,18.5422,73.7389,15-05-2024 01:10,2024-05-15 01:10:00,2024,5,15,1,136,25.8
Lavale AWS,18.5422,73.7389,15-05-2024 01:15,2024-05-15 01:15:00,2024,5,15,1,136,25.9
Lavale AWS,18.5422,73.7389,15-05-2024 01:20,2024-05-15 01:20:00,2024,5,15,1,136,25.8
Lavale AWS,18.5422,73.7389,15-05-2024 01:25,2024-05-15 01:25:00,2024,5,15,1,136,25.8
Lavale AWS,18.5422,73.7389,15-05-2024 01:30,2024-05-15 01:30:00,2024,5,15,1,136,25.8
Lavale AWS,18.5422,73.7389,15-05-2024 01:35,2024-05-15 01:35:00,2024,5,15,1,136,25.9
Lavale AWS,18.5422,73.7389,15-05-2024 01:40,2024-05-15 01:40:00,2024,5,15,1,136,25.8
Lavale AWS,18.5422,73.7389,15-05-2024 01:45,2024-05-15 01:45:00,2024,5,15,1,136,26.0
Lavale AWS,18.5422,73.7389,15-05-2024 01:50,2024-05-15 01:50:00,2024,5,15,1,136,26.1
Lavale AWS,18.5422,73.7389,15-05-2024 01:55,2024-05-15 01:55:00,2024,5,15,1,136,25.9
Lavale AWS,18.5422,73.7389,15-05-2024 02:00,2024-05-15 02:00:00,2024,5,15,2,136,25.7
Lavale AWS,18.5422,73.7389,15-05-2024 02:05,2024-05-15 02:05:00,2024,5,15,2,136,25.5
Lavale AWS,18.5422,73.7389,15-05-2024 02:10,2024-05-15 02:10:00,2024,5,15,2,136,25.3
Lavale AWS,18.5422,73.7389,15-05-2024 02:15,2024-05-15 02:15:00,2024,5,15,2,136,25.3
Lavale AWS,18.5422,73.7389,15-05-2024 02:20,2024-05-15 02:20:00,2024,5,15,2,136,25.4
Lavale AWS,18.5422,73.7389,15-05-2024 02:25,2024-05-15 02:25:00,2024,5,15,2,136,25.4
Lavale AWS,18.5422,73.7389,15-05-2024 02:30,2024-05-15 02:30:00,2024,5,15,2,136,25.3
Lavale AWS,18.5422,73.7389,15-05-2024 02:35,2024-05-15 02:35:00,2024,5,15,2,136,25.4
Lavale AWS,18.5422,73.7389,15-05-2024 02:40,2024-05-15 02:40:00,2024,5,15,2,136,25.5
Lavale AWS,18.5422,73.7389,15-05-2024 02:45,2024-05-15 02:45:00,2024,5,15,2,136,25.5
Lavale AWS,18.5422,73.7389,15-05-2024 02:50,2024-05-15 02:50:00,2024,5,15,2,136,25.7
Lavale AWS,18.5422,73.7389,15-05-2024 02:55,2024-05-15 02:55:00,2024,5,15,2,136,25.7
Lavale AWS,18.5422,73.7389,15-05-2024 03:00,2024-05-15 03:00:00,2024,5,15,3,136,26.0
Lavale AWS,18.5422,73.7389,15-05-2024 03:05,2024-05-15 03:05:00,2024,5,15,3,136,25.9
Lavale AWS,18.5422,73.7389,15-05-2024 03:10,2024-05-15 03:10:00,2024,5,15,3,136,26.2
Lavale AWS,18.5422,73.7389,15-05-2024 03:15,2024-05-15 03:15:00,2024,5,15,3,136,26.1
Lavale AWS,18.5422,73.7389,15-05-2024 03:20,2024-05-15 03:20:00,2024,5,15,3,136,26.2
Lavale AWS,18.5422,73.7389,15-05-2024 03:25,2024-05-15 03:25:00,2024,5,15,3,136,26.1
Lavale AWS,18.5422,73.7389,15-05-2024 03:30,2024-05-15 03:30:00,2024,5,15,3,136,26.3
Lavale AWS,18.5422,73.7389,15-05-2024 03:35,2024-05-15 03:35:00,2024,5,15,3,136,26.2
Lavale AWS,18.5422,73.7389,15-05-2024 03:40,2024-05-15 03:40:00,2024,5,15,3,136,26.3
Lavale AWS,18.5422,73.7389,15-05-2024 03:45,2024-05-15 03:45:00,2024,5,15,3,136,26.2
Lavale AWS,18.5422,73.7389,15-05-2024 03:50,2024-05-15 03:50:00,2024,5,15,3,136,26.4
Lavale AWS,18.5422,73.7389,15-05-2024 03:55,2024-05-15 03:55:00,2024,5,15,3,136,26.3
Lavale AWS,18.5422,73.7389,15-05-2024 04:00,2024-05-15 04:00:00,2024,5,15,4,136,26.6
Lavale AWS,18.5422,73.7389,15-05-2024 04:05,2024-05-15 04:05:00,2024,5,15,4,136,26.5
Lavale AWS,18.5422,73.7389,15-05-2024 04:10,2024-05-15 04:10:00,2024,5,15,4,136,26.3
Lavale AWS,18.5422,73.7389,15-05-2024 04:15,2024-05-15 04:15:00,2024,5,15,4,136,26.5
Lavale AWS,18.5422,73.7389,15-05-2024 04:20,2024-05-15 04:20:00,2024,5,15,4,136,26.5
Lavale AWS,18.5422,73.7389,15-05-2024 04:25,2024-05-15 04:25:00,2024,5,15,4,136,26.5
Lavale AWS,18.5422,73.7389,15-05-2024 04:30,2024-05-15 04:30:00,2024,5,15,4,136,26.6
Lavale AWS,18.5422,73.7389,15-05-2024 04:35,2024-05-15 04:35:00,2024,5,15,4,136,26.4
Lavale AWS,18.5422,73.7389,15-05-2024 04:40,2024-05-15 04:40:00,2024,5,15,4,136,26.5
Lavale AWS,18.5422,73.7389,15-05-2024 04:45,2024-05-15 04:45:00,2024,5,15,4,136,26.8
Lavale AWS,18.5422,73.7389,15-05-2024 04:50,2024-05-15 04:50:00,2024,5,15,4,136,27.0
Lavale AWS,18.5422,73.7389,15-05-2024 04:55,2024-05-15 04:55:00,2024,5,15,4,136,27.1
Lavale AWS,18.5422,73.7389,15-05-2024 05:00,2024-05-15 05:00:00,2024,5,15,5,136,27.4
Lavale AWS,18.5422,73.7389,15-05-2024 05:05,2024-05-15 05:05:00,2024,5,15,5,136,27.3
Lavale AWS,18.5422,73.7389,15-05-2024 05:10,2024-05-15 05:10:00,2024,5,15,5,136,27.3
Lavale AWS,18.5422,73.7389,15-05-2024 05:15,2024-05-15 05:15:00,2024,5,15,5,136,27.5
Lavale AWS,18.5422,73.7389,15-05-2024 05:20,2024-05-15 05:20:00,2024,5,15,5,136,27.5
Lavale AWS,18.5422,73.7389,15-05-2024 05:25,2024-05-15 05:25:00,2024,5,15,5,136,27.6
Lavale AWS,18.5422,73.7389,15-05-2024 05:30,2024-05-15 05:30:00,2024,5,15,5,136,27.5
Lavale AWS,18.5422,73.7389,15-05-2024 05:35,2024-05-15 05:35:00,2024,5,15,5,136,27.3
Lavale AWS,18.5422,73.7389,15-05-2024 05:40,2024-05-15 05:40:00,2024,5,15,5,136,27.6
Lavale AWS,18.5422,73.7389,15-05-2024 05:45,2024-05-15 05:45:00,2024,5,15,5,136,27.7
Lavale AWS,18.5422,73.7389,15-05-2024 05:50,2024-05-15 05:50:00,2024,5,15,5,136,28.0
Lavale AWS,18.5422,73.7389,15-05-2024 05:55,2024-05-15 05:55:00,2024,5,15,5,136,28.0
Lavale AWS,18.5422,73.7389,15-05-2024 06:00,2024-05-15 06:00:00,2024,5,15,6,136,28.1
Lavale AWS,18.5422,73.7389,15-05-2024 06:05,2024-05-15 06:05:00,2024,5,15,6,136,28.2
Lavale AWS,18.5422,73.7389,15-05-2024 06:10,2024-05-15 06:10:00,2024,5,15,6,136,28.4
Lavale AWS,18.5422,73.7389,15-05-2024 06:15,2024-05-15 06:15:00,2024,5,15,6,136,28.5
Lavale AWS,18.5422,73.7389,15-05-2024 06:20,2024-05-15 06:20:00,2024,5,15,6,136,28.8
Lavale AWS,18.5422,73.7389,15-05-2024 06:25,2024-05-15 06:25:00,2024,5,15,6,136,28.8
Lavale AWS,18.5422,73.7389,15-05-2024 06:30,2024-05-15 06:30:00,2024,5,15,6,136,28.9
Lavale AWS,18.5422,73.7389,15-05-2024 06:35,2024-05-15 06:35:00,2024,5,15,6,136,29.0
Lavale AWS,18.5422,73.7389,15-05-2024 06:40,2024-05-15 06:40:00,2024,5,15,6,136,29.3
Lavale AWS,18.5422,73.7389,15-05-2024 06:45,2024-05-15 06:45:00,2024,5,15,6,136,29.5
Lavale AWS,18.5422,73.7389,15-05-2024 06:50,2024-05-15 06:50:00,2024,5,15,6,136,29.9
Lavale AWS,18.5422,73.7389,15-05-2024 06:55,2024-05-15 06:55:00,2024,5,15,6,136,29.8
Lavale AWS,18.5422,73.7389,15-05-2024 07:00,2024-05-15 07:00:00,2024,5,15,7,136,30.0
Lavale AWS,18.5422,73.7389,15-05-2024 07:05,2024-05-15 07:05:00,2024,5,15,7,136,30.1
Lavale AWS,18.5422,73.7389,15-05-2024 07:10,2024-05-15 07:10:00,2024,5,15,7,136,30.4
Lavale AWS,18.5422,73.7389,15-05-2024 07:15,2024-05-15 07:15:00,2024,5,15,7,136,30.4
Lavale AWS,18.5422,73.7389,15-05-2024 07:20,2024-05-15 07:20:00,2024,5,15,7,136,30.8
Lavale AWS,18.5422,73.7389,15-05-2024 07:25,2024-05-15 07:25:00,2024,5,15,7,136,30.9
Lavale AWS,18.5422,73.7389,15-05-2024 07:30,2024-05-15 07:30:00,2024,5,15,7,136,30.9
Lavale AWS,18.5422,73.7389,15-05-2024 07:35,2024-05-15 07:35:00,2024,5,15,7,136,31.0
Lavale AWS,18.5422,73.7389,15-05-2024 07:40,2024-05-15 07:40:00,2024,5,15,7,136,31.1
Lavale AWS,18.5422,73.7389,15-05-2024 07:45,2024-05-15 07:45:00,2024,5,15,7,136,31.7
Lavale AWS,18.5422,73.7389,15-05-2024 07:50,2024-05-15 07:50:00,2024,5,15,7,136,31.9
Lavale AWS,18.5422,73.7389,15-05-2024 07:55,2024-05-15 07:55:00,2024,5,15,7,136,32.1
Lavale AWS,18.5422,73.7389,15-05-2024 08:00,2024-05-15 08:00:00,2024,5,15,8,136,32.2
Lavale AWS,18.5422,73.7389,15-05-2024 08:05,2024-05-15 08:05:00,2024,5,15,8,136,32.4
Lavale AWS,18.5422,73.7389,15-05-2024 08:10,2024-05-15 08:10:00,2024,5,15,8,136,32.7
Lavale AWS,18.5422,73.7389,15-05-2024 08:15,2024-05-15 08:15:00,2024,5,15,8,136,32.4
Lavale AWS,18.5422,73.7389,15-05-2024 08:20,2024-05-15 08:20:00,2024,5,15,8,136,32.6
Lavale AWS,18.5422,73.7389,15-05-2024 08:25,2024-05-15 08:25:00,2024,5,15,8,136,32.7
Lavale AWS,18.5422,73.7389,15-05-2024 08:30,2024-05-15 08:30:00,2024,5,15,8,136,32.7
Lavale AWS,18.5422,73.7389,15-05-2024 08:35,2024-05-15 08:35:00,2024,5,15,8,136,33.0
Lavale AWS,18.5422,73.7389,15-05-2024 08:40,2024-05-15 08:40:00,2024,5,15,8,136,33.4
Lavale AWS,18.5422,73.7389,15-05-2024 08:45,2024-05-15 08:45:00,2024,5,15,8,136,33.6
Lavale AWS,18.5422,73.7389,15-05-2024 08:50,2024-05-15 08:50:00,2024,5,15,8,136,33.9
Lavale AWS,18.5422,73.7389,15-05-2024 08:55,2024-05-15 08:55:00,2024,5,15,8,136,34.3
Lavale AWS,18.5422,73.7389,15-05-2024 09:00,2024-05-15 09:00:00,2024,5,15,9,136,34.3
Lavale AWS,18.5422,73.7389,15-05-2024 09:05,2024-05-15 09:05:00,2024,5,15,9,136,34.1
Lavale AWS,18.5422,73.7389,15-05-2024 09:10,2024-05-15 09:10:00,2024,5,15,9,136,34.3
Lavale AWS,18.5422,73.7389,15-05-2024 09:15,2024-05-15 09:15:00,2024,5,15,9,136,34.4
Lavale AWS,18.5422,73.7389,15-05-2024 09:20,2024-05-15 09:20:00,2024,5,15,9,136,34.3
Lavale AWS,18.5422,73.7389,15-05-2024 09:25,2024-05-15 09:25:00,2024,5,15,9,136,34.4
Lavale AWS,18.5422,73.7389,15-05-2024 09:30,2024-05-15 09:30:00,2024,5,15,9,136,34.7
Lavale AWS,18.5422,73.7389,15-05-2024 09:35,2024-05-15 09:35:00,2024,5,15,9,136,34.8
Lavale AWS,18.5422,73.7389,15-05-2024 09:40,2024-05-15 09:40:00,2024,5,15,9,136,34.8
Lavale AWS,18.5422,73.7389,15-05-2024 09:45,2024-05-15 09:45:00,2024,5,15,9,136,34.9
Lavale AWS,18.5422,73.7389,15-05-2024 09:50,2024-05-15 09:50:00,2024,5,15,9,136,35.0
Lavale AWS,18.5422,73.7389,15-05-2024 09:55,2024-05-15 09:55:00,2024,5,15,9,136,34.9
Lavale AWS,18.5422,73.7389,15-05-2024 10:00,2024-05-15 10:00:00,2024,5,15,10,136,35.0
Lavale AWS,18.5422,73.7389,15-05-2024 10:05,2024-05-15 10:05:00,2024,5,15,10,136,35.0
Lavale AWS,18.5422,73.7389,15-05-2024 10:10,2024-05-15 10:10:00,2024,5,15,10,136,35.2
Lavale AWS,18.5422,73.7389,15-05-2024 10:15,2024-05-15 10:15:00,2024,5,15,10,136,35.1
Lavale AWS,18.5422,73.7389,15-05-2024 10:20,2024-05-15 10:20:00,2024,5,15,10,136,35.4
Lavale AWS,18.5422,73.7389,15-05-2024 10:25,2024-05-15 10:25:00,2024,5,15,10,136,35.5
Lavale AWS,18.5422,73.7389,15-05-2024 10:30,2024-05-15 10:30:00,2024,5,15,10,136,35.6
Lavale AWS,18.5422,73.7389,15-05-2024 10:35,2024-05-15 10:35:00,2024,5,15,10,136,35.8
Lavale AWS,18.5422,73.7389,15-05-2024 10:40,2024-05-15 10:40:00,2024,5,15,10,136,35.8
Lavale AWS,18.5422,73.7389,15-05-2024 10:45,2024-05-15 10:45:00,2024,5,15,10,136,36.0
Lavale AWS,18.5422,73.7389,15-05-2024 10:50,2024-05-15 10:50:00,2024,5,15,10,136,36.0
Lavale AWS,18.5422,73.7389,15-05-2024 10:55,2024-05-15 10:55:00,2024,5,15,10,136,36.1
Lavale AWS,18.5422,73.7389,15-05-2024 11:00,2024-05-15 11:00:00,2024,5,15,11,136,36.3
Lavale AWS,18.5422,73.7389,15-05-2024 11:05,2024-05-15 11:05:00,2024,5,15,11,136,36.3
Lavale AWS,18.5422,73.7389,15-05-2024 11:10,2024-05-15 11:10:00,2024,5,15,11,136,36.2
Lavale AWS,18.5422,73.7389,15-05-2024 11:15,2024-05-15 11:15:00,2024,5,15,11,136,36.4
Lavale AWS,18.5422,73.7389,15-05-2024 11:20,2024-05-15 11:20:00,2024,5,15,11,136,36.6
Lavale AWS,18.5422,73.7389,15-05-2024 11:25,2024-05-15 11:25:00,2024,5,15,11,136,36.7
Lavale AWS,18.5422,73.7389,15-05-2024 11:30,2024-05-15 11:30:00,2024,5,15,11,136,36.9
Lavale AWS,18.5422,73.7389,15-05-2024 11:35,2024-05-15 11:35:00,2024,5,15,11,136,37.0
Lavale AWS,18.5422,73.7389,15-05-2024 11:40,2024-05-15 11:40:00,2024,5,15,11,136,37.3
Lavale AWS,18.5422,73.7389,15-05-2024 11:45,2024-05-15 11:45:00,2024,5,15,11,136,37.4
Lavale AWS,18.5422,73.7389,15-05-2024 11:50,2024-05-15 11:50:00,2024,5,15,11,136,37.2
Lavale AWS,18.5422,73.7389,15-05-2024 11:55,2024-05-15 11:55:00,2024,5,15,11,136,37.1
Lavale AWS,18.5422,73.7389,15-05-2024 12:00,2024-05-15 12:00:00,2024,5,15,12,136,37.5
Lavale AWS,18.5422,73.7389,15-05-2024 12:05,2024-05-15 12:05:00,2024,5,15,12,136,37.6
Lavale AWS,18.5422,73.7389,15-05-2024 12:10,2024-05-15 12:10:00,2024,5,15,12,136,37.9
Lavale AWS,18.5422,73.7389,15-05-2024 12:15,2024-05-15 12:15:00,2024,5,15,12,136,37.9
Lavale AWS,18.5422,73.7389,15-05-2024 12:20,2024-05-15 12:20:00,2024,5,15,12,136,38.0
Lavale AWS,18.5422,73.7389,15-05-2024 12:25,2024-05-15 12:25:00,2024,5,15,12,136,38.0
Lavale AWS,18.5422,73.7389,15-05-2024 12:30,2024-05-15 12:30:00,2024,5,15,12,136,38.5
Lavale AWS,18.5422,73.7389,15-05-2024 12:35,2024-05-15 12:35:00,2024,5,15,12,136,38.6
Lavale AWS,18.5422,73.7389,15-05-2024 12:40,2024-05-15 12:40:00,2024,5,15,12,136,38.6
Lavale AWS,18.5422,73.7389,15-05-2024 12:45,2024-05-15 12:45:00,2024,5,15,12,136,38.4
Lavale AWS,18.5422,73.7389,15-05-2024 12:50,2024-05-15 12:50:00,2024,5,15,12,136,38.8
Lavale AWS,18.5422,73.7389,15-05-2024 12:55,2024-05-15 12:55:00,2024,5,15,12,136,38.8
Lavale AWS,18.5422,73.7389,15-05-2024 13:00,2024-05-15 13:00:00,2024,5,15,13,136,39.0
Lavale AWS,18.5422,73.7389,15-05-2024 13:05,2024-05-15 13:05:00,2024,5,15,13,136,39.2
Lavale AWS,18.5422,73.7389,15-05-2024 13:10,2024-05-15 13:10:00,2024,5,15,13,136,39.1
Lavale AWS,18.5422,73.7389,15-05-2024 13:15,2024-05-15 13:15:00,2024,5,15,13,136,39.3
Lavale AWS,18.5422,73.7389,15-05-2024 13:20,2024-05-15 13:20:00,2024,5,15,13,136,39.2
Lavale AWS,18.5422,73.7389,15-05-2024 13:25,2024-05-15 13:25:00,2024,5,15,13,136,39.1
Lavale AWS,18.5422,73.7389,15-05-2024 13:30,2024-05-15 13:30:00,2024,5,15,13,136,39.3
Lavale AWS,18.5422,73.7389,15-05-2024 13:35,2024-05-15 13:35:00,2024,5,15,13,136,39.3
Lavale AWS,18.5422,73.7389,15-05-2024 13:40,2024-05-15 13:40:00,2024,5,15,13,136,39.4
Lavale AWS,18.5422,73.7389,15-05-2024 13:45,2024-05-15 13:45:00,2024,5,15,13,136,39.5
Lavale AWS,18.5422,73.7389,15-05-2024 13:50,2024-05-15 13:50:00,2024,5,15,13,136,39.6
Lavale AWS,18.5422,73.7389,15-05-2024 13:55,2024-05-15 13:55:00,2024,5,15,13,136,39.4
Lavale AWS,18.5422,73.7389,15-05-2024 14:00,2024-05-15 14:00:00,2024,5,15,14,136,39.3
Lavale AWS,18.5422,73.7389,15-05-2024 14:05,2024-05-15 14:05:00,2024,5,15,14,136,39.3
Lavale AWS,18.5422,73.7389,15-05-2024 14:10,2024-05-15 14:10:00,2024,5,15,14,136,39.2
Lavale AWS,18.5422,73.7389,15-05-2024 14:15,2024-05-15 14:15:00,2024,5,15,14,136,39.3
Lavale AWS,18.5422,73.7389,15-05-2024 14:20,2024-05-15 14:20:00,2024,5,15,14,136,39.5
Lavale AWS,18.5422,73.7389,15-05-2024 14:25,2024-05-15 14:25:00,2024,5,15,14,136,39.7
Lavale AWS,18.5422,73.7389,15-05-2024 14:30,2024-05-15 14:30:00,2024,5,15,14,136,39.6
Lavale AWS,18.5422,73.7389,15-05-2024 14:35,2024-05-15 14:35:00,2024,5,15,14,136,39.6
Lavale AWS,18.5422,73.7389,15-05-2024 14:40,2024-05-15 14:40:00,2024,5,15,14,136,39.7
Lavale AWS,18.5422,73.7389,15-05-2024 14:45,2024-05-15 14:45:00,2024,5,15,14,136,39.7
Lavale AWS,18.5422,73.7389,15-05-2024 14:50,2024-05-15 14:50:00,2024,5,15,14,136,39.6
Lavale AWS,18.5422,73.7389,15-05-2024 14:55,2024-05-15 14:55:00,2024,5,15,14,136,39.8
Lavale AWS,18.5422,73.7389,15-05-2024 15:00,2024-05-15 15:00:00,2024,5,15,15,136,39.9
Lavale AWS,18.5422,73.7389,15-05-2024 15:05,2024-05-15 15:05:00,2024,5,15,15,136,40.0
Lavale AWS,18.5422,73.7389,15-05-2024 15:10,2024-05-15 15:10:00,2024,5,15,15,136,40.1
Lavale AWS,18.5422,73.7389,15-05-2024 15:15,2024-05-15 15:15:00,2024,5,15,15,136,40.1
Lavale AWS,18.5422,73.7389,15-05-2024 15:20,2024-05-15 15:20:00,2024,5,15,15,136,39.9
Lavale AWS,18.5422,73.7389,15-05-2024 15:25,2024-05-15 15:25:00,2024,5,15,15,136,39.8
Lavale AWS,18.5422,73.7389,15-05-2024 15:30,2024-05-15 15:30:00,2024,5,15,15,136,39.4
Lavale AWS,18.5422,73.7389,15-05-2024 15:35,2024-05-15 15:35:00,2024,5,15,15,136,39.4
Lavale AWS,18.5422,73.7389,15-05-2024 15:40,2024-05-15 15:40:00,2024,5,15,15,136,39.4
Lavale AWS,18.5422,73.7389,15-05-2024 15:45,2024-05-15 15:45:00,2024,5,15,15,136,39.3
Lavale AWS,18.5422,73.7389,15-05-2024 15:50,2024-05-15 15:50:00,2024,5,15,15,136,39.4
Lavale AWS,18.5422,73.7389,15-05-2024 15:55,2024-05-15 15:55:00,2024,5,15,15,136,39.2
Lavale AWS,18.5422,73.7389,15-05-2024 16:00,2024-05-15 16:00:00,2024,5,15,16,136,39.1
Lavale AWS,18.5422,73.7389,15-05-2024 16:05,2024-05-15 16:05:00,2024,5,15,16,136,39.0
Lavale AWS,18.5422,73.7389,15-05-2024 16:10,2024-05-15 16:10:00,2024,5,15,16,136,38.7
Lavale AWS,18.5422,73.7389,15-05-2024 16:15,2024-05-15 16:15:00,2024,5,15,16,136,38.6
Lavale AWS,18.5422,73.7389,15-05-2024 16:20,2024-05-15 16:20:00,2024,5,15,16,136,38.1
Lavale AWS,18.5422,73.7389,15-05-2024 16:25,2024-05-15 16:25:00,2024,5,15,16,136,38.0
Lavale AWS,18.5422,73.7389,15-05-2024 16:30,2024-05-15 16:30:00,2024,5,15,16,136,38.0
Lavale AWS,18.5422,73.7389,15-05-2024 16:35,2024-05-15 16:35:00,2024,5,15,16,136,38.0
Lavale AWS,18.5422,73.7389,15-05-2024 16:40,2024-05-15 16:40:00,2024,5,15,16,136,37.9
Lavale AWS,18.5422,73.7389,15-05-2024 16:45,2024-05-15 16:45:00,2024,5,15,16,136,37.8
Lavale AWS,18.5422,73.7389,15-05-2024 16:50,2024-05-15 16:50:00,2024,5,15,16,136,37.6
Lavale AWS,18.5422,73.7389,15-05-2024 16:55,2024-05-15 16:55:00,2024,5,15,16,136,37.5
Lavale AWS,18.5422,73.7389,15-05-2024 17:00,2024-05-15 17:00:00,2024,5,15,17,136,37.9
Lavale AWS,18.5422,73.7389,15-05-2024 17:05,2024-05-15 17:05:00,2024,5,15,17,136,38.0
Lavale AWS,18.5422,73.7389,15-05-2024 17:10,2024-05-15 17:10:00,2024,5,15,17,136,37.9
Lavale AWS,18.5422,73.7389,15-05-2024 17:15,2024-05-15 17:15:00,2024,5,15,17,136,37.8
Lavale AWS,18.5422,73.7389,15-05-2024 17:20,2024-05-15 17:20:00,2024,5,15,17,136,37.6
Lavale AWS,18.5422,73.7389,15-05-2024 17:25,2024-05-15 17:25:00,2024,5,15,17,136,37.3
Lavale AWS,18.5422,73.7389,15-05-2024 17:30,2024-05-15 17:30:00,2024,5,15,17,136,37.3
Lavale AWS,18.5422,73.7389,15-05-2024 17:35,2024-05-15 17:35:00,2024,5,15,17,136,37.1
Lavale AWS,18.5422,73.7389,15-05-2024 17:40,2024-05-15 17:40:00,2024,5,15,17,136,37.1
Lavale AWS,18.5422,73.7389,15-05-2024 17:45,2024-05-15 17:45:00,2024,5,15,17,136,37.2
Lavale AWS,18.5422,73.7389,15-05-2024 17:50,2024-05-15 17:50:00,2024,5,15,17,136,37.1
Lavale AWS,18.5422,73.7389,15-05-2024 17:55,2024-05-15 17:55:00,2024,5,15,17,136,37.0
Lavale AWS,18.5422,73.7389,15-05-2024 18:00,2024-05-15 18:00:00,2024,5,15,18,136,36.6
Lavale AWS,18.5422,73.7389,15-05-2024 18:05,2024-05-15 18:05:00,2024,5,15,18,136,36.5
Lavale AWS,18.5422,73.7389,15-05-2024 18:10,2024-05-15 18:10:00,2024,5,15,18,136,36.2
Lavale AWS,18.5422,73.7389,15-05-2024 18:15,2024-05-15 18:15:00,2024,5,15,18,136,36.0
Lavale AWS,18.5422,73.7389,15-05-2024 18:20,2024-05-15 18:20:00,2024,5,15,18,136,36.0
Lavale AWS,18.5422,73.7389,15-05-2024 18:25,2024-05-15 18:25:00,2024,5,15,18,136,36.1
Lavale AWS,18.5422,73.7389,15-05-2024 18:30,2024-05-15 18:30:00,2024,5,15,18,136,35.8
Lavale AWS,18.5422,73.7389,15-05-2024 18:35,2024-05-15 18:35:00,2024,5,15,18,136,35.6
Lavale AWS,18.5422,73.7389,15-05-2024 18:40,2024-05-15 18:40:00,2024,5,15,18,136,35.4
Lavale AWS,18.5422,73.7389,15-05-2024 18:45,2024-05-15 18:45:00,2024,5,15,18,136,35.0
Lavale AWS,18.5422,73.7389,15-05-2024 18:50,2024-05-15 18:50:00,2024,5,15,18,136,34.8
Lavale AWS,18.5422,73.7389,15-05-2024 18:55,2024-05-15 18:55:00,2024,5,15,18,136,34.4
Lavale AWS,18.5422,73.7389,15-05-2024 19:00,2024-05-15 19:00:00,2024,5,15,19,136,34.4
Lavale AWS,18.5422,73.7389,15-05-2024 19:05,2024-05-15 19:05:00,2024,5,15,19,136,34.4
Lavale AWS,18.5422,73.7389,15-05-2024 19:10,2024-05-15 19:10:00,2024,5,15,19,136,34.3
Lavale AWS,18.5422,73.7389,15-05-2024 19:15,2024-05-15 19:15:00,2024,5,15,19,136,34.0
Lavale AWS,18.5422,73.7389,15-05-2024 19:20,2024-05-15 19:20:00,2024,5,15,19,136,33.7
Lavale AWS,18.5422,73.7389,15-05-2024 19:25,2024-05-15 19:25:00,2024,5,15,19,136,33.6
Lavale AWS,18.5422,73.7389,15-05-2024 19:30,2024-05-15 19:30:00,2024,5,15,19,136,33.5
Lavale AWS,18.5422,73.7389,15-05-2024 19:35,2024-05-15 19:35:00,2024,5,15,19,136,33.3
Lavale AWS,18.5422,73.7389,15-05-2024 19:40,2024-05-15 19:40:00,2024,5,15,19,136,33.1
Lavale AWS,18.5422,73.7389,15-05-2024 19:45,2024-05-15 19:45:00,2024,5,15,19,136,33.2
Lavale AWS,18.5422,73.7389,15-05-2024 19:50,2024-05-15 19:50:00,2024,5,15,19,136,33.2
Lavale AWS,18.5422,73.7389,15-05-2024 19:55,2024-05-15 19:55:00,2024,5,15,19,136,33.3
Lavale AWS,18.5422,73.7389,15-05-2024 20:00,2024-05-15 20:00:00,2024,5,15,20,136,33.3
Lavale AWS,18.5422,73.7389,15-05-2024 20:05,2024-05-15 20:05:00,2024,5,15,20,136,33.4
Lavale AWS,18.5422,73.7389,15-05-2024 20:10,2024-05-15 20:10:00,2024,5,15,20,136,33.1
Lavale AWS,18.5422,73.7389,15-05-2024 20:15,2024-05-15 20:15:00,2024,5,15,20,136,33.0
Lavale AWS,18.5422,73.7389,15-05-2024 20:20,2024-05-15 20:20:00,2024,5,15,20,136,32.7
Lavale AWS,18.5422,73.7389,15-05-2024 20:25,2024-05-15 20:25:00,2024,5,15,20,136,32.3
Lavale AWS,18.5422,73.7389,15-05-2024 20:30,2024-05-15 20:30:00,2024,5,15,20,136,32.3
Lavale AWS,18.5422,73.7389,15-05-2024 20:35,2024-05-15 20:35:00,2024,5,15,20,136,32.1
Lavale AWS,18.5422,73.7389,15-05-2024 20:40,2024-05-15 20:40:00,2024,5,15,20,136,31.8
Lavale AWS,18.5422,73.7389,15-05-2024 20:45,2024-05-15 20:45:00,2024,5,15,20,136,31.6
Lavale AWS,18.5422,73.7389,15-05-2024 20:50,2024-05-15 20:50:00,2024,5,15,20,136,31.3
Lavale AWS,18.5422,73.7389,15-05-2024 20:55,2024-05-15 20:55:00,2024,5,15,20,136,31.0
Lavale AWS,18.5422,73.7389,15-05-2024 21:00,2024-05-15 21:00:00,2024,5,15,21,136,30.8
Lavale AWS,18.5422,73.7389,15-05-2024 21:05,2024-05-15 21:05:00,2024,5,15,21,136,30.9
Lavale AWS,18.5422,73.7389,15-05-2024 21:10,2024-05-15 21:10:00,2024,5,15,21,136,30.7
Lavale AWS,18.5422,73.7389,15-05-2024 21:15,2024-05-15 21:15:00,2024,5,15,21,136,30.8
Lavale AWS,18.5422,73.7389,15-05-2024 21:20,2024-05-15 21:20:00,2024,5,15,21,136,30.7
Lavale AWS,18.5422,73.7389,15-05-2024 21:25,2024-05-15 21:25:00,2024,5,15,21,136,30.6
Lavale AWS,18.5422,73.7389,15-05-2024 21:30,2024-05-15 21:30:00,2024,5,15,21,136,30.6
Lavale AWS,18.5422,73.7389,15-05-2024 21:35,2024-05-15 21:35:00,2024,5,15,21,136,30.4
Lavale AWS,18.5422,73.7389,15-05-2024 21:40,2024-05-15 21:40:00,2024,5,15,21,136,30.4
Lavale AWS,18.5422,73.7389,15-05-2024 21:45,2024-05-15 21:45:00,2024,5,15,21,136,30.3
Lavale AWS,18.5422,73.7389,15-05-2024 21:50,2024-05-15 21:50:00,2024,5,15,21,136,29.9
Lavale AWS,18.5422,73.7389,15-05-2024 21:55,2024-05-15 21:55:00,2024,5,15,21,136,29.7
Lavale AWS,18.5422,73.7389,15-05-2024 22:00,2024-05-15 22:00:00,2024,5,15,22,136,29.7
Lavale AWS,18.5422,73.7389,15-05-2024 22:05,2024-05-15 22:05:00,2024,5,15,22,136,29.5
Lavale AWS,18.5422,73.7389,15-05-2024 22:10,2024-05-15 22:10:00,2024,5,15,22,136,29.3
Lavale AWS,18.5422,73.7389,15-05-2024 22:15,2024-05-15 22:15:00,2024,5,15,22,136,29.1
Lavale AWS,18.5422,73.7389,15-05-2024 22:20,2024-05-15 22:20:00,2024,5,15,22,136,28.7
Lavale AWS,18.5422,73.7389,15-05-2024 22:25,2024-05-15 22:25:00,2024,5,15,22,136,28.3
Lavale AWS,18.5422,73.7389,15-05-2024 22:30,2024-05-15 22:30:00,2024,5,15,22,136,27.9
Lavale AWS,18.5422,73.7389,15-05-2024 22:35,2024-05-15 22:35:00,2024,5,15,22,136,27.9
Lavale AWS,18.5422,73.7389,15-05-2024 22:40,2024-05-15 22:40:00,2024,5,15,22,136,27.4
Lavale AWS,18.5422,73.7389,15-05-2024 22:45,2024-05-15 22:45:00,2024,5,15,22,136,27.2
Lavale AWS,18.5422,73.7389,15-05-2024 22:50,2024-05-15 22:50:00,2024,5,15,22,136,27.0
Lavale AWS,18.5422,73.7389,15-05-2024 22:55,2024-05-15 22:55:00,2024,5,15,22,136,26.9
Lavale AWS,18.5422,73.7389,15-05-2024 23:00,2024-05-15 23:00:00,2024,5,15,23,136,26.5
Lavale AWS,18.5422,73.7389,15-05-2024 23:05,2024-05-15 23:05:00,2024,5,15,23,136,26.5
Lavale AWS,18.5422,73.7389,15-05-2024 23:10,2024-05-15 23:10:00,2024,5,15,23,136,26.2
Lavale AWS,18.5422,73.7389,15-05-2024 23:15,2024-05-15 23:15:00,2024,5,15,23,136,26.3
Lavale AWS,18.5422,73.7389,15-05-2024 23:20,2024-05-15 23:20:00,2024,5,15,23,136,26.1
Lavale AWS,18.5422,73.7389,15-05-2024 23:25,2024-05-15 23:25:00,2024,5,15,23,136,26.0
Lavale AWS,18.5422,73.7389,15-05-2024 23:30,2024-05-15 23:30:00,2024,5,15,23,136,26.0
Lavale AWS,18.5422,73.7389,15-05-2024 23:35,2024-05-15 23:35:00,2024,5,15,23,136,25.9
Lavale AWS,18.5422,73.7389,15-05-2024 23:40,2024-05-15 23:40:00,2024,5,15,23,136,25.8
Lavale AWS,18.5422,73.7389,15-05-2024 23:45,2024-05-15 23:45:00,2024,5,15,23,136,25.7
Lavale AWS,18.5422,73.7389,15-05-2024 23:50,2024-05-15 23:50:00,2024,5,15,23,136,25.7
Lavale AWS,18.5422,73.7389,15-05-2024 23:55,2024-05-15 23:55:00,2024,5,15,23,136,25.7
Lavale AWS,18.5422,73.7389,16-05-2024 00:00,2024-05-16 00:00:00,2024,5,16,0,137,25.5
Lavale AWS,18.5422,73.7389,16-05-2024 00:05,2024-05-16 00:05:00,2024,5,16,0,137,25.5
Lavale AWS,18.5422,73.7389,16-05-2024 00:10,2024-05-16 00:10:00,2024,5,16,0,137,25.6
Lavale AWS,18.5422,73.7389,16-05-2024 00:15,2024-05-16 00:15:00,2024,5,16,0,137,25.6
Lavale AWS,18.5422,73.7389,16-05-2024 00:20,2024-05-16 00:20:00,2024,5,16,0,137,25.7
Lavale AWS,18.5422,73.7389,16-05-2024 00:25,2024-05-16 00:25:00,2024,5,16,0,137,25.6
Lavale AWS,18.5422,73.7389,16-05-2024 00:30,2024-05-16 00:30:00,2024,5,16,0,137,25.4
Lavale AWS,18.5422,73.7389,16-05-2024 00:35,2024-05-16 00:35:00,2024,5,16,0,137,25.2
Lavale AWS,18.5422,73.7389,16-05-2024 00:40,2024-05-16 00:40:00,2024,5,16,0,137,25.2
Lavale AWS,18.5422,73.7389,16-05-2024 00:45,2024-05-16 00:45:00,2024,5,16,0,137,25.2
Lavale AWS,18.5422,73.7389,16-05-2024 00:50,2024-05-16 00:50:00,2024,5,16,0,137,25.6
Lavale AWS,18.5422,73.7389,16-05-2024 00:55,2024-05-16 00:55:00,2024,5,16,0,137,25.6
Lavale AWS,18.5422,73.7389,16-05-2024 01:00,2024-05-16 01:00:00,2024,5,16,1,137,25.4
Lavale AWS,18.5422,73.7389,16-05-2024 01:05,2024-05-16 01:05:00,2024,5,16,1,137,25.2
Lavale AWS,18.5422,73.7389,16-05-2024 01:10,2024-05-16 01:10:00,2024,5,16,1,137,25.5
Lavale AWS,18.5422,73.7389,16-05-2024 01:15,2024-05-16 01:15:00,2024,5,16,1,137,25.3
Lavale AWS,18.5422,73.7389,16-05-2024 01:20,2024-05-16 01:20:00,2024,5,16,1,137,25.3
Lavale AWS,18.5422,73.7389,16-05-2024 01:25,2024-05-16 01:25:00,2024,5,16,1,137,25.0
Lavale AWS,18.5422,73.7389,16-05-2024 01:30,2024-05-16 01:30:00,2024,5,16,1,137,25.2
Lavale AWS,18.5422,73.7389,16-05-2024 01:35,2024-05-16 01:35:00,2024,5,16,1,137,25.2
Lavale AWS,18.5422,73.7389,16-05-2024 01:40,2024-05-16 01:40:00,2024,5,16,1,137,25.0
Lavale AWS,18.5422,73.7389,16-05-2024 01:45,2024-05-16 01:45:00,2024,5,16,1,137,24.8
Lavale AWS,18.5422,73.7389,16-05-2024 01:50,2024-05-16 01:50:00,2024,5,16,1,137,24.8
Lavale AWS,18.5422,73.7389,16-05-2024 01:55,2024-05-16 01:55:00,2024,5,16,1,137,24.8
Lavale AWS,18.5422,73.7389,16-05-2024 02:00,2024-05-16 02:00:00,2024,5,16,2,137,24.9
Lavale AWS,18.5422,73.7389,16-05-2024 02:05,2024-05-16 02:05:00,2024,5,16,2,137,24.9
Lavale AWS,18.5422,73.7389,16-05-2024 02:10,2024-05-16 02:10:00,2024,5,16,2,137,24.8
Lavale AWS,18.5422,73.7389,16-05-2024 02:15,2024-05-16 02:15:00,2024,5,16,2,137,24.7
Lavale AWS,18.5422,73.7389,16-05-2024 02:20,2024-05-16 02:20:00,2024,5,16,2,137,24.6
Lavale AWS,18.5422,73.7389,16-05-2024 02:25,2024-05-16 02:25:00,2024,5,16,2,137,24.5
Lavale AWS,18.5422,73.7389,16-05-2024 02:30,2024-05-16 02:30:00,2024,5,16,2,137,24.5
Lavale AWS,18.5422,73.7389,16-05-2024 02:35,2024-05-16 02:35:00,2024,5,16,2,137,24.5
Lavale AWS,18.5422,73.7389,16-05-2024 02:40,2024-05-16 02:40:00,2024,5,16,2,137,24.3
Lavale AWS,18.5422,73.7389,16-05-2024 02:45,2024-05-16 02:45:00,2024,5,16,2,137,24.4
Lavale AWS,18.5422,73.7389,16-05-2024 02:50,2024-05-16 02:50:00,2024,5,16,2,137,24.4
Lavale AWS,18.5422,73.7389,16-05-2024 02:55,2024-05-16 02:55:00,2024,5,16,2,137,24.3
Lavale AWS,18.5422,73.7389,16-05-2024 03:00,2024-05-16 03:00:00,2024,5,16,3,137,24.2
Lavale AWS,18.5422,73.7389,16-05-2024 03:05,2024-05-16 03:05:00,2024,5,16,3,137,24.3
Lavale AWS,18.5422,73.7389,16-05-2024 03:10,2024-05-16 03:10:00,2024,5,16,3,137,24.3
Lavale AWS,18.5422,73.7389,16-05-2024 03:15,2024-05-16 03:15:00,2024,5,16,3,137,24.4
Lavale AWS,18.5422,73.7389,16-05-2024 03:20,2024-05-16 03:20:00,2024,5,16,3,137,24.6
Lavale AWS,18.5422,73.7389,16-05-2024 03:25,2024-05-16 03:25:00,2024,5,16,3,137,24.8
Lavale AWS,18.5422,73.7389,16-05-2024 03:30,2024-05-16 03:30:00,2024,5,16,3,137,24.8
Lavale AWS,18.5422,73.7389,16-05-2024 03:35,2024-05-16 03:35:00,2024,5,16,3,137,24.7
Lavale AWS,18.5422,73.7389,16-05-2024 03:40,2024-05-16 03:40:00,2024,5,16,3,137,24.7
Lavale AWS,18.5422,73.7389,16-05-2024 03:45,2024-05-16 03:45:00,2024,5,16,3,137,24.6
Lavale AWS,18.5422,73.7389,16-05-2024 03:50,2024-05-16 03:50:00,2024,5,16,3,137,24.9
Lavale AWS,18.5422,73.7389,16-05-2024 03:55,2024-05-16 03:55:00,2024,5,16,3,137,25.2
Lavale AWS,18.5422,73.7389,16-05-2024 04:00,2024-05-16 04:00:00,2024,5,16,4,137,25.3
Lavale AWS,18.5422,73.7389,16-05-2024 04:05,2024-05-16 04:05:00,2024,5,16,4,137,25.5
Lavale AWS,18.5422,73.7389,16-05-2024 04:10,2024-05-16 04:10:00,2024,5,16,4,137,25.5
Lavale AWS,18.5422,73.7389,16-05-2024 04:15,2024-05-16 04:15:00,2024,5,16,4,137,25.6
Lavale AWS,18.5422,73.7389,16-05-2024 04:20,2024-05-16 04:20:00,2024,5,16,4,137,25.4
Lavale AWS,18.5422,73.7389,16-05-2024 04:25,2024-05-16 04:25:00,2024,5,16,4,137,25.4
Lavale AWS,18.5422,73.7389,16-05-2024 04:30,2024-05-16 04:30:00,2024,5,16,4,137,25.3
Lavale AWS,18.5422,73.7389,16-05-2024 04:35,2024-05-16 04:35:00,2024,5,16,4,137,25.4
Lavale AWS,18.5422,73.7389,16-05-2024 04:40,2024-05-16 04:40:00,2024,5,16,4,137,25.5
Lavale AWS,18.5422,73.7389,16-05-2024 04:45,2024-05-16 04:45:00,2024,5,16,4,137,25.8
Lavale AWS,18.5422,73.7389,16-05-2024 04:50,2024-05-16 04:50:00,2024,5,16,4,137,26.0
Lavale AWS,18.5422,73.7389,16-05-2024 04:55,2024-05-16 04:55:00,2024,5,16,4,137,26.1
Lavale AWS,18.5422,73.7389,16-05-2024 05:00,2024-05-16 05:00:00,2024,5,16,5,137,26.1
Lavale AWS,18.5422,73.7389,16-05-2024 05:05,2024-05-16 05:05:00,2024,5,16,5,137,26.4
Lavale AWS,18.5422,73.7389,16-05-2024 05:10,2024-05-16 05:10:00,2024,5,16,5,137,26.5
Lavale AWS,18.5422,73.7389,16-05-2024 05:15,2024-05-16 05:15:00,2024,5,16,5,137,26.6
Lavale AWS,18.5422,73.7389,16-05-2024 05:20,2024-05-16 05:20:00,2024,5,16,5,137,26.6
Lavale AWS,18.5422,73.7389,16-05-2024 05:25,2024-05-16 05:25:00,2024,5,16,5,137,26.6
Lavale AWS,18.5422,73.7389,16-05-2024 05:30,2024-05-16 05:30:00,2024,5,16,5,137,26.7
Lavale AWS,18.5422,73.7389,16-05-2024 05:35,2024-05-16 05:35:00,2024,5,16,5,137,26.5
Lavale AWS,18.5422,73.7389,16-05-2024 05:40,2024-05-16 05:40:00,2024,5,16,5,137,26.3
Lavale AWS,18.5422,73.7389,16-05-2024 05:45,2024-05-16 05:45:00,2024,5,16,5,137,26.5
Lavale AWS,18.5422,73.7389,16-05-2024 05:50,2024-05-16 05:50:00,2024,5,16,5,137,26.8
Lavale AWS,18.5422,73.7389,16-05-2024 05:55,2024-05-16 05:55:00,2024,5,16,5,137,27.0
Lavale AWS,18.5422,73.7389,16-05-2024 06:00,2024-05-16 06:00:00,2024,5,16,6,137,27.0
Lavale AWS,18.5422,73.7389,16-05-2024 06:05,2024-05-16 06:05:00,2024,5,16,6,137,26.9
Lavale AWS,18.5422,73.7389,16-05-2024 06:10,2024-05-16 06:10:00,2024,5,16,6,137,27.1
Lavale AWS,18.5422,73.7389,16-05-2024 06:15,2024-05-16 06:15:00,2024,5,16,6,137,27.1
Lavale AWS,18.5422,73.7389,16-05-2024 06:20,2024-05-16 06:20:00,2024,5,16,6,137,27.3
Lavale AWS,18.5422,73.7389,16-05-2024 06:25,2024-05-16 06:25:00,2024,5,16,6,137,27.5
Lavale AWS,18.5422,73.7389,16-05-2024 06:30,2024-05-16 06:30:00,2024,5,16,6,137,27.7
Lavale AWS,18.5422,73.7389,16-05-2024 06:35,2024-05-16 06:35:00,2024,5,16,6,137,27.8
Lavale AWS,18.5422,73.7389,16-05-2024 06:40,2024-05-16 06:40:00,2024,5,16,6,137,28.0
Lavale AWS,18.5422,73.7389,16-05-2024 06:45,2024-05-16 06:45:00,2024,5,16,6,137,28.1
Lavale AWS,18.5422,73.7389,16-05-2024 06:50,2024-05-16 06:50:00,2024,5,16,6,137,28.1
Lavale AWS,18.5422,73.7389,16-05-2024 06:55,2024-05-16 06:55:00,2024,5,16,6,137,28.1
Lavale AWS,18.5422,73.7389,16-05-2024 07:00,2024-05-16 07:00:00,2024,5,16,7,137,27.8
Lavale AWS,18.5422,73.7389,16-05-2024 07:05,2024-05-16 07:05:00,2024,5,16,7,137,28.0
Lavale AWS,18.5422,73.7389,16-05-2024 07:10,2024-05-16 07:10:00,2024,5,16,7,137,28.3
Lavale AWS,18.5422,73.7389,16-05-2024 07:15,2024-05-16 07:15:00,2024,5,16,7,137,28.6
Lavale AWS,18.5422,73.7389,16-05-2024 07:20,2024-05-16 07:20:00,2024,5,16,7,137,28.8
Lavale AWS,18.5422,73.7389,16-05-2024 07:25,2024-05-16 07:25:00,2024,5,16,7,137,28.8
Lavale AWS,18.5422,73.7389,16-05-2024 07:30,2024-05-16 07:30:00,2024,5,16,7,137,29.1
Lavale AWS,18.5422,73.7389,16-05-2024 07:35,2024-05-16 07:35:00,2024,5,16,7,137,29.2
Lavale AWS,18.5422,73.7389,16-05-2024 07:40,2024-05-16 07:40:00,2024,5,16,7,137,29.6
Lavale AWS,18.5422,73.7389,16-05-2024 07:45,2024-05-16 07:45:00,2024,5,16,7,137,29.6
Lavale AWS,18.5422,73.7389,16-05-2024 07:50,2024-05-16 07:50:00,2024,5,16,7,137,29.6
Lavale AWS,18.5422,73.7389,16-05-2024 07:55,2024-05-16 07:55:00,2024,5,16,7,137,29.6
Lavale AWS,18.5422,73.7389,16-05-2024 08:00,2024-05-16 08:00:00,2024,5,16,8,137,29.5
Lavale AWS,18.5422,73.7389,16-05-2024 08:05,2024-05-16 08:05:00,2024,5,16,8,137,29.5
Lavale AWS,18.5422,73.7389,16-05-2024 08:10,2024-05-16 08:10:00,2024,5,16,8,137,29.7
Lavale AWS,18.5422,73.7389,16-05-2024 08:15,2024-05-16 08:15:00,2024,5,16,8,137,29.8
Lavale AWS,18.5422,73.7389,16-05-2024 08:20,2024-05-16 08:20:00,2024,5,16,8,137,29.4
Lavale AWS,18.5422,73.7389,16-05-2024 08:25,2024-05-16 08:25:00,2024,5,16,8,137,29.7
Lavale AWS,18.5422,73.7389,16-05-2024 08:30,2024-05-16 08:30:00,2024,5,16,8,137,29.7
Lavale AWS,18.5422,73.7389,16-05-2024 08:35,2024-05-16 08:35:00,2024,5,16,8,137,29.9
Lavale AWS,18.5422,73.7389,16-05-2024 08:40,2024-05-16 08:40:00,2024,5,16,8,137,30.1
Lavale AWS,18.5422,73.7389,16-05-2024 08:45,2024-05-16 08:45:00,2024,5,16,8,137,30.6
Lavale AWS,18.5422,73.7389,16-05-2024 08:50,2024-05-16 08:50:00,2024,5,16,8,137,31.0
Lavale AWS,18.5422,73.7389,16-05-2024 08:55,2024-05-16 08:55:00,2024,5,16,8,137,31.0
Lavale AWS,18.5422,73.7389,16-05-2024 09:00,2024-05-16 09:00:00,2024,5,16,9,137,31.1
Lavale AWS,18.5422,73.7389,16-05-2024 09:05,2024-05-16 09:05:00,2024,5,16,9,137,31.5
Lavale AWS,18.5422,73.7389,16-05-2024 09:10,2024-05-16 09:10:00,2024,5,16,9,137,31.4
Lavale AWS,18.5422,73.7389,16-05-2024 09:15,2024-05-16 09:15:00,2024,5,16,9,137,31.6
Lavale AWS,18.5422,73.7389,16-05-2024 09:20,2024-05-16 09:20:00,2024,5,16,9,137,31.8
Lavale AWS,18.5422,73.7389,16-05-2024 09:25,2024-05-16 09:25:00,2024,5,16,9,137,31.9
Lavale AWS,18.5422,73.7389,16-05-2024 09:30,2024-05-16 09:30:00,2024,5,16,9,137,32.1
Lavale AWS,18.5422,73.7389,16-05-2024 09:35,2024-05-16 09:35:00,2024,5,16,9,137,32.3
Lavale AWS,18.5422,73.7389,16-05-2024 09:40,2024-05-16 09:40:00,2024,5,16,9,137,32.5
Lavale AWS,18.5422,73.7389,16-05-2024 09:45,2024-05-16 09:45:00,2024,5,16,9,137,32.6
Lavale AWS,18.5422,73.7389,16-05-2024 09:50,2024-05-16 09:50:00,2024,5,16,9,137,32.9
Lavale AWS,18.5422,73.7389,16-05-2024 09:55,2024-05-16 09:55:00,2024,5,16,9,137,33.0
Lavale AWS,18.5422,73.7389,16-05-2024 10:00,2024-05-16 10:00:00,2024,5,16,10,137,33.0
Lavale AWS,18.5422,73.7389,16-05-2024 10:05,2024-05-16 10:05:00,2024,5,16,10,137,33.2
Lavale AWS,18.5422,73.7389,16-05-2024 10:10,2024-05-16 10:10:00,2024,5,16,10,137,33.2
Lavale AWS,18.5422,73.7389,16-05-2024 10:15,2024-05-16 10:15:00,2024,5,16,10,137,33.2
Lavale AWS,18.5422,73.7389,16-05-2024 10:20,2024-05-16 10:20:00,2024,5,16,10,137,33.3
Lavale AWS,18.5422,73.7389,16-05-2024 10:25,2024-05-16 10:25:00,2024,5,16,10,137,33.5
Lavale AWS,18.5422,73.7389,16-05-2024 10:30,2024-05-16 10:30:00,2024,5,16,10,137,33.6
Lavale AWS,18.5422,73.7389,16-05-2024 10:35,2024-05-16 10:35:00,2024,5,16,10,137,33.9
Lavale AWS,18.5422,73.7389,16-05-2024 10:40,2024-05-16 10:40:00,2024,5,16,10,137,34.0
Lavale AWS,18.5422,73.7389,16-05-2024 10:45,2024-05-16 10:45:00,2024,5,16,10,137,34.1
Lavale AWS,18.5422,73.7389,16-05-2024 10:50,2024-05-16 10:50:00,2024,5,16,10,137,34.3
Lavale AWS,18.5422,73.7389,16-05-2024 10:55,2024-05-16 10:55:00,2024,5,16,10,137,34.3
Lavale AWS,18.5422,73.7389,16-05-2024 11:00,2024-05-16 11:00:00,2024,5,16,11,137,34.4
Lavale AWS,18.5422,73.7389,16-05-2024 11:05,2024-05-16 11:05:00,2024,5,16,11,137,34.7
Lavale AWS,18.5422,73.7389,16-05-2024 11:10,2024-05-16 11:10:00,2024,5,16,11,137,34.9
Lavale AWS,18.5422,73.7389,16-05-2024 11:15,2024-05-16 11:15:00,2024,5,16,11,137,35.0
Lavale AWS,18.5422,73.7389,16-05-2024 11:20,2024-05-16 11:20:00,2024,5,16,11,137,35.0
Lavale AWS,18.5422,73.7389,16-05-2024 11:25,2024-05-16 11:25:00,2024,5,16,11,137,35.4
Lavale AWS,18.5422,73.7389,16-05-2024 11:30,2024-05-16 11:30:00,2024,5,16,11,137,35.4
Lavale AWS,18.5422,73.7389,16-05-2024 11:35,2024-05-16 11:35:00,2024,5,16,11,137,35.3
Lavale AWS,18.5422,73.7389,16-05-2024 11:40,2024-05-16 11:40:00,2024,5,16,11,137,35.5
Lavale AWS,18.5422,73.7389,16-05-2024 11:45,2024-05-16 11:45:00,2024,5,16,11,137,35.6
Lavale AWS,18.5422,73.7389,16-05-2024 11:50,2024-05-16 11:50:00,2024,5,16,11,137,35.6
Lavale AWS,18.5422,73.7389,16-05-2024 11:55,2024-05-16 11:55:00,2024,5,16,11,137,35.6
Lavale AWS,18.5422,73.7389,16-05-2024 12:00,2024-05-16 12:00:00,2024,5,16,12,137,36.0
Lavale AWS,18.5422,73.7389,16-05-2024 12:05,2024-05-16 12:05:00,2024,5,16,12,137,36.1
Lavale AWS,18.5422,73.7389,16-05-2024 12:10,2024-05-16 12:10:00,2024,5,16,12,137,36.3
Lavale AWS,18.5422,73.7389,16-05-2024 12:15,2024-05-16 12:15:00,2024,5,16,12,137,36.4
Lavale AWS,18.5422,73.7389,16-05-2024 12:20,2024-05-16 12:20:00,2024,5,16,12,137,36.5
Lavale AWS,18.5422,73.7389,16-05-2024 12:25,2024-05-16 12:25:00,2024,5,16,12,137,36.8
Lavale AWS,18.5422,73.7389,16-05-2024 12:30,2024-05-16 12:30:00,2024,5,16,12,137,36.8
Lavale AWS,18.5422,73.7389,16-05-2024 12:35,2024-05-16 12:35:00,2024,5,16,12,137,36.6
Lavale AWS,18.5422,73.7389,16-05-2024 12:40,2024-05-16 12:40:00,2024,5,16,12,137,36.8
Lavale AWS,18.5422,73.7389,16-05-2024 12:45,2024-05-16 12:45:00,2024,5,16,12,137,36.9
Lavale AWS,18.5422,73.7389,16-05-2024 12:50,2024-05-16 12:50:00,2024,5,16,12,137,37.0
Lavale AWS,18.5422,73.7389,16-05-2024 12:55,2024-05-16 12:55:00,2024,5,16,12,137,37.1
Lavale AWS,18.5422,73.7389,16-05-2024 13:00,2024-05-16 13:00:00,2024,5,16,13,137,37.0
Lavale AWS,18.5422,73.7389,16-05-2024 13:05,2024-05-16 13:05:00,2024,5,16,13,137,37.1
Lavale AWS,18.5422,73.7389,16-05-2024 13:10,2024-05-16 13:10:00,2024,5,16,13,137,37.1
Lavale AWS,18.5422,73.7389,16-05-2024 13:15,2024-05-16 13:15:00,2024,5,16,13,137,37.0
Lavale AWS,18.5422,73.7389,16-05-2024 13:20,2024-05-16 13:20:00,2024,5,16,13,137,37.2
Lavale AWS,18.5422,73.7389,16-05-2024 13:25,2024-05-16 13:25:00,2024,5,16,13,137,37.0
Lavale AWS,18.5422,73.7389,16-05-2024 13:30,2024-05-16 13:30:00,2024,5,16,13,137,37.4
Lavale AWS,18.5422,73.7389,16-05-2024 13:35,2024-05-16 13:35:00,2024,5,16,13,137,37.6
Lavale AWS,18.5422,73.7389,16-05-2024 13:40,2024-05-16 13:40:00,2024,5,16,13,137,37.3
Lavale AWS,18.5422,73.7389,16-05-2024 13:45,2024-05-16 13:45:00,2024,5,16,13,137,37.3
Lavale AWS,18.5422,73.7389,16-05-2024 13:50,2024-05-16 13:50:00,2024,5,16,13,137,37.3
Lavale AWS,18.5422,73.7389,16-05-2024 13:55,2024-05-16 13:55:00,2024,5,16,13,137,37.3
Lavale AWS,18.5422,73.7389,16-05-2024 14:00,2024-05-16 14:00:00,2024,5,16,14,137,37.2
Lavale AWS,18.5422,73.7389,16-05-2024 14:05,2024-05-16 14:05:00,2024,5,16,14,137,37.2
Lavale AWS,18.5422,73.7389,16-05-2024 14:10,2024-05-16 14:10:00,2024,5,16,14,137,37.2
Lavale AWS,18.5422,73.7389,16-05-2024 14:15,2024-05-16 14:15:00,2024,5,16,14,137,37.1
Lavale AWS,18.5422,73.7389,16-05-2024 14:20,2024-05-16 14:20:00,2024,5,16,14,137,36.9
Lavale AWS,18.5422,73.7389,16-05-2024 14:25,2024-05-16 14:25:00,2024,5,16,14,137,37.1
Lavale AWS,18.5422,73.7389,16-05-2024 14:30,2024-05-16 14:30:00,2024,5,16,14,137,36.8
Lavale AWS,18.5422,73.7389,16-05-2024 14:35,2024-05-16 14:35:00,2024,5,16,14,137,36.9
Lavale AWS,18.5422,73.7389,16-05-2024 14:40,2024-05-16 14:40:00,2024,5,16,14,137,37.0
Lavale AWS,18.5422,73.7389,16-05-2024 14:45,2024-05-16 14:45:00,2024,5,16,14,137,37.0
Lavale AWS,18.5422,73.7389,16-05-2024 14:50,2024-05-16 14:50:00,2024,5,16,14,137,37.0
Lavale AWS,18.5422,73.7389,16-05-2024 14:55,2024-05-16 14:55:00,2024,5,16,14,137,37.1
Lavale AWS,18.5422,73.7389,16-05-2024 15:00,2024-05-16 15:00:00,2024,5,16,15,137,37.0
Lavale AWS,18.5422,73.7389,16-05-2024 15:05,2024-05-16 15:05:00,2024,5,16,15,137,36.9
Lavale AWS,18.5422,73.7389,16-05-2024 15:10,2024-05-16 15:10:00,2024,5,16,15,137,36.8
Lavale AWS,18.5422,73.7389,16-05-2024 15:15,2024-05-16 15:15:00,2024,5,16,15,137,36.9
Lavale AWS,18.5422,73.7389,16-05-2024 15:20,2024-05-16 15:20:00,2024,5,16,15,137,37.1
Lavale AWS,18.5422,73.7389,16-05-2024 15:25,2024-05-16 15:25:00,2024,5,16,15,137,36.8
Lavale AWS,18.5422,73.7389,16-05-2024 15:30,2024-05-16 15:30:00,2024,5,16,15,137,36.9
Lavale AWS,18.5422,73.7389,16-05-2024 15:35,2024-05-16 15:35:00,2024,5,16,15,137,37.0
Lavale AWS,18.5422,73.7389,16-05-2024 15:40,2024-05-16 15:40:00,2024,5,16,15,137,37.2
Lavale AWS,18.5422,73.7389,16-05-2024 15:45,2024-05-16 15:45:00,2024,5,16,15,137,37.1
Lavale AWS,18.5422,73.7389,16-05-2024 15:50,2024-05-16 15:50:00,2024,5,16,15,137,37.0
Lavale AWS,18.5422,73.7389,16-05-2024 15:55,2024-05-16 15:55:00,2024,5,16,15,137,37.1
Lavale AWS,18.5422,73.7389,16-05-2024 16:00,2024-05-16 16:00:00,2024,5,16,16,137,37.1
Lavale AWS,18.5422,73.7389,16-05-2024 16:05,2024-05-16 16:05:00,2024,5,16,16,137,37.4
Lavale AWS,18.5422,73.7389,16-05-2024 16:10,2024-05-16 16:10:00,2024,5,16,16,137,37.4
Lavale AWS,18.5422,73.7389,16-05-2024 16:15,2024-05-16 16:15:00,2024,5,16,16,137,37.3
Lavale AWS,18.5422,73.7389,16-05-2024 16:20,2024-05-16 16:20:00,2024,5,16,16,137,37.0
Lavale AWS,18.5422,73.7389,16-05-2024 16:25,2024-05-16 16:25:00,2024,5,16,16,137,36.8
Lavale AWS,18.5422,73.7389,16-05-2024 16:30,2024-05-16 16:30:00,2024,5,16,16,137,36.5
Lavale AWS,18.5422,73.7389,16-05-2024 16:35,2024-05-16 16:35:00,2024,5,16,16,137,36.3
Lavale AWS,18.5422,73.7389,16-05-2024 16:40,2024-05-16 16:40:00,2024,5,16,16,137,36.3
Lavale AWS,18.5422,73.7389,16-05-2024 16:45,2024-05-16 16:45:00,2024,5,16,16,137,36.2
Lavale AWS,18.5422,73.7389,16-05-2024 16:50,2024-05-16 16:50:00,2024,5,16,16,137,36.3
Lavale AWS,18.5422,73.7389,16-05-2024 16:55,2024-05-16 16:55:00,2024,5,16,16,137,36.2
Lavale AWS,18.5422,73.7389,16-05-2024 17:00,2024-05-16 17:00:00,2024,5,16,17,137,36.0
Lavale AWS,18.5422,73.7389,16-05-2024 17:05,2024-05-16 17:05:00,2024,5,16,17,137,35.9
Lavale AWS,18.5422,73.7389,16-05-2024 17:10,2024-05-16 17:10:00,2024,5,16,17,137,35.8
Lavale AWS,18.5422,73.7389,16-05-2024 17:15,2024-05-16 17:15:00,2024,5,16,17,137,35.7
Lavale AWS,18.5422,73.7389,16-05-2024 17:20,2024-05-16 17:20:00,2024,5,16,17,137,35.6
Lavale AWS,18.5422,73.7389,16-05-2024 17:25,2024-05-16 17:25:00,2024,5,16,17,137,35.3
Lavale AWS,18.5422,73.7389,16-05-2024 17:30,2024-05-16 17:30:00,2024,5,16,17,137,35.1
Lavale AWS,18.5422,73.7389,16-05-2024 17:35,2024-05-16 17:35:00,2024,5,16,17,137,35.4
Lavale AWS,18.5422,73.7389,16-05-2024 17:40,2024-05-16 17:40:00,2024,5,16,17,137,35.4
Lavale AWS,18.5422,73.7389,16-05-2024 17:45,2024-05-16 17:45:00,2024,5,16,17,137,35.0
Lavale AWS,18.5422,73.7389,16-05-2024 17:50,2024-05-16 17:50:00,2024,5,16,17,137,34.5
Lavale AWS,18.5422,73.7389,16-05-2024 17:55,2024-05-16 17:55:00,2024,5,16,17,137,34.4
Lavale AWS,18.5422,73.7389,16-05-2024 18:00,2024-05-16 18:00:00,2024,5,16,18,137,34.4
Lavale AWS,18.5422,73.7389,16-05-2024 18:05,2024-05-16 18:05:00,2024,5,16,18,137,34.2
Lavale AWS,18.5422,73.7389,16-05-2024 18:10,2024-05-16 18:10:00,2024,5,16,18,137,34.2
Lavale AWS,18.5422,73.7389,16-05-2024 18:15,2024-05-16 18:15:00,2024,5,16,18,137,34.0
Lavale AWS,18.5422,73.7389,16-05-2024 18:20,2024-05-16 18:20:00,2024,5,16,18,137,33.9
Lavale AWS,18.5422,73.7389,16-05-2024 18:25,2024-05-16 18:25:00,2024,5,16,18,137,33.8
Lavale AWS,18.5422,73.7389,16-05-2024 18:30,2024-05-16 18:30:00,2024,5,16,18,137,33.6
Lavale AWS,18.5422,73.7389,16-05-2024 18:35,2024-05-16 18:35:00,2024,5,16,18,137,33.4
Lavale AWS,18.5422,73.7389,16-05-2024 18:40,2024-05-16 18:40:00,2024,5,16,18,137,33.3
Lavale AWS,18.5422,73.7389,16-05-2024 18:45,2024-05-16 18:45:00,2024,5,16,18,137,33.2
Lavale AWS,18.5422,73.7389,16-05-2024 18:50,2024-05-16 18:50:00,2024,5,16,18,137,33.3
Lavale AWS,18.5422,73.7389,16-05-2024 18:55,2024-05-16 18:55:00,2024,5,16,18,137,33.2
Lavale AWS,18.5422,73.7389,16-05-2024 19:00,2024-05-16 19:00:00,2024,5,16,19,137,33.2
Lavale AWS,18.5422,73.7389,16-05-2024 19:05,2024-05-16 19:05:00,2024,5,16,19,137,33.0
Lavale AWS,18.5422,73.7389,16-05-2024 19:10,2024-05-16 19:10:00,2024,5,16,19,137,32.9
Lavale AWS,18.5422,73.7389,16-05-2024 19:15,2024-05-16 19:15:00,2024,5,16,19,137,32.7
Lavale AWS,18.5422,73.7389,16-05-2024 19:20,2024-05-16 19:20:00,2024,5,16,19,137,32.5
Lavale AWS,18.5422,73.7389,16-05-2024 19:25,2024-05-16 19:25:00,2024,5,16,19,137,32.2
Lavale AWS,18.5422,73.7389,16-05-2024 19:30,2024-05-16 19:30:00,2024,5,16,19,137,32.2
Lavale AWS,18.5422,73.7389,16-05-2024 19:35,2024-05-16 19:35:00,2024,5,16,19,137,32.0
Lavale AWS,18.5422,73.7389,16-05-2024 19:40,2024-05-16 19:40:00,2024,5,16,19,137,32.2
Lavale AWS,18.5422,73.7389,16-05-2024 19:45,2024-05-16 19:45:00,2024,5,16,19,137,32.3
Lavale AWS,18.5422,73.7389,16-05-2024 19:50,2024-05-16 19:50:00,2024,5,16,19,137,32.2
Lavale AWS,18.5422,73.7389,16-05-2024 19:55,2024-05-16 19:55:00,2024,5,16,19,137,32.0
Lavale AWS,18.5422,73.7389,16-05-2024 20:00,2024-05-16 20:00:00,2024,5,16,20,137,31.6
Lavale AWS,18.5422,73.7389,16-05-2024 20:05,2024-05-16 20:05:00,2024,5,16,20,137,31.6
Lavale AWS,18.5422,73.7389,16-05-2024 20:10,2024-05-16 20:10:00,2024,5,16,20,137,31.4
Lavale AWS,18.5422,73.7389,16-05-2024 20:15,2024-05-16 20:15:00,2024,5,16,20,137,31.3
Lavale AWS,18.5422,73.7389,16-05-2024 20:20,2024-05-16 20:20:00,2024,5,16,20,137,31.3
Lavale AWS,18.5422,73.7389,16-05-2024 20:25,2024-05-16 20:25:00,2024,5,16,20,137,31.0
Lavale AWS,18.5422,73.7389,16-05-2024 20:30,2024-05-16 20:30:00,2024,5,16,20,137,30.6
Lavale AWS,18.5422,73.7389,16-05-2024 20:35,2024-05-16 20:35:00,2024,5,16,20,137,30.4
Lavale AWS,18.5422,73.7389,16-05-2024 20:40,2024-05-16 20:40:00,2024,5,16,20,137,30.3
Lavale AWS,18.5422,73.7389,16-05-2024 20:45,2024-05-16 20:45:00,2024,5,16,20,137,30.2
Lavale AWS,18.5422,73.7389,16-05-2024 20:50,2024-05-16 20:50:00,2024,5,16,20,137,29.8
Lavale AWS,18.5422,73.7389,16-05-2024 20:55,2024-05-16 20:55:00,2024,5,16,20,137,29.8
Lavale AWS,18.5422,73.7389,16-05-2024 21:00,2024-05-16 21:00:00,2024,5,16,21,137,29.4
Lavale AWS,18.5422,73.7389,16-05-2024 21:05,2024-05-16 21:05:00,2024,5,16,21,137,29.1
Lavale AWS,18.5422,73.7389,16-05-2024 21:10,2024-05-16 21:10:00,2024,5,16,21,137,28.9
Lavale AWS,18.5422,73.7389,16-05-2024 21:15,2024-05-16 21:15:00,2024,5,16,21,137,28.6
Lavale AWS,18.5422,73.7389,16-05-2024 21:20,2024-05-16 21:20:00,2024,5,16,21,137,28.6
Lavale AWS,18.5422,73.7389,16-05-2024 21:25,2024-05-16 21:25:00,2024,5,16,21,137,28.4
Lavale AWS,18.5422,73.7389,16-05-2024 21:30,2024-05-16 21:30:00,2024,5,16,21,137,28.5
Lavale AWS,18.5422,73.7389,16-05-2024 21:35,2024-05-16 21:35:00,2024,5,16,21,137,28.3
Lavale AWS,18.5422,73.7389,16-05-2024 21:40,2024-05-16 21:40:00,2024,5,16,21,137,28.1
Lavale AWS,18.5422,73.7389,16-05-2024 21:45,2024-05-16 21:45:00,2024,5,16,21,137,28.1
Lavale AWS,18.5422,73.7389,16-05-2024 21:50,2024-05-16 21:50:00,2024,5,16,21,137,27.9
Lavale AWS,18.5422,73.7389,16-05-2024 21:55,2024-05-16 21:55:00,2024,5,16,21,137,28.0
Lavale AWS,18.5422,73.7389,16-05-2024 22:00,2024-05-16 22:00:00,2024,5,16,22,137,27.8
Lavale AWS,18.5422,73.7389,16-05-2024 22:05,2024-05-16 22:05:00,2024,5,16,22,137,27.3
Lavale AWS,18.5422,73.7389,16-05-2024 22:10,2024-05-16 22:10:00,2024,5,16,22,137,27.3
Lavale AWS,18.5422,73.7389,16-05-2024 22:15,2024-05-16 22:15:00,2024,5,16,22,137,27.3
Lavale AWS,18.5422,73.7389,16-05-2024 22:20,2024-05-16 22:20:00,2024,5,16,22,137,27.2
Lavale AWS,18.5422,73.7389,16-05-2024 22:25,2024-05-16 22:25:00,2024,5,16,22,137,26.8
Lavale AWS,18.5422,73.7389,16-05-2024 22:30,2024-05-16 22:30:00,2024,5,16,22,137,26.5
Lavale AWS,18.5422,73.7389,16-05-2024 22:35,2024-05-16 22:35:00,2024,5,16,22,137,26.3
Lavale AWS,18.5422,73.7389,16-05-2024 22:40,2024-05-16 22:40:00,2024,5,16,22,137,26.0
Lavale AWS,18.5422,73.7389,16-05-2024 22:45,2024-05-16 22:45:00,2024,5,16,22,137,26.1
Lavale AWS,18.5422,73.7389,16-05-2024 22:50,2024-05-16 22:50:00,2024,5,16,22,137,26.0
Lavale AWS,18.5422,73.7389,16-05-2024 22:55,2024-05-16 22:55:00,2024,5,16,22,137,25.8
Lavale AWS,18.5422,73.7389,16-05-2024 23:00,2024-05-16 23:00:00,2024,5,16,23,137,25.7
Lavale AWS,18.5422,73.7389,16-05-2024 23:05,2024-05-16 23:05:00,2024,5,16,23,137,25.7
Lavale AWS,18.5422,73.7389,16-05-2024 23:10,2024-05-16 23:10:00,2024,5,16,23,137,25.0
Lavale AWS,18.5422,73.7389,16-05-2024 23:15,2024-05-16 23:15:00,2024,5,16,23,137,24.8
Lavale AWS,18.5422,73.7389,16-05-2024 23:20,2024-05-16 23:20:00,2024,5,16,23,137,24.5
Lavale AWS,18.5422,73.7389,16-05-2024 23:25,2024-05-16 23:25:00,2024,5,16,23,137,24.5
Lavale AWS,18.5422,73.7389,16-05-2024 23:30,2024-05-16 23:30:00,2024,5,16,23,137,24.3
Lavale AWS,18.5422,73.7389,16-05-2024 23:35,2024-05-16 23:35:00,2024,5,16,23,137,24.2
Lavale AWS,18.5422,73.7389,16-05-2024 23:40,2024-05-16 23:40:00,2024,5,16,23,137,23.8
Lavale AWS,18.5422,73.7389,16-05-2024 23:45,2024-05-16 23:45:00,2024,5,16,23,137,23.7
Lavale AWS,18.5422,73.7389,16-05-2024 23:50,2024-05-16 23:50:00,2024,5,16,23,137,23.8
Lavale AWS,18.5422,73.7389,16-05-2024 23:55,2024-05-16 23:55:00,2024,5,16,23,137,23.9
Lavale AWS,18.5422,73.7389,17-05-2024 00:00,2024-05-17 00:00:00,2024,5,17,0,138,23.9
Lavale AWS,18.5422,73.7389,17-05-2024 00:05,2024-05-17 00:05:00,2024,5,17,0,138,23.7
Lavale AWS,18.5422,73.7389,17-05-2024 00:10,2024-05-17 00:10:00,2024,5,17,0,138,23.8
Lavale AWS,18.5422,73.7389,17-05-2024 00:15,2024-05-17 00:15:00,2024,5,17,0,138,23.8
Lavale AWS,18.5422,73.7389,17-05-2024 00:20,2024-05-17 00:20:00,2024,5,17,0,138,23.7
Lavale AWS,18.5422,73.7389,17-05-2024 00:25,2024-05-17 00:25:00,2024,5,17,0,138,23.3
Lavale AWS,18.5422,73.7389,17-05-2024 00:30,2024-05-17 00:30:00,2024,5,17,0,138,23.4
Lavale AWS,18.5422,73.7389,17-05-2024 00:35,2024-05-17 00:35:00,2024,5,17,0,138,23.2
Lavale AWS,18.5422,73.7389,17-05-2024 00:40,2024-05-17 00:40:00,2024,5,17,0,138,23.2
Lavale AWS,18.5422,73.7389,17-05-2024 00:45,2024-05-17 00:45:00,2024,5,17,0,138,23.1
Lavale AWS,18.5422,73.7389,17-05-2024 00:50,2024-05-17 00:50:00,2024,5,17,0,138,23.3
Lavale AWS,18.5422,73.7389,17-05-2024 00:55,2024-05-17 00:55:00,2024,5,17,0,138,23.2
Lavale AWS,18.5422,73.7389,17-05-2024 01:00,2024-05-17 01:00:00,2024,5,17,1,138,23.1
Lavale AWS,18.5422,73.7389,17-05-2024 01:05,2024-05-17 01:05:00,2024,5,17,1,138,23.3
Lavale AWS,18.5422,73.7389,17-05-2024 01:10,2024-05-17 01:10:00,2024,5,17,1,138,23.2
Lavale AWS,18.5422,73.7389,17-05-2024 01:15,2024-05-17 01:15:00,2024,5,17,1,138,23.2
Lavale AWS,18.5422,73.7389,17-05-2024 01:20,2024-05-17 01:20:00,2024,5,17,1,138,23.1
Lavale AWS,18.5422,73.7389,17-05-2024 01:25,2024-05-17 01:25:00,2024,5,17,1,138,22.9
Lavale AWS,18.5422,73.7389,17-05-2024 01:30,2024-05-17 01:30:00,2024,5,17,1,138,22.9
Lavale AWS,18.5422,73.7389,17-05-2024 01:35,2024-05-17 01:35:00,2024,5,17,1,138,22.9
Lavale AWS,18.5422,73.7389,17-05-2024 01:40,2024-05-17 01:40:00,2024,5,17,1,138,23.1
Lavale AWS,18.5422,73.7389,17-05-2024 01:45,2024-05-17 01:45:00,2024,5,17,1,138,23.2
Lavale AWS,18.5422,73.7389,17-05-2024 01:50,2024-05-17 01:50:00,2024,5,17,1,138,23.1
Lavale AWS,18.5422,73.7389,17-05-2024 01:55,2024-05-17 01:55:00,2024,5,17,1,138,22.9
Lavale AWS,18.5422,73.7389,17-05-2024 02:00,2024-05-17 02:00:00,2024,5,17,2,138,22.9
Lavale AWS,18.5422,73.7389,17-05-2024 02:05,2024-05-17 02:05:00,2024,5,17,2,138,22.6
Lavale AWS,18.5422,73.7389,17-05-2024 02:10,2024-05-17 02:10:00,2024,5,17,2,138,22.6
Lavale AWS,18.5422,73.7389,17-05-2024 02:15,2024-05-17 02:15:00,2024,5,17,2,138,22.5
Lavale AWS,18.5422,73.7389,17-05-2024 02:20,2024-05-17 02:20:00,2024,5,17,2,138,22.6
Lavale AWS,18.5422,73.7389,17-05-2024 02:25,2024-05-17 02:25:00,2024,5,17,2,138,22.3
Lavale AWS,18.5422,73.7389,17-05-2024 02:30,2024-05-17 02:30:00,2024,5,17,2,138,22.2
Lavale AWS,18.5422,73.7389,17-05-2024 02:35,2024-05-17 02:35:00,2024,5,17,2,138,22.1
Lavale AWS,18.5422,73.7389,17-05-2024 02:40,2024-05-17 02:40:00,2024,5,17,2,138,22.3
Lavale AWS,18.5422,73.7389,17-05-2024 02:45,2024-05-17 02:45:00,2024,5,17,2,138,22.1
Lavale AWS,18.5422,73.7389,17-05-2024 02:50,2024-05-17 02:50:00,2024,5,17,2,138,22.2
Lavale AWS,18.5422,73.7389,17-05-2024 02:55,2024-05-17 02:55:00,2024,5,17,2,138,22.2
Lavale AWS,18.5422,73.7389,17-05-2024 03:00,2024-05-17 03:00:00,2024,5,17,3,138,22.4
Lavale AWS,18.5422,73.7389,17-05-2024 03:05,2024-05-17 03:05:00,2024,5,17,3,138,22.5
Lavale AWS,18.5422,73.7389,17-05-2024 03:10,2024-05-17 03:10:00,2024,5,17,3,138,22.6
Lavale AWS,18.5422,73.7389,17-05-2024 03:15,2024-05-17 03:15:00,2024,5,17,3,138,22.5
Lavale AWS,18.5422,73.7389,17-05-2024 03:20,2024-05-17 03:20:00,2024,5,17,3,138,22.3
Lavale AWS,18.5422,73.7389,17-05-2024 03:25,2024-05-17 03:25:00,2024,5,17,3,138,22.4
Lavale AWS,18.5422,73.7389,17-05-2024 03:30,2024-05-17 03:30:00,2024,5,17,3,138,22.5
Lavale AWS,18.5422,73.7389,17-05-2024 03:35,2024-05-17 03:35:00,2024,5,17,3,138,22.3
Lavale AWS,18.5422,73.7389,17-05-2024 03:40,2024-05-17 03:40:00,2024,5,17,3,138,22.2
Lavale AWS,18.5422,73.7389,17-05-2024 03:45,2024-05-17 03:45:00,2024,5,17,3,138,22.3
Lavale AWS,18.5422,73.7389,17-05-2024 03:50,2024-05-17 03:50:00,2024,5,17,3,138,22.5
Lavale AWS,18.5422,73.7389,17-05-2024 03:55,2024-05-17 03:55:00,2024,5,17,3,138,22.4
Lavale AWS,18.5422,73.7389,17-05-2024 04:00,2024-05-17 04:00:00,2024,5,17,4,138,22.4
Lavale AWS,18.5422,73.7389,17-05-2024 04:05,2024-05-17 04:05:00,2024,5,17,4,138,22.2
Lavale AWS,18.5422,73.7389,17-05-2024 04:10,2024-05-17 04:10:00,2024,5,17,4,138,22.5
Lavale AWS,18.5422,73.7389,17-05-2024 04:15,2024-05-17 04:15:00,2024,5,17,4,138,22.4
Lavale AWS,18.5422,73.7389,17-05-2024 04:20,2024-05-17 04:20:00,2024,5,17,4,138,22.6
Lavale AWS,18.5422,73.7389,17-05-2024 04:25,2024-05-17 04:25:00,2024,5,17,4,138,22.7
Lavale AWS,18.5422,73.7389,17-05-2024 04:30,2024-05-17 04:30:00,2024,5,17,4,138,23.0
Lavale AWS,18.5422,73.7389,17-05-2024 04:35,2024-05-17 04:35:00,2024,5,17,4,138,23.0
Lavale AWS,18.5422,73.7389,17-05-2024 04:40,2024-05-17 04:40:00,2024,5,17,4,138,23.1
Lavale AWS,18.5422,73.7389,17-05-2024 04:45,2024-05-17 04:45:00,2024,5,17,4,138,23.0
Lavale AWS,18.5422,73.7389,17-05-2024 04:50,2024-05-17 04:50:00,2024,5,17,4,138,22.8
Lavale AWS,18.5422,73.7389,17-05-2024 04:55,2024-05-17 04:55:00,2024,5,17,4,138,23.0
Lavale AWS,18.5422,73.7389,17-05-2024 05:00,2024-05-17 05:00:00,2024,5,17,5,138,22.9
Lavale AWS,18.5422,73.7389,17-05-2024 05:05,2024-05-17 05:05:00,2024,5,17,5,138,23.0
Lavale AWS,18.5422,73.7389,17-05-2024 05:10,2024-05-17 05:10:00,2024,5,17,5,138,23.3
Lavale AWS,18.5422,73.7389,17-05-2024 05:15,2024-05-17 05:15:00,2024,5,17,5,138,23.6
Lavale AWS,18.5422,73.7389,17-05-2024 05:20,2024-05-17 05:20:00,2024,5,17,5,138,23.6
Lavale AWS,18.5422,73.7389,17-05-2024 05:25,2024-05-17 05:25:00,2024,5,17,5,138,23.5
Lavale AWS,18.5422,73.7389,17-05-2024 05:30,2024-05-17 05:30:00,2024,5,17,5,138,23.7
Lavale AWS,18.5422,73.7389,17-05-2024 05:35,2024-05-17 05:35:00,2024,5,17,5,138,24.1
Lavale AWS,18.5422,73.7389,17-05-2024 05:40,2024-05-17 05:40:00,2024,5,17,5,138,24.1
Lavale AWS,18.5422,73.7389,17-05-2024 05:45,2024-05-17 05:45:00,2024,5,17,5,138,24.2
Lavale AWS,18.5422,73.7389,17-05-2024 05:50,2024-05-17 05:50:00,2024,5,17,5,138,24.2
Lavale AWS,18.5422,73.7389,17-05-2024 05:55,2024-05-17 05:55:00,2024,5,17,5,138,24.5
Lavale AWS,18.5422,73.7389,17-05-2024 06:00,2024-05-17 06:00:00,2024,5,17,6,138,24.8
Lavale AWS,18.5422,73.7389,17-05-2024 06:05,2024-05-17 06:05:00,2024,5,17,6,138,24.8
Lavale AWS,18.5422,73.7389,17-05-2024 06:10,2024-05-17 06:10:00,2024,5,17,6,138,24.7
Lavale AWS,18.5422,73.7389,17-05-2024 06:15,2024-05-17 06:15:00,2024,5,17,6,138,25.2
Lavale AWS,18.5422,73.7389,17-05-2024 06:20,2024-05-17 06:20:00,2024,5,17,6,138,25.4
Lavale AWS,18.5422,73.7389,17-05-2024 06:25,2024-05-17 06:25:00,2024,5,17,6,138,25.6
Lavale AWS,18.5422,73.7389,17-05-2024 06:30,2024-05-17 06:30:00,2024,5,17,6,138,25.6
Lavale AWS,18.5422,73.7389,17-05-2024 06:35,2024-05-17 06:35:00,2024,5,17,6,138,25.8
Lavale AWS,18.5422,73.7389,17-05-2024 06:40,2024-05-17 06:40:00,2024,5,17,6,138,26.1
Lavale AWS,18.5422,73.7389,17-05-2024 06:45,2024-05-17 06:45:00,2024,5,17,6,138,26.3
Lavale AWS,18.5422,73.7389,17-05-2024 06:50,2024-05-17 06:50:00,2024,5,17,6,138,26.7
Lavale AWS,18.5422,73.7389,17-05-2024 06:55,2024-05-17 06:55:00,2024,5,17,6,138,26.8
Lavale AWS,18.5422,73.7389,17-05-2024 07:00,2024-05-17 07:00:00,2024,5,17,7,138,26.9
Lavale AWS,18.5422,73.7389,17-05-2024 07:05,2024-05-17 07:05:00,2024,5,17,7,138,27.1
Lavale AWS,18.5422,73.7389,17-05-2024 07:10,2024-05-17 07:10:00,2024,5,17,7,138,27.3
Lavale AWS,18.5422,73.7389,17-05-2024 07:15,2024-05-17 07:15:00,2024,5,17,7,138,27.5
Lavale AWS,18.5422,73.7389,17-05-2024 07:20,2024-05-17 07:20:00,2024,5,17,7,138,27.4
Lavale AWS,18.5422,73.7389,17-05-2024 07:25,2024-05-17 07:25:00,2024,5,17,7,138,27.6
Lavale AWS,18.5422,73.7389,17-05-2024 07:30,2024-05-17 07:30:00,2024,5,17,7,138,27.7
Lavale AWS,18.5422,73.7389,17-05-2024 07:35,2024-05-17 07:35:00,2024,5,17,7,138,27.8
Lavale AWS,18.5422,73.7389,17-05-2024 07:40,2024-05-17 07:40:00,2024,5,17,7,138,28.0
Lavale AWS,18.5422,73.7389,17-05-2024 07:45,2024-05-17 07:45:00,2024,5,17,7,138,28.0
Lavale AWS,18.5422,73.7389,17-05-2024 07:50,2024-05-17 07:50:00,2024,5,17,7,138,28.0
Lavale AWS,18.5422,73.7389,17-05-2024 07:55,2024-05-17 07:55:00,2024,5,17,7,138,27.7
Lavale AWS,18.5422,73.7389,17-05-2024 08:00,2024-05-17 08:00:00,2024,5,17,8,138,28.2
Lavale AWS,18.5422,73.7389,17-05-2024 08:05,2024-05-17 08:05:00,2024,5,17,8,138,28.5
Lavale AWS,18.5422,73.7389,17-05-2024 08:10,2024-05-17 08:10:00,2024,5,17,8,138,28.6
Lavale AWS,18.5422,73.7389,17-05-2024 08:15,2024-05-17 08:15:00,2024,5,17,8,138,28.7
Lavale AWS,18.5422,73.7389,17-05-2024 08:20,2024-05-17 08:20:00,2024,5,17,8,138,28.4
Lavale AWS,18.5422,73.7389,17-05-2024 08:25,2024-05-17 08:25:00,2024,5,17,8,138,28.5
Lavale AWS,18.5422,73.7389,17-05-2024 08:30,2024-05-17 08:30:00,2024,5,17,8,138,28.8
Lavale AWS,18.5422,73.7389,17-05-2024 08:35,2024-05-17 08:35:00,2024,5,17,8,138,29.2
Lavale AWS,18.5422,73.7389,17-05-2024 08:40,2024-05-17 08:40:00,2024,5,17,8,138,29.5
Lavale AWS,18.5422,73.7389,17-05-2024 08:45,2024-05-17 08:45:00,2024,5,17,8,138,29.7
Lavale AWS,18.5422,73.7389,17-05-2024 08:50,2024-05-17 08:50:00,2024,5,17,8,138,30.0
Lavale AWS,18.5422,73.7389,17-05-2024 08:55,2024-05-17 08:55:00,2024,5,17,8,138,30.2
Lavale AWS,18.5422,73.7389,17-05-2024 09:00,2024-05-17 09:00:00,2024,5,17,9,138,30.5
Lavale AWS,18.5422,73.7389,17-05-2024 09:05,2024-05-17 09:05:00,2024,5,17,9,138,30.6
Lavale AWS,18.5422,73.7389,17-05-2024 09:10,2024-05-17 09:10:00,2024,5,17,9,138,30.6
Lavale AWS,18.5422,73.7389,17-05-2024 09:15,2024-05-17 09:15:00,2024,5,17,9,138,30.6
Lavale AWS,18.5422,73.7389,17-05-2024 09:20,2024-05-17 09:20:00,2024,5,17,9,138,30.7
Lavale AWS,18.5422,73.7389,17-05-2024 09:25,2024-05-17 09:25:00,2024,5,17,9,138,30.9
Lavale AWS,18.5422,73.7389,17-05-2024 09:30,2024-05-17 09:30:00,2024,5,17,9,138,31.0
Lavale AWS,18.5422,73.7389,17-05-2024 09:35,2024-05-17 09:35:00,2024,5,17,9,138,31.0
Lavale AWS,18.5422,73.7389,17-05-2024 09:40,2024-05-17 09:40:00,2024,5,17,9,138,31.3
Lavale AWS,18.5422,73.7389,17-05-2024 09:45,2024-05-17 09:45:00,2024,5,17,9,138,31.5
Lavale AWS,18.5422,73.7389,17-05-2024 09:50,2024-05-17 09:50:00,2024,5,17,9,138,31.8
Lavale AWS,18.5422,73.7389,17-05-2024 09:55,2024-05-17 09:55:00,2024,5,17,9,138,32.1
Lavale AWS,18.5422,73.7389,17-05-2024 10:00,2024-05-17 10:00:00,2024,5,17,10,138,32.1
Lavale AWS,18.5422,73.7389,17-05-2024 10:05,2024-05-17 10:05:00,2024,5,17,10,138,32.3
Lavale AWS,18.5422,73.7389,17-05-2024 10:10,2024-05-17 10:10:00,2024,5,17,10,138,32.5
Lavale AWS,18.5422,73.7389,17-05-2024 10:15,2024-05-17 10:15:00,2024,5,17,10,138,32.5
Lavale AWS,18.5422,73.7389,17-05-2024 10:20,2024-05-17 10:20:00,2024,5,17,10,138,32.5
Lavale AWS,18.5422,73.7389,17-05-2024 10:25,2024-05-17 10:25:00,2024,5,17,10,138,32.5
Lavale AWS,18.5422,73.7389,17-05-2024 10:30,2024-05-17 10:30:00,2024,5,17,10,138,33.0
Lavale AWS,18.5422,73.7389,17-05-2024 10:35,2024-05-17 10:35:00,2024,5,17,10,138,33.1
Lavale AWS,18.5422,73.7389,17-05-2024 10:40,2024-05-17 10:40:00,2024,5,17,10,138,33.4
Lavale AWS,18.5422,73.7389,17-05-2024 10:45,2024-05-17 10:45:00,2024,5,17,10,138,33.5
Lavale AWS,18.5422,73.7389,17-05-2024 10:50,2024-05-17 10:50:00,2024,5,17,10,138,33.8
Lavale AWS,18.5422,73.7389,17-05-2024 10:55,2024-05-17 10:55:00,2024,5,17,10,138,34.0
Lavale AWS,18.5422,73.7389,17-05-2024 11:00,2024-05-17 11:00:00,2024,5,17,11,138,34.3
Lavale AWS,18.5422,73.7389,17-05-2024 11:05,2024-05-17 11:05:00,2024,5,17,11,138,34.5
Lavale AWS,18.5422,73.7389,17-05-2024 11:10,2024-05-17 11:10:00,2024,5,17,11,138,34.8
Lavale AWS,18.5422,73.7389,17-05-2024 11:15,2024-05-17 11:15:00,2024,5,17,11,138,34.9
Lavale AWS,18.5422,73.7389,17-05-2024 11:20,2024-05-17 11:20:00,2024,5,17,11,138,35.3
Lavale AWS,18.5422,73.7389,17-05-2024 11:25,2024-05-17 11:25:00,2024,5,17,11,138,35.1
Lavale AWS,18.5422,73.7389,17-05-2024 11:30,2024-05-17 11:30:00,2024,5,17,11,138,35.3
Lavale AWS,18.5422,73.7389,17-05-2024 11:35,2024-05-17 11:35:00,2024,5,17,11,138,35.4
Lavale AWS,18.5422,73.7389,17-05-2024 11:40,2024-05-17 11:40:00,2024,5,17,11,138,35.3
Lavale AWS,18.5422,73.7389,17-05-2024 11:45,2024-05-17 11:45:00,2024,5,17,11,138,35.5
Lavale AWS,18.5422,73.7389,17-05-2024 11:50,2024-05-17 11:50:00,2024,5,17,11,138,35.4
Lavale AWS,18.5422,73.7389,17-05-2024 11:55,2024-05-17 11:55:00,2024,5,17,11,138,35.4
Lavale AWS,18.5422,73.7389,17-05-2024 12:00,2024-05-17 12:00:00,2024,5,17,12,138,35.2
Lavale AWS,18.5422,73.7389,17-05-2024 12:05,2024-05-17 12:05:00,2024,5,17,12,138,35.5
Lavale AWS,18.5422,73.7389,17-05-2024 12:10,2024-05-17 12:10:00,2024,5,17,12,138,35.6
Lavale AWS,18.5422,73.7389,17-05-2024 12:15,2024-05-17 12:15:00,2024,5,17,12,138,36.0
Lavale AWS,18.5422,73.7389,17-05-2024 12:20,2024-05-17 12:20:00,2024,5,17,12,138,36.2
Lavale AWS,18.5422,73.7389,17-05-2024 12:25,2024-05-17 12:25:00,2024,5,17,12,138,36.3
Lavale AWS,18.5422,73.7389,17-05-2024 12:30,2024-05-17 12:30:00,2024,5,17,12,138,36.3
Lavale AWS,18.5422,73.7389,17-05-2024 12:35,2024-05-17 12:35:00,2024,5,17,12,138,36.2
Lavale AWS,18.5422,73.7389,17-05-2024 12:40,2024-05-17 12:40:00,2024,5,17,12,138,36.3
Lavale AWS,18.5422,73.7389,17-05-2024 12:45,2024-05-17 12:45:00,2024,5,17,12,138,36.4
Lavale AWS,18.5422,73.7389,17-05-2024 12:50,2024-05-17 12:50:00,2024,5,17,12,138,36.2
Lavale AWS,18.5422,73.7389,17-05-2024 12:55,2024-05-17 12:55:00,2024,5,17,12,138,36.1
Lavale AWS,18.5422,73.7389,17-05-2024 13:00,2024-05-17 13:00:00,2024,5,17,13,138,36.0
Lavale AWS,18.5422,73.7389,17-05-2024 13:05,2024-05-17 13:05:00,2024,5,17,13,138,36.4
Lavale AWS,18.5422,73.7389,17-05-2024 13:10,2024-05-17 13:10:00,2024,5,17,13,138,36.8
Lavale AWS,18.5422,73.7389,17-05-2024 13:15,2024-05-17 13:15:00,2024,5,17,13,138,36.8
Lavale AWS,18.5422,73.7389,17-05-2024 13:20,2024-05-17 13:20:00,2024,5,17,13,138,36.9
Lavale AWS,18.5422,73.7389,17-05-2024 13:25,2024-05-17 13:25:00,2024,5,17,13,138,36.9
Lavale AWS,18.5422,73.7389,17-05-2024 13:30,2024-05-17 13:30:00,2024,5,17,13,138,36.8
Lavale AWS,18.5422,73.7389,17-05-2024 13:35,2024-05-17 13:35:00,2024,5,17,13,138,37.0
Lavale AWS,18.5422,73.7389,17-05-2024 13:40,2024-05-17 13:40:00,2024,5,17,13,138,37.3
Lavale AWS,18.5422,73.7389,17-05-2024 13:45,2024-05-17 13:45:00,2024,5,17,13,138,37.2
Lavale AWS,18.5422,73.7389,17-05-2024 13:50,2024-05-17 13:50:00,2024,5,17,13,138,37.2
Lavale AWS,18.5422,73.7389,17-05-2024 13:55,2024-05-17 13:55:00,2024,5,17,13,138,37.2
Lavale AWS,18.5422,73.7389,17-05-2024 14:00,2024-05-17 14:00:00,2024,5,17,14,138,37.1
Lavale AWS,18.5422,73.7389,17-05-2024 14:05,2024-05-17 14:05:00,2024,5,17,14,138,37.3
Lavale AWS,18.5422,73.7389,17-05-2024 14:10,2024-05-17 14:10:00,2024,5,17,14,138,37.1
Lavale AWS,18.5422,73.7389,17-05-2024 14:15,2024-05-17 14:15:00,2024,5,17,14,138,37.2
Lavale AWS,18.5422,73.7389,17-05-2024 14:20,2024-05-17 14:20:00,2024,5,17,14,138,37.3
Lavale AWS,18.5422,73.7389,17-05-2024 14:25,2024-05-17 14:25:00,2024,5,17,14,138,37.3
Lavale AWS,18.5422,73.7389,17-05-2024 14:30,2024-05-17 14:30:00,2024,5,17,14,138,37.4
Lavale AWS,18.5422,73.7389,17-05-2024 14:35,2024-05-17 14:35:00,2024,5,17,14,138,37.4
Lavale AWS,18.5422,73.7389,17-05-2024 14:40,2024-05-17 14:40:00,2024,5,17,14,138,37.6
Lavale AWS,18.5422,73.7389,17-05-2024 14:45,2024-05-17 14:45:00,2024,5,17,14,138,37.3
Lavale AWS,18.5422,73.7389,17-05-2024 14:50,2024-05-17 14:50:00,2024,5,17,14,138,37.3
Lavale AWS,18.5422,73.7389,17-05-2024 14:55,2024-05-17 14:55:00,2024,5,17,14,138,37.2
Lavale AWS,18.5422,73.7389,17-05-2024 15:00,2024-05-17 15:00:00,2024,5,17,15,138,36.8
Lavale AWS,18.5422,73.7389,17-05-2024 15:05,2024-05-17 15:05:00,2024,5,17,15,138,36.6
Lavale AWS,18.5422,73.7389,17-05-2024 15:10,2024-05-17 15:10:00,2024,5,17,15,138,36.5
Lavale AWS,18.5422,73.7389,17-05-2024 15:15,2024-05-17 15:15:00,2024,5,17,15,138,36.7
Lavale AWS,18.5422,73.7389,17-05-2024 15:20,2024-05-17 15:20:00,2024,5,17,15,138,36.5
Lavale AWS,18.5422,73.7389,17-05-2024 15:25,2024-05-17 15:25:00,2024,5,17,15,138,36.4
Lavale AWS,18.5422,73.7389,17-05-2024 15:30,2024-05-17 15:30:00,2024,5,17,15,138,36.5
Lavale AWS,18.5422,73.7389,17-05-2024 15:35,2024-05-17 15:35:00,2024,5,17,15,138,36.3
Lavale AWS,18.5422,73.7389,17-05-2024 15:40,2024-05-17 15:40:00,2024,5,17,15,138,36.0
Lavale AWS,18.5422,73.7389,17-05-2024 15:45,2024-05-17 15:45:00,2024,5,17,15,138,35.9
Lavale AWS,18.5422,73.7389,17-05-2024 15:50,2024-05-17 15:50:00,2024,5,17,15,138,35.7
Lavale AWS,18.5422,73.7389,17-05-2024 15:55,2024-05-17 15:55:00,2024,5,17,15,138,35.5
Lavale AWS,18.5422,73.7389,17-05-2024 16:00,2024-05-17 16:00:00,2024,5,17,16,138,35.6
Lavale AWS,18.5422,73.7389,17-05-2024 16:05,2024-05-17 16:05:00,2024,5,17,16,138,35.7
Lavale AWS,18.5422,73.7389,17-05-2024 16:10,2024-05-17 16:10:00,2024,5,17,16,138,35.8
Lavale AWS,18.5422,73.7389,17-05-2024 16:15,2024-05-17 16:15:00,2024,5,17,16,138,36.0
Lavale AWS,18.5422,73.7389,17-05-2024 16:20,2024-05-17 16:20:00,2024,5,17,16,138,36.1
Lavale AWS,18.5422,73.7389,17-05-2024 16:25,2024-05-17 16:25:00,2024,5,17,16,138,35.7
Lavale AWS,18.5422,73.7389,17-05-2024 16:30,2024-05-17 16:30:00,2024,5,17,16,138,35.8
Lavale AWS,18.5422,73.7389,17-05-2024 16:35,2024-05-17 16:35:00,2024,5,17,16,138,35.6
Lavale AWS,18.5422,73.7389,17-05-2024 16:40,2024-05-17 16:40:00,2024,5,17,16,138,35.5
Lavale AWS,18.5422,73.7389,17-05-2024 16:45,2024-05-17 16:45:00,2024,5,17,16,138,35.5
Lavale AWS,18.5422,73.7389,17-05-2024 16:50,2024-05-17 16:50:00,2024,5,17,16,138,35.2
Lavale AWS,18.5422,73.7389,17-05-2024 16:55,2024-05-17 16:55:00,2024,5,17,16,138,34.9
Lavale AWS,18.5422,73.7389,17-05-2024 17:00,2024-05-17 17:00:00,2024,5,17,17,138,35.0
Lavale AWS,18.5422,73.7389,17-05-2024 17:05,2024-05-17 17:05:00,2024,5,17,17,138,35.0
Lavale AWS,18.5422,73.7389,17-05-2024 17:10,2024-05-17 17:10:00,2024,5,17,17,138,35.0
Lavale AWS,18.5422,73.7389,17-05-2024 17:15,2024-05-17 17:15:00,2024,5,17,17,138,34.8
Lavale AWS,18.5422,73.7389,17-05-2024 17:20,2024-05-17 17:20:00,2024,5,17,17,138,34.8
Lavale AWS,18.5422,73.7389,17-05-2024 17:25,2024-05-17 17:25:00,2024,5,17,17,138,34.9
Lavale AWS,18.5422,73.7389,17-05-2024 17:30,2024-05-17 17:30:00,2024,5,17,17,138,34.8
Lavale AWS,18.5422,73.7389,17-05-2024 17:35,2024-05-17 17:35:00,2024,5,17,17,138,34.6
Lavale AWS,18.5422,73.7389,17-05-2024 17:40,2024-05-17 17:40:00,2024,5,17,17,138,34.4
Lavale AWS,18.5422,73.7389,17-05-2024 17:45,2024-05-17 17:45:00,2024,5,17,17,138,34.5
Lavale AWS,18.5422,73.7389,17-05-2024 17:50,2024-05-17 17:50:00,2024,5,17,17,138,34.6
Lavale AWS,18.5422,73.7389,17-05-2024 17:55,2024-05-17 17:55:00,2024,5,17,17,138,34.4
Lavale AWS,18.5422,73.7389,17-05-2024 18:00,2024-05-17 18:00:00,2024,5,17,18,138,34.3
Lavale AWS,18.5422,73.7389,17-05-2024 18:05,2024-05-17 18:05:00,2024,5,17,18,138,34.2
Lavale AWS,18.5422,73.7389,17-05-2024 18:10,2024-05-17 18:10:00,2024,5,17,18,138,34.1
Lavale AWS,18.5422,73.7389,17-05-2024 18:15,2024-05-17 18:15:00,2024,5,17,18,138,33.9
Lavale AWS,18.5422,73.7389,17-05-2024 18:20,2024-05-17 18:20:00,2024,5,17,18,138,33.4
Lavale AWS,18.5422,73.7389,17-05-2024 18:25,2024-05-17 18:25:00,2024,5,17,18,138,33.5
Lavale AWS,18.5422,73.7389,17-05-2024 18:30,2024-05-17 18:30:00,2024,5,17,18,138,33.7
Lavale AWS,18.5422,73.7389,17-05-2024 18:35,2024-05-17 18:35:00,2024,5,17,18,138,33.5
Lavale AWS,18.5422,73.7389,17-05-2024 18:40,2024-05-17 18:40:00,2024,5,17,18,138,33.2
Lavale AWS,18.5422,73.7389,17-05-2024 18:45,2024-05-17 18:45:00,2024,5,17,18,138,33.1
Lavale AWS,18.5422,73.7389,17-05-2024 18:50,2024-05-17 18:50:00,2024,5,17,18,138,32.9
Lavale AWS,18.5422,73.7389,17-05-2024 18:55,2024-05-17 18:55:00,2024,5,17,18,138,33.0
Lavale AWS,18.5422,73.7389,17-05-2024 19:00,2024-05-17 19:00:00,2024,5,17,19,138,32.9
Lavale AWS,18.5422,73.7389,17-05-2024 19:05,2024-05-17 19:05:00,2024,5,17,19,138,32.6
Lavale AWS,18.5422,73.7389,17-05-2024 19:10,2024-05-17 19:10:00,2024,5,17,19,138,32.3
Lavale AWS,18.5422,73.7389,17-05-2024 19:15,2024-05-17 19:15:00,2024,5,17,19,138,32.3
Lavale AWS,18.5422,73.7389,17-05-2024 19:20,2024-05-17 19:20:00,2024,5,17,19,138,32.3
Lavale AWS,18.5422,73.7389,17-05-2024 19:25,2024-05-17 19:25:00,2024,5,17,19,138,32.3
Lavale AWS,18.5422,73.7389,17-05-2024 19:30,2024-05-17 19:30:00,2024,5,17,19,138,32.1
Lavale AWS,18.5422,73.7389,17-05-2024 19:35,2024-05-17 19:35:00,2024,5,17,19,138,32.2
Lavale AWS,18.5422,73.7389,17-05-2024 19:40,2024-05-17 19:40:00,2024,5,17,19,138,31.8
Lavale AWS,18.5422,73.7389,17-05-2024 19:45,2024-05-17 19:45:00,2024,5,17,19,138,31.8
Lavale AWS,18.5422,73.7389,17-05-2024 19:50,2024-05-17 19:50:00,2024,5,17,19,138,31.4
Lavale AWS,18.5422,73.7389,17-05-2024 19:55,2024-05-17 19:55:00,2024,5,17,19,138,31.1
Lavale AWS,18.5422,73.7389,17-05-2024 20:00,2024-05-17 20:00:00,2024,5,17,20,138,31.2
Lavale AWS,18.5422,73.7389,17-05-2024 20:05,2024-05-17 20:05:00,2024,5,17,20,138,31.2
Lavale AWS,18.5422,73.7389,17-05-2024 20:10,2024-05-17 20:10:00,2024,5,17,20,138,31.0
Lavale AWS,18.5422,73.7389,17-05-2024 20:15,2024-05-17 20:15:00,2024,5,17,20,138,30.8
Lavale AWS,18.5422,73.7389,17-05-2024 20:20,2024-05-17 20:20:00,2024,5,17,20,138,30.7
Lavale AWS,18.5422,73.7389,17-05-2024 20:25,2024-05-17 20:25:00,2024,5,17,20,138,30.6
Lavale AWS,18.5422,73.7389,17-05-2024 20:30,2024-05-17 20:30:00,2024,5,17,20,138,30.7
Lavale AWS,18.5422,73.7389,17-05-2024 20:35,2024-05-17 20:35:00,2024,5,17,20,138,30.5
Lavale AWS,18.5422,73.7389,17-05-2024 20:40,2024-05-17 20:40:00,2024,5,17,20,138,30.1
Lavale AWS,18.5422,73.7389,17-05-2024 20:45,2024-05-17 20:45:00,2024,5,17,20,138,30.0
Lavale AWS,18.5422,73.7389,17-05-2024 20:50,2024-05-17 20:50:00,2024,5,17,20,138,29.8
Lavale AWS,18.5422,73.7389,17-05-2024 20:55,2024-05-17 20:55:00,2024,5,17,20,138,29.4
Lavale AWS,18.5422,73.7389,17-05-2024 21:00,2024-05-17 21:00:00,2024,5,17,21,138,29.4
Lavale AWS,18.5422,73.7389,17-05-2024 21:05,2024-05-17 21:05:00,2024,5,17,21,138,29.2
Lavale AWS,18.5422,73.7389,17-05-2024 21:10,2024-05-17 21:10:00,2024,5,17,21,138,29.1
Lavale AWS,18.5422,73.7389,17-05-2024 21:15,2024-05-17 21:15:00,2024,5,17,21,138,28.9
Lavale AWS,18.5422,73.7389,17-05-2024 21:20,2024-05-17 21:20:00,2024,5,17,21,138,28.8
Lavale AWS,18.5422,73.7389,17-05-2024 21:25,2024-05-17 21:25:00,2024,5,17,21,138,28.5
Lavale AWS,18.5422,73.7389,17-05-2024 21:30,2024-05-17 21:30:00,2024,5,17,21,138,28.3
Lavale AWS,18.5422,73.7389,17-05-2024 21:35,2024-05-17 21:35:00,2024,5,17,21,138,28.1
Lavale AWS,18.5422,73.7389,17-05-2024 21:40,2024-05-17 21:40:00,2024,5,17,21,138,28.3
Lavale AWS,18.5422,73.7389,17-05-2024 21:45,2024-05-17 21:45:00,2024,5,17,21,138,28.3
Lavale AWS,18.5422,73.7389,17-05-2024 21:50,2024-05-17 21:50:00,2024,5,17,21,138,28.3
Lavale AWS,18.5422,73.7389,17-05-2024 21:55,2024-05-17 21:55:00,2024,5,17,21,138,28.4
Lavale AWS,18.5422,73.7389,17-05-2024 22:00,2024-05-17 22:00:00,2024,5,17,22,138,28.8
Lavale AWS,18.5422,73.7389,17-05-2024 22:05,2024-05-17 22:05:00,2024,5,17,22,138,28.6
Lavale AWS,18.5422,73.7389,17-05-2024 22:10,2024-05-17 22:10:00,2024,5,17,22,138,28.7
Lavale AWS,18.5422,73.7389,17-05-2024 22:15,2024-05-17 22:15:00,2024,5,17,22,138,28.7
Lavale AWS,18.5422,73.7389,17-05-2024 22:20,2024-05-17 22:20:00,2024,5,17,22,138,28.7
Lavale AWS,18.5422,73.7389,17-05-2024 22:25,2024-05-17 22:25:00,2024,5,17,22,138,28.7
Lavale AWS,18.5422,73.7389,17-05-2024 22:30,2024-05-17 22:30:00,2024,5,17,22,138,28.5
Lavale AWS,18.5422,73.7389,17-05-2024 22:35,2024-05-17 22:35:00,2024,5,17,22,138,28.2
Lavale AWS,18.5422,73.7389,17-05-2024 22:40,2024-05-17 22:40:00,2024,5,17,22,138,28.1
Lavale AWS,18.5422,73.7389,17-05-2024 22:45,2024-05-17 22:45:00,2024,5,17,22,138,27.9
Lavale AWS,18.5422,73.7389,17-05-2024 22:50,2024-05-17 22:50:00,2024,5,17,22,138,27.8
Lavale AWS,18.5422,73.7389,17-05-2024 22:55,2024-05-17 22:55:00,2024,5,17,22,138,27.9
Lavale AWS,18.5422,73.7389,17-05-2024 23:00,2024-05-17 23:00:00,2024,5,17,23,138,27.6
Lavale AWS,18.5422,73.7389,17-05-2024 23:05,2024-05-17 23:05:00,2024,5,17,23,138,27.4
Lavale AWS,18.5422,73.7389,17-05-2024 23:10,2024-05-17 23:10:00,2024,5,17,23,138,27.3
Lavale AWS,18.5422,73.7389,17-05-2024 23:15,2024-05-17 23:15:00,2024,5,17,23,138,27.1
Lavale AWS,18.5422,73.7389,17-05-2024 23:20,2024-05-17 23:20:00,2024,5,17,23,138,26.7
Lavale AWS,18.5422,73.7389,17-05-2024 23:25,2024-05-17 23:25:00,2024,5,17,23,138,26.5
Lavale AWS,18.5422,73.7389,17-05-2024 23:30,2024-05-17 23:30:00,2024,5,17,23,138,26.4
Lavale AWS,18.5422,73.7389,17-05-2024 23:35,2024-05-17 23:35:00,2024,5,17,23,138,26.5
Lavale AWS,18.5422,73.7389,17-05-2024 23:40,2024-05-17 23:40:00,2024,5,17,23,138,26.2
Lavale AWS,18.5422,73.7389,17-05-2024 23:45,2024-05-17 23:45:00,2024,5,17,23,138,26.0
Lavale AWS,18.5422,73.7389,17-05-2024 23:50,2024-05-17 23:50:00,2024,5,17,23,138,25.9
Lavale AWS,18.5422,73.7389,17-05-2024 23:55,2024-05-17 23:55:00,2024,5,17,23,138,25.4
